dataset_id,framework_id,schema_id,n_tests,n_valid_tests,n_invalid_tests,n_valid_completed,n_invalid_completed,n_completed,n_timeout,timeout_status,timeout_stage,timeout_elapsed_s,compile_grammar_s,validation_loop_mean_s,compute_mask_mean_s,commit_token_mean_s,schema_file_bytes,schema_json_chars,mean_instance_json_chars,mean_num_tokens,max_num_tokens,n_correct_accept,n_correct_reject,n_under_constraint,n_over_constraint,under_rate,over_rate,timeout_rate,coverage_rate,accuracy_completed,permissive_score,has_additionalProperties,has_allOf,has_anchor,has_anyOf,has_boolean_schema,has_const,has_contains,has_content,has_default,has_defs,has_dependentRequired,has_dependentSchemas,has_dynamicRef,has_enum,has_exclusiveMaximum,has_exclusiveMinimum,has_if_then_else,has_infinite_loop_detection,has_items,has_maxContains,has_maxItems,has_maxLength,has_maxProperties,has_maximum,has_minContains,has_minItems,has_minLength,has_minProperties,has_minimum,has_multipleOf,has_not,has_oneOf,has_pattern,has_patternProperties,has_prefixItems,has_properties,has_propertyNames,has_ref,has_required,has_type,has_unevaluatedItems,has_unevaluatedProperties,has_uniqueItems,nb_keywords,nb_properties,nb_required,schema_depth,nb_branches_combinators,nb_enum_values,nb_regex,large_enum,many_required,many_properties,deep_schema
Kubernetes,guidance,Kubernetes---kb_0_Normalized.json,3,2,1,2,1,3,0,completed,,,0.010277,0.00565633,0.00503433,0.000395333,24836,12907,1167.67,310,313,0,1,0,2,0,1,0,1,0.333333,-1,true,false,false,false,false,false,false,false,false,true,false,false,false,false,false,false,false,false,true,false,false,false,false,false,false,false,false,false,false,false,false,false,false,false,false,true,false,true,true,true,false,false,false,127,27,10,5,0,0,0,false,true,true,false
Kubernetes,guidance,Kubernetes---kb_1000_Normalized.json,4,2,2,2,2,4,0,completed,,,0.000978,0.00205875,0.0018745,0.00010175,3929,1130,151.75,51.75,57,2,2,0,0,0,0,0,1,1,0,false,false,false,false,false,false,false,false,false,true,false,false,false,false,false,false,false,false,false,false,false,false,false,false,false,false,false,false,false,false,false,false,false,false,false,true,false,true,true,true,false,false,false,18,5,2,4,0,0,0,false,false,false,false
Kubernetes,guidance,Kubernetes---kb_1001_Normalized.json,7,2,5,2,5,7,0,completed,,,0.002954,0.00567157,0.00520186,0.000317429,6220,1130,155.714,49.7143,53,2,5,0,0,0,0,0,1,1,0,false,false,false,false,false,false,false,false,false,true,false,false,false,false,false,false,false,false,false,false,false,false,false,false,false,false,false,false,false,false,false,false,false,false,false,true,false,true,true,true,false,false,false,18,5,2,4,0,0,0,false,false,false,false
Kubernetes,guidance,Kubernetes---kb_1002_Normalized.json,6,2,4,2,4,6,0,completed,,,0.001405,0.00461867,0.00423317,0.000258,5482,1130,146.833,49.1667,58,2,4,0,0,0,0,0,1,1,0,false,false,false,false,false,false,false,false,false,true,false,false,false,false,false,false,false,false,false,false,false,false,false,false,false,false,false,false,false,false,false,false,false,false,false,true,false,true,true,true,false,false,false,18,5,2,4,0,0,0,false,false,false,false
Kubernetes,guidance,Kubernetes---kb_1003_Normalized.json,4,2,2,2,2,4,0,completed,,,0.001055,0.00174,0.00159075,8.25e-05,3924,1130,144.25,49.5,52,2,2,0,0,0,0,0,1,1,0,false,false,false,false,false,false,false,false,false,true,false,false,false,false,false,false,false,false,false,false,false,false,false,false,false,false,false,false,false,false,false,false,false,false,false,true,false,true,true,true,false,false,false,18,5,2,4,0,0,0,false,false,false,false
Kubernetes,guidance,Kubernetes---kb_1008_Normalized.json,2,2,0,2,0,2,0,completed,,,0.020542,0.0034995,0.0030485,0.000235,191635,153666,541,153.5,158,0,0,0,2,0,1,0,1,0,-1,true,false,false,false,false,false,false,false,false,true,false,false,false,true,false,false,false,false,true,false,false,false,false,false,false,false,false,false,false,false,false,true,false,false,false,true,false,true,true,true,false,false,false,1483,453,80,6,4,1,0,false,true,true,false
Kubernetes,guidance,Kubernetes---kb_100_Normalized.json,5,2,3,2,3,5,0,completed,,,0.001117,0.000799,0.0007178,4.92e-05,3831,669,106.8,28.4,31,2,3,0,0,0,0,0,1,1,0,false,false,false,false,false,false,false,false,false,false,false,false,false,false,false,false,false,false,false,false,false,false,false,false,false,false,false,false,false,false,false,false,false,false,false,true,false,false,true,true,false,false,false,12,4,2,4,0,0,0,false,false,false,false
Kubernetes,guidance,Kubernetes---kb_1011_Normalized.json,2,2,0,2,0,2,0,completed,,,0.04132,0.0051185,0.0044485,0.0003705,191614,153666,530.5,154,159,0,0,0,2,0,1,0,1,0,-1,true,false,false,false,false,false,false,false,false,true,false,false,false,true,false,false,false,false,true,false,false,false,false,false,false,false,false,false,false,false,false,true,false,false,false,true,false,true,true,true,false,false,false,1483,453,80,6,4,1,0,false,true,true,false
Kubernetes,guidance,Kubernetes---kb_1012_Normalized.json,9,2,7,2,7,9,0,completed,,,0.001455,0.00324678,0.00288878,0.000201556,16169,3365,422.889,137.556,182,2,7,0,0,0,0,0,1,1,0,false,false,false,false,false,false,false,false,false,true,false,false,false,false,false,false,false,false,true,false,false,false,false,false,false,false,false,false,false,false,false,false,false,false,false,true,false,true,true,true,false,false,false,50,14,3,4,0,0,0,false,false,true,false
Kubernetes,guidance,Kubernetes---kb_1015_Normalized.json,8,2,6,2,6,8,0,completed,,,0.001342,0.00492787,0.00443412,0.0002685,17406,3365,534.375,178.25,219,2,6,0,0,0,0,0,1,1,0,false,false,false,false,false,false,false,false,false,true,false,false,false,false,false,false,false,false,true,false,false,false,false,false,false,false,false,false,false,false,false,false,false,false,false,true,false,true,true,true,false,false,false,50,14,3,4,0,0,0,false,false,true,false
Kubernetes,guidance,Kubernetes---kb_1016_Normalized.json,5,2,3,2,3,5,0,completed,,,0.001359,0.0009374,0.0007532,8.42e-05,4100,1102,56,17.2,18,0,3,0,2,0,1,0,1,0.6,-1,false,false,false,false,false,false,false,false,false,true,false,false,false,false,false,false,false,false,false,false,false,false,false,false,false,false,false,false,false,false,false,false,false,false,false,true,false,true,false,true,false,false,false,14,3,0,4,0,0,0,false,false,false,false
Kubernetes,guidance,Kubernetes---kb_1019_Normalized.json,4,2,2,2,2,4,0,completed,,,0.001326,0.00165475,0.00131,0.00016425,3478,1102,58.25,17.5,18,0,2,0,2,0,1,0,1,0.5,-1,false,false,false,false,false,false,false,false,false,true,false,false,false,false,false,false,false,false,false,false,false,false,false,false,false,false,false,false,false,false,false,false,false,false,false,true,false,true,false,true,false,false,false,14,3,0,4,0,0,0,false,false,false,false
Kubernetes,guidance,Kubernetes---kb_101_Normalized.json,8,2,6,2,6,8,0,completed,,,0.002397,0.00268625,0.00243275,0.000168375,26369,15430,288.125,78.5,95,2,6,0,0,0,0,0,1,1,0,true,false,false,false,false,false,false,false,false,true,false,false,false,true,false,false,false,false,true,false,false,false,false,false,false,false,false,false,false,false,false,false,false,false,false,true,false,true,true,true,false,false,false,120,36,6,5,0,2,0,false,true,true,false
Kubernetes,guidance,Kubernetes---kb_1020_Normalized.json,10,2,8,2,8,10,0,completed,,,0.002795,0.0034086,0.0030311,0.00026,23393,7682,546.4,158.6,164,1,8,0,1,0,0.5,0,1,0.9,-0.5,false,false,false,false,false,false,false,false,false,true,false,false,false,true,false,false,false,false,true,false,false,false,false,false,false,false,false,false,false,false,false,false,false,false,false,true,false,true,false,true,false,false,false,66,21,0,5,0,2,0,false,false,true,false
Kubernetes,guidance,Kubernetes---kb_1021_Normalized.json,8,2,6,2,6,8,0,completed,,,0.002082,0.00411888,0.00370213,0.000264,20851,7668,482.125,144.375,215,1,6,0,1,0,0.5,0,1,0.875,-0.5,false,false,false,false,false,false,false,false,false,true,false,false,false,true,false,false,false,false,true,false,false,false,false,false,false,false,false,false,false,false,false,false,false,false,false,true,false,true,false,true,false,false,false,65,21,0,5,0,1,0,false,false,true,false
Kubernetes,guidance,Kubernetes---kb_1022_Normalized.json,5,2,3,2,3,5,0,completed,,,0.001406,0.0018134,0.0016488,0.0001142,5645,974,101.4,26.4,32,2,3,0,0,0,0,0,1,1,0,false,false,false,false,false,false,false,false,false,false,false,false,false,false,false,false,false,false,false,false,false,false,false,false,false,false,false,false,false,false,false,false,false,false,false,true,false,false,false,true,false,false,false,9,3,0,4,0,0,0,false,false,false,false
Kubernetes,guidance,Kubernetes---kb_1023_Normalized.json,5,2,3,2,3,5,0,completed,,,0.001382,0.0017966,0.0016354,0.000109,5728,974,117,30.6,35,2,3,0,0,0,0,0,1,1,0,false,false,false,false,false,false,false,false,false,false,false,false,false,false,false,false,false,false,false,false,false,false,false,false,false,false,false,false,false,false,false,false,false,false,false,true,false,false,false,true,false,false,false,9,3,0,4,0,0,0,false,false,false,false
Kubernetes,guidance,Kubernetes---kb_1024_Normalized.json,7,2,5,2,5,7,0,completed,,,0.002084,0.003809,0.003464,0.000199714,10572,2916,275.571,91.7143,105,0,5,0,2,0,1,0,1,0.714286,-1,false,false,false,false,false,false,false,false,false,true,false,false,false,false,false,false,false,false,true,false,false,false,false,false,false,false,false,false,false,false,false,false,false,false,false,true,false,true,false,true,false,false,false,28,9,0,4,0,0,0,false,false,false,false
Kubernetes,guidance,Kubernetes---kb_1025_Normalized.json,7,2,5,2,5,7,0,completed,,,0.002339,0.00327229,0.002971,0.000166571,10777,2916,299.571,95.4286,133,0,5,0,2,0,1,0,1,0.714286,-1,false,false,false,false,false,false,false,false,false,true,false,false,false,false,false,false,false,false,true,false,false,false,false,false,false,false,false,false,false,false,false,false,false,false,false,true,false,true,false,true,false,false,false,28,9,0,4,0,0,0,false,false,false,false
Kubernetes,guidance,Kubernetes---kb_1026_Normalized.json,9,2,7,2,7,9,0,completed,,,0.004922,0.00408033,0.00348644,0.000328444,31690,17538,441.222,127.778,169,0,7,0,2,0,1,0,1,0.777778,-1,true,false,false,false,false,false,false,false,false,true,false,false,false,true,false,false,false,false,true,false,false,false,false,false,false,false,false,false,false,false,false,false,false,false,false,true,false,true,true,true,false,false,false,140,41,7,5,0,2,0,false,true,true,false
Kubernetes,guidance,Kubernetes---kb_1027_Normalized.json,8,2,6,2,6,8,0,completed,,,0.004258,0.00537075,0.0048,0.000302,34743,17548,735.25,205.875,654,0,6,0,2,0,1,0,1,0.75,-1,true,false,false,false,false,false,false,false,false,true,false,false,false,true,false,false,false,false,true,false,false,false,false,false,false,false,false,false,false,false,false,false,false,false,false,true,false,true,true,true,false,false,false,140,41,7,5,0,2,0,false,true,true,false
Kubernetes,guidance,Kubernetes---kb_1028_Normalized.json,9,2,7,2,7,9,0,completed,,,0.004322,0.00374467,0.00327489,0.000245889,31709,17514,422.667,126.111,150,0,7,0,2,0,1,0,1,0.777778,-1,true,false,false,false,false,false,false,false,false,true,false,false,false,true,false,false,false,false,true,false,false,false,false,false,false,false,false,false,false,false,false,false,false,false,false,true,false,true,true,true,false,false,false,139,41,7,5,0,1,0,false,true,true,false
Kubernetes,guidance,Kubernetes---kb_1029_Normalized.json,7,2,5,2,5,7,0,completed,,,0.005679,0.00398129,0.00342,0.000313286,37592,21373,610.286,183,288,0,5,0,2,0,1,0,1,0.714286,-1,true,false,false,false,false,false,false,false,false,true,false,false,false,true,false,false,false,false,true,false,false,false,false,false,false,false,false,false,false,false,false,false,false,false,false,true,false,true,true,true,false,false,false,171,49,8,6,0,3,0,false,true,true,false
Kubernetes,guidance,Kubernetes---kb_102_Normalized.json,5,2,3,2,3,5,0,completed,,,0.003561,0.0045294,0.0041,0.0003114,22729,15416,249.2,68,78,2,3,0,0,0,0,0,1,1,0,true,false,false,false,false,false,false,false,false,true,false,false,false,true,false,false,false,false,true,false,false,false,false,false,false,false,false,false,false,false,false,false,false,false,false,true,false,true,true,true,false,false,false,119,36,6,5,0,1,0,false,true,true,false
Kubernetes,guidance,Kubernetes---kb_1030_Normalized.json,7,2,5,2,5,7,0,completed,,,0.004666,0.00531929,0.00469,0.000356429,37744,21398,599,182.857,236,0,5,0,2,0,1,0,1,0.714286,-1,true,false,false,false,false,false,false,false,false,true,false,false,false,true,false,false,false,false,true,false,false,false,false,false,false,false,false,false,false,false,false,false,false,false,false,true,false,true,true,true,false,false,false,171,49,8,6,0,3,0,false,true,true,false
Kubernetes,guidance,Kubernetes---kb_1031_Normalized.json,5,1,4,1,4,5,0,completed,,,0.00427,0.0045004,0.0040556,0.000247,32087,21364,360,111.4,112,0,4,0,1,0,1,0,1,0.8,-1,true,false,false,false,false,false,false,false,false,true,false,false,false,true,false,false,false,false,true,false,false,false,false,false,false,false,false,false,false,false,false,false,false,false,false,true,false,true,true,true,false,false,false,170,49,8,6,0,2,0,false,true,true,false
Kubernetes,guidance,Kubernetes---kb_1032_Normalized.json,4,1,3,1,3,4,0,completed,,,0.002226,0.002845,0.00251975,0.00024575,7842,3253,255.75,75.75,76,1,3,0,0,0,0,0,1,1,0,false,false,false,false,false,false,false,false,false,true,false,false,false,false,false,false,false,false,false,false,false,false,false,false,false,false,false,false,false,false,false,false,false,false,false,true,false,true,false,true,false,false,false,31,12,0,4,0,0,0,false,false,true,false
Kubernetes,guidance,Kubernetes---kb_1033_Normalized.json,5,2,3,2,3,5,0,completed,,,0.001816,0.0033162,0.0029854,0.0002382,10262,3253,475.2,137.6,380,2,3,0,0,0,0,0,1,1,0,false,false,false,false,false,false,false,false,false,true,false,false,false,false,false,false,false,false,false,false,false,false,false,false,false,false,false,false,false,false,false,false,false,false,false,true,false,true,false,true,false,false,false,31,12,0,4,0,0,0,false,false,true,false
Kubernetes,guidance,Kubernetes---kb_1034_Normalized.json,4,1,3,1,3,4,0,completed,,,0.002142,0.00222975,0.001956,0.00021,5427,1857,135,39.5,41,1,3,0,0,0,0,0,1,1,0,false,false,false,false,false,false,false,false,false,true,false,false,false,false,false,false,false,false,false,false,false,false,false,false,false,false,false,false,false,false,false,false,false,false,false,true,false,true,false,true,false,false,false,19,6,0,4,0,0,0,false,false,false,false
Kubernetes,guidance,Kubernetes---kb_1035_Normalized.json,5,2,3,2,3,5,0,completed,,,0.001281,0.0018368,0.0016566,0.0001242,5811,1857,141.6,40.8,42,2,3,0,0,0,0,0,1,1,0,false,false,false,false,false,false,false,false,false,true,false,false,false,false,false,false,false,false,false,false,false,false,false,false,false,false,false,false,false,false,false,false,false,false,false,true,false,true,false,true,false,false,false,19,6,0,4,0,0,0,false,false,false,false
Kubernetes,guidance,Kubernetes---kb_1036_Normalized.json,5,2,3,2,3,5,0,completed,,,0.001552,0.0009512,0.0008554,6.18e-05,5349,2259,40.2,15,15,2,3,0,0,0,0,0,1,1,0,false,false,false,false,false,false,false,false,false,true,false,false,false,false,false,false,false,false,false,false,false,false,false,false,false,false,false,false,false,false,false,false,false,false,false,true,false,true,true,true,false,false,false,36,8,5,4,0,0,0,false,true,false,false
Kubernetes,guidance,Kubernetes---kb_1037_Normalized.json,4,1,3,1,3,4,0,completed,,,0.001361,0.001287,0.0011435,8.975e-05,4653,1073,84.5,28.25,32,1,3,0,0,0,0,0,1,1,0,false,false,false,false,false,false,false,false,false,false,false,false,false,false,false,false,false,false,false,false,false,false,false,false,false,false,false,false,false,false,false,false,false,false,false,true,false,false,true,true,false,false,false,12,4,2,4,0,0,0,false,false,false,false
Kubernetes,guidance,Kubernetes---kb_1038_Normalized.json,3,1,2,1,2,3,0,completed,,,0.001857,0.00171233,0.001529,0.000122,3748,1100,99.3333,35.6667,45,1,2,0,0,0,0,0,1,1,0,false,false,false,false,false,false,false,false,false,false,false,false,false,false,false,false,false,false,false,false,false,false,false,false,false,false,false,false,false,false,false,false,false,false,false,true,false,false,true,true,false,false,false,12,4,2,4,0,0,0,false,false,false,false
Kubernetes,guidance,Kubernetes---kb_1039_Normalized.json,3,1,2,1,2,3,0,completed,,,0.001394,0.002131,0.001927,0.000134333,3298,1073,85.6667,29.3333,32,1,2,0,0,0,0,0,1,1,0,false,false,false,false,false,false,false,false,false,false,false,false,false,false,false,false,false,false,false,false,false,false,false,false,false,false,false,false,false,false,false,false,false,false,false,true,false,false,true,true,false,false,false,12,4,2,4,0,0,0,false,false,false,false
Kubernetes,guidance,Kubernetes---kb_103_Normalized.json,4,1,3,1,3,4,0,completed,,,0.003627,0.006272,0.00560625,0.00046025,29166,19362,397,114.25,116,1,3,0,0,0,0,0,1,1,0,true,false,false,false,false,false,false,false,false,true,false,false,false,true,false,false,false,false,true,false,false,false,false,false,false,false,false,false,false,false,false,false,false,false,false,true,false,true,true,true,false,false,false,151,44,7,6,0,3,0,false,true,true,false
Kubernetes,guidance,Kubernetes---kb_1040_Normalized.json,4,1,3,1,3,4,0,completed,,,0.001556,0.002211,0.0019605,0.00016425,4113,1073,88,30.25,33,1,3,0,0,0,0,0,1,1,0,false,false,false,false,false,false,false,false,false,false,false,false,false,false,false,false,false,false,false,false,false,false,false,false,false,false,false,false,false,false,false,false,false,false,false,true,false,false,true,true,false,false,false,12,4,2,4,0,0,0,false,false,false,false
Kubernetes,guidance,Kubernetes---kb_1041_Normalized.json,8,2,6,2,6,8,0,completed,,,0.006666,0.003593,0.00309238,0.000265125,33807,19182,532.625,156.5,204,0,6,0,2,0,1,0,1,0.75,-1,true,false,false,false,false,false,false,false,false,true,false,false,false,true,false,false,false,false,true,false,false,false,false,false,false,false,false,false,false,false,false,false,false,false,false,true,false,true,true,true,false,false,false,163,52,6,6,0,2,0,false,true,true,false
Kubernetes,guidance,Kubernetes---kb_1042_Normalized.json,4,1,3,1,3,4,0,completed,,,0.006844,0.00427175,0.00371475,0.00030125,29235,19230,625.25,178.5,187,0,3,0,1,0,1,0,1,0.75,-1,true,false,false,false,false,false,false,false,false,true,false,false,false,true,false,false,false,false,true,false,false,false,false,false,false,false,false,false,false,false,false,false,false,false,false,true,false,true,true,true,false,false,false,163,52,6,6,0,2,0,false,true,true,false
Kubernetes,guidance,Kubernetes---kb_1043_Normalized.json,4,2,2,2,2,4,0,completed,,,0.005241,0.00387275,0.00340475,0.000254,27580,19190,431.75,120.5,125,0,2,0,2,0,1,0,1,0.5,-1,true,false,false,false,false,false,false,false,false,true,false,false,false,true,false,false,false,false,true,false,false,false,false,false,false,false,false,false,false,false,false,false,false,false,false,true,false,true,true,true,false,false,false,162,52,6,6,0,1,0,false,true,true,false
Kubernetes,guidance,Kubernetes---kb_1044_Normalized.json,10,2,8,2,8,10,0,completed,,,0.001703,0.0033005,0.0030041,0.0001855,14831,3272,347.6,112.2,134,1,8,0,1,0,0.5,0,1,0.9,-0.5,true,false,false,false,false,false,false,false,false,true,false,false,false,false,false,false,false,false,true,false,false,false,false,false,false,false,false,false,false,false,false,false,false,false,false,true,false,true,false,true,false,false,false,46,15,0,6,0,0,0,false,false,true,false
Kubernetes,guidance,Kubernetes---kb_1045_Normalized.json,11,2,9,2,9,11,0,completed,,,0.001414,0.00216627,0.00191673,0.000147273,16687,3290,391.636,127,147,0,9,0,2,0,1,0,1,0.818182,-1,true,false,false,false,false,false,false,false,false,true,false,false,false,false,false,false,false,false,true,false,false,false,false,false,false,false,false,false,false,false,false,false,false,false,false,true,false,true,false,true,false,false,false,46,15,0,6,0,0,0,false,false,true,false
Kubernetes,guidance,Kubernetes---kb_1046_Normalized.json,9,2,7,2,7,9,0,completed,,,0.002269,0.00376522,0.00337533,0.000215556,14725,3290,390.222,127.444,141,0,7,0,2,0,1,0,1,0.777778,-1,true,false,false,false,false,false,false,false,false,true,false,false,false,false,false,false,false,false,true,false,false,false,false,false,false,false,false,false,false,false,false,false,false,false,false,true,false,true,false,true,false,false,false,46,15,0,6,0,0,0,false,false,true,false
Kubernetes,guidance,Kubernetes---kb_1047_Normalized.json,4,1,3,1,3,4,0,completed,,,0.001299,0.00127675,0.00112325,0.0001105,4073,1013,132.25,33.75,34,1,3,0,0,0,0,0,1,1,0,false,false,false,false,false,false,false,false,false,false,false,false,false,false,false,false,false,false,false,false,false,false,false,false,false,false,false,false,false,false,false,false,false,false,false,true,false,false,true,true,false,false,false,12,4,1,4,0,0,0,false,false,false,false
Kubernetes,guidance,Kubernetes---kb_1048_Normalized.json,3,2,1,2,1,3,0,completed,,,0.001873,0.00206133,0.001847,0.000150667,2940,1013,131,33.3333,34,2,1,0,0,0,0,0,1,1,0,false,false,false,false,false,false,false,false,false,false,false,false,false,false,false,false,false,false,false,false,false,false,false,false,false,false,false,false,false,false,false,false,false,false,false,true,false,false,true,true,false,false,false,12,4,1,4,0,0,0,false,false,false,false
Kubernetes,guidance,Kubernetes---kb_1049_Normalized.json,5,2,3,2,3,5,0,completed,,,0.001416,0.0014598,0.0012724,0.000112,4314,1013,126.2,33.6,34,1,3,0,1,0,0.5,0,1,0.8,-0.5,false,false,false,false,false,false,false,false,false,false,false,false,false,false,false,false,false,false,false,false,false,false,false,false,false,false,false,false,false,false,false,false,false,false,false,true,false,false,true,true,false,false,false,12,4,1,4,0,0,0,false,false,false,false
Kubernetes,guidance,Kubernetes---kb_104_Normalized.json,5,1,4,1,4,5,0,completed,,,0.003642,0.006171,0.005581,0.0003792,34913,19348,900,265.6,276,0,4,0,1,0,1,0,1,0.8,-1,true,false,false,false,false,false,false,false,false,true,false,false,false,true,false,false,false,false,true,false,false,false,false,false,false,false,false,false,false,false,false,false,false,false,false,true,false,true,true,true,false,false,false,150,44,7,6,0,2,0,false,true,true,false
Kubernetes,guidance,Kubernetes---kb_1050_Normalized.json,7,2,5,2,5,7,0,completed,,,0.002712,0.00476914,0.00424486,0.000322143,16913,3739,406.571,118.429,161,1,5,0,1,0,0.5,0,1,0.857143,-0.5,false,false,false,false,false,false,false,false,false,true,false,false,false,false,false,false,false,false,true,false,false,false,false,false,false,false,false,false,false,false,false,false,false,false,false,true,false,true,true,true,false,false,false,49,10,5,5,0,0,0,false,true,true,false
Kubernetes,guidance,Kubernetes---kb_1051_Normalized.json,6,2,4,2,4,6,0,completed,,,0.002111,0.0046015,0.00406483,0.000310333,14078,3759,357.333,108.667,115,1,4,0,1,0,0.5,0,1,0.833333,-0.5,false,false,false,false,false,false,false,false,false,true,false,false,false,false,false,false,false,false,true,false,false,false,false,false,false,false,false,false,false,false,false,false,false,false,false,true,false,true,true,true,false,false,false,49,10,5,5,0,0,0,false,true,true,false
Kubernetes,guidance,Kubernetes---kb_1052_Normalized.json,4,2,2,2,2,4,0,completed,,,0.001918,0.00409025,0.00357875,0.0003045,10760,3759,353.25,107.25,121,1,2,0,1,0,0.5,0,1,0.75,-0.5,false,false,false,false,false,false,false,false,false,true,false,false,false,false,false,false,false,false,true,false,false,false,false,false,false,false,false,false,false,false,false,false,false,false,false,true,false,true,true,true,false,false,false,49,10,5,5,0,0,0,false,true,true,false
Kubernetes,guidance,Kubernetes---kb_1054_Normalized.json,5,2,3,2,3,5,0,completed,,,0.001617,0.0017272,0.0015216,0.000144,5282,1096,57.4,22.8,35,2,3,0,0,0,0,0,1,1,0,false,false,false,false,false,false,false,false,false,true,false,false,false,false,false,false,false,false,true,false,false,false,false,false,false,false,false,false,false,false,false,false,false,false,false,true,false,true,true,true,false,false,false,20,4,2,4,0,0,0,false,false,false,false
Kubernetes,guidance,Kubernetes---kb_1055_Normalized.json,3,2,1,2,1,3,0,completed,,,0.001523,0.00245667,0.002153,0.000215,3474,1096,68,28,35,2,1,0,0,0,0,0,1,1,0,false,false,false,false,false,false,false,false,false,true,false,false,false,false,false,false,false,false,true,false,false,false,false,false,false,false,false,false,false,false,false,false,false,false,false,true,false,true,true,true,false,false,false,20,4,2,4,0,0,0,false,false,false,false
Kubernetes,guidance,Kubernetes---kb_1056_Normalized.json,5,1,4,1,4,5,0,completed,,,0.001147,0.0009472,0.000842,6.62e-05,2903,274,36,13.4,17,1,4,0,0,0,0,0,1,1,0,false,false,false,false,false,false,false,false,false,false,false,false,false,false,false,false,false,false,false,false,false,false,false,false,false,false,false,false,false,false,false,false,false,false,false,true,false,false,true,true,false,false,false,8,2,2,4,0,0,0,false,false,false,false
Kubernetes,guidance,Kubernetes---kb_1057_Normalized.json,7,2,5,2,5,7,0,completed,,,0.001136,0.000882857,0.000790429,5.77143e-05,3541,274,36.5714,14.7143,18,2,5,0,0,0,0,0,1,1,0,false,false,false,false,false,false,false,false,false,false,false,false,false,false,false,false,false,false,false,false,false,false,false,false,false,false,false,false,false,false,false,false,false,false,false,true,false,false,true,true,false,false,false,8,2,2,4,0,0,0,false,false,false,false
Kubernetes,guidance,Kubernetes---kb_1058_Normalized.json,4,2,2,2,2,4,0,completed,,,0.001295,0.00208325,0.00191,0.00011075,3900,1156,110.25,41.5,44,2,2,0,0,0,0,0,1,1,0,false,false,false,false,false,false,false,false,false,true,false,false,false,false,false,false,false,false,false,false,false,false,false,false,false,false,false,false,false,false,false,false,false,false,false,true,false,true,true,true,false,false,false,16,4,2,4,0,0,0,false,false,false,false
Kubernetes,guidance,Kubernetes---kb_1059_Normalized.json,4,2,2,2,2,4,0,completed,,,0.001977,0.0016245,0.00148475,8.2e-05,3904,1156,110.5,41.5,44,2,2,0,0,0,0,0,1,1,0,false,false,false,false,false,false,false,false,false,true,false,false,false,false,false,false,false,false,false,false,false,false,false,false,false,false,false,false,false,false,false,false,false,false,false,true,false,true,true,true,false,false,false,16,4,2,4,0,0,0,false,false,false,false
Kubernetes,guidance,Kubernetes---kb_105_Normalized.json,5,2,3,2,3,5,0,completed,,,0.000632,,,,27022,15582,,,,0,3,0,2,0,1,0,1,0.6,-1,true,false,false,false,false,false,false,false,false,true,false,false,false,true,false,false,false,false,true,false,false,false,false,false,false,false,false,false,false,false,false,false,false,false,false,true,false,true,true,true,false,false,false,113,34,4,5,0,2,0,false,false,true,false
Kubernetes,guidance,Kubernetes---kb_1060_Normalized.json,4,2,2,2,2,4,0,completed,,,0.001182,0.0008445,0.00075375,5.625e-05,2830,688,37,14,16,2,2,0,0,0,0,0,1,1,0,false,false,false,false,false,false,false,false,false,true,false,false,false,false,false,false,false,false,false,false,false,false,false,false,false,false,false,false,false,false,false,true,false,false,false,true,false,true,true,true,false,false,false,12,2,1,4,2,0,0,false,false,false,false
Kubernetes,guidance,Kubernetes---kb_1061_Normalized.json,3,1,2,1,2,3,0,completed,,,0.00124,0.00112967,0.00101167,7.53333e-05,2747,688,43.3333,16.6667,23,1,2,0,0,0,0,0,1,1,0,false,false,false,false,false,false,false,false,false,true,false,false,false,false,false,false,false,false,false,false,false,false,false,false,false,false,false,false,false,false,false,true,false,false,false,true,false,true,true,true,false,false,false,12,2,1,4,2,0,0,false,false,false,false
Kubernetes,guidance,Kubernetes---kb_1062_Normalized.json,2,1,1,1,1,2,0,completed,,,0.000705,0.001056,0.0009545,6.1e-05,2247,227,127,33.5,52,1,1,0,0,0,0,0,1,1,0,false,false,false,false,false,false,false,false,false,false,false,false,false,false,false,false,false,false,false,false,false,false,false,false,false,false,false,false,false,false,false,false,false,false,false,false,false,false,false,true,false,false,false,3,0,0,0,0,0,0,false,false,false,false
Kubernetes,guidance,Kubernetes---kb_1063_Normalized.json,2,1,1,1,1,2,0,completed,,,0.000368,0.0006585,0.000606,2.95e-05,2247,227,127,33.5,52,1,1,0,0,0,0,0,1,1,0,false,false,false,false,false,false,false,false,false,false,false,false,false,false,false,false,false,false,false,false,false,false,false,false,false,false,false,false,false,false,false,false,false,false,false,false,false,false,false,true,false,false,false,3,0,0,0,0,0,0,false,false,false,false
Kubernetes,guidance,Kubernetes---kb_1064_Normalized.json,6,2,4,2,4,6,0,completed,,,0.004283,0.00276417,0.00237383,0.000205,27058,17097,373.833,115.167,125,0,4,0,2,0,1,0,1,0.666667,-1,true,false,false,false,false,false,false,false,false,true,false,false,false,true,false,false,false,false,true,false,false,false,false,false,false,false,false,false,false,false,false,false,false,false,false,true,false,true,true,true,false,false,false,136,42,8,5,0,2,0,false,true,true,false
Kubernetes,guidance,Kubernetes---kb_1065_Normalized.json,6,2,4,2,4,6,0,completed,,,0.003899,0.0029645,0.00260233,0.0001855,27136,17061,401,123.5,129,0,4,0,2,0,1,0,1,0.666667,-1,true,false,false,false,false,false,false,false,false,true,false,false,false,true,false,false,false,false,true,false,false,false,false,false,false,false,false,false,false,false,false,false,false,false,false,true,false,true,true,true,false,false,false,135,42,8,5,0,1,0,false,true,true,false
Kubernetes,guidance,Kubernetes---kb_1066_Normalized.json,4,1,3,1,3,4,0,completed,,,0.001616,0.00284925,0.002531,0.00017775,6153,1910,254.75,86,123,0,3,0,1,0,1,0,1,0.75,-1,false,false,false,false,false,false,false,false,false,true,false,false,false,false,false,false,false,false,true,false,false,false,false,false,false,false,false,false,false,false,false,false,false,false,false,true,false,true,true,true,false,false,false,25,7,1,5,0,0,0,false,false,false,false
Kubernetes,guidance,Kubernetes---kb_1067_Normalized.json,7,1,6,1,6,7,0,completed,,,0.002687,0.00355114,0.003209,0.000202143,9092,1910,290.286,90.8571,133,0,6,0,1,0,1,0,1,0.857143,-1,false,false,false,false,false,false,false,false,false,true,false,false,false,false,false,false,false,false,true,false,false,false,false,false,false,false,false,false,false,false,false,false,false,false,false,true,false,true,true,true,false,false,false,25,7,1,5,0,0,0,false,false,false,false
Kubernetes,guidance,Kubernetes---kb_1068_Normalized.json,4,2,2,2,2,4,0,completed,,,0.001105,0.0023565,0.002133,0.000101,3156,803,134,75,132,0,2,0,2,0,1,0,1,0.5,-1,false,false,false,false,false,false,false,false,false,true,false,false,false,false,false,false,false,false,false,false,false,false,false,false,false,false,false,false,false,false,false,false,false,false,false,true,false,true,true,true,false,false,false,12,2,2,4,0,0,0,false,false,false,false
Kubernetes,guidance,Kubernetes---kb_1069_Normalized.json,4,2,2,2,2,4,0,completed,,,0.00112,0.00251575,0.00228225,0.00010125,3128,803,128.5,70.75,116,0,2,0,2,0,1,0,1,0.5,-1,false,false,false,false,false,false,false,false,false,true,false,false,false,false,false,false,false,false,false,false,false,false,false,false,false,false,false,false,false,false,false,false,false,false,false,true,false,true,true,true,false,false,false,12,2,2,4,0,0,0,false,false,false,false
Kubernetes,guidance,Kubernetes---kb_106_Normalized.json,4,2,2,2,2,4,0,completed,,,0.000525,,,,22553,15568,,,,0,2,0,2,0,1,0,1,0.5,-1,true,false,false,false,false,false,false,false,false,true,false,false,false,true,false,false,false,false,true,false,false,false,false,false,false,false,false,false,false,false,false,false,false,false,false,true,false,true,true,true,false,false,false,112,34,4,5,0,1,0,false,false,true,false
Kubernetes,guidance,Kubernetes---kb_1070_Normalized.json,7,2,5,2,5,7,0,completed,,,0.003652,0.00248286,0.00214557,0.000171714,30235,17697,486.143,172.571,216,0,5,0,2,0,1,0,1,0.714286,-1,true,false,false,false,false,false,false,false,false,true,false,false,false,true,false,false,false,false,true,false,false,false,false,false,false,false,false,false,false,false,false,false,false,false,false,true,false,true,true,true,false,false,false,145,43,5,6,0,2,0,false,true,true,false
Kubernetes,guidance,Kubernetes---kb_1071_Normalized.json,9,2,7,2,7,9,0,completed,,,0.003556,0.00244033,0.00210678,0.000162222,33884,17737,638.556,245.444,289,0,7,0,2,0,1,0,1,0.777778,-1,true,false,false,false,false,false,false,false,false,true,false,false,false,true,false,false,false,false,true,false,false,false,false,false,false,false,false,false,false,false,false,false,false,false,false,true,false,true,true,true,false,false,false,145,43,5,6,0,2,0,false,true,true,false
Kubernetes,guidance,Kubernetes---kb_1072_Normalized.json,10,2,8,2,8,10,0,completed,,,0.005291,0.0028056,0.0024795,0.0001614,33599,17696,481.5,159.6,225,0,8,0,2,0,1,0,1,0.8,-1,true,false,false,false,false,false,false,false,false,true,false,false,false,true,false,false,false,false,true,false,false,false,false,false,false,false,false,false,false,false,false,false,false,false,false,true,false,true,true,true,false,false,false,144,43,5,6,0,1,0,false,true,true,false
Kubernetes,guidance,Kubernetes---kb_1073_Normalized.json,7,2,5,2,5,7,0,completed,,,0.001152,0.00211843,0.00192486,0.000103286,5427,621,226.143,123.286,133,0,5,0,2,0,1,0,1,0.714286,-1,false,false,false,false,false,false,false,false,false,false,false,false,false,false,false,false,false,false,true,false,false,false,false,false,false,false,false,false,false,false,false,false,false,false,false,true,false,false,false,true,false,false,false,9,2,0,5,0,0,0,false,false,false,false
Kubernetes,guidance,Kubernetes---kb_1074_Normalized.json,6,2,4,2,4,6,0,completed,,,0.001125,0.001461,0.00132267,6.36667e-05,5800,621,228.5,129.167,137,0,4,0,2,0,1,0,1,0.666667,-1,false,false,false,false,false,false,false,false,false,false,false,false,false,false,false,false,false,false,true,false,false,false,false,false,false,false,false,false,false,false,false,false,false,false,false,true,false,false,false,true,false,false,false,9,2,0,5,0,0,0,false,false,false,false
Kubernetes,guidance,Kubernetes---kb_1075_Normalized.json,7,2,5,2,5,7,0,completed,,,0.001166,0.00162086,0.00146914,7.5e-05,6462,621,225.429,124,140,0,5,0,2,0,1,0,1,0.714286,-1,false,false,false,false,false,false,false,false,false,false,false,false,false,false,false,false,false,false,true,false,false,false,false,false,false,false,false,false,false,false,false,false,false,false,false,true,false,false,false,true,false,false,false,9,2,0,5,0,0,0,false,false,false,false
Kubernetes,guidance,Kubernetes---kb_1076_Normalized.json,10,2,8,2,8,10,0,completed,,,0.001636,0.00192,0.0016975,9.59e-05,12503,2094,281,82.5,95,0,8,0,2,0,1,0,1,0.8,-1,true,false,false,false,false,false,false,false,false,true,false,false,false,false,false,false,false,false,true,false,false,false,false,false,false,false,false,false,false,false,false,false,false,false,false,true,false,true,false,true,false,false,false,31,8,0,6,0,0,0,false,false,false,false
Kubernetes,guidance,Kubernetes---kb_1077_Normalized.json,9,2,7,2,7,9,0,completed,,,0.001717,0.00215178,0.00185689,0.000113889,12571,2104,320.444,97.2222,109,0,7,0,2,0,1,0,1,0.777778,-1,true,false,false,false,false,false,false,false,false,true,false,false,false,false,false,false,false,false,true,false,false,false,false,false,false,false,false,false,false,false,false,false,false,false,false,true,false,true,false,true,false,false,false,31,8,0,6,0,0,0,false,false,false,false
Kubernetes,guidance,Kubernetes---kb_1078_Normalized.json,9,2,7,2,7,9,0,completed,,,0.001272,0.00130322,0.00111456,6.66667e-05,11859,2104,286.667,87.4444,103,0,7,0,2,0,1,0,1,0.777778,-1,true,false,false,false,false,false,false,false,false,true,false,false,false,false,false,false,false,false,true,false,false,false,false,false,false,false,false,false,false,false,false,false,false,false,false,true,false,true,false,true,false,false,false,31,8,0,6,0,0,0,false,false,false,false
Kubernetes,guidance,Kubernetes---kb_1079_Normalized.json,5,1,4,1,4,5,0,completed,,,0.001515,0.0025434,0.0022832,0.0001834,6029,1502,129.2,39.8,41,1,4,0,0,0,0,0,1,1,0,false,false,false,false,false,false,false,false,false,false,false,false,false,false,false,false,false,false,false,false,false,false,false,false,false,false,false,false,false,false,false,false,false,false,false,true,false,false,false,true,false,false,false,14,5,0,4,0,0,0,false,false,false,false
Kubernetes,guidance,Kubernetes---kb_107_Normalized.json,2,1,1,1,1,2,0,completed,,,0.000835,0.0006315,0.0005405,3.4e-05,1791,508,38,12,13,0,1,0,1,0,1,0,1,0.5,-1,false,false,false,false,false,false,false,false,false,false,false,false,false,false,false,false,false,false,false,false,false,false,false,false,false,false,false,false,false,false,false,false,false,false,false,true,false,false,false,true,false,false,false,7,2,0,4,0,0,0,false,false,false,false
Kubernetes,guidance,Kubernetes---kb_1080_Normalized.json,7,2,5,2,5,7,0,completed,,,0.001096,0.00234786,0.00212129,0.000152714,7721,1502,131,39.7143,42,2,5,0,0,0,0,0,1,1,0,false,false,false,false,false,false,false,false,false,false,false,false,false,false,false,false,false,false,false,false,false,false,false,false,false,false,false,false,false,false,false,false,false,false,false,true,false,false,false,true,false,false,false,14,5,0,4,0,0,0,false,false,false,false
Kubernetes,guidance,Kubernetes---kb_1081_Normalized.json,5,1,4,1,4,5,0,completed,,,0.00088,0.000683,0.000611,4.18e-05,3445,486,46,15,16,1,4,0,0,0,0,0,1,1,0,false,false,false,false,false,false,false,false,false,false,false,false,false,false,false,false,false,false,true,false,false,false,false,false,false,false,false,false,false,false,false,false,false,false,false,true,false,false,true,true,false,false,false,10,2,2,5,0,0,0,false,false,false,false
Kubernetes,guidance,Kubernetes---kb_1082_Normalized.json,5,1,4,1,4,5,0,completed,,,0.000884,0.0006696,0.000601,4.1e-05,3495,486,46.2,15.2,16,1,4,0,0,0,0,0,1,1,0,false,false,false,false,false,false,false,false,false,false,false,false,false,false,false,false,false,false,true,false,false,false,false,false,false,false,false,false,false,false,false,false,false,false,false,true,false,false,true,true,false,false,false,10,2,2,5,0,0,0,false,false,false,false
Kubernetes,guidance,Kubernetes---kb_1083_Normalized.json,6,2,4,2,4,6,0,completed,,,0.000981,0.0014575,0.00126167,0.0001005,5933,1167,126,39.6667,57,0,4,0,2,0,1,0,1,0.666667,-1,false,false,false,false,false,false,false,false,false,true,false,false,false,false,false,false,false,false,true,false,false,false,false,false,false,false,false,false,false,false,false,false,false,false,false,true,false,true,true,true,false,false,false,18,3,2,5,0,0,0,false,false,false,false
Kubernetes,guidance,Kubernetes---kb_1084_Normalized.json,6,2,4,2,4,6,0,completed,,,0.000959,0.00192767,0.00173417,0.000107333,5953,1167,141,44.6667,57,1,4,0,1,0,0.5,0,1,0.833333,-0.5,false,false,false,false,false,false,false,false,false,true,false,false,false,false,false,false,false,false,true,false,false,false,false,false,false,false,false,false,false,false,false,false,false,false,false,true,false,true,true,true,false,false,false,18,3,2,5,0,0,0,false,false,false,false
Kubernetes,guidance,Kubernetes---kb_1085_Normalized.json,6,2,4,2,4,6,0,completed,,,0.00141,0.00297417,0.00265317,0.000197,13038,4411,232.333,71.8333,75,2,4,0,0,0,0,0,1,1,0,true,false,false,false,false,false,false,false,false,true,false,false,false,false,false,false,false,false,true,false,false,false,false,false,false,false,false,false,false,false,false,false,false,false,false,true,false,true,true,true,false,false,false,39,9,5,5,0,0,0,false,true,false,false
Kubernetes,guidance,Kubernetes---kb_1086_Normalized.json,8,2,6,2,6,8,0,completed,,,0.001302,0.003257,0.00289425,0.000231875,15773,4411,232.75,73.375,90,2,6,0,0,0,0,0,1,1,0,true,false,false,false,false,false,false,false,false,true,false,false,false,false,false,false,false,false,true,false,false,false,false,false,false,false,false,false,false,false,false,false,false,false,false,true,false,true,true,true,false,false,false,39,9,5,5,0,0,0,false,true,false,false
Kubernetes,guidance,Kubernetes---kb_1087_Normalized.json,4,1,3,1,3,4,0,completed,,,0.000963,0.0004325,0.00032775,2.5e-05,3529,640,62.75,20.25,21,0,3,0,1,0,1,0,1,0.75,-1,false,false,false,false,false,false,false,false,false,false,false,false,false,false,false,false,false,false,false,false,false,false,false,false,false,false,false,false,false,false,false,false,false,false,false,true,false,false,true,true,false,false,false,10,3,2,4,0,0,0,false,false,false,false
Kubernetes,guidance,Kubernetes---kb_1088_Normalized.json,4,1,3,1,3,4,0,completed,,,0.001333,0.0004855,0.00034575,2.875e-05,3308,640,64.75,20.5,21,0,3,0,1,0,1,0,1,0.75,-1,false,false,false,false,false,false,false,false,false,false,false,false,false,false,false,false,false,false,false,false,false,false,false,false,false,false,false,false,false,false,false,false,false,false,false,true,false,false,true,true,false,false,false,10,3,2,4,0,0,0,false,false,false,false
Kubernetes,guidance,Kubernetes---kb_1089_Normalized.json,10,2,8,2,8,10,0,completed,,,0.001536,0.0019022,0.0017144,0.0001197,9275,786,166.2,55,61,2,8,0,0,0,0,0,1,1,0,true,false,false,false,false,false,false,false,false,false,false,false,false,false,false,false,false,false,true,false,false,false,false,false,false,false,false,false,false,false,false,false,false,false,false,true,false,false,false,true,false,false,false,17,4,0,6,0,0,0,false,false,false,false
Kubernetes,guidance,Kubernetes---kb_108_Normalized.json,2,1,1,1,1,2,0,completed,,,0.001363,0.000895,0.0008045,6.55e-05,1795,508,40,12,13,1,1,0,0,0,0,0,1,1,0,false,false,false,false,false,false,false,false,false,false,false,false,false,false,false,false,false,false,false,false,false,false,false,false,false,false,false,false,false,false,false,false,false,false,false,true,false,false,false,true,false,false,false,7,2,0,4,0,0,0,false,false,false,false
Kubernetes,guidance,Kubernetes---kb_1090_Normalized.json,9,2,7,2,7,9,0,completed,,,0.001383,0.00203244,0.00184033,0.000124667,8581,786,161.778,57.2222,63,2,7,0,0,0,0,0,1,1,0,true,false,false,false,false,false,false,false,false,false,false,false,false,false,false,false,false,false,true,false,false,false,false,false,false,false,false,false,false,false,false,false,false,false,false,true,false,false,false,true,false,false,false,17,4,0,6,0,0,0,false,false,false,false
Kubernetes,guidance,Kubernetes---kb_1091_Normalized.json,10,2,8,2,8,10,0,completed,,,0.001122,0.0023233,0.0021004,0.0001447,9033,786,156.9,55.3,66,2,8,0,0,0,0,0,1,1,0,true,false,false,false,false,false,false,false,false,false,false,false,false,false,false,false,false,false,true,false,false,false,false,false,false,false,false,false,false,false,false,false,false,false,false,true,false,false,false,true,false,false,false,17,4,0,6,0,0,0,false,false,false,false
Kubernetes,guidance,Kubernetes---kb_1092_Normalized.json,3,2,1,2,1,3,0,completed,,,0.000971,0.000873,0.000786333,5.4e-05,1537,260,17.3333,7.33333,8,2,1,0,0,0,0,0,1,1,0,false,false,false,false,false,false,false,false,false,false,false,false,false,false,false,false,false,false,false,false,false,false,false,false,false,false,false,false,false,false,false,false,false,false,false,true,false,false,true,true,false,false,false,6,1,1,4,0,0,0,false,false,false,false
Kubernetes,guidance,Kubernetes---kb_1093_Normalized.json,3,1,2,1,2,3,0,completed,,,0.001579,0.000536667,0.000485667,3.23333e-05,1962,260,15.3333,6.33333,8,1,2,0,0,0,0,0,1,1,0,false,false,false,false,false,false,false,false,false,false,false,false,false,false,false,false,false,false,false,false,false,false,false,false,false,false,false,false,false,false,false,false,false,false,false,true,false,false,true,true,false,false,false,6,1,1,4,0,0,0,false,false,false,false
Kubernetes,guidance,Kubernetes---kb_1094_Normalized.json,5,2,3,2,3,5,0,completed,,,0.003225,0.0013642,0.0011388,7.34e-05,23038,12997,565.4,163.6,180,0,3,0,2,0,1,0,1,0.6,-1,true,false,false,false,false,false,false,false,false,true,false,false,false,false,false,false,false,false,true,false,false,false,false,false,false,false,false,false,false,false,false,false,false,false,false,true,false,true,true,true,false,false,false,99,27,8,5,0,0,0,false,true,true,false
Kubernetes,guidance,Kubernetes---kb_1095_Normalized.json,3,2,1,2,1,3,0,completed,,,0.002594,0.00135367,0.00106233,7.6e-05,20409,12981,594.333,168.333,173,0,1,0,2,0,1,0,1,0.333333,-1,true,false,false,false,false,false,false,false,false,true,false,false,false,false,false,false,false,false,true,false,false,false,false,false,false,false,false,false,false,false,false,false,false,false,false,true,false,true,true,true,false,false,false,99,27,6,5,0,0,0,false,true,true,false
Kubernetes,guidance,Kubernetes---kb_1096_Normalized.json,7,2,5,2,5,7,0,completed,,,0.002816,0.000988143,0.000804429,5.64286e-05,28081,12981,590.286,170.143,176,0,5,0,2,0,1,0,1,0.714286,-1,true,false,false,false,false,false,false,false,false,true,false,false,false,false,false,false,false,false,true,false,false,false,false,false,false,false,false,false,false,false,false,false,false,false,false,true,false,true,true,true,false,false,false,99,27,6,5,0,0,0,false,true,true,false
Kubernetes,guidance,Kubernetes---kb_1097_Normalized.json,4,2,2,2,2,4,0,completed,,,0.004563,0.00500175,0.00441075,0.00031625,42385,27920,882.75,238.5,367,0,2,0,2,0,1,0,1,0.5,-1,true,false,false,false,false,false,false,false,false,true,false,false,false,true,false,false,false,false,true,false,false,false,false,false,false,false,false,false,false,false,false,false,false,false,false,true,false,true,true,true,false,false,false,206,59,12,5,0,2,0,false,true,true,false
Kubernetes,guidance,Kubernetes---kb_1098_Normalized.json,3,2,1,2,1,3,0,completed,,,0.0043,0.00337767,0.00290867,0.000258667,38547,28051,625,174.333,209,0,1,0,2,0,1,0,1,0.333333,-1,true,false,false,false,false,false,false,false,false,true,false,false,false,true,false,false,false,false,true,false,false,false,false,false,false,false,false,false,false,false,false,false,false,false,false,true,false,true,true,true,false,false,false,206,59,10,5,0,2,0,false,true,true,false
Kubernetes,guidance,Kubernetes---kb_1099_Normalized.json,3,2,1,2,1,3,0,completed,,,0.00433,0.00538467,0.004746,0.000333333,38825,28003,670.333,187,224,0,1,0,2,0,1,0,1,0.333333,-1,true,false,false,false,false,false,false,false,false,true,false,false,false,true,false,false,false,false,true,false,false,false,false,false,false,false,false,false,false,false,false,false,false,false,false,true,false,true,true,true,false,false,false,205,59,10,5,0,1,0,false,true,true,false
Kubernetes,guidance,Kubernetes---kb_109_Normalized.json,2,1,1,1,1,2,0,completed,,,0.00137,0.0011345,0.0009895,5.4e-05,1758,441,58.5,19.5,20,0,1,0,1,0,1,0,1,0.5,-1,false,false,false,false,false,false,false,false,false,false,false,false,false,false,false,false,false,false,false,false,false,false,false,false,false,false,false,false,false,false,false,false,false,false,false,true,false,false,true,true,false,false,false,10,3,1,4,0,0,0,false,false,false,false
Kubernetes,guidance,Kubernetes---kb_10_Normalized.json,2,1,1,1,1,2,0,completed,,,0.001075,0.0007285,0.0006645,4.05e-05,1413,309,27,7.5,9,1,1,0,0,0,0,0,1,1,0,false,false,false,false,false,false,false,false,false,false,false,false,false,false,false,false,false,false,false,false,false,false,false,false,false,false,false,false,false,false,false,false,false,false,false,true,false,false,true,true,false,false,false,6,1,1,4,0,0,0,false,false,false,false
Kubernetes,guidance,Kubernetes---kb_1100_Normalized.json,5,1,4,1,4,5,0,completed,,,0.005043,0.0049,0.0043028,0.0003168,52260,31976,902,252,259,0,4,0,1,0,1,0,1,0.8,-1,true,false,false,false,false,false,false,false,false,true,false,false,false,true,false,false,false,false,true,false,false,false,false,false,false,false,false,false,false,false,false,false,false,false,false,true,false,true,true,true,false,false,false,237,67,13,6,0,3,0,false,true,true,false
Kubernetes,guidance,Kubernetes---kb_1101_Normalized.json,3,1,2,1,2,3,0,completed,,,0.006958,0.00636233,0.00558333,0.000412667,46375,32122,921.667,258.333,260,0,2,0,1,0,1,0,1,0.666667,-1,true,false,false,false,false,false,false,false,false,true,false,false,false,true,false,false,false,false,true,false,false,false,false,false,false,false,false,false,false,false,false,false,false,false,false,true,false,true,true,true,false,false,false,237,67,11,6,0,3,0,false,true,true,false
Kubernetes,guidance,Kubernetes---kb_1102_Normalized.json,4,1,3,1,3,4,0,completed,,,0.005667,0.0038505,0.00340625,0.00024275,49425,32074,950.25,263.75,276,0,3,0,1,0,1,0,1,0.75,-1,true,false,false,false,false,false,false,false,false,true,false,false,false,true,false,false,false,false,true,false,false,false,false,false,false,false,false,false,false,false,false,false,false,false,false,true,false,true,true,true,false,false,false,236,67,11,6,0,2,0,false,true,true,false
Kubernetes,guidance,Kubernetes---kb_1103_Normalized.json,4,1,3,1,3,4,0,completed,,,0.018629,0.0024735,0.00222425,0.000184,67432,51877,95.25,25.5,27,1,3,0,0,0,0,0,1,1,0,true,false,false,false,false,false,false,false,false,true,false,false,false,false,false,false,false,false,true,false,false,false,false,false,false,false,false,false,false,false,false,true,false,false,false,true,false,true,true,true,false,false,false,539,176,38,5,2,0,0,false,true,true,false
Kubernetes,guidance,Kubernetes---kb_1104_Normalized.json,4,1,3,1,3,4,0,completed,,,0.011735,0.0020765,0.00187825,0.00014475,67424,51877,94.75,25.5,27,1,3,0,0,0,0,0,1,1,0,true,false,false,false,false,false,false,false,false,true,false,false,false,false,false,false,false,false,true,false,false,false,false,false,false,false,false,false,false,false,false,true,false,false,false,true,false,true,true,true,false,false,false,539,176,38,5,2,0,0,false,true,true,false
Kubernetes,guidance,Kubernetes---kb_1105_Normalized.json,4,2,2,2,2,4,0,completed,,,0.012909,0.00228675,0.001909,0.0001555,78988,60961,287.5,78.5,92,0,2,0,2,0,1,0,1,0.5,-1,true,false,false,false,false,false,false,false,false,true,false,false,false,true,false,false,false,false,true,false,false,false,false,false,false,false,false,false,false,false,false,true,false,false,false,true,false,true,true,true,false,false,false,598,199,42,5,2,2,0,false,true,true,false
Kubernetes,guidance,Kubernetes---kb_1106_Normalized.json,3,1,2,1,2,3,0,completed,,,0.01176,0.00221067,0.00183433,0.000175667,78799,61026,343,92.3333,105,0,2,0,1,0,1,0,1,0.666667,-1,true,false,false,false,false,false,false,false,false,true,false,false,false,true,false,false,false,false,true,false,false,false,false,false,false,false,false,false,false,false,false,true,false,false,false,true,false,true,true,true,false,false,false,598,199,42,5,2,2,0,false,true,true,false
Kubernetes,guidance,Kubernetes---kb_1107_Normalized.json,3,2,1,2,1,3,0,completed,,,0.011943,0.00211133,0.001778,0.000135667,78026,61016,297.333,81.3333,94,0,1,0,2,0,1,0,1,0.333333,-1,true,false,false,false,false,false,false,false,false,true,false,false,false,true,false,false,false,false,true,false,false,false,false,false,false,false,false,false,false,false,false,true,false,false,false,true,false,true,true,true,false,false,false,598,199,42,5,2,2,0,false,true,true,false
Kubernetes,guidance,Kubernetes---kb_1108_Normalized.json,4,2,2,2,2,4,0,completed,,,0.011559,0.00239275,0.002076,0.000127,79111,60982,308.75,84,94,0,2,0,2,0,1,0,1,0.5,-1,true,false,false,false,false,false,false,false,false,true,false,false,false,true,false,false,false,false,true,false,false,false,false,false,false,false,false,false,false,false,false,true,false,false,false,true,false,true,true,true,false,false,false,597,199,42,5,2,1,0,false,true,true,false
Kubernetes,guidance,Kubernetes---kb_1109_Normalized.json,3,1,2,1,2,3,0,completed,,,0.011954,0.003003,0.00259167,0.000186,83779,64909,385.333,108.333,110,0,2,0,1,0,1,0,1,0.666667,-1,true,false,false,false,false,false,false,false,false,true,false,false,false,true,false,false,false,false,true,false,false,false,false,false,false,false,false,false,false,false,false,true,false,false,false,true,false,true,true,true,false,false,false,629,207,43,6,2,3,0,false,true,true,false
Kubernetes,guidance,Kubernetes---kb_110_Normalized.json,2,1,1,1,1,2,0,completed,,,0.001413,0.001076,0.000942,5.1e-05,1758,441,58.5,19.5,20,0,1,0,1,0,1,0,1,0.5,-1,false,false,false,false,false,false,false,false,false,false,false,false,false,false,false,false,false,false,false,false,false,false,false,false,false,false,false,false,false,false,false,false,false,false,false,true,false,false,true,true,false,false,false,10,3,1,4,0,0,0,false,false,false,false
Kubernetes,guidance,Kubernetes---kb_1111_Normalized.json,1,1,0,1,0,1,0,completed,,,0.011971,0.006775,0.006032,0.000439,81900,64979,732,233,233,0,0,0,1,0,1,0,1,0,-1,true,false,false,false,false,false,false,false,false,true,false,false,false,true,false,false,false,false,true,false,false,false,false,false,false,false,false,false,false,false,false,true,false,false,false,true,false,true,true,true,false,false,false,629,207,43,6,2,3,0,false,true,true,false
Kubernetes,guidance,Kubernetes---kb_1113_Normalized.json,4,2,2,2,2,4,0,completed,,,0.009206,0.00131825,0.0010825,0.00013875,58033,43083,300.5,82.25,92,0,2,0,2,0,1,0,1,0.5,-1,true,false,false,false,false,false,false,false,false,true,false,false,false,false,false,false,false,false,true,false,false,false,false,false,false,false,false,false,false,false,false,true,false,false,false,true,false,true,true,true,false,false,false,461,157,33,5,2,0,0,false,true,true,false
Kubernetes,guidance,Kubernetes---kb_1114_Normalized.json,3,2,1,2,1,3,0,completed,,,0.009119,0.00145967,0.001181,0.000155667,56705,43083,242.667,61.6667,64,0,1,0,2,0,1,0,1,0.333333,-1,true,false,false,false,false,false,false,false,false,true,false,false,false,false,false,false,false,false,true,false,false,false,false,false,false,false,false,false,false,false,false,true,false,false,false,true,false,true,true,true,false,false,false,461,157,33,5,2,0,0,false,true,true,false
Kubernetes,guidance,Kubernetes---kb_1115_Normalized.json,3,2,1,2,1,3,0,completed,,,0.006705,0.00147533,0.001177,0.000181333,57516,43083,307.667,80.3333,106,0,1,0,2,0,1,0,1,0.333333,-1,true,false,false,false,false,false,false,false,false,true,false,false,false,false,false,false,false,false,true,false,false,false,false,false,false,false,false,false,false,false,false,true,false,false,false,true,false,true,true,true,false,false,false,461,157,33,5,2,0,0,false,true,true,false
Kubernetes,guidance,Kubernetes---kb_1116_Normalized.json,2,1,1,1,1,2,0,completed,,,0.010036,0.001405,0.0010915,0.000208,56182,43083,242,62,64,0,1,0,1,0,1,0,1,0.5,-1,true,false,false,false,false,false,false,false,false,true,false,false,false,false,false,false,false,false,true,false,false,false,false,false,false,false,false,false,false,false,false,true,false,false,false,true,false,true,true,true,false,false,false,461,157,33,5,2,0,0,false,true,true,false
Kubernetes,guidance,Kubernetes---kb_1117_Normalized.json,4,2,2,2,2,4,0,completed,,,0.009477,0.001985,0.00169325,0.00019075,58204,43830,160.5,49.5,105,1,2,0,1,0,0.5,0,1,0.75,-0.5,true,false,false,false,false,false,false,false,false,true,false,false,false,false,false,false,false,false,true,false,false,false,false,false,false,false,false,false,false,false,false,true,false,false,false,true,false,true,true,true,false,false,false,471,160,36,5,2,0,0,false,true,true,false
Kubernetes,guidance,Kubernetes---kb_1118_Normalized.json,3,2,1,2,1,3,0,completed,,,0.006792,0.001576,0.00133867,0.000117333,59382,43842,549,173.333,183,0,1,0,2,0,1,0,1,0.333333,-1,true,false,false,false,false,false,false,false,false,true,false,false,false,false,false,false,false,false,true,false,false,false,false,false,false,false,false,false,false,false,false,true,false,false,false,true,false,true,true,true,false,false,false,471,160,36,5,2,0,0,false,true,true,false
Kubernetes,guidance,Kubernetes---kb_1119_Normalized.json,2,2,0,2,0,2,0,completed,,,0.007239,0.00394,0.003376,0.0002645,57124,43840,330.5,102.5,106,0,0,0,2,0,1,0,1,0,-1,true,false,false,false,false,false,false,false,false,true,false,false,false,false,false,false,false,false,true,false,false,false,false,false,false,false,false,false,false,false,false,true,false,false,false,true,false,true,true,true,false,false,false,471,160,36,5,2,0,0,false,true,true,false
Kubernetes,guidance,Kubernetes---kb_111_Normalized.json,10,2,8,2,8,10,0,completed,,,0.002733,0.0053505,0.0048993,0.0002643,36362,19411,466.7,154.4,193,2,8,0,0,0,0,0,1,1,0,true,false,false,false,false,false,false,false,false,true,false,false,false,true,false,false,false,false,true,false,false,false,false,false,false,false,false,false,false,false,false,false,false,false,false,true,false,true,true,true,false,false,false,144,42,5,6,0,3,0,false,true,true,false
Kubernetes,guidance,Kubernetes---kb_1120_Normalized.json,4,2,2,2,2,4,0,completed,,,0.006637,0.00306275,0.002722,0.000203,59061,43840,295.25,82.25,84,0,2,0,2,0,1,0,1,0.5,-1,true,false,false,false,false,false,false,false,false,true,false,false,false,false,false,false,false,false,true,false,false,false,false,false,false,false,false,false,false,false,false,true,false,false,false,true,false,true,true,true,false,false,false,471,160,36,5,2,0,0,false,true,true,false
Kubernetes,guidance,Kubernetes---kb_1123_Normalized.json,4,1,3,1,3,4,0,completed,,,0.001325,0.00116125,0.001012,8.4e-05,6699,2286,311,93.25,99,0,3,0,1,0,1,0,1,0.75,-1,true,false,false,false,false,false,false,false,false,true,false,false,false,false,false,false,false,false,false,false,false,false,false,false,false,false,false,false,false,false,false,false,false,false,false,true,false,true,true,true,false,false,false,25,6,1,5,0,0,0,false,false,false,false
Kubernetes,guidance,Kubernetes---kb_1125_Normalized.json,6,2,4,2,4,6,0,completed,,,0.000865,0.000219167,0.000146167,1e-05,3592,407,49.1667,17.1667,21,0,4,0,2,0,1,0,1,0.666667,-1,false,false,false,false,false,false,false,false,false,false,false,false,false,false,false,false,false,false,false,false,false,false,false,false,false,false,false,false,false,false,false,false,false,false,false,true,false,false,true,true,false,false,false,8,2,2,4,0,0,0,false,false,false,false
Kubernetes,guidance,Kubernetes---kb_1126_Normalized.json,6,2,4,2,4,6,0,completed,,,0.000895,0.0002195,0.000148167,1.16667e-05,3585,407,53.6667,17,21,0,4,0,2,0,1,0,1,0.666667,-1,false,false,false,false,false,false,false,false,false,false,false,false,false,false,false,false,false,false,false,false,false,false,false,false,false,false,false,false,false,false,false,false,false,false,false,true,false,false,true,true,false,false,false,8,2,2,4,0,0,0,false,false,false,false
Kubernetes,guidance,Kubernetes---kb_1127_Normalized.json,5,2,3,2,3,5,0,completed,,,0.001278,0.0013384,0.0012224,7.28e-05,3892,841,69.6,26.8,31,2,3,0,0,0,0,0,1,1,0,false,false,false,false,false,false,false,false,false,true,false,false,false,false,false,false,false,false,false,false,false,false,false,false,false,false,false,false,false,false,false,false,false,false,false,true,false,true,false,true,false,false,false,11,2,0,4,0,0,0,false,false,false,false
Kubernetes,guidance,Kubernetes---kb_1128_Normalized.json,4,1,3,1,3,4,0,completed,,,0.001323,0.00151575,0.00138325,8.675e-05,3770,840,72.25,25,31,1,3,0,0,0,0,0,1,1,0,false,false,false,false,false,false,false,false,false,true,false,false,false,false,false,false,false,false,false,false,false,false,false,false,false,false,false,false,false,false,false,false,false,false,false,true,false,true,false,true,false,false,false,11,2,0,4,0,0,0,false,false,false,false
Kubernetes,guidance,Kubernetes---kb_1129_Normalized.json,2,1,1,1,1,2,0,completed,,,0.00093,0.002085,0.0018995,0.0001305,2294,841,68,26,28,1,1,0,0,0,0,0,1,1,0,false,false,false,false,false,false,false,false,false,true,false,false,false,false,false,false,false,false,false,false,false,false,false,false,false,false,false,false,false,false,false,false,false,false,false,true,false,true,false,true,false,false,false,11,2,0,4,0,0,0,false,false,false,false
Kubernetes,guidance,Kubernetes---kb_112_Normalized.json,6,1,5,1,5,6,0,completed,,,0.002618,0.00863033,0.0079015,0.000444,34244,19397,805.667,262.667,283,1,5,0,0,0,0,0,1,1,0,true,false,false,false,false,false,false,false,false,true,false,false,false,true,false,false,false,false,true,false,false,false,false,false,false,false,false,false,false,false,false,false,false,false,false,true,false,true,true,true,false,false,false,143,42,5,6,0,2,0,false,true,true,false
Kubernetes,guidance,Kubernetes---kb_1130_Normalized.json,2,1,1,1,1,2,0,completed,,,0.00095,0.0014135,0.0012985,7.3e-05,2308,841,75,27.5,31,1,1,0,0,0,0,0,1,1,0,false,false,false,false,false,false,false,false,false,true,false,false,false,false,false,false,false,false,false,false,false,false,false,false,false,false,false,false,false,false,false,false,false,false,false,true,false,true,false,true,false,false,false,11,2,0,4,0,0,0,false,false,false,false
Kubernetes,guidance,Kubernetes---kb_1131_Normalized.json,5,2,3,2,3,5,0,completed,,,0.001021,0.0015086,0.0013604,9.36e-05,4839,1275,126.4,37,41,2,3,0,0,0,0,0,1,1,0,false,false,false,false,false,false,false,false,false,false,false,false,false,false,false,false,false,false,false,false,false,false,false,false,false,false,false,false,false,false,false,false,false,false,false,true,false,false,true,true,false,false,false,16,6,2,4,0,0,0,false,false,false,false
Kubernetes,guidance,Kubernetes---kb_1132_Normalized.json,4,2,2,2,2,4,0,completed,,,0.001413,0.0012505,0.00110925,0.00010025,3921,1275,93.75,29.25,30,2,2,0,0,0,0,0,1,1,0,false,false,false,false,false,false,false,false,false,false,false,false,false,false,false,false,false,false,false,false,false,false,false,false,false,false,false,false,false,false,false,false,false,false,false,true,false,false,true,true,false,false,false,16,6,2,4,0,0,0,false,false,false,false
Kubernetes,guidance,Kubernetes---kb_1133_Normalized.json,2,2,0,2,0,2,0,completed,,,0.002085,0.0053005,0.0046855,0.000418,5711,2694,302,89.5,90,2,0,0,0,0,0,0,1,1,0,false,false,false,false,false,false,false,false,false,true,false,false,false,false,false,false,false,false,true,false,false,false,false,false,false,false,false,false,false,false,false,false,false,false,false,true,false,true,true,true,false,false,false,37,7,3,5,0,0,0,false,false,false,false
Kubernetes,guidance,Kubernetes---kb_1134_Normalized.json,2,2,0,2,0,2,0,completed,,,0.001247,0.006241,0.0055155,0.000514,5683,2694,288,85,90,2,0,0,0,0,0,0,1,1,0,false,false,false,false,false,false,false,false,false,true,false,false,false,false,false,false,false,false,true,false,false,false,false,false,false,false,false,false,false,false,false,false,false,false,false,true,false,true,true,true,false,false,false,37,7,3,5,0,0,0,false,false,false,false
Kubernetes,guidance,Kubernetes---kb_1135_Normalized.json,3,1,2,1,2,3,0,completed,,,0.001265,0.00061,0.000539667,5.06667e-05,3220,565,14.3333,6.66667,8,1,2,0,0,0,0,0,1,1,0,false,false,false,false,false,false,false,false,false,false,false,false,false,false,false,false,false,false,false,false,false,false,false,false,false,false,false,false,false,false,false,false,false,false,false,true,false,false,false,true,false,false,false,6,1,0,4,0,0,0,false,false,false,false
Kubernetes,guidance,Kubernetes---kb_1136_Normalized.json,4,1,3,1,3,4,0,completed,,,0.000874,0.00062025,0.0005525,4.7e-05,4171,555,14.75,6.5,8,1,3,0,0,0,0,0,1,1,0,false,false,false,false,false,false,false,false,false,false,false,false,false,false,false,false,false,false,false,false,false,false,false,false,false,false,false,false,false,false,false,false,false,false,false,true,false,false,false,true,false,false,false,6,1,0,4,0,0,0,false,false,false,false
Kubernetes,guidance,Kubernetes---kb_1137_Normalized.json,3,1,2,1,2,3,0,completed,,,0.001185,0.000679,0.000605667,5.16667e-05,3148,555,14.6667,6.66667,8,1,2,0,0,0,0,0,1,1,0,false,false,false,false,false,false,false,false,false,false,false,false,false,false,false,false,false,false,false,false,false,false,false,false,false,false,false,false,false,false,false,false,false,false,false,true,false,false,false,true,false,false,false,6,1,0,4,0,0,0,false,false,false,false
Kubernetes,guidance,Kubernetes---kb_1138_Normalized.json,2,2,0,2,0,2,0,completed,,,0.003375,0.0064525,0.0057135,0.0004005,14112,9230,496,150.5,163,0,0,0,2,0,1,0,1,0,-1,false,false,false,false,false,false,false,false,false,true,false,false,false,false,false,false,false,false,true,false,false,false,false,false,false,false,false,false,false,false,false,true,false,false,false,true,false,true,true,true,false,false,false,97,26,6,5,2,0,0,false,true,true,false
Kubernetes,guidance,Kubernetes---kb_1139_Normalized.json,3,2,1,2,1,3,0,completed,,,0.002948,0.00916333,0.00810733,0.000616,16408,9230,530.333,162.333,164,0,1,0,2,0,1,0,1,0.333333,-1,false,false,false,false,false,false,false,false,false,true,false,false,false,false,false,false,false,false,true,false,false,false,false,false,false,false,false,false,false,false,false,true,false,false,false,true,false,true,true,true,false,false,false,97,26,6,5,2,0,0,false,true,true,false
Kubernetes,guidance,Kubernetes---kb_113_Normalized.json,4,2,2,2,2,4,0,completed,,,0.001654,0.0017375,0.00154325,0.0001095,4100,1094,146,47.75,55,1,2,0,1,0,0.5,0,1,0.75,-0.5,false,false,false,false,false,false,false,false,false,false,false,false,false,false,false,false,false,false,false,false,false,false,false,false,false,false,false,false,false,false,false,false,false,false,false,true,false,false,true,true,false,false,false,14,5,3,4,0,0,0,false,false,false,false
Kubernetes,guidance,Kubernetes---kb_1140_Normalized.json,7,2,5,2,5,7,0,completed,,,0.001114,0.00159871,0.001451,8.74286e-05,5876,703,133.286,44.7143,47,2,5,0,0,0,0,0,1,1,0,false,false,false,false,false,false,false,false,false,false,false,false,false,false,false,false,false,false,false,false,false,false,false,false,false,false,false,false,false,false,false,false,false,false,false,true,false,false,true,true,false,false,false,12,4,1,4,0,0,0,false,false,false,false
Kubernetes,guidance,Kubernetes---kb_1141_Normalized.json,6,2,4,2,4,6,0,completed,,,0.001531,0.0020385,0.0018605,0.0001055,5080,703,145,47.5,52,2,4,0,0,0,0,0,1,1,0,false,false,false,false,false,false,false,false,false,false,false,false,false,false,false,false,false,false,false,false,false,false,false,false,false,false,false,false,false,false,false,false,false,false,false,true,false,false,true,true,false,false,false,12,4,1,4,0,0,0,false,false,false,false
Kubernetes,guidance,Kubernetes---kb_1142_Normalized.json,5,2,3,2,3,5,0,completed,,,0.001475,0.0032396,0.0028716,0.0001538,11413,5332,205.2,62.8,64,0,3,0,2,0,1,0,1,0.6,-1,false,false,false,false,false,false,false,false,false,true,false,false,false,false,false,false,false,false,false,false,false,false,false,false,false,false,false,false,false,false,false,false,false,false,false,true,false,true,true,true,false,false,false,152,2,2,4,0,0,0,false,false,false,false
Kubernetes,guidance,Kubernetes---kb_1143_Normalized.json,5,2,3,2,3,5,0,completed,,,0.001191,0.0017976,0.0015962,7.86e-05,11415,5332,205.6,62.4,63,0,3,0,2,0,1,0,1,0.6,-1,false,false,false,false,false,false,false,false,false,true,false,false,false,false,false,false,false,false,false,false,false,false,false,false,false,false,false,false,false,false,false,false,false,false,false,true,false,true,true,true,false,false,false,152,2,2,4,0,0,0,false,false,false,false
Kubernetes,guidance,Kubernetes---kb_1144_Normalized.json,5,2,3,2,3,5,0,completed,,,0.002761,0.0010812,0.000881,5.82e-05,21161,11165,474.6,137.2,153,0,3,0,2,0,1,0,1,0.6,-1,true,false,false,false,false,false,false,false,false,true,false,false,false,false,false,false,false,false,true,false,false,false,false,false,false,false,false,false,false,false,false,false,false,false,false,true,false,true,true,true,false,false,false,95,25,6,5,0,0,0,false,true,true,false
Kubernetes,guidance,Kubernetes---kb_1145_Normalized.json,1,1,0,1,0,1,0,completed,,,0.001747,0.000987,0.000769,4.8e-05,5635,3888,294,110,110,0,0,0,1,0,1,0,1,0,-1,false,false,false,false,false,false,false,false,false,true,false,false,false,false,false,false,false,false,false,false,false,false,false,false,false,false,false,false,false,false,false,false,false,false,false,true,false,true,true,true,false,false,false,41,11,3,4,0,0,0,false,false,true,false
Kubernetes,guidance,Kubernetes---kb_1146_Normalized.json,1,1,0,1,0,1,0,completed,,,0.00172,0.000998,0.000783,4.7e-05,5633,3888,292,115,115,0,0,0,1,0,1,0,1,0,-1,false,false,false,false,false,false,false,false,false,true,false,false,false,false,false,false,false,false,false,false,false,false,false,false,false,false,false,false,false,false,false,false,false,false,false,true,false,true,true,true,false,false,false,41,11,3,4,0,0,0,false,false,true,false
Kubernetes,guidance,Kubernetes---kb_1147_Normalized.json,3,2,1,2,1,3,0,completed,,,0.000355,,,,5876,2699,,,,0,1,0,2,0,1,0,1,0.333333,-1,false,false,false,false,false,false,false,false,false,true,false,false,false,false,false,false,false,false,false,false,false,false,false,false,false,false,false,false,false,false,false,false,false,false,false,true,false,true,true,true,false,false,false,24,7,2,4,0,0,0,false,false,false,false
Kubernetes,guidance,Kubernetes---kb_1149_Normalized.json,2,1,1,1,1,2,0,completed,,,0.000357,,,,4914,2729,,,,0,1,0,1,0,1,0,1,0.5,-1,false,false,false,false,false,false,false,false,false,true,false,false,false,false,false,false,false,false,false,false,false,false,false,false,false,false,false,false,false,false,false,false,false,false,false,true,false,true,true,true,false,false,false,24,7,2,4,0,0,0,false,false,false,false
Kubernetes,guidance,Kubernetes---kb_114_Normalized.json,6,2,4,2,4,6,0,completed,,,0.001293,0.00171117,0.00153517,0.0001165,5651,1094,137.833,43.3333,46,2,4,0,0,0,0,0,1,1,0,false,false,false,false,false,false,false,false,false,false,false,false,false,false,false,false,false,false,false,false,false,false,false,false,false,false,false,false,false,false,false,false,false,false,false,true,false,false,true,true,false,false,false,14,5,3,4,0,0,0,false,false,false,false
Kubernetes,guidance,Kubernetes---kb_1150_Normalized.json,3,2,1,2,1,3,0,completed,,,0.000384,,,,5845,2739,,,,0,1,0,2,0,1,0,1,0.333333,-1,false,false,false,false,false,false,false,false,false,true,false,false,false,false,false,false,false,false,false,false,false,false,false,false,false,false,false,false,false,false,false,false,false,false,false,true,false,true,true,true,false,false,false,24,7,2,4,0,0,0,false,false,false,false
Kubernetes,guidance,Kubernetes---kb_1151_Normalized.json,2,1,1,1,1,2,0,completed,,,0.00033,,,,5671,2699,,,,0,1,0,1,0,1,0,1,0.5,-1,false,false,false,false,false,false,false,false,false,true,false,false,false,false,false,false,false,false,false,false,false,false,false,false,false,false,false,false,false,false,false,false,false,false,false,true,false,true,true,true,false,false,false,24,7,2,4,0,0,0,false,false,false,false
Kubernetes,guidance,Kubernetes---kb_1152_Normalized.json,3,2,1,2,1,3,0,completed,,,0.00032,,,,5431,2739,,,,0,1,0,2,0,1,0,1,0.333333,-1,false,false,false,false,false,false,false,false,false,true,false,false,false,false,false,false,false,false,false,false,false,false,false,false,false,false,false,false,false,false,false,false,false,false,false,true,false,true,true,true,false,false,false,24,7,2,4,0,0,0,false,false,false,false
Kubernetes,guidance,Kubernetes---kb_1153_Normalized.json,4,1,3,1,3,4,0,completed,,,0.001608,0.00070425,0.00041175,3.575e-05,7695,3833,165.5,50.75,54,0,3,0,1,0,1,0,1,0.75,-1,false,false,false,false,false,false,false,false,false,true,false,false,false,false,false,false,false,false,true,false,false,false,false,false,false,false,false,false,false,false,false,false,false,false,false,true,false,true,true,true,false,false,false,34,9,3,5,0,0,0,false,false,false,false
Kubernetes,guidance,Kubernetes---kb_1154_Normalized.json,5,2,3,2,3,5,0,completed,,,0.00263,0.0006086,0.0003852,3.42e-05,8099,3833,166,50.6,53,0,3,0,2,0,1,0,1,0.6,-1,false,false,false,false,false,false,false,false,false,true,false,false,false,false,false,false,false,false,true,false,false,false,false,false,false,false,false,false,false,false,false,false,false,false,false,true,false,true,true,true,false,false,false,34,9,3,5,0,0,0,false,false,false,false
Kubernetes,guidance,Kubernetes---kb_1155_Normalized.json,5,1,4,1,4,5,0,completed,,,0.001111,0.0008658,0.0007806,5.6e-05,3422,401,25.6,13.8,15,1,4,0,0,0,0,0,1,1,0,false,false,false,false,false,false,false,false,false,false,false,false,false,false,false,false,false,false,false,false,false,false,false,false,false,false,false,false,false,false,false,false,false,false,false,true,false,false,false,true,false,false,false,9,2,0,4,0,0,0,false,false,false,false
Kubernetes,guidance,Kubernetes---kb_1156_Normalized.json,5,1,4,1,4,5,0,completed,,,0.001667,0.0007592,0.0006864,4.82e-05,3511,401,26.4,13.4,15,1,4,0,0,0,0,0,1,1,0,false,false,false,false,false,false,false,false,false,false,false,false,false,false,false,false,false,false,false,false,false,false,false,false,false,false,false,false,false,false,false,false,false,false,false,true,false,false,false,true,false,false,false,9,2,0,4,0,0,0,false,false,false,false
Kubernetes,guidance,Kubernetes---kb_1157_Normalized.json,5,2,3,2,3,5,0,completed,,,0.001888,0.0004304,0.000336,2.28e-05,10401,3901,243,72.2,76,0,3,0,2,0,1,0,1,0.6,-1,true,false,false,false,false,false,false,false,false,true,false,false,false,false,false,false,false,false,true,false,false,false,false,false,false,false,false,false,false,false,false,false,false,false,false,true,false,true,true,true,false,false,false,47,10,5,5,0,0,0,false,true,true,false
Kubernetes,guidance,Kubernetes---kb_1158_Normalized.json,6,2,4,2,4,6,0,completed,,,0.002041,0.000449,0.000345167,2.4e-05,10567,3901,204.333,61.5,71,0,4,0,2,0,1,0,1,0.666667,-1,true,false,false,false,false,false,false,false,false,true,false,false,false,false,false,false,false,false,true,false,false,false,false,false,false,false,false,false,false,false,false,false,false,false,false,true,false,true,true,true,false,false,false,47,10,5,5,0,0,0,false,true,true,false
Kubernetes,guidance,Kubernetes---kb_1159_Normalized.json,6,2,4,2,4,6,0,completed,,,0.001788,0.00198817,0.00177733,0.000146667,5466,875,126,39.1667,44,2,4,0,0,0,0,0,1,1,0,false,false,false,false,false,false,false,false,false,false,false,false,false,false,false,false,false,false,false,false,false,false,false,false,false,false,false,false,false,false,false,false,false,false,false,true,false,false,false,true,false,false,false,9,3,0,4,0,0,0,false,false,false,false
Kubernetes,guidance,Kubernetes---kb_115_Normalized.json,6,2,4,2,4,6,0,completed,,,0.002318,0.0018395,0.00163817,0.000117333,9521,2284,113.167,38.8333,70,1,4,0,1,0,0.5,0,1,0.833333,-0.5,false,false,false,false,false,false,false,false,false,true,false,false,false,false,false,false,false,false,true,false,false,false,false,false,false,false,false,false,false,false,false,false,false,false,false,true,false,true,true,true,false,false,false,23,6,2,4,0,0,0,false,false,false,false
Kubernetes,guidance,Kubernetes---kb_1160_Normalized.json,5,2,3,2,3,5,0,completed,,,0.001428,0.0019374,0.0017226,0.0001554,4612,875,127.6,37.8,40,2,3,0,0,0,0,0,1,1,0,false,false,false,false,false,false,false,false,false,false,false,false,false,false,false,false,false,false,false,false,false,false,false,false,false,false,false,false,false,false,false,false,false,false,false,true,false,false,false,true,false,false,false,9,3,0,4,0,0,0,false,false,false,false
Kubernetes,guidance,Kubernetes---kb_116_Normalized.json,6,2,4,2,4,6,0,completed,,,0.001261,0.00182233,0.001622,0.000104833,9367,2284,145.5,47.5,80,1,4,0,1,0,0.5,0,1,0.833333,-0.5,false,false,false,false,false,false,false,false,false,true,false,false,false,false,false,false,false,false,true,false,false,false,false,false,false,false,false,false,false,false,false,false,false,false,false,true,false,true,true,true,false,false,false,23,6,2,4,0,0,0,false,false,false,false
Kubernetes,guidance,Kubernetes---kb_117_Normalized.json,4,2,2,2,2,4,0,completed,,,0.001203,0.001897,0.00168625,0.00012125,7632,2780,174,62,62,1,2,0,1,0,0.5,0,1,0.75,-0.5,false,false,false,false,false,false,false,false,false,true,false,false,false,false,false,false,false,false,true,false,false,false,false,false,false,false,false,false,false,false,false,false,false,false,false,true,false,true,true,true,false,false,false,26,7,2,4,0,0,0,false,false,false,false
Kubernetes,guidance,Kubernetes---kb_118_Normalized.json,4,2,2,2,2,4,0,completed,,,0.001179,0.00224275,0.001959,0.0001555,7551,2780,158.25,58.25,59,0,2,0,2,0,1,0,1,0.5,-1,false,false,false,false,false,false,false,false,false,true,false,false,false,false,false,false,false,false,true,false,false,false,false,false,false,false,false,false,false,false,false,false,false,false,false,true,false,true,true,true,false,false,false,26,7,2,4,0,0,0,false,false,false,false
Kubernetes,guidance,Kubernetes---kb_119_Normalized.json,2,2,0,2,0,2,0,completed,,,0.008142,0.004564,0.0040205,0.0003035,45386,32475,1053,332,456,0,0,0,2,0,1,0,1,0,-1,true,false,false,false,false,false,false,false,false,true,false,false,false,false,false,false,false,false,true,false,false,false,false,false,false,false,false,false,false,false,false,true,false,false,false,true,false,true,true,true,false,false,false,347,104,15,5,4,0,0,false,true,true,false
Kubernetes,guidance,Kubernetes---kb_11_Normalized.json,2,1,1,1,1,2,0,completed,,,0.001412,0.000614,0.00056,3.25e-05,1348,244,27,7.5,9,1,1,0,0,0,0,0,1,1,0,false,false,false,false,false,false,false,false,false,false,false,false,false,false,false,false,false,false,false,false,false,false,false,false,false,false,false,false,false,false,false,false,false,false,false,true,false,false,true,true,false,false,false,6,1,1,4,0,0,0,false,false,false,false
Kubernetes,guidance,Kubernetes---kb_120_Normalized.json,4,2,2,2,2,4,0,completed,,,0.005559,0.008258,0.00728225,0.00068125,49791,32475,878.25,278.25,326,1,2,0,1,0,0.5,0,1,0.75,-0.5,true,false,false,false,false,false,false,false,false,true,false,false,false,false,false,false,false,false,true,false,false,false,false,false,false,false,false,false,false,false,false,true,false,false,false,true,false,true,true,true,false,false,false,347,104,15,5,4,0,0,false,true,true,false
Kubernetes,guidance,Kubernetes---kb_121_Normalized.json,5,1,4,1,4,5,0,completed,,,0.001427,0.0016934,0.001549,8.5e-05,3730,414,79.4,34.2,46,1,4,0,0,0,0,0,1,1,0,false,false,false,false,false,false,false,false,false,false,false,false,false,false,false,false,false,false,true,false,false,false,false,false,false,false,false,false,false,false,false,false,false,false,false,true,false,false,true,true,false,false,false,11,2,1,5,0,0,0,false,false,false,false
Kubernetes,guidance,Kubernetes---kb_122_Normalized.json,4,1,3,1,3,4,0,completed,,,0.001051,0.001419,0.00130425,6.95e-05,3444,414,73,30.75,46,1,3,0,0,0,0,0,1,1,0,false,false,false,false,false,false,false,false,false,false,false,false,false,false,false,false,false,false,true,false,false,false,false,false,false,false,false,false,false,false,false,false,false,false,false,true,false,false,true,true,false,false,false,11,2,1,5,0,0,0,false,false,false,false
Kubernetes,guidance,Kubernetes---kb_123_Normalized.json,4,1,3,1,3,4,0,completed,,,0.001325,0.00160475,0.00145925,9.225e-05,4256,1025,103,40.5,41,1,3,0,0,0,0,0,1,1,0,false,false,false,false,false,false,false,false,false,false,false,false,false,false,false,false,false,false,false,false,false,false,false,false,false,false,false,false,false,false,false,false,false,false,false,true,false,false,true,true,false,false,false,16,5,1,4,0,0,0,false,false,false,false
Kubernetes,guidance,Kubernetes---kb_124_Normalized.json,3,1,2,1,2,3,0,completed,,,0.001384,0.00167367,0.00151267,0.000112333,3582,1025,103.667,40.3333,41,1,2,0,0,0,0,0,1,1,0,false,false,false,false,false,false,false,false,false,false,false,false,false,false,false,false,false,false,false,false,false,false,false,false,false,false,false,false,false,false,false,false,false,false,false,true,false,false,true,true,false,false,false,16,5,1,4,0,0,0,false,false,false,false
Kubernetes,guidance,Kubernetes---kb_125_Normalized.json,3,2,1,2,1,3,0,completed,,,0.001891,0.00141567,0.00121833,0.0001,5733,3094,104.333,38,81,1,1,0,1,0,0.5,0,1,0.666667,-0.5,false,false,false,false,false,false,false,false,false,true,false,false,false,false,false,false,false,false,false,false,false,false,false,false,false,false,false,false,false,false,false,false,false,false,false,true,false,true,true,true,false,false,false,45,13,1,4,0,0,0,false,false,true,false
Kubernetes,guidance,Kubernetes---kb_126_Normalized.json,3,2,1,2,1,3,0,completed,,,0.001964,0.00133733,0.00116667,9e-05,5727,3094,102.333,37.6667,80,1,1,0,1,0,0.5,0,1,0.666667,-0.5,false,false,false,false,false,false,false,false,false,true,false,false,false,false,false,false,false,false,false,false,false,false,false,false,false,false,false,false,false,false,false,false,false,false,false,true,false,true,true,true,false,false,false,45,13,1,4,0,0,0,false,false,true,false
Kubernetes,guidance,Kubernetes---kb_127_Normalized.json,1,1,0,1,0,1,0,completed,,,0.001112,0.002372,0.002146,0.000172,1240,650,37,19,19,1,0,0,0,0,0,0,1,1,0,false,false,false,false,false,false,false,false,false,true,false,false,false,false,false,false,false,false,false,false,false,false,false,false,false,false,false,false,false,false,false,false,false,false,false,true,false,true,false,true,false,false,false,9,1,0,2,0,0,0,false,false,false,false
Kubernetes,guidance,Kubernetes---kb_128_Normalized.json,1,1,0,1,0,1,0,completed,,,0.001063,0.002229,0.002026,0.000152,1240,650,37,19,19,1,0,0,0,0,0,0,1,1,0,false,false,false,false,false,false,false,false,false,true,false,false,false,false,false,false,false,false,false,false,false,false,false,false,false,false,false,false,false,false,false,false,false,false,false,true,false,true,false,true,false,false,false,9,1,0,2,0,0,0,false,false,false,false
Kubernetes,guidance,Kubernetes---kb_129_Normalized.json,4,2,2,2,2,4,0,completed,,,0.001502,0.0027735,0.002523,0.0001525,4791,1462,211.5,75.75,78,2,2,0,0,0,0,0,1,1,0,false,false,false,false,false,false,false,false,false,true,false,false,false,false,false,false,false,false,false,false,false,false,false,false,false,false,false,false,false,false,false,false,false,false,false,true,false,true,true,true,false,false,false,24,7,1,4,0,0,0,false,false,false,false
Kubernetes,guidance,Kubernetes---kb_12_Normalized.json,3,1,2,1,2,3,0,completed,,,0.001311,0.00062,0.000564667,3.36667e-05,1804,244,22.6667,6.66667,9,1,2,0,0,0,0,0,1,1,0,false,false,false,false,false,false,false,false,false,false,false,false,false,false,false,false,false,false,false,false,false,false,false,false,false,false,false,false,false,false,false,false,false,false,false,true,false,false,true,true,false,false,false,6,1,1,4,0,0,0,false,false,false,false
Kubernetes,guidance,Kubernetes---kb_130_Normalized.json,6,2,4,2,4,6,0,completed,,,0.001184,0.00260917,0.00235267,0.000170167,6346,1462,213.5,75,77,2,4,0,0,0,0,0,1,1,0,false,false,false,false,false,false,false,false,false,true,false,false,false,false,false,false,false,false,false,false,false,false,false,false,false,false,false,false,false,false,false,false,false,false,false,true,false,true,true,true,false,false,false,24,7,1,4,0,0,0,false,false,false,false
Kubernetes,guidance,Kubernetes---kb_131_Normalized.json,6,2,4,2,4,6,0,completed,,,0.001118,0.001297,0.00118467,7.21667e-05,3490,315,77.3333,18.3333,23,2,4,0,0,0,0,0,1,1,0,false,false,false,false,false,false,false,false,false,false,false,false,false,false,false,false,false,false,false,false,false,false,false,false,false,false,false,false,false,false,false,false,false,false,false,true,false,false,false,true,false,false,false,7,2,0,4,0,0,0,false,false,false,false
Kubernetes,guidance,Kubernetes---kb_132_Normalized.json,6,2,4,2,4,6,0,completed,,,0.001008,0.00102467,0.000923667,5.26667e-05,3459,315,66.6667,16.6667,20,1,4,0,1,0,0.5,0,1,0.833333,-0.5,false,false,false,false,false,false,false,false,false,false,false,false,false,false,false,false,false,false,false,false,false,false,false,false,false,false,false,false,false,false,false,false,false,false,false,true,false,false,false,true,false,false,false,7,2,0,4,0,0,0,false,false,false,false
Kubernetes,guidance,Kubernetes---kb_133_Normalized.json,5,2,3,2,3,5,0,completed,,,0.002326,0.0013132,0.0011322,6.1e-05,13264,5061,519.8,198.4,211,0,3,0,2,0,1,0,1,0.6,-1,false,false,false,false,false,false,false,false,false,true,false,false,false,false,false,false,false,false,false,false,false,false,false,false,false,false,false,false,false,false,false,false,false,false,false,true,false,true,true,true,false,false,false,68,22,6,4,0,0,0,false,true,true,false
Kubernetes,guidance,Kubernetes---kb_134_Normalized.json,5,2,3,2,3,5,0,completed,,,0.002822,0.0016704,0.0014408,8.72e-05,13963,5061,693.8,363.4,666,0,3,0,2,0,1,0,1,0.6,-1,false,false,false,false,false,false,false,false,false,true,false,false,false,false,false,false,false,false,false,false,false,false,false,false,false,false,false,false,false,false,false,false,false,false,false,true,false,true,true,true,false,false,false,68,22,6,4,0,0,0,false,true,true,false
Kubernetes,guidance,Kubernetes---kb_135_Normalized.json,10,2,8,2,8,10,0,completed,,,0.002688,0.0005395,0.0004033,3.39e-05,39119,16941,864.8,238.5,277,0,8,0,2,0,1,0,1,0.8,-1,true,false,false,false,false,false,false,false,false,true,false,false,false,true,false,false,false,false,true,false,false,false,false,false,false,false,false,false,false,false,false,false,false,false,false,true,false,true,true,true,false,false,false,110,33,5,5,0,2,0,false,true,true,false
Kubernetes,guidance,Kubernetes---kb_136_Normalized.json,3,1,2,1,2,3,0,completed,,,0.00314,0.000538333,0.000403,3.1e-05,24705,17099,590.333,172.667,174,0,2,0,1,0,1,0,1,0.666667,-1,true,false,false,false,false,false,false,false,false,true,false,false,false,true,false,false,false,false,true,false,false,false,false,false,false,false,false,false,false,false,false,false,false,false,false,true,false,true,true,true,false,false,false,110,33,5,5,0,2,0,false,true,true,false
Kubernetes,guidance,Kubernetes---kb_137_Normalized.json,8,2,6,2,6,8,0,completed,,,0.002273,0.00052175,0.000378625,3.2625e-05,33975,17094,652.375,203.25,239,0,6,0,2,0,1,0,1,0.75,-1,true,false,false,false,false,false,false,false,false,true,false,false,false,true,false,false,false,false,true,false,false,false,false,false,false,false,false,false,false,false,false,false,false,false,false,true,false,true,true,true,false,false,false,110,33,5,5,0,2,0,false,true,true,false
Kubernetes,guidance,Kubernetes---kb_138_Normalized.json,10,2,8,2,8,10,0,completed,,,0.002297,0.0004588,0.0003279,2.35e-05,33651,16922,529.3,148.7,234,0,8,0,2,0,1,0,1,0.8,-1,true,false,false,false,false,false,false,false,false,true,false,false,false,true,false,false,false,false,true,false,false,false,false,false,false,false,false,false,false,false,false,false,false,false,false,true,false,true,true,true,false,false,false,109,33,5,5,0,1,0,false,true,true,false
Kubernetes,guidance,Kubernetes---kb_139_Normalized.json,6,2,4,2,4,6,0,completed,,,0.0028,0.000389167,0.000285167,2.2e-05,35670,20872,594.333,167.333,256,0,4,0,2,0,1,0,1,0.666667,-1,true,false,false,false,false,false,false,false,false,true,false,false,false,true,false,false,false,false,true,false,false,false,false,false,false,false,false,false,false,false,false,false,false,false,false,true,false,true,true,true,false,false,false,141,41,6,6,0,3,0,false,true,true,false
Kubernetes,guidance,Kubernetes---kb_13_Normalized.json,2,1,1,1,1,2,0,completed,,,0.000935,0.0009245,0.000804,9.6e-05,2355,747,40.5,12,12,1,1,0,0,0,0,0,1,1,0,false,false,false,false,false,false,false,false,false,false,false,false,false,false,false,false,false,false,false,false,false,false,false,false,false,false,false,false,false,false,false,false,false,false,false,true,false,false,false,true,false,false,false,7,2,0,4,0,0,0,false,false,false,false
Kubernetes,guidance,Kubernetes---kb_142_Normalized.json,8,1,7,1,7,8,0,completed,,,0.00251,0.00047825,0.0003375,2.4875e-05,40520,20853,709.375,207.375,246,0,7,0,1,0,1,0,1,0.875,-1,true,false,false,false,false,false,false,false,false,true,false,false,false,true,false,false,false,false,true,false,false,false,false,false,false,false,false,false,false,false,false,false,false,false,false,true,false,true,true,true,false,false,false,140,41,6,6,0,2,0,false,true,true,false
Kubernetes,guidance,Kubernetes---kb_143_Normalized.json,2,2,0,2,0,2,0,completed,,,0.02028,0.0023825,0.002038,0.000187,188439,152075,281.5,86,96,0,0,0,2,0,1,0,1,0,-1,true,false,false,false,false,false,false,false,false,true,false,false,false,true,false,false,false,false,true,false,false,false,false,false,false,false,false,false,false,false,false,true,false,false,false,true,false,true,true,true,false,false,false,1464,448,76,6,4,2,0,false,true,true,false
Kubernetes,guidance,Kubernetes---kb_144_Normalized.json,1,1,0,1,0,1,0,completed,,,0.020176,0.003058,0.002615,0.000275,187575,152053,251,76,76,0,0,0,1,0,1,0,1,0,-1,true,false,false,false,false,false,false,false,false,true,false,false,false,true,false,false,false,false,true,false,false,false,false,false,false,false,false,false,false,false,false,true,false,false,false,true,false,true,true,true,false,false,false,1464,448,76,6,4,2,0,false,true,true,false
Kubernetes,guidance,Kubernetes---kb_145_Normalized.json,1,1,0,1,0,1,0,completed,,,0.022986,0.003404,0.002941,0.000289,187521,152027,253,78,78,0,0,0,1,0,1,0,1,0,-1,true,false,false,false,false,false,false,false,false,true,false,false,false,true,false,false,false,false,true,false,false,false,false,false,false,false,false,false,false,false,false,true,false,false,false,true,false,true,true,true,false,false,false,1463,448,76,6,4,1,0,false,true,true,false
Kubernetes,guidance,Kubernetes---kb_146_Normalized.json,1,1,0,1,0,1,0,completed,,,0.021176,0.005217,0.004497,0.000486,192527,155958,375,119,119,0,0,0,1,0,1,0,1,0,-1,true,false,false,false,false,false,false,false,false,true,false,false,false,true,false,false,false,false,true,false,false,false,false,false,false,false,false,false,false,false,false,true,false,false,false,true,false,true,true,true,false,false,false,1495,456,77,6,4,3,0,false,true,true,false
Kubernetes,guidance,Kubernetes---kb_149_Normalized.json,4,2,2,2,2,4,0,completed,,,0.019304,0.000285,0.000216,1.3e-05,185853,147736,236,72.5,87,0,2,0,2,0,1,0,1,0.5,-1,true,false,false,false,false,false,false,false,false,true,false,false,false,false,false,false,false,false,true,false,false,false,false,false,false,false,false,false,false,false,false,true,false,false,false,true,false,true,true,true,false,false,false,1419,434,76,6,4,0,0,false,true,true,false
Kubernetes,guidance,Kubernetes---kb_14_Normalized.json,3,2,1,2,1,3,0,completed,,,0.00186,0.000938667,0.000823333,8.76667e-05,2458,684,40.3333,12,12,2,1,0,0,0,0,0,1,1,0,false,false,false,false,false,false,false,false,false,false,false,false,false,false,false,false,false,false,false,false,false,false,false,false,false,false,false,false,false,false,false,false,false,false,false,true,false,false,false,true,false,false,false,7,2,0,4,0,0,0,false,false,false,false
Kubernetes,guidance,Kubernetes---kb_150_Normalized.json,4,2,2,2,2,4,0,completed,,,0.025513,0.0003025,0.00024225,1.325e-05,186151,147708,253.5,75,83,0,2,0,2,0,1,0,1,0.5,-1,true,false,false,false,false,false,false,false,false,true,false,false,false,false,false,false,false,false,true,false,false,false,false,false,false,false,false,false,false,false,false,true,false,false,false,true,false,true,true,true,false,false,false,1419,434,76,6,4,0,0,false,true,true,false
Kubernetes,guidance,Kubernetes---kb_151_Normalized.json,2,2,0,2,0,2,0,completed,,,0.024803,0.000385,0.000275,1.55e-05,182925,147708,205,62,65,0,0,0,2,0,1,0,1,0,-1,true,false,false,false,false,false,false,false,false,true,false,false,false,false,false,false,false,false,true,false,false,false,false,false,false,false,false,false,false,false,false,true,false,false,false,true,false,true,true,true,false,false,false,1419,434,76,6,4,0,0,false,true,true,false
Kubernetes,guidance,Kubernetes---kb_152_Normalized.json,6,1,5,1,5,6,0,completed,,,0.002307,0.00107283,0.000915667,8.83333e-05,9371,2717,296.833,104.667,147,0,5,0,1,0,1,0,1,0.833333,-1,false,false,false,false,false,false,false,false,false,true,false,false,false,false,false,false,false,false,true,false,false,false,false,false,false,false,false,false,false,false,false,false,false,false,false,true,false,true,false,true,false,false,false,30,9,0,4,0,0,0,false,false,false,false
Kubernetes,guidance,Kubernetes---kb_153_Normalized.json,8,2,6,2,6,8,0,completed,,,0.001716,0.00104137,0.000894375,6.7125e-05,10320,2717,230.5,82,140,0,6,0,2,0,1,0,1,0.75,-1,false,false,false,false,false,false,false,false,false,true,false,false,false,false,false,false,false,false,true,false,false,false,false,false,false,false,false,false,false,false,false,false,false,false,false,true,false,true,false,true,false,false,false,30,9,0,4,0,0,0,false,false,false,false
Kubernetes,guidance,Kubernetes---kb_154_Normalized.json,6,1,5,1,5,6,0,completed,,,0.001642,0.001143,0.000967667,8.18333e-05,10621,2717,312.5,108.333,175,0,5,0,1,0,1,0,1,0.833333,-1,false,false,false,false,false,false,false,false,false,true,false,false,false,false,false,false,false,false,true,false,false,false,false,false,false,false,false,false,false,false,false,false,false,false,false,true,false,true,false,true,false,false,false,30,9,0,4,0,0,0,false,false,false,false
Kubernetes,guidance,Kubernetes---kb_155_Normalized.json,3,1,2,1,2,3,0,completed,,,0.000929,0.000921333,0.000832667,4.93333e-05,2478,577,54.3333,21,22,1,2,0,0,0,0,0,1,1,0,false,false,false,false,false,false,false,false,false,false,false,false,false,false,false,false,false,false,false,false,false,false,false,false,false,false,false,false,false,false,false,false,false,false,false,true,false,false,true,true,false,false,false,10,3,2,4,0,0,0,false,false,false,false
Kubernetes,guidance,Kubernetes---kb_156_Normalized.json,5,1,4,1,4,5,0,completed,,,0.000971,0.0007984,0.00072,4.6e-05,3648,577,54.8,21.2,22,1,4,0,0,0,0,0,1,1,0,false,false,false,false,false,false,false,false,false,false,false,false,false,false,false,false,false,false,false,false,false,false,false,false,false,false,false,false,false,false,false,false,false,false,false,true,false,false,true,true,false,false,false,10,3,2,4,0,0,0,false,false,false,false
Kubernetes,guidance,Kubernetes---kb_157_Normalized.json,5,1,4,1,4,5,0,completed,,,0.001284,0.0008024,0.0007204,4.64e-05,3694,577,60.6,22.6,30,1,4,0,0,0,0,0,1,1,0,false,false,false,false,false,false,false,false,false,false,false,false,false,false,false,false,false,false,false,false,false,false,false,false,false,false,false,false,false,false,false,false,false,false,false,true,false,false,true,true,false,false,false,10,3,2,4,0,0,0,false,false,false,false
Kubernetes,guidance,Kubernetes---kb_158_Normalized.json,4,1,3,1,3,4,0,completed,,,0.000903,0.00074475,0.00067,4.15e-05,3037,577,55.25,20.75,22,1,3,0,0,0,0,0,1,1,0,false,false,false,false,false,false,false,false,false,false,false,false,false,false,false,false,false,false,false,false,false,false,false,false,false,false,false,false,false,false,false,false,false,false,false,true,false,false,true,true,false,false,false,10,3,2,4,0,0,0,false,false,false,false
Kubernetes,guidance,Kubernetes---kb_159_Normalized.json,5,2,3,2,3,5,0,completed,,,0.0023,0.003161,0.002749,0.0002108,26911,18440,248,75.2,84,0,3,0,2,0,1,0,1,0.6,-1,true,false,false,false,false,false,false,false,false,true,false,false,false,true,false,false,false,false,true,false,false,false,false,false,false,false,false,false,false,false,false,false,false,false,false,true,false,true,true,true,false,false,false,117,35,5,5,0,2,0,false,true,true,false
Kubernetes,guidance,Kubernetes---kb_15_Normalized.json,4,2,2,2,2,4,0,completed,,,0.001715,0.00129775,0.001152,0.00010925,3108,684,40.5,12.25,13,2,2,0,0,0,0,0,1,1,0,false,false,false,false,false,false,false,false,false,false,false,false,false,false,false,false,false,false,false,false,false,false,false,false,false,false,false,false,false,false,false,false,false,false,false,true,false,false,false,true,false,false,false,7,2,0,4,0,0,0,false,false,false,false
Kubernetes,guidance,Kubernetes---kb_160_Normalized.json,6,2,4,2,4,6,0,completed,,,0.003672,0.00394517,0.0034975,0.000245167,28489,18644,262.833,80,88,0,4,0,2,0,1,0,1,0.666667,-1,true,false,false,false,false,false,false,false,false,true,false,false,false,true,false,false,false,false,true,false,false,false,false,false,false,false,false,false,false,false,false,false,false,false,false,true,false,true,true,true,false,false,false,116,35,5,5,0,2,0,false,true,true,false
Kubernetes,guidance,Kubernetes---kb_161_Normalized.json,8,2,6,2,6,8,0,completed,,,0.003558,0.00391925,0.00349812,0.000214875,31344,18610,261.875,80.25,88,0,6,0,2,0,1,0,1,0.75,-1,true,false,false,false,false,false,false,false,false,true,false,false,false,true,false,false,false,false,true,false,false,false,false,false,false,false,false,false,false,false,false,false,false,false,false,true,false,true,true,true,false,false,false,115,35,5,5,0,1,0,false,true,true,false
Kubernetes,guidance,Kubernetes---kb_162_Normalized.json,7,2,5,2,5,7,0,completed,,,0.003773,0.00365871,0.00316571,0.000267571,33796,22338,322.571,101.286,128,0,5,0,2,0,1,0,1,0.714286,-1,true,false,false,false,false,false,false,false,false,true,false,false,false,true,false,false,false,false,true,false,false,false,false,false,false,false,false,false,false,false,false,false,false,false,false,true,false,true,true,true,false,false,false,148,43,6,6,0,3,0,false,true,true,false
Kubernetes,guidance,Kubernetes---kb_163_Normalized.json,5,2,3,2,3,5,0,completed,,,0.00529,0.004052,0.0035522,0.0002664,31627,22557,393.2,124.8,139,0,3,0,2,0,1,0,1,0.6,-1,true,false,false,false,false,false,false,false,false,true,false,false,false,true,false,false,false,false,true,false,false,false,false,false,false,false,false,false,false,false,false,false,false,false,false,true,false,true,true,true,false,false,false,147,43,6,6,0,3,0,false,true,true,false
Kubernetes,guidance,Kubernetes---kb_164_Normalized.json,5,1,4,1,4,5,0,completed,,,0.003903,0.0044342,0.0039478,0.0002456,32112,22523,345.2,108.2,112,0,4,0,1,0,1,0,1,0.8,-1,true,false,false,false,false,false,false,false,false,true,false,false,false,true,false,false,false,false,true,false,false,false,false,false,false,false,false,false,false,false,false,false,false,false,false,true,false,true,true,true,false,false,false,146,43,6,6,0,2,0,false,true,true,false
Kubernetes,guidance,Kubernetes---kb_165_Normalized.json,4,1,3,1,3,4,0,completed,,,0.001445,0.00116125,0.0009715,0.00012375,8458,3182,101.75,27.75,28,0,3,0,1,0,1,0,1,0.75,-1,false,false,false,false,false,false,false,false,false,false,false,false,false,false,false,false,false,false,true,false,false,false,false,false,false,false,false,false,false,false,false,false,false,false,false,true,false,false,false,true,false,false,false,12,3,0,5,0,0,0,false,false,false,false
Kubernetes,guidance,Kubernetes---kb_166_Normalized.json,7,1,6,1,6,7,0,completed,,,0.001358,0.00117343,0.000992429,9.62857e-05,11010,3131,101.286,27.7143,30,0,6,0,1,0,1,0,1,0.857143,-1,false,false,false,false,false,false,false,false,false,false,false,false,false,false,false,false,false,false,true,false,false,false,false,false,false,false,false,false,false,false,false,false,false,false,false,true,false,false,false,true,false,false,false,11,3,0,5,0,0,0,false,false,false,false
Kubernetes,guidance,Kubernetes---kb_167_Normalized.json,7,1,6,1,6,7,0,completed,,,0.001316,0.00114971,0.000975857,9.22857e-05,11041,3131,103.714,28.5714,30,0,6,0,1,0,1,0,1,0.857143,-1,false,false,false,false,false,false,false,false,false,false,false,false,false,false,false,false,false,false,true,false,false,false,false,false,false,false,false,false,false,false,false,false,false,false,false,true,false,false,false,true,false,false,false,11,3,0,5,0,0,0,false,false,false,false
Kubernetes,guidance,Kubernetes---kb_168_Normalized.json,3,1,2,1,2,3,0,completed,,,0.003533,0.0178873,0.0161217,0.001155,29816,18391,1178,386.667,397,0,2,0,1,0,1,0,1,0.666667,-1,true,false,false,false,false,false,false,false,false,true,false,false,false,true,false,false,false,false,true,false,false,false,false,false,false,false,false,false,false,false,false,false,false,false,false,true,false,true,true,true,false,false,false,135,38,8,5,0,2,0,false,true,true,false
Kubernetes,guidance,Kubernetes---kb_169_Normalized.json,5,2,3,2,3,5,0,completed,,,0.003592,0.0039784,0.0034904,0.0002542,30456,18525,475.4,153.4,196,0,3,0,2,0,1,0,1,0.6,-1,true,false,false,false,false,false,false,false,false,true,false,false,false,true,false,false,false,false,true,false,false,false,false,false,false,false,false,false,false,false,false,false,false,false,false,true,false,true,true,true,false,false,false,135,38,8,5,0,2,0,false,true,true,false
Kubernetes,guidance,Kubernetes---kb_16_Normalized.json,6,2,4,2,4,6,0,completed,,,0.002234,0.002523,0.00220467,0.000170333,13550,3757,478.833,155.5,196,0,4,0,2,0,1,0,1,0.666667,-1,false,false,false,false,false,false,false,false,false,true,false,false,false,true,false,false,false,false,true,false,false,false,false,false,false,false,false,false,false,false,false,false,false,false,false,true,false,true,true,true,false,false,false,43,10,6,4,0,2,0,false,true,true,false
Kubernetes,guidance,Kubernetes---kb_170_Normalized.json,6,2,4,2,4,6,0,completed,,,0.003577,0.0043935,0.00393217,0.000236833,32445,18491,520.5,170,272,0,4,0,2,0,1,0,1,0.666667,-1,true,false,false,false,false,false,false,false,false,true,false,false,false,true,false,false,false,false,true,false,false,false,false,false,false,false,false,false,false,false,false,false,false,false,false,true,false,true,true,true,false,false,false,134,38,8,5,0,1,0,false,true,true,false
Kubernetes,guidance,Kubernetes---kb_171_Normalized.json,5,2,3,2,3,5,0,completed,,,0.001622,0.0020424,0.0018422,0.0001356,7106,2666,132.4,42.8,44,2,3,0,0,0,0,0,1,1,0,false,false,false,false,false,false,false,false,false,true,false,false,false,false,false,false,false,false,true,false,false,false,false,false,false,false,false,false,false,false,false,false,false,false,false,true,false,true,true,true,false,false,false,21,5,2,5,0,0,0,false,false,false,false
Kubernetes,guidance,Kubernetes---kb_172_Normalized.json,5,2,3,2,3,5,0,completed,,,0.002104,0.0021176,0.0019076,0.0001408,7467,2646,132,43.6,45,2,3,0,0,0,0,0,1,1,0,false,false,false,false,false,false,false,false,false,true,false,false,false,false,false,false,false,false,true,false,false,false,false,false,false,false,false,false,false,false,false,false,false,false,false,true,false,true,true,true,false,false,false,21,5,2,5,0,0,0,false,false,false,false
Kubernetes,guidance,Kubernetes---kb_173_Normalized.json,5,2,3,2,3,5,0,completed,,,0.001574,0.0020742,0.0018648,0.000138,7070,2646,129.8,42.6,43,2,3,0,0,0,0,0,1,1,0,false,false,false,false,false,false,false,false,false,true,false,false,false,false,false,false,false,false,true,false,false,false,false,false,false,false,false,false,false,false,false,false,false,false,false,true,false,true,true,true,false,false,false,21,5,2,5,0,0,0,false,false,false,false
Kubernetes,guidance,Kubernetes---kb_174_Normalized.json,5,1,4,1,4,5,0,completed,,,0.004229,0.0044264,0.0039,0.000263,42829,22275,1190.6,384.6,424,0,4,0,1,0,1,0,1,0.8,-1,true,false,false,false,false,false,false,false,false,true,false,false,false,true,false,false,false,false,true,false,false,false,false,false,false,false,false,false,false,false,false,false,false,false,false,true,false,true,true,true,false,false,false,166,46,9,6,0,3,0,false,true,true,false
Kubernetes,guidance,Kubernetes---kb_175_Normalized.json,5,1,4,1,4,5,0,completed,,,0.004321,0.005397,0.0047878,0.0002998,39543,22424,929.2,296.6,326,0,4,0,1,0,1,0,1,0.8,-1,true,false,false,false,false,false,false,false,false,true,false,false,false,true,false,false,false,false,true,false,false,false,false,false,false,false,false,false,false,false,false,false,false,false,false,true,false,true,true,true,false,false,false,166,46,9,6,0,3,0,false,true,true,false
Kubernetes,guidance,Kubernetes---kb_176_Normalized.json,6,1,5,1,5,6,0,completed,,,0.004732,0.00610967,0.00547767,0.000305833,44636,22390,1112.67,367.667,413,0,5,0,1,0,1,0,1,0.833333,-1,true,false,false,false,false,false,false,false,false,true,false,false,false,true,false,false,false,false,true,false,false,false,false,false,false,false,false,false,false,false,false,false,false,false,false,true,false,true,true,true,false,false,false,165,46,9,6,0,2,0,false,true,true,false
Kubernetes,guidance,Kubernetes---kb_177_Normalized.json,6,2,4,2,4,6,0,completed,,,0.001907,0.00494717,0.00452567,0.000266667,11553,3281,246.5,80,95,2,4,0,0,0,0,0,1,1,0,false,false,false,false,false,false,false,false,false,true,false,false,false,false,false,false,false,false,true,false,false,false,false,false,false,false,false,false,false,false,false,false,false,false,false,true,false,true,true,true,false,false,false,31,6,3,5,0,0,0,false,false,false,false
Kubernetes,guidance,Kubernetes---kb_178_Normalized.json,8,2,6,2,6,8,0,completed,,,0.00177,0.00367238,0.00332987,0.000213875,15126,3271,250.5,78,153,2,6,0,0,0,0,0,1,1,0,false,false,false,false,false,false,false,false,false,true,false,false,false,false,false,false,false,false,true,false,false,false,false,false,false,false,false,false,false,false,false,false,false,false,false,true,false,true,true,true,false,false,false,31,6,3,5,0,0,0,false,false,false,false
Kubernetes,guidance,Kubernetes---kb_179_Normalized.json,7,2,5,2,5,7,0,completed,,,0.002361,0.00466714,0.004251,0.000269286,13598,3271,278.429,90.8571,175,2,5,0,0,0,0,0,1,1,0,false,false,false,false,false,false,false,false,false,true,false,false,false,false,false,false,false,false,true,false,false,false,false,false,false,false,false,false,false,false,false,false,false,false,false,true,false,true,true,true,false,false,false,31,6,3,5,0,0,0,false,false,false,false
Kubernetes,guidance,Kubernetes---kb_17_Normalized.json,8,2,6,2,6,8,0,completed,,,0.001956,0.00241225,0.00208925,0.000161375,17668,3743,473.125,152.125,213,0,6,0,2,0,1,0,1,0.75,-1,false,false,false,false,false,false,false,false,false,true,false,false,false,true,false,false,false,false,true,false,false,false,false,false,false,false,false,false,false,false,false,false,false,false,false,true,false,true,true,true,false,false,false,42,10,6,4,0,1,0,false,true,true,false
Kubernetes,guidance,Kubernetes---kb_180_Normalized.json,7,2,5,2,5,7,0,completed,,,0.001838,0.00422257,0.00378271,0.000303571,12729,3494,499.857,136.143,143,2,5,0,0,0,0,0,1,1,0,true,false,false,false,false,false,false,false,false,true,false,false,false,false,false,false,false,false,false,false,false,false,false,false,false,false,false,false,false,false,false,false,false,false,false,true,false,true,true,true,false,false,false,32,11,2,5,0,0,0,false,false,true,false
Kubernetes,guidance,Kubernetes---kb_181_Normalized.json,7,2,5,2,5,7,0,completed,,,0.001455,0.00332586,0.003017,0.000197143,12477,3494,479.857,131.286,142,2,5,0,0,0,0,0,1,1,0,true,false,false,false,false,false,false,false,false,true,false,false,false,false,false,false,false,false,false,false,false,false,false,false,false,false,false,false,false,false,false,false,false,false,false,true,false,true,true,true,false,false,false,32,11,2,5,0,0,0,false,false,true,false
Kubernetes,guidance,Kubernetes---kb_182_Normalized.json,7,2,5,2,5,7,0,completed,,,0.001707,0.00256486,0.00229571,0.000176571,7819,1908,181.857,55.4286,62,2,5,0,0,0,0,0,1,1,0,true,false,false,false,false,false,false,false,false,true,false,false,false,false,false,false,false,false,false,false,false,false,false,false,false,false,false,false,false,false,false,false,false,false,false,true,false,true,true,true,false,false,false,22,6,1,5,0,0,0,false,false,false,false
Kubernetes,guidance,Kubernetes---kb_183_Normalized.json,3,1,2,1,2,3,0,completed,,,0.001759,0.00270733,0.00241633,0.000200667,4948,1908,183.333,56.3333,62,1,2,0,0,0,0,0,1,1,0,true,false,false,false,false,false,false,false,false,true,false,false,false,false,false,false,false,false,false,false,false,false,false,false,false,false,false,false,false,false,false,false,false,false,false,true,false,true,true,true,false,false,false,22,6,1,5,0,0,0,false,false,false,false
Kubernetes,guidance,Kubernetes---kb_184_Normalized.json,6,2,4,2,4,6,0,completed,,,0.001696,0.00133917,0.0011365,7.48333e-05,6874,1423,167.167,46.1667,48,0,4,0,2,0,1,0,1,0.666667,-1,false,false,false,false,false,false,false,false,false,false,false,false,false,false,false,false,false,false,false,false,false,false,false,false,false,false,false,false,false,false,false,false,false,false,false,true,false,false,true,true,false,false,false,17,6,3,4,0,0,0,false,false,false,false
Kubernetes,guidance,Kubernetes---kb_185_Normalized.json,9,2,7,2,7,9,0,completed,,,0.001041,0.000409444,0.000316111,2.17778e-05,9162,1423,162,45,48,0,7,0,2,0,1,0,1,0.777778,-1,false,false,false,false,false,false,false,false,false,false,false,false,false,false,false,false,false,false,false,false,false,false,false,false,false,false,false,false,false,false,false,false,false,false,false,true,false,false,true,true,false,false,false,17,6,3,4,0,0,0,false,false,false,false
Kubernetes,guidance,Kubernetes---kb_186_Normalized.json,10,2,8,2,8,10,0,completed,,,0.001068,0.0005109,0.0003836,2.86e-05,9821,1423,140,42.3,44,0,8,0,2,0,1,0,1,0.8,-1,false,false,false,false,false,false,false,false,false,false,false,false,false,false,false,false,false,false,false,false,false,false,false,false,false,false,false,false,false,false,false,false,false,false,false,true,false,false,true,true,false,false,false,17,6,3,4,0,0,0,false,false,false,false
Kubernetes,guidance,Kubernetes---kb_187_Normalized.json,2,1,1,1,1,2,0,completed,,,0.002032,0.001736,0.0014325,0.0001105,8118,4863,190,58.5,59,0,1,0,1,0,1,0,1,0.5,-1,false,false,false,false,false,false,false,false,false,true,false,false,false,false,false,false,false,false,true,false,false,false,false,false,false,false,false,false,false,false,false,false,false,false,false,true,false,true,true,true,false,false,false,42,11,4,5,0,0,0,false,false,true,false
Kubernetes,guidance,Kubernetes---kb_188_Normalized.json,4,1,3,1,3,4,0,completed,,,0.002207,0.0013145,0.00108,8.25e-05,9515,4437,182.5,52,55,0,3,0,1,0,1,0,1,0.75,-1,false,false,false,false,false,false,false,false,false,true,false,false,false,false,false,false,false,false,true,false,false,false,false,false,false,false,false,false,false,false,false,false,false,false,false,true,false,true,true,true,false,false,false,36,10,3,5,0,0,0,false,false,true,false
Kubernetes,guidance,Kubernetes---kb_189_Normalized.json,6,2,4,2,4,6,0,completed,,,0.001633,0.00162867,0.00135217,0.000104833,10439,4437,187.167,52.5,55,0,4,0,2,0,1,0,1,0.666667,-1,false,false,false,false,false,false,false,false,false,true,false,false,false,false,false,false,false,false,true,false,false,false,false,false,false,false,false,false,false,false,false,false,false,false,false,true,false,true,true,true,false,false,false,36,10,3,5,0,0,0,false,false,true,false
Kubernetes,guidance,Kubernetes---kb_18_Normalized.json,6,2,4,2,4,6,0,completed,,,0.002968,0.0023055,0.00199183,0.0001555,15416,4983,409.333,134.833,138,0,4,0,2,0,1,0,1,0.666667,-1,false,false,false,false,false,false,false,false,false,true,false,false,false,true,false,false,false,false,true,false,false,false,false,false,false,false,false,false,false,false,false,false,false,false,false,true,false,true,true,true,false,false,false,60,13,7,6,0,3,0,false,true,true,false
Kubernetes,guidance,Kubernetes---kb_190_Normalized.json,4,2,2,2,2,4,0,completed,,,0.006108,0.0024135,0.0021165,0.00015275,61514,45521,500.75,148,151,0,2,0,2,0,1,0,1,0.5,-1,true,false,false,false,false,false,false,false,false,true,false,false,false,true,false,false,false,false,true,false,false,false,false,false,false,false,false,false,false,false,false,false,false,false,false,true,false,true,true,true,false,false,false,363,127,25,5,0,2,0,false,true,true,false
Kubernetes,guidance,Kubernetes---kb_191_Normalized.json,3,2,1,2,1,3,0,completed,,,0.006064,0.001979,0.00171367,0.00013,60514,48181,339,103.333,116,0,1,0,2,0,1,0,1,0.333333,-1,true,false,false,false,false,false,false,false,false,true,false,false,false,true,false,false,false,false,true,false,false,false,false,false,false,false,false,false,false,false,false,false,false,false,false,true,false,true,true,true,false,false,false,367,130,23,5,0,2,0,false,true,true,false
Kubernetes,guidance,Kubernetes---kb_192_Normalized.json,6,2,4,2,4,6,0,completed,,,0.006736,0.0023995,0.00211667,0.000136167,67622,48141,577.667,172,196,0,4,0,2,0,1,0,1,0.666667,-1,true,false,false,false,false,false,false,false,false,true,false,false,false,true,false,false,false,false,true,false,false,false,false,false,false,false,false,false,false,false,false,false,false,false,false,true,false,true,true,true,false,false,false,366,130,23,5,0,1,0,false,true,true,false
Kubernetes,guidance,Kubernetes---kb_193_Normalized.json,4,2,2,2,2,4,0,completed,,,0.00144,0.0022585,0.0020795,9.875e-05,4104,1285,145.5,48.25,52,2,2,0,0,0,0,0,1,1,0,false,false,false,false,false,false,false,false,false,true,false,false,false,false,false,false,false,false,false,false,false,false,false,false,false,false,false,false,false,false,false,false,false,false,false,true,false,true,true,true,false,false,false,18,5,2,4,0,0,0,false,false,false,false
Kubernetes,guidance,Kubernetes---kb_194_Normalized.json,6,2,4,2,4,6,0,completed,,,0.001216,0.00185583,0.00169,9.41667e-05,5697,1285,151.667,46.1667,49,2,4,0,0,0,0,0,1,1,0,false,false,false,false,false,false,false,false,false,true,false,false,false,false,false,false,false,false,false,false,false,false,false,false,false,false,false,false,false,false,false,false,false,false,false,true,false,true,true,true,false,false,false,18,5,2,4,0,0,0,false,false,false,false
Kubernetes,guidance,Kubernetes---kb_195_Normalized.json,3,1,2,1,2,3,0,completed,,,0.001456,0.00236867,0.00214667,0.000127667,3783,1285,147.333,47.6667,49,1,2,0,0,0,0,0,1,1,0,false,false,false,false,false,false,false,false,false,true,false,false,false,false,false,false,false,false,false,false,false,false,false,false,false,false,false,false,false,false,false,false,false,false,false,true,false,true,true,true,false,false,false,18,5,2,4,0,0,0,false,false,false,false
Kubernetes,guidance,Kubernetes---kb_197_Normalized.json,4,1,3,1,3,4,0,completed,,,0.006277,0.00331175,0.002917,0.00020075,69126,52135,566.5,161.75,176,0,3,0,1,0,1,0,1,0.75,-1,true,false,false,false,false,false,false,false,false,true,false,false,false,true,false,false,false,false,true,false,false,false,false,false,false,false,false,false,false,false,false,false,false,false,false,true,false,true,true,true,false,false,false,397,138,24,6,0,3,0,false,true,true,false
Kubernetes,guidance,Kubernetes---kb_199_Normalized.json,5,2,3,2,3,5,0,completed,,,0.001199,0.0012836,0.0010668,0.0001184,5558,1547,169,48.4,53,0,3,0,2,0,1,0,1,0.6,-1,false,false,false,false,false,false,false,false,false,false,false,false,false,false,false,false,false,false,true,false,false,false,false,false,false,false,false,false,false,false,false,false,false,false,false,true,false,false,true,true,false,false,false,20,6,2,5,0,0,0,false,false,false,false
Kubernetes,guidance,Kubernetes---kb_19_Normalized.json,6,1,5,1,5,6,0,completed,,,0.001525,0.00221733,0.00193633,0.000125,17259,4969,432.5,142.167,152,0,5,0,1,0,1,0,1,0.833333,-1,false,false,false,false,false,false,false,false,false,true,false,false,false,true,false,false,false,false,true,false,false,false,false,false,false,false,false,false,false,false,false,false,false,false,false,true,false,true,true,true,false,false,false,59,13,7,6,0,2,0,false,true,true,false
Kubernetes,guidance,Kubernetes---kb_1_Normalized.json,2,2,0,2,0,2,0,completed,,,0.003124,0.007393,0.0064755,0.0006285,21621,12907,1157,309,309,0,0,0,2,0,1,0,1,0,-1,true,false,false,false,false,false,false,false,false,true,false,false,false,false,false,false,false,false,true,false,false,false,false,false,false,false,false,false,false,false,false,false,false,false,false,true,false,true,true,true,false,false,false,127,27,10,5,0,0,0,false,true,true,false
Kubernetes,guidance,Kubernetes---kb_200_Normalized.json,3,1,2,1,2,3,0,completed,,,0.001253,0.000483,0.000338,2.56667e-05,4156,1547,149,44,46,0,2,0,1,0,1,0,1,0.666667,-1,false,false,false,false,false,false,false,false,false,false,false,false,false,false,false,false,false,false,true,false,false,false,false,false,false,false,false,false,false,false,false,false,false,false,false,true,false,false,true,true,false,false,false,20,6,2,5,0,0,0,false,false,false,false
Kubernetes,guidance,Kubernetes---kb_201_Normalized.json,6,2,4,2,4,6,0,completed,,,0.00124,0.000622167,0.000452167,3.85e-05,5947,1547,165.333,47.6667,53,0,4,0,2,0,1,0,1,0.666667,-1,false,false,false,false,false,false,false,false,false,false,false,false,false,false,false,false,false,false,true,false,false,false,false,false,false,false,false,false,false,false,false,false,false,false,false,true,false,false,true,true,false,false,false,20,6,2,5,0,0,0,false,false,false,false
Kubernetes,guidance,Kubernetes---kb_202_Normalized.json,5,1,4,1,4,5,0,completed,,,0.007138,0.0125782,0.0114686,0.000662,53542,28047,1786.2,442.2,457,0,4,0,1,0,1,0,1,0.8,-1,true,false,false,false,false,false,false,false,false,true,false,false,false,false,false,false,false,false,true,false,false,false,false,false,false,false,false,false,false,false,false,false,false,false,false,true,false,true,true,true,false,false,false,231,86,18,5,0,0,0,false,true,true,false
Kubernetes,guidance,Kubernetes---kb_203_Normalized.json,5,1,4,1,4,5,0,completed,,,0.006302,0.0067682,0.005957,0.0005602,45652,30567,439.2,131.2,218,1,4,0,0,0,0,0,1,1,0,true,false,false,false,false,false,false,false,false,true,false,false,false,false,false,false,false,false,true,false,false,false,false,false,false,false,false,false,false,false,false,false,false,false,false,true,false,true,true,true,false,false,false,235,89,16,5,0,0,0,false,true,true,false
Kubernetes,guidance,Kubernetes---kb_204_Normalized.json,6,2,4,2,4,6,0,completed,,,0.006178,0.00186417,0.001572,0.000128,44911,30567,349,104.167,119,0,4,0,2,0,1,0,1,0.666667,-1,true,false,false,false,false,false,false,false,false,true,false,false,false,false,false,false,false,false,true,false,false,false,false,false,false,false,false,false,false,false,false,false,false,false,false,true,false,true,true,true,false,false,false,235,89,16,5,0,0,0,false,true,true,false
Kubernetes,guidance,Kubernetes---kb_205_Normalized.json,4,1,3,1,3,4,0,completed,,,0.002198,0.001064,0.00080525,8.025e-05,11807,4311,459.5,143.5,157,0,3,0,1,0,1,0,1,0.75,-1,false,false,false,false,false,false,false,false,false,true,false,false,false,false,false,false,false,false,true,false,false,false,false,false,false,false,false,false,false,false,false,false,false,false,false,true,false,true,true,true,false,false,false,51,14,4,5,0,0,0,false,false,true,false
Kubernetes,guidance,Kubernetes---kb_206_Normalized.json,6,2,4,2,4,6,0,completed,,,0.002092,0.0011005,0.000828667,8.21667e-05,13364,4331,520.5,160.333,207,0,4,0,2,0,1,0,1,0.666667,-1,false,false,false,false,false,false,false,false,false,true,false,false,false,false,false,false,false,false,true,false,false,false,false,false,false,false,false,false,false,false,false,false,false,false,false,true,false,true,true,true,false,false,false,51,14,4,5,0,0,0,false,false,true,false
Kubernetes,guidance,Kubernetes---kb_207_Normalized.json,7,2,5,2,5,7,0,completed,,,0.002111,0.000974571,0.000750143,6.4e-05,15278,4331,495.571,149,174,0,5,0,2,0,1,0,1,0.714286,-1,false,false,false,false,false,false,false,false,false,true,false,false,false,false,false,false,false,false,true,false,false,false,false,false,false,false,false,false,false,false,false,false,false,false,false,true,false,true,true,true,false,false,false,51,14,4,5,0,0,0,false,false,true,false
Kubernetes,guidance,Kubernetes---kb_208_Normalized.json,7,2,5,2,5,7,0,completed,,,0.004828,0.00410843,0.00363643,0.000251286,37386,18642,590,166.429,182,0,5,0,2,0,1,0,1,0.714286,-1,true,false,false,false,false,false,false,false,false,true,false,false,false,false,false,false,false,false,true,false,false,false,false,false,false,false,false,false,false,false,false,false,false,false,false,true,false,true,true,true,false,false,false,152,63,8,5,0,0,0,false,true,true,false
Kubernetes,guidance,Kubernetes---kb_209_Normalized.json,4,2,2,2,2,4,0,completed,,,0.004738,0.00226275,0.00201,0.000123,30385,19375,556.25,156.5,179,0,2,0,2,0,1,0,1,0.5,-1,true,false,false,false,false,false,false,false,false,true,false,false,false,false,false,false,false,false,true,false,false,false,false,false,false,false,false,false,false,false,false,false,false,false,false,true,false,true,true,true,false,false,false,152,63,8,5,0,0,0,false,true,true,false
Kubernetes,guidance,Kubernetes---kb_20_Normalized.json,7,2,5,2,5,7,0,completed,,,0.001923,0.000600143,0.000433286,3.02857e-05,10060,2390,283,88.2857,107,0,5,0,2,0,1,0,1,0.714286,-1,false,false,false,false,false,false,false,false,false,false,false,false,false,false,false,false,false,false,true,false,false,false,false,false,false,false,false,false,false,false,false,false,false,false,false,true,false,false,true,true,false,false,false,30,10,5,5,0,0,0,false,true,true,false
Kubernetes,guidance,Kubernetes---kb_210_Normalized.json,6,2,4,2,4,6,0,completed,,,0.004945,0.000907333,0.000676833,5.73333e-05,35675,19375,670.833,193.833,226,0,4,0,2,0,1,0,1,0.666667,-1,true,false,false,false,false,false,false,false,false,true,false,false,false,false,false,false,false,false,true,false,false,false,false,false,false,false,false,false,false,false,false,false,false,false,false,true,false,true,true,true,false,false,false,152,63,8,5,0,0,0,false,true,true,false
Kubernetes,guidance,Kubernetes---kb_211_Normalized.json,1,1,0,1,0,1,0,completed,,,0.001764,0.001665,0.001398,0.00011,4535,3496,146,39,39,0,0,0,1,0,1,0,1,0,-1,false,false,false,false,false,false,false,false,false,true,false,false,false,false,false,false,false,false,false,false,false,false,false,false,false,false,false,false,false,false,false,false,false,false,false,true,false,true,true,true,false,false,false,20,5,2,4,0,0,0,false,false,false,false
Kubernetes,guidance,Kubernetes---kb_212_Normalized.json,2,1,1,1,1,2,0,completed,,,0.001548,0.001555,0.001305,0.000101,5793,3516,149.5,39.5,40,0,1,0,1,0,1,0,1,0.5,-1,false,false,false,false,false,false,false,false,false,true,false,false,false,false,false,false,false,false,false,false,false,false,false,false,false,false,false,false,false,false,false,false,false,false,false,true,false,true,true,true,false,false,false,20,5,2,4,0,0,0,false,false,false,false
Kubernetes,guidance,Kubernetes---kb_213_Normalized.json,1,1,0,1,0,1,0,completed,,,0.001542,0.001865,0.00158,0.000125,4555,3516,146,39,39,0,0,0,1,0,1,0,1,0,-1,false,false,false,false,false,false,false,false,false,true,false,false,false,false,false,false,false,false,false,false,false,false,false,false,false,false,false,false,false,false,false,false,false,false,false,true,false,true,true,true,false,false,false,20,5,2,4,0,0,0,false,false,false,false
Kubernetes,guidance,Kubernetes---kb_214_Normalized.json,4,2,2,2,2,4,0,completed,,,0.0014,0.000838,0.0006885,4.275e-05,5332,1756,114,30.25,31,0,2,0,2,0,1,0,1,0.5,-1,false,false,false,false,false,false,false,false,false,false,false,false,false,false,false,false,false,false,false,false,false,false,false,false,false,false,false,false,false,false,false,false,false,false,false,true,false,false,true,true,false,false,false,10,3,2,4,0,0,0,false,false,false,false
Kubernetes,guidance,Kubernetes---kb_215_Normalized.json,4,2,2,2,2,4,0,completed,,,0.001543,0.00080975,0.00067475,4.175e-05,5332,1756,114,30.25,31,0,2,0,2,0,1,0,1,0.5,-1,false,false,false,false,false,false,false,false,false,false,false,false,false,false,false,false,false,false,false,false,false,false,false,false,false,false,false,false,false,false,false,false,false,false,false,true,false,false,true,true,false,false,false,10,3,2,4,0,0,0,false,false,false,false
Kubernetes,guidance,Kubernetes---kb_216_Normalized.json,4,2,2,2,2,4,0,completed,,,0.00129,0.000632,0.00051175,3e-05,5333,1756,114.25,30.25,31,0,2,0,2,0,1,0,1,0.5,-1,false,false,false,false,false,false,false,false,false,false,false,false,false,false,false,false,false,false,false,false,false,false,false,false,false,false,false,false,false,false,false,false,false,false,false,true,false,false,true,true,false,false,false,10,3,2,4,0,0,0,false,false,false,false
Kubernetes,guidance,Kubernetes---kb_21_Normalized.json,6,2,4,2,4,6,0,completed,,,0.001681,0.000624333,0.0004335,3.8e-05,8758,2390,290.667,90.6667,93,0,4,0,2,0,1,0,1,0.666667,-1,false,false,false,false,false,false,false,false,false,false,false,false,false,false,false,false,false,false,true,false,false,false,false,false,false,false,false,false,false,false,false,false,false,false,false,true,false,false,true,true,false,false,false,30,10,5,5,0,0,0,false,true,true,false
Kubernetes,guidance,Kubernetes---kb_220_Normalized.json,3,2,1,2,1,3,0,completed,,,0.003618,0.00493767,0.004462,0.000323333,18045,11557,394.667,119.333,152,1,1,0,1,0,0.5,0,1,0.666667,-0.5,true,false,false,false,false,false,false,false,false,true,false,false,false,false,false,false,false,false,true,false,false,false,false,false,false,false,false,false,false,false,false,false,false,false,false,true,false,true,false,true,false,false,false,98,46,0,5,0,0,0,false,false,true,false
Kubernetes,guidance,Kubernetes---kb_221_Normalized.json,2,2,0,2,0,2,0,completed,,,0.009433,0.0057,0.0050595,0.0003905,16791,11717,399,122,123,0,0,0,2,0,1,0,1,0,-1,true,false,false,false,false,false,false,false,false,true,false,false,false,false,false,false,false,false,true,false,false,false,false,false,false,false,false,false,false,false,false,false,false,false,false,true,false,true,false,true,false,false,false,98,46,0,5,0,0,0,false,false,true,false
Kubernetes,guidance,Kubernetes---kb_222_Normalized.json,2,2,0,2,0,2,0,completed,,,0.003614,0.0064025,0.005761,0.000396,17221,11717,493,143,144,0,0,0,2,0,1,0,1,0,-1,true,false,false,false,false,false,false,false,false,true,false,false,false,false,false,false,false,false,true,false,false,false,false,false,false,false,false,false,false,false,false,false,false,false,false,true,false,true,false,true,false,false,false,98,46,0,5,0,0,0,false,false,true,false
Kubernetes,guidance,Kubernetes---kb_223_Normalized.json,2,1,1,1,1,2,0,completed,,,0.001937,0.0005965,0.00054,3.6e-05,1399,239,15,7,7,1,1,0,0,0,0,0,1,1,0,false,false,false,false,false,false,false,false,false,false,false,false,false,false,false,false,false,false,false,false,false,false,false,false,false,false,false,false,false,false,false,false,false,false,false,true,false,false,true,true,false,false,false,7,1,1,4,0,0,0,false,false,false,false
Kubernetes,guidance,Kubernetes---kb_224_Normalized.json,3,1,2,1,2,3,0,completed,,,0.001718,0.000695333,0.000625667,4.33333e-05,1921,239,14.6667,7.33333,8,1,2,0,0,0,0,0,1,1,0,false,false,false,false,false,false,false,false,false,false,false,false,false,false,false,false,false,false,false,false,false,false,false,false,false,false,false,false,false,false,false,false,false,false,false,true,false,false,true,true,false,false,false,7,1,1,4,0,0,0,false,false,false,false
Kubernetes,guidance,Kubernetes---kb_225_Normalized.json,2,2,0,2,0,2,0,completed,,,0.028485,0.0013045,0.001033,0.0001235,186931,150514,322.5,94.5,99,0,0,0,2,0,1,0,1,0,-1,true,false,false,false,false,false,false,false,false,true,false,false,false,true,false,false,false,false,true,false,false,false,false,false,false,false,false,false,false,false,false,true,false,false,false,true,false,true,true,true,false,false,false,1464,445,81,6,4,2,0,false,true,true,false
Kubernetes,guidance,Kubernetes---kb_228_Normalized.json,2,2,0,2,0,2,0,completed,,,0.043426,0.001221,0.0009295,9e-05,186814,150495,298.5,88.5,93,0,0,0,2,0,1,0,1,0,-1,true,false,false,false,false,false,false,false,false,true,false,false,false,true,false,false,false,false,true,false,false,false,false,false,false,false,false,false,false,false,false,true,false,false,false,true,false,true,true,true,false,false,false,1463,445,81,6,4,1,0,false,true,true,false
Kubernetes,guidance,Kubernetes---kb_229_Normalized.json,5,2,3,2,3,5,0,completed,,,0.001993,0.0028048,0.0025816,0.0001298,4619,1124,148.8,48.4,50,2,3,0,0,0,0,0,1,1,0,false,false,false,false,false,false,false,false,false,true,false,false,false,false,false,false,false,false,false,false,false,false,false,false,false,false,false,false,false,false,false,false,false,false,false,true,false,true,true,true,false,false,false,18,5,2,4,0,0,0,false,false,false,false
Kubernetes,guidance,Kubernetes---kb_22_Normalized.json,5,2,3,2,3,5,0,completed,,,0.001844,0.0013716,0.0011382,9.64e-05,18049,3859,921,278,350,0,3,0,2,0,1,0,1,0.6,-1,false,false,false,false,false,false,false,false,false,true,false,false,false,true,false,false,false,false,true,false,false,false,false,false,false,false,false,false,false,false,false,false,false,false,false,true,false,true,true,true,false,false,false,51,14,7,5,0,2,0,false,true,true,false
Kubernetes,guidance,Kubernetes---kb_230_Normalized.json,5,1,4,1,4,5,0,completed,,,0.001445,0.0025198,0.002319,0.0001188,5114,1124,143,47,50,1,4,0,0,0,0,0,1,1,0,false,false,false,false,false,false,false,false,false,true,false,false,false,false,false,false,false,false,false,false,false,false,false,false,false,false,false,false,false,false,false,false,false,false,false,true,false,true,true,true,false,false,false,18,5,2,4,0,0,0,false,false,false,false
Kubernetes,guidance,Kubernetes---kb_231_Normalized.json,4,2,2,2,2,4,0,completed,,,0.001918,0.002773,0.00255075,0.00013075,3913,1124,142.5,48,50,2,2,0,0,0,0,0,1,1,0,false,false,false,false,false,false,false,false,false,true,false,false,false,false,false,false,false,false,false,false,false,false,false,false,false,false,false,false,false,false,false,false,false,false,false,true,false,true,true,true,false,false,false,18,5,2,4,0,0,0,false,false,false,false
Kubernetes,guidance,Kubernetes---kb_232_Normalized.json,4,1,3,1,3,4,0,completed,,,0.001436,0.0027,0.002487,0.00012325,4288,1124,143,48,50,1,3,0,0,0,0,0,1,1,0,false,false,false,false,false,false,false,false,false,true,false,false,false,false,false,false,false,false,false,false,false,false,false,false,false,false,false,false,false,false,false,false,false,false,false,true,false,true,true,true,false,false,false,18,5,2,4,0,0,0,false,false,false,false
Kubernetes,guidance,Kubernetes---kb_237_Normalized.json,5,2,3,2,3,5,0,completed,,,0.028651,0.0021544,0.0018782,0.0001568,184285,145131,327,95.8,101,0,3,0,2,0,1,0,1,0.6,-1,true,false,false,false,false,false,false,false,false,true,false,false,false,false,false,false,false,false,true,false,false,false,false,false,false,false,false,false,false,false,false,true,false,false,false,true,false,true,true,true,false,false,false,1394,425,75,6,4,0,0,false,true,true,false
Kubernetes,guidance,Kubernetes---kb_23_Normalized.json,4,1,3,1,3,4,0,completed,,,0.002861,0.00139925,0.00118975,8.375e-05,13893,3845,724.5,221.5,269,0,3,0,1,0,1,0,1,0.75,-1,false,false,false,false,false,false,false,false,false,true,false,false,false,true,false,false,false,false,true,false,false,false,false,false,false,false,false,false,false,false,false,false,false,false,false,true,false,true,true,true,false,false,false,50,14,7,5,0,1,0,false,true,true,false
Kubernetes,guidance,Kubernetes---kb_240_Normalized.json,4,2,2,2,2,4,0,completed,,,0.022812,0.0021625,0.0018845,0.00015675,182792,145131,324.25,95.25,97,0,2,0,2,0,1,0,1,0.5,-1,true,false,false,false,false,false,false,false,false,true,false,false,false,false,false,false,false,false,true,false,false,false,false,false,false,false,false,false,false,false,false,true,false,false,false,true,false,true,true,true,false,false,false,1394,425,75,6,4,0,0,false,true,true,false
Kubernetes,guidance,Kubernetes---kb_241_Normalized.json,8,2,6,2,6,8,0,completed,,,0.002496,0.003813,0.00341475,0.000253125,15521,3763,388.125,119,122,2,6,0,0,0,0,0,1,1,0,false,false,false,false,false,false,false,false,false,true,false,false,false,false,false,false,false,false,true,false,false,false,false,false,false,false,false,false,false,false,false,false,false,false,false,true,false,true,true,true,false,false,false,55,15,6,4,0,0,0,false,true,true,false
Kubernetes,guidance,Kubernetes---kb_244_Normalized.json,6,2,4,2,4,6,0,completed,,,0.001981,0.005604,0.005045,0.000350333,13386,3763,495.333,153.167,214,2,4,0,0,0,0,0,1,1,0,false,false,false,false,false,false,false,false,false,true,false,false,false,false,false,false,false,false,true,false,false,false,false,false,false,false,false,false,false,false,false,false,false,false,false,true,false,true,true,true,false,false,false,55,15,6,4,0,0,0,false,true,true,false
Kubernetes,guidance,Kubernetes---kb_245_Normalized.json,3,1,2,1,2,3,0,completed,,,0.001351,0.001212,0.001007,0.000103333,4113,1889,61.6667,19,21,0,2,0,1,0,1,0,1,0.666667,-1,false,false,false,false,false,false,false,false,false,true,false,false,false,false,false,false,false,false,false,false,false,false,false,false,false,false,false,false,false,false,false,true,false,false,false,true,false,true,false,true,false,false,false,16,3,0,4,2,0,0,false,false,false,false
Kubernetes,guidance,Kubernetes---kb_248_Normalized.json,3,1,2,1,2,3,0,completed,,,0.00145,0.00119733,0.000990333,0.000106,4113,1889,61.6667,19,21,0,2,0,1,0,1,0,1,0.666667,-1,false,false,false,false,false,false,false,false,false,true,false,false,false,false,false,false,false,false,false,false,false,false,false,false,false,false,false,false,false,false,false,true,false,false,false,true,false,true,false,true,false,false,false,16,3,0,4,2,0,0,false,false,false,false
Kubernetes,guidance,Kubernetes---kb_249_Normalized.json,7,2,5,2,5,7,0,completed,,,0.0021,0.00213443,0.00187786,0.000136286,22758,7669,214.857,70.5714,78,0,5,0,2,0,1,0,1,0.714286,-1,false,false,false,false,false,false,false,false,false,true,false,false,false,true,false,false,false,false,true,false,false,false,false,false,false,false,false,false,false,false,false,false,false,false,false,true,false,true,false,true,false,false,false,172,9,0,5,0,48,0,true,false,false,false
Kubernetes,guidance,Kubernetes---kb_24_Normalized.json,5,1,4,1,4,5,0,completed,,,0.005353,0.00774,0.0070624,0.0004506,37239,20128,1247,408.4,459,0,4,0,1,0,1,0,1,0.8,-1,true,false,false,false,false,false,false,false,false,true,false,false,false,true,false,false,false,false,true,false,false,false,false,false,false,false,false,false,false,false,false,false,false,false,false,true,false,true,true,true,false,false,false,159,49,8,5,0,2,0,false,true,true,false
Kubernetes,guidance,Kubernetes---kb_250_Normalized.json,8,2,6,2,6,8,0,completed,,,0.00193,0.00299237,0.00266212,0.00023725,16545,6468,195.875,59.5,64,2,6,0,0,0,0,0,1,1,0,false,false,false,false,false,false,false,false,false,true,false,false,false,true,false,false,false,false,true,false,false,false,false,false,false,false,false,false,false,false,false,false,false,false,false,true,false,true,false,true,false,false,false,171,9,0,5,0,1,0,false,false,false,false
Kubernetes,guidance,Kubernetes---kb_251_Normalized.json,2,2,0,2,0,2,0,completed,,,0.019804,0.000987,0.000794,8.5e-05,187292,150661,326.5,95.5,102,0,0,0,2,0,1,0,1,0,-1,true,false,false,false,false,false,false,false,false,true,false,false,false,true,false,false,false,false,true,false,false,false,false,false,false,false,false,false,false,false,false,true,false,false,false,true,false,true,true,true,false,false,false,1470,448,77,6,4,2,0,false,true,true,false
Kubernetes,guidance,Kubernetes---kb_255_Normalized.json,1,1,0,1,0,1,0,completed,,,0.020595,0.00159,0.00118,0.000137,186473,150642,347,102,102,0,0,0,1,0,1,0,1,0,-1,true,false,false,false,false,false,false,false,false,true,false,false,false,true,false,false,false,false,true,false,false,false,false,false,false,false,false,false,false,false,false,true,false,false,false,true,false,true,true,true,false,false,false,1469,448,77,6,4,1,0,false,true,true,false
Kubernetes,guidance,Kubernetes---kb_256_Normalized.json,4,2,2,2,2,4,0,completed,,,0.00149,0.00244275,0.00222925,9.675e-05,4356,1325,202.75,69,70,1,2,0,1,0,0.5,0,1,0.75,-0.5,false,false,false,false,false,false,false,false,false,true,false,false,false,false,false,false,false,false,false,false,false,false,false,false,false,false,false,false,false,false,false,false,false,false,false,true,false,true,true,true,false,false,false,20,6,2,4,0,0,0,false,false,false,false
Kubernetes,guidance,Kubernetes---kb_257_Normalized.json,4,2,2,2,2,4,0,completed,,,0.001385,0.00521825,0.00484525,0.00021625,4349,1325,205.5,69.75,72,2,2,0,0,0,0,0,1,1,0,false,false,false,false,false,false,false,false,false,true,false,false,false,false,false,false,false,false,false,false,false,false,false,false,false,false,false,false,false,false,false,false,false,false,false,true,false,true,true,true,false,false,false,20,6,2,4,0,0,0,false,false,false,false
Kubernetes,guidance,Kubernetes---kb_258_Normalized.json,5,2,3,2,3,5,0,completed,,,0.00151,0.0033572,0.003044,0.0001556,5080,1325,202.6,69.8,72,1,3,0,1,0,0.5,0,1,0.8,-0.5,false,false,false,false,false,false,false,false,false,true,false,false,false,false,false,false,false,false,false,false,false,false,false,false,false,false,false,false,false,false,false,false,false,false,false,true,false,true,true,true,false,false,false,20,6,2,4,0,0,0,false,false,false,false
Kubernetes,guidance,Kubernetes---kb_259_Normalized.json,6,2,4,2,4,6,0,completed,,,0.001401,0.00266833,0.00246633,0.000110167,6006,1325,204.5,67,70,2,4,0,0,0,0,0,1,1,0,false,false,false,false,false,false,false,false,false,true,false,false,false,false,false,false,false,false,false,false,false,false,false,false,false,false,false,false,false,false,false,false,false,false,false,true,false,true,true,true,false,false,false,20,6,2,4,0,0,0,false,false,false,false
Kubernetes,guidance,Kubernetes---kb_25_Normalized.json,7,1,6,1,6,7,0,completed,,,0.002846,0.00182357,0.00160086,0.000108,44990,20178,1474.29,473.429,559,0,6,0,1,0,1,0,1,0.857143,-1,true,false,false,false,false,false,false,false,false,true,false,false,false,true,false,false,false,false,true,false,false,false,false,false,false,false,false,false,false,false,false,false,false,false,false,true,false,true,true,true,false,false,false,159,49,8,5,0,2,0,false,true,true,false
Kubernetes,guidance,Kubernetes---kb_260_Normalized.json,6,2,4,2,4,6,0,completed,,,0.00111,0.002554,0.00235133,0.000108167,5718,1325,201.833,67.6667,72,2,4,0,0,0,0,0,1,1,0,false,false,false,false,false,false,false,false,false,true,false,false,false,false,false,false,false,false,false,false,false,false,false,false,false,false,false,false,false,false,false,false,false,false,false,true,false,true,true,true,false,false,false,20,6,2,4,0,0,0,false,false,false,false
Kubernetes,guidance,Kubernetes---kb_269_Normalized.json,3,2,1,2,1,3,0,completed,,,0.018294,0.00352967,0.00307567,0.00026,183329,146164,430.333,130,132,0,1,0,2,0,1,0,1,0.333333,-1,true,false,false,false,false,false,false,false,false,true,false,false,false,false,false,false,false,false,true,false,false,false,false,false,false,false,false,false,false,false,false,true,false,false,false,true,false,true,true,true,false,false,false,1405,429,75,6,4,0,0,false,true,true,false
Kubernetes,guidance,Kubernetes---kb_26_Normalized.json,7,1,6,1,6,7,0,completed,,,0.00364,0.00709786,0.00656986,0.000285714,53042,20136,2093.57,692.714,709,0,6,0,1,0,1,0,1,0.857143,-1,true,false,false,false,false,false,false,false,false,true,false,false,false,true,false,false,false,false,true,false,false,false,false,false,false,false,false,false,false,false,false,false,false,false,false,true,false,true,true,true,false,false,false,158,49,8,5,0,1,0,false,true,true,false
Kubernetes,guidance,Kubernetes---kb_273_Normalized.json,2,2,0,2,0,2,0,completed,,,0.019406,0.0048335,0.004193,0.0003755,181673,146164,434,132,134,0,0,0,2,0,1,0,1,0,-1,true,false,false,false,false,false,false,false,false,true,false,false,false,false,false,false,false,false,true,false,false,false,false,false,false,false,false,false,false,false,false,true,false,false,false,true,false,true,true,true,false,false,false,1405,429,75,6,4,0,0,false,true,true,false
Kubernetes,guidance,Kubernetes---kb_274_Normalized.json,9,2,7,2,7,9,0,completed,,,0.002049,0.00724889,0.00662111,0.000350556,18249,3262,661.667,217.667,288,0,7,0,2,0,1,0,1,0.777778,-1,false,false,false,false,false,false,false,false,false,true,false,false,false,false,false,false,false,false,true,false,false,false,false,false,false,false,false,false,false,false,false,false,false,false,false,true,false,true,true,true,false,false,false,50,14,2,4,0,0,0,false,false,true,false
Kubernetes,guidance,Kubernetes---kb_278_Normalized.json,7,2,5,2,5,7,0,completed,,,0.002253,0.00626086,0.00567343,0.000332571,14745,3262,603.571,200.286,283,0,5,0,2,0,1,0,1,0.714286,-1,false,false,false,false,false,false,false,false,false,true,false,false,false,false,false,false,false,false,true,false,false,false,false,false,false,false,false,false,false,false,false,false,false,false,false,true,false,true,true,true,false,false,false,50,14,2,4,0,0,0,false,false,true,false
Kubernetes,guidance,Kubernetes---kb_279_Normalized.json,3,1,2,1,2,3,0,completed,,,0.001601,0.001705,0.00144033,0.000142333,4831,2492,79.3333,27,29,0,2,0,1,0,1,0,1,0.666667,-1,false,false,false,false,false,false,false,false,false,true,false,false,false,false,false,false,false,false,false,false,false,false,false,false,false,false,false,false,false,false,false,true,false,false,false,true,false,true,false,true,false,false,false,18,4,0,4,2,0,0,false,false,false,false
Kubernetes,guidance,Kubernetes---kb_27_Normalized.json,4,2,2,2,2,4,0,completed,,,0.001619,0.002808,0.0025885,0.00013075,3980,1172,149.25,48.25,49,2,2,0,0,0,0,0,1,1,0,false,false,false,false,false,false,false,false,false,true,false,false,false,false,false,false,false,false,false,false,false,false,false,false,false,false,false,false,false,false,false,false,false,false,false,true,false,true,true,true,false,false,false,18,5,2,4,0,0,0,false,false,false,false
Kubernetes,guidance,Kubernetes---kb_283_Normalized.json,3,1,2,1,2,3,0,completed,,,0.001489,0.00163,0.001374,0.000139667,4968,2492,88,29,31,0,2,0,1,0,1,0,1,0.666667,-1,false,false,false,false,false,false,false,false,false,true,false,false,false,false,false,false,false,false,false,false,false,false,false,false,false,false,false,false,false,false,false,true,false,false,false,true,false,true,false,true,false,false,false,18,4,0,4,2,0,0,false,false,false,false
Kubernetes,guidance,Kubernetes---kb_284_Normalized.json,3,2,1,2,1,3,0,completed,,,0.001995,0.00330733,0.00289433,0.000226333,6865,3262,223,71,104,0,1,0,2,0,1,0,1,0.333333,-1,false,false,false,false,false,false,false,false,false,true,false,false,false,false,false,false,false,false,true,false,false,false,false,false,false,false,false,false,false,false,false,true,false,false,false,true,false,true,true,true,false,false,false,42,10,3,4,2,0,0,false,false,true,false
Kubernetes,guidance,Kubernetes---kb_285_Normalized.json,3,2,1,2,1,3,0,completed,,,0.002098,0.00326033,0.00286033,0.000211333,7559,3262,228,72.3333,106,0,1,0,2,0,1,0,1,0.333333,-1,false,false,false,false,false,false,false,false,false,true,false,false,false,false,false,false,false,false,true,false,false,false,false,false,false,false,false,false,false,false,false,true,false,false,false,true,false,true,true,true,false,false,false,42,10,3,4,2,0,0,false,false,true,false
Kubernetes,guidance,Kubernetes---kb_286_Normalized.json,4,1,3,1,3,4,0,completed,,,0.002053,0.002411,0.00210825,0.00016,7498,2755,203.5,62.25,67,0,3,0,1,0,1,0,1,0.75,-1,false,false,false,false,false,false,false,false,false,true,false,false,false,false,false,false,false,false,false,false,false,false,false,false,false,false,false,false,false,false,false,true,false,false,false,true,false,true,true,true,false,false,false,35,9,3,4,2,0,0,false,false,false,false
Kubernetes,guidance,Kubernetes---kb_287_Normalized.json,3,2,1,2,1,3,0,completed,,,0.002494,0.00355833,0.003094,0.000260667,6200,2755,199.667,60.6667,62,0,1,0,2,0,1,0,1,0.333333,-1,false,false,false,false,false,false,false,false,false,true,false,false,false,false,false,false,false,false,false,false,false,false,false,false,false,false,false,false,false,false,false,true,false,false,false,true,false,true,true,true,false,false,false,35,9,3,4,2,0,0,false,false,false,false
Kubernetes,guidance,Kubernetes---kb_288_Normalized.json,4,2,2,2,2,4,0,completed,,,0.002261,0.004554,0.00398725,0.0003155,10035,3852,322.25,101.25,111,0,2,0,2,0,1,0,1,0.5,-1,false,false,false,false,false,false,false,false,false,true,false,false,false,false,false,false,false,false,true,false,false,false,false,false,false,false,false,false,false,false,false,true,false,false,false,true,false,true,true,true,false,false,false,45,11,3,4,2,0,0,false,false,true,false
Kubernetes,guidance,Kubernetes---kb_289_Normalized.json,5,2,3,2,3,5,0,completed,,,0.002198,0.0034126,0.0029722,0.0002628,11926,3852,337.8,106,109,0,3,0,2,0,1,0,1,0.6,-1,false,false,false,false,false,false,false,false,false,true,false,false,false,false,false,false,false,false,true,false,false,false,false,false,false,false,false,false,false,false,false,true,false,false,false,true,false,true,true,true,false,false,false,45,11,3,4,2,0,0,false,false,true,false
Kubernetes,guidance,Kubernetes---kb_28_Normalized.json,4,2,2,2,2,4,0,completed,,,0.001469,0.0023125,0.00213025,0.00010675,3882,1172,138.5,46.25,47,2,2,0,0,0,0,0,1,1,0,false,false,false,false,false,false,false,false,false,true,false,false,false,false,false,false,false,false,false,false,false,false,false,false,false,false,false,false,false,false,false,false,false,false,false,true,false,true,true,true,false,false,false,18,5,2,4,0,0,0,false,false,false,false
Kubernetes,guidance,Kubernetes---kb_290_Normalized.json,3,1,2,1,2,3,0,completed,,,0.00145,0.001077,0.000972,7.76667e-05,3606,1188,37.3333,13.3333,14,1,2,0,0,0,0,0,1,1,0,false,false,false,false,false,false,false,false,false,true,false,false,false,false,false,false,false,false,false,false,false,false,false,false,false,false,false,false,false,false,false,true,false,false,false,true,false,true,false,true,false,false,false,11,2,0,4,2,0,0,false,false,false,false
Kubernetes,guidance,Kubernetes---kb_291_Normalized.json,2,1,1,1,1,2,0,completed,,,0.001995,0.0016555,0.0014745,0.0001435,2822,1188,38,13.5,14,1,1,0,0,0,0,0,1,1,0,false,false,false,false,false,false,false,false,false,true,false,false,false,false,false,false,false,false,false,false,false,false,false,false,false,false,false,false,false,false,false,true,false,false,false,true,false,true,false,true,false,false,false,11,2,0,4,2,0,0,false,false,false,false
Kubernetes,guidance,Kubernetes---kb_293_Normalized.json,6,2,4,2,4,6,0,completed,,,0.002641,0.00442117,0.00404083,0.0002485,11589,4568,394.167,133,143,1,4,0,1,0,0.5,0,1,0.833333,-0.5,true,false,false,false,false,false,false,false,false,true,false,false,false,false,false,false,false,false,true,false,false,false,false,false,false,false,false,false,false,false,false,false,false,false,false,true,false,true,true,true,false,false,false,42,13,1,5,0,0,0,false,false,true,false
Kubernetes,guidance,Kubernetes---kb_294_Normalized.json,6,2,4,2,4,6,0,completed,,,0.002005,0.0061755,0.00569217,0.000311333,11629,4568,390.833,128.5,134,2,4,0,0,0,0,0,1,1,0,true,false,false,false,false,false,false,false,false,true,false,false,false,false,false,false,false,false,true,false,false,false,false,false,false,false,false,false,false,false,false,false,false,false,false,true,false,true,true,true,false,false,false,42,13,1,5,0,0,0,false,false,true,false
Kubernetes,guidance,Kubernetes---kb_295_Normalized.json,5,2,3,2,3,5,0,completed,,,0.001914,0.000772,0.0006648,4.14e-05,8058,2697,266.4,94,99,0,3,0,2,0,1,0,1,0.6,-1,false,false,false,false,false,false,false,false,false,true,false,false,false,false,false,false,false,false,false,false,false,false,false,false,false,false,false,false,false,false,false,false,false,false,false,true,false,true,true,true,false,false,false,30,11,1,4,0,0,0,false,false,true,false
Kubernetes,guidance,Kubernetes---kb_296_Normalized.json,6,2,4,2,4,6,0,completed,,,0.001779,0.000760833,0.0006645,4.21667e-05,8901,2697,265.167,95.3333,100,0,4,0,2,0,1,0,1,0.666667,-1,false,false,false,false,false,false,false,false,false,true,false,false,false,false,false,false,false,false,false,false,false,false,false,false,false,false,false,false,false,false,false,false,false,false,false,true,false,true,true,true,false,false,false,30,11,1,4,0,0,0,false,false,true,false
Kubernetes,guidance,Kubernetes---kb_297_Normalized.json,3,1,2,1,2,3,0,completed,,,0.001284,0.000786667,0.000711333,5.2e-05,2524,400,14.6667,5.66667,6,1,2,0,0,0,0,0,1,1,0,false,false,false,false,false,false,false,false,false,false,false,false,false,false,false,false,false,false,false,false,false,false,false,false,false,false,false,false,false,false,false,false,false,false,false,true,false,false,false,true,false,false,false,5,1,0,4,0,0,0,false,false,false,false
Kubernetes,guidance,Kubernetes---kb_298_Normalized.json,3,1,2,1,2,3,0,completed,,,0.001232,0.000772333,0.000700333,5.03333e-05,2524,400,14.6667,5.66667,6,1,2,0,0,0,0,0,1,1,0,false,false,false,false,false,false,false,false,false,false,false,false,false,false,false,false,false,false,false,false,false,false,false,false,false,false,false,false,false,false,false,false,false,false,false,true,false,false,false,true,false,false,false,5,1,0,4,0,0,0,false,false,false,false
Kubernetes,guidance,Kubernetes---kb_299_Normalized.json,4,1,3,1,3,4,0,completed,,,0.001787,0.000828,0.00075075,5.25e-05,3263,400,14.25,5.5,6,1,3,0,0,0,0,0,1,1,0,false,false,false,false,false,false,false,false,false,false,false,false,false,false,false,false,false,false,false,false,false,false,false,false,false,false,false,false,false,false,false,false,false,false,false,true,false,false,false,true,false,false,false,5,1,0,4,0,0,0,false,false,false,false
Kubernetes,guidance,Kubernetes---kb_29_Normalized.json,5,2,3,2,3,5,0,completed,,,0.001389,0.0027612,0.0025334,0.0001338,4652,1172,138.8,46,47,2,3,0,0,0,0,0,1,1,0,false,false,false,false,false,false,false,false,false,true,false,false,false,false,false,false,false,false,false,false,false,false,false,false,false,false,false,false,false,false,false,false,false,false,false,true,false,true,true,true,false,false,false,18,5,2,4,0,0,0,false,false,false,false
Kubernetes,guidance,Kubernetes---kb_2_Normalized.json,9,2,7,2,7,9,0,completed,,,0.001666,0.003022,0.002711,0.000214556,12469,2499,191.667,58.7778,115,2,7,0,0,0,0,0,1,1,0,true,false,false,false,false,false,false,false,false,true,false,false,false,false,false,false,false,false,true,false,false,false,false,false,false,false,false,false,false,false,false,false,false,false,false,true,false,true,true,true,false,false,false,33,6,2,5,0,0,0,false,false,false,false
Kubernetes,guidance,Kubernetes---kb_300_Normalized.json,3,1,2,1,2,3,0,completed,,,0.001416,0.00125867,0.001137,8.56667e-05,4068,960,45.3333,17.6667,18,1,2,0,0,0,0,0,1,1,0,false,false,false,false,false,false,false,false,false,false,false,false,false,false,false,false,false,false,false,false,false,false,false,false,false,false,false,false,false,false,false,false,false,false,false,true,false,false,false,true,false,false,false,10,3,0,4,0,0,0,false,false,false,false
Kubernetes,guidance,Kubernetes---kb_301_Normalized.json,4,2,2,2,2,4,0,completed,,,0.001209,0.0016295,0.00147975,0.0001005,4086,1303,74.5,26.5,28,2,2,0,0,0,0,0,1,1,0,false,false,false,false,false,false,false,false,false,false,false,false,false,false,false,false,false,false,false,false,false,false,false,false,false,false,false,false,false,false,false,false,false,false,false,true,false,false,false,true,false,false,false,12,4,0,4,0,0,0,false,false,false,false
Kubernetes,guidance,Kubernetes---kb_302_Normalized.json,4,1,3,1,3,4,0,completed,,,0.001606,0.0010865,0.00098125,6.65e-05,4688,983,75.25,26,27,1,3,0,0,0,0,0,1,1,0,false,false,false,false,false,false,false,false,false,false,false,false,false,false,false,false,false,false,false,false,false,false,false,false,false,false,false,false,false,false,false,false,false,false,false,true,false,false,true,true,false,false,false,13,4,1,4,0,0,0,false,false,false,false
Kubernetes,guidance,Kubernetes---kb_303_Normalized.json,3,1,2,1,2,3,0,completed,,,0.001317,0.00190333,0.001737,0.000116333,3865,1303,74,25.3333,26,1,2,0,0,0,0,0,1,1,0,false,false,false,false,false,false,false,false,false,false,false,false,false,false,false,false,false,false,false,false,false,false,false,false,false,false,false,false,false,false,false,false,false,false,false,true,false,false,false,true,false,false,false,12,4,0,4,0,0,0,false,false,false,false
Kubernetes,guidance,Kubernetes---kb_304_Normalized.json,5,2,3,2,3,5,0,completed,,,0.002879,0.003145,0.0028212,0.0001918,34736,20714,544,190,206,0,3,0,2,0,1,0,1,0.6,-1,true,false,false,false,false,false,false,false,false,true,false,false,false,true,false,false,false,false,true,false,false,false,false,false,false,false,false,false,false,false,false,false,false,false,false,true,false,true,true,true,false,false,false,163,50,6,5,0,2,0,false,true,true,false
Kubernetes,guidance,Kubernetes---kb_305_Normalized.json,4,2,2,2,2,4,0,completed,,,0.003002,0.004052,0.003644,0.00024725,31748,20700,515.25,180.5,205,0,2,0,2,0,1,0,1,0.5,-1,true,false,false,false,false,false,false,false,false,true,false,false,false,true,false,false,false,false,true,false,false,false,false,false,false,false,false,false,false,false,false,false,false,false,false,true,false,true,true,true,false,false,false,162,50,6,5,0,1,0,false,true,true,false
Kubernetes,guidance,Kubernetes---kb_307_Normalized.json,6,2,4,2,4,6,0,completed,,,0.003817,0.0123022,0.0112277,0.000669167,42333,21733,1269.33,393.167,443,1,4,0,1,0,0.5,0,1,0.833333,-0.5,true,false,false,false,false,false,false,false,false,true,false,false,false,true,false,false,false,false,true,false,false,false,false,false,false,false,false,false,false,false,false,false,false,false,false,true,false,true,true,true,false,false,false,168,51,7,5,0,2,0,false,true,true,false
Kubernetes,guidance,Kubernetes---kb_308_Normalized.json,6,2,4,2,4,6,0,completed,,,0.003838,0.0127877,0.0116747,0.000729667,40634,21697,1162.5,363.333,462,1,4,0,1,0,0.5,0,1,0.833333,-0.5,true,false,false,false,false,false,false,false,false,true,false,false,false,true,false,false,false,false,true,false,false,false,false,false,false,false,false,false,false,false,false,false,false,false,false,true,false,true,true,true,false,false,false,167,51,7,5,0,1,0,false,true,true,false
Kubernetes,guidance,Kubernetes---kb_30_Normalized.json,5,2,3,2,3,5,0,completed,,,0.005964,0.0094062,0.008586,0.0004372,38902,23902,795.4,261.4,295,0,3,0,2,0,1,0,1,0.6,-1,true,false,false,false,false,false,false,false,false,true,false,false,false,true,false,false,false,false,true,false,false,false,false,false,false,false,false,false,false,false,false,false,false,false,false,true,false,true,true,true,false,false,false,188,57,9,6,0,3,0,false,true,true,false
Kubernetes,guidance,Kubernetes---kb_310_Normalized.json,8,2,6,2,6,8,0,completed,,,0.003402,0.0133884,0.0122869,0.00061525,50006,25534,1044,329.125,372,2,6,0,0,0,0,0,1,1,0,true,false,false,false,false,false,false,false,false,true,false,false,false,true,false,false,false,false,true,false,false,false,false,false,false,false,false,false,false,false,false,false,false,false,false,true,false,true,true,true,false,false,false,199,59,8,6,0,3,0,false,true,true,false
Kubernetes,guidance,Kubernetes---kb_311_Normalized.json,4,1,3,1,3,4,0,completed,,,0.003362,0.0112537,0.0101827,0.00068225,48945,25498,2093.75,656.25,664,0,3,0,1,0,1,0,1,0.75,-1,true,false,false,false,false,false,false,false,false,true,false,false,false,true,false,false,false,false,true,false,false,false,false,false,false,false,false,false,false,false,false,false,false,false,false,true,false,true,true,true,false,false,false,198,59,8,6,0,2,0,false,true,true,false
Kubernetes,guidance,Kubernetes---kb_312_Normalized.json,5,1,4,1,4,5,0,completed,,,0.004681,0.003484,0.0031196,0.0002032,39808,24561,625.6,199.4,218,0,4,0,1,0,1,0,1,0.8,-1,true,false,false,false,false,false,false,false,false,true,false,false,false,true,false,false,false,false,true,false,false,false,false,false,false,false,false,false,false,false,false,false,false,false,false,true,false,true,true,true,false,false,false,194,58,7,6,0,3,0,false,true,true,false
Kubernetes,guidance,Kubernetes---kb_313_Normalized.json,5,1,4,1,4,5,0,completed,,,0.003261,0.004252,0.0037894,0.0002784,40471,24547,664,206.4,237,0,4,0,1,0,1,0,1,0.8,-1,true,false,false,false,false,false,false,false,false,true,false,false,false,true,false,false,false,false,true,false,false,false,false,false,false,false,false,false,false,false,false,false,false,false,false,true,false,true,true,true,false,false,false,193,58,7,6,0,2,0,false,true,true,false
Kubernetes,guidance,Kubernetes---kb_314_Normalized.json,6,2,4,2,4,6,0,completed,,,0.002971,0.0010175,0.000880833,6.85e-05,20425,5263,798.333,267.5,326,0,4,0,2,0,1,0,1,0.666667,-1,false,false,false,false,false,false,false,false,false,true,false,false,false,false,false,false,false,false,true,false,false,false,false,false,false,false,false,false,false,false,false,false,false,false,false,true,false,true,true,true,false,false,false,58,18,2,4,0,0,0,false,false,true,false
Kubernetes,guidance,Kubernetes---kb_315_Normalized.json,6,2,4,2,4,6,0,completed,,,0.002455,0.000817667,0.000712667,5.63333e-05,19658,5263,711.333,247.667,302,0,4,0,2,0,1,0,1,0.666667,-1,false,false,false,false,false,false,false,false,false,true,false,false,false,false,false,false,false,false,true,false,false,false,false,false,false,false,false,false,false,false,false,false,false,false,false,true,false,true,true,true,false,false,false,58,18,2,4,0,0,0,false,false,true,false
Kubernetes,guidance,Kubernetes---kb_316_Normalized.json,3,1,2,1,2,3,0,completed,,,0.00172,0.00119067,0.00101733,7.56667e-05,4485,1771,133,40,41,0,2,0,1,0,1,0,1,0.666667,-1,false,false,false,false,false,false,false,false,false,true,false,false,false,false,false,false,false,false,false,false,false,false,false,false,false,false,false,false,false,false,false,false,false,false,false,true,false,true,false,true,false,false,false,24,7,0,4,0,0,0,false,false,false,false
Kubernetes,guidance,Kubernetes---kb_317_Normalized.json,5,2,3,2,3,5,0,completed,,,0.001183,0.0011942,0.0010332,6.86e-05,5572,1771,133.4,40,41,0,3,0,2,0,1,0,1,0.6,-1,false,false,false,false,false,false,false,false,false,true,false,false,false,false,false,false,false,false,false,false,false,false,false,false,false,false,false,false,false,false,false,false,false,false,false,true,false,true,false,true,false,false,false,24,7,0,4,0,0,0,false,false,false,false
Kubernetes,guidance,Kubernetes---kb_318_Normalized.json,2,1,1,1,1,2,0,completed,,,0.002562,0.0023035,0.002013,0.000163,7593,4621,124.5,39.5,42,0,1,0,1,0,1,0,1,0.5,-1,false,false,false,false,false,false,false,false,false,true,false,false,false,false,false,false,false,false,false,false,false,false,false,false,false,false,false,false,false,false,false,true,false,false,false,true,false,true,true,true,false,false,false,63,18,5,4,2,0,0,false,true,true,false
Kubernetes,guidance,Kubernetes---kb_319_Normalized.json,4,1,3,1,3,4,0,completed,,,0.002984,0.002629,0.0023105,0.00018225,9043,4621,117.25,37.5,41,0,3,0,1,0,1,0,1,0.75,-1,false,false,false,false,false,false,false,false,false,true,false,false,false,false,false,false,false,false,false,false,false,false,false,false,false,false,false,false,false,false,false,true,false,false,false,true,false,true,true,true,false,false,false,63,18,5,4,2,0,0,false,true,true,false
Kubernetes,guidance,Kubernetes---kb_31_Normalized.json,4,2,2,2,2,4,0,completed,,,0.004484,0.0121703,0.0110773,0.00062675,36773,23967,941,301.75,303,0,2,0,2,0,1,0,1,0.5,-1,true,false,false,false,false,false,false,false,false,true,false,false,false,true,false,false,false,false,true,false,false,false,false,false,false,false,false,false,false,false,false,false,false,false,false,true,false,true,true,true,false,false,false,188,57,9,6,0,3,0,false,true,true,false
Kubernetes,guidance,Kubernetes---kb_320_Normalized.json,2,1,1,1,1,2,0,completed,,,0.002426,0.0024145,0.002099,0.000169,7607,3591,359.5,108,118,0,1,0,1,0,1,0,1,0.5,-1,false,false,false,false,false,false,false,false,false,true,false,false,false,false,false,false,false,false,false,false,false,false,false,false,false,false,false,false,false,false,false,true,false,false,false,true,false,true,true,true,false,false,false,53,15,4,4,2,0,0,false,false,true,false
Kubernetes,guidance,Kubernetes---kb_321_Normalized.json,3,1,2,1,2,3,0,completed,,,0.0025,0.00227133,0.001892,0.000189333,7465,3591,243.333,73,98,0,2,0,1,0,1,0,1,0.666667,-1,false,false,false,false,false,false,false,false,false,true,false,false,false,false,false,false,false,false,false,false,false,false,false,false,false,false,false,false,false,false,false,true,false,false,false,true,false,true,true,true,false,false,false,53,15,4,4,2,0,0,false,false,true,false
Kubernetes,guidance,Kubernetes---kb_322_Normalized.json,4,2,2,2,2,4,0,completed,,,0.010512,0.00362325,0.0031845,0.00020725,45597,31659,497,148.5,159,0,2,0,2,0,1,0,1,0.5,-1,true,false,false,false,false,false,false,false,false,true,false,false,false,false,false,false,false,false,true,false,false,false,false,false,false,false,false,false,false,false,false,true,false,false,false,true,false,true,true,true,false,false,false,345,105,15,5,4,0,0,false,true,true,false
Kubernetes,guidance,Kubernetes---kb_323_Normalized.json,5,2,3,2,3,5,0,completed,,,0.008227,0.0024118,0.0021182,0.0001288,46819,31659,382.4,119.4,163,0,3,0,2,0,1,0,1,0.6,-1,true,false,false,false,false,false,false,false,false,true,false,false,false,false,false,false,false,false,true,false,false,false,false,false,false,false,false,false,false,false,false,true,false,false,false,true,false,true,true,true,false,false,false,345,105,15,5,4,0,0,false,true,true,false
Kubernetes,guidance,Kubernetes---kb_324_Normalized.json,4,1,3,1,3,4,0,completed,,,0.004386,0.0082875,0.00754925,0.00042875,32554,20258,900.75,296,316,0,3,0,1,0,1,0,1,0.75,-1,true,false,false,false,false,false,false,false,false,true,false,false,false,true,false,false,false,false,true,false,false,false,false,false,false,false,false,false,false,false,false,false,false,false,false,true,false,true,true,true,false,false,false,169,57,8,5,0,2,0,false,true,true,false
Kubernetes,guidance,Kubernetes---kb_325_Normalized.json,5,1,4,1,4,5,0,completed,,,0.004511,0.002476,0.0020826,0.000167,38969,19909,1506,467.6,485,0,4,0,1,0,1,0,1,0.8,-1,true,false,false,false,false,false,false,false,false,true,false,false,false,true,false,false,false,false,true,false,false,false,false,false,false,false,false,false,false,false,false,false,false,false,false,true,false,true,true,true,false,false,false,169,57,6,5,0,2,0,false,true,true,false
Kubernetes,guidance,Kubernetes---kb_326_Normalized.json,6,1,5,1,5,6,0,completed,,,0.004415,0.0104992,0.00947683,0.000676833,38731,20225,1241.17,383.833,399,0,5,0,1,0,1,0,1,0.833333,-1,true,false,false,false,false,false,false,false,false,true,false,false,false,true,false,false,false,false,true,false,false,false,false,false,false,false,false,false,false,false,false,false,false,false,false,true,false,true,true,true,false,false,false,168,57,8,5,0,1,0,false,true,true,false
Kubernetes,guidance,Kubernetes---kb_327_Normalized.json,5,1,4,1,4,5,0,completed,,,0.004749,0.0091386,0.008212,0.0005722,40402,24081,936.8,298.4,364,0,4,0,1,0,1,0,1,0.8,-1,true,false,false,false,false,false,false,false,false,true,false,false,false,true,false,false,false,false,true,false,false,false,false,false,false,false,false,false,false,false,false,false,false,false,false,true,false,true,true,true,false,false,false,200,65,9,6,0,3,0,false,true,true,false
Kubernetes,guidance,Kubernetes---kb_328_Normalized.json,8,2,6,2,6,8,0,completed,,,0.006179,0.00994,0.00901775,0.00054,47328,23676,996.25,332.75,458,0,6,0,2,0,1,0,1,0.75,-1,true,false,false,false,false,false,false,false,false,true,false,false,false,true,false,false,false,false,true,false,false,false,false,false,false,false,false,false,false,false,false,false,false,false,false,true,false,true,true,true,false,false,false,200,65,7,6,0,3,0,false,true,true,false
Kubernetes,guidance,Kubernetes---kb_329_Normalized.json,5,2,3,2,3,5,0,completed,,,0.004713,0.0106972,0.0098064,0.0004996,40828,24048,1166.2,374,375,0,3,0,2,0,1,0,1,0.6,-1,true,false,false,false,false,false,false,false,false,true,false,false,false,true,false,false,false,false,true,false,false,false,false,false,false,false,false,false,false,false,false,false,false,false,false,true,false,true,true,true,false,false,false,199,65,9,6,0,2,0,false,true,true,false
Kubernetes,guidance,Kubernetes---kb_32_Normalized.json,4,1,3,1,3,4,0,completed,,,0.004765,0.0123997,0.0113922,0.0005625,37443,23925,866,285.5,314,0,3,0,1,0,1,0,1,0.75,-1,true,false,false,false,false,false,false,false,false,true,false,false,false,true,false,false,false,false,true,false,false,false,false,false,false,false,false,false,false,false,false,false,false,false,false,true,false,true,true,true,false,false,false,187,57,9,6,0,2,0,false,true,true,false
Kubernetes,guidance,Kubernetes---kb_330_Normalized.json,6,2,4,2,4,6,0,completed,,,0.001925,0.00191017,0.0017065,9.65e-05,4746,962,83.8333,36.8333,37,0,4,0,2,0,1,0,1,0.666667,-1,false,false,false,false,false,false,false,false,false,true,false,false,false,false,false,false,false,false,false,false,false,false,false,false,false,false,false,false,false,false,false,false,false,false,false,true,false,true,true,true,false,false,false,15,3,3,4,0,0,0,false,false,false,false
Kubernetes,guidance,Kubernetes---kb_331_Normalized.json,4,1,3,1,3,4,0,completed,,,0.001493,0.0015955,0.00145,0.000105,3849,868,91.75,38.75,42,1,3,0,0,0,0,0,1,1,0,false,false,false,false,false,false,false,false,false,true,false,false,false,false,false,false,false,false,false,false,false,false,false,false,false,false,false,false,false,false,false,false,false,false,false,true,false,true,false,true,false,false,false,14,3,0,4,0,0,0,false,false,false,false
Kubernetes,guidance,Kubernetes---kb_332_Normalized.json,4,1,3,1,3,4,0,completed,,,0.001435,0.0012455,0.001109,6.25e-05,3848,962,85.75,37.5,39,0,3,0,1,0,1,0,1,0.75,-1,false,false,false,false,false,false,false,false,false,true,false,false,false,false,false,false,false,false,false,false,false,false,false,false,false,false,false,false,false,false,false,false,false,false,false,true,false,true,true,true,false,false,false,15,3,3,4,0,0,0,false,false,false,false
Kubernetes,guidance,Kubernetes---kb_333_Normalized.json,5,2,3,2,3,5,0,completed,,,0.001332,0.0011608,0.0010596,6.92e-05,2686,288,40.8,14,15,2,3,0,0,0,0,0,1,1,0,false,false,false,false,false,false,false,false,false,false,false,false,false,false,false,false,false,false,false,false,false,false,false,false,false,false,false,false,false,false,false,false,false,false,false,true,false,false,false,true,false,false,false,7,2,0,4,0,0,0,false,false,false,false
Kubernetes,guidance,Kubernetes---kb_334_Normalized.json,5,2,3,2,3,5,0,completed,,,0.001434,0.0011786,0.001076,7.12e-05,2689,288,41.4,13.4,14,2,3,0,0,0,0,0,1,1,0,false,false,false,false,false,false,false,false,false,false,false,false,false,false,false,false,false,false,false,false,false,false,false,false,false,false,false,false,false,false,false,false,false,false,false,true,false,false,false,true,false,false,false,7,2,0,4,0,0,0,false,false,false,false
Kubernetes,guidance,Kubernetes---kb_335_Normalized.json,4,2,2,2,2,4,0,completed,,,0.003697,0.00579175,0.005225,0.00040475,31448,21161,279.75,87.5,92,2,2,0,0,0,0,0,1,1,0,true,false,false,false,false,false,false,false,false,true,false,false,false,true,false,false,false,false,true,false,false,false,false,false,false,false,false,false,false,false,false,false,false,false,false,true,false,true,true,true,false,false,false,274,41,4,6,0,3,0,false,false,true,false
Kubernetes,guidance,Kubernetes---kb_336_Normalized.json,4,2,2,2,2,4,0,completed,,,0.004204,0.00820325,0.007603,0.00039175,33358,21135,585.75,193.25,408,0,2,0,2,0,1,0,1,0.5,-1,true,false,false,false,false,false,false,false,false,true,false,false,false,true,false,false,false,false,true,false,false,false,false,false,false,false,false,false,false,false,false,false,false,false,false,true,false,true,true,true,false,false,false,273,41,4,6,0,2,0,false,false,true,false
Kubernetes,guidance,Kubernetes---kb_337_Normalized.json,6,2,4,2,4,6,0,completed,,,0.001353,0.00156383,0.00141517,0.0001025,3510,583,48.5,17.1667,19,2,4,0,0,0,0,0,1,1,0,false,false,false,false,false,false,false,false,false,false,false,false,false,false,false,false,false,false,true,false,false,false,false,false,false,false,false,false,false,false,false,false,false,false,false,true,false,false,false,true,false,false,false,7,1,0,5,0,0,0,false,false,false,false
Kubernetes,guidance,Kubernetes---kb_338_Normalized.json,4,1,3,1,3,4,0,completed,,,0.001785,0.0013425,0.00122625,7.75e-05,2773,583,46.25,16.25,17,1,3,0,0,0,0,0,1,1,0,false,false,false,false,false,false,false,false,false,false,false,false,false,false,false,false,false,false,true,false,false,false,false,false,false,false,false,false,false,false,false,false,false,false,false,true,false,false,false,true,false,false,false,7,1,0,5,0,0,0,false,false,false,false
Kubernetes,guidance,Kubernetes---kb_339_Normalized.json,4,2,2,2,2,4,0,completed,,,0.001291,0.001855,0.001699,0.000104,2052,212,79.25,19,22,2,2,0,0,0,0,0,1,1,0,false,false,false,false,false,false,false,false,false,false,false,false,false,false,false,false,false,false,false,false,false,false,false,false,false,false,false,false,false,false,false,false,false,false,false,true,false,false,false,true,false,false,false,5,2,0,4,0,0,0,false,false,false,false
Kubernetes,guidance,Kubernetes---kb_33_Normalized.json,3,2,1,2,1,3,0,completed,,,0.000468,,,,6905,3809,,,,0,1,0,2,0,1,0,1,0.333333,-1,false,false,false,false,false,false,false,false,false,true,false,false,false,false,false,false,false,false,false,false,false,false,false,false,false,false,false,false,false,false,false,false,false,false,false,true,false,true,true,true,false,false,false,32,10,2,4,0,0,0,false,false,true,false
Kubernetes,guidance,Kubernetes---kb_340_Normalized.json,6,2,4,2,4,6,0,completed,,,0.001238,0.0013925,0.0012795,7.45e-05,2996,212,70.6667,17.8333,22,2,4,0,0,0,0,0,1,1,0,false,false,false,false,false,false,false,false,false,false,false,false,false,false,false,false,false,false,false,false,false,false,false,false,false,false,false,false,false,false,false,false,false,false,false,true,false,false,false,true,false,false,false,5,2,0,4,0,0,0,false,false,false,false
Kubernetes,guidance,Kubernetes---kb_341_Normalized.json,5,2,3,2,3,5,0,completed,,,0.001927,0.0016672,0.0015354,8.58e-05,2492,212,75.8,18.4,22,2,3,0,0,0,0,0,1,1,0,false,false,false,false,false,false,false,false,false,false,false,false,false,false,false,false,false,false,false,false,false,false,false,false,false,false,false,false,false,false,false,false,false,false,false,true,false,false,false,true,false,false,false,5,2,0,4,0,0,0,false,false,false,false
Kubernetes,guidance,Kubernetes---kb_342_Normalized.json,3,1,2,1,2,3,0,completed,,,0.002011,0.002369,0.002119,0.000186333,6382,3346,114.333,31,32,1,2,0,0,0,0,0,1,1,0,true,false,false,false,false,false,false,false,false,true,false,false,false,false,false,false,false,false,true,false,false,false,false,false,false,false,false,false,false,false,false,true,false,false,false,true,false,true,true,true,false,false,false,41,9,3,5,2,0,0,false,false,false,false
Kubernetes,guidance,Kubernetes---kb_343_Normalized.json,3,2,1,2,1,3,0,completed,,,0.002425,0.003352,0.003037,0.000212333,8010,4746,126,40.3333,41,2,1,0,0,0,0,0,1,1,0,true,false,false,false,false,false,false,false,false,true,false,false,false,false,false,false,false,false,true,false,false,false,false,false,false,false,false,false,false,false,false,true,false,false,false,true,false,true,true,true,false,false,false,58,13,6,5,2,0,0,false,true,true,false
Kubernetes,guidance,Kubernetes---kb_344_Normalized.json,4,2,2,2,2,4,0,completed,,,0.002431,0.002635,0.0023835,0.0001675,8818,4746,131.5,41.5,46,2,2,0,0,0,0,0,1,1,0,true,false,false,false,false,false,false,false,false,true,false,false,false,false,false,false,false,false,true,false,false,false,false,false,false,false,false,false,false,false,false,true,false,false,false,true,false,true,true,true,false,false,false,58,13,6,5,2,0,0,false,true,true,false
Kubernetes,guidance,Kubernetes---kb_345_Normalized.json,5,2,3,2,3,5,0,completed,,,0.001957,0.002232,0.0020044,0.000161,7625,3167,155.8,45.4,66,2,3,0,0,0,0,0,1,1,0,true,false,false,false,false,false,false,false,false,true,false,false,false,false,false,false,false,false,true,false,false,false,false,false,false,false,false,false,false,false,false,true,false,false,false,true,false,true,true,true,false,false,false,41,9,4,5,2,0,0,false,false,false,false
Kubernetes,guidance,Kubernetes---kb_346_Normalized.json,3,2,1,2,1,3,0,completed,,,0.002658,0.00386633,0.003477,0.000285333,7916,4435,155.333,46,52,2,1,0,0,0,0,0,1,1,0,true,false,false,false,false,false,false,false,false,true,false,false,false,false,false,false,false,false,true,false,false,false,false,false,false,false,false,false,false,false,false,true,false,false,false,true,false,true,true,true,false,false,false,55,12,5,5,2,0,0,false,true,true,false
Kubernetes,guidance,Kubernetes---kb_347_Normalized.json,4,2,2,2,2,4,0,completed,,,0.002296,0.00252725,0.002274,0.0001825,9284,4435,160,48.25,52,2,2,0,0,0,0,0,1,1,0,true,false,false,false,false,false,false,false,false,true,false,false,false,false,false,false,false,false,true,false,false,false,false,false,false,false,false,false,false,false,false,true,false,false,false,true,false,true,true,true,false,false,false,55,12,5,5,2,0,0,false,true,true,false
Kubernetes,guidance,Kubernetes---kb_348_Normalized.json,4,2,2,2,2,4,0,completed,,,0.001545,0.00382675,0.00351,0.00021275,4166,1067,127.5,52,63,2,2,0,0,0,0,0,1,1,0,false,false,false,false,false,false,false,false,false,false,false,false,false,false,false,false,false,false,true,false,false,false,false,false,false,false,false,false,false,false,false,false,false,false,false,true,false,false,false,true,false,false,false,18,5,0,5,0,0,0,false,false,false,false
Kubernetes,guidance,Kubernetes---kb_349_Normalized.json,3,1,2,1,2,3,0,completed,,,0.001581,0.00226933,0.00204733,0.000163333,4127,1067,120,47,50,1,2,0,0,0,0,0,1,1,0,false,false,false,false,false,false,false,false,false,false,false,false,false,false,false,false,false,false,true,false,false,false,false,false,false,false,false,false,false,false,false,false,false,false,false,true,false,false,false,true,false,false,false,18,5,0,5,0,0,0,false,false,false,false
Kubernetes,guidance,Kubernetes---kb_34_Normalized.json,3,2,1,2,1,3,0,completed,,,0.000538,,,,6728,3819,,,,0,1,0,2,0,1,0,1,0.333333,-1,false,false,false,false,false,false,false,false,false,true,false,false,false,false,false,false,false,false,false,false,false,false,false,false,false,false,false,false,false,false,false,false,false,false,false,true,false,true,true,true,false,false,false,32,10,2,4,0,0,0,false,false,true,false
Kubernetes,guidance,Kubernetes---kb_354_Normalized.json,6,1,5,1,5,6,0,completed,,,0.002188,0.00236667,0.0021505,0.000148667,7020,1749,175.833,56.8333,63,1,5,0,0,0,0,0,1,1,0,true,false,false,false,false,false,false,false,false,true,false,false,false,false,false,false,false,false,false,false,false,false,false,false,false,false,false,false,false,false,false,false,false,false,false,true,false,true,true,true,false,false,false,24,7,1,5,0,0,0,false,false,false,false
Kubernetes,guidance,Kubernetes---kb_355_Normalized.json,7,1,6,1,6,7,0,completed,,,0.001619,0.00237429,0.002162,0.000143286,7717,1749,177.571,58,63,1,6,0,0,0,0,0,1,1,0,true,false,false,false,false,false,false,false,false,true,false,false,false,false,false,false,false,false,false,false,false,false,false,false,false,false,false,false,false,false,false,false,false,false,false,true,false,true,true,true,false,false,false,24,7,1,5,0,0,0,false,false,false,false
Kubernetes,guidance,Kubernetes---kb_356_Normalized.json,7,2,5,2,5,7,0,completed,,,0.001651,0.00247471,0.00226257,0.000139571,7031,1666,152.714,51.5714,57,2,5,0,0,0,0,0,1,1,0,true,false,false,false,false,false,false,false,false,true,false,false,false,false,false,false,false,false,false,false,false,false,false,false,false,false,false,false,false,false,false,false,false,false,false,true,false,true,true,true,false,false,false,22,6,1,5,0,0,0,false,false,false,false
Kubernetes,guidance,Kubernetes---kb_357_Normalized.json,8,2,6,2,6,8,0,completed,,,0.001638,0.00266775,0.00243763,0.0001515,7738,1666,151.5,51.125,57,2,6,0,0,0,0,0,1,1,0,true,false,false,false,false,false,false,false,false,true,false,false,false,false,false,false,false,false,false,false,false,false,false,false,false,false,false,false,false,false,false,false,false,false,false,true,false,true,true,true,false,false,false,22,6,1,5,0,0,0,false,false,false,false
Kubernetes,guidance,Kubernetes---kb_358_Normalized.json,3,1,2,1,2,3,0,completed,,,0.001923,0.00149133,0.00136267,8.93333e-05,2353,535,41,15.3333,24,1,2,0,0,0,0,0,1,1,0,false,false,false,false,false,false,false,false,false,false,false,false,false,false,false,false,false,false,false,false,false,false,false,false,false,false,false,false,false,false,false,false,false,false,false,true,false,false,false,true,false,false,false,7,2,0,4,0,0,0,false,false,false,false
Kubernetes,guidance,Kubernetes---kb_359_Normalized.json,3,1,2,1,2,3,0,completed,,,0.001502,0.001487,0.00135233,9.53333e-05,2275,535,32,12.3333,24,1,2,0,0,0,0,0,1,1,0,false,false,false,false,false,false,false,false,false,false,false,false,false,false,false,false,false,false,false,false,false,false,false,false,false,false,false,false,false,false,false,false,false,false,false,true,false,false,false,true,false,false,false,7,2,0,4,0,0,0,false,false,false,false
Kubernetes,guidance,Kubernetes---kb_35_Normalized.json,3,2,1,2,1,3,0,completed,,,0.000543,,,,6898,3819,,,,0,1,0,2,0,1,0,1,0.333333,-1,false,false,false,false,false,false,false,false,false,true,false,false,false,false,false,false,false,false,false,false,false,false,false,false,false,false,false,false,false,false,false,false,false,false,false,true,false,true,true,true,false,false,false,32,10,2,4,0,0,0,false,false,true,false
Kubernetes,guidance,Kubernetes---kb_360_Normalized.json,3,1,2,1,2,3,0,completed,,,0.001384,0.000744667,0.000682333,3.73333e-05,2060,302,14,6.33333,7,1,2,0,0,0,0,0,1,1,0,false,false,false,false,false,false,false,false,false,false,false,false,false,false,false,false,false,false,false,false,false,false,false,false,false,false,false,false,false,false,false,false,false,false,false,true,false,false,true,true,false,false,false,6,1,1,4,0,0,0,false,false,false,false
Kubernetes,guidance,Kubernetes---kb_361_Normalized.json,2,1,1,1,1,2,0,completed,,,0.001334,0.000887,0.0008165,4.3e-05,1497,302,15.5,6.5,7,1,1,0,0,0,0,0,1,1,0,false,false,false,false,false,false,false,false,false,false,false,false,false,false,false,false,false,false,false,false,false,false,false,false,false,false,false,false,false,false,false,false,false,false,false,true,false,false,true,true,false,false,false,6,1,1,4,0,0,0,false,false,false,false
Kubernetes,guidance,Kubernetes---kb_362_Normalized.json,3,2,1,2,1,3,0,completed,,,0.005768,0.004232,0.00369533,0.000288,39028,27240,629.667,188.667,224,0,1,0,2,0,1,0,1,0.333333,-1,true,false,false,false,false,false,false,false,false,true,false,false,false,true,false,false,false,false,true,false,false,false,false,false,false,false,false,false,false,false,false,false,false,false,false,true,false,true,true,true,false,false,false,250,63,18,6,0,2,0,false,true,true,false
Kubernetes,guidance,Kubernetes---kb_363_Normalized.json,4,2,2,2,2,4,0,completed,,,0.005753,0.00519225,0.00464225,0.000286,41806,27191,760,224.5,229,0,2,0,2,0,1,0,1,0.5,-1,true,false,false,false,false,false,false,false,false,true,false,false,false,true,false,false,false,false,true,false,false,false,false,false,false,false,false,false,false,false,false,false,false,false,false,true,false,true,true,true,false,false,false,249,63,18,6,0,1,0,false,true,true,false
Kubernetes,guidance,Kubernetes---kb_364_Normalized.json,4,2,2,2,2,4,0,completed,,,0.001715,0.0028015,0.00257425,0.00014275,4038,1204,158,49,52,2,2,0,0,0,0,0,1,1,0,false,false,false,false,false,false,false,false,false,true,false,false,false,false,false,false,false,false,false,false,false,false,false,false,false,false,false,false,false,false,false,false,false,false,false,true,false,true,false,true,false,false,false,17,5,0,4,0,0,0,false,false,false,false
Kubernetes,guidance,Kubernetes---kb_365_Normalized.json,6,2,4,2,4,6,0,completed,,,0.001095,0.00264883,0.00243633,0.0001275,5498,1204,160.167,50.3333,56,2,4,0,0,0,0,0,1,1,0,false,false,false,false,false,false,false,false,false,true,false,false,false,false,false,false,false,false,false,false,false,false,false,false,false,false,false,false,false,false,false,false,false,false,false,true,false,true,false,true,false,false,false,17,5,0,4,0,0,0,false,false,false,false
Kubernetes,guidance,Kubernetes---kb_366_Normalized.json,5,2,3,2,3,5,0,completed,,,0.005727,0.0039928,0.0035002,0.000268,49410,31183,670.6,202.4,228,0,3,0,2,0,1,0,1,0.6,-1,true,false,false,false,false,false,false,false,false,true,false,false,false,true,false,false,false,false,true,false,false,false,false,false,false,false,false,false,false,false,false,false,false,false,false,true,false,true,true,true,false,false,false,281,71,19,6,0,3,0,false,true,true,false
Kubernetes,guidance,Kubernetes---kb_367_Normalized.json,4,1,3,1,3,4,0,completed,,,0.004924,0.00337075,0.00301575,0.00017925,47673,31134,675.5,201.25,205,0,3,0,1,0,1,0,1,0.75,-1,true,false,false,false,false,false,false,false,false,true,false,false,false,true,false,false,false,false,true,false,false,false,false,false,false,false,false,false,false,false,false,false,false,false,false,true,false,true,true,true,false,false,false,280,71,19,6,0,2,0,false,true,true,false
Kubernetes,guidance,Kubernetes---kb_368_Normalized.json,3,2,1,2,1,3,0,completed,,,0.003431,0.000926,0.000808667,4.9e-05,19116,10466,523,147.667,167,0,1,0,2,0,1,0,1,0.333333,-1,false,false,false,false,false,false,false,false,false,true,false,false,false,false,false,false,false,false,true,false,false,false,false,false,false,false,false,false,false,false,false,false,false,false,false,true,false,true,true,true,false,false,false,123,24,14,5,0,0,0,false,true,true,false
Kubernetes,guidance,Kubernetes---kb_369_Normalized.json,4,2,2,2,2,4,0,completed,,,0.0031,0.00099075,0.00085825,5.625e-05,21125,10466,520.5,145.75,169,0,2,0,2,0,1,0,1,0.5,-1,false,false,false,false,false,false,false,false,false,true,false,false,false,false,false,false,false,false,true,false,false,false,false,false,false,false,false,false,false,false,false,false,false,false,false,true,false,true,true,true,false,false,false,123,24,14,5,0,0,0,false,true,true,false
Kubernetes,guidance,Kubernetes---kb_36_Normalized.json,5,2,3,2,3,5,0,completed,,,0.001267,0.0032134,0.0029106,0.0001718,7208,1708,199.4,61.2,100,2,3,0,0,0,0,0,1,1,0,false,false,false,false,false,false,false,false,false,true,false,false,false,false,false,false,false,false,true,false,false,false,false,false,false,false,false,false,false,false,false,false,false,false,false,true,false,true,true,true,false,false,false,27,6,2,4,0,0,0,false,false,false,false
Kubernetes,guidance,Kubernetes---kb_370_Normalized.json,5,2,3,2,3,5,0,completed,,,0.001669,0.0042656,0.003872,0.0002696,6742,1715,207.2,65.4,107,2,3,0,0,0,0,0,1,1,0,false,false,false,false,false,false,false,false,false,true,false,false,false,false,false,false,false,false,true,false,false,false,false,false,false,false,false,false,false,false,false,false,false,false,false,true,false,true,false,true,false,false,false,26,6,0,4,0,0,0,false,false,false,false
Kubernetes,guidance,Kubernetes---kb_371_Normalized.json,5,2,3,2,3,5,0,completed,,,0.002373,0.00438,0.0040458,0.0002232,6752,1715,203.8,65.2,107,2,3,0,0,0,0,0,1,1,0,false,false,false,false,false,false,false,false,false,true,false,false,false,false,false,false,false,false,true,false,false,false,false,false,false,false,false,false,false,false,false,false,false,false,false,true,false,true,false,true,false,false,false,26,6,0,4,0,0,0,false,false,false,false
Kubernetes,guidance,Kubernetes---kb_373_Normalized.json,5,2,3,2,3,5,0,completed,,,0.001735,0.0015806,0.0014084,0.0001124,5539,1053,69.4,28.4,39,2,3,0,0,0,0,0,1,1,0,false,false,false,false,false,false,false,false,false,true,false,false,false,false,false,false,false,false,true,false,false,false,false,false,false,false,false,false,false,false,false,false,false,false,false,true,false,true,true,true,false,false,false,20,4,2,4,0,0,0,false,false,false,false
Kubernetes,guidance,Kubernetes---kb_374_Normalized.json,5,2,3,2,3,5,0,completed,,,0.001138,0.0011154,0.000996,7.58e-05,5173,1053,57.6,22.8,35,2,3,0,0,0,0,0,1,1,0,false,false,false,false,false,false,false,false,false,true,false,false,false,false,false,false,false,false,true,false,false,false,false,false,false,false,false,false,false,false,false,false,false,false,false,true,false,true,true,true,false,false,false,20,4,2,4,0,0,0,false,false,false,false
Kubernetes,guidance,Kubernetes---kb_375_Normalized.json,6,2,4,2,4,6,0,completed,,,0.001924,0.0018155,0.00164333,0.0001145,6354,1594,86.5,29.8333,30,2,4,0,0,0,0,0,1,1,0,false,false,false,false,false,false,false,false,false,false,false,false,false,false,false,false,false,false,false,false,false,false,false,false,false,false,false,false,false,false,false,false,false,false,false,true,false,false,true,true,false,false,false,13,4,1,4,0,0,0,false,false,false,false
Kubernetes,guidance,Kubernetes---kb_376_Normalized.json,5,2,3,2,3,5,0,completed,,,0.001325,0.001709,0.0015358,0.0001134,5171,1594,88.6,30.2,31,2,3,0,0,0,0,0,1,1,0,false,false,false,false,false,false,false,false,false,false,false,false,false,false,false,false,false,false,false,false,false,false,false,false,false,false,false,false,false,false,false,false,false,false,false,true,false,false,true,true,false,false,false,13,4,1,4,0,0,0,false,false,false,false
Kubernetes,guidance,Kubernetes---kb_377_Normalized.json,4,2,2,2,2,4,0,completed,,,0.001384,0.0013265,0.0012065,7.85e-05,3088,912,86.25,24,27,2,2,0,0,0,0,0,1,1,0,false,false,false,false,false,false,false,false,false,false,false,false,false,false,false,false,false,false,false,false,false,false,false,false,false,false,false,false,false,false,false,false,false,false,false,true,false,false,true,true,false,false,false,10,3,1,4,0,0,0,false,false,false,false
Kubernetes,guidance,Kubernetes---kb_378_Normalized.json,4,2,2,2,2,4,0,completed,,,0.001031,0.00134325,0.0012205,8.2e-05,3036,912,80.75,21.25,27,2,2,0,0,0,0,0,1,1,0,false,false,false,false,false,false,false,false,false,false,false,false,false,false,false,false,false,false,false,false,false,false,false,false,false,false,false,false,false,false,false,false,false,false,false,true,false,false,true,true,false,false,false,10,3,1,4,0,0,0,false,false,false,false
Kubernetes,guidance,Kubernetes---kb_379_Normalized.json,3,1,2,1,2,3,0,completed,,,0.001604,0.001254,0.00113367,8.03333e-05,3582,1123,102.333,30,33,1,2,0,0,0,0,0,1,1,0,false,false,false,false,false,false,false,false,false,false,false,false,false,false,false,false,false,false,false,false,false,false,false,false,false,false,false,false,false,false,false,false,false,false,false,true,false,false,true,true,false,false,false,12,4,2,4,0,0,0,false,false,false,false
Kubernetes,guidance,Kubernetes---kb_37_Normalized.json,4,2,2,2,2,4,0,completed,,,0.001567,0.0040015,0.003667,0.0002075,6113,1718,200.75,63,98,2,2,0,0,0,0,0,1,1,0,false,false,false,false,false,false,false,false,false,true,false,false,false,false,false,false,false,false,true,false,false,false,false,false,false,false,false,false,false,false,false,false,false,false,false,true,false,true,true,true,false,false,false,27,6,2,4,0,0,0,false,false,false,false
Kubernetes,guidance,Kubernetes---kb_380_Normalized.json,5,2,3,2,3,5,0,completed,,,0.001569,0.0016698,0.001505,0.0001092,4558,1123,104.4,30.6,33,2,3,0,0,0,0,0,1,1,0,false,false,false,false,false,false,false,false,false,false,false,false,false,false,false,false,false,false,false,false,false,false,false,false,false,false,false,false,false,false,false,false,false,false,false,true,false,false,true,true,false,false,false,12,4,2,4,0,0,0,false,false,false,false
Kubernetes,guidance,Kubernetes---kb_381_Normalized.json,3,1,2,1,2,3,0,completed,,,0.001364,0.00182933,0.00167467,0.000102333,3131,818,75.3333,24,26,1,2,0,0,0,0,0,1,1,0,false,false,false,false,false,false,false,false,false,false,false,false,false,false,false,false,false,false,false,false,false,false,false,false,false,false,false,false,false,false,false,false,false,false,false,true,false,false,true,true,false,false,false,10,3,2,4,0,0,0,false,false,false,false
Kubernetes,guidance,Kubernetes---kb_382_Normalized.json,3,1,2,1,2,3,0,completed,,,0.001294,0.00149533,0.00135533,9.36667e-05,3033,818,68.6667,21.6667,25,1,2,0,0,0,0,0,1,1,0,false,false,false,false,false,false,false,false,false,false,false,false,false,false,false,false,false,false,false,false,false,false,false,false,false,false,false,false,false,false,false,false,false,false,false,true,false,false,true,true,false,false,false,10,3,2,4,0,0,0,false,false,false,false
Kubernetes,guidance,Kubernetes---kb_383_Normalized.json,4,1,3,1,3,4,0,completed,,,0.001335,0.000696,0.0006355,3.825e-05,3115,385,16.25,6.5,8,1,3,0,0,0,0,0,1,1,0,false,false,false,false,false,false,false,false,false,false,false,false,false,false,false,false,false,false,false,false,false,false,false,false,false,false,false,false,false,false,false,false,false,false,false,true,false,false,true,true,false,false,false,6,1,1,4,0,0,0,false,false,false,false
Kubernetes,guidance,Kubernetes---kb_384_Normalized.json,2,1,1,1,1,2,0,completed,,,0.001208,0.000882,0.0008105,4.5e-05,1701,385,19.5,7,8,1,1,0,0,0,0,0,1,1,0,false,false,false,false,false,false,false,false,false,false,false,false,false,false,false,false,false,false,false,false,false,false,false,false,false,false,false,false,false,false,false,false,false,false,false,true,false,false,true,true,false,false,false,6,1,1,4,0,0,0,false,false,false,false
Kubernetes,guidance,Kubernetes---kb_385_Normalized.json,3,1,2,1,2,3,0,completed,,,0.001336,0.000788333,0.000614667,3.6e-05,2444,529,41,15,16,0,2,0,1,0,1,0,1,0.666667,-1,false,false,false,false,false,false,false,false,false,false,false,false,false,false,false,false,false,false,false,false,false,false,false,false,false,false,false,false,false,false,false,false,false,false,false,true,false,false,true,true,false,false,false,8,2,2,4,0,0,0,false,false,false,false
Kubernetes,guidance,Kubernetes---kb_386_Normalized.json,4,1,3,1,3,4,0,completed,,,0.001283,0.000771,0.00060725,3.475e-05,3047,529,40,14.25,16,0,3,0,1,0,1,0,1,0.75,-1,false,false,false,false,false,false,false,false,false,false,false,false,false,false,false,false,false,false,false,false,false,false,false,false,false,false,false,false,false,false,false,false,false,false,false,true,false,false,true,true,false,false,false,8,2,2,4,0,0,0,false,false,false,false
Kubernetes,guidance,Kubernetes---kb_387_Normalized.json,4,2,2,2,2,4,0,completed,,,0.003339,0.00194375,0.0017595,0.000126,6738,3582,63.25,22.5,25,2,2,0,0,0,0,0,1,1,0,false,false,false,false,false,false,false,false,false,true,false,false,false,false,false,false,false,false,true,false,false,false,false,false,false,false,false,false,false,false,false,true,false,false,false,true,false,true,true,true,false,false,false,52,13,4,5,2,0,0,false,false,true,false
Kubernetes,guidance,Kubernetes---kb_388_Normalized.json,2,1,1,1,1,2,0,completed,,,0.002261,0.0018525,0.001664,0.00014,6520,3582,51.5,16.5,21,1,1,0,0,0,0,0,1,1,0,false,false,false,false,false,false,false,false,false,true,false,false,false,false,false,false,false,false,true,false,false,false,false,false,false,false,false,false,false,false,false,true,false,false,false,true,false,true,true,true,false,false,false,52,13,4,5,2,0,0,false,false,true,false
Kubernetes,guidance,Kubernetes---kb_389_Normalized.json,5,2,3,2,3,5,0,completed,,,0.003887,0.0031952,0.0028198,0.0002078,29316,18181,534.8,164.8,185,0,3,0,2,0,1,0,1,0.6,-1,true,false,false,false,false,false,false,false,false,true,false,false,false,true,false,false,false,false,true,false,false,false,false,false,false,false,false,false,false,false,false,false,false,false,false,true,false,true,true,true,false,false,false,149,45,10,5,0,2,0,false,true,true,false
Kubernetes,guidance,Kubernetes---kb_38_Normalized.json,6,2,4,2,4,6,0,completed,,,0.002185,0.00451317,0.00413317,0.000226167,8902,1718,209.667,64.5,100,2,4,0,0,0,0,0,1,1,0,false,false,false,false,false,false,false,false,false,true,false,false,false,false,false,false,false,false,true,false,false,false,false,false,false,false,false,false,false,false,false,false,false,false,false,true,false,true,true,true,false,false,false,27,6,2,4,0,0,0,false,false,false,false
Kubernetes,guidance,Kubernetes---kb_390_Normalized.json,2,1,1,1,1,2,0,completed,,,0.007074,0.0044095,0.0038435,0.000315,48928,37454,676,211,213,0,1,0,1,0,1,0,1,0.5,-1,true,false,false,false,false,false,false,false,false,true,false,false,false,true,false,false,false,false,true,false,false,false,false,false,false,false,false,false,false,false,false,true,false,false,false,true,false,true,true,true,false,false,false,319,96,33,5,2,2,0,false,true,true,false
Kubernetes,guidance,Kubernetes---kb_393_Normalized.json,3,2,1,2,1,3,0,completed,,,0.002406,0.00716033,0.00634467,0.000554,8309,3305,433,139,157,2,1,0,0,0,0,0,1,1,0,false,false,false,false,false,false,false,false,false,true,false,false,false,false,false,false,false,false,true,false,false,false,false,false,false,false,false,false,false,false,false,false,false,false,false,true,false,true,true,true,false,false,false,32,8,3,5,0,0,0,false,false,false,false
Kubernetes,guidance,Kubernetes---kb_394_Normalized.json,1,1,0,1,0,1,0,completed,,,0.002753,0.010432,0.00919,0.000906,5243,3305,384,128,128,1,0,0,0,0,0,0,1,1,0,false,false,false,false,false,false,false,false,false,true,false,false,false,false,false,false,false,false,true,false,false,false,false,false,false,false,false,false,false,false,false,false,false,false,false,true,false,true,true,true,false,false,false,32,8,3,5,0,0,0,false,false,false,false
Kubernetes,guidance,Kubernetes---kb_395_Normalized.json,4,2,2,2,2,4,0,completed,,,0.001499,0.00341825,0.003168,0.00014675,4056,1216,148.25,51,56,2,2,0,0,0,0,0,1,1,0,false,false,false,false,false,false,false,false,false,true,false,false,false,false,false,false,false,false,false,false,false,false,false,false,false,false,false,false,false,false,false,false,false,false,false,true,false,true,true,true,false,false,false,18,5,2,4,0,0,0,false,false,false,false
Kubernetes,guidance,Kubernetes---kb_396_Normalized.json,4,2,2,2,2,4,0,completed,,,0.001468,0.003038,0.002798,0.000141,4083,1216,160.5,54,58,2,2,0,0,0,0,0,1,1,0,false,false,false,false,false,false,false,false,false,true,false,false,false,false,false,false,false,false,false,false,false,false,false,false,false,false,false,false,false,false,false,false,false,false,false,true,false,true,true,true,false,false,false,18,5,2,4,0,0,0,false,false,false,false
Kubernetes,guidance,Kubernetes---kb_397_Normalized.json,4,2,2,2,2,4,0,completed,,,0.002221,0.00353,0.00326525,0.00015225,4083,1216,155,53.5,61,2,2,0,0,0,0,0,1,1,0,false,false,false,false,false,false,false,false,false,true,false,false,false,false,false,false,false,false,false,false,false,false,false,false,false,false,false,false,false,false,false,false,false,false,false,true,false,true,true,true,false,false,false,18,5,2,4,0,0,0,false,false,false,false
Kubernetes,guidance,Kubernetes---kb_398_Normalized.json,7,2,5,2,5,7,0,completed,,,0.004659,0.00491543,0.00432414,0.000299429,38985,22040,591.857,182.286,218,0,5,0,2,0,1,0,1,0.714286,-1,true,false,false,false,false,false,false,false,false,true,false,false,false,true,false,false,false,false,true,false,false,false,false,false,false,false,false,false,false,false,false,false,false,false,false,true,false,true,true,true,false,false,false,180,53,11,6,0,3,0,false,true,true,false
Kubernetes,guidance,Kubernetes---kb_39_Normalized.json,6,2,4,2,4,6,0,completed,,,0.001854,0.001018,0.000852667,7.35e-05,10830,2729,262.5,94.1667,107,0,4,0,2,0,1,0,1,0.666667,-1,false,false,false,false,false,false,false,false,false,true,false,false,false,true,false,false,false,false,true,false,false,false,false,false,false,false,false,false,false,false,false,false,false,false,false,true,false,true,true,true,false,false,false,31,6,4,5,0,2,0,false,false,false,false
Kubernetes,guidance,Kubernetes---kb_3_Normalized.json,10,2,8,2,8,10,0,completed,,,0.002122,0.0017029,0.0015437,0.0001013,13791,2499,202.6,61.5,82,2,8,0,0,0,0,0,1,1,0,true,false,false,false,false,false,false,false,false,true,false,false,false,false,false,false,false,false,true,false,false,false,false,false,false,false,false,false,false,false,false,false,false,false,false,true,false,true,true,true,false,false,false,33,6,2,5,0,0,0,false,false,false,false
Kubernetes,guidance,Kubernetes---kb_402_Normalized.json,7,1,6,1,6,7,0,completed,,,0.001293,0.000992714,0.000816,6.12857e-05,10205,1999,153.286,50.2857,56,0,6,0,1,0,1,0,1,0.857143,-1,false,false,false,false,false,false,false,false,false,true,false,false,false,false,false,false,false,false,false,false,false,false,false,false,false,false,false,false,false,false,false,false,false,false,false,true,false,true,true,true,false,false,false,26,7,4,4,0,0,0,false,false,false,false
Kubernetes,guidance,Kubernetes---kb_403_Normalized.json,5,2,3,2,3,5,0,completed,,,0.003798,0.0033838,0.0029686,0.0002454,24547,12119,651,195,230,0,3,0,2,0,1,0,1,0.6,-1,true,false,false,false,false,false,false,false,false,true,false,false,false,false,false,false,false,false,true,false,false,false,false,false,false,false,false,false,false,false,false,true,false,false,false,true,false,true,true,true,false,false,false,116,32,14,5,2,0,0,false,true,true,false
Kubernetes,guidance,Kubernetes---kb_404_Normalized.json,3,2,1,2,1,3,0,completed,,,0.002974,0.00663233,0.00586133,0.000464333,24626,15934,550.667,175,175,0,1,0,2,0,1,0,1,0.333333,-1,true,false,false,false,false,false,false,false,false,true,false,false,false,false,false,false,false,false,true,false,false,false,false,false,false,false,false,false,false,false,false,true,false,false,false,true,false,true,true,true,false,false,false,156,41,21,5,2,0,0,false,true,true,false
Kubernetes,guidance,Kubernetes---kb_405_Normalized.json,2,2,0,2,0,2,0,completed,,,0.005424,0.010287,0.0089925,0.0008055,22560,15934,546,175,175,0,0,0,2,0,1,0,1,0,-1,true,false,false,false,false,false,false,false,false,true,false,false,false,false,false,false,false,false,true,false,false,false,false,false,false,false,false,false,false,false,false,true,false,false,false,true,false,true,true,true,false,false,false,156,41,21,5,2,0,0,false,true,true,false
Kubernetes,guidance,Kubernetes---kb_406_Normalized.json,6,2,4,2,4,6,0,completed,,,0.002059,0.00169617,0.00152083,0.000116,6757,1461,155.333,54.3333,56,2,4,0,0,0,0,0,1,1,0,false,false,false,false,false,false,false,false,false,true,false,false,false,false,false,false,false,false,false,false,false,false,false,false,false,false,false,false,false,false,false,false,false,false,false,true,false,true,true,true,false,false,false,22,5,2,4,0,0,0,false,false,false,false
Kubernetes,guidance,Kubernetes---kb_407_Normalized.json,3,2,1,2,1,3,0,completed,,,0.003384,0.008891,0.00800633,0.000506333,20659,13140,573.667,188.667,190,2,1,0,0,0,0,0,1,1,0,true,false,false,false,false,false,false,false,false,true,false,false,false,false,false,false,false,false,true,false,false,false,false,false,false,false,false,false,false,false,false,true,false,false,false,true,false,true,true,true,false,false,false,140,39,19,5,2,0,0,false,true,true,false
Kubernetes,guidance,Kubernetes---kb_408_Normalized.json,4,2,2,2,2,4,0,completed,,,0.002793,0.011258,0.0100763,0.00073975,24293,12715,728.75,237,412,1,2,0,1,0,0.5,0,1,0.75,-0.5,true,false,false,false,false,false,false,false,false,true,false,false,false,false,false,false,false,false,true,false,false,false,false,false,false,false,false,false,false,false,false,true,false,false,false,true,false,true,true,true,false,false,false,144,38,20,5,2,0,0,false,true,true,false
Kubernetes,guidance,Kubernetes---kb_409_Normalized.json,4,2,2,2,2,4,0,completed,,,0.004155,0.00788475,0.007045,0.000543,20824,12715,406.5,128,134,2,2,0,0,0,0,0,1,1,0,true,false,false,false,false,false,false,false,false,true,false,false,false,false,false,false,false,false,true,false,false,false,false,false,false,false,false,false,false,false,false,true,false,false,false,true,false,true,true,true,false,false,false,144,38,20,5,2,0,0,false,true,true,false
Kubernetes,guidance,Kubernetes---kb_40_Normalized.json,6,2,4,2,4,6,0,completed,,,0.001383,0.0008795,0.000755833,4.71667e-05,10569,2715,264.833,91.8333,112,0,4,0,2,0,1,0,1,0.666667,-1,false,false,false,false,false,false,false,false,false,true,false,false,false,true,false,false,false,false,true,false,false,false,false,false,false,false,false,false,false,false,false,false,false,false,false,true,false,true,true,true,false,false,false,30,6,4,5,0,1,0,false,false,false,false
Kubernetes,guidance,Kubernetes---kb_410_Normalized.json,4,2,2,2,2,4,0,completed,,,0.00122,0.0011025,0.00094025,5.5e-05,2511,368,65.5,23,25,0,2,0,2,0,1,0,1,0.5,-1,false,false,false,false,false,false,false,false,false,false,false,false,false,false,false,false,false,false,true,false,false,false,false,false,false,false,false,false,false,false,false,false,false,false,false,true,false,false,false,true,false,false,false,9,2,0,5,0,0,0,false,false,false,false
Kubernetes,guidance,Kubernetes---kb_411_Normalized.json,3,1,2,1,2,3,0,completed,,,0.00098,0.00100567,0.000889,6.03333e-05,2291,368,57,22.3333,25,0,2,0,1,0,1,0,1,0.666667,-1,false,false,false,false,false,false,false,false,false,false,false,false,false,false,false,false,false,false,true,false,false,false,false,false,false,false,false,false,false,false,false,false,false,false,false,true,false,false,false,true,false,false,false,9,2,0,5,0,0,0,false,false,false,false
Kubernetes,guidance,Kubernetes---kb_412_Normalized.json,3,1,2,1,2,3,0,completed,,,0.001004,0.000707,0.000655,3.2e-05,3259,576,32.3333,10.3333,13,1,2,0,0,0,0,0,1,1,0,false,false,false,false,false,false,false,false,false,false,false,false,false,false,false,false,false,false,false,false,false,false,false,false,false,false,false,false,false,false,false,false,false,false,false,true,false,false,true,true,false,false,false,8,2,1,4,0,0,0,false,false,false,false
Kubernetes,guidance,Kubernetes---kb_413_Normalized.json,3,1,2,1,2,3,0,completed,,,0.001183,0.00076,0.000702,3.6e-05,2719,576,37,12,13,1,2,0,0,0,0,0,1,1,0,false,false,false,false,false,false,false,false,false,false,false,false,false,false,false,false,false,false,false,false,false,false,false,false,false,false,false,false,false,false,false,false,false,false,false,true,false,false,true,true,false,false,false,8,2,1,4,0,0,0,false,false,false,false
Kubernetes,guidance,Kubernetes---kb_414_Normalized.json,4,2,2,2,2,4,0,completed,,,0.001428,0.00096225,0.0008635,6.05e-05,2490,495,27,14,14,2,2,0,0,0,0,0,1,1,0,false,false,false,false,false,false,false,false,false,false,false,false,false,false,false,false,false,false,false,false,false,false,false,false,false,false,false,false,false,false,false,false,false,false,false,true,false,false,true,true,false,false,false,10,2,2,4,0,0,0,false,false,false,false
Kubernetes,guidance,Kubernetes---kb_415_Normalized.json,4,2,2,2,2,4,0,completed,,,0.001648,0.00096825,0.00086425,6.575e-05,2383,434,27,14,14,2,2,0,0,0,0,0,1,1,0,false,false,false,false,false,false,false,false,false,false,false,false,false,false,false,false,false,false,false,false,false,false,false,false,false,false,false,false,false,false,false,false,false,false,false,true,false,false,true,true,false,false,false,10,2,2,4,0,0,0,false,false,false,false
Kubernetes,guidance,Kubernetes---kb_416_Normalized.json,5,2,3,2,3,5,0,completed,,,0.001314,0.0007732,0.0006942,4.78e-05,2928,434,26.8,14.2,15,2,3,0,0,0,0,0,1,1,0,false,false,false,false,false,false,false,false,false,false,false,false,false,false,false,false,false,false,false,false,false,false,false,false,false,false,false,false,false,false,false,false,false,false,false,true,false,false,true,true,false,false,false,10,2,2,4,0,0,0,false,false,false,false
Kubernetes,guidance,Kubernetes---kb_417_Normalized.json,4,1,3,1,3,4,0,completed,,,0.001489,0.001016,0.00091575,6.125e-05,3428,682,48.5,19.5,20,1,3,0,0,0,0,0,1,1,0,false,false,false,false,false,false,false,false,false,false,false,false,false,false,false,false,false,false,false,false,false,false,false,false,false,false,false,false,false,false,false,false,false,false,false,true,false,false,true,true,false,false,false,12,3,3,4,0,0,0,false,false,false,false
Kubernetes,guidance,Kubernetes---kb_418_Normalized.json,3,1,2,1,2,3,0,completed,,,0.001405,0.00134533,0.00121333,8.13333e-05,2765,682,50.6667,19.6667,20,1,2,0,0,0,0,0,1,1,0,false,false,false,false,false,false,false,false,false,false,false,false,false,false,false,false,false,false,false,false,false,false,false,false,false,false,false,false,false,false,false,false,false,false,false,true,false,false,true,true,false,false,false,12,3,3,4,0,0,0,false,false,false,false
Kubernetes,guidance,Kubernetes---kb_419_Normalized.json,5,2,3,2,3,5,0,completed,,,0.00174,0.003413,0.003048,0.0002458,7064,2275,166.4,54.4,63,2,3,0,0,0,0,0,1,1,0,false,false,false,false,false,false,false,false,false,true,false,false,false,false,false,false,false,false,true,false,false,false,false,false,false,false,false,false,false,false,false,false,false,false,false,true,false,true,true,true,false,false,false,25,6,3,4,0,0,0,false,false,false,false
Kubernetes,guidance,Kubernetes---kb_41_Normalized.json,5,2,3,2,3,5,0,completed,,,0.001233,0.0004528,0.0003428,1.36e-05,2816,343,46.4,15.8,17,0,3,0,2,0,1,0,1,0.6,-1,false,false,false,false,false,false,false,false,false,false,false,false,false,false,false,false,false,false,false,false,false,false,false,false,false,false,false,false,false,false,false,false,false,false,false,true,false,false,true,true,false,false,false,8,2,2,4,0,0,0,false,false,false,false
Kubernetes,guidance,Kubernetes---kb_420_Normalized.json,5,2,3,2,3,5,0,completed,,,0.001731,0.003164,0.0028182,0.0002326,7128,2275,172,55.4,66,2,3,0,0,0,0,0,1,1,0,false,false,false,false,false,false,false,false,false,true,false,false,false,false,false,false,false,false,true,false,false,false,false,false,false,false,false,false,false,false,false,false,false,false,false,true,false,true,true,true,false,false,false,25,6,3,4,0,0,0,false,false,false,false
Kubernetes,guidance,Kubernetes---kb_421_Normalized.json,4,2,2,2,2,4,0,completed,,,0.001686,0.00254775,0.00230875,0.0001525,5172,1532,194.25,58,59,2,2,0,0,0,0,0,1,1,0,false,false,false,false,false,false,false,false,false,true,false,false,false,false,false,false,false,false,true,false,false,false,false,false,false,false,false,false,false,false,false,true,false,false,false,true,false,true,true,true,false,false,false,28,7,3,4,2,0,0,false,false,false,false
Kubernetes,guidance,Kubernetes---kb_422_Normalized.json,5,2,3,2,3,5,0,completed,,,0.002358,0.0021942,0.001986,0.000132,6167,1532,183.6,55.2,59,2,3,0,0,0,0,0,1,1,0,false,false,false,false,false,false,false,false,false,true,false,false,false,false,false,false,false,false,true,false,false,false,false,false,false,false,false,false,false,false,false,true,false,false,false,true,false,true,true,true,false,false,false,28,7,3,4,2,0,0,false,false,false,false
Kubernetes,guidance,Kubernetes---kb_423_Normalized.json,5,2,3,2,3,5,0,completed,,,0.00132,0.0010178,0.0009286,5.46e-05,2620,285,41.8,15,20,2,3,0,0,0,0,0,1,1,0,false,false,false,false,false,false,false,false,false,false,false,false,false,false,false,false,false,false,false,false,false,false,false,false,false,false,false,false,false,false,false,false,false,false,false,true,false,false,true,true,false,false,false,8,2,2,4,0,0,0,false,false,false,false
Kubernetes,guidance,Kubernetes---kb_424_Normalized.json,5,2,3,2,3,5,0,completed,,,0.001553,0.0010002,0.000913,5.3e-05,2634,285,45.2,15.8,20,2,3,0,0,0,0,0,1,1,0,false,false,false,false,false,false,false,false,false,false,false,false,false,false,false,false,false,false,false,false,false,false,false,false,false,false,false,false,false,false,false,false,false,false,false,true,false,false,true,true,false,false,false,8,2,2,4,0,0,0,false,false,false,false
Kubernetes,guidance,Kubernetes---kb_425_Normalized.json,3,1,2,1,2,3,0,completed,,,0.001926,0.00126033,0.00102467,9.53333e-05,7440,3464,116.667,37.3333,43,0,2,0,1,0,1,0,1,0.666667,-1,false,false,false,false,false,false,false,false,false,true,false,false,false,false,false,false,false,false,false,false,false,false,false,false,false,false,false,false,false,false,false,true,false,false,false,true,false,true,true,true,false,false,false,33,9,3,4,2,0,0,false,false,false,false
Kubernetes,guidance,Kubernetes---kb_426_Normalized.json,4,2,2,2,2,4,0,completed,,,0.002129,0.0013365,0.001053,0.00010075,7094,3464,135.25,41.25,42,0,2,0,2,0,1,0,1,0.5,-1,false,false,false,false,false,false,false,false,false,true,false,false,false,false,false,false,false,false,false,false,false,false,false,false,false,false,false,false,false,false,false,true,false,false,false,true,false,true,true,true,false,false,false,33,9,3,4,2,0,0,false,false,false,false
Kubernetes,guidance,Kubernetes---kb_427_Normalized.json,4,1,3,1,3,4,0,completed,,,0.002818,0.00114325,0.0008875,8.025e-05,8279,3464,139.25,41.5,51,0,3,0,1,0,1,0,1,0.75,-1,false,false,false,false,false,false,false,false,false,true,false,false,false,false,false,false,false,false,false,false,false,false,false,false,false,false,false,false,false,false,false,true,false,false,false,true,false,true,true,true,false,false,false,33,9,3,4,2,0,0,false,false,false,false
Kubernetes,guidance,Kubernetes---kb_428_Normalized.json,4,2,2,2,2,4,0,completed,,,0.002054,0.00117,0.00099425,8.025e-05,8507,4150,190.5,55.75,106,0,2,0,2,0,1,0,1,0.5,-1,false,false,false,false,false,false,false,false,false,true,false,false,false,false,false,false,false,false,true,false,false,false,false,false,false,false,false,false,false,false,false,true,false,false,false,true,false,true,true,true,false,false,false,41,10,4,4,2,0,0,false,false,true,false
Kubernetes,guidance,Kubernetes---kb_429_Normalized.json,4,2,2,2,2,4,0,completed,,,0.001984,0.0013115,0.00107175,0.00010775,10127,4150,305.25,94.5,163,0,2,0,2,0,1,0,1,0.5,-1,false,false,false,false,false,false,false,false,false,true,false,false,false,false,false,false,false,false,true,false,false,false,false,false,false,false,false,false,false,false,false,true,false,false,false,true,false,true,true,true,false,false,false,41,10,4,4,2,0,0,false,false,true,false
Kubernetes,guidance,Kubernetes---kb_42_Normalized.json,6,2,4,2,4,6,0,completed,,,0.001454,0.000452167,0.000352833,1.51667e-05,3368,343,44.3333,16.1667,18,0,4,0,2,0,1,0,1,0.666667,-1,false,false,false,false,false,false,false,false,false,false,false,false,false,false,false,false,false,false,false,false,false,false,false,false,false,false,false,false,false,false,false,false,false,false,false,true,false,false,true,true,false,false,false,8,2,2,4,0,0,0,false,false,false,false
Kubernetes,guidance,Kubernetes---kb_430_Normalized.json,3,2,1,2,1,3,0,completed,,,0.001942,0.00121167,0.000990333,8.16667e-05,7500,4150,180,53.3333,80,0,1,0,2,0,1,0,1,0.333333,-1,false,false,false,false,false,false,false,false,false,true,false,false,false,false,false,false,false,false,true,false,false,false,false,false,false,false,false,false,false,false,false,true,false,false,false,true,false,true,true,true,false,false,false,41,10,4,4,2,0,0,false,false,true,false
Kubernetes,guidance,Kubernetes---kb_431_Normalized.json,5,2,3,2,3,5,0,completed,,,0.001339,0.000786,0.0007062,5e-05,2864,399,23.2,12,12,2,3,0,0,0,0,0,1,1,0,false,false,false,false,false,false,false,false,false,false,false,false,false,false,false,false,false,false,false,false,false,false,false,false,false,false,false,false,false,false,false,false,false,false,false,true,false,false,true,true,false,false,false,10,2,2,4,0,0,0,false,false,false,false
Kubernetes,guidance,Kubernetes---kb_432_Normalized.json,6,2,4,2,4,6,0,completed,,,0.001813,0.000756333,0.000679833,4.71667e-05,3351,344,23.3333,12,12,2,4,0,0,0,0,0,1,1,0,false,false,false,false,false,false,false,false,false,false,false,false,false,false,false,false,false,false,false,false,false,false,false,false,false,false,false,false,false,false,false,false,false,false,false,true,false,false,true,true,false,false,false,10,2,2,4,0,0,0,false,false,false,false
Kubernetes,guidance,Kubernetes---kb_433_Normalized.json,5,2,3,2,3,5,0,completed,,,0.001362,0.0007866,0.000704,5.12e-05,2807,344,23,11.8,12,2,3,0,0,0,0,0,1,1,0,false,false,false,false,false,false,false,false,false,false,false,false,false,false,false,false,false,false,false,false,false,false,false,false,false,false,false,false,false,false,false,false,false,false,false,true,false,false,true,true,false,false,false,10,2,2,4,0,0,0,false,false,false,false
Kubernetes,guidance,Kubernetes---kb_434_Normalized.json,3,1,2,1,2,3,0,completed,,,0.001607,0.00382967,0.00351933,0.000178,3244,593,200.667,82.3333,86,1,2,0,0,0,0,0,1,1,0,false,false,false,false,false,false,false,false,false,false,false,false,false,false,false,false,false,false,false,false,false,false,false,false,false,false,false,false,false,false,false,false,false,false,false,true,false,false,true,true,false,false,false,13,9,9,4,0,0,0,false,true,false,false
Kubernetes,guidance,Kubernetes---kb_435_Normalized.json,6,1,5,1,5,6,0,completed,,,0.001554,0.002344,0.00215417,0.000108667,5354,593,206.667,82.1667,89,1,5,0,0,0,0,0,1,1,0,false,false,false,false,false,false,false,false,false,false,false,false,false,false,false,false,false,false,false,false,false,false,false,false,false,false,false,false,false,false,false,false,false,false,false,true,false,false,true,true,false,false,false,13,9,9,4,0,0,0,false,true,false,false
Kubernetes,guidance,Kubernetes---kb_436_Normalized.json,3,2,1,2,1,3,0,completed,,,0.005078,0.00496667,0.00441733,0.000328667,34463,26045,396,116.333,131,0,1,0,2,0,1,0,1,0.333333,-1,true,false,false,false,false,false,false,false,false,true,false,false,false,true,false,false,false,false,true,false,false,false,false,false,false,false,false,false,false,false,false,true,false,false,false,true,false,true,true,true,false,false,false,195,55,8,5,2,2,0,false,true,true,false
Kubernetes,guidance,Kubernetes---kb_437_Normalized.json,3,2,1,2,1,3,0,completed,,,0.005748,0.001055,0.000874667,6.73333e-05,35303,25925,468,140,147,0,1,0,2,0,1,0,1,0.333333,-1,true,false,false,false,false,false,false,false,false,true,false,false,false,true,false,false,false,false,true,false,false,false,false,false,false,false,false,false,false,false,false,true,false,false,false,true,false,true,true,true,false,false,false,195,55,8,5,2,2,0,false,true,true,false
Kubernetes,guidance,Kubernetes---kb_438_Normalized.json,3,2,1,2,1,3,0,completed,,,0.005127,0.00119833,0.000986,6.6e-05,35234,25888,461.333,138,151,0,1,0,2,0,1,0,1,0.333333,-1,true,false,false,false,false,false,false,false,false,true,false,false,false,true,false,false,false,false,true,false,false,false,false,false,false,false,false,false,false,false,false,true,false,false,false,true,false,true,true,true,false,false,false,194,55,8,5,2,1,0,false,true,true,false
Kubernetes,guidance,Kubernetes---kb_439_Normalized.json,4,1,3,1,3,4,0,completed,,,0.00178,0.00097925,0.00074125,5.6e-05,4785,1639,102.75,30,46,0,3,0,1,0,1,0,1,0.75,-1,false,false,false,false,false,false,false,false,false,true,false,false,false,false,false,false,false,false,false,false,false,false,false,false,false,false,false,false,false,false,false,true,false,false,false,true,false,true,true,true,false,false,false,23,6,2,4,2,0,0,false,false,false,false
Kubernetes,guidance,Kubernetes---kb_43_Normalized.json,5,2,3,2,3,5,0,completed,,,0.004732,0.0026052,0.0023106,0.000169,30252,19636,380.6,109,125,0,3,0,2,0,1,0,1,0.6,-1,true,false,false,false,false,false,false,false,false,true,false,false,false,true,false,false,false,false,true,false,false,false,false,false,false,false,false,false,false,false,false,false,false,false,false,true,false,true,true,true,false,false,false,161,47,10,5,0,2,0,false,true,true,false
Kubernetes,guidance,Kubernetes---kb_440_Normalized.json,4,1,3,1,3,4,0,completed,,,0.002147,0.0012985,0.0010015,8.75e-05,4866,1639,107.75,31,39,0,3,0,1,0,1,0,1,0.75,-1,false,false,false,false,false,false,false,false,false,true,false,false,false,false,false,false,false,false,false,false,false,false,false,false,false,false,false,false,false,false,false,true,false,false,false,true,false,true,true,true,false,false,false,23,6,2,4,2,0,0,false,false,false,false
Kubernetes,guidance,Kubernetes---kb_441_Normalized.json,3,1,2,1,2,3,0,completed,,,0.001713,0.00133367,0.00105367,8.63333e-05,4279,1639,91.6667,26,30,0,2,0,1,0,1,0,1,0.666667,-1,false,false,false,false,false,false,false,false,false,true,false,false,false,false,false,false,false,false,false,false,false,false,false,false,false,false,false,false,false,false,false,true,false,false,false,true,false,true,true,true,false,false,false,23,6,2,4,2,0,0,false,false,false,false
Kubernetes,guidance,Kubernetes---kb_442_Normalized.json,6,2,4,2,4,6,0,completed,,,0.003494,0.000975667,0.000813167,5.3e-05,25650,16755,377.333,105,112,0,4,0,2,0,1,0,1,0.666667,-1,true,false,false,false,false,false,false,false,false,true,false,false,false,true,false,false,false,false,true,false,false,false,false,false,false,false,false,false,false,false,false,false,false,false,false,true,false,true,true,true,false,false,false,121,37,6,5,0,2,0,false,true,true,false
Kubernetes,guidance,Kubernetes---kb_443_Normalized.json,7,2,5,2,5,7,0,completed,,,0.003505,0.001014,0.000841286,4.91429e-05,27628,16718,379,104.286,112,0,5,0,2,0,1,0,1,0.714286,-1,true,false,false,false,false,false,false,false,false,true,false,false,false,true,false,false,false,false,true,false,false,false,false,false,false,false,false,false,false,false,false,false,false,false,false,true,false,true,true,true,false,false,false,120,37,6,5,0,1,0,false,true,true,false
Kubernetes,guidance,Kubernetes---kb_444_Normalized.json,8,2,6,2,6,8,0,completed,,,0.004,0.000747,0.0005945,3.9125e-05,37546,20592,484.125,142.875,171,0,6,0,2,0,1,0,1,0.75,-1,true,false,false,false,false,false,false,false,false,true,false,false,false,true,false,false,false,false,true,false,false,false,false,false,false,false,false,false,false,false,false,false,false,false,false,true,false,true,true,true,false,false,false,152,45,7,6,0,3,0,false,true,true,false
Kubernetes,guidance,Kubernetes---kb_445_Normalized.json,7,2,5,2,5,7,0,completed,,,0.004056,0.000871571,0.000695714,3.95714e-05,35647,20555,534.571,157.143,227,0,5,0,2,0,1,0,1,0.714286,-1,true,false,false,false,false,false,false,false,false,true,false,false,false,true,false,false,false,false,true,false,false,false,false,false,false,false,false,false,false,false,false,false,false,false,false,true,false,true,true,true,false,false,false,151,45,7,6,0,2,0,false,true,true,false
Kubernetes,guidance,Kubernetes---kb_446_Normalized.json,7,2,5,2,5,7,0,completed,,,0.001899,0.00117814,0.000999571,5.98571e-05,8889,1627,128.857,36.4286,44,0,5,0,2,0,1,0,1,0.714286,-1,false,false,false,false,false,false,false,false,false,true,false,false,false,false,false,false,false,false,false,false,false,false,false,false,false,false,false,false,false,false,false,false,false,false,false,true,false,true,true,true,false,false,false,18,5,2,4,0,0,0,false,false,false,false
Kubernetes,guidance,Kubernetes---kb_447_Normalized.json,3,1,2,1,2,3,0,completed,,,0.001742,0.00127267,0.00109133,6.9e-05,5347,1627,137.333,39,44,0,2,0,1,0,1,0,1,0.666667,-1,false,false,false,false,false,false,false,false,false,true,false,false,false,false,false,false,false,false,false,false,false,false,false,false,false,false,false,false,false,false,false,false,false,false,false,true,false,true,true,true,false,false,false,18,5,2,4,0,0,0,false,false,false,false
Kubernetes,guidance,Kubernetes---kb_448_Normalized.json,1,1,0,1,0,1,0,completed,,,0.006844,0.006295,0.005494,0.000516,37078,29944,539,157,157,0,0,0,1,0,1,0,1,0,-1,true,false,false,false,false,false,false,false,false,true,false,false,false,true,false,false,false,false,true,false,false,false,false,false,false,false,false,false,false,false,false,true,false,false,false,true,false,true,true,true,false,false,false,226,63,9,6,2,3,0,false,true,true,false
Kubernetes,guidance,Kubernetes---kb_449_Normalized.json,3,2,1,2,1,3,0,completed,,,0.005822,0.000827,0.000666333,3.96667e-05,39691,29831,485,154,161,0,1,0,2,0,1,0,1,0.333333,-1,true,false,false,false,false,false,false,false,false,true,false,false,false,true,false,false,false,false,true,false,false,false,false,false,false,false,false,false,false,false,false,true,false,false,false,true,false,true,true,true,false,false,false,226,63,9,6,2,3,0,false,true,true,false
Kubernetes,guidance,Kubernetes---kb_44_Normalized.json,6,2,4,2,4,6,0,completed,,,0.004123,0.00295933,0.00266817,0.000159167,31755,19591,360.833,102.667,117,0,4,0,2,0,1,0,1,0.666667,-1,true,false,false,false,false,false,false,false,false,true,false,false,false,true,false,false,false,false,true,false,false,false,false,false,false,false,false,false,false,false,false,false,false,false,false,true,false,true,true,true,false,false,false,160,47,10,5,0,1,0,false,true,true,false
Kubernetes,guidance,Kubernetes---kb_451_Normalized.json,4,2,2,2,2,4,0,completed,,,0.002197,0.001672,0.00146775,0.00010375,12162,6102,276.25,81,84,0,2,0,2,0,1,0,1,0.5,-1,false,false,false,false,false,false,false,false,false,true,false,false,false,false,false,false,false,false,true,false,false,false,false,false,false,false,false,false,false,false,false,true,false,false,false,true,false,true,true,true,false,false,false,47,12,4,5,2,0,0,false,false,true,false
Kubernetes,guidance,Kubernetes---kb_452_Normalized.json,4,2,2,2,2,4,0,completed,,,0.002458,0.001999,0.00173275,0.00012575,12754,6102,263.5,81.75,87,0,2,0,2,0,1,0,1,0.5,-1,false,false,false,false,false,false,false,false,false,true,false,false,false,false,false,false,false,false,true,false,false,false,false,false,false,false,false,false,false,false,false,true,false,false,false,true,false,true,true,true,false,false,false,47,12,4,5,2,0,0,false,false,true,false
Kubernetes,guidance,Kubernetes---kb_453_Normalized.json,4,2,2,2,2,4,0,completed,,,0.001551,0.001423,0.0012295,8.45e-05,12179,6102,278.75,82.75,90,0,2,0,2,0,1,0,1,0.5,-1,false,false,false,false,false,false,false,false,false,true,false,false,false,false,false,false,false,false,true,false,false,false,false,false,false,false,false,false,false,false,false,true,false,false,false,true,false,true,true,true,false,false,false,47,12,4,5,2,0,0,false,false,true,false
Kubernetes,guidance,Kubernetes---kb_454_Normalized.json,5,2,3,2,3,5,0,completed,,,0.001915,0.0006988,0.0004806,4.2e-05,17496,9128,268.8,78,96,0,3,0,2,0,1,0,1,0.6,-1,false,false,false,false,false,false,false,false,false,true,false,false,false,false,false,false,false,false,true,false,false,false,false,false,false,false,false,false,false,false,false,true,false,false,false,true,false,true,true,true,false,false,false,71,18,4,5,2,0,0,false,false,true,false
Kubernetes,guidance,Kubernetes---kb_455_Normalized.json,4,2,2,2,2,4,0,completed,,,0.001954,0.00062425,0.000464,4.525e-05,16597,9133,282.25,80.75,96,0,2,0,2,0,1,0,1,0.5,-1,false,false,false,false,false,false,false,false,false,true,false,false,false,false,false,false,false,false,true,false,false,false,false,false,false,false,false,false,false,false,false,true,false,false,false,true,false,true,true,true,false,false,false,71,18,4,5,2,0,0,false,false,true,false
Kubernetes,guidance,Kubernetes---kb_456_Normalized.json,2,2,0,2,0,2,0,completed,,,0.001993,0.0004715,0.00024,1.05e-05,12893,9133,271,81,82,0,0,0,2,0,1,0,1,0,-1,false,false,false,false,false,false,false,false,false,true,false,false,false,false,false,false,false,false,true,false,false,false,false,false,false,false,false,false,false,false,false,true,false,false,false,true,false,true,true,true,false,false,false,71,18,4,5,2,0,0,false,false,true,false
Kubernetes,guidance,Kubernetes---kb_457_Normalized.json,4,2,2,2,2,4,0,completed,,,0.001821,0.0008045,0.0006195,6.225e-05,5130,1430,94.5,35,42,0,2,0,2,0,1,0,1,0.5,-1,false,false,false,false,false,false,false,false,false,true,false,false,false,false,false,false,false,false,true,false,false,false,false,false,false,false,false,false,false,false,false,false,false,false,false,true,false,true,false,true,false,false,false,20,4,0,5,0,0,0,false,false,false,false
Kubernetes,guidance,Kubernetes---kb_458_Normalized.json,4,2,2,2,2,4,0,completed,,,0.00184,0.00078225,0.0006,5.525e-05,4508,1430,105.25,36.75,48,0,2,0,2,0,1,0,1,0.5,-1,false,false,false,false,false,false,false,false,false,true,false,false,false,false,false,false,false,false,true,false,false,false,false,false,false,false,false,false,false,false,false,false,false,false,false,true,false,true,false,true,false,false,false,20,4,0,5,0,0,0,false,false,false,false
Kubernetes,guidance,Kubernetes---kb_459_Normalized.json,4,2,2,2,2,4,0,completed,,,0.002183,0.00074875,0.00057975,4.8e-05,4577,1430,116.75,41.5,50,0,2,0,2,0,1,0,1,0.5,-1,false,false,false,false,false,false,false,false,false,true,false,false,false,false,false,false,false,false,true,false,false,false,false,false,false,false,false,false,false,false,false,false,false,false,false,true,false,true,false,true,false,false,false,20,4,0,5,0,0,0,false,false,false,false
Kubernetes,guidance,Kubernetes---kb_45_Normalized.json,5,1,4,1,4,5,0,completed,,,0.004626,0.0035076,0.0031072,0.0002052,36506,23430,468,135.2,160,0,4,0,1,0,1,0,1,0.8,-1,true,false,false,false,false,false,false,false,false,true,false,false,false,true,false,false,false,false,true,false,false,false,false,false,false,false,false,false,false,false,false,false,false,false,false,true,false,true,true,true,false,false,false,191,55,11,6,0,3,0,false,true,true,false
Kubernetes,guidance,Kubernetes---kb_460_Normalized.json,6,2,4,2,4,6,0,completed,,,0.001219,0.0012765,0.00116933,7.15e-05,4353,841,70,20.1667,23,2,4,0,0,0,0,0,1,1,0,false,false,false,false,false,false,false,false,false,false,false,false,false,false,false,false,false,false,true,false,false,false,false,false,false,false,false,false,false,false,false,false,false,false,false,true,false,false,false,true,false,false,false,9,2,0,5,0,0,0,false,false,false,false
Kubernetes,guidance,Kubernetes---kb_461_Normalized.json,6,2,4,2,4,6,0,completed,,,0.001205,0.00125467,0.00115067,6.95e-05,3994,846,74.6667,21.5,25,2,4,0,0,0,0,0,1,1,0,false,false,false,false,false,false,false,false,false,false,false,false,false,false,false,false,false,false,true,false,false,false,false,false,false,false,false,false,false,false,false,false,false,false,false,true,false,false,false,true,false,false,false,9,2,0,5,0,0,0,false,false,false,false
Kubernetes,guidance,Kubernetes---kb_462_Normalized.json,5,2,3,2,3,5,0,completed,,,0.001215,0.0012746,0.001168,7.02e-05,3445,846,68.6,19.8,22,2,3,0,0,0,0,0,1,1,0,false,false,false,false,false,false,false,false,false,false,false,false,false,false,false,false,false,false,true,false,false,false,false,false,false,false,false,false,false,false,false,false,false,false,false,true,false,false,false,true,false,false,false,9,2,0,5,0,0,0,false,false,false,false
Kubernetes,guidance,Kubernetes---kb_463_Normalized.json,2,1,1,1,1,2,0,completed,,,0.001097,0.000797,0.0007365,3.7e-05,1407,264,23.5,6.5,7,1,1,0,0,0,0,0,1,1,0,false,false,false,false,false,false,false,false,false,false,false,false,false,false,false,false,false,false,false,false,false,false,false,false,false,false,false,false,false,false,false,false,false,false,false,true,false,false,true,true,false,false,false,6,1,1,4,0,0,0,false,false,false,false
Kubernetes,guidance,Kubernetes---kb_464_Normalized.json,2,1,1,1,1,2,0,completed,,,0.001322,0.000965,0.00089,4.7e-05,1407,264,23.5,7,8,1,1,0,0,0,0,0,1,1,0,false,false,false,false,false,false,false,false,false,false,false,false,false,false,false,false,false,false,false,false,false,false,false,false,false,false,false,false,false,false,false,false,false,false,false,true,false,false,true,true,false,false,false,6,1,1,4,0,0,0,false,false,false,false
Kubernetes,guidance,Kubernetes---kb_46_Normalized.json,2,1,1,1,1,2,0,completed,,,0.005134,0.006047,0.0053925,0.0003545,31232,23385,539.5,162,162,0,1,0,1,0,1,0,1,0.5,-1,true,false,false,false,false,false,false,false,false,true,false,false,false,true,false,false,false,false,true,false,false,false,false,false,false,false,false,false,false,false,false,false,false,false,false,true,false,true,true,true,false,false,false,190,55,11,6,0,2,0,false,true,true,false
Kubernetes,guidance,Kubernetes---kb_471_Normalized.json,4,2,2,2,2,4,0,completed,,,0.00228,0.00248875,0.00229325,0.0001215,3140,764,68.75,36.25,40,2,2,0,0,0,0,0,1,1,0,false,false,false,false,false,false,false,false,false,false,false,false,false,false,false,false,false,false,true,false,false,false,false,false,false,false,false,false,false,false,false,false,false,false,false,true,false,false,true,true,false,false,false,10,2,1,5,0,0,0,false,false,false,false
Kubernetes,guidance,Kubernetes---kb_472_Normalized.json,4,2,2,2,2,4,0,completed,,,0.001453,0.00237325,0.002197,0.00010925,3153,737,69,36,40,2,2,0,0,0,0,0,1,1,0,false,false,false,false,false,false,false,false,false,false,false,false,false,false,false,false,false,false,true,false,false,false,false,false,false,false,false,false,false,false,false,false,false,false,false,true,false,false,true,true,false,false,false,10,2,1,5,0,0,0,false,false,false,false
Kubernetes,guidance,Kubernetes---kb_473_Normalized.json,4,2,2,2,2,4,0,completed,,,0.001485,0.00247775,0.0022945,0.000113,3163,737,70,36.25,40,2,2,0,0,0,0,0,1,1,0,false,false,false,false,false,false,false,false,false,false,false,false,false,false,false,false,false,false,true,false,false,false,false,false,false,false,false,false,false,false,false,false,false,false,false,true,false,false,true,true,false,false,false,10,2,1,5,0,0,0,false,false,false,false
Kubernetes,guidance,Kubernetes---kb_474_Normalized.json,5,2,3,2,3,5,0,completed,,,0.002168,0.0047268,0.0043296,0.0002392,8250,2636,352.8,134.4,151,2,3,0,0,0,0,0,1,1,0,false,false,false,false,false,false,false,false,false,true,false,false,false,false,false,false,false,false,true,false,false,false,false,false,false,false,false,false,false,false,false,false,false,false,false,true,false,true,true,true,false,false,false,37,13,3,5,0,0,0,false,false,true,false
Kubernetes,guidance,Kubernetes---kb_475_Normalized.json,8,2,6,2,6,8,0,completed,,,0.002071,0.005346,0.00485775,0.000296625,11469,2636,385.625,146.75,154,2,6,0,0,0,0,0,1,1,0,false,false,false,false,false,false,false,false,false,true,false,false,false,false,false,false,false,false,true,false,false,false,false,false,false,false,false,false,false,false,false,false,false,false,false,true,false,true,true,true,false,false,false,37,13,3,5,0,0,0,false,false,true,false
Kubernetes,guidance,Kubernetes---kb_476_Normalized.json,8,2,6,2,6,8,0,completed,,,0.003288,0.00382963,0.00352563,0.000186375,10086,2552,239.75,93.875,141,2,6,0,0,0,0,0,1,1,0,false,false,false,false,false,false,false,false,false,true,false,false,false,false,false,false,false,false,true,false,false,false,false,false,false,false,false,false,false,false,false,false,false,false,false,true,false,true,true,true,false,false,false,35,12,3,5,0,0,0,false,false,true,false
Kubernetes,guidance,Kubernetes---kb_477_Normalized.json,8,2,6,2,6,8,0,completed,,,0.002161,0.00443312,0.0040565,0.000222375,10722,2552,314.125,120.25,142,2,6,0,0,0,0,0,1,1,0,false,false,false,false,false,false,false,false,false,true,false,false,false,false,false,false,false,false,true,false,false,false,false,false,false,false,false,false,false,false,false,false,false,false,false,true,false,true,true,true,false,false,false,35,12,3,5,0,0,0,false,false,true,false
Kubernetes,guidance,Kubernetes---kb_478_Normalized.json,2,2,0,2,0,2,0,completed,,,0.028621,0.003055,0.00261,0.0002325,185039,149489,209.5,61.5,69,0,0,0,2,0,1,0,1,0,-1,true,false,false,false,false,false,false,false,false,true,false,false,false,true,false,false,false,false,true,false,false,false,false,false,false,false,false,false,false,false,false,true,false,false,false,true,false,true,true,true,false,false,false,1448,442,76,6,4,2,0,false,true,true,false
Kubernetes,guidance,Kubernetes---kb_479_Normalized.json,2,2,0,2,0,2,0,completed,,,0.032555,0.003802,0.0033015,0.0002675,184956,149469,198,57,60,0,0,0,2,0,1,0,1,0,-1,true,false,false,false,false,false,false,false,false,true,false,false,false,true,false,false,false,false,true,false,false,false,false,false,false,false,false,false,false,false,false,true,false,false,false,true,false,true,true,true,false,false,false,1447,442,76,6,4,1,0,false,true,true,false
Kubernetes,guidance,Kubernetes---kb_47_Normalized.json,2,2,0,2,0,2,0,completed,,,0.003182,0.003911,0.0033725,0.0002155,15271,5067,3903.5,3533,6980,0,0,0,2,0,1,0,1,0,-1,false,false,false,false,false,false,false,false,false,true,false,false,false,false,false,false,false,false,true,false,false,false,false,false,false,false,false,false,false,false,false,false,false,false,false,true,false,true,true,true,false,false,false,59,15,6,5,0,0,0,false,true,true,false
Kubernetes,guidance,Kubernetes---kb_480_Normalized.json,3,1,2,1,2,3,0,completed,,,0.001501,0.004271,0.00394833,0.000185333,3932,1301,180.667,66,67,1,2,0,0,0,0,0,1,1,0,false,false,false,false,false,false,false,false,false,true,false,false,false,false,false,false,false,false,false,false,false,false,false,false,false,false,false,false,false,false,false,false,false,false,false,true,false,true,true,true,false,false,false,20,6,2,4,0,0,0,false,false,false,false
Kubernetes,guidance,Kubernetes---kb_481_Normalized.json,4,2,2,2,2,4,0,completed,,,0.001747,0.003864,0.00356725,0.000174,4290,1301,185.5,67,68,2,2,0,0,0,0,0,1,1,0,false,false,false,false,false,false,false,false,false,true,false,false,false,false,false,false,false,false,false,false,false,false,false,false,false,false,false,false,false,false,false,false,false,false,false,true,false,true,true,true,false,false,false,20,6,2,4,0,0,0,false,false,false,false
Kubernetes,guidance,Kubernetes---kb_484_Normalized.json,5,2,3,2,3,5,0,completed,,,0.039296,0.0034216,0.0029668,0.0002522,185157,145091,387.8,114.2,115,0,3,0,2,0,1,0,1,0.6,-1,true,false,false,false,false,false,false,false,false,true,false,false,false,false,false,false,false,false,true,false,false,false,false,false,false,false,false,false,false,false,false,true,false,false,false,true,false,true,true,true,false,false,false,1391,425,74,6,4,0,0,false,true,true,false
Kubernetes,guidance,Kubernetes---kb_485_Normalized.json,5,2,3,2,3,5,0,completed,,,0.028407,0.002433,0.0021256,0.0001746,184564,145091,393.2,115.8,121,0,3,0,2,0,1,0,1,0.6,-1,true,false,false,false,false,false,false,false,false,true,false,false,false,false,false,false,false,false,true,false,false,false,false,false,false,false,false,false,false,false,false,true,false,false,false,true,false,true,true,true,false,false,false,1391,425,74,6,4,0,0,false,true,true,false
Kubernetes,guidance,Kubernetes---kb_486_Normalized.json,3,1,2,1,2,3,0,completed,,,0.002518,0.00640633,0.00567633,0.000433333,6839,2895,333,127.667,129,0,2,0,1,0,1,0,1,0.666667,-1,false,false,false,false,false,false,false,false,false,true,false,false,false,false,false,false,false,false,true,false,false,false,false,false,false,false,false,false,false,false,false,false,false,false,false,true,false,true,true,true,false,false,false,42,12,2,4,0,0,0,false,false,true,false
Kubernetes,guidance,Kubernetes---kb_487_Normalized.json,8,2,6,2,6,8,0,completed,,,0.001947,0.00465138,0.00423238,0.000217,12446,2895,365.375,135.25,168,0,6,0,2,0,1,0,1,0.75,-1,false,false,false,false,false,false,false,false,false,true,false,false,false,false,false,false,false,false,true,false,false,false,false,false,false,false,false,false,false,false,false,false,false,false,false,true,false,true,true,true,false,false,false,42,12,2,4,0,0,0,false,false,true,false
Kubernetes,guidance,Kubernetes---kb_488_Normalized.json,3,2,1,2,1,3,0,completed,,,0.028191,0.00202933,0.001779,0.000120667,181607,145879,270,79.3333,101,0,1,0,2,0,1,0,1,0.333333,-1,true,false,false,false,false,false,false,false,false,true,false,false,false,false,false,false,false,false,true,false,false,false,false,false,false,false,false,false,false,false,false,true,false,false,false,true,false,true,true,true,false,false,false,1398,427,74,6,4,0,0,false,true,true,false
Kubernetes,guidance,Kubernetes---kb_489_Normalized.json,5,2,3,2,3,5,0,completed,,,0.028744,0.0019252,0.0017262,0.0001058,184578,145879,243.8,69.4,77,0,3,0,2,0,1,0,1,0.6,-1,true,false,false,false,false,false,false,false,false,true,false,false,false,false,false,false,false,false,true,false,false,false,false,false,false,false,false,false,false,false,false,true,false,false,false,true,false,true,true,true,false,false,false,1398,427,74,6,4,0,0,false,true,true,false
Kubernetes,guidance,Kubernetes---kb_48_Normalized.json,3,2,1,2,1,3,0,completed,,,0.003024,0.00353567,0.00309767,0.000192667,10329,5067,726.667,380,529,0,1,0,2,0,1,0,1,0.333333,-1,false,false,false,false,false,false,false,false,false,true,false,false,false,false,false,false,false,false,true,false,false,false,false,false,false,false,false,false,false,false,false,false,false,false,false,true,false,true,true,true,false,false,false,59,15,6,5,0,0,0,false,true,true,false
Kubernetes,guidance,Kubernetes---kb_490_Normalized.json,3,2,1,2,1,3,0,completed,,,0.029025,0.00209,0.00182467,0.000124333,181643,145879,277.667,84.6667,92,0,1,0,2,0,1,0,1,0.333333,-1,true,false,false,false,false,false,false,false,false,true,false,false,false,false,false,false,false,false,true,false,false,false,false,false,false,false,false,false,false,false,false,true,false,false,false,true,false,true,true,true,false,false,false,1398,427,74,6,4,0,0,false,true,true,false
Kubernetes,guidance,Kubernetes---kb_494_Normalized.json,6,2,4,2,4,6,0,completed,,,0.006311,0.00466267,0.00429417,0.000206833,39227,21079,836.167,245.667,274,0,4,0,2,0,1,0,1,0.666667,-1,true,false,false,false,false,false,false,false,false,true,false,false,false,false,false,false,false,false,true,false,false,false,false,false,false,false,false,false,false,false,false,false,false,false,false,true,false,true,false,true,false,false,false,176,88,0,5,0,0,0,false,false,true,false
Kubernetes,guidance,Kubernetes---kb_495_Normalized.json,5,2,3,2,3,5,0,completed,,,0.006163,0.005259,0.0048686,0.000234,36190,21359,722,214.4,323,0,3,0,2,0,1,0,1,0.6,-1,true,false,false,false,false,false,false,false,false,true,false,false,false,false,false,false,false,false,true,false,false,false,false,false,false,false,false,false,false,false,false,false,false,false,false,true,false,true,false,true,false,false,false,176,88,0,5,0,0,0,false,false,true,false
Kubernetes,guidance,Kubernetes---kb_496_Normalized.json,5,2,3,2,3,5,0,completed,,,0.005343,0.0057306,0.005324,0.0002398,37546,21359,949,255,345,0,3,0,2,0,1,0,1,0.6,-1,true,false,false,false,false,false,false,false,false,true,false,false,false,false,false,false,false,false,true,false,false,false,false,false,false,false,false,false,false,false,false,false,false,false,false,true,false,true,false,true,false,false,false,176,88,0,5,0,0,0,false,false,true,false
Kubernetes,guidance,Kubernetes---kb_49_Normalized.json,5,2,3,2,3,5,0,completed,,,0.00183,0.0013006,0.0010936,5.96e-05,5342,1532,81.8,30,30,0,3,0,2,0,1,0,1,0.6,-1,false,false,false,false,false,false,false,false,false,false,false,false,false,false,false,false,false,false,false,false,false,false,false,false,false,false,false,false,false,false,false,false,false,false,false,true,false,false,true,true,false,false,false,13,4,1,4,0,0,0,false,false,false,false
Kubernetes,guidance,Kubernetes---kb_4_Normalized.json,9,2,7,2,7,9,0,completed,,,0.002722,0.00303578,0.002767,0.000183333,13531,2499,238.333,73,111,2,7,0,0,0,0,0,1,1,0,true,false,false,false,false,false,false,false,false,true,false,false,false,false,false,false,false,false,true,false,false,false,false,false,false,false,false,false,false,false,false,false,false,false,false,true,false,true,true,true,false,false,false,33,6,2,5,0,0,0,false,false,false,false
Kubernetes,guidance,Kubernetes---kb_506_Normalized.json,5,2,3,2,3,5,0,completed,,,0.001413,0.0011694,0.001073,6.12e-05,3479,872,53.4,19,20,2,3,0,0,0,0,0,1,1,0,false,false,false,false,false,false,false,false,false,false,false,false,false,false,false,false,false,false,false,false,false,false,false,false,false,false,false,false,false,false,false,false,false,false,false,true,false,false,true,true,false,false,false,11,3,2,4,0,0,0,false,false,false,false
Kubernetes,guidance,Kubernetes---kb_507_Normalized.json,5,2,3,2,3,5,0,completed,,,0.001384,0.0013058,0.0011946,6.96e-05,4082,872,61.2,21,28,2,3,0,0,0,0,0,1,1,0,false,false,false,false,false,false,false,false,false,false,false,false,false,false,false,false,false,false,false,false,false,false,false,false,false,false,false,false,false,false,false,false,false,false,false,true,false,false,true,true,false,false,false,11,3,2,4,0,0,0,false,false,false,false
Kubernetes,guidance,Kubernetes---kb_508_Normalized.json,8,2,6,2,6,8,0,completed,,,0.001708,0.00513725,0.00468762,0.0002835,10395,1887,214,68.25,90,2,6,0,0,0,0,0,1,1,0,true,false,false,false,false,false,false,false,false,true,false,false,false,false,false,false,false,false,true,false,false,false,false,false,false,false,false,false,false,false,false,false,false,false,false,true,false,true,true,true,false,false,false,26,5,2,5,0,0,0,false,false,false,false
Kubernetes,guidance,Kubernetes---kb_509_Normalized.json,8,2,6,2,6,8,0,completed,,,0.00188,0.00387975,0.00350388,0.00023975,9985,1887,219.75,67.5,108,2,6,0,0,0,0,0,1,1,0,true,false,false,false,false,false,false,false,false,true,false,false,false,false,false,false,false,false,true,false,false,false,false,false,false,false,false,false,false,false,false,false,false,false,false,true,false,true,true,true,false,false,false,26,5,2,5,0,0,0,false,false,false,false
Kubernetes,guidance,Kubernetes---kb_50_Normalized.json,6,2,4,2,4,6,0,completed,,,0.001587,0.0011035,0.000930333,5.68333e-05,6304,1532,80.8333,29.6667,30,0,4,0,2,0,1,0,1,0.666667,-1,false,false,false,false,false,false,false,false,false,false,false,false,false,false,false,false,false,false,false,false,false,false,false,false,false,false,false,false,false,false,false,false,false,false,false,true,false,false,true,true,false,false,false,13,4,1,4,0,0,0,false,false,false,false
Kubernetes,guidance,Kubernetes---kb_510_Normalized.json,4,2,2,2,2,4,0,completed,,,0.001784,0.001286,0.001164,7.575e-05,3608,866,57,20.25,21,2,2,0,0,0,0,0,1,1,0,false,false,false,false,false,false,false,false,false,false,false,false,false,false,false,false,false,false,true,false,false,false,false,false,false,false,false,false,false,false,false,false,false,false,false,true,false,false,true,true,false,false,false,14,3,2,5,0,0,0,false,false,false,false
Kubernetes,guidance,Kubernetes---kb_511_Normalized.json,4,1,3,1,3,4,0,completed,,,0.001037,0.00112625,0.00103,5.7e-05,3944,866,63,21.75,22,1,3,0,0,0,0,0,1,1,0,false,false,false,false,false,false,false,false,false,false,false,false,false,false,false,false,false,false,true,false,false,false,false,false,false,false,false,false,false,false,false,false,false,false,false,true,false,false,true,true,false,false,false,14,3,2,5,0,0,0,false,false,false,false
Kubernetes,guidance,Kubernetes---kb_512_Normalized.json,5,2,3,2,3,5,0,completed,,,0.002463,0.0051026,0.0045282,0.0003162,25320,15992,513,161.4,186,0,3,0,2,0,1,0,1,0.6,-1,true,false,false,false,false,false,false,false,false,true,false,false,false,true,false,false,false,false,true,false,false,false,false,false,false,false,false,false,false,false,false,false,false,false,false,true,false,true,true,true,false,false,false,122,37,4,5,0,2,0,false,false,true,false
Kubernetes,guidance,Kubernetes---kb_513_Normalized.json,4,2,2,2,2,4,0,completed,,,0.003945,0.004877,0.004381,0.00027425,23561,16012,476.25,163.5,189,0,2,0,2,0,1,0,1,0.5,-1,true,false,false,false,false,false,false,false,false,true,false,false,false,true,false,false,false,false,true,false,false,false,false,false,false,false,false,false,false,false,false,false,false,false,false,true,false,true,true,true,false,false,false,122,37,4,5,0,2,0,false,false,true,false
Kubernetes,guidance,Kubernetes---kb_514_Normalized.json,6,2,4,2,4,6,0,completed,,,0.003355,0.00459767,0.00418717,0.000220167,25766,15973,427.5,138.667,148,0,4,0,2,0,1,0,1,0.666667,-1,true,false,false,false,false,false,false,false,false,true,false,false,false,true,false,false,false,false,true,false,false,false,false,false,false,false,false,false,false,false,false,false,false,false,false,true,false,true,true,true,false,false,false,121,37,4,5,0,1,0,false,false,true,false
Kubernetes,guidance,Kubernetes---kb_515_Normalized.json,8,2,6,2,6,8,0,completed,,,0.003649,0.00326588,0.00290038,0.0001825,35157,19880,445.75,152,164,0,6,0,2,0,1,0,1,0.75,-1,true,false,false,false,false,false,false,false,false,true,false,false,false,true,false,false,false,false,true,false,false,false,false,false,false,false,false,false,false,false,false,false,false,false,false,true,false,true,true,true,false,false,false,153,45,5,6,0,3,0,false,true,true,false
Kubernetes,guidance,Kubernetes---kb_516_Normalized.json,5,1,4,1,4,5,0,completed,,,0.003346,0.0041834,0.0037098,0.0002352,31032,19915,418.2,145.8,147,0,4,0,1,0,1,0,1,0.8,-1,true,false,false,false,false,false,false,false,false,true,false,false,false,true,false,false,false,false,true,false,false,false,false,false,false,false,false,false,false,false,false,false,false,false,false,true,false,true,true,true,false,false,false,153,45,5,6,0,3,0,false,true,true,false
Kubernetes,guidance,Kubernetes---kb_517_Normalized.json,5,1,4,1,4,5,0,completed,,,0.004098,0.004889,0.0043934,0.000248,33589,19876,695.8,256.4,260,0,4,0,1,0,1,0,1,0.8,-1,true,false,false,false,false,false,false,false,false,true,false,false,false,true,false,false,false,false,true,false,false,false,false,false,false,false,false,false,false,false,false,false,false,false,false,true,false,true,true,true,false,false,false,152,45,5,6,0,2,0,false,true,true,false
Kubernetes,guidance,Kubernetes---kb_518_Normalized.json,4,2,2,2,2,4,0,completed,,,0.002285,0.0044975,0.00401775,0.000344,4240,1308,166.5,69.5,71,2,2,0,0,0,0,0,1,1,0,false,false,false,false,false,false,false,false,false,true,false,false,false,false,false,false,false,false,false,false,false,false,false,false,false,false,false,false,false,false,false,false,false,false,false,true,false,true,false,true,false,false,false,19,5,0,4,0,0,0,false,false,false,false
Kubernetes,guidance,Kubernetes---kb_519_Normalized.json,4,2,2,2,2,4,0,completed,,,0.001222,0.00336825,0.00308225,0.000179,4240,1308,166.5,69.5,71,2,2,0,0,0,0,0,1,1,0,false,false,false,false,false,false,false,false,false,true,false,false,false,false,false,false,false,false,false,false,false,false,false,false,false,false,false,false,false,false,false,false,false,false,false,true,false,true,false,true,false,false,false,19,5,0,4,0,0,0,false,false,false,false
Kubernetes,guidance,Kubernetes---kb_51_Normalized.json,2,1,1,1,1,2,0,completed,,,0.001139,0.000842,0.000734,4.1e-05,3002,1097,200.5,60.5,61,0,1,0,1,0,1,0,1,0.5,-1,false,false,false,false,false,false,false,false,false,false,false,false,false,false,false,false,false,false,false,false,false,false,false,false,false,false,false,false,false,false,false,false,false,false,false,true,false,false,true,true,false,false,false,16,6,2,4,0,0,0,false,false,false,false
Kubernetes,guidance,Kubernetes---kb_520_Normalized.json,5,2,3,2,3,5,0,completed,,,0.001132,0.0031858,0.00292,0.0001674,4997,1308,166.2,69.2,71,2,3,0,0,0,0,0,1,1,0,false,false,false,false,false,false,false,false,false,true,false,false,false,false,false,false,false,false,false,false,false,false,false,false,false,false,false,false,false,false,false,false,false,false,false,true,false,true,false,true,false,false,false,19,5,0,4,0,0,0,false,false,false,false
Kubernetes,guidance,Kubernetes---kb_521_Normalized.json,4,2,2,2,2,4,0,completed,,,0.00177,0.0048395,0.004327,0.000349,10542,5342,268.5,86.5,106,2,2,0,0,0,0,0,1,1,0,false,false,false,false,false,false,false,false,false,true,false,false,false,false,false,false,false,false,true,false,false,false,false,false,false,false,false,false,false,false,false,true,false,false,false,true,false,true,true,true,false,false,false,59,15,4,5,2,0,0,false,false,true,false
Kubernetes,guidance,Kubernetes---kb_522_Normalized.json,2,2,0,2,0,2,0,completed,,,0.001917,0.0058015,0.005131,0.000451,8397,5342,260.5,83,85,2,0,0,0,0,0,0,1,1,0,false,false,false,false,false,false,false,false,false,true,false,false,false,false,false,false,false,false,true,false,false,false,false,false,false,false,false,false,false,false,false,true,false,false,false,true,false,true,true,true,false,false,false,59,15,4,5,2,0,0,false,false,true,false
Kubernetes,guidance,Kubernetes---kb_523_Normalized.json,5,2,3,2,3,5,0,completed,,,0.001374,0.0020968,0.0018654,0.0001724,10339,3896,144.6,44.8,46,2,3,0,0,0,0,0,1,1,0,false,false,false,false,false,false,false,false,false,true,false,false,false,false,false,false,false,false,false,false,false,false,false,false,false,false,false,false,false,false,false,false,false,false,false,true,false,true,true,true,false,false,false,33,7,1,5,0,0,0,false,false,false,false
Kubernetes,guidance,Kubernetes---kb_524_Normalized.json,5,2,3,2,3,5,0,completed,,,0.001947,0.0022964,0.0020324,0.0002008,10333,3896,143.6,44.8,46,2,3,0,0,0,0,0,1,1,0,false,false,false,false,false,false,false,false,false,true,false,false,false,false,false,false,false,false,false,false,false,false,false,false,false,false,false,false,false,false,false,false,false,false,false,true,false,true,true,true,false,false,false,33,7,1,5,0,0,0,false,false,false,false
Kubernetes,guidance,Kubernetes---kb_525_Normalized.json,4,2,2,2,2,4,0,completed,,,0.003651,0.00279,0.00243675,0.00019175,26532,17163,433.25,153,153,0,2,0,2,0,1,0,1,0.5,-1,true,false,false,false,false,false,false,false,false,true,false,false,false,true,false,false,false,false,true,false,false,false,false,false,false,false,false,false,false,false,false,true,false,false,false,true,false,true,true,true,false,false,false,141,39,6,5,2,2,0,false,true,true,false
Kubernetes,guidance,Kubernetes---kb_526_Normalized.json,3,2,1,2,1,3,0,completed,,,0.005508,0.003453,0.003025,0.000223333,24909,17149,470,165,171,0,1,0,2,0,1,0,1,0.333333,-1,true,false,false,false,false,false,false,false,false,true,false,false,false,true,false,false,false,false,true,false,false,false,false,false,false,false,false,false,false,false,false,true,false,false,false,true,false,true,true,true,false,false,false,140,39,6,5,2,1,0,false,true,true,false
Kubernetes,guidance,Kubernetes---kb_527_Normalized.json,5,1,4,1,4,5,0,completed,,,0.001726,0.0022826,0.0021058,0.0001076,7566,1989,250.6,93,99,1,4,0,0,0,0,0,1,1,0,true,false,false,false,false,false,false,false,false,true,false,false,false,false,false,false,false,false,false,false,false,false,false,false,false,false,false,false,false,false,false,true,false,false,false,true,false,true,true,true,false,false,false,30,6,1,4,2,0,0,false,false,false,false
Kubernetes,guidance,Kubernetes---kb_528_Normalized.json,5,2,3,2,3,5,0,completed,,,0.0018,0.0037268,0.0034384,0.0001776,7284,1989,244.8,92,98,2,3,0,0,0,0,0,1,1,0,true,false,false,false,false,false,false,false,false,true,false,false,false,false,false,false,false,false,false,false,false,false,false,false,false,false,false,false,false,false,false,true,false,false,false,true,false,true,true,true,false,false,false,30,6,1,4,2,0,0,false,false,false,false
Kubernetes,guidance,Kubernetes---kb_529_Normalized.json,4,2,2,2,2,4,0,completed,,,0.003258,0.0035155,0.00308025,0.00021825,31438,21148,433.5,149.25,153,0,2,0,2,0,1,0,1,0.5,-1,true,false,false,false,false,false,false,false,false,true,false,false,false,true,false,false,false,false,true,false,false,false,false,false,false,false,false,false,false,false,false,true,false,false,false,true,false,true,true,true,false,false,false,172,47,7,6,2,3,0,false,true,true,false
Kubernetes,guidance,Kubernetes---kb_52_Normalized.json,4,2,2,2,2,4,0,completed,,,0.001153,0.0007325,0.0006295,3.775e-05,4105,1097,199.75,60.75,62,0,2,0,2,0,1,0,1,0.5,-1,false,false,false,false,false,false,false,false,false,false,false,false,false,false,false,false,false,false,false,false,false,false,false,false,false,false,false,false,false,false,false,false,false,false,false,true,false,false,true,true,false,false,false,16,6,2,4,0,0,0,false,false,false,false
Kubernetes,guidance,Kubernetes---kb_531_Normalized.json,2,2,0,2,0,2,0,completed,,,0.001294,0.009103,0.0083535,0.0003835,6300,2415,517.5,188,188,2,0,0,0,0,0,0,1,1,0,true,false,false,false,false,false,false,false,false,true,false,false,false,false,false,false,false,false,true,false,false,false,false,false,false,false,false,false,false,false,false,true,false,false,false,true,false,true,true,true,false,false,false,38,7,2,5,2,0,0,false,false,false,false
Kubernetes,guidance,Kubernetes---kb_532_Normalized.json,3,2,1,2,1,3,0,completed,,,0.001265,0.010555,0.00972033,0.000447667,8892,2415,543,199,221,2,1,0,0,0,0,0,1,1,0,true,false,false,false,false,false,false,false,false,true,false,false,false,false,false,false,false,false,true,false,false,false,false,false,false,false,false,false,false,false,false,true,false,false,false,true,false,true,true,true,false,false,false,38,7,2,5,2,0,0,false,false,false,false
Kubernetes,guidance,Kubernetes---kb_533_Normalized.json,4,2,2,2,2,4,0,completed,,,0.001883,0.00140575,0.00125925,0.00010175,5788,2472,87.5,31.5,32,2,2,0,0,0,0,0,1,1,0,false,false,false,false,false,false,false,false,false,true,false,false,false,false,false,false,false,false,false,false,false,false,false,false,false,false,false,false,false,false,false,false,false,false,false,true,false,true,true,true,false,false,false,25,5,1,4,0,0,0,false,false,false,false
Kubernetes,guidance,Kubernetes---kb_534_Normalized.json,3,2,1,2,1,3,0,completed,,,0.001203,0.00193167,0.001712,0.00016,4825,2472,90.3333,31.6667,32,2,1,0,0,0,0,0,1,1,0,false,false,false,false,false,false,false,false,false,true,false,false,false,false,false,false,false,false,false,false,false,false,false,false,false,false,false,false,false,false,false,false,false,false,false,true,false,true,true,true,false,false,false,25,5,1,4,0,0,0,false,false,false,false
Kubernetes,guidance,Kubernetes---kb_535_Normalized.json,7,2,5,2,5,7,0,completed,,,0.001195,0.00342429,0.00318114,0.000156571,10880,2338,148,53.7143,92,2,5,0,0,0,0,0,1,1,0,false,false,false,false,false,false,false,false,false,false,false,false,false,false,false,false,false,false,false,false,false,false,false,false,false,false,false,false,false,false,false,false,false,false,false,true,false,false,false,true,false,false,false,12,4,0,4,0,0,0,false,false,false,false
Kubernetes,guidance,Kubernetes---kb_536_Normalized.json,7,2,5,2,5,7,0,completed,,,0.001833,0.00237157,0.00214814,0.000152429,10805,2338,136,45,89,2,5,0,0,0,0,0,1,1,0,false,false,false,false,false,false,false,false,false,false,false,false,false,false,false,false,false,false,false,false,false,false,false,false,false,false,false,false,false,false,false,false,false,false,false,true,false,false,false,true,false,false,false,12,4,0,4,0,0,0,false,false,false,false
Kubernetes,guidance,Kubernetes---kb_537_Normalized.json,5,1,4,1,4,5,0,completed,,,0.001995,0.0010812,0.0009246,5.56e-05,3550,499,41.6,16.6,19,0,4,0,1,0,1,0,1,0.8,-1,false,false,false,false,false,false,false,false,false,false,false,false,false,false,false,false,false,false,false,false,false,false,false,false,false,false,false,false,false,false,false,false,false,false,false,true,false,false,false,true,false,false,false,7,2,0,4,0,0,0,false,false,false,false
Kubernetes,guidance,Kubernetes---kb_538_Normalized.json,7,2,5,2,5,7,0,completed,,,0.001276,0.00098,0.000838429,4.48571e-05,4332,499,41.2857,16.1429,19,0,5,0,2,0,1,0,1,0.714286,-1,false,false,false,false,false,false,false,false,false,false,false,false,false,false,false,false,false,false,false,false,false,false,false,false,false,false,false,false,false,false,false,false,false,false,false,true,false,false,false,true,false,false,false,7,2,0,4,0,0,0,false,false,false,false
Kubernetes,guidance,Kubernetes---kb_539_Normalized.json,7,2,5,2,5,7,0,completed,,,0.002197,0.000541429,0.000338143,1.4e-05,6395,1024,92.1429,34,46,0,5,0,2,0,1,0,1,0.714286,-1,false,false,false,false,false,false,false,false,false,true,false,false,false,false,false,false,false,false,true,false,false,false,false,false,false,false,false,false,false,false,false,false,false,false,false,true,false,true,false,true,false,false,false,15,3,0,4,0,0,0,false,false,false,false
Kubernetes,guidance,Kubernetes---kb_53_Normalized.json,6,1,5,1,5,6,0,completed,,,0.001282,0.0009935,0.000897333,5.76667e-05,4914,683,110.833,29.5,30,1,5,0,0,0,0,0,1,1,0,false,false,false,false,false,false,false,false,false,false,false,false,false,false,false,false,false,false,false,false,false,false,false,false,false,false,false,false,false,false,false,false,false,false,false,true,false,false,true,true,false,false,false,12,4,2,4,0,0,0,false,false,false,false
Kubernetes,guidance,Kubernetes---kb_540_Normalized.json,5,1,4,1,4,5,0,completed,,,0.001126,0.0004974,0.0003088,1.1e-05,5165,1024,69,24.2,43,0,4,0,1,0,1,0,1,0.8,-1,false,false,false,false,false,false,false,false,false,true,false,false,false,false,false,false,false,false,true,false,false,false,false,false,false,false,false,false,false,false,false,false,false,false,false,true,false,true,false,true,false,false,false,15,3,0,4,0,0,0,false,false,false,false
Kubernetes,guidance,Kubernetes---kb_541_Normalized.json,2,1,1,1,1,2,0,completed,,,0.001237,0.001062,0.0009775,6.05e-05,1467,326,19.5,6.5,7,1,1,0,0,0,0,0,1,1,0,false,false,false,false,false,false,false,false,false,false,false,false,false,false,false,false,false,false,false,false,false,false,false,false,false,false,false,false,false,false,false,false,false,false,false,true,false,false,false,true,false,false,false,5,1,0,4,0,0,0,false,false,false,false
Kubernetes,guidance,Kubernetes---kb_542_Normalized.json,2,1,1,1,1,2,0,completed,,,0.001216,0.000774,0.000713,4.25e-05,1467,326,19.5,6.5,7,1,1,0,0,0,0,0,1,1,0,false,false,false,false,false,false,false,false,false,false,false,false,false,false,false,false,false,false,false,false,false,false,false,false,false,false,false,false,false,false,false,false,false,false,false,true,false,false,false,true,false,false,false,5,1,0,4,0,0,0,false,false,false,false
Kubernetes,guidance,Kubernetes---kb_543_Normalized.json,7,2,5,2,5,7,0,completed,,,0.003591,0.00146943,0.001296,8.6e-05,33744,19449,515.857,145.286,187,0,5,0,2,0,1,0,1,0.714286,-1,true,false,false,false,false,false,false,false,false,true,false,false,false,true,false,false,false,false,true,false,false,false,false,false,false,false,false,false,false,false,false,false,false,false,false,true,false,true,true,true,false,false,false,163,52,6,6,0,2,0,false,true,true,false
Kubernetes,guidance,Kubernetes---kb_544_Normalized.json,4,2,2,2,2,4,0,completed,,,0.002996,0.00204725,0.0017955,0.00011875,29227,19497,618.25,185,193,0,2,0,2,0,1,0,1,0.5,-1,true,false,false,false,false,false,false,false,false,true,false,false,false,true,false,false,false,false,true,false,false,false,false,false,false,false,false,false,false,false,false,false,false,false,false,true,false,true,true,true,false,false,false,163,52,6,6,0,2,0,false,true,true,false
Kubernetes,guidance,Kubernetes---kb_545_Normalized.json,7,2,5,2,5,7,0,completed,,,0.003056,0.002473,0.00220771,0.000125857,33608,19457,599.286,179,193,0,5,0,2,0,1,0,1,0.714286,-1,true,false,false,false,false,false,false,false,false,true,false,false,false,true,false,false,false,false,true,false,false,false,false,false,false,false,false,false,false,false,false,false,false,false,false,true,false,true,true,true,false,false,false,162,52,6,6,0,1,0,false,true,true,false
Kubernetes,guidance,Kubernetes---kb_546_Normalized.json,4,2,2,2,2,4,0,completed,,,0.001507,0.00121025,0.00111025,6.55e-05,3087,595,38,14.25,15,2,2,0,0,0,0,0,1,1,0,false,false,false,false,false,false,false,false,false,false,false,false,false,false,false,false,false,false,false,false,false,false,false,false,false,false,false,false,false,false,false,false,false,false,false,true,false,false,true,true,false,false,false,8,2,1,4,0,0,0,false,false,false,false
Kubernetes,guidance,Kubernetes---kb_547_Normalized.json,4,2,2,2,2,4,0,completed,,,0.001009,0.00115575,0.001053,6.825e-05,2852,595,36.5,14.5,15,2,2,0,0,0,0,0,1,1,0,false,false,false,false,false,false,false,false,false,false,false,false,false,false,false,false,false,false,false,false,false,false,false,false,false,false,false,false,false,false,false,false,false,false,false,true,false,false,true,true,false,false,false,8,2,1,4,0,0,0,false,false,false,false
Kubernetes,guidance,Kubernetes---kb_548_Normalized.json,2,1,1,1,1,2,0,completed,,,0.001517,0.0020095,0.0017795,0.0001375,5134,2679,208.5,79.5,80,0,1,0,1,0,1,0,1,0.5,-1,false,false,false,false,false,false,false,false,false,true,false,false,false,false,false,false,false,false,false,false,false,false,false,false,false,false,false,false,false,false,false,false,false,false,false,true,false,true,false,true,false,false,false,21,6,0,4,0,0,0,false,false,false,false
Kubernetes,guidance,Kubernetes---kb_549_Normalized.json,5,2,3,2,3,5,0,completed,,,0.001905,0.0017944,0.0016062,0.000105,16322,2679,1377.4,412.2,1685,0,3,0,2,0,1,0,1,0.6,-1,false,false,false,false,false,false,false,false,false,true,false,false,false,false,false,false,false,false,false,false,false,false,false,false,false,false,false,false,false,false,false,false,false,false,false,true,false,true,false,true,false,false,false,21,6,0,4,0,0,0,false,false,false,false
Kubernetes,guidance,Kubernetes---kb_54_Normalized.json,7,2,5,2,5,7,0,completed,,,0.001467,0.00139529,0.00126229,8.25714e-05,5073,683,106.857,29,30,2,5,0,0,0,0,0,1,1,0,false,false,false,false,false,false,false,false,false,false,false,false,false,false,false,false,false,false,false,false,false,false,false,false,false,false,false,false,false,false,false,false,false,false,false,true,false,false,true,true,false,false,false,12,4,2,4,0,0,0,false,false,false,false
Kubernetes,guidance,Kubernetes---kb_550_Normalized.json,8,2,6,2,6,8,0,completed,,,0.001773,0.003275,0.002968,0.00019,11074,2623,238.375,77.375,91,1,6,0,1,0,0.5,0,1,0.875,-0.5,true,false,false,false,false,false,false,false,false,true,false,false,false,false,false,false,false,false,true,false,false,false,false,false,false,false,false,false,false,false,false,false,false,false,false,true,false,true,true,true,false,false,false,34,7,3,5,0,0,0,false,false,false,false
Kubernetes,guidance,Kubernetes---kb_551_Normalized.json,8,2,6,2,6,8,0,completed,,,0.001782,0.00262162,0.00239412,0.000144875,10847,2623,229.75,72.5,80,2,6,0,0,0,0,0,1,1,0,true,false,false,false,false,false,false,false,false,true,false,false,false,false,false,false,false,false,true,false,false,false,false,false,false,false,false,false,false,false,false,false,false,false,false,true,false,true,true,true,false,false,false,34,7,3,5,0,0,0,false,false,false,false
Kubernetes,guidance,Kubernetes---kb_552_Normalized.json,3,1,2,1,2,3,0,completed,,,0.002305,0.00116867,0.001039,9.76667e-05,14996,10221,83.3333,24.3333,25,1,2,0,0,0,0,0,1,1,0,true,false,false,false,false,false,false,false,false,true,false,false,false,false,false,false,false,false,true,false,false,false,false,false,false,false,false,false,false,false,false,true,false,false,false,true,false,true,true,true,false,false,false,100,28,12,5,2,0,0,false,true,true,false
Kubernetes,guidance,Kubernetes---kb_553_Normalized.json,2,1,1,1,1,2,0,completed,,,0.002259,0.0012775,0.0011635,6.9e-05,14428,10170,116,35.5,37,1,1,0,0,0,0,0,1,1,0,true,false,false,false,false,false,false,false,false,true,false,false,false,false,false,false,false,false,true,false,false,false,false,false,false,false,false,false,false,false,false,true,false,false,false,true,false,true,true,true,false,false,false,107,28,16,5,2,0,0,false,true,true,false
Kubernetes,guidance,Kubernetes---kb_554_Normalized.json,3,1,2,1,2,3,0,completed,,,0.002496,0.00145033,0.00130967,9.7e-05,16342,10170,235.333,71.6667,149,1,2,0,0,0,0,0,1,1,0,true,false,false,false,false,false,false,false,false,true,false,false,false,false,false,false,false,false,true,false,false,false,false,false,false,false,false,false,false,false,false,true,false,false,false,true,false,true,true,true,false,false,false,107,28,16,5,2,0,0,false,true,true,false
Kubernetes,guidance,Kubernetes---kb_555_Normalized.json,3,2,1,2,1,3,0,completed,,,0.002894,0.00146667,0.00131067,9.3e-05,14355,10067,113.667,33,33,2,1,0,0,0,0,0,1,1,0,true,false,false,false,false,false,false,false,false,true,false,false,false,false,false,false,false,false,true,false,false,false,false,false,false,false,false,false,false,false,false,true,false,false,false,true,false,true,true,true,false,false,false,100,28,14,5,2,0,0,false,true,true,false
Kubernetes,guidance,Kubernetes---kb_556_Normalized.json,4,2,2,2,2,4,0,completed,,,0.002907,0.00144925,0.00129525,0.000108,14538,9642,89.75,28,33,2,2,0,0,0,0,0,1,1,0,true,false,false,false,false,false,false,false,false,true,false,false,false,false,false,false,false,false,true,false,false,false,false,false,false,false,false,false,false,false,false,true,false,false,false,true,false,true,true,true,false,false,false,104,27,15,5,2,0,0,false,true,true,false
Kubernetes,guidance,Kubernetes---kb_557_Normalized.json,3,2,1,2,1,3,0,completed,,,0.002848,0.002397,0.00210967,0.000212333,13954,9642,114.667,35.3333,41,2,1,0,0,0,0,0,1,1,0,true,false,false,false,false,false,false,false,false,true,false,false,false,false,false,false,false,false,true,false,false,false,false,false,false,false,false,false,false,false,false,true,false,false,false,true,false,true,true,true,false,false,false,104,27,15,5,2,0,0,false,true,true,false
Kubernetes,guidance,Kubernetes---kb_558_Normalized.json,4,2,2,2,2,4,0,completed,,,0.001821,0.00156375,0.001402,0.0001055,4156,1251,88.5,30.25,34,2,2,0,0,0,0,0,1,1,0,false,false,false,false,false,false,false,false,false,true,false,false,false,false,false,false,false,false,false,false,false,false,false,false,false,false,false,false,false,false,false,true,false,false,false,true,false,true,true,true,false,false,false,17,4,1,4,2,0,0,false,false,false,false
Kubernetes,guidance,Kubernetes---kb_559_Normalized.json,5,2,3,2,3,5,0,completed,,,0.001853,0.0017232,0.0015624,0.0001094,5048,1251,85.6,27.8,31,2,3,0,0,0,0,0,1,1,0,false,false,false,false,false,false,false,false,false,true,false,false,false,false,false,false,false,false,false,false,false,false,false,false,false,false,false,false,false,false,false,true,false,false,false,true,false,true,true,true,false,false,false,17,4,1,4,2,0,0,false,false,false,false
Kubernetes,guidance,Kubernetes---kb_55_Normalized.json,6,2,4,2,4,6,0,completed,,,0.001388,0.00117017,0.00106483,6.31667e-05,4023,514,83.1667,23.3333,26,2,4,0,0,0,0,0,1,1,0,false,false,false,false,false,false,false,false,false,false,false,false,false,false,false,false,false,false,false,false,false,false,false,false,false,false,false,false,false,false,false,false,false,false,false,true,false,false,true,true,false,false,false,10,3,2,4,0,0,0,false,false,false,false
Kubernetes,guidance,Kubernetes---kb_560_Normalized.json,5,2,3,2,3,5,0,completed,,,0.001726,0.001465,0.0013312,9.14e-05,4363,1016,64.4,21.8,24,2,3,0,0,0,0,0,1,1,0,false,false,false,false,false,false,false,false,false,true,false,false,false,false,false,false,false,false,false,false,false,false,false,false,false,false,false,false,false,false,false,true,false,false,false,true,false,true,false,true,false,false,false,14,3,0,4,2,0,0,false,false,false,false
Kubernetes,guidance,Kubernetes---kb_561_Normalized.json,3,2,1,2,1,3,0,completed,,,0.001476,0.00250267,0.002241,0.000191667,2705,1016,64.6667,22,23,2,1,0,0,0,0,0,1,1,0,false,false,false,false,false,false,false,false,false,true,false,false,false,false,false,false,false,false,false,false,false,false,false,false,false,false,false,false,false,false,false,true,false,false,false,true,false,true,false,true,false,false,false,14,3,0,4,2,0,0,false,false,false,false
Kubernetes,guidance,Kubernetes---kb_562_Normalized.json,3,1,2,1,2,3,0,completed,,,0.000644,0.000804,0.000757,2.7e-05,2125,118,64.3333,20.3333,30,1,2,0,0,0,0,0,1,1,0,false,false,false,false,false,false,false,false,false,false,false,false,false,false,false,false,false,false,false,false,false,false,false,false,false,false,false,false,false,false,false,false,false,false,false,false,false,false,false,true,false,false,false,3,0,0,0,0,0,0,false,false,false,false
Kubernetes,guidance,Kubernetes---kb_563_Normalized.json,2,1,1,1,1,2,0,completed,,,0.000535,0.0010065,0.0009265,4.6e-05,1503,118,76,24,30,1,1,0,0,0,0,0,1,1,0,false,false,false,false,false,false,false,false,false,false,false,false,false,false,false,false,false,false,false,false,false,false,false,false,false,false,false,false,false,false,false,false,false,false,false,false,false,false,false,true,false,false,false,3,0,0,0,0,0,0,false,false,false,false
Kubernetes,guidance,Kubernetes---kb_564_Normalized.json,4,1,3,1,3,4,0,completed,,,0.003676,0.00192275,0.00158875,0.00010725,23777,14076,637.5,183.5,203,0,3,0,1,0,1,0,1,0.75,-1,true,false,false,false,false,false,false,false,false,true,false,false,false,false,false,false,false,false,true,false,false,false,false,false,false,false,false,false,false,false,false,false,false,false,false,true,false,true,true,true,false,false,false,101,28,8,5,0,0,0,false,true,true,false
Kubernetes,guidance,Kubernetes---kb_565_Normalized.json,6,2,4,2,4,6,0,completed,,,0.002433,0.00085,0.000699333,4e-05,26495,14060,554.667,157.667,163,0,4,0,2,0,1,0,1,0.666667,-1,true,false,false,false,false,false,false,false,false,true,false,false,false,false,false,false,false,false,true,false,false,false,false,false,false,false,false,false,false,false,false,false,false,false,false,true,false,true,true,true,false,false,false,101,28,6,5,0,0,0,false,true,true,false
Kubernetes,guidance,Kubernetes---kb_566_Normalized.json,6,2,4,2,4,6,0,completed,,,0.002256,0.000971667,0.000799,4.63333e-05,27752,14060,620.167,175.333,223,0,4,0,2,0,1,0,1,0.666667,-1,true,false,false,false,false,false,false,false,false,true,false,false,false,false,false,false,false,false,true,false,false,false,false,false,false,false,false,false,false,false,false,false,false,false,false,true,false,true,true,true,false,false,false,101,28,6,5,0,0,0,false,true,true,false
Kubernetes,guidance,Kubernetes---kb_567_Normalized.json,4,2,2,2,2,4,0,completed,,,0.003545,0.003371,0.00296275,0.00019775,42826,28975,766.5,212.25,230,0,2,0,2,0,1,0,1,0.5,-1,true,false,false,false,false,false,false,false,false,true,false,false,false,true,false,false,false,false,true,false,false,false,false,false,false,false,false,false,false,false,false,false,false,false,false,true,false,true,true,true,false,false,false,208,60,12,5,0,2,0,false,true,true,false
Kubernetes,guidance,Kubernetes---kb_568_Normalized.json,5,2,3,2,3,5,0,completed,,,0.004608,0.0044884,0.0039206,0.0002942,43604,29104,531.6,148.8,212,0,3,0,2,0,1,0,1,0.6,-1,true,false,false,false,false,false,false,false,false,true,false,false,false,true,false,false,false,false,true,false,false,false,false,false,false,false,false,false,false,false,false,false,false,false,false,true,false,true,true,true,false,false,false,208,60,10,5,0,2,0,false,true,true,false
Kubernetes,guidance,Kubernetes---kb_569_Normalized.json,5,2,3,2,3,5,0,completed,,,0.004675,0.0032912,0.0029494,0.000172,45593,29056,792,221.4,247,0,3,0,2,0,1,0,1,0.6,-1,true,false,false,false,false,false,false,false,false,true,false,false,false,true,false,false,false,false,true,false,false,false,false,false,false,false,false,false,false,false,false,false,false,false,false,true,false,true,true,true,false,false,false,207,60,10,5,0,1,0,false,true,true,false
Kubernetes,guidance,Kubernetes---kb_56_Normalized.json,4,1,3,1,3,4,0,completed,,,0.001108,0.00100825,0.0009185,5.4e-05,3163,514,78.75,22.25,23,1,3,0,0,0,0,0,1,1,0,false,false,false,false,false,false,false,false,false,false,false,false,false,false,false,false,false,false,false,false,false,false,false,false,false,false,false,false,false,false,false,false,false,false,false,true,false,false,true,true,false,false,false,10,3,2,4,0,0,0,false,false,false,false
Kubernetes,guidance,Kubernetes---kb_570_Normalized.json,2,1,1,1,1,2,0,completed,,,0.005271,0.0065625,0.0057755,0.0004305,45179,33017,1084,302,326,0,1,0,1,0,1,0,1,0.5,-1,true,false,false,false,false,false,false,false,false,true,false,false,false,true,false,false,false,false,true,false,false,false,false,false,false,false,false,false,false,false,false,false,false,false,false,true,false,true,true,true,false,false,false,239,68,13,6,0,3,0,false,true,true,false
Kubernetes,guidance,Kubernetes---kb_571_Normalized.json,2,1,1,1,1,2,0,completed,,,0.004965,0.003958,0.003431,0.000308,42396,33161,586.5,166,269,0,1,0,1,0,1,0,1,0.5,-1,true,false,false,false,false,false,false,false,false,true,false,false,false,true,false,false,false,false,true,false,false,false,false,false,false,false,false,false,false,false,false,false,false,false,false,true,false,true,true,true,false,false,false,239,68,11,6,0,3,0,false,true,true,false
Kubernetes,guidance,Kubernetes---kb_572_Normalized.json,3,1,2,1,2,3,0,completed,,,0.004654,0.00599467,0.005305,0.000366667,47798,33113,1015.67,285,298,0,2,0,1,0,1,0,1,0.666667,-1,true,false,false,false,false,false,false,false,false,true,false,false,false,true,false,false,false,false,true,false,false,false,false,false,false,false,false,false,false,false,false,false,false,false,false,true,false,true,true,true,false,false,false,238,68,11,6,0,2,0,false,true,true,false
Kubernetes,guidance,Kubernetes---kb_573_Normalized.json,5,2,3,2,3,5,0,completed,,,0.004037,0.0022096,0.0019666,0.0001408,27167,16757,591.6,166.6,204,0,3,0,2,0,1,0,1,0.6,-1,true,false,false,false,false,false,false,false,false,true,false,false,false,true,false,false,false,false,true,false,false,false,false,false,false,false,false,false,false,false,false,false,false,false,false,true,false,true,true,true,false,false,false,135,41,6,5,0,2,0,false,true,true,false
Kubernetes,guidance,Kubernetes---kb_574_Normalized.json,6,2,4,2,4,6,0,completed,,,0.002632,0.00285667,0.0025625,0.0001545,28127,16743,575.167,159.167,225,0,4,0,2,0,1,0,1,0.666667,-1,true,false,false,false,false,false,false,false,false,true,false,false,false,true,false,false,false,false,true,false,false,false,false,false,false,false,false,false,false,false,false,false,false,false,false,true,false,true,true,true,false,false,false,134,41,6,5,0,1,0,false,true,true,false
Kubernetes,guidance,Kubernetes---kb_575_Normalized.json,5,2,3,2,3,5,0,completed,,,0.001155,0.0020404,0.0018606,9.08e-05,4229,896,157.8,49.8,54,1,3,0,1,0,0.5,0,1,0.8,-0.5,false,false,false,false,false,false,false,false,false,true,false,false,false,false,false,false,false,false,false,false,false,false,false,false,false,false,false,false,false,false,false,false,false,false,false,true,false,true,true,true,false,false,false,15,5,2,4,0,0,0,false,false,false,false
Kubernetes,guidance,Kubernetes---kb_576_Normalized.json,5,2,3,2,3,5,0,completed,,,0.001591,0.0024298,0.002203,0.0001082,4852,896,145,46.6,50,1,3,0,1,0,0.5,0,1,0.8,-0.5,false,false,false,false,false,false,false,false,false,true,false,false,false,false,false,false,false,false,false,false,false,false,false,false,false,false,false,false,false,false,false,false,false,false,false,true,false,true,true,true,false,false,false,15,5,2,4,0,0,0,false,false,false,false
Kubernetes,guidance,Kubernetes---kb_577_Normalized.json,5,2,3,2,3,5,0,completed,,,0.002966,0.0059986,0.0054008,0.0003448,35289,20736,784.4,239.2,366,0,3,0,2,0,1,0,1,0.6,-1,true,false,false,false,false,false,false,false,false,true,false,false,false,true,false,false,false,false,true,false,false,false,false,false,false,false,false,false,false,false,false,false,false,false,false,true,false,true,true,true,false,false,false,166,49,7,6,0,3,0,false,true,true,false
Kubernetes,guidance,Kubernetes---kb_578_Normalized.json,6,1,5,1,5,6,0,completed,,,0.002998,0.00560983,0.00505883,0.0003,36840,20722,666.667,203.333,207,0,5,0,1,0,1,0,1,0.833333,-1,true,false,false,false,false,false,false,false,false,true,false,false,false,true,false,false,false,false,true,false,false,false,false,false,false,false,false,false,false,false,false,false,false,false,false,true,false,true,true,true,false,false,false,165,49,7,6,0,2,0,false,true,true,false
Kubernetes,guidance,Kubernetes---kb_579_Normalized.json,6,2,4,2,4,6,0,completed,,,0.001038,0.00120867,0.00110817,6.71667e-05,3542,369,47.5,14.1667,21,2,4,0,0,0,0,0,1,1,0,false,false,false,false,false,false,false,false,false,false,false,false,false,false,false,false,false,false,true,false,false,false,false,false,false,false,false,false,false,false,false,false,false,false,false,true,false,false,false,true,false,false,false,7,1,0,5,0,0,0,false,false,false,false
Kubernetes,guidance,Kubernetes---kb_57_Normalized.json,8,2,6,2,6,8,0,completed,,,0.003968,0.0029575,0.00268088,0.00017475,28122,16517,279,85,97,2,6,0,0,0,0,0,1,1,0,true,false,false,false,false,false,false,false,false,true,false,false,false,true,false,false,false,false,true,false,false,false,false,false,false,false,false,false,false,false,false,false,false,false,false,true,false,true,true,true,false,false,false,122,39,5,5,0,2,0,false,true,true,false
Kubernetes,guidance,Kubernetes---kb_580_Normalized.json,6,1,5,1,5,6,0,completed,,,0.001172,0.000929667,0.000837833,6.61667e-05,4058,369,32.6667,9.66667,13,1,5,0,0,0,0,0,1,1,0,false,false,false,false,false,false,false,false,false,false,false,false,false,false,false,false,false,false,true,false,false,false,false,false,false,false,false,false,false,false,false,false,false,false,false,true,false,false,false,true,false,false,false,7,1,0,5,0,0,0,false,false,false,false
Kubernetes,guidance,Kubernetes---kb_581_Normalized.json,6,2,4,2,4,6,0,completed,,,0.001203,0.006076,0.00556583,0.000303833,8841,1593,304.833,89.6667,108,2,4,0,0,0,0,0,1,1,0,false,false,false,false,false,false,false,false,false,true,false,false,false,false,false,false,false,false,true,false,false,false,false,false,false,false,false,false,false,false,false,false,false,false,false,true,false,true,true,true,false,false,false,26,7,2,4,0,0,0,false,false,false,false
Kubernetes,guidance,Kubernetes---kb_582_Normalized.json,4,1,3,1,3,4,0,completed,,,0.001745,0.00558425,0.00511275,0.000285,7006,1593,273.75,80.75,106,1,3,0,0,0,0,0,1,1,0,false,false,false,false,false,false,false,false,false,true,false,false,false,false,false,false,false,false,true,false,false,false,false,false,false,false,false,false,false,false,false,false,false,false,false,true,false,true,true,true,false,false,false,26,7,2,4,0,0,0,false,false,false,false
Kubernetes,guidance,Kubernetes---kb_584_Normalized.json,2,1,1,1,1,2,0,completed,,,0.005158,0.0013065,0.001091,9.1e-05,34067,25743,457,148.5,152,0,1,0,1,0,1,0,1,0.5,-1,true,false,false,false,false,false,false,false,false,true,false,false,false,true,false,false,false,false,true,false,false,false,false,false,false,false,false,false,false,false,false,true,false,false,false,true,false,true,true,true,false,false,false,198,52,8,5,2,2,0,false,true,true,false
Kubernetes,guidance,Kubernetes---kb_585_Normalized.json,2,2,0,2,0,2,0,completed,,,0.007673,0.0015615,0.001278,0.000111,33443,25711,464.5,152.5,153,0,0,0,2,0,1,0,1,0,-1,true,false,false,false,false,false,false,false,false,true,false,false,false,true,false,false,false,false,true,false,false,false,false,false,false,false,false,false,false,false,false,true,false,false,false,true,false,true,true,true,false,false,false,197,52,8,5,2,1,0,false,true,true,false
Kubernetes,guidance,Kubernetes---kb_587_Normalized.json,2,1,1,1,1,2,0,completed,,,0.003085,0.002978,0.0025805,0.0002095,10532,6559,264,95.5,96,0,1,0,1,0,1,0,1,0.5,-1,true,false,false,false,false,false,false,false,false,true,false,false,false,false,false,false,false,false,true,false,false,false,false,false,false,false,false,false,false,false,false,true,false,false,false,true,false,true,true,true,false,false,false,66,14,3,5,2,0,0,false,false,true,false
Kubernetes,guidance,Kubernetes---kb_588_Normalized.json,2,1,1,1,1,2,0,completed,,,0.002573,0.003352,0.002893,0.000213,11298,6559,262.5,91.5,96,0,1,0,1,0,1,0,1,0.5,-1,true,false,false,false,false,false,false,false,false,true,false,false,false,false,false,false,false,false,true,false,false,false,false,false,false,false,false,false,false,false,false,true,false,false,false,true,false,true,true,true,false,false,false,66,14,3,5,2,0,0,false,false,true,false
Kubernetes,guidance,Kubernetes---kb_58_Normalized.json,8,2,6,2,6,8,0,completed,,,0.003435,0.00364062,0.00327912,0.00023925,29183,16503,391.125,116.875,136,1,6,0,1,0,0.5,0,1,0.875,-0.5,true,false,false,false,false,false,false,false,false,true,false,false,false,true,false,false,false,false,true,false,false,false,false,false,false,false,false,false,false,false,false,false,false,false,false,true,false,true,true,true,false,false,false,121,39,5,5,0,1,0,false,true,true,false
Kubernetes,guidance,Kubernetes---kb_590_Normalized.json,3,2,1,2,1,3,0,completed,,,0.002588,0.000978,0.000761,4.53333e-05,11975,6565,294.333,95.6667,96,0,1,0,2,0,1,0,1,0.333333,-1,true,false,false,false,false,false,false,false,false,true,false,false,false,false,false,false,false,false,true,false,false,false,false,false,false,false,false,false,false,false,false,true,false,false,false,true,false,true,true,true,false,false,false,66,14,3,5,2,0,0,false,false,true,false
Kubernetes,guidance,Kubernetes---kb_591_Normalized.json,3,1,2,1,2,3,0,completed,,,0.002443,0.000999333,0.000781333,4.76667e-05,11685,6565,220.667,83,117,0,2,0,1,0,1,0,1,0.666667,-1,true,false,false,false,false,false,false,false,false,true,false,false,false,false,false,false,false,false,true,false,false,false,false,false,false,false,false,false,false,false,false,true,false,false,false,true,false,true,true,true,false,false,false,66,14,3,5,2,0,0,false,false,true,false
Kubernetes,guidance,Kubernetes---kb_596_Normalized.json,2,2,0,2,0,2,0,completed,,,0.00198,0.0007735,0.00037,1.25e-05,6195,4281,87,45,45,0,0,0,2,0,1,0,1,0,-1,true,false,false,false,false,false,false,false,false,true,false,false,false,false,false,false,false,false,true,false,false,false,false,false,false,false,false,false,false,false,false,false,false,false,false,true,false,true,true,true,false,false,false,45,10,3,5,0,0,0,false,false,true,false
Kubernetes,guidance,Kubernetes---kb_597_Normalized.json,2,1,1,1,1,2,0,completed,,,0.002018,0.002569,0.0019895,0.0003125,6589,4281,89,38,45,0,1,0,1,0,1,0,1,0.5,-1,true,false,false,false,false,false,false,false,false,true,false,false,false,false,false,false,false,false,true,false,false,false,false,false,false,false,false,false,false,false,false,false,false,false,false,true,false,true,true,true,false,false,false,45,10,3,5,0,0,0,false,false,true,false
Kubernetes,guidance,Kubernetes---kb_598_Normalized.json,4,2,2,2,2,4,0,completed,,,0.001386,0.00118025,0.00107325,7.5e-05,2868,900,32.5,12.5,14,2,2,0,0,0,0,0,1,1,0,false,false,false,false,false,false,false,false,false,true,false,false,false,false,false,false,false,false,false,false,false,false,false,false,false,false,false,false,false,false,false,true,false,false,false,true,false,true,false,true,false,false,false,11,2,0,4,2,0,0,false,false,false,false
Kubernetes,guidance,Kubernetes---kb_599_Normalized.json,2,1,1,1,1,2,0,completed,,,0.001482,0.001656,0.00148,0.0001295,2163,744,32.5,12.5,13,1,1,0,0,0,0,0,1,1,0,false,false,false,false,false,false,false,false,false,true,false,false,false,false,false,false,false,false,false,false,false,false,false,false,false,false,false,false,false,false,false,true,false,false,false,true,false,true,false,true,false,false,false,11,2,0,4,2,0,0,false,false,false,false
Kubernetes,guidance,Kubernetes---kb_59_Normalized.json,5,1,4,1,4,5,0,completed,,,0.001354,0.0015258,0.0013796,8.74e-05,3715,458,104.6,42.8,44,0,4,0,1,0,1,0,1,0.8,-1,false,false,false,false,false,false,false,false,false,false,false,false,false,false,false,false,false,false,false,false,false,false,false,false,false,false,false,false,false,false,false,false,false,false,false,true,false,false,false,true,false,false,false,11,4,0,4,0,0,0,false,false,false,false
Kubernetes,guidance,Kubernetes---kb_5_Normalized.json,8,2,6,2,6,8,0,completed,,,0.001951,0.00376463,0.00344188,0.000214875,13125,2499,268.25,82.75,110,2,6,0,0,0,0,0,1,1,0,true,false,false,false,false,false,false,false,false,true,false,false,false,false,false,false,false,false,true,false,false,false,false,false,false,false,false,false,false,false,false,false,false,false,false,true,false,true,true,true,false,false,false,33,6,2,5,0,0,0,false,false,false,false
Kubernetes,guidance,Kubernetes---kb_600_Normalized.json,4,1,3,1,3,4,0,completed,,,0.001329,0.001368,0.00124325,8.625e-05,3179,744,33,13,14,1,3,0,0,0,0,0,1,1,0,false,false,false,false,false,false,false,false,false,true,false,false,false,false,false,false,false,false,false,false,false,false,false,false,false,false,false,false,false,false,false,true,false,false,false,true,false,true,false,true,false,false,false,11,2,0,4,2,0,0,false,false,false,false
Kubernetes,guidance,Kubernetes---kb_602_Normalized.json,3,2,1,2,1,3,0,completed,,,0.003046,0.00284433,0.00238633,0.000210667,17272,11052,321.667,113.333,115,0,1,0,2,0,1,0,1,0.333333,-1,true,false,false,false,false,false,false,false,false,true,false,false,false,false,false,false,false,false,true,false,false,false,false,false,false,false,false,false,false,false,false,true,false,false,false,true,false,true,true,true,false,false,false,95,20,4,5,2,0,0,false,false,true,false
Kubernetes,guidance,Kubernetes---kb_603_Normalized.json,2,2,0,2,0,2,0,completed,,,0.003591,0.0045645,0.0038055,0.000454,15732,11052,309,114.5,115,0,0,0,2,0,1,0,1,0,-1,true,false,false,false,false,false,false,false,false,true,false,false,false,false,false,false,false,false,true,false,false,false,false,false,false,false,false,false,false,false,false,true,false,false,false,true,false,true,true,true,false,false,false,95,20,4,5,2,0,0,false,false,true,false
Kubernetes,guidance,Kubernetes---kb_604_Normalized.json,6,2,4,2,4,6,0,completed,,,0.001412,0.00138867,0.00125767,8.2e-05,4529,762,69.3333,21.1667,24,2,4,0,0,0,0,0,1,1,0,false,false,false,false,false,false,false,false,false,false,false,false,false,false,false,false,false,false,false,false,false,false,false,false,false,false,false,false,false,false,false,false,false,false,false,true,false,false,true,true,false,false,false,10,3,2,4,0,0,0,false,false,false,false
Kubernetes,guidance,Kubernetes---kb_605_Normalized.json,7,2,5,2,5,7,0,completed,,,0.001326,0.00118,0.00107386,6.6e-05,5142,762,65.5714,22.1429,25,2,5,0,0,0,0,0,1,1,0,false,false,false,false,false,false,false,false,false,false,false,false,false,false,false,false,false,false,false,false,false,false,false,false,false,false,false,false,false,false,false,false,false,false,false,true,false,false,true,true,false,false,false,10,3,2,4,0,0,0,false,false,false,false
Kubernetes,guidance,Kubernetes---kb_606_Normalized.json,6,2,4,2,4,6,0,completed,,,0.0064,0.00451083,0.00400317,0.000256667,61027,30730,1945.5,697,869,0,4,0,2,0,1,0,1,0.666667,-1,true,false,false,false,false,false,false,false,false,true,false,false,false,true,false,false,false,false,true,false,false,false,false,false,false,false,false,false,false,false,false,true,false,false,false,true,false,true,true,true,false,false,false,295,89,27,5,2,2,0,false,true,true,false
Kubernetes,guidance,Kubernetes---kb_607_Normalized.json,4,2,2,2,2,4,0,completed,,,0.006971,0.005935,0.00530325,0.00034925,57176,30716,2674,967.5,1038,0,2,0,2,0,1,0,1,0.5,-1,true,false,false,false,false,false,false,false,false,true,false,false,false,true,false,false,false,false,true,false,false,false,false,false,false,false,false,false,false,false,false,true,false,false,false,true,false,true,true,true,false,false,false,294,89,27,5,2,1,0,false,true,true,false
Kubernetes,guidance,Kubernetes---kb_608_Normalized.json,4,1,3,1,3,4,0,completed,,,0.001383,0.00098375,0.00090325,4.9e-05,2502,318,39,14.25,19,1,3,0,0,0,0,0,1,1,0,false,false,false,false,false,false,false,false,false,false,false,false,false,false,false,false,false,false,false,false,false,false,false,false,false,false,false,false,false,false,false,false,false,false,false,true,false,false,true,true,false,false,false,8,2,2,4,0,0,0,false,false,false,false
Kubernetes,guidance,Kubernetes---kb_609_Normalized.json,4,2,2,2,2,4,0,completed,,,0.001294,0.001457,0.0013275,8.05e-05,2158,318,44,16.25,19,2,2,0,0,0,0,0,1,1,0,false,false,false,false,false,false,false,false,false,false,false,false,false,false,false,false,false,false,false,false,false,false,false,false,false,false,false,false,false,false,false,false,false,false,false,true,false,false,true,true,false,false,false,8,2,2,4,0,0,0,false,false,false,false
Kubernetes,guidance,Kubernetes---kb_60_Normalized.json,4,2,2,2,2,4,0,completed,,,0.001604,0.00196375,0.001752,0.0001065,2772,458,102.25,43.25,44,0,2,0,2,0,1,0,1,0.5,-1,false,false,false,false,false,false,false,false,false,false,false,false,false,false,false,false,false,false,false,false,false,false,false,false,false,false,false,false,false,false,false,false,false,false,false,true,false,false,false,true,false,false,false,11,4,0,4,0,0,0,false,false,false,false
Kubernetes,guidance,Kubernetes---kb_610_Normalized.json,5,2,3,2,3,5,0,completed,,,0.002099,0.0061908,0.0055778,0.0004096,14947,4523,412.2,110.6,153,1,3,0,1,0,0.5,0,1,0.8,-0.5,false,false,false,false,false,false,false,false,false,true,false,false,false,false,false,false,false,false,true,false,false,false,false,false,false,false,false,false,false,false,false,false,false,false,false,true,false,true,true,true,false,false,false,50,10,5,5,0,0,0,false,true,true,false
Kubernetes,guidance,Kubernetes---kb_611_Normalized.json,4,2,2,2,2,4,0,completed,,,0.001658,0.005337,0.004782,0.00036825,12447,4523,423.25,114.75,139,1,2,0,1,0,0.5,0,1,0.75,-0.5,false,false,false,false,false,false,false,false,false,true,false,false,false,false,false,false,false,false,true,false,false,false,false,false,false,false,false,false,false,false,false,false,false,false,false,true,false,true,true,true,false,false,false,50,10,5,5,0,0,0,false,true,true,false
Kubernetes,guidance,Kubernetes---kb_612_Normalized.json,5,2,3,2,3,5,0,completed,,,0.001114,0.0026714,0.0024648,0.0001178,4919,1308,176.4,69,72,2,3,0,0,0,0,0,1,1,0,false,false,false,false,false,false,false,false,false,true,false,false,false,false,false,false,false,false,false,false,false,false,false,false,false,false,false,false,false,false,false,false,false,false,false,true,false,true,true,true,false,false,false,20,6,2,4,0,0,0,false,false,false,false
Kubernetes,guidance,Kubernetes---kb_613_Normalized.json,5,2,3,2,3,5,0,completed,,,0.002065,0.0041504,0.0037834,0.0002116,4957,1308,175.4,69.2,70,2,3,0,0,0,0,0,1,1,0,false,false,false,false,false,false,false,false,false,true,false,false,false,false,false,false,false,false,false,false,false,false,false,false,false,false,false,false,false,false,false,false,false,false,false,true,false,true,true,true,false,false,false,20,6,2,4,0,0,0,false,false,false,false
Kubernetes,guidance,Kubernetes---kb_614_Normalized.json,3,2,1,2,1,3,0,completed,,,0.001149,0.00206133,0.001854,0.000133667,3642,1536,132.333,39.6667,46,2,1,0,0,0,0,0,1,1,0,false,false,false,false,false,false,false,false,false,true,false,false,false,false,false,false,false,false,false,false,false,false,false,false,false,false,false,false,false,false,false,false,false,false,false,true,false,true,true,true,false,false,false,20,6,3,4,0,0,0,false,false,false,false
Kubernetes,guidance,Kubernetes---kb_615_Normalized.json,3,2,1,2,1,3,0,completed,,,0.001136,0.00279333,0.00248867,0.000176,3782,1536,170.333,55.6667,61,1,1,0,1,0,0.5,0,1,0.666667,-0.5,false,false,false,false,false,false,false,false,false,true,false,false,false,false,false,false,false,false,false,false,false,false,false,false,false,false,false,false,false,false,false,false,false,false,false,true,false,true,true,true,false,false,false,20,6,3,4,0,0,0,false,false,false,false
Kubernetes,guidance,Kubernetes---kb_616_Normalized.json,6,2,4,2,4,6,0,completed,,,0.00138,0.00673367,0.006118,0.0003745,15668,4925,517,157.5,164,2,4,0,0,0,0,0,1,1,0,false,false,false,false,false,false,false,false,false,true,false,false,false,false,false,false,false,false,false,false,false,false,false,false,false,false,false,false,false,false,false,false,false,false,false,true,false,true,true,true,false,false,false,31,10,3,4,0,0,0,false,false,true,false
Kubernetes,guidance,Kubernetes---kb_617_Normalized.json,6,2,4,2,4,6,0,completed,,,0.001745,0.00729967,0.00661233,0.0004345,15492,4925,486,150.5,156,2,4,0,0,0,0,0,1,1,0,false,false,false,false,false,false,false,false,false,true,false,false,false,false,false,false,false,false,false,false,false,false,false,false,false,false,false,false,false,false,false,false,false,false,false,true,false,true,true,true,false,false,false,31,10,3,4,0,0,0,false,false,true,false
Kubernetes,guidance,Kubernetes---kb_618_Normalized.json,3,1,2,1,2,3,0,completed,,,0.001062,0.000999333,0.000882333,8.9e-05,2476,648,36.3333,11.3333,12,1,2,0,0,0,0,0,1,1,0,false,false,false,false,false,false,false,false,false,true,false,false,false,false,false,false,false,false,false,false,false,false,false,false,false,false,false,false,false,false,false,false,false,false,false,true,false,true,true,true,false,false,false,13,2,1,4,0,0,0,false,false,false,false
Kubernetes,guidance,Kubernetes---kb_619_Normalized.json,2,1,1,1,1,2,0,completed,,,0.001249,0.0014505,0.001246,0.0001645,1935,648,37,12,12,1,1,0,0,0,0,0,1,1,0,false,false,false,false,false,false,false,false,false,true,false,false,false,false,false,false,false,false,false,false,false,false,false,false,false,false,false,false,false,false,false,false,false,false,false,true,false,true,true,true,false,false,false,13,2,1,4,0,0,0,false,false,false,false
Kubernetes,guidance,Kubernetes---kb_61_Normalized.json,7,2,5,2,5,7,0,completed,,,0.001224,0.00179171,0.00166529,7.81429e-05,4751,316,108.857,35.8571,46,2,5,0,0,0,0,0,1,1,0,false,false,false,false,false,false,false,false,false,false,false,false,false,false,false,false,false,false,true,false,false,false,false,false,false,false,false,false,false,false,false,false,false,false,false,true,false,false,false,true,false,false,false,11,2,0,5,0,0,0,false,false,false,false
Kubernetes,guidance,Kubernetes---kb_620_Normalized.json,2,1,1,1,1,2,0,completed,,,0.006933,0.016674,0.015243,0.000887,56652,34603,3473.5,1248,1392,0,1,0,1,0,1,0,1,0.5,-1,true,false,false,false,false,false,false,false,false,true,false,false,false,true,false,false,false,false,true,false,false,false,false,false,false,false,false,false,false,false,false,true,false,false,false,true,false,true,true,true,false,false,false,326,97,28,6,2,3,0,false,true,true,false
Kubernetes,guidance,Kubernetes---kb_621_Normalized.json,2,1,1,1,1,2,0,completed,,,0.006356,0.004313,0.0038465,0.000302,49641,34589,1575,546.5,551,0,1,0,1,0,1,0,1,0.5,-1,true,false,false,false,false,false,false,false,false,true,false,false,false,true,false,false,false,false,true,false,false,false,false,false,false,false,false,false,false,false,false,true,false,false,false,true,false,true,true,true,false,false,false,325,97,28,6,2,2,0,false,true,true,false
Kubernetes,guidance,Kubernetes---kb_622_Normalized.json,4,2,2,2,2,4,0,completed,,,0.001714,0.00431925,0.003888,0.0002725,7050,2270,224.75,67.5,90,2,2,0,0,0,0,0,1,1,0,false,false,false,false,false,false,false,false,false,true,false,false,false,false,false,false,false,false,true,false,false,false,false,false,false,false,false,false,false,false,false,false,false,false,false,true,false,true,true,true,false,false,false,32,6,3,5,0,0,0,false,false,false,false
Kubernetes,guidance,Kubernetes---kb_623_Normalized.json,4,2,2,2,2,4,0,completed,,,0.001322,0.0030465,0.0027375,0.000188,7792,2270,214.25,63.75,86,2,2,0,0,0,0,0,1,1,0,false,false,false,false,false,false,false,false,false,true,false,false,false,false,false,false,false,false,true,false,false,false,false,false,false,false,false,false,false,false,false,false,false,false,false,true,false,true,true,true,false,false,false,32,6,3,5,0,0,0,false,false,false,false
Kubernetes,guidance,Kubernetes---kb_624_Normalized.json,4,2,2,2,2,4,0,completed,,,0.000986,0.00131175,0.00119725,7.1e-05,3668,888,62,21,22,2,2,0,0,0,0,0,1,1,0,false,false,false,false,false,false,false,false,false,false,false,false,false,false,false,false,false,false,true,false,false,false,false,false,false,false,false,false,false,false,false,false,false,false,false,true,false,false,true,true,false,false,false,12,3,2,5,0,0,0,false,false,false,false
Kubernetes,guidance,Kubernetes---kb_625_Normalized.json,4,2,2,2,2,4,0,completed,,,0.001705,0.001616,0.001483,8.325e-05,3668,888,61.25,21,22,2,2,0,0,0,0,0,1,1,0,false,false,false,false,false,false,false,false,false,false,false,false,false,false,false,false,false,false,true,false,false,false,false,false,false,false,false,false,false,false,false,false,false,false,false,true,false,false,true,true,false,false,false,12,3,2,5,0,0,0,false,false,false,false
Kubernetes,guidance,Kubernetes---kb_626_Normalized.json,6,2,4,2,4,6,0,completed,,,0.001824,0.00477283,0.00431867,0.000295,8647,1675,249.667,74.8333,103,2,4,0,0,0,0,0,1,1,0,false,false,false,false,false,false,false,false,false,true,false,false,false,false,false,false,false,false,true,false,false,false,false,false,false,false,false,false,false,false,false,false,false,false,false,true,false,true,true,true,false,false,false,24,5,2,5,0,0,0,false,false,false,false
Kubernetes,guidance,Kubernetes---kb_627_Normalized.json,6,2,4,2,4,6,0,completed,,,0.001653,0.0041345,0.00375417,0.000228333,7745,1675,208,62.1667,132,1,4,0,1,0,0.5,0,1,0.833333,-0.5,false,false,false,false,false,false,false,false,false,true,false,false,false,false,false,false,false,false,true,false,false,false,false,false,false,false,false,false,false,false,false,false,false,false,false,true,false,true,true,true,false,false,false,24,5,2,5,0,0,0,false,false,false,false
Kubernetes,guidance,Kubernetes---kb_628_Normalized.json,6,1,5,1,5,6,0,completed,,,0.002903,0.00485283,0.00434167,0.000359167,13431,4441,343.167,123.167,127,1,5,0,0,0,0,0,1,1,0,false,false,false,false,false,false,false,false,false,true,false,false,false,false,false,false,false,false,true,false,false,false,false,false,false,false,false,false,false,false,false,false,false,false,false,true,false,true,true,true,false,false,false,57,17,5,5,0,0,0,false,true,true,false
Kubernetes,guidance,Kubernetes---kb_629_Normalized.json,5,2,3,2,3,5,0,completed,,,0.003197,0.0074396,0.006815,0.0004114,11046,4441,366.8,131,145,2,3,0,0,0,0,0,1,1,0,false,false,false,false,false,false,false,false,false,true,false,false,false,false,false,false,false,false,true,false,false,false,false,false,false,false,false,false,false,false,false,false,false,false,false,true,false,true,true,true,false,false,false,57,17,5,5,0,0,0,false,true,true,false
Kubernetes,guidance,Kubernetes---kb_62_Normalized.json,6,2,4,2,4,6,0,completed,,,0.001493,0.00432817,0.00393283,0.000203667,8822,316,615.667,200.333,218,0,4,0,2,0,1,0,1,0.666667,-1,false,false,false,false,false,false,false,false,false,false,false,false,false,false,false,false,false,false,true,false,false,false,false,false,false,false,false,false,false,false,false,false,false,false,false,true,false,false,false,true,false,false,false,11,2,0,5,0,0,0,false,false,false,false
Kubernetes,guidance,Kubernetes---kb_630_Normalized.json,5,2,3,2,3,5,0,completed,,,0.004001,0.0267102,0.0245108,0.0012966,38479,13554,2161,725.8,950,0,3,0,2,0,1,0,1,0.6,-1,true,false,false,false,false,false,false,false,false,true,false,false,false,false,false,false,false,false,true,false,false,false,false,false,false,false,false,false,false,false,false,true,false,false,false,true,false,true,true,true,false,false,false,159,45,21,5,2,0,0,false,true,true,false
Kubernetes,guidance,Kubernetes---kb_631_Normalized.json,4,2,2,2,2,4,0,completed,,,0.0054,0.0248837,0.0223602,0.00157875,33166,13554,1956,660,749,0,2,0,2,0,1,0,1,0.5,-1,true,false,false,false,false,false,false,false,false,true,false,false,false,false,false,false,false,false,true,false,false,false,false,false,false,false,false,false,false,false,false,true,false,false,false,true,false,true,true,true,false,false,false,159,45,21,5,2,0,0,false,true,true,false
Kubernetes,guidance,Kubernetes---kb_632_Normalized.json,6,2,4,2,4,6,0,completed,,,0.001793,0.0012535,0.00109933,6e-05,7932,1743,376.167,144.5,148,0,4,0,2,0,1,0,1,0.666667,-1,false,false,false,false,false,false,false,false,false,false,false,false,false,false,false,false,false,false,false,false,false,false,false,false,false,false,false,false,false,false,false,false,false,false,false,true,false,false,true,true,false,false,false,24,10,10,4,0,0,0,false,true,true,false
Kubernetes,guidance,Kubernetes---kb_633_Normalized.json,5,1,4,1,4,5,0,completed,,,0.001729,0.0010872,0.0009564,5.24e-05,7407,1743,380.4,146.4,148,0,4,0,1,0,1,0,1,0.8,-1,false,false,false,false,false,false,false,false,false,false,false,false,false,false,false,false,false,false,false,false,false,false,false,false,false,false,false,false,false,false,false,false,false,false,false,true,false,false,true,true,false,false,false,24,10,10,4,0,0,0,false,true,true,false
Kubernetes,guidance,Kubernetes---kb_634_Normalized.json,3,1,2,1,2,3,0,completed,,,0.001563,0.00145467,0.001343,7.6e-05,1965,339,35.3333,14,15,1,2,0,0,0,0,0,1,1,0,false,false,false,false,false,false,false,false,false,false,false,false,false,false,false,false,false,false,false,false,false,false,false,false,false,false,false,false,false,false,false,false,false,false,false,true,false,false,false,true,false,false,false,7,2,0,4,0,0,0,false,false,false,false
Kubernetes,guidance,Kubernetes---kb_635_Normalized.json,3,1,2,1,2,3,0,completed,,,0.001358,0.00135,0.00124767,6.76667e-05,1965,339,35.3333,14,15,1,2,0,0,0,0,0,1,1,0,false,false,false,false,false,false,false,false,false,false,false,false,false,false,false,false,false,false,false,false,false,false,false,false,false,false,false,false,false,false,false,false,false,false,false,true,false,false,false,true,false,false,false,7,2,0,4,0,0,0,false,false,false,false
Kubernetes,guidance,Kubernetes---kb_636_Normalized.json,3,1,2,1,2,3,0,completed,,,0.001057,0.00131467,0.00121167,6.76667e-05,1965,339,35.3333,14,15,1,2,0,0,0,0,0,1,1,0,false,false,false,false,false,false,false,false,false,false,false,false,false,false,false,false,false,false,false,false,false,false,false,false,false,false,false,false,false,false,false,false,false,false,false,true,false,false,false,true,false,false,false,7,2,0,4,0,0,0,false,false,false,false
Kubernetes,guidance,Kubernetes---kb_637_Normalized.json,2,1,1,1,1,2,0,completed,,,0.001043,0.001598,0.001456,8.75e-05,2733,1178,68.5,24,25,1,1,0,0,0,0,0,1,1,0,false,false,false,false,false,false,false,false,false,false,false,false,false,false,false,false,false,false,true,false,false,false,false,false,false,false,false,false,false,false,false,false,false,false,false,true,false,false,true,true,false,false,false,14,2,2,5,0,0,0,false,false,false,false
Kubernetes,guidance,Kubernetes---kb_638_Normalized.json,2,1,1,1,1,2,0,completed,,,0.00138,0.0016055,0.0014745,8e-05,3449,1178,64,21.5,25,1,1,0,0,0,0,0,1,1,0,false,false,false,false,false,false,false,false,false,false,false,false,false,false,false,false,false,false,true,false,false,false,false,false,false,false,false,false,false,false,false,false,false,false,false,true,false,false,true,true,false,false,false,14,2,2,5,0,0,0,false,false,false,false
Kubernetes,guidance,Kubernetes---kb_639_Normalized.json,5,2,3,2,3,5,0,completed,,,0.001162,0.0022778,0.0021032,9.28e-05,4610,606,140.4,48.4,74,2,3,0,0,0,0,0,1,1,0,false,false,false,false,false,false,false,false,false,false,false,false,false,false,false,false,false,false,true,false,false,false,false,false,false,false,false,false,false,false,false,false,false,false,false,true,false,false,true,true,false,false,false,12,2,1,5,0,0,0,false,false,false,false
Kubernetes,guidance,Kubernetes---kb_63_Normalized.json,6,1,5,1,5,6,0,completed,,,0.002491,0.003224,0.00297883,0.000156833,7257,1992,213.5,80,90,1,5,0,0,0,0,0,1,1,0,false,false,false,false,false,false,false,false,false,true,false,false,false,false,false,false,false,false,true,false,false,false,false,false,false,false,false,false,false,false,false,false,false,false,false,true,false,true,true,true,false,false,false,26,8,1,5,0,0,0,false,false,false,false
Kubernetes,guidance,Kubernetes---kb_640_Normalized.json,5,2,3,2,3,5,0,completed,,,0.001445,0.0019986,0.0017902,0.00013,4474,606,96.2,34.2,50,2,3,0,0,0,0,0,1,1,0,false,false,false,false,false,false,false,false,false,false,false,false,false,false,false,false,false,false,true,false,false,false,false,false,false,false,false,false,false,false,false,false,false,false,false,true,false,false,true,true,false,false,false,12,2,1,5,0,0,0,false,false,false,false
Kubernetes,guidance,Kubernetes---kb_641_Normalized.json,7,2,5,2,5,7,0,completed,,,0.001259,0.00152086,0.00137657,8.5e-05,5981,606,96.2857,33.8571,49,2,5,0,0,0,0,0,1,1,0,false,false,false,false,false,false,false,false,false,false,false,false,false,false,false,false,false,false,true,false,false,false,false,false,false,false,false,false,false,false,false,false,false,false,false,true,false,false,true,true,false,false,false,12,2,1,5,0,0,0,false,false,false,false
Kubernetes,guidance,Kubernetes---kb_642_Normalized.json,5,1,4,1,4,5,0,completed,,,0.001434,0.0007946,0.000701,4.18e-05,4013,386,46.8,16.8,21,0,4,0,1,0,1,0,1,0.8,-1,false,false,false,false,false,false,false,false,false,false,false,false,false,false,false,false,false,false,false,false,false,false,false,false,false,false,false,false,false,false,false,false,false,false,false,true,false,false,true,true,false,false,false,8,2,1,4,0,0,0,false,false,false,false
Kubernetes,guidance,Kubernetes---kb_643_Normalized.json,5,1,4,1,4,5,0,completed,,,0.001483,0.0009502,0.0008444,4.62e-05,3967,386,46.8,16.8,21,0,4,0,1,0,1,0,1,0.8,-1,false,false,false,false,false,false,false,false,false,false,false,false,false,false,false,false,false,false,false,false,false,false,false,false,false,false,false,false,false,false,false,false,false,false,false,true,false,false,true,true,false,false,false,8,2,1,4,0,0,0,false,false,false,false
Kubernetes,guidance,Kubernetes---kb_644_Normalized.json,2,2,0,2,0,2,0,completed,,,0.002054,0.0099685,0.009174,0.0004185,26632,13218,2759.5,925.5,1515,0,0,0,2,0,1,0,1,0,-1,true,false,false,false,false,false,false,false,false,true,false,false,false,false,false,false,false,false,true,false,false,false,false,false,false,false,false,false,false,false,false,false,false,false,false,true,false,true,true,true,false,false,false,87,28,4,5,0,0,0,false,false,true,false
Kubernetes,guidance,Kubernetes---kb_645_Normalized.json,2,2,0,2,0,2,0,completed,,,0.003536,0.0071105,0.006552,0.000264,22757,13218,1808,613.5,853,0,0,0,2,0,1,0,1,0,-1,true,false,false,false,false,false,false,false,false,true,false,false,false,false,false,false,false,false,true,false,false,false,false,false,false,false,false,false,false,false,false,false,false,false,false,true,false,true,true,true,false,false,false,87,28,4,5,0,0,0,false,false,true,false
Kubernetes,guidance,Kubernetes---kb_646_Normalized.json,5,2,3,2,3,5,0,completed,,,0.001589,0.001924,0.0016652,0.0001152,10052,4246,206.8,65.4,73,0,3,0,2,0,1,0,1,0.6,-1,true,false,false,false,false,false,false,false,false,true,false,false,false,false,false,false,false,false,true,false,false,false,false,false,false,false,false,false,false,false,false,true,false,false,false,true,false,true,true,true,false,false,false,53,13,7,5,2,0,0,false,true,true,false
Kubernetes,guidance,Kubernetes---kb_647_Normalized.json,3,1,2,1,2,3,0,completed,,,0.002564,0.000547,0.000399,1.36667e-05,10643,5519,229.333,71,74,0,2,0,1,0,1,0,1,0.666667,-1,true,false,false,false,false,false,false,false,false,true,false,false,false,false,false,false,false,false,true,false,false,false,false,false,false,false,false,false,false,false,false,true,false,false,false,true,false,true,true,true,false,false,false,69,17,9,5,2,0,0,false,true,true,false
Kubernetes,guidance,Kubernetes---kb_648_Normalized.json,4,2,2,2,2,4,0,completed,,,0.002586,0.00050575,0.0003665,1.275e-05,10369,5519,235.25,73.25,78,0,2,0,2,0,1,0,1,0.5,-1,true,false,false,false,false,false,false,false,false,true,false,false,false,false,false,false,false,false,true,false,false,false,false,false,false,false,false,false,false,false,false,true,false,false,false,true,false,true,true,true,false,false,false,69,17,9,5,2,0,0,false,true,true,false
Kubernetes,guidance,Kubernetes---kb_649_Normalized.json,5,1,4,1,4,5,0,completed,,,0.002826,0.0025954,0.0023316,0.000176,10472,4283,202.4,61.4,69,1,4,0,0,0,0,0,1,1,0,true,false,false,false,false,false,false,false,false,true,false,false,false,false,false,false,false,false,true,false,false,false,false,false,false,false,false,false,false,false,false,true,false,false,false,true,false,true,true,true,false,false,false,53,13,7,5,2,0,0,false,true,true,false
Kubernetes,guidance,Kubernetes---kb_64_Normalized.json,6,1,5,1,5,6,0,completed,,,0.001989,0.00414717,0.00380183,0.000223667,7449,1992,214.5,82.3333,90,1,5,0,0,0,0,0,1,1,0,false,false,false,false,false,false,false,false,false,true,false,false,false,false,false,false,false,false,true,false,false,false,false,false,false,false,false,false,false,false,false,false,false,false,false,true,false,true,true,true,false,false,false,26,8,1,5,0,0,0,false,false,false,false
Kubernetes,guidance,Kubernetes---kb_650_Normalized.json,4,2,2,2,2,4,0,completed,,,0.002594,0.00212525,0.001876,0.00014275,10823,5311,217.25,65.75,85,0,2,0,2,0,1,0,1,0.5,-1,true,false,false,false,false,false,false,false,false,true,false,false,false,false,false,false,false,false,true,false,false,false,false,false,false,false,false,false,false,false,false,true,false,false,false,true,false,true,true,true,false,false,false,66,16,8,5,2,0,0,false,true,true,false
Kubernetes,guidance,Kubernetes---kb_651_Normalized.json,2,2,0,2,0,2,0,completed,,,0.002527,0.0023515,0.002019,0.000164,8374,5311,252,76.5,77,0,0,0,2,0,1,0,1,0,-1,true,false,false,false,false,false,false,false,false,true,false,false,false,false,false,false,false,false,true,false,false,false,false,false,false,false,false,false,false,false,false,true,false,false,false,true,false,true,true,true,false,false,false,66,16,8,5,2,0,0,false,true,true,false
Kubernetes,guidance,Kubernetes---kb_652_Normalized.json,4,1,3,1,3,4,0,completed,,,0.001588,0.001276,0.0011345,7.825e-05,5092,1786,195.75,66.75,68,0,3,0,1,0,1,0,1,0.75,-1,false,false,false,false,false,false,false,false,false,false,false,false,false,false,false,false,false,false,false,false,false,false,false,false,false,false,false,false,false,false,false,false,false,false,false,true,false,false,false,true,false,false,false,17,7,0,4,0,0,0,false,false,false,false
Kubernetes,guidance,Kubernetes---kb_653_Normalized.json,6,2,4,2,4,6,0,completed,,,0.001605,0.001377,0.00122467,7.4e-05,6212,1786,199.667,68.3333,74,0,4,0,2,0,1,0,1,0.666667,-1,false,false,false,false,false,false,false,false,false,false,false,false,false,false,false,false,false,false,false,false,false,false,false,false,false,false,false,false,false,false,false,false,false,false,false,true,false,false,false,true,false,false,false,17,7,0,4,0,0,0,false,false,false,false
Kubernetes,guidance,Kubernetes---kb_654_Normalized.json,5,2,3,2,3,5,0,completed,,,0.001585,0.0016238,0.001492,8.8e-05,3546,582,39.2,14.8,18,2,3,0,0,0,0,0,1,1,0,true,false,false,false,false,false,false,false,false,true,false,false,false,false,false,false,false,false,false,false,false,false,false,false,false,false,false,false,false,false,false,true,false,false,false,true,false,true,false,true,false,false,false,11,1,0,4,2,0,0,false,false,false,false
Kubernetes,guidance,Kubernetes---kb_655_Normalized.json,3,1,2,1,2,3,0,completed,,,0.001345,0.001456,0.00133367,8.7e-05,2853,582,38.6667,15,20,1,2,0,0,0,0,0,1,1,0,true,false,false,false,false,false,false,false,false,true,false,false,false,false,false,false,false,false,false,false,false,false,false,false,false,false,false,false,false,false,false,true,false,false,false,true,false,true,false,true,false,false,false,11,1,0,4,2,0,0,false,false,false,false
Kubernetes,guidance,Kubernetes---kb_656_Normalized.json,4,1,3,1,3,4,0,completed,,,0.001419,0.00161625,0.001484,8.95e-05,3524,582,47.5,18.75,23,1,3,0,0,0,0,0,1,1,0,true,false,false,false,false,false,false,false,false,true,false,false,false,false,false,false,false,false,false,false,false,false,false,false,false,false,false,false,false,false,false,true,false,false,false,true,false,true,false,true,false,false,false,11,1,0,4,2,0,0,false,false,false,false
Kubernetes,guidance,Kubernetes---kb_657_Normalized.json,4,2,2,2,2,4,0,completed,,,0.001614,0.00178675,0.00154025,0.000101,6674,1313,524.75,181.5,556,0,2,0,2,0,1,0,1,0.5,-1,false,false,false,false,false,false,false,false,false,false,false,false,false,false,false,false,false,false,false,false,false,false,false,false,false,false,false,false,false,false,false,false,false,false,false,true,false,false,true,true,false,false,false,16,6,4,4,0,0,0,false,false,false,false
Kubernetes,guidance,Kubernetes---kb_658_Normalized.json,7,2,5,2,5,7,0,completed,,,0.001719,0.00117286,0.00102929,6.57143e-05,6330,1313,179.571,63.1429,113,0,5,0,2,0,1,0,1,0.714286,-1,false,false,false,false,false,false,false,false,false,false,false,false,false,false,false,false,false,false,false,false,false,false,false,false,false,false,false,false,false,false,false,false,false,false,false,true,false,false,true,true,false,false,false,16,6,4,4,0,0,0,false,false,false,false
Kubernetes,guidance,Kubernetes---kb_65_Normalized.json,7,2,5,2,5,7,0,completed,,,0.001551,0.00284071,0.00263614,0.000114429,7391,1936,192.571,76.2857,84,2,5,0,0,0,0,0,1,1,0,false,false,false,false,false,false,false,false,false,true,false,false,false,false,false,false,false,false,true,false,false,false,false,false,false,false,false,false,false,false,false,false,false,false,false,true,false,true,true,true,false,false,false,24,7,1,5,0,0,0,false,false,false,false
Kubernetes,guidance,Kubernetes---kb_661_Normalized.json,4,2,2,2,2,4,0,completed,,,0.010566,0.0031585,0.00274775,0.00023675,78208,58085,490,139.5,158,0,2,0,2,0,1,0,1,0.5,-1,true,false,false,false,false,false,false,false,false,true,false,false,false,true,false,false,false,false,true,false,false,false,false,false,false,false,false,false,false,false,false,true,false,false,false,true,false,true,true,true,false,false,false,568,191,37,5,2,2,0,false,true,true,false
Kubernetes,guidance,Kubernetes---kb_662_Normalized.json,4,2,2,2,2,4,0,completed,,,0.016097,0.002707,0.002401,0.00015575,77676,58071,424.75,122.25,129,0,2,0,2,0,1,0,1,0.5,-1,true,false,false,false,false,false,false,false,false,true,false,false,false,true,false,false,false,false,true,false,false,false,false,false,false,false,false,false,false,false,false,true,false,false,false,true,false,true,true,true,false,false,false,567,191,37,5,2,1,0,false,true,true,false
Kubernetes,guidance,Kubernetes---kb_663_Normalized.json,3,2,1,2,1,3,0,completed,,,0.003593,0.002759,0.00244733,0.000170333,32729,23741,546,170,197,0,1,0,2,0,1,0,1,0.333333,-1,true,false,false,false,false,false,false,false,false,true,false,false,false,true,false,false,false,false,true,false,false,false,false,false,false,false,false,false,false,false,false,true,false,false,false,true,false,true,true,true,false,false,false,207,60,10,5,2,2,0,false,true,true,false
Kubernetes,guidance,Kubernetes---kb_664_Normalized.json,4,2,2,2,2,4,0,completed,,,0.003551,0.00309075,0.00275925,0.0001765,34067,23727,549,165.25,172,0,2,0,2,0,1,0,1,0.5,-1,true,false,false,false,false,false,false,false,false,true,false,false,false,true,false,false,false,false,true,false,false,false,false,false,false,false,false,false,false,false,false,true,false,false,false,true,false,true,true,true,false,false,false,206,60,10,5,2,1,0,false,true,true,false
Kubernetes,guidance,Kubernetes---kb_665_Normalized.json,3,1,2,1,2,3,0,completed,,,0.001198,0.00449467,0.00411333,0.000228333,3880,1354,193.667,69.3333,71,1,2,0,0,0,0,0,1,1,0,false,false,false,false,false,false,false,false,false,true,false,false,false,false,false,false,false,false,false,false,false,false,false,false,false,false,false,false,false,false,false,false,false,false,false,true,false,true,true,true,false,false,false,18,6,2,4,0,0,0,false,false,false,false
Kubernetes,guidance,Kubernetes---kb_666_Normalized.json,3,1,2,1,2,3,0,completed,,,0.005502,0.004212,0.00382133,0.00023,3926,1354,193.667,69.3333,71,1,2,0,0,0,0,0,1,1,0,false,false,false,false,false,false,false,false,false,true,false,false,false,false,false,false,false,false,false,false,false,false,false,false,false,false,false,false,false,false,false,false,false,false,false,true,false,true,true,true,false,false,false,18,6,2,4,0,0,0,false,false,false,false
Kubernetes,guidance,Kubernetes---kb_667_Normalized.json,3,1,2,1,2,3,0,completed,,,0.005015,0.00327867,0.00288367,0.000201,38226,27789,509.333,139,141,0,2,0,1,0,1,0,1,0.666667,-1,true,false,false,false,false,false,false,false,false,true,false,false,false,true,false,false,false,false,true,false,false,false,false,false,false,false,false,false,false,false,false,true,false,false,false,true,false,true,true,true,false,false,false,238,68,11,6,2,3,0,false,true,true,false
Kubernetes,guidance,Kubernetes---kb_669_Normalized.json,4,2,2,2,2,4,0,completed,,,0.003284,0.00061025,0.00047,2.45e-05,12495,6295,448,130.75,148,0,2,0,2,0,1,0,1,0.5,-1,true,false,false,false,false,false,false,false,false,true,false,false,false,false,false,false,false,false,true,false,false,false,false,false,false,false,false,false,false,false,false,true,false,false,false,true,false,true,true,true,false,false,false,69,17,4,5,2,0,0,false,false,true,false
Kubernetes,guidance,Kubernetes---kb_66_Normalized.json,6,2,4,2,4,6,0,completed,,,0.001339,0.0036465,0.0033825,0.000155,6787,1936,188.167,73.1667,86,2,4,0,0,0,0,0,1,1,0,false,false,false,false,false,false,false,false,false,true,false,false,false,false,false,false,false,false,true,false,false,false,false,false,false,false,false,false,false,false,false,false,false,false,false,true,false,true,true,true,false,false,false,24,7,1,5,0,0,0,false,false,false,false
Kubernetes,guidance,Kubernetes---kb_670_Normalized.json,2,1,1,1,1,2,0,completed,,,0.002749,0.000936,0.000711,4.55e-05,10612,6295,406,120,122,0,1,0,1,0,1,0,1,0.5,-1,true,false,false,false,false,false,false,false,false,true,false,false,false,false,false,false,false,false,true,false,false,false,false,false,false,false,false,false,false,false,false,true,false,false,false,true,false,true,true,true,false,false,false,69,17,4,5,2,0,0,false,false,true,false
Kubernetes,guidance,Kubernetes---kb_671_Normalized.json,4,1,3,1,3,4,0,completed,,,0.001968,0.0008115,0.00061,3.2e-05,10691,2754,635.5,216,351,0,3,0,1,0,1,0,1,0.75,-1,true,false,false,false,false,false,false,false,false,true,false,false,false,false,false,false,false,false,true,false,false,false,false,false,false,false,false,false,false,false,false,true,false,false,false,true,false,true,true,true,false,false,false,40,10,2,5,2,0,0,false,false,true,false
Kubernetes,guidance,Kubernetes---kb_672_Normalized.json,5,2,3,2,3,5,0,completed,,,0.002996,0.0007308,0.0005574,2.68e-05,10269,2754,457.8,152.6,170,0,3,0,2,0,1,0,1,0.6,-1,true,false,false,false,false,false,false,false,false,true,false,false,false,false,false,false,false,false,true,false,false,false,false,false,false,false,false,false,false,false,false,true,false,false,false,true,false,true,true,true,false,false,false,40,10,2,5,2,0,0,false,false,true,false
Kubernetes,guidance,Kubernetes---kb_673_Normalized.json,2,1,1,1,1,2,0,completed,,,0.001323,0.001315,0.001197,8.45e-05,2198,732,39.5,13,14,1,1,0,0,0,0,0,1,1,0,false,false,false,false,false,false,false,false,false,false,false,false,false,false,false,false,false,false,false,false,false,false,false,false,false,false,false,false,false,false,false,false,false,false,false,true,false,false,true,true,false,false,false,8,2,1,4,0,0,0,false,false,false,false
Kubernetes,guidance,Kubernetes---kb_674_Normalized.json,3,1,2,1,2,3,0,completed,,,0.001852,0.00118967,0.00108067,7.56667e-05,2927,732,39.3333,13,14,1,2,0,0,0,0,0,1,1,0,false,false,false,false,false,false,false,false,false,false,false,false,false,false,false,false,false,false,false,false,false,false,false,false,false,false,false,false,false,false,false,false,false,false,false,true,false,false,true,true,false,false,false,8,2,1,4,0,0,0,false,false,false,false
Kubernetes,guidance,Kubernetes---kb_675_Normalized.json,3,2,1,2,1,3,0,completed,,,0.012091,0.00469767,0.004097,0.000372,82532,62072,594.333,168.333,171,0,1,0,2,0,1,0,1,0.333333,-1,true,false,false,false,false,false,false,false,false,true,false,false,false,true,false,false,false,false,true,false,false,false,false,false,false,false,false,false,false,false,false,true,false,false,false,true,false,true,true,true,false,false,false,599,199,38,6,2,3,0,false,true,true,false
Kubernetes,guidance,Kubernetes---kb_676_Normalized.json,2,1,1,1,1,2,0,completed,,,0.01308,0.0033815,0.0029825,0.0002535,81957,62058,847,239,308,0,1,0,1,0,1,0,1,0.5,-1,true,false,false,false,false,false,false,false,false,true,false,false,false,true,false,false,false,false,true,false,false,false,false,false,false,false,false,false,false,false,false,true,false,false,false,true,false,true,true,true,false,false,false,598,199,38,6,2,2,0,false,true,true,false
Kubernetes,guidance,Kubernetes---kb_677_Normalized.json,2,2,0,2,0,2,0,completed,,,0.010045,0.0028615,0.0025275,0.000128,55205,42152,429,127,133,0,0,0,2,0,1,0,1,0,-1,true,false,false,false,false,false,false,false,false,true,false,false,false,false,false,false,false,false,true,false,false,false,false,false,false,false,false,false,false,false,false,true,false,false,false,true,false,true,true,true,false,false,false,454,155,33,5,2,0,0,false,true,true,false
Kubernetes,guidance,Kubernetes---kb_678_Normalized.json,1,1,0,1,0,1,0,completed,,,0.009754,0.001485,0.001171,8e-05,54198,42152,441,139,139,0,0,0,1,0,1,0,1,0,-1,true,false,false,false,false,false,false,false,false,true,false,false,false,false,false,false,false,false,true,false,false,false,false,false,false,false,false,false,false,false,false,true,false,false,false,true,false,true,true,true,false,false,false,454,155,33,5,2,0,0,false,true,true,false
Kubernetes,guidance,Kubernetes---kb_679_Normalized.json,5,2,3,2,3,5,0,completed,,,0.001746,0.0018496,0.0017032,9.86e-05,3620,644,81.4,21.8,24,2,3,0,0,0,0,0,1,1,0,false,false,false,false,false,false,false,false,false,false,false,false,false,false,false,false,false,false,false,false,false,false,false,false,false,false,false,false,false,false,false,false,false,false,false,true,false,false,false,true,false,false,false,9,3,0,4,0,0,0,false,false,false,false
Kubernetes,guidance,Kubernetes---kb_680_Normalized.json,6,2,4,2,4,6,0,completed,,,0.001546,0.001754,0.00161367,9.15e-05,4427,644,80.1667,21.3333,23,2,4,0,0,0,0,0,1,1,0,false,false,false,false,false,false,false,false,false,false,false,false,false,false,false,false,false,false,false,false,false,false,false,false,false,false,false,false,false,false,false,false,false,false,false,true,false,false,false,true,false,false,false,9,3,0,4,0,0,0,false,false,false,false
Kubernetes,guidance,Kubernetes---kb_681_Normalized.json,4,2,2,2,2,4,0,completed,,,0.001317,0.0015175,0.001392,8.175e-05,2587,456,38.25,17.5,18,2,2,0,0,0,0,0,1,1,0,false,false,false,false,false,false,false,false,false,false,false,false,false,false,false,false,false,false,false,false,false,false,false,false,false,false,false,false,false,false,false,false,false,false,false,true,false,false,true,true,false,false,false,8,2,1,4,0,0,0,false,false,false,false
Kubernetes,guidance,Kubernetes---kb_682_Normalized.json,5,2,3,2,3,5,0,completed,,,0.001299,0.0014204,0.0012992,8e-05,3125,456,37,16.8,18,2,3,0,0,0,0,0,1,1,0,false,false,false,false,false,false,false,false,false,false,false,false,false,false,false,false,false,false,false,false,false,false,false,false,false,false,false,false,false,false,false,false,false,false,false,true,false,false,true,true,false,false,false,8,2,1,4,0,0,0,false,false,false,false
Kubernetes,guidance,Kubernetes---kb_683_Normalized.json,2,2,0,2,0,2,0,completed,,,0.030288,0.00357,0.003073,0.0002735,191185,154358,171,53.5,59,0,0,0,2,0,1,0,1,0,-1,true,false,false,false,false,false,false,false,false,true,false,false,false,true,false,false,false,false,true,false,false,false,false,false,false,false,false,false,false,false,false,true,false,false,false,true,false,true,true,true,false,false,false,1506,462,81,6,4,2,0,false,true,true,false
Kubernetes,guidance,Kubernetes---kb_684_Normalized.json,2,2,0,2,0,2,0,completed,,,0.02911,0.003354,0.002923,0.0002355,191142,154344,171.5,53,59,0,0,0,2,0,1,0,1,0,-1,true,false,false,false,false,false,false,false,false,true,false,false,false,true,false,false,false,false,true,false,false,false,false,false,false,false,false,false,false,false,false,true,false,false,false,true,false,true,true,true,false,false,false,1505,462,81,6,4,1,0,false,true,true,false
Kubernetes,guidance,Kubernetes---kb_685_Normalized.json,5,2,3,2,3,5,0,completed,,,0.003077,0.0016136,0.0014326,0.000109,15697,5652,402.4,108.8,168,0,3,0,2,0,1,0,1,0.6,-1,true,false,false,false,false,false,false,false,false,true,false,false,false,false,false,false,false,false,true,false,false,false,false,false,false,false,false,false,false,false,false,false,false,false,false,true,false,true,true,true,false,false,false,58,12,5,5,0,0,0,false,true,true,false
Kubernetes,guidance,Kubernetes---kb_686_Normalized.json,9,2,7,2,7,9,0,completed,,,0.001845,0.00146567,0.00129444,9.56667e-05,24590,5652,464.556,126,175,0,7,0,2,0,1,0,1,0.777778,-1,true,false,false,false,false,false,false,false,false,true,false,false,false,false,false,false,false,false,true,false,false,false,false,false,false,false,false,false,false,false,false,false,false,false,false,true,false,true,true,true,false,false,false,58,12,5,5,0,0,0,false,true,true,false
Kubernetes,guidance,Kubernetes---kb_687_Normalized.json,8,2,6,2,6,8,0,completed,,,0.001389,0.0031055,0.00283263,0.000162375,12553,3247,266.5,78.375,91,2,6,0,0,0,0,0,1,1,0,true,false,false,false,false,false,false,false,false,true,false,false,false,false,false,false,false,false,true,false,false,false,false,false,false,false,false,false,false,false,false,false,false,false,false,true,false,true,true,true,false,false,false,38,8,3,5,0,0,0,false,false,false,false
Kubernetes,guidance,Kubernetes---kb_688_Normalized.json,8,2,6,2,6,8,0,completed,,,0.00139,0.00302787,0.002733,0.000185375,12283,3247,259.75,78.75,92,2,6,0,0,0,0,0,1,1,0,true,false,false,false,false,false,false,false,false,true,false,false,false,false,false,false,false,false,true,false,false,false,false,false,false,false,false,false,false,false,false,false,false,false,false,true,false,true,true,true,false,false,false,38,8,3,5,0,0,0,false,false,false,false
Kubernetes,guidance,Kubernetes---kb_689_Normalized.json,5,2,3,2,3,5,0,completed,,,0.001812,0.0013592,0.001193,0.0001008,16600,5682,450.6,123.4,226,0,3,0,2,0,1,0,1,0.6,-1,true,false,false,false,false,false,false,false,false,true,false,false,false,false,false,false,false,false,true,false,false,false,false,false,false,false,false,false,false,false,false,false,false,false,false,true,false,true,true,true,false,false,false,58,12,5,5,0,0,0,false,true,true,false
Kubernetes,guidance,Kubernetes---kb_690_Normalized.json,7,2,5,2,5,7,0,completed,,,0.001677,0.001453,0.00126786,0.000105286,22410,5682,612.857,168.714,231,0,5,0,2,0,1,0,1,0.714286,-1,true,false,false,false,false,false,false,false,false,true,false,false,false,false,false,false,false,false,true,false,false,false,false,false,false,false,false,false,false,false,false,false,false,false,false,true,false,true,true,true,false,false,false,58,12,5,5,0,0,0,false,true,true,false
Kubernetes,guidance,Kubernetes---kb_691_Normalized.json,5,2,3,2,3,5,0,completed,,,0.00152,0.00499,0.0046026,0.000229,5311,1534,169.2,66.2,67,2,3,0,0,0,0,0,1,1,0,false,false,false,false,false,false,false,false,false,true,false,false,false,false,false,false,false,false,false,false,false,false,false,false,false,false,false,false,false,false,false,false,false,false,false,true,false,true,true,true,false,false,false,20,6,2,4,0,0,0,false,false,false,false
Kubernetes,guidance,Kubernetes---kb_692_Normalized.json,5,2,3,2,3,5,0,completed,,,0.001499,0.0026416,0.0024438,9.58e-05,5309,1534,170,66.6,69,2,3,0,0,0,0,0,1,1,0,false,false,false,false,false,false,false,false,false,true,false,false,false,false,false,false,false,false,false,false,false,false,false,false,false,false,false,false,false,false,false,false,false,false,false,true,false,true,true,true,false,false,false,20,6,2,4,0,0,0,false,false,false,false
Kubernetes,guidance,Kubernetes---kb_693_Normalized.json,2,1,1,1,1,2,0,completed,,,0.004279,0.004003,0.003516,0.0002695,26526,20292,358,111.5,112,0,1,0,1,0,1,0,1,0.5,-1,true,false,false,false,false,false,false,false,false,true,false,false,false,true,false,false,false,false,true,false,false,false,false,false,false,false,false,false,false,false,false,true,false,false,false,true,false,true,true,true,false,false,false,165,47,10,5,2,2,0,false,true,true,false
Kubernetes,guidance,Kubernetes---kb_694_Normalized.json,4,2,2,2,2,4,0,completed,,,0.004187,0.0033125,0.0029425,0.00018775,28292,20266,357.75,111,112,0,2,0,2,0,1,0,1,0.5,-1,true,false,false,false,false,false,false,false,false,true,false,false,false,true,false,false,false,false,true,false,false,false,false,false,false,false,false,false,false,false,false,true,false,false,false,true,false,true,true,true,false,false,false,164,47,10,5,2,1,0,false,true,true,false
Kubernetes,guidance,Kubernetes---kb_697_Normalized.json,4,2,2,2,2,4,0,completed,,,0.001439,0.00266675,0.002393,0.000204,6635,3338,104.25,31.5,56,2,2,0,0,0,0,0,1,1,0,true,false,false,false,false,false,false,false,false,true,false,false,false,false,false,false,false,false,true,false,false,false,false,false,false,false,false,false,false,false,false,true,false,false,false,true,false,true,true,true,false,false,false,38,8,2,5,2,0,0,false,false,false,false
Kubernetes,guidance,Kubernetes---kb_698_Normalized.json,4,2,2,2,2,4,0,completed,,,0.001452,0.002382,0.00209975,0.00020825,7034,3338,141,43.25,54,2,2,0,0,0,0,0,1,1,0,true,false,false,false,false,false,false,false,false,true,false,false,false,false,false,false,false,false,true,false,false,false,false,false,false,false,false,false,false,false,false,true,false,false,false,true,false,true,true,true,false,false,false,38,8,2,5,2,0,0,false,false,false,false
Kubernetes,guidance,Kubernetes---kb_699_Normalized.json,6,2,4,2,4,6,0,completed,,,0.001441,0.00301533,0.002734,0.000179667,7899,2392,204.333,86.1667,93,2,4,0,0,0,0,0,1,1,0,true,false,false,false,false,false,false,false,false,true,false,false,false,false,false,false,false,false,false,false,false,false,false,false,false,false,false,false,false,false,false,false,false,false,false,true,false,true,true,true,false,false,false,27,6,4,4,0,0,0,false,false,false,false
Kubernetes,guidance,Kubernetes---kb_69_Normalized.json,3,1,2,1,2,3,0,completed,,,0.001451,0.002452,0.00223967,0.000118,3212,904,130.667,41,42,1,2,0,0,0,0,0,1,1,0,false,false,false,false,false,false,false,false,false,true,false,false,false,false,false,false,false,false,false,false,false,false,false,false,false,false,false,false,false,false,false,false,false,false,false,true,false,true,true,true,false,false,false,15,4,1,4,0,0,0,false,false,false,false
Kubernetes,guidance,Kubernetes---kb_700_Normalized.json,3,2,1,2,1,3,0,completed,,,0.001954,0.003385,0.00306933,0.000183,5084,2392,199,84,84,2,1,0,0,0,0,0,1,1,0,true,false,false,false,false,false,false,false,false,true,false,false,false,false,false,false,false,false,false,false,false,false,false,false,false,false,false,false,false,false,false,false,false,false,false,true,false,true,true,true,false,false,false,27,6,4,4,0,0,0,false,false,false,false
Kubernetes,guidance,Kubernetes---kb_701_Normalized.json,8,2,6,2,6,8,0,completed,,,0.001764,0.00298925,0.00276538,0.000146625,8122,1342,170.375,62.625,81,2,6,0,0,0,0,0,1,1,0,false,false,false,false,false,false,false,false,false,true,false,false,false,false,false,false,false,false,true,false,false,false,false,false,false,false,false,false,false,false,false,false,false,false,false,true,false,true,false,true,false,false,false,22,5,0,5,0,0,0,false,false,false,false
Kubernetes,guidance,Kubernetes---kb_702_Normalized.json,8,2,6,2,6,8,0,completed,,,0.001293,0.00292288,0.00270988,0.00013025,7943,1342,179.125,65,71,2,6,0,0,0,0,0,1,1,0,false,false,false,false,false,false,false,false,false,true,false,false,false,false,false,false,false,false,true,false,false,false,false,false,false,false,false,false,false,false,false,false,false,false,false,true,false,true,false,true,false,false,false,22,5,0,5,0,0,0,false,false,false,false
Kubernetes,guidance,Kubernetes---kb_703_Normalized.json,2,1,1,1,1,2,0,completed,,,0.0019,0.001239,0.0011465,6.25e-05,1302,201,29,12.5,13,1,1,0,0,0,0,0,1,1,0,false,false,false,false,false,false,false,false,false,false,false,false,false,false,false,false,false,false,false,false,false,false,false,false,false,false,false,false,false,false,false,false,false,false,false,true,false,false,false,true,false,false,false,6,2,0,4,0,0,0,false,false,false,false
Kubernetes,guidance,Kubernetes---kb_704_Normalized.json,2,1,1,1,1,2,0,completed,,,0.001443,0.001553,0.001438,7.75e-05,1302,201,29,12.5,13,1,1,0,0,0,0,0,1,1,0,false,false,false,false,false,false,false,false,false,false,false,false,false,false,false,false,false,false,false,false,false,false,false,false,false,false,false,false,false,false,false,false,false,false,false,true,false,false,false,true,false,false,false,6,2,0,4,0,0,0,false,false,false,false
Kubernetes,guidance,Kubernetes---kb_705_Normalized.json,4,1,3,1,3,4,0,completed,,,0.00096,0.000454,0.00029525,9.75e-06,2428,319,15.5,8.25,12,0,3,0,1,0,1,0,1,0.75,-1,false,false,false,false,false,false,false,false,false,false,false,false,false,false,false,false,false,false,false,false,false,false,false,false,false,false,false,false,false,false,false,false,false,false,false,true,false,false,false,true,false,false,false,5,1,0,4,0,0,0,false,false,false,false
Kubernetes,guidance,Kubernetes---kb_706_Normalized.json,5,1,4,1,4,5,0,completed,,,0.001195,0.0004782,0.0003126,1.02e-05,3017,319,17.6,9.6,15,0,4,0,1,0,1,0,1,0.8,-1,false,false,false,false,false,false,false,false,false,false,false,false,false,false,false,false,false,false,false,false,false,false,false,false,false,false,false,false,false,false,false,false,false,false,false,true,false,false,false,true,false,false,false,5,1,0,4,0,0,0,false,false,false,false
Kubernetes,guidance,Kubernetes---kb_709_Normalized.json,4,2,2,2,2,4,0,completed,,,0.012021,0.003664,0.00318975,0.00024975,100790,76214,478.5,142.5,148,0,2,0,2,0,1,0,1,0.5,-1,true,false,false,false,false,false,false,false,false,true,false,false,false,true,false,false,false,false,true,false,false,false,false,false,false,false,false,false,false,false,false,true,false,false,false,true,false,true,true,true,false,false,false,766,244,49,5,2,2,0,false,true,true,false
Kubernetes,guidance,Kubernetes---kb_70_Normalized.json,2,1,1,1,1,2,0,completed,,,0.001609,0.002631,0.0024185,0.0001255,2558,904,129,40.5,42,1,1,0,0,0,0,0,1,1,0,false,false,false,false,false,false,false,false,false,true,false,false,false,false,false,false,false,false,false,false,false,false,false,false,false,false,false,false,false,false,false,false,false,false,false,true,false,true,true,true,false,false,false,15,4,1,4,0,0,0,false,false,false,false
Kubernetes,guidance,Kubernetes---kb_710_Normalized.json,5,2,3,2,3,5,0,completed,,,0.015821,0.006019,0.005446,0.0003038,102868,76178,517.6,153.2,180,0,3,0,2,0,1,0,1,0.6,-1,true,false,false,false,false,false,false,false,false,true,false,false,false,true,false,false,false,false,true,false,false,false,false,false,false,false,false,false,false,false,false,true,false,false,false,true,false,true,true,true,false,false,false,765,244,49,5,2,1,0,false,true,true,false
Kubernetes,guidance,Kubernetes---kb_713_Normalized.json,4,2,2,2,2,4,0,completed,,,0.010014,0.00407275,0.00369025,0.00024325,81948,61736,297.5,86,135,1,2,0,1,0,0.5,0,1,0.75,-0.5,true,false,false,false,false,false,false,false,false,true,false,false,false,false,false,false,false,false,true,false,false,false,false,false,false,false,false,false,false,false,false,true,false,false,false,true,false,true,true,true,false,false,false,665,212,45,5,2,0,0,false,true,true,false
Kubernetes,guidance,Kubernetes---kb_714_Normalized.json,5,2,3,2,3,5,0,completed,,,0.013854,0.0038002,0.0034232,0.000252,84320,61736,337.4,107,128,1,3,0,1,0,0.5,0,1,0.8,-0.5,true,false,false,false,false,false,false,false,false,true,false,false,false,false,false,false,false,false,true,false,false,false,false,false,false,false,false,false,false,false,false,true,false,false,false,true,false,true,true,true,false,false,false,665,212,45,5,2,0,0,false,true,true,false
Kubernetes,guidance,Kubernetes---kb_715_Normalized.json,3,1,2,1,2,3,0,completed,,,0.001575,0.000683333,0.000631,3.16667e-05,2053,279,25.3333,7,8,1,2,0,0,0,0,0,1,1,0,false,false,false,false,false,false,false,false,false,false,false,false,false,false,false,false,false,false,false,false,false,false,false,false,false,false,false,false,false,false,false,false,false,false,false,true,false,false,true,true,false,false,false,6,1,1,4,0,0,0,false,false,false,false
Kubernetes,guidance,Kubernetes---kb_716_Normalized.json,2,1,1,1,1,2,0,completed,,,0.000946,0.000796,0.0007315,4.15e-05,1465,279,27.5,7.5,8,1,1,0,0,0,0,0,1,1,0,false,false,false,false,false,false,false,false,false,false,false,false,false,false,false,false,false,false,false,false,false,false,false,false,false,false,false,false,false,false,false,false,false,false,false,true,false,false,true,true,false,false,false,6,1,1,4,0,0,0,false,false,false,false
Kubernetes,guidance,Kubernetes---kb_717_Normalized.json,9,2,7,2,7,9,0,completed,,,0.00287,0.00331933,0.00300222,0.000207889,21531,5809,495.333,171.333,182,2,7,0,0,0,0,0,1,1,0,false,false,false,false,false,false,false,false,false,true,false,false,false,false,false,false,false,false,true,false,false,false,false,false,false,false,false,false,false,false,false,false,false,false,false,true,false,true,true,true,false,false,false,58,18,2,5,0,0,0,false,false,true,false
Kubernetes,guidance,Kubernetes---kb_718_Normalized.json,8,2,6,2,6,8,0,completed,,,0.002374,0.00453513,0.00410912,0.00029475,19475,5809,499.625,173.5,180,2,6,0,0,0,0,0,1,1,0,false,false,false,false,false,false,false,false,false,true,false,false,false,false,false,false,false,false,true,false,false,false,false,false,false,false,false,false,false,false,false,false,false,false,false,true,false,true,true,true,false,false,false,58,18,2,5,0,0,0,false,false,true,false
Kubernetes,guidance,Kubernetes---kb_720_Normalized.json,6,2,4,2,4,6,0,completed,,,0.006832,0.00311767,0.00270917,0.000205,53177,29440,1126.83,346.333,424,0,4,0,2,0,1,0,1,0.666667,-1,true,false,false,false,false,false,false,false,false,true,false,false,false,true,false,false,false,false,true,false,false,false,false,false,false,false,false,false,false,false,false,false,false,false,false,true,false,true,true,true,false,false,false,284,80,18,5,0,2,0,false,true,true,false
Kubernetes,guidance,Kubernetes---kb_721_Normalized.json,6,2,4,2,4,6,0,completed,,,0.007376,0.003338,0.00294167,0.000193333,55142,29414,1425.67,431.667,435,0,4,0,2,0,1,0,1,0.666667,-1,true,false,false,false,false,false,false,false,false,true,false,false,false,true,false,false,false,false,true,false,false,false,false,false,false,false,false,false,false,false,false,false,false,false,false,true,false,true,true,true,false,false,false,283,80,18,5,0,1,0,false,true,true,false
Kubernetes,guidance,Kubernetes---kb_723_Normalized.json,4,2,2,2,2,4,0,completed,,,0.008684,0.00462775,0.00400525,0.0003495,56138,33390,1500.75,452.25,468,0,2,0,2,0,1,0,1,0.5,-1,true,false,false,false,false,false,false,false,false,true,false,false,false,true,false,false,false,false,true,false,false,false,false,false,false,false,false,false,false,false,false,false,false,false,false,true,false,true,true,true,false,false,false,315,88,19,6,0,3,0,false,true,true,false
Kubernetes,guidance,Kubernetes---kb_724_Normalized.json,6,2,4,2,4,6,0,completed,,,0.00986,0.00494017,0.00435783,0.0003085,63724,33364,1410.17,429,476,0,4,0,2,0,1,0,1,0.666667,-1,true,false,false,false,false,false,false,false,false,true,false,false,false,true,false,false,false,false,true,false,false,false,false,false,false,false,false,false,false,false,false,false,false,false,false,true,false,true,true,true,false,false,false,314,88,19,6,0,2,0,false,true,true,false
Kubernetes,guidance,Kubernetes---kb_726_Normalized.json,4,2,2,2,2,4,0,completed,,,0.007763,0.00166425,0.00148,9.55e-05,32308,14901,1470.25,460,487,0,2,0,2,0,1,0,1,0.5,-1,false,false,false,false,false,false,false,false,false,true,false,false,false,false,false,false,false,false,true,false,false,false,false,false,false,false,false,false,false,false,false,false,false,false,false,true,false,true,true,true,false,false,false,181,48,14,5,0,0,0,false,true,true,false
Kubernetes,guidance,Kubernetes---kb_727_Normalized.json,4,2,2,2,2,4,0,completed,,,0.007031,0.0019935,0.001748,0.00013725,32382,14901,1510.5,474.5,481,0,2,0,2,0,1,0,1,0.5,-1,false,false,false,false,false,false,false,false,false,true,false,false,false,false,false,false,false,false,true,false,false,false,false,false,false,false,false,false,false,false,false,false,false,false,false,true,false,true,true,true,false,false,false,181,48,14,5,0,0,0,false,true,true,false
Kubernetes,guidance,Kubernetes---kb_728_Normalized.json,5,1,4,1,4,5,0,completed,,,0.003032,0.0022042,0.001994,0.0001378,7652,3251,124.2,34.2,39,1,4,0,0,0,0,0,1,1,0,true,false,false,false,false,false,false,false,false,true,false,false,false,false,false,false,false,false,true,false,false,false,false,false,false,false,false,false,false,false,false,true,false,false,false,true,false,true,true,true,false,false,false,39,8,4,5,2,0,0,false,false,false,false
Kubernetes,guidance,Kubernetes---kb_729_Normalized.json,3,1,2,1,2,3,0,completed,,,0.00246,0.00294667,0.00260367,0.000245,8414,4767,142.333,41.6667,43,1,2,0,0,0,0,0,1,1,0,true,false,false,false,false,false,false,false,false,true,false,false,false,false,false,false,false,false,true,false,false,false,false,false,false,false,false,false,false,false,false,true,false,false,false,true,false,true,true,true,false,false,false,58,13,6,5,2,0,0,false,true,true,false
Kubernetes,guidance,Kubernetes---kb_730_Normalized.json,2,1,1,1,1,2,0,completed,,,0.002683,0.004353,0.0038735,0.000353,7727,4767,149,42.5,43,1,1,0,0,0,0,0,1,1,0,true,false,false,false,false,false,false,false,false,true,false,false,false,false,false,false,false,false,true,false,false,false,false,false,false,false,false,false,false,false,false,true,false,false,false,true,false,true,true,true,false,false,false,58,13,6,5,2,0,0,false,true,true,false
Kubernetes,guidance,Kubernetes---kb_731_Normalized.json,6,2,4,2,4,6,0,completed,,,0.002305,0.0017756,0.0016074,0.0001114,9148,3205,220.8,60.8,67,2,4,0,0,0,0,0,1,1,0,true,false,false,false,false,false,false,false,false,true,false,false,false,false,false,false,false,false,true,false,false,false,false,false,false,false,false,false,false,false,false,true,false,false,false,true,false,true,true,true,false,false,false,39,8,4,5,2,0,0,false,false,false,false
Kubernetes,guidance,Kubernetes---kb_732_Normalized.json,3,2,1,2,1,3,0,completed,,,0.002609,0.006338,0.005528,0.000647,7839,4479,167,50,50,2,1,0,0,0,0,0,1,1,0,true,false,false,false,false,false,false,false,false,true,false,false,false,false,false,false,false,false,true,false,false,false,false,false,false,false,false,false,false,false,false,true,false,false,false,true,false,true,true,true,false,false,false,55,12,5,5,2,0,0,false,true,true,false
Kubernetes,guidance,Kubernetes---kb_733_Normalized.json,4,2,2,2,2,4,0,completed,,,0.003282,0.002864,0.00251075,0.00026275,8574,4479,169.75,47.75,51,2,2,0,0,0,0,0,1,1,0,true,false,false,false,false,false,false,false,false,true,false,false,false,false,false,false,false,false,true,false,false,false,false,false,false,false,false,false,false,false,false,true,false,false,false,true,false,true,true,true,false,false,false,55,12,5,5,2,0,0,false,true,true,false
Kubernetes,guidance,Kubernetes---kb_734_Normalized.json,4,2,2,2,2,4,0,completed,,,0.02799,0.0058535,0.005072,0.00054875,185342,127790,3114.5,934,2350,1,2,0,1,0,0.5,0,1,0.75,-0.5,true,false,false,false,false,false,false,false,false,true,false,false,false,false,false,false,false,false,true,false,false,false,false,false,false,false,false,false,false,false,false,true,false,false,false,true,false,true,true,true,false,false,false,1273,387,69,6,4,0,0,false,true,true,false
Kubernetes,guidance,Kubernetes---kb_735_Normalized.json,5,2,3,2,3,5,0,completed,,,0.027477,0.00599067,0.00399175,0.00036725,163440,127790,209.75,59.75,66,2,3,0,0,0,0,0,1,1,0,true,false,false,false,false,false,false,false,false,true,false,false,false,false,false,false,false,false,true,false,false,false,false,false,false,false,false,false,false,false,false,true,false,false,false,true,false,true,true,true,false,false,false,1273,387,69,6,4,0,0,false,true,true,false
Kubernetes,guidance,Kubernetes---kb_736_Normalized.json,5,2,3,2,3,5,0,completed,,,0.005521,0.0079768,0.0070822,0.0005258,25708,12075,911,335.6,396,0,3,0,2,0,1,0,1,0.6,-1,false,false,false,false,false,false,false,false,false,true,false,false,false,false,false,false,false,false,true,false,false,false,false,false,false,false,false,false,false,false,false,false,false,false,false,true,false,true,true,true,false,false,false,132,42,8,4,0,0,0,false,true,true,false
Kubernetes,guidance,Kubernetes---kb_737_Normalized.json,5,2,3,2,3,5,0,completed,,,0.004235,0.0156806,0.0139276,0.0011304,24443,12075,772.8,276,308,0,3,0,2,0,1,0,1,0.6,-1,false,false,false,false,false,false,false,false,false,true,false,false,false,false,false,false,false,false,true,false,false,false,false,false,false,false,false,false,false,false,false,false,false,false,false,true,false,true,true,true,false,false,false,132,42,8,4,0,0,0,false,true,true,false
Kubernetes,guidance,Kubernetes---kb_738_Normalized.json,3,1,2,1,2,3,0,completed,,,0.039069,0.0009945,0.0008745,5.4e-05,179161,143086,240.5,68,74,0,2,0,1,0,1,0,1,0.666667,-1,true,false,false,false,false,false,false,false,false,true,false,false,false,true,false,false,false,false,true,false,false,false,false,false,false,false,false,false,false,false,false,true,false,false,false,true,false,true,true,true,false,false,false,1383,421,73,6,4,2,0,false,true,true,false
Kubernetes,guidance,Kubernetes---kb_739_Normalized.json,2,1,1,1,1,2,0,completed,,,0.037289,0.0021615,0.0019145,0.0001655,177817,143072,215.5,61.5,63,0,1,0,1,0,1,0,1,0.5,-1,true,false,false,false,false,false,false,false,false,true,false,false,false,true,false,false,false,false,true,false,false,false,false,false,false,false,false,false,false,false,false,true,false,false,false,true,false,true,true,true,false,false,false,1382,421,73,6,4,1,0,false,true,true,false
Kubernetes,guidance,Kubernetes---kb_740_Normalized.json,3,2,1,2,1,3,0,completed,,,0.053084,0.00372067,0.003264,0.000248333,184626,146958,344.667,105.667,127,0,1,0,2,0,1,0,1,0.333333,-1,true,false,false,false,false,false,false,false,false,true,false,false,false,true,false,false,false,false,true,false,false,false,false,false,false,false,false,false,false,false,false,true,false,false,false,true,false,true,true,true,false,false,false,1414,429,74,6,4,3,0,false,true,true,false
Kubernetes,guidance,Kubernetes---kb_741_Normalized.json,4,2,2,2,2,4,0,completed,,,0.047985,0.00291525,0.00256525,0.00020025,185991,146944,387,118.5,152,0,2,0,2,0,1,0,1,0.5,-1,true,false,false,false,false,false,false,false,false,true,false,false,false,true,false,false,false,false,true,false,false,false,false,false,false,false,false,false,false,false,false,true,false,false,false,true,false,true,true,true,false,false,false,1413,429,74,6,4,2,0,false,true,true,false
Kubernetes,guidance,Kubernetes---kb_742_Normalized.json,3,1,2,1,2,3,0,completed,,,0.035853,0.00363,0.00323,0.000254,176864,141459,195.667,61,66,0,2,0,1,0,1,0,1,0.666667,-1,true,false,false,false,false,false,false,false,false,true,false,false,false,false,false,false,false,false,true,false,false,false,false,false,false,false,false,false,false,false,false,true,false,false,false,true,false,true,true,true,false,false,false,1366,417,73,6,4,0,0,false,true,true,false
Kubernetes,guidance,Kubernetes---kb_743_Normalized.json,1,1,0,1,0,1,0,completed,,,0.041091,0.003514,0.003058,0.000235,174520,141459,188,58,58,0,0,0,1,0,1,0,1,0,-1,true,false,false,false,false,false,false,false,false,true,false,false,false,false,false,false,false,false,true,false,false,false,false,false,false,false,false,false,false,false,false,true,false,false,false,true,false,true,true,true,false,false,false,1366,417,73,6,4,0,0,false,true,true,false
Kubernetes,guidance,Kubernetes---kb_744_Normalized.json,2,1,1,1,1,2,0,completed,,,0.002774,0.002341,0.0021535,0.0001315,2059,441,91,22.5,23,1,1,0,0,0,0,0,1,1,0,false,false,false,false,false,false,false,false,false,false,false,false,false,false,false,false,false,false,true,false,false,false,false,false,false,false,false,false,false,false,false,false,false,false,false,true,false,false,true,true,false,false,false,10,2,1,5,0,0,0,false,false,false,false
Kubernetes,guidance,Kubernetes---kb_745_Normalized.json,3,1,2,1,2,3,0,completed,,,0.001992,0.00197,0.00181067,0.000111667,2789,441,88,22.3333,23,1,2,0,0,0,0,0,1,1,0,false,false,false,false,false,false,false,false,false,false,false,false,false,false,false,false,false,false,true,false,false,false,false,false,false,false,false,false,false,false,false,false,false,false,false,true,false,false,true,true,false,false,false,10,2,1,5,0,0,0,false,false,false,false
Kubernetes,guidance,Kubernetes---kb_746_Normalized.json,7,1,6,1,6,7,0,completed,,,0.002211,0.0011366,0.0008458,5.6e-05,9976,1644,196.4,62,79,0,6,0,1,0,1,0,1,0.857143,-1,false,false,false,false,false,false,false,false,false,false,false,false,false,false,false,false,false,false,true,false,false,false,false,false,false,false,false,false,false,false,false,false,false,false,false,true,false,false,true,true,false,false,false,24,5,1,5,0,0,0,false,false,false,false
Kubernetes,guidance,Kubernetes---kb_747_Normalized.json,7,2,5,2,5,7,0,completed,,,0.002527,0.00128471,0.000934857,6.25714e-05,8512,1644,229,71.8571,77,0,5,0,2,0,1,0,1,0.714286,-1,false,false,false,false,false,false,false,false,false,false,false,false,false,false,false,false,false,false,true,false,false,false,false,false,false,false,false,false,false,false,false,false,false,false,false,true,false,false,true,true,false,false,false,24,5,1,5,0,0,0,false,false,false,false
Kubernetes,guidance,Kubernetes---kb_748_Normalized.json,6,1,5,1,5,6,0,completed,,,0.002551,0.0013775,0.0009535,5.6e-05,8012,1750,237.5,75.5,80,0,5,0,1,0,1,0,1,0.833333,-1,false,false,false,false,false,false,false,false,false,false,false,false,false,false,false,false,false,false,true,false,false,false,false,false,false,false,false,false,false,false,false,false,false,false,false,true,false,false,true,true,false,false,false,24,5,1,5,0,0,0,false,false,false,false
Kubernetes,guidance,Kubernetes---kb_749_Normalized.json,6,2,4,2,4,6,0,completed,,,0.001975,0.000791,0.000726,4.2e-05,7907,1750,212,68,68,1,4,0,1,0,0.5,0,1,0.833333,-0.5,false,false,false,false,false,false,false,false,false,false,false,false,false,false,false,false,false,false,true,false,false,false,false,false,false,false,false,false,false,false,false,false,false,false,false,true,false,false,true,true,false,false,false,24,5,1,5,0,0,0,false,false,false,false
Kubernetes,guidance,Kubernetes---kb_750_Normalized.json,4,2,2,2,2,4,0,completed,,,0.004226,0.00407975,0.00357075,0.0002745,17521,7705,507.5,145.75,185,0,2,0,2,0,1,0,1,0.5,-1,false,false,false,false,false,false,false,false,false,true,false,false,false,false,false,false,false,false,true,false,false,false,false,false,false,false,false,false,false,false,false,false,false,false,false,true,false,true,true,true,false,false,false,95,18,11,5,0,0,0,false,true,true,false
Kubernetes,guidance,Kubernetes---kb_751_Normalized.json,2,2,0,2,0,2,0,completed,,,0.003579,0.003428,0.002946,0.0002215,13334,7705,585,168.5,170,0,0,0,2,0,1,0,1,0,-1,false,false,false,false,false,false,false,false,false,true,false,false,false,false,false,false,false,false,true,false,false,false,false,false,false,false,false,false,false,false,false,false,false,false,false,true,false,true,true,true,false,false,false,95,18,11,5,0,0,0,false,true,true,false
Kubernetes,guidance,Kubernetes---kb_752_Normalized.json,7,2,5,2,5,7,0,completed,,,0.001951,0.002138,0.00193557,0.000131429,5597,622,60.1429,23,26,2,5,0,0,0,0,0,1,1,0,false,false,false,false,false,false,false,false,false,false,false,false,false,false,false,false,false,false,false,false,false,false,false,false,false,false,false,false,false,false,false,false,false,false,false,true,false,false,true,true,false,false,false,10,3,1,4,0,0,0,false,false,false,false
Kubernetes,guidance,Kubernetes---kb_753_Normalized.json,4,2,2,2,2,4,0,completed,,,0.002149,0.002897,0.00260875,0.000208,2957,622,65.25,25,26,2,2,0,0,0,0,0,1,1,0,false,false,false,false,false,false,false,false,false,false,false,false,false,false,false,false,false,false,false,false,false,false,false,false,false,false,false,false,false,false,false,false,false,false,false,true,false,false,true,true,false,false,false,10,3,1,4,0,0,0,false,false,false,false
Kubernetes,guidance,Kubernetes---kb_754_Normalized.json,5,2,3,2,3,5,0,completed,,,0.001905,,0,0,2793,312,46,15,15,2,3,0,0,0,0,0,1,1,0,false,false,false,false,false,false,false,false,false,false,false,false,false,false,false,false,false,false,false,false,false,false,false,false,false,false,false,false,false,false,false,false,false,false,false,true,false,false,false,true,false,false,false,7,2,0,4,0,0,0,false,false,false,false
Kubernetes,guidance,Kubernetes---kb_755_Normalized.json,3,1,2,1,2,3,0,completed,,,0.002017,0.002613,0.00236567,0.000189667,2120,312,55.6667,18.6667,20,1,2,0,0,0,0,0,1,1,0,false,false,false,false,false,false,false,false,false,false,false,false,false,false,false,false,false,false,false,false,false,false,false,false,false,false,false,false,false,false,false,false,false,false,false,true,false,false,false,true,false,false,false,7,2,0,4,0,0,0,false,false,false,false
Kubernetes,guidance,Kubernetes---kb_756_Normalized.json,4,2,2,2,2,4,0,completed,,,0.002712,0.004342,0.00392,0.000267,6518,2378,172,51,51,2,2,0,0,0,0,0,1,1,0,false,false,false,false,false,false,false,false,false,true,false,false,false,false,false,false,false,false,true,false,false,false,false,false,false,false,false,false,false,false,false,false,false,false,false,true,false,true,true,true,false,false,false,33,7,4,5,0,0,0,false,false,false,false
Kubernetes,guidance,Kubernetes---kb_757_Normalized.json,6,2,4,2,4,6,0,completed,,,0.003018,,,,9467,2378,,,,2,4,0,0,0,0,0,1,1,0,false,false,false,false,false,false,false,false,false,true,false,false,false,false,false,false,false,false,true,false,false,false,false,false,false,false,false,false,false,false,false,false,false,false,false,true,false,true,true,true,false,false,false,33,7,4,5,0,0,0,false,false,false,false
Kubernetes,guidance,Kubernetes---kb_758_Normalized.json,10,2,8,2,8,10,0,completed,,,0.004058,0.00539533,0.00356875,0.00029575,29032,15645,365.25,97,103,0,8,0,2,0,1,0,1,0.8,-1,true,false,false,false,false,false,false,false,false,true,false,false,false,true,false,false,false,false,true,false,false,false,false,false,false,false,false,false,false,false,false,false,false,false,false,true,false,true,true,true,false,false,false,112,35,5,5,0,2,0,false,true,true,false
Kubernetes,guidance,Kubernetes---kb_759_Normalized.json,5,1,4,1,4,5,0,completed,,,0.00484,0.0059316,0.005359,0.0003672,24623,15759,413.8,106.4,130,0,4,0,1,0,1,0,1,0.8,-1,true,false,false,false,false,false,false,false,false,true,false,false,false,true,false,false,false,false,true,false,false,false,false,false,false,false,false,false,false,false,false,false,false,false,false,true,false,true,true,true,false,false,false,112,35,5,5,0,2,0,false,true,true,false
Kubernetes,guidance,Kubernetes---kb_75_Normalized.json,4,2,2,2,2,4,0,completed,,,0.000942,,,,5024,1462,,,,0,2,0,2,0,1,0,1,0.5,-1,false,false,false,false,false,false,false,false,false,true,false,false,false,false,false,false,false,false,true,false,false,false,false,false,false,false,false,false,false,false,false,false,false,false,false,true,false,true,true,true,false,false,false,24,6,1,4,0,0,0,false,false,false,false
Kubernetes,guidance,Kubernetes---kb_760_Normalized.json,9,2,7,2,7,9,0,completed,,,0.004695,0.0139266,0.0126337,0.000856222,39568,15757,998.444,324.222,420,0,7,0,2,0,1,0,1,0.777778,-1,true,false,false,false,false,false,false,false,false,true,false,false,false,true,false,false,false,false,true,false,false,false,false,false,false,false,false,false,false,false,false,false,false,false,false,true,false,true,true,true,false,false,false,112,35,5,5,0,2,0,false,true,true,false
Kubernetes,guidance,Kubernetes---kb_761_Normalized.json,9,2,7,2,7,9,0,completed,,,0.004961,0.0028535,0.00257175,0.000153625,35334,15720,797.125,239.625,358,0,7,0,2,0,1,0,1,0.777778,-1,true,false,false,false,false,false,false,false,false,true,false,false,false,true,false,false,false,false,true,false,false,false,false,false,false,false,false,false,false,false,false,false,false,false,false,true,false,true,true,true,false,false,false,111,35,5,5,0,1,0,false,true,true,false
Kubernetes,guidance,Kubernetes---kb_762_Normalized.json,7,2,5,2,5,7,0,completed,,,0.003086,0.0042805,0.00322671,0.000246571,38795,19542,1077.29,331.571,467,0,5,0,2,0,1,0,1,0.714286,-1,true,false,false,false,false,false,false,false,false,true,false,false,false,true,false,false,false,false,true,false,false,false,false,false,false,false,false,false,false,false,false,false,false,false,false,true,false,true,true,true,false,false,false,143,43,6,6,0,3,0,false,true,true,false
Kubernetes,guidance,Kubernetes---kb_763_Normalized.json,6,2,4,2,4,6,0,completed,,,0.0044,0.00300283,0.002673,0.000168333,36581,19674,1146.33,347.167,479,0,4,0,2,0,1,0,1,0.666667,-1,true,false,false,false,false,false,false,false,false,true,false,false,false,true,false,false,false,false,true,false,false,false,false,false,false,false,false,false,false,false,false,false,false,false,false,true,false,true,true,true,false,false,false,143,43,6,6,0,3,0,false,true,true,false
Kubernetes,guidance,Kubernetes---kb_764_Normalized.json,6,2,4,2,4,6,0,completed,,,0.006536,0.00462617,0.0041495,0.000258333,36587,19669,1036.17,318.5,357,0,4,0,2,0,1,0,1,0.666667,-1,true,false,false,false,false,false,false,false,false,true,false,false,false,true,false,false,false,false,true,false,false,false,false,false,false,false,false,false,false,false,false,false,false,false,false,true,false,true,true,true,false,false,false,143,43,6,6,0,3,0,false,true,true,false
Kubernetes,guidance,Kubernetes---kb_765_Normalized.json,6,2,4,2,4,6,0,completed,,,0.005782,0.005972,0.005487,0.000266,36825,19632,1156,365,365,0,4,0,2,0,1,0,1,0.666667,-1,true,false,false,false,false,false,false,false,false,true,false,false,false,true,false,false,false,false,true,false,false,false,false,false,false,false,false,false,false,false,false,false,false,false,false,true,false,true,true,true,false,false,false,142,43,6,6,0,2,0,false,true,true,false
Kubernetes,guidance,Kubernetes---kb_766_Normalized.json,2,2,0,2,0,2,0,completed,,,,,,,28070,21943,,,,0,0,0,2,0,1,0,1,0,-1,true,false,false,false,false,false,false,false,false,true,false,false,false,true,false,false,false,false,true,false,false,false,false,false,false,false,false,false,false,false,false,false,false,false,false,true,false,true,true,true,false,false,false,172,48,6,6,0,2,0,false,true,true,false
Kubernetes,guidance,Kubernetes---kb_767_Normalized.json,3,2,1,2,1,3,0,completed,,,0.006202,0.00799,0.007181,0.000476667,30478,21894,549.333,155,165,0,1,0,2,0,1,0,1,0.333333,-1,true,false,false,false,false,false,false,false,false,true,false,false,false,true,false,false,false,false,true,false,false,false,false,false,false,false,false,false,false,false,false,false,false,false,false,true,false,true,true,true,false,false,false,171,48,6,6,0,1,0,false,true,true,false
Kubernetes,guidance,Kubernetes---kb_768_Normalized.json,5,2,3,2,3,5,0,completed,,,0.002261,0.0060844,0.005592,0.0003492,4685,1222,156.8,47.8,51,2,3,0,0,0,0,0,1,1,0,false,false,false,false,false,false,false,false,false,true,false,false,false,false,false,false,false,false,false,false,false,false,false,false,false,false,false,false,false,false,false,false,false,false,false,true,false,true,false,true,false,false,false,17,5,0,4,0,0,0,false,false,false,false
Kubernetes,guidance,Kubernetes---kb_769_Normalized.json,2,1,1,1,1,2,0,completed,,,0.002208,0.005557,0.005045,0.0003855,3032,1222,170,49,51,1,1,0,0,0,0,0,1,1,0,false,false,false,false,false,false,false,false,false,true,false,false,false,false,false,false,false,false,false,false,false,false,false,false,false,false,false,false,false,false,false,false,false,false,false,true,false,true,false,true,false,false,false,17,5,0,4,0,0,0,false,false,false,false
Kubernetes,guidance,Kubernetes---kb_76_Normalized.json,3,2,1,2,1,3,0,completed,,,0.00078,,,,4106,1462,,,,0,1,0,2,0,1,0,1,0.333333,-1,false,false,false,false,false,false,false,false,false,true,false,false,false,false,false,false,false,false,true,false,false,false,false,false,false,false,false,false,false,false,false,false,false,false,false,true,false,true,true,true,false,false,false,24,6,1,4,0,0,0,false,false,false,false
Kubernetes,guidance,Kubernetes---kb_770_Normalized.json,4,1,3,1,3,4,0,completed,,,0.007044,0.007283,0.003238,0.000208,38532,25993,474,132,143,0,3,0,1,0,1,0,1,0.75,-1,true,false,false,false,false,false,false,false,false,true,false,false,false,true,false,false,false,false,true,false,false,false,false,false,false,false,false,false,false,false,false,false,false,false,false,true,false,true,true,true,false,false,false,203,56,7,6,0,3,0,false,true,true,false
Kubernetes,guidance,Kubernetes---kb_771_Normalized.json,5,2,3,2,3,5,0,completed,,,0.005427,,0,0,39374,25944,542,159,159,0,3,0,2,0,1,0,1,0.6,-1,true,false,false,false,false,false,false,false,false,true,false,false,false,true,false,false,false,false,true,false,false,false,false,false,false,false,false,false,false,false,false,false,false,false,false,true,false,true,true,true,false,false,false,202,56,7,6,0,2,0,false,true,true,false
Kubernetes,guidance,Kubernetes---kb_772_Normalized.json,2,1,1,1,1,2,0,completed,,,,,,,1455,309,,,,1,1,0,0,0,0,0,1,1,0,false,false,false,false,false,false,false,false,false,false,false,false,false,false,false,false,false,false,false,false,false,false,false,false,false,false,false,false,false,false,false,false,false,false,false,true,false,false,true,true,false,false,false,6,1,1,4,0,0,0,false,false,false,false
Kubernetes,guidance,Kubernetes---kb_773_Normalized.json,2,1,1,1,1,2,0,completed,,,0.001245,0.0011655,0.00108,5.55e-05,1455,309,19,7,8,1,1,0,0,0,0,0,1,1,0,false,false,false,false,false,false,false,false,false,false,false,false,false,false,false,false,false,false,false,false,false,false,false,false,false,false,false,false,false,false,false,false,false,false,false,true,false,false,true,true,false,false,false,6,1,1,4,0,0,0,false,false,false,false
Kubernetes,guidance,Kubernetes---kb_774_Normalized.json,3,2,1,2,1,3,0,completed,,,0.002437,0.00404867,0.00356067,0.000378,8837,5126,172.333,55.3333,58,2,1,0,0,0,0,0,1,1,0,false,false,false,false,false,false,false,false,false,true,false,false,false,false,false,false,false,false,false,false,false,false,false,false,false,false,false,false,false,false,false,false,false,false,false,true,false,true,true,true,false,false,false,45,9,2,5,0,0,0,false,false,false,false
Kubernetes,guidance,Kubernetes---kb_775_Normalized.json,3,2,1,2,1,3,0,completed,,,0.002922,0.00512033,0.00450133,0.000479,8726,5126,164.333,54,54,2,1,0,0,0,0,0,1,1,0,false,false,false,false,false,false,false,false,false,true,false,false,false,false,false,false,false,false,false,false,false,false,false,false,false,false,false,false,false,false,false,false,false,false,false,true,false,true,true,true,false,false,false,45,9,2,5,0,0,0,false,false,false,false
Kubernetes,guidance,Kubernetes---kb_776_Normalized.json,3,2,1,2,1,3,0,completed,,,0.002721,0.007912,0.007247,0.000485333,4559,1790,182.333,53.6667,103,2,1,0,0,0,0,0,1,1,0,false,false,false,false,false,false,false,false,false,true,false,false,false,false,false,false,false,false,true,false,false,false,false,false,false,false,false,false,false,false,false,false,false,false,false,true,false,true,false,true,false,false,false,26,6,0,4,0,0,0,false,false,false,false
Kubernetes,guidance,Kubernetes---kb_777_Normalized.json,5,2,3,2,3,5,0,completed,,,0.002567,,,,6972,1790,,,,2,3,0,0,0,0,0,1,1,0,false,false,false,false,false,false,false,false,false,true,false,false,false,false,false,false,false,false,true,false,false,false,false,false,false,false,false,false,false,false,false,false,false,false,false,true,false,true,false,true,false,false,false,26,6,0,4,0,0,0,false,false,false,false
Kubernetes,guidance,Kubernetes---kb_778_Normalized.json,3,2,1,2,1,3,0,completed,,,0.004583,0.00627267,0.00560467,0.000522333,9246,4799,184,60,65,2,1,0,0,0,0,0,1,1,0,false,false,false,false,false,false,false,false,false,true,false,false,false,false,false,false,false,false,true,false,false,false,false,false,false,false,false,false,false,false,false,true,false,false,false,true,false,true,true,true,false,false,false,67,18,4,5,2,0,0,false,false,true,false
Kubernetes,guidance,Kubernetes---kb_779_Normalized.json,4,2,2,2,2,4,0,completed,,,0.004583,0.0054265,0.00486625,0.00042175,9262,4799,177.75,58.5,59,2,2,0,0,0,0,0,1,1,0,false,false,false,false,false,false,false,false,false,true,false,false,false,false,false,false,false,false,true,false,false,false,false,false,false,false,false,false,false,false,false,true,false,false,false,true,false,true,true,true,false,false,false,67,18,4,5,2,0,0,false,false,true,false
Kubernetes,guidance,Kubernetes---kb_77_Normalized.json,4,1,3,1,3,4,0,completed,,,0.00277,0.002627,0.0023295,0.000177,5393,1713,140.5,51.5,53,0,3,0,1,0,1,0,1,0.75,-1,false,false,false,false,false,false,false,false,false,true,false,false,false,false,false,false,false,false,false,false,false,false,false,false,false,false,false,false,false,false,false,false,false,false,false,true,false,true,true,true,false,false,false,20,6,1,4,0,0,0,false,false,false,false
Kubernetes,guidance,Kubernetes---kb_780_Normalized.json,6,2,4,2,4,6,0,completed,,,0.006244,0.010766,0.0062915,0.000583,27197,10137,597.5,190.333,235,0,4,0,2,0,1,0,1,0.666667,-1,false,false,false,false,false,false,false,false,false,true,false,false,false,false,false,false,false,false,true,false,false,false,false,false,false,false,false,false,false,false,false,true,false,false,false,true,false,true,true,true,false,false,false,108,28,7,5,2,0,0,false,true,true,false
Kubernetes,guidance,Kubernetes---kb_781_Normalized.json,4,2,2,2,2,4,0,completed,,,0.004045,,,,21102,10137,,,,0,2,0,2,0,1,0,1,0.5,-1,false,false,false,false,false,false,false,false,false,true,false,false,false,false,false,false,false,false,true,false,false,false,false,false,false,false,false,false,false,false,false,true,false,false,false,true,false,true,true,true,false,false,false,108,28,7,5,2,0,0,false,true,true,false
Kubernetes,guidance,Kubernetes---kb_784_Normalized.json,3,2,1,2,1,3,0,completed,,,0.002497,0.00263633,0.00239933,0.000181333,3892,1520,54.3333,21,21,2,1,0,0,0,0,0,1,1,0,false,false,false,false,false,false,false,false,false,false,false,false,false,false,false,false,false,false,false,false,false,false,false,false,false,false,false,false,false,false,false,false,false,false,false,true,false,false,false,true,false,false,false,12,3,0,4,0,0,0,false,false,false,false
Kubernetes,guidance,Kubernetes---kb_785_Normalized.json,4,2,2,2,2,4,0,completed,,,0.001965,0.001937,0.001742,0.000148,5292,1520,56.5,21,21,2,2,0,0,0,0,0,1,1,0,false,false,false,false,false,false,false,false,false,false,false,false,false,false,false,false,false,false,false,false,false,false,false,false,false,false,false,false,false,false,false,false,false,false,false,true,false,false,false,true,false,false,false,12,3,0,4,0,0,0,false,false,false,false
Kubernetes,guidance,Kubernetes---kb_786_Normalized.json,6,2,4,2,4,6,0,completed,,,0.002469,0.0011304,0.000725667,4.15e-05,5381,1156,142.667,48.6667,50,0,4,0,2,0,1,0,1,0.666667,-1,false,false,false,false,false,false,false,false,false,false,false,false,false,false,false,false,false,false,false,false,false,false,false,false,false,false,false,false,false,false,false,false,false,false,false,true,false,false,true,true,false,false,false,16,6,2,4,0,0,0,false,false,false,false
Kubernetes,guidance,Kubernetes---kb_787_Normalized.json,6,2,4,2,4,6,0,completed,,,0.001889,0.000961,0.000735167,4.18333e-05,5422,1156,142.167,48.6667,50,0,4,0,2,0,1,0,1,0.666667,-1,false,false,false,false,false,false,false,false,false,false,false,false,false,false,false,false,false,false,false,false,false,false,false,false,false,false,false,false,false,false,false,false,false,false,false,true,false,false,true,true,false,false,false,16,6,2,4,0,0,0,false,false,false,false
Kubernetes,guidance,Kubernetes---kb_78_Normalized.json,6,2,4,2,4,6,0,completed,,,0.002488,0.0027745,0.00246733,0.0002025,6418,1713,134,44.1667,53,1,4,0,1,0,0.5,0,1,0.833333,-0.5,false,false,false,false,false,false,false,false,false,true,false,false,false,false,false,false,false,false,false,false,false,false,false,false,false,false,false,false,false,false,false,false,false,false,false,true,false,true,true,true,false,false,false,20,6,1,4,0,0,0,false,false,false,false
Kubernetes,guidance,Kubernetes---kb_790_Normalized.json,7,2,5,2,5,7,0,completed,,,0.002693,0.00651357,0.005987,0.000349571,10177,2434,262.571,101.571,111,2,5,0,0,0,0,0,1,1,0,false,false,false,false,false,false,false,false,false,true,false,false,false,false,false,false,false,false,true,false,false,false,false,false,false,false,false,false,false,false,false,false,false,false,false,true,false,true,true,true,false,false,false,30,10,2,5,0,0,0,false,false,true,false
Kubernetes,guidance,Kubernetes---kb_791_Normalized.json,6,2,4,2,4,6,0,completed,,,0.002189,0.00714383,0.0065195,0.000412,8901,2434,255.667,106.167,111,2,4,0,0,0,0,0,1,1,0,false,false,false,false,false,false,false,false,false,true,false,false,false,false,false,false,false,false,true,false,false,false,false,false,false,false,false,false,false,false,false,false,false,false,false,true,false,true,true,true,false,false,false,30,10,2,5,0,0,0,false,false,true,false
Kubernetes,guidance,Kubernetes---kb_792_Normalized.json,6,2,4,2,4,6,0,completed,,,0.002966,0.007937,0.0058058,0.0003612,8641,2378,225.4,90.4,97,2,4,0,0,0,0,0,1,1,0,false,false,false,false,false,false,false,false,false,true,false,false,false,false,false,false,false,false,true,false,false,false,false,false,false,false,false,false,false,false,false,false,false,false,false,true,false,true,true,true,false,false,false,28,9,2,5,0,0,0,false,false,false,false
Kubernetes,guidance,Kubernetes---kb_793_Normalized.json,6,2,4,2,4,6,0,completed,,,0.002498,0.00595533,0.00540733,0.000374333,8873,2378,222.167,89.6667,97,2,4,0,0,0,0,0,1,1,0,false,false,false,false,false,false,false,false,false,true,false,false,false,false,false,false,false,false,true,false,false,false,false,false,false,false,false,false,false,false,false,false,false,false,false,true,false,true,true,true,false,false,false,28,9,2,5,0,0,0,false,false,false,false
Kubernetes,guidance,Kubernetes---kb_794_Normalized.json,4,2,2,2,2,4,0,completed,,,0.053785,0.00133425,0.0010865,8.275e-05,186851,147551,336.75,100.25,101,0,2,0,2,0,1,0,1,0.5,-1,true,false,false,false,false,false,false,false,false,true,false,false,false,true,false,false,false,false,true,false,false,false,false,false,false,false,false,false,false,false,false,true,false,false,false,true,false,true,true,true,false,false,false,1438,437,77,6,4,2,0,false,true,true,false
Kubernetes,guidance,Kubernetes---kb_797_Normalized.json,3,2,1,2,1,3,0,completed,,,0.026748,0.001587,0.001224,0.000119,184859,147532,336,102,102,0,1,0,2,0,1,0,1,0.333333,-1,true,false,false,false,false,false,false,false,false,true,false,false,false,true,false,false,false,false,true,false,false,false,false,false,false,false,false,false,false,false,false,true,false,false,false,true,false,true,true,true,false,false,false,1437,437,77,6,4,1,0,false,true,true,false
Kubernetes,guidance,Kubernetes---kb_798_Normalized.json,4,2,2,2,2,4,0,completed,,,0.002291,0.00397775,0.003669,0.00019225,3847,1133,143.25,49.5,61,2,2,0,0,0,0,0,1,1,0,false,false,false,false,false,false,false,false,false,true,false,false,false,false,false,false,false,false,false,false,false,false,false,false,false,false,false,false,false,false,false,false,false,false,false,true,false,true,true,true,false,false,false,18,5,2,4,0,0,0,false,false,false,false
Kubernetes,guidance,Kubernetes---kb_799_Normalized.json,5,2,3,2,3,5,0,completed,,,0.001854,0.0045098,0.0040852,0.0002826,4616,1133,156.8,53.6,58,2,3,0,0,0,0,0,1,1,0,false,false,false,false,false,false,false,false,false,true,false,false,false,false,false,false,false,false,false,false,false,false,false,false,false,false,false,false,false,false,false,false,false,false,false,true,false,true,true,true,false,false,false,18,5,2,4,0,0,0,false,false,false,false
Kubernetes,guidance,Kubernetes---kb_79_Normalized.json,5,2,3,2,3,5,0,completed,,,0.00233,0.002538,0.0022924,0.0001626,5343,1657,101.4,34,36,2,3,0,0,0,0,0,1,1,0,false,false,false,false,false,false,false,false,false,true,false,false,false,false,false,false,false,false,false,false,false,false,false,false,false,false,false,false,false,false,false,false,false,false,false,true,false,true,true,true,false,false,false,18,5,1,4,0,0,0,false,false,false,false
Kubernetes,guidance,Kubernetes---kb_7_Normalized.json,3,1,2,1,2,3,0,completed,,,0.002151,0.00096,0.000888,4.43333e-05,1792,247,18,7,8,1,2,0,0,0,0,0,1,1,0,false,false,false,false,false,false,false,false,false,false,false,false,false,false,false,false,false,false,false,false,false,false,false,false,false,false,false,false,false,false,false,false,false,false,false,true,false,false,true,true,false,false,false,6,1,1,4,0,0,0,false,false,false,false
Kubernetes,guidance,Kubernetes---kb_800_Normalized.json,5,2,3,2,3,5,0,completed,,,0.001414,0.0029506,0.0027164,0.0001368,4649,1133,153,52.4,54,2,3,0,0,0,0,0,1,1,0,false,false,false,false,false,false,false,false,false,true,false,false,false,false,false,false,false,false,false,false,false,false,false,false,false,false,false,false,false,false,false,false,false,false,false,true,false,true,true,true,false,false,false,18,5,2,4,0,0,0,false,false,false,false
Kubernetes,guidance,Kubernetes---kb_801_Normalized.json,4,2,2,2,2,4,0,completed,,,0.001328,0.002601,0.0024095,0.000112,3944,1133,159,53,54,2,2,0,0,0,0,0,1,1,0,false,false,false,false,false,false,false,false,false,true,false,false,false,false,false,false,false,false,false,false,false,false,false,false,false,false,false,false,false,false,false,false,false,false,false,true,false,true,true,true,false,false,false,18,5,2,4,0,0,0,false,false,false,false
Kubernetes,guidance,Kubernetes---kb_806_Normalized.json,4,2,2,2,2,4,0,completed,,,0.025974,0.00247375,0.00217325,0.000171,179885,143114,229.25,72.25,82,0,2,0,2,0,1,0,1,0.5,-1,true,false,false,false,false,false,false,false,false,true,false,false,false,false,false,false,false,false,true,false,false,false,false,false,false,false,false,false,false,false,false,true,false,false,false,true,false,true,true,true,false,false,false,1380,421,74,6,4,0,0,false,true,true,false
Kubernetes,guidance,Kubernetes---kb_807_Normalized.json,4,2,2,2,2,4,0,completed,,,0.030402,0.00247325,0.0021725,0.00016675,179763,143114,217.25,68.75,69,0,2,0,2,0,1,0,1,0.5,-1,true,false,false,false,false,false,false,false,false,true,false,false,false,false,false,false,false,false,true,false,false,false,false,false,false,false,false,false,false,false,false,true,false,false,false,true,false,true,true,true,false,false,false,1380,421,74,6,4,0,0,false,true,true,false
Kubernetes,guidance,Kubernetes---kb_808_Normalized.json,2,2,0,2,0,2,0,completed,,,0.028191,0.00125,0.001023,3.95e-05,177653,143134,316,97.5,103,0,0,0,2,0,1,0,1,0,-1,true,false,false,false,false,false,false,false,false,true,false,false,false,false,false,false,false,false,true,false,false,false,false,false,false,false,false,false,false,false,false,true,false,false,false,true,false,true,true,true,false,false,false,1379,421,73,6,4,0,0,false,true,true,false
Kubernetes,guidance,Kubernetes---kb_809_Normalized.json,5,2,3,2,3,5,0,completed,,,0.026632,0.0019966,0.001759,0.0001312,180885,143114,210,64.8,69,0,3,0,2,0,1,0,1,0.6,-1,true,false,false,false,false,false,false,false,false,true,false,false,false,false,false,false,false,false,true,false,false,false,false,false,false,false,false,false,false,false,false,true,false,false,false,true,false,true,true,true,false,false,false,1380,421,74,6,4,0,0,false,true,true,false
Kubernetes,guidance,Kubernetes---kb_80_Normalized.json,8,2,6,2,6,8,0,completed,,,0.001799,0.001203,0.00106975,6.8e-05,8099,1657,121.25,46.25,48,0,6,0,2,0,1,0,1,0.75,-1,false,false,false,false,false,false,false,false,false,true,false,false,false,false,false,false,false,false,false,false,false,false,false,false,false,false,false,false,false,false,false,false,false,false,false,true,false,true,true,true,false,false,false,18,5,1,4,0,0,0,false,false,false,false
Kubernetes,guidance,Kubernetes---kb_810_Normalized.json,8,2,6,2,6,8,0,completed,,,0.001796,0.00602237,0.00540462,0.000355625,15141,2570,516.75,164.75,206,2,6,0,0,0,0,0,1,1,0,false,false,false,false,false,false,false,false,false,true,false,false,false,false,false,false,false,false,true,false,false,false,false,false,false,false,false,false,false,false,false,false,false,false,false,true,false,true,true,true,false,false,false,43,11,3,4,0,0,0,false,false,true,false
Kubernetes,guidance,Kubernetes---kb_813_Normalized.json,7,2,5,2,5,7,0,completed,,,0.001951,0.006411,0.00578971,0.000389571,12842,2570,422.857,133.143,157,2,5,0,0,0,0,0,1,1,0,false,false,false,false,false,false,false,false,false,true,false,false,false,false,false,false,false,false,true,false,false,false,false,false,false,false,false,false,false,false,false,false,false,false,false,true,false,true,true,true,false,false,false,43,11,3,4,0,0,0,false,false,true,false
Kubernetes,guidance,Kubernetes---kb_814_Normalized.json,1,1,0,1,0,1,0,completed,,,0.028468,0.005043,0.004411,0.000402,182832,147844,301,90,90,0,0,0,1,0,1,0,1,0,-1,true,false,false,false,false,false,false,false,false,true,false,false,false,true,false,false,false,false,true,false,false,false,false,false,false,false,false,false,false,false,false,true,false,false,false,true,false,true,true,true,false,false,false,1439,437,76,6,4,2,0,false,true,true,false
Kubernetes,guidance,Kubernetes---kb_815_Normalized.json,2,2,0,2,0,2,0,completed,,,0.029824,0.004181,0.003662,0.0002975,183685,147830,318,94,104,0,0,0,2,0,1,0,1,0,-1,true,false,false,false,false,false,false,false,false,true,false,false,false,true,false,false,false,false,true,false,false,false,false,false,false,false,false,false,false,false,false,true,false,false,false,true,false,true,true,true,false,false,false,1438,437,76,6,4,1,0,false,true,true,false
Kubernetes,guidance,Kubernetes---kb_816_Normalized.json,4,2,2,2,2,4,0,completed,,,0.002214,0.0045075,0.004145,0.0002375,4035,1166,164,50,52,2,2,0,0,0,0,0,1,1,0,false,false,false,false,false,false,false,false,false,true,false,false,false,false,false,false,false,false,false,false,false,false,false,false,false,false,false,false,false,false,false,false,false,false,false,true,false,true,true,true,false,false,false,18,5,2,4,0,0,0,false,false,false,false
Kubernetes,guidance,Kubernetes---kb_817_Normalized.json,3,1,2,1,2,3,0,completed,,,,,,,3693,1166,,,,1,2,0,0,0,0,0,1,1,0,false,false,false,false,false,false,false,false,false,true,false,false,false,false,false,false,false,false,false,false,false,false,false,false,false,false,false,false,false,false,false,false,false,false,false,true,false,true,true,true,false,false,false,18,5,2,4,0,0,0,false,false,false,false
Kubernetes,guidance,Kubernetes---kb_818_Normalized.json,1,1,0,1,0,1,0,completed,,,0.033165,0.008238,0.007183,0.000728,187937,151885,436,126,126,0,0,0,1,0,1,0,1,0,-1,true,false,false,false,false,false,false,false,false,true,false,false,false,true,false,false,false,false,true,false,false,false,false,false,false,false,false,false,false,false,false,true,false,false,false,true,false,true,true,true,false,false,false,1470,445,77,6,4,3,0,false,true,true,false
Kubernetes,guidance,Kubernetes---kb_81_Normalized.json,2,1,1,1,1,2,0,completed,,,0.002639,0.0016635,0.0014435,0.0001925,1789,399,25,8,8,1,1,0,0,0,0,0,1,1,0,false,false,false,false,false,false,false,false,false,false,false,false,false,false,false,false,false,false,false,false,false,false,false,false,false,false,false,false,false,false,false,false,false,false,false,true,false,false,false,true,false,false,false,6,1,0,4,0,0,0,false,false,false,false
Kubernetes,guidance,Kubernetes---kb_820_Normalized.json,2,2,0,2,0,2,0,completed,,,0.034727,0.004156,0.003689,0.00023,177142,143197,171.5,53,59,0,0,0,2,0,1,0,1,0,-1,true,false,false,false,false,false,false,false,false,true,false,false,false,false,false,false,false,false,true,false,false,false,false,false,false,false,false,false,false,false,false,true,false,false,false,true,false,true,true,true,false,false,false,1381,421,73,6,4,0,0,false,true,true,false
Kubernetes,guidance,Kubernetes---kb_821_Normalized.json,2,2,0,2,0,2,0,completed,,,0.046379,0.0040145,0.003578,0.000212,177142,143197,171.5,53,59,0,0,0,2,0,1,0,1,0,-1,true,false,false,false,false,false,false,false,false,true,false,false,false,false,false,false,false,false,true,false,false,false,false,false,false,false,false,false,false,false,false,true,false,false,false,true,false,true,true,true,false,false,false,1381,421,73,6,4,0,0,false,true,true,false
Kubernetes,guidance,Kubernetes---kb_822_Normalized.json,5,2,3,2,3,5,0,completed,,,0.003664,0.0103154,0.009259,0.0007352,10111,2704,419.2,134.6,204,2,3,0,0,0,0,0,1,1,0,false,false,false,false,false,false,false,false,false,true,false,false,false,false,false,false,false,false,true,false,false,false,false,false,false,false,false,false,false,false,false,false,false,false,false,true,false,true,true,true,false,false,false,43,11,3,4,0,0,0,false,false,true,false
Kubernetes,guidance,Kubernetes---kb_823_Normalized.json,6,2,4,2,4,6,0,completed,,,0.002801,0.0086445,0.0062656,0.0004726,12283,2704,474.6,147.4,154,2,4,0,0,0,0,0,1,1,0,false,false,false,false,false,false,false,false,false,true,false,false,false,false,false,false,false,false,true,false,false,false,false,false,false,false,false,false,false,false,false,false,false,false,false,true,false,true,true,true,false,false,false,43,11,3,4,0,0,0,false,false,true,false
Kubernetes,guidance,Kubernetes---kb_824_Normalized.json,2,1,1,1,1,2,0,completed,,,,,,,3217,1372,,,,0,1,0,1,0,1,0,1,0.5,-1,false,false,false,false,false,false,false,false,false,false,false,false,false,false,false,false,false,false,false,false,false,false,false,false,false,false,false,false,false,false,false,false,false,false,false,true,false,false,false,true,false,false,false,17,7,0,4,0,0,0,false,false,false,false
Kubernetes,guidance,Kubernetes---kb_825_Normalized.json,2,1,1,1,1,2,0,completed,,,0.002324,0.0017,0.001375,8.5e-05,3201,1372,142.5,45,45,0,1,0,1,0,1,0,1,0.5,-1,false,false,false,false,false,false,false,false,false,false,false,false,false,false,false,false,false,false,false,false,false,false,false,false,false,false,false,false,false,false,false,false,false,false,false,true,false,false,false,true,false,false,false,17,7,0,4,0,0,0,false,false,false,false
Kubernetes,guidance,Kubernetes---kb_826_Normalized.json,2,1,1,1,1,2,0,completed,,,0.001803,,,,3201,1372,,,,0,1,0,1,0,1,0,1,0.5,-1,false,false,false,false,false,false,false,false,false,false,false,false,false,false,false,false,false,false,false,false,false,false,false,false,false,false,false,false,false,false,false,false,false,false,false,true,false,false,false,true,false,false,false,17,7,0,4,0,0,0,false,false,false,false
Kubernetes,guidance,Kubernetes---kb_827_Normalized.json,5,2,3,2,3,5,0,completed,,,0.001337,0.00084475,0.000551,3.2e-05,3613,758,66.6,20.4,22,0,3,0,2,0,1,0,1,0.6,-1,false,false,false,false,false,false,false,false,false,true,false,false,false,false,false,false,false,false,false,false,false,false,false,false,false,false,false,false,false,false,false,true,false,false,false,true,false,true,true,true,false,false,false,14,3,1,4,2,0,0,false,false,false,false
Kubernetes,guidance,Kubernetes---kb_828_Normalized.json,3,1,2,1,2,3,0,completed,,,0.001965,0.00123767,0.00105133,5.36667e-05,2950,758,69.6667,22,24,0,2,0,1,0,1,0,1,0.666667,-1,false,false,false,false,false,false,false,false,false,true,false,false,false,false,false,false,false,false,false,false,false,false,false,false,false,false,false,false,false,false,false,true,false,false,false,true,false,true,true,true,false,false,false,14,3,1,4,2,0,0,false,false,false,false
Kubernetes,guidance,Kubernetes---kb_829_Normalized.json,3,1,2,1,2,3,0,completed,,,0.001473,0.00252833,0.00226133,0.000200667,3696,1444,79.3333,24.3333,26,1,2,0,0,0,0,0,1,1,0,false,false,false,false,false,false,false,false,false,true,false,false,false,false,false,false,false,false,false,false,false,false,false,false,false,false,false,false,false,false,false,true,false,false,false,true,false,true,true,true,false,false,false,15,3,1,4,2,0,0,false,false,false,false
Kubernetes,guidance,Kubernetes---kb_82_Normalized.json,2,1,1,1,1,2,0,completed,,,0.001656,0.001418,0.001246,0.000141,1789,399,25,8,8,1,1,0,0,0,0,0,1,1,0,false,false,false,false,false,false,false,false,false,false,false,false,false,false,false,false,false,false,false,false,false,false,false,false,false,false,false,false,false,false,false,false,false,false,false,true,false,false,false,true,false,false,false,6,1,0,4,0,0,0,false,false,false,false
Kubernetes,guidance,Kubernetes---kb_830_Normalized.json,2,1,1,1,1,2,0,completed,,,0.002013,0.002527,0.0023285,0.0001285,4020,2178,70.5,22.5,24,1,1,0,0,0,0,0,1,1,0,false,false,false,false,false,false,false,false,false,true,false,false,false,false,false,false,false,false,false,false,false,false,false,false,false,false,false,false,false,false,false,true,false,false,false,true,false,true,true,true,false,false,false,25,6,3,4,2,0,0,false,false,false,false
Kubernetes,guidance,Kubernetes---kb_831_Normalized.json,2,1,1,1,1,2,0,completed,,,0.002226,0.002938,0.002649,0.000201,4056,2178,83.5,26.5,29,1,1,0,0,0,0,0,1,1,0,false,false,false,false,false,false,false,false,false,true,false,false,false,false,false,false,false,false,false,false,false,false,false,false,false,false,false,false,false,false,false,true,false,false,false,true,false,true,true,true,false,false,false,25,6,3,4,2,0,0,false,false,false,false
Kubernetes,guidance,Kubernetes---kb_832_Normalized.json,3,1,2,1,2,3,0,completed,,,0.002357,0.00117367,0.001085,5.36667e-05,3803,1538,78.3333,24,26,1,2,0,0,0,0,0,1,1,0,false,false,false,false,false,false,false,false,false,true,false,false,false,false,false,false,false,false,false,false,false,false,false,false,false,false,false,false,false,false,false,true,false,false,false,true,false,true,true,true,false,false,false,15,3,2,4,2,0,0,false,false,false,false
Kubernetes,guidance,Kubernetes---kb_833_Normalized.json,4,2,2,2,2,4,0,completed,,,0.002568,0.003201,0.00215575,0.00018475,4640,1854,94,31,32,2,2,0,0,0,0,0,1,1,0,false,false,false,false,false,false,false,false,false,true,false,false,false,false,false,false,false,false,false,false,false,false,false,false,false,false,false,false,false,false,false,true,false,false,false,true,false,true,true,true,false,false,false,22,5,2,4,2,0,0,false,false,false,false
Kubernetes,guidance,Kubernetes---kb_834_Normalized.json,4,2,2,2,2,4,0,completed,,,0.002588,0.00543,0.00324467,0.000288667,4938,1854,95.6667,31.6667,32,2,2,0,0,0,0,0,1,1,0,false,false,false,false,false,false,false,false,false,true,false,false,false,false,false,false,false,false,false,false,false,false,false,false,false,false,false,false,false,false,false,true,false,false,false,true,false,true,true,true,false,false,false,22,5,2,4,2,0,0,false,false,false,false
Kubernetes,guidance,Kubernetes---kb_835_Normalized.json,4,2,2,2,2,4,0,completed,,,0.002334,0.0044625,0.004001,0.0003435,6068,2294,159.5,47,48,1,2,0,1,0,0.5,0,1,0.75,-0.5,false,false,false,false,false,false,false,false,false,false,false,false,false,false,false,false,false,false,true,false,false,false,false,false,false,false,false,false,false,false,false,false,false,false,false,true,false,false,true,true,false,false,false,26,5,3,5,0,0,0,false,false,false,false
Kubernetes,guidance,Kubernetes---kb_836_Normalized.json,5,2,3,2,3,5,0,completed,,,0.0024,0.001139,0.0008956,5.98e-05,7172,2294,172,50.8,58,0,3,0,2,0,1,0,1,0.6,-1,false,false,false,false,false,false,false,false,false,false,false,false,false,false,false,false,false,false,true,false,false,false,false,false,false,false,false,false,false,false,false,false,false,false,false,true,false,false,true,true,false,false,false,26,5,3,5,0,0,0,false,false,false,false
Kubernetes,guidance,Kubernetes---kb_837_Normalized.json,2,1,1,1,1,2,0,completed,,,0.007033,0.006186,0.005391,0.000496,25472,18489,551.5,175,211,0,1,0,1,0,1,0,1,0.5,-1,true,false,false,false,false,false,false,false,false,true,false,false,false,true,false,false,false,false,true,false,false,false,false,false,false,false,false,false,false,false,false,true,false,false,false,true,false,true,true,true,false,false,false,152,42,6,5,2,2,0,false,true,true,false
Kubernetes,guidance,Kubernetes---kb_838_Normalized.json,4,2,2,2,2,4,0,completed,,,0.006064,0.00508475,0.0044085,0.000388,27169,18475,452,144.75,158,0,2,0,2,0,1,0,1,0.5,-1,true,false,false,false,false,false,false,false,false,true,false,false,false,true,false,false,false,false,true,false,false,false,false,false,false,false,false,false,false,false,false,true,false,false,false,true,false,true,true,true,false,false,false,151,42,6,5,2,1,0,false,true,true,false
Kubernetes,guidance,Kubernetes---kb_83_Normalized.json,6,2,4,2,4,6,0,completed,,,0.004873,,0,0,29689,19211,322,96,96,0,4,0,2,0,1,0,1,0.666667,-1,true,false,false,false,false,false,false,false,false,true,false,false,false,true,false,false,false,false,true,false,false,false,false,false,false,false,false,false,false,false,false,false,false,false,false,true,false,true,true,true,false,false,false,164,44,7,5,0,2,0,false,true,true,false
Kubernetes,guidance,Kubernetes---kb_841_Normalized.json,3,1,2,1,2,3,0,completed,,,0.003215,0.0081,0.00734,0.000559333,6701,2650,261,76.6667,81,1,2,0,0,0,0,0,1,1,0,true,false,false,false,false,false,false,false,false,true,false,false,false,false,false,false,false,false,true,false,false,false,false,false,false,false,false,false,false,false,false,true,false,false,false,true,false,true,true,true,false,false,false,36,7,2,5,2,0,0,false,false,false,false
Kubernetes,guidance,Kubernetes---kb_842_Normalized.json,4,2,2,2,2,4,0,completed,,,0.002058,0.008481,0.00510433,0.000397,7627,2650,283,84.6667,92,2,2,0,0,0,0,0,1,1,0,true,false,false,false,false,false,false,false,false,true,false,false,false,false,false,false,false,false,true,false,false,false,false,false,false,false,false,false,false,false,false,true,false,false,false,true,false,true,true,true,false,false,false,36,7,2,5,2,0,0,false,false,false,false
Kubernetes,guidance,Kubernetes---kb_843_Normalized.json,4,2,2,2,2,4,0,completed,,,,,,,3545,898,,,,2,2,0,0,0,0,0,1,1,0,true,false,false,false,false,false,false,false,false,true,false,false,false,false,false,false,false,false,false,false,false,false,false,false,false,false,false,false,false,false,false,true,false,false,false,true,false,true,false,true,false,false,false,15,2,0,4,2,0,0,false,false,false,false
Kubernetes,guidance,Kubernetes---kb_844_Normalized.json,5,1,4,1,4,5,0,completed,,,0.002059,0.0019444,0.0017962,9.68e-05,4915,898,85.8,33.2,39,1,4,0,0,0,0,0,1,1,0,true,false,false,false,false,false,false,false,false,true,false,false,false,false,false,false,false,false,false,false,false,false,false,false,false,false,false,false,false,false,false,true,false,false,false,true,false,true,false,true,false,false,false,15,2,0,4,2,0,0,false,false,false,false
Kubernetes,guidance,Kubernetes---kb_845_Normalized.json,5,2,3,2,3,5,0,completed,,,0.001845,0.0039165,0.00235967,0.000179667,4705,1158,76.6667,28.3333,32,2,3,0,0,0,0,0,1,1,0,true,false,false,false,false,false,false,false,false,true,false,false,false,false,false,false,false,false,false,false,false,false,false,false,false,false,false,false,false,false,false,true,false,false,false,true,false,true,false,true,false,false,false,15,2,0,4,2,0,0,false,false,false,false
Kubernetes,guidance,Kubernetes---kb_846_Normalized.json,6,2,4,2,4,6,0,completed,,,0.001982,0.0027655,0.00252383,0.000166333,5559,1158,92.5,33.8333,48,2,4,0,0,0,0,0,1,1,0,true,false,false,false,false,false,false,false,false,true,false,false,false,false,false,false,false,false,false,false,false,false,false,false,false,false,false,false,false,false,false,true,false,false,false,true,false,true,false,true,false,false,false,15,2,0,4,2,0,0,false,false,false,false
Kubernetes,guidance,Kubernetes---kb_847_Normalized.json,6,2,4,2,4,6,0,completed,,,0.002159,0.00110633,0.000811167,5.21667e-05,6574,1271,189,55.3333,61,0,4,0,2,0,1,0,1,0.666667,-1,false,false,false,false,false,false,false,false,false,false,false,false,false,false,false,false,false,false,true,false,false,false,false,false,false,false,false,false,false,false,false,false,false,false,false,true,false,false,true,true,false,false,false,20,4,1,5,0,0,0,false,false,false,false
Kubernetes,guidance,Kubernetes---kb_848_Normalized.json,6,2,4,2,4,6,0,completed,,,0.002111,0.007222,0.006398,0.000485,7239,1271,160,50,50,1,4,0,1,0,0.5,0,1,0.833333,-0.5,false,false,false,false,false,false,false,false,false,false,false,false,false,false,false,false,false,false,true,false,false,false,false,false,false,false,false,false,false,false,false,false,false,false,false,true,false,false,true,true,false,false,false,20,4,1,5,0,0,0,false,false,false,false
Kubernetes,guidance,Kubernetes---kb_849_Normalized.json,7,2,5,2,5,7,0,completed,,,0.002046,0.00235471,0.00202129,0.000126,7284,1271,178.857,54.4286,59,1,5,0,1,0,0.5,0,1,0.857143,-0.5,false,false,false,false,false,false,false,false,false,false,false,false,false,false,false,false,false,false,true,false,false,false,false,false,false,false,false,false,false,false,false,false,false,false,false,true,false,false,true,true,false,false,false,20,4,1,5,0,0,0,false,false,false,false
Kubernetes,guidance,Kubernetes---kb_84_Normalized.json,6,2,4,2,4,6,0,completed,,,0.006161,0.0055296,0.00407833,0.000315167,32298,19360,479.333,139.333,144,0,4,0,2,0,1,0,1,0.666667,-1,true,false,false,false,false,false,false,false,false,true,false,false,false,true,false,false,false,false,true,false,false,false,false,false,false,false,false,false,false,false,false,false,false,false,false,true,false,true,true,true,false,false,false,164,44,7,5,0,2,0,false,true,true,false
Kubernetes,guidance,Kubernetes---kb_850_Normalized.json,8,2,6,2,6,8,0,completed,,,0.005631,0.0055385,0.0048795,0.000359625,30639,16215,302.25,91.75,128,0,6,0,2,0,1,0,1,0.75,-1,true,false,false,false,false,false,false,false,false,true,false,false,false,true,false,false,false,false,true,false,false,false,false,false,false,false,false,false,false,false,false,false,false,false,false,true,false,true,true,true,false,false,false,130,37,5,5,0,2,0,false,true,true,false
Kubernetes,guidance,Kubernetes---kb_851_Normalized.json,5,2,3,2,3,5,0,completed,,,0.005459,0.0078666,0.0068968,0.0005592,26273,16345,325,97.8,115,0,3,0,2,0,1,0,1,0.6,-1,true,false,false,false,false,false,false,false,false,true,false,false,false,true,false,false,false,false,true,false,false,false,false,false,false,false,false,false,false,false,false,false,false,false,false,true,false,true,true,true,false,false,false,130,37,5,5,0,2,0,false,true,true,false
Kubernetes,guidance,Kubernetes---kb_852_Normalized.json,7,2,5,2,5,7,0,completed,,,0.006163,0.00618643,0.00543129,0.000440429,28950,16447,340.714,106.143,134,0,5,0,2,0,1,0,1,0.714286,-1,true,false,false,false,false,false,false,false,false,true,false,false,false,true,false,false,false,false,true,false,false,false,false,false,false,false,false,false,false,false,false,false,false,false,false,true,false,true,true,true,false,false,false,130,37,5,5,0,2,0,false,true,true,false
Kubernetes,guidance,Kubernetes---kb_853_Normalized.json,7,2,5,2,5,7,0,completed,,,0.005417,0.00699729,0.00620429,0.000439714,29734,16402,331.714,102.286,110,0,5,0,2,0,1,0,1,0.714286,-1,true,false,false,false,false,false,false,false,false,true,false,false,false,true,false,false,false,false,true,false,false,false,false,false,false,false,false,false,false,false,false,false,false,false,false,true,false,true,true,true,false,false,false,129,37,5,5,0,1,0,false,true,true,false
Kubernetes,guidance,Kubernetes---kb_854_Normalized.json,6,2,4,2,4,6,0,completed,,,0.00925,0.0106602,0.00958167,0.000722667,28761,16768,482.167,141.833,163,2,4,0,0,0,0,0,1,1,0,true,false,false,false,false,false,false,false,false,true,false,false,false,true,false,false,false,false,true,false,false,false,false,false,false,false,false,false,false,false,false,false,false,false,false,true,false,true,true,true,false,false,false,131,40,10,5,0,2,0,false,true,true,false
Kubernetes,guidance,Kubernetes---kb_855_Normalized.json,6,2,4,2,4,6,0,completed,,,0.006365,0.011242,0.0101102,0.000759,29541,16944,468,141,156,2,4,0,0,0,0,0,1,1,0,true,false,false,false,false,false,false,false,false,true,false,false,false,true,false,false,false,false,true,false,false,false,false,false,false,false,false,false,false,false,false,false,false,false,false,true,false,true,true,true,false,false,false,131,40,10,5,0,2,0,false,true,true,false
Kubernetes,guidance,Kubernetes---kb_856_Normalized.json,7,2,5,2,5,7,0,completed,,,0.007027,,,,29539,16911,,,,2,5,0,0,0,0,0,1,1,0,true,false,false,false,false,false,false,false,false,true,false,false,false,true,false,false,false,false,true,false,false,false,false,false,false,false,false,false,false,false,false,false,false,false,false,true,false,true,true,true,false,false,false,131,40,10,5,0,2,0,false,true,true,false
Kubernetes,guidance,Kubernetes---kb_857_Normalized.json,7,2,5,2,5,7,0,completed,,,0.005235,0.00849729,0.00765343,0.000581429,29879,16866,470.714,137.857,168,2,5,0,0,0,0,0,1,1,0,true,false,false,false,false,false,false,false,false,true,false,false,false,true,false,false,false,false,true,false,false,false,false,false,false,false,false,false,false,false,false,false,false,false,false,true,false,true,true,true,false,false,false,130,40,10,5,0,1,0,false,true,true,false
Kubernetes,guidance,Kubernetes---kb_858_Normalized.json,7,1,6,1,6,7,0,completed,,,0.004838,0.00756533,0.006763,0.000521667,36403,20568,413.667,126.667,147,1,6,0,0,0,0,0,1,1,0,true,false,false,false,false,false,false,false,false,true,false,false,false,true,false,false,false,false,true,false,false,false,false,false,false,false,false,false,false,false,false,false,false,false,false,true,false,true,true,true,false,false,false,162,48,11,6,0,3,0,false,true,true,false
Kubernetes,guidance,Kubernetes---kb_859_Normalized.json,5,2,3,2,3,5,0,completed,,,0.006442,0.010808,0.0097324,0.0007028,31165,20879,462.4,140.4,163,2,3,0,0,0,0,0,1,1,0,true,false,false,false,false,false,false,false,false,true,false,false,false,true,false,false,false,false,true,false,false,false,false,false,false,false,false,false,false,false,false,false,false,false,false,true,false,true,true,true,false,false,false,162,48,11,6,0,3,0,false,true,true,false
Kubernetes,guidance,Kubernetes---kb_85_Normalized.json,7,2,5,2,5,7,0,completed,,,0.006373,0.00528343,0.00464971,0.000358857,33975,19460,381,112,144,0,5,0,2,0,1,0,1,0.714286,-1,true,false,false,false,false,false,false,false,false,true,false,false,false,true,false,false,false,false,true,false,false,false,false,false,false,false,false,false,false,false,false,false,false,false,false,true,false,true,true,true,false,false,false,164,44,7,5,0,2,0,false,true,true,false
Kubernetes,guidance,Kubernetes---kb_860_Normalized.json,5,1,4,1,4,5,0,completed,,,0.006499,0.0090462,0.0081904,0.0005612,32938,20843,495.6,151.2,154,1,4,0,0,0,0,0,1,1,0,true,false,false,false,false,false,false,false,false,true,false,false,false,true,false,false,false,false,true,false,false,false,false,false,false,false,false,false,false,false,false,false,false,false,false,true,false,true,true,true,false,false,false,162,48,11,6,0,3,0,false,true,true,false
Kubernetes,guidance,Kubernetes---kb_861_Normalized.json,7,1,6,1,6,7,0,completed,,,0.00648,0.012854,0.0117685,0.000707,36970,20798,456.25,140.25,153,1,6,0,0,0,0,0,1,1,0,true,false,false,false,false,false,false,false,false,true,false,false,false,true,false,false,false,false,true,false,false,false,false,false,false,false,false,false,false,false,false,false,false,false,false,true,false,true,true,true,false,false,false,161,48,11,6,0,2,0,false,true,true,false
Kubernetes,guidance,Kubernetes---kb_862_Normalized.json,6,2,4,2,4,6,0,completed,,,0.008079,0.0123702,0.0112368,0.000802167,31535,19966,374.667,117.667,125,2,4,0,0,0,0,0,1,1,0,true,false,false,false,false,false,false,false,false,true,false,false,false,true,false,false,false,false,true,false,false,false,false,false,false,false,false,false,false,false,false,false,false,false,false,true,false,true,true,true,false,false,false,161,45,6,6,0,3,0,false,true,true,false
Kubernetes,guidance,Kubernetes---kb_863_Normalized.json,5,1,4,1,4,5,0,completed,,,0.006573,0.0132697,0.0119493,0.000946333,31845,20225,425.667,135.667,139,1,4,0,0,0,0,0,1,1,0,true,false,false,false,false,false,false,false,false,true,false,false,false,true,false,false,false,false,true,false,false,false,false,false,false,false,false,false,false,false,false,false,false,false,false,true,false,true,true,true,false,false,false,161,45,6,6,0,3,0,false,true,true,false
Kubernetes,guidance,Kubernetes---kb_864_Normalized.json,5,2,3,2,3,5,0,completed,,,0.006914,0.0103752,0.009357,0.00062,30816,20323,409.25,127.25,142,1,3,0,1,0,0.5,0,1,0.8,-0.5,true,false,false,false,false,false,false,false,false,true,false,false,false,true,false,false,false,false,true,false,false,false,false,false,false,false,false,false,false,false,false,false,false,false,false,true,false,true,true,true,false,false,false,161,45,6,6,0,3,0,false,true,true,false
Kubernetes,guidance,Kubernetes---kb_865_Normalized.json,5,1,4,1,4,5,0,completed,,,0.00767,0.0094618,0.0084456,0.0005772,32339,20278,489.4,145.8,155,0,4,0,1,0,1,0,1,0.8,-1,true,false,false,false,false,false,false,false,false,true,false,false,false,true,false,false,false,false,true,false,false,false,false,false,false,false,false,false,false,false,false,false,false,false,false,true,false,true,true,true,false,false,false,160,45,6,6,0,2,0,false,true,true,false
Kubernetes,guidance,Kubernetes---kb_866_Normalized.json,4,1,3,1,3,4,0,completed,,,0.002062,0.00225275,0.00205925,0.00012725,3001,452,68.25,22.75,26,1,3,0,0,0,0,0,1,1,0,false,false,false,false,false,false,false,false,false,false,false,false,false,false,false,false,false,false,false,false,false,false,false,false,false,false,false,false,false,false,false,false,false,false,false,true,false,false,true,true,false,false,false,10,3,3,4,0,0,0,false,false,false,false
Kubernetes,guidance,Kubernetes---kb_867_Normalized.json,5,1,4,1,4,5,0,completed,,,0.001917,0.0023312,0.0021302,0.0001336,4285,452,65.6,22.2,26,1,4,0,0,0,0,0,1,1,0,false,false,false,false,false,false,false,false,false,false,false,false,false,false,false,false,false,false,false,false,false,false,false,false,false,false,false,false,false,false,false,false,false,false,false,true,false,false,true,true,false,false,false,10,3,3,4,0,0,0,false,false,false,false
Kubernetes,guidance,Kubernetes---kb_868_Normalized.json,5,1,4,1,4,5,0,completed,,,0.002358,0.0022544,0.0020536,0.0001286,3530,452,68.8,23.2,26,1,4,0,0,0,0,0,1,1,0,false,false,false,false,false,false,false,false,false,false,false,false,false,false,false,false,false,false,false,false,false,false,false,false,false,false,false,false,false,false,false,false,false,false,false,true,false,false,true,true,false,false,false,10,3,3,4,0,0,0,false,false,false,false
Kubernetes,guidance,Kubernetes---kb_869_Normalized.json,4,1,3,1,3,4,0,completed,,,0.001528,0.00231033,0.001576,0.000101,2923,452,71.5,24.25,26,1,3,0,0,0,0,0,1,1,0,false,false,false,false,false,false,false,false,false,false,false,false,false,false,false,false,false,false,false,false,false,false,false,false,false,false,false,false,false,false,false,false,false,false,false,true,false,false,true,true,false,false,false,10,3,3,4,0,0,0,false,false,false,false
Kubernetes,guidance,Kubernetes---kb_86_Normalized.json,6,2,4,2,4,6,0,completed,,,0.006624,0.0054735,0.004873,0.00028875,31159,19415,304.25,90.75,107,0,4,0,2,0,1,0,1,0.666667,-1,true,false,false,false,false,false,false,false,false,true,false,false,false,true,false,false,false,false,true,false,false,false,false,false,false,false,false,false,false,false,false,false,false,false,false,true,false,true,true,true,false,false,false,163,44,7,5,0,1,0,false,true,true,false
Kubernetes,guidance,Kubernetes---kb_870_Normalized.json,6,2,4,2,4,6,0,completed,,,0.002096,0.001225,0.00111667,8e-05,3234,205,17.3333,6.16667,8,2,4,0,0,0,0,0,1,1,0,false,false,false,false,false,false,false,false,false,false,false,false,false,false,false,false,false,false,false,false,false,false,false,false,false,false,false,false,false,false,false,false,false,false,false,true,false,false,false,true,false,false,false,6,1,0,4,0,0,0,false,false,false,false
Kubernetes,guidance,Kubernetes---kb_871_Normalized.json,5,2,3,2,3,5,0,completed,,,0.00142,0.0011004,0.0009998,7.2e-05,2680,205,17.4,6.2,8,2,3,0,0,0,0,0,1,1,0,false,false,false,false,false,false,false,false,false,false,false,false,false,false,false,false,false,false,false,false,false,false,false,false,false,false,false,false,false,false,false,false,false,false,false,true,false,false,false,true,false,false,false,6,1,0,4,0,0,0,false,false,false,false
Kubernetes,guidance,Kubernetes---kb_872_Normalized.json,7,2,5,2,5,7,0,completed,,,0.001472,0.00114783,0.000895143,6.2e-05,3786,205,17.7143,6.42857,8,2,5,0,0,0,0,0,1,1,0,false,false,false,false,false,false,false,false,false,false,false,false,false,false,false,false,false,false,false,false,false,false,false,false,false,false,false,false,false,false,false,false,false,false,false,true,false,false,false,true,false,false,false,6,1,0,4,0,0,0,false,false,false,false
Kubernetes,guidance,Kubernetes---kb_873_Normalized.json,2,1,1,1,1,2,0,completed,,,,,,,2462,1279,,,,1,1,0,0,0,0,0,1,1,0,false,false,false,false,false,false,false,false,false,true,false,false,false,false,false,false,false,false,false,false,false,false,false,false,false,false,false,false,false,false,false,true,false,false,false,true,false,true,false,true,false,false,false,9,1,0,4,2,0,0,false,false,false,false
Kubernetes,guidance,Kubernetes---kb_874_Normalized.json,1,1,0,1,0,1,0,completed,,,,,,,1955,1279,,,,1,0,0,0,0,0,0,1,1,0,false,false,false,false,false,false,false,false,false,true,false,false,false,false,false,false,false,false,false,false,false,false,false,false,false,false,false,false,false,false,false,true,false,false,false,true,false,true,false,true,false,false,false,9,1,0,4,2,0,0,false,false,false,false
Kubernetes,guidance,Kubernetes---kb_875_Normalized.json,3,2,1,2,1,3,0,completed,,,0.002146,0.001463,0.00130067,0.000129333,2643,1279,23,8,10,2,1,0,0,0,0,0,1,1,0,false,false,false,false,false,false,false,false,false,true,false,false,false,false,false,false,false,false,false,false,false,false,false,false,false,false,false,false,false,false,false,true,false,false,false,true,false,true,false,true,false,false,false,9,1,0,4,2,0,0,false,false,false,false
Kubernetes,guidance,Kubernetes---kb_876_Normalized.json,2,1,1,1,1,2,0,completed,,,0.001921,0.001637,0.001457,0.0001495,2462,1279,22,8,9,1,1,0,0,0,0,0,1,1,0,false,false,false,false,false,false,false,false,false,true,false,false,false,false,false,false,false,false,false,false,false,false,false,false,false,false,false,false,false,false,false,true,false,false,false,true,false,true,false,true,false,false,false,9,1,0,4,2,0,0,false,false,false,false
Kubernetes,guidance,Kubernetes---kb_877_Normalized.json,2,2,0,2,0,2,0,completed,,,0.001957,0.0030675,0.0027345,0.0002615,2794,1889,40.5,15.5,16,2,0,0,0,0,0,0,1,1,0,false,false,false,false,false,false,false,false,false,true,false,false,false,false,false,false,false,false,false,false,false,false,false,false,false,false,false,false,false,false,false,true,false,false,false,true,false,true,false,true,false,false,false,11,2,0,4,2,0,0,false,false,false,false
Kubernetes,guidance,Kubernetes---kb_878_Normalized.json,3,1,2,1,2,3,0,completed,,,0.002211,0.002089,0.001942,9.6e-05,3657,1889,41,14,14,1,2,0,0,0,0,0,1,1,0,false,false,false,false,false,false,false,false,false,true,false,false,false,false,false,false,false,false,false,false,false,false,false,false,false,false,false,false,false,false,false,true,false,false,false,true,false,true,false,true,false,false,false,11,2,0,4,2,0,0,false,false,false,false
Kubernetes,guidance,Kubernetes---kb_879_Normalized.json,3,2,1,2,1,3,0,completed,,,0.002098,0.002376,0.00214933,0.000177667,3320,1889,41.3333,15.3333,16,2,1,0,0,0,0,0,1,1,0,false,false,false,false,false,false,false,false,false,true,false,false,false,false,false,false,false,false,false,false,false,false,false,false,false,false,false,false,false,false,false,true,false,false,false,true,false,true,false,true,false,false,false,11,2,0,4,2,0,0,false,false,false,false
Kubernetes,guidance,Kubernetes---kb_87_Normalized.json,5,2,3,2,3,5,0,completed,,,0.005415,,,,26381,16600,,,,2,3,0,0,0,0,0,1,1,0,true,false,false,false,false,false,false,false,false,true,false,false,false,true,false,false,false,false,true,false,false,false,false,false,false,false,false,false,false,false,false,false,false,false,false,true,false,true,true,true,false,false,false,131,40,10,5,0,2,0,false,true,true,false
Kubernetes,guidance,Kubernetes---kb_880_Normalized.json,1,1,0,1,0,1,0,completed,,,0.002133,0.003606,0.003184,0.000357,2628,1889,41,16,16,1,0,0,0,0,0,0,1,1,0,false,false,false,false,false,false,false,false,false,true,false,false,false,false,false,false,false,false,false,false,false,false,false,false,false,false,false,false,false,false,false,true,false,false,false,true,false,true,false,true,false,false,false,11,2,0,4,2,0,0,false,false,false,false
Kubernetes,guidance,Kubernetes---kb_881_Normalized.json,3,2,1,2,1,3,0,completed,,,0.002072,0.00213567,0.00191733,0.000165333,3308,1889,39.3333,14.6667,16,2,1,0,0,0,0,0,1,1,0,false,false,false,false,false,false,false,false,false,true,false,false,false,false,false,false,false,false,false,false,false,false,false,false,false,false,false,false,false,false,false,true,false,false,false,true,false,true,false,true,false,false,false,11,2,0,4,2,0,0,false,false,false,false
Kubernetes,guidance,Kubernetes---kb_882_Normalized.json,5,1,4,1,4,5,0,completed,,,0.001864,0.0009648,0.0008782,6.36e-05,3481,329,18.6,6.2,8,1,4,0,0,0,0,0,1,1,0,false,false,false,false,false,false,false,false,false,false,false,false,false,false,false,false,false,false,false,false,false,false,false,false,false,false,false,false,false,false,false,false,false,false,false,true,false,false,false,true,false,false,false,6,1,0,4,0,0,0,false,false,false,false
Kubernetes,guidance,Kubernetes---kb_883_Normalized.json,3,1,2,1,2,3,0,completed,,,0.003043,0.000881667,0.000800667,6.16667e-05,2121,309,18.6667,5.66667,6,1,2,0,0,0,0,0,1,1,0,false,false,false,false,false,false,false,false,false,false,false,false,false,false,false,false,false,false,false,false,false,false,false,false,false,false,false,false,false,false,false,false,false,false,false,true,false,false,false,true,false,false,false,6,1,0,4,0,0,0,false,false,false,false
Kubernetes,guidance,Kubernetes---kb_884_Normalized.json,4,1,3,1,3,4,0,completed,,,0.001828,0.00089,0.00081575,5.35e-05,2835,329,18.75,5.75,6,1,3,0,0,0,0,0,1,1,0,false,false,false,false,false,false,false,false,false,false,false,false,false,false,false,false,false,false,false,false,false,false,false,false,false,false,false,false,false,false,false,false,false,false,false,true,false,false,false,true,false,false,false,6,1,0,4,0,0,0,false,false,false,false
Kubernetes,guidance,Kubernetes---kb_885_Normalized.json,4,1,3,1,3,4,0,completed,,,0.001511,0.0009995,0.00091325,6.45e-05,2835,329,18.75,5.75,6,1,3,0,0,0,0,0,1,1,0,false,false,false,false,false,false,false,false,false,false,false,false,false,false,false,false,false,false,false,false,false,false,false,false,false,false,false,false,false,false,false,false,false,false,false,true,false,false,false,true,false,false,false,6,1,0,4,0,0,0,false,false,false,false
Kubernetes,guidance,Kubernetes---kb_887_Normalized.json,2,1,1,1,1,2,0,completed,,,0.002182,0.0031465,0.0026245,0.00031,4243,1948,135.5,41,41,0,1,0,1,0,1,0,1,0.5,-1,false,false,false,false,false,false,false,false,false,false,false,false,false,false,false,false,false,false,true,false,false,false,false,false,false,false,false,false,false,false,false,false,false,false,false,true,false,false,false,true,false,false,false,21,5,0,5,0,0,0,false,false,false,false
Kubernetes,guidance,Kubernetes---kb_888_Normalized.json,2,1,1,1,1,2,0,completed,,,0.002406,0.002595,0.002256,0.0001945,4239,1948,135,41,41,0,1,0,1,0,1,0,1,0.5,-1,false,false,false,false,false,false,false,false,false,false,false,false,false,false,false,false,false,false,true,false,false,false,false,false,false,false,false,false,false,false,false,false,false,false,false,true,false,false,false,true,false,false,false,21,5,0,5,0,0,0,false,false,false,false
Kubernetes,guidance,Kubernetes---kb_889_Normalized.json,2,1,1,1,1,2,0,completed,,,0.00222,0.002134,0.001857,0.0001585,4269,1948,138.5,41,41,0,1,0,1,0,1,0,1,0.5,-1,false,false,false,false,false,false,false,false,false,false,false,false,false,false,false,false,false,false,true,false,false,false,false,false,false,false,false,false,false,false,false,false,false,false,false,true,false,false,false,true,false,false,false,21,5,0,5,0,0,0,false,false,false,false
Kubernetes,guidance,Kubernetes---kb_88_Normalized.json,7,2,5,2,5,7,0,completed,,,0.0057,,,,35086,16783,,,,2,5,0,0,0,0,0,1,1,0,true,false,false,false,false,false,false,false,false,true,false,false,false,true,false,false,false,false,true,false,false,false,false,false,false,false,false,false,false,false,false,false,false,false,false,true,false,true,true,true,false,false,false,131,40,10,5,0,2,0,false,true,true,false
Kubernetes,guidance,Kubernetes---kb_891_Normalized.json,2,1,1,1,1,2,0,completed,,,0.001699,0.0016225,0.001464,9.85e-05,3032,1090,85.5,38,39,1,1,0,0,0,0,0,1,1,0,false,false,false,false,false,false,false,false,false,true,false,false,false,false,false,false,false,false,true,false,false,false,false,false,false,false,false,false,false,false,false,false,false,false,false,true,false,true,true,true,false,false,false,21,4,3,4,0,0,0,false,false,false,false
Kubernetes,guidance,Kubernetes---kb_892_Normalized.json,2,1,1,1,1,2,0,completed,,,0.002159,0.003162,0.0028075,0.0002415,3172,1090,65,26.5,39,1,1,0,0,0,0,0,1,1,0,false,false,false,false,false,false,false,false,false,true,false,false,false,false,false,false,false,false,true,false,false,false,false,false,false,false,false,false,false,false,false,false,false,false,false,true,false,true,true,true,false,false,false,21,4,3,4,0,0,0,false,false,false,false
Kubernetes,guidance,Kubernetes---kb_894_Normalized.json,2,1,1,1,1,2,0,completed,,,0.002217,0.000808,0.0003715,2.05e-05,3033,1088,86,39,39,1,1,0,0,0,0,0,1,1,0,false,false,false,false,false,false,false,false,false,true,false,false,false,false,false,false,false,false,true,false,false,false,false,false,false,false,false,false,false,false,false,false,false,false,false,true,false,true,true,true,false,false,false,21,4,3,4,0,0,0,false,false,false,false
Kubernetes,guidance,Kubernetes---kb_895_Normalized.json,2,1,1,1,1,2,0,completed,,,0.002311,0.002643,0.0023805,0.000183,3025,1088,85,38.5,39,1,1,0,0,0,0,0,1,1,0,false,false,false,false,false,false,false,false,false,true,false,false,false,false,false,false,false,false,true,false,false,false,false,false,false,false,false,false,false,false,false,false,false,false,false,true,false,true,true,true,false,false,false,21,4,3,4,0,0,0,false,false,false,false
Kubernetes,guidance,Kubernetes---kb_896_Normalized.json,3,2,1,2,1,3,0,completed,,,0.00611,0.008095,0.00755867,0.000295333,27417,20235,436,132.333,135,0,1,0,2,0,1,0,1,0.333333,-1,true,false,false,false,false,false,false,false,false,true,false,false,false,true,false,false,false,false,true,false,false,false,false,false,false,false,false,false,false,false,false,true,false,false,false,true,false,true,true,true,false,false,false,151,43,6,5,2,2,0,false,true,true,false
Kubernetes,guidance,Kubernetes---kb_897_Normalized.json,3,1,2,1,2,3,0,completed,,,0.007128,0.00717533,0.006416,0.000573,28301,19453,539,161.333,234,1,2,0,0,0,0,0,1,1,0,true,false,false,false,false,false,false,false,false,true,false,false,false,true,false,false,false,false,true,false,false,false,false,false,false,false,false,false,false,false,false,true,false,false,false,true,false,true,true,true,false,false,false,145,42,5,5,2,2,0,false,true,true,false
Kubernetes,guidance,Kubernetes---kb_898_Normalized.json,3,2,1,2,1,3,0,completed,,,0.005852,0.0140283,0.0126803,0.001013,26872,19422,416.667,123,126,2,1,0,0,0,0,0,1,1,0,true,false,false,false,false,false,false,false,false,true,false,false,false,true,false,false,false,false,true,false,false,false,false,false,false,false,false,false,false,false,false,true,false,false,false,true,false,true,true,true,false,false,false,144,42,5,5,2,1,0,false,true,true,false
Kubernetes,guidance,Kubernetes---kb_899_Normalized.json,3,2,1,2,1,3,0,completed,,,0.007137,0.00558767,0.00490933,0.000394667,33244,24159,604.667,184,195,0,1,0,2,0,1,0,1,0.333333,-1,true,false,false,false,false,false,false,false,false,true,false,false,false,true,false,false,false,false,true,false,false,false,false,false,false,false,false,false,false,false,false,true,false,false,false,true,false,true,true,true,false,false,false,182,51,7,6,2,3,0,false,true,true,false
Kubernetes,guidance,Kubernetes---kb_89_Normalized.json,7,2,5,2,5,7,0,completed,,,0.003814,0.010064,0.00683525,0.000469,31320,16750,570.25,165.75,169,2,5,0,0,0,0,0,1,1,0,true,false,false,false,false,false,false,false,false,true,false,false,false,true,false,false,false,false,true,false,false,false,false,false,false,false,false,false,false,false,false,false,false,false,false,true,false,true,true,true,false,false,false,131,40,10,5,0,2,0,false,true,true,false
Kubernetes,guidance,Kubernetes---kb_8_Normalized.json,3,1,2,1,2,3,0,completed,,,0.001421,,,,1842,247,,,,1,2,0,0,0,0,0,1,1,0,false,false,false,false,false,false,false,false,false,false,false,false,false,false,false,false,false,false,false,false,false,false,false,false,false,false,false,false,false,false,false,false,false,false,false,true,false,false,true,true,false,false,false,6,1,1,4,0,0,0,false,false,false,false
Kubernetes,guidance,Kubernetes---kb_900_Normalized.json,4,2,2,2,2,4,0,completed,,,0.006789,0.0152343,0.0134298,0.00133225,34207,23365,586,181.75,193,2,2,0,0,0,0,0,1,1,0,true,false,false,false,false,false,false,false,false,true,false,false,false,true,false,false,false,false,true,false,false,false,false,false,false,false,false,false,false,false,false,true,false,false,false,true,false,true,true,true,false,false,false,176,50,6,6,2,3,0,false,true,true,false
Kubernetes,guidance,Kubernetes---kb_901_Normalized.json,3,2,1,2,1,3,0,completed,,,0.007155,0.016894,0.015215,0.00126167,31535,23334,484.667,152,158,2,1,0,0,0,0,0,1,1,0,true,false,false,false,false,false,false,false,false,true,false,false,false,true,false,false,false,false,true,false,false,false,false,false,false,false,false,false,false,false,false,true,false,false,false,true,false,true,true,true,false,false,false,175,50,6,6,2,2,0,false,true,true,false
Kubernetes,guidance,Kubernetes---kb_904_Normalized.json,3,1,2,1,2,3,0,completed,,,0.002401,0.003262,0.00295867,0.000220333,2937,806,111,29,32,1,2,0,0,0,0,0,1,1,0,false,false,false,false,false,false,false,false,false,false,false,false,false,false,false,false,false,false,true,false,false,false,false,false,false,false,false,false,false,false,false,false,false,false,false,true,false,false,true,true,false,false,false,10,2,1,5,0,0,0,false,false,false,false
Kubernetes,guidance,Kubernetes---kb_905_Normalized.json,2,1,1,1,1,2,0,completed,,,0.00228,0.0038335,0.003412,0.000326,2300,806,107,27.5,29,1,1,0,0,0,0,0,1,1,0,false,false,false,false,false,false,false,false,false,false,false,false,false,false,false,false,false,false,true,false,false,false,false,false,false,false,false,false,false,false,false,false,false,false,false,true,false,false,true,true,false,false,false,10,2,1,5,0,0,0,false,false,false,false
Kubernetes,guidance,Kubernetes---kb_906_Normalized.json,2,1,1,1,1,2,0,completed,,,0.001881,0.0028725,0.0025855,0.0002195,2300,806,107,27.5,29,1,1,0,0,0,0,0,1,1,0,false,false,false,false,false,false,false,false,false,false,false,false,false,false,false,false,false,false,true,false,false,false,false,false,false,false,false,false,false,false,false,false,false,false,false,true,false,false,true,true,false,false,false,10,2,1,5,0,0,0,false,false,false,false
Kubernetes,guidance,Kubernetes---kb_909_Normalized.json,9,2,7,2,7,9,0,completed,,,0.00488,0.00479222,0.00409244,0.000488,27335,15995,238.556,72.6667,79,0,7,0,2,0,1,0,1,0.777778,-1,true,false,false,false,false,false,false,false,false,true,false,false,false,true,false,false,false,false,true,false,false,false,false,false,false,false,false,false,false,false,false,false,false,false,false,true,false,true,true,true,false,false,false,121,36,5,5,0,2,0,false,true,true,false
Kubernetes,guidance,Kubernetes---kb_90_Normalized.json,8,2,6,2,6,8,0,completed,,,0.005371,0.0104201,0.009487,0.000603125,31692,16705,582.625,167.375,191,2,6,0,0,0,0,0,1,1,0,true,false,false,false,false,false,false,false,false,true,false,false,false,true,false,false,false,false,true,false,false,false,false,false,false,false,false,false,false,false,false,false,false,false,false,true,false,true,true,true,false,false,false,130,40,10,5,0,1,0,false,true,true,false
Kubernetes,guidance,Kubernetes---kb_911_Normalized.json,9,2,7,2,7,9,0,completed,,,0.00494,,0,0,27961,15969,211,67,67,0,7,0,2,0,1,0,1,0.777778,-1,true,false,false,false,false,false,false,false,false,true,false,false,false,true,false,false,false,false,true,false,false,false,false,false,false,false,false,false,false,false,false,false,false,false,false,true,false,true,true,true,false,false,false,120,36,5,5,0,1,0,false,true,true,false
Kubernetes,guidance,Kubernetes---kb_912_Normalized.json,7,2,5,2,5,7,0,completed,,,0.003276,0.005304,0.00475443,0.000358571,9510,2201,325,94.1429,99,0,5,0,2,0,1,0,1,0.714286,-1,false,false,false,false,false,false,false,false,false,true,false,false,false,false,false,false,false,false,false,false,false,false,false,false,false,false,false,false,false,false,false,false,false,false,false,true,false,true,true,true,false,false,false,32,12,3,4,0,0,0,false,false,true,false
Kubernetes,guidance,Kubernetes---kb_913_Normalized.json,7,2,5,2,5,7,0,completed,,,0.002907,0.0050808,0.00386117,0.0002235,9421,2201,308.167,91,99,0,5,0,2,0,1,0,1,0.714286,-1,false,false,false,false,false,false,false,false,false,true,false,false,false,false,false,false,false,false,false,false,false,false,false,false,false,false,false,false,false,false,false,false,false,false,false,true,false,true,true,true,false,false,false,32,12,3,4,0,0,0,false,false,true,false
Kubernetes,guidance,Kubernetes---kb_914_Normalized.json,7,2,5,2,5,7,0,completed,,,0.002957,0.0044762,0.00330083,0.000297333,9164,2136,299.5,89.3333,94,0,5,0,2,0,1,0,1,0.714286,-1,false,false,false,false,false,false,false,false,false,true,false,false,false,false,false,false,false,false,false,false,false,false,false,false,false,false,false,false,false,false,false,false,false,false,false,true,false,true,true,true,false,false,false,30,11,3,4,0,0,0,false,false,true,false
Kubernetes,guidance,Kubernetes---kb_915_Normalized.json,7,2,5,2,5,7,0,completed,,,0.003188,0.00568986,0.00510943,0.000373429,9139,2136,299.571,88,94,0,5,0,2,0,1,0,1,0.714286,-1,false,false,false,false,false,false,false,false,false,true,false,false,false,false,false,false,false,false,false,false,false,false,false,false,false,false,false,false,false,false,false,false,false,false,false,true,false,true,true,true,false,false,false,30,11,3,4,0,0,0,false,false,true,false
Kubernetes,guidance,Kubernetes---kb_916_Normalized.json,5,1,4,1,4,5,0,completed,,,0.002423,0.0014212,0.0013014,8.62e-05,2977,229,17.4,7.6,9,1,4,0,0,0,0,0,1,1,0,false,false,false,false,false,false,false,false,false,false,false,false,false,false,false,false,false,false,false,false,false,false,false,false,false,false,false,false,false,false,false,false,false,false,false,true,false,false,false,true,false,false,false,6,1,0,4,0,0,0,false,false,false,false
Kubernetes,guidance,Kubernetes---kb_917_Normalized.json,5,1,4,1,4,5,0,completed,,,0.001932,0.001277,0.000394,1.96667e-05,2975,229,16.3333,7.66667,9,1,4,0,0,0,0,0,1,1,0,false,false,false,false,false,false,false,false,false,false,false,false,false,false,false,false,false,false,false,false,false,false,false,false,false,false,false,false,false,false,false,false,false,false,false,true,false,false,false,true,false,false,false,6,1,0,4,0,0,0,false,false,false,false
Kubernetes,guidance,Kubernetes---kb_918_Normalized.json,4,1,3,1,3,4,0,completed,,,0.002036,0.0012385,0.001144,6e-05,2432,230,17.5,9,9,1,3,0,0,0,0,0,1,1,0,false,false,false,false,false,false,false,false,false,false,false,false,false,false,false,false,false,false,false,false,false,false,false,false,false,false,false,false,false,false,false,false,false,false,false,true,false,false,false,true,false,false,false,6,1,0,4,0,0,0,false,false,false,false
Kubernetes,guidance,Kubernetes---kb_919_Normalized.json,5,2,3,2,3,5,0,completed,,,0.001669,0.0013008,0.0011766,9.24e-05,2596,219,16.8,7.8,9,2,3,0,0,0,0,0,1,1,0,false,false,false,false,false,false,false,false,false,false,false,false,false,false,false,false,false,false,false,false,false,false,false,false,false,false,false,false,false,false,false,false,false,false,false,true,false,false,false,true,false,false,false,6,1,0,4,0,0,0,false,false,false,false
Kubernetes,guidance,Kubernetes---kb_91_Normalized.json,2,1,1,1,1,2,0,completed,,,0.00747,0.0133295,0.011891,0.0009935,27387,20449,493.5,145.5,147,1,1,0,0,0,0,0,1,1,0,true,false,false,false,false,false,false,false,false,true,false,false,false,true,false,false,false,false,true,false,false,false,false,false,false,false,false,false,false,false,false,false,false,false,false,true,false,true,true,true,false,false,false,162,48,11,6,0,3,0,false,true,true,false
Kubernetes,guidance,Kubernetes---kb_920_Normalized.json,4,1,3,1,3,4,0,completed,,,0.001702,0.0010275,0.00093075,7.1e-05,2430,230,17.25,7.5,9,1,3,0,0,0,0,0,1,1,0,false,false,false,false,false,false,false,false,false,false,false,false,false,false,false,false,false,false,false,false,false,false,false,false,false,false,false,false,false,false,false,false,false,false,false,true,false,false,false,true,false,false,false,6,1,0,4,0,0,0,false,false,false,false
Kubernetes,guidance,Kubernetes---kb_921_Normalized.json,9,2,7,2,7,9,0,completed,,,0.001546,,0,0,7140,1047,100,36,36,2,7,0,0,0,0,0,1,1,0,true,false,false,false,false,false,false,false,false,false,false,false,false,false,false,false,false,false,false,false,false,false,false,false,false,false,false,false,false,false,false,false,false,false,false,true,false,false,true,true,false,false,false,13,3,1,5,0,0,0,false,false,false,false
Kubernetes,guidance,Kubernetes---kb_922_Normalized.json,8,2,6,2,6,8,0,completed,,,0.00183,0.00294238,0.00264862,0.00020225,7207,1047,126.25,39.25,45,2,6,0,0,0,0,0,1,1,0,true,false,false,false,false,false,false,false,false,false,false,false,false,false,false,false,false,false,false,false,false,false,false,false,false,false,false,false,false,false,false,false,false,false,false,true,false,false,true,true,false,false,false,13,3,1,5,0,0,0,false,false,false,false
Kubernetes,guidance,Kubernetes---kb_923_Normalized.json,6,2,4,2,4,6,0,completed,,,,,,,3963,635,,,,2,4,0,0,0,0,0,1,1,0,false,false,false,false,false,false,false,false,false,false,false,false,false,false,false,false,false,false,false,false,false,false,false,false,false,false,false,false,false,false,false,false,false,false,false,true,false,false,true,true,false,false,false,9,2,1,4,0,0,0,false,false,false,false
Kubernetes,guidance,Kubernetes---kb_924_Normalized.json,6,1,5,1,5,6,0,completed,,,0.002303,0.00338525,0.0030675,0.000229,5530,1035,122.5,37.5,43,1,5,0,0,0,0,0,1,1,0,true,false,false,false,false,false,false,false,false,false,false,false,false,false,false,false,false,false,false,false,false,false,false,false,false,false,false,false,false,false,false,false,false,false,false,true,false,false,true,true,false,false,false,13,3,1,5,0,0,0,false,false,false,false
Kubernetes,guidance,Kubernetes---kb_925_Normalized.json,6,2,4,2,4,6,0,completed,,,0.001952,0.001328,0.001209,7.5e-05,4012,635,50,21,21,2,4,0,0,0,0,0,1,1,0,false,false,false,false,false,false,false,false,false,false,false,false,false,false,false,false,false,false,false,false,false,false,false,false,false,false,false,false,false,false,false,false,false,false,false,true,false,false,true,true,false,false,false,9,2,1,4,0,0,0,false,false,false,false
Kubernetes,guidance,Kubernetes---kb_926_Normalized.json,6,2,4,2,4,6,0,completed,,,0.004193,0.009094,0.00831583,0.000562667,9980,2512,338.167,96.6667,134,2,4,0,0,0,0,0,1,1,0,true,false,false,false,false,false,false,false,false,true,false,false,false,false,false,false,false,false,true,false,false,false,false,false,false,false,false,false,false,false,false,false,false,false,false,true,false,true,false,true,false,false,false,27,7,0,5,0,0,0,false,false,false,false
Kubernetes,guidance,Kubernetes---kb_927_Normalized.json,8,2,6,2,6,8,0,completed,,,0.003346,0.00969787,0.00890687,0.00056,11910,2512,328.5,95.25,124,2,6,0,0,0,0,0,1,1,0,true,false,false,false,false,false,false,false,false,true,false,false,false,false,false,false,false,false,true,false,false,false,false,false,false,false,false,false,false,false,false,false,false,false,false,true,false,true,false,true,false,false,false,27,7,0,5,0,0,0,false,false,false,false
Kubernetes,guidance,Kubernetes---kb_928_Normalized.json,7,2,5,2,5,7,0,completed,,,0.00266,0.00776543,0.00711986,0.000462857,11124,2512,341.286,99.5714,114,2,5,0,0,0,0,0,1,1,0,true,false,false,false,false,false,false,false,false,true,false,false,false,false,false,false,false,false,true,false,false,false,false,false,false,false,false,false,false,false,false,false,false,false,false,true,false,true,false,true,false,false,false,27,7,0,5,0,0,0,false,false,false,false
Kubernetes,guidance,Kubernetes---kb_929_Normalized.json,5,2,3,2,3,5,0,completed,,,0.001887,0.0027888,0.002554,0.000155,4809,808,76.8,25,30,2,3,0,0,0,0,0,1,1,0,false,false,false,false,false,false,false,false,false,false,false,false,false,false,false,false,false,false,true,false,false,false,false,false,false,false,false,false,false,false,false,false,false,false,false,true,false,false,true,true,false,false,false,12,3,2,5,0,0,0,false,false,false,false
Kubernetes,guidance,Kubernetes---kb_92_Normalized.json,6,1,5,1,5,6,0,completed,,,0.007013,,,,35257,20772,,,,1,5,0,0,0,0,0,1,1,0,true,false,false,false,false,false,false,false,false,true,false,false,false,true,false,false,false,false,true,false,false,false,false,false,false,false,false,false,false,false,false,false,false,false,false,true,false,true,true,true,false,false,false,162,48,11,6,0,3,0,false,true,true,false
Kubernetes,guidance,Kubernetes---kb_930_Normalized.json,5,2,3,2,3,5,0,completed,,,0.002137,0.0037166,0.00354,0.0001154,4614,808,80.2,26.6,30,2,3,0,0,0,0,0,1,1,0,false,false,false,false,false,false,false,false,false,false,false,false,false,false,false,false,false,false,true,false,false,false,false,false,false,false,false,false,false,false,false,false,false,false,false,true,false,false,true,true,false,false,false,12,3,2,5,0,0,0,false,false,false,false
Kubernetes,guidance,Kubernetes---kb_931_Normalized.json,4,2,2,2,2,4,0,completed,,,0.002094,0.003921,0.0035215,0.00028375,4708,1327,113.25,33.75,73,2,2,0,0,0,0,0,1,1,0,false,false,false,false,false,false,false,false,false,true,false,false,false,false,false,false,false,false,true,false,false,false,false,false,false,false,false,false,false,false,false,false,false,false,false,true,false,true,true,true,false,false,false,20,4,2,5,0,0,0,false,false,false,false
Kubernetes,guidance,Kubernetes---kb_932_Normalized.json,4,2,2,2,2,4,0,completed,,,0.002184,0.0027125,0.00161633,0.000143,4758,1327,144,43,74,2,2,0,0,0,0,0,1,1,0,false,false,false,false,false,false,false,false,false,true,false,false,false,false,false,false,false,false,true,false,false,false,false,false,false,false,false,false,false,false,false,false,false,false,false,true,false,true,true,true,false,false,false,20,4,2,5,0,0,0,false,false,false,false
Kubernetes,guidance,Kubernetes---kb_935_Normalized.json,3,1,2,1,2,3,0,completed,,,,,,,2263,496,,,,1,2,0,0,0,0,0,1,1,0,false,false,false,false,false,false,false,false,false,false,false,false,false,false,false,false,false,false,false,false,false,false,false,false,false,false,false,false,false,false,false,false,false,false,false,true,false,false,false,true,false,false,false,7,2,0,4,0,0,0,false,false,false,false
Kubernetes,guidance,Kubernetes---kb_936_Normalized.json,2,1,1,1,1,2,0,completed,,,,,,,1775,496,,,,1,1,0,0,0,0,0,1,1,0,false,false,false,false,false,false,false,false,false,false,false,false,false,false,false,false,false,false,false,false,false,false,false,false,false,false,false,false,false,false,false,false,false,false,false,true,false,false,false,true,false,false,false,7,2,0,4,0,0,0,false,false,false,false
Kubernetes,guidance,Kubernetes---kb_937_Normalized.json,2,1,1,1,1,2,0,completed,,,0.00159,0.000676,0.000619,3.5e-05,1893,499,52,18,18,1,1,0,0,0,0,0,1,1,0,false,false,false,false,false,false,false,false,false,false,false,false,false,false,false,false,false,false,false,false,false,false,false,false,false,false,false,false,false,false,false,false,false,false,false,true,false,false,true,true,false,false,false,10,3,1,4,0,0,0,false,false,false,false
Kubernetes,guidance,Kubernetes---kb_938_Normalized.json,3,1,2,1,2,3,0,completed,,,0.001947,0.00137833,0.00125733,8.46667e-05,3249,499,52,16.6667,20,1,2,0,0,0,0,0,1,1,0,false,false,false,false,false,false,false,false,false,false,false,false,false,false,false,false,false,false,false,false,false,false,false,false,false,false,false,false,false,false,false,false,false,false,false,true,false,false,true,true,false,false,false,10,3,1,4,0,0,0,false,false,false,false
Kubernetes,guidance,Kubernetes---kb_939_Normalized.json,8,2,6,2,6,8,0,completed,,,0.005807,0.00790083,0.00712283,0.000523833,32607,19518,397.333,136,179,1,6,0,1,0,0.5,0,1,0.875,-0.5,true,false,false,false,false,false,false,false,false,true,false,false,false,true,false,false,false,false,true,false,false,false,false,false,false,false,false,false,false,false,false,false,false,false,false,true,false,true,true,true,false,false,false,146,43,5,6,0,3,0,false,true,true,false
Kubernetes,guidance,Kubernetes---kb_93_Normalized.json,6,1,5,1,5,6,0,completed,,,0.005003,0.00930167,0.00841367,0.00056,34768,20739,455.333,135,153,1,5,0,0,0,0,0,1,1,0,true,false,false,false,false,false,false,false,false,true,false,false,false,true,false,false,false,false,true,false,false,false,false,false,false,false,false,false,false,false,false,false,false,false,false,true,false,true,true,true,false,false,false,162,48,11,6,0,3,0,false,true,true,false
Kubernetes,guidance,Kubernetes---kb_940_Normalized.json,7,2,5,2,5,7,0,completed,,,0.006175,0.0164586,0.0149394,0.001069,33457,19504,617,207.286,303,1,5,0,1,0,0.5,0,1,0.857143,-0.5,true,false,false,false,false,false,false,false,false,true,false,false,false,true,false,false,false,false,true,false,false,false,false,false,false,false,false,false,false,false,false,false,false,false,false,true,false,true,true,true,false,false,false,145,43,5,6,0,2,0,false,true,true,false
Kubernetes,guidance,Kubernetes---kb_941_Normalized.json,5,2,3,2,3,5,0,completed,,,0.003097,0.004117,0.00371333,0.000271333,7552,2186,111.667,42.3333,56,2,3,0,0,0,0,0,1,1,0,false,false,false,false,false,false,false,false,false,true,false,false,false,false,false,false,false,false,true,false,false,false,false,false,false,false,false,false,false,false,false,false,false,false,false,true,false,true,true,true,false,false,false,23,6,2,4,0,0,0,false,false,false,false
Kubernetes,guidance,Kubernetes---kb_942_Normalized.json,4,2,2,2,2,4,0,completed,,,0.002687,0.005813,0.005277,0.00036,5901,2186,146,54,54,2,2,0,0,0,0,0,1,1,0,false,false,false,false,false,false,false,false,false,true,false,false,false,false,false,false,false,false,true,false,false,false,false,false,false,false,false,false,false,false,false,false,false,false,false,true,false,true,true,true,false,false,false,23,6,2,4,0,0,0,false,false,false,false
Kubernetes,guidance,Kubernetes---kb_943_Normalized.json,3,1,2,1,2,3,0,completed,,,0.001637,0.00179033,0.00163733,0.000115667,2167,401,31.6667,10.3333,13,1,2,0,0,0,0,0,1,1,0,false,false,false,false,false,false,false,false,false,false,false,false,false,false,false,false,false,false,false,false,false,false,false,false,false,false,false,false,false,false,false,false,false,false,false,true,false,false,false,true,false,false,false,7,2,0,4,0,0,0,false,false,false,false
Kubernetes,guidance,Kubernetes---kb_944_Normalized.json,5,2,3,2,3,5,0,completed,,,0.001853,0.0016334,0.0014938,9.86e-05,2919,401,42.6,13.4,15,2,3,0,0,0,0,0,1,1,0,false,false,false,false,false,false,false,false,false,false,false,false,false,false,false,false,false,false,false,false,false,false,false,false,false,false,false,false,false,false,false,false,false,false,false,true,false,false,false,true,false,false,false,7,2,0,4,0,0,0,false,false,false,false
Kubernetes,guidance,Kubernetes---kb_945_Normalized.json,4,2,2,2,2,4,0,completed,,,0.002442,0.005686,0.00379,0.000347,7517,2697,166,60,62,2,2,0,0,0,0,0,1,1,0,false,false,false,false,false,false,false,false,false,true,false,false,false,false,false,false,false,false,true,false,false,false,false,false,false,false,false,false,false,false,false,false,false,false,false,true,false,true,true,true,false,false,false,26,7,2,4,0,0,0,false,false,false,false
Kubernetes,guidance,Kubernetes---kb_946_Normalized.json,3,1,2,1,2,3,0,completed,,,0.002601,0.000979,0.000913,4e-05,7075,2697,160,58,58,1,2,0,0,0,0,0,1,1,0,false,false,false,false,false,false,false,false,false,true,false,false,false,false,false,false,false,false,true,false,false,false,false,false,false,false,false,false,false,false,false,false,false,false,false,true,false,true,true,true,false,false,false,26,7,2,4,0,0,0,false,false,false,false
Kubernetes,guidance,Kubernetes---kb_947_Normalized.json,10,2,8,2,8,10,0,completed,,,0.003109,0.005981,0.0026575,0.0001715,21377,5474,536.5,173,174,0,8,0,2,0,1,0,1,0.8,-1,false,false,false,false,false,false,false,false,false,true,false,false,false,false,false,false,false,false,true,false,false,false,false,false,false,false,false,false,false,false,false,false,false,false,false,true,false,true,false,true,false,false,false,57,19,0,5,0,0,0,false,false,true,false
Kubernetes,guidance,Kubernetes---kb_948_Normalized.json,9,2,7,2,7,9,0,completed,,,0.003355,0.00284329,0.00219462,0.000186625,19236,5474,439.125,136.375,156,0,7,0,2,0,1,0,1,0.777778,-1,false,false,false,false,false,false,false,false,false,true,false,false,false,false,false,false,false,false,true,false,false,false,false,false,false,false,false,false,false,false,false,false,false,false,false,true,false,true,false,true,false,false,false,57,19,0,5,0,0,0,false,false,true,false
Kubernetes,guidance,Kubernetes---kb_949_Normalized.json,5,2,3,2,3,5,0,completed,,,0.003234,0.003595,0.003106,0.0002614,27544,18763,376.4,106.8,111,0,3,0,2,0,1,0,1,0.6,-1,true,false,false,false,false,false,false,false,false,true,false,false,false,true,false,false,false,false,true,false,false,false,false,false,false,false,false,false,false,false,false,false,false,false,false,true,false,true,true,true,false,false,false,149,48,6,5,0,2,0,false,true,true,false
Kubernetes,guidance,Kubernetes---kb_94_Normalized.json,6,1,5,1,5,6,0,completed,,,0.006063,0.0138687,0.0124713,0.000977333,34745,20694,479.667,141,143,1,5,0,0,0,0,0,1,1,0,true,false,false,false,false,false,false,false,false,true,false,false,false,true,false,false,false,false,true,false,false,false,false,false,false,false,false,false,false,false,false,false,false,false,false,true,false,true,true,true,false,false,false,161,48,11,6,0,2,0,false,true,true,false
Kubernetes,guidance,Kubernetes---kb_950_Normalized.json,5,2,3,2,3,5,0,completed,,,0.003745,0.0033712,0.0029358,0.000227,27871,18813,395.6,113,136,0,3,0,2,0,1,0,1,0.6,-1,true,false,false,false,false,false,false,false,false,true,false,false,false,true,false,false,false,false,true,false,false,false,false,false,false,false,false,false,false,false,false,false,false,false,false,true,false,true,true,true,false,false,false,149,48,6,5,0,2,0,false,true,true,false
Kubernetes,guidance,Kubernetes---kb_951_Normalized.json,4,1,3,1,3,4,0,completed,,,0.007124,,,,27083,18773,,,,0,3,0,1,0,1,0,1,0.75,-1,true,false,false,false,false,false,false,false,false,true,false,false,false,true,false,false,false,false,true,false,false,false,false,false,false,false,false,false,false,false,false,false,false,false,false,true,false,true,true,true,false,false,false,148,48,6,5,0,1,0,false,true,true,false
Kubernetes,guidance,Kubernetes---kb_952_Normalized.json,5,2,3,2,3,5,0,completed,,,,,,,5911,2574,,,,2,3,0,0,0,0,0,1,1,0,false,false,false,false,false,false,false,false,false,true,false,false,false,false,false,false,false,false,false,false,false,false,false,false,false,false,false,false,false,false,false,false,false,false,false,true,false,true,false,true,false,false,false,32,11,0,4,0,0,0,false,false,true,false
Kubernetes,guidance,Kubernetes---kb_953_Normalized.json,3,1,2,1,2,3,0,completed,,,0.003424,0.00333367,0.00296567,0.000299,64849,2594,7289.33,2344.67,6994,1,2,0,0,0,0,0,1,1,0,false,false,false,false,false,false,false,false,false,true,false,false,false,false,false,false,false,false,false,false,false,false,false,false,false,false,false,false,false,false,false,false,false,false,false,true,false,true,false,true,false,false,false,32,11,0,4,0,0,0,false,false,true,false
Kubernetes,guidance,Kubernetes---kb_954_Normalized.json,3,1,2,1,2,3,0,completed,,,0.001706,0.002548,0.00151067,0.000150667,4910,2594,63.3333,18.6667,23,1,2,0,0,0,0,0,1,1,0,false,false,false,false,false,false,false,false,false,true,false,false,false,false,false,false,false,false,false,false,false,false,false,false,false,false,false,false,false,false,false,false,false,false,false,true,false,true,false,true,false,false,false,32,11,0,4,0,0,0,false,false,true,false
Kubernetes,guidance,Kubernetes---kb_955_Normalized.json,4,2,2,2,2,4,0,completed,,,0.005394,0.00363075,0.003144,0.0002545,34786,19400,1169.75,336.5,539,0,2,0,2,0,1,0,1,0.5,-1,true,false,false,false,false,false,false,false,false,true,false,false,false,true,false,false,false,false,true,false,false,false,false,false,false,false,false,false,false,false,false,false,false,false,false,true,false,true,true,true,false,false,false,158,44,10,5,0,2,0,false,true,true,false
Kubernetes,guidance,Kubernetes---kb_956_Normalized.json,6,2,4,2,4,6,0,completed,,,0.004733,0.00336875,0.002925,0.00022675,32417,19450,489.25,143.75,164,0,4,0,2,0,1,0,1,0.666667,-1,true,false,false,false,false,false,false,false,false,true,false,false,false,true,false,false,false,false,true,false,false,false,false,false,false,false,false,false,false,false,false,false,false,false,false,true,false,true,true,true,false,false,false,158,44,10,5,0,2,0,false,true,true,false
Kubernetes,guidance,Kubernetes---kb_957_Normalized.json,6,2,4,2,4,6,0,completed,,,0.005974,0.0030888,0.00226867,0.000159667,32654,19410,453.833,139.167,148,0,4,0,2,0,1,0,1,0.666667,-1,true,false,false,false,false,false,false,false,false,true,false,false,false,true,false,false,false,false,true,false,false,false,false,false,false,false,false,false,false,false,false,false,false,false,false,true,false,true,true,true,false,false,false,157,44,10,5,0,1,0,false,true,true,false
Kubernetes,guidance,Kubernetes---kb_958_Normalized.json,4,1,3,1,3,4,0,completed,,,,,,,2183,130,,,,1,3,0,0,0,0,0,1,1,0,false,false,false,false,false,false,false,false,false,false,false,false,false,false,false,false,false,false,false,false,false,false,false,false,false,false,false,false,false,false,false,false,false,false,false,true,false,false,false,true,false,false,false,4,1,0,4,0,0,0,false,false,false,false
Kubernetes,guidance,Kubernetes---kb_959_Normalized.json,2,1,1,1,1,2,0,completed,,,0.001406,0.001383,0.001253,0.0001025,1195,130,26,7,8,1,1,0,0,0,0,0,1,1,0,false,false,false,false,false,false,false,false,false,false,false,false,false,false,false,false,false,false,false,false,false,false,false,false,false,false,false,false,false,false,false,false,false,false,false,true,false,false,false,true,false,false,false,4,1,0,4,0,0,0,false,false,false,false
Kubernetes,guidance,Kubernetes---kb_95_Normalized.json,6,2,4,2,4,6,0,completed,,,0.006744,,,,36305,23011,,,,2,4,0,0,0,0,0,1,1,0,true,false,false,false,false,false,false,false,false,true,false,false,false,true,false,false,false,false,true,false,false,false,false,false,false,false,false,false,false,false,false,false,false,false,false,true,false,true,true,true,false,false,false,195,52,8,6,0,3,0,false,true,true,false
Kubernetes,guidance,Kubernetes---kb_960_Normalized.json,2,1,1,1,1,2,0,completed,,,0.001594,,,,1195,130,,,,1,1,0,0,0,0,0,1,1,0,false,false,false,false,false,false,false,false,false,false,false,false,false,false,false,false,false,false,false,false,false,false,false,false,false,false,false,false,false,false,false,false,false,false,false,true,false,false,false,true,false,false,false,4,1,0,4,0,0,0,false,false,false,false
Kubernetes,guidance,Kubernetes---kb_961_Normalized.json,3,1,2,1,2,3,0,completed,,,,,,,2671,550,,,,1,2,0,0,0,0,0,1,1,0,false,false,false,false,false,false,false,false,false,false,false,false,false,false,false,false,false,false,false,false,false,false,false,false,false,false,false,false,false,false,false,false,false,false,false,true,false,false,false,true,false,false,false,11,4,0,4,0,0,0,false,false,false,false
Kubernetes,guidance,Kubernetes---kb_962_Normalized.json,3,1,2,1,2,3,0,completed,,,0.001806,0.002742,0.00253,0.00014,2607,550,82.6667,30.3333,32,1,2,0,0,0,0,0,1,1,0,false,false,false,false,false,false,false,false,false,false,false,false,false,false,false,false,false,false,false,false,false,false,false,false,false,false,false,false,false,false,false,false,false,false,false,true,false,false,false,true,false,false,false,11,4,0,4,0,0,0,false,false,false,false
Kubernetes,guidance,Kubernetes---kb_963_Normalized.json,5,1,4,1,4,5,0,completed,,,0.002365,0.0029616,0.0026844,0.0002016,5119,1274,119,40.8,45,1,4,0,0,0,0,0,1,1,0,false,false,false,false,false,false,false,false,false,true,false,false,false,false,false,false,false,false,false,false,false,false,false,false,false,false,false,false,false,false,false,false,false,false,false,true,false,true,true,true,false,false,false,20,6,1,4,0,0,0,false,false,false,false
Kubernetes,guidance,Kubernetes---kb_964_Normalized.json,4,1,3,1,3,4,0,completed,,,0.002253,0.00321775,0.00293075,0.000207,4380,1204,121.75,41.75,45,1,3,0,0,0,0,0,1,1,0,false,false,false,false,false,false,false,false,false,true,false,false,false,false,false,false,false,false,false,false,false,false,false,false,false,false,false,false,false,false,false,false,false,false,false,true,false,true,true,true,false,false,false,20,6,1,4,0,0,0,false,false,false,false
Kubernetes,guidance,Kubernetes---kb_965_Normalized.json,6,2,4,2,4,6,0,completed,,,0.002079,0.00405183,0.00366817,0.0002715,5368,1204,122.833,42.5,45,2,4,0,0,0,0,0,1,1,0,false,false,false,false,false,false,false,false,false,true,false,false,false,false,false,false,false,false,false,false,false,false,false,false,false,false,false,false,false,false,false,false,false,false,false,true,false,true,true,true,false,false,false,20,6,1,4,0,0,0,false,false,false,false
Kubernetes,guidance,Kubernetes---kb_966_Normalized.json,4,1,3,1,3,4,0,completed,,,,,,,3183,578,,,,0,3,0,1,0,1,0,1,0.75,-1,false,false,false,false,false,false,false,false,false,false,false,false,false,false,false,false,false,false,false,false,false,false,false,false,false,false,false,false,false,false,false,false,false,false,false,true,false,false,true,true,false,false,false,8,2,2,4,0,0,0,false,false,false,false
Kubernetes,guidance,Kubernetes---kb_967_Normalized.json,3,1,2,1,2,3,0,completed,,,0.001656,0.001359,0.00123033,6.66667e-05,2593,578,61.6667,22.3333,27,0,2,0,1,0,1,0,1,0.666667,-1,false,false,false,false,false,false,false,false,false,false,false,false,false,false,false,false,false,false,false,false,false,false,false,false,false,false,false,false,false,false,false,false,false,false,false,true,false,false,true,true,false,false,false,8,2,2,4,0,0,0,false,false,false,false
Kubernetes,guidance,Kubernetes---kb_968_Normalized.json,4,2,2,2,2,4,0,completed,,,0.009015,0.006074,0.0053075,0.0004805,37508,27866,345,109.5,115,0,2,0,2,0,1,0,1,0.5,-1,true,false,false,false,false,false,false,false,false,true,false,false,false,true,false,false,false,false,true,false,false,false,false,false,false,false,false,false,false,false,false,true,false,false,false,true,false,true,true,true,false,false,false,205,60,5,6,2,2,0,false,true,true,false
Kubernetes,guidance,Kubernetes---kb_969_Normalized.json,2,2,0,2,0,2,0,completed,,,0.007526,0.007369,0.00639,0.000654,34977,27852,376,115,115,0,0,0,2,0,1,0,1,0,-1,true,false,false,false,false,false,false,false,false,true,false,false,false,true,false,false,false,false,true,false,false,false,false,false,false,false,false,false,false,false,false,true,false,false,false,true,false,true,true,true,false,false,false,204,60,5,6,2,1,0,false,true,true,false
Kubernetes,guidance,Kubernetes---kb_96_Normalized.json,3,2,1,2,1,3,0,completed,,,,,,,31570,23293,,,,2,1,0,0,0,0,0,1,1,0,true,false,false,false,false,false,false,false,false,true,false,false,false,true,false,false,false,false,true,false,false,false,false,false,false,false,false,false,false,false,false,false,false,false,false,true,false,true,true,true,false,false,false,195,52,8,6,0,3,0,false,true,true,false
Kubernetes,guidance,Kubernetes---kb_970_Normalized.json,5,2,3,2,3,5,0,completed,,,0.004568,0.0085932,0.0076154,0.0007564,26265,17983,338,90.8,106,2,3,0,0,0,0,0,1,1,0,true,false,false,false,false,false,false,false,false,true,false,false,false,true,false,false,false,false,true,false,false,false,false,false,false,false,false,false,false,false,false,false,false,false,false,true,false,true,true,true,false,false,false,136,42,4,5,0,2,0,false,false,true,false
Kubernetes,guidance,Kubernetes---kb_971_Normalized.json,6,2,4,2,4,6,0,completed,,,0.005463,0.00876283,0.00800633,0.000578167,27619,17969,299.333,82,89,2,4,0,0,0,0,0,1,1,0,true,false,false,false,false,false,false,false,false,true,false,false,false,true,false,false,false,false,true,false,false,false,false,false,false,false,false,false,false,false,false,false,false,false,false,true,false,true,true,true,false,false,false,135,42,4,5,0,1,0,false,false,true,false
Kubernetes,guidance,Kubernetes---kb_972_Normalized.json,7,2,5,2,5,7,0,completed,,,0.00758,0.0055614,0.0049708,0.0004074,42972,21950,940.8,280.2,399,1,5,0,1,0,0.5,0,1,0.857143,-0.5,true,false,false,false,false,false,false,false,false,true,false,false,false,true,false,false,false,false,true,false,false,false,false,false,false,false,false,false,false,false,false,false,false,false,false,true,false,true,true,true,false,false,false,167,50,5,6,0,3,0,false,true,true,false
Kubernetes,guidance,Kubernetes---kb_973_Normalized.json,5,2,3,2,3,5,0,completed,,,0.004244,0.016275,0.014866,0.000802,42287,21936,1641,526,526,0,3,0,2,0,1,0,1,0.6,-1,true,false,false,false,false,false,false,false,false,true,false,false,false,true,false,false,false,false,true,false,false,false,false,false,false,false,false,false,false,false,false,false,false,false,false,true,false,true,true,true,false,false,false,166,50,5,6,0,2,0,false,true,true,false
Kubernetes,guidance,Kubernetes---kb_974_Normalized.json,4,1,3,1,3,4,0,completed,,,,,,,3018,446,,,,1,3,0,0,0,0,0,1,1,0,false,false,false,false,false,false,false,false,false,false,false,false,false,false,false,false,false,false,false,false,false,false,false,false,false,false,false,false,false,false,false,false,false,false,false,true,false,false,true,true,false,false,false,8,2,2,4,0,0,0,false,false,false,false
Kubernetes,guidance,Kubernetes---kb_975_Normalized.json,4,1,3,1,3,4,0,completed,,,0.002059,0.00107525,0.00098475,5.9e-05,2967,446,40.25,12,14,1,3,0,0,0,0,0,1,1,0,false,false,false,false,false,false,false,false,false,false,false,false,false,false,false,false,false,false,false,false,false,false,false,false,false,false,false,false,false,false,false,false,false,false,false,true,false,false,true,true,false,false,false,8,2,2,4,0,0,0,false,false,false,false
Kubernetes,guidance,Kubernetes---kb_976_Normalized.json,3,1,2,1,2,3,0,completed,,,0.001963,0.001992,0.001145,7.93333e-05,3978,1220,117,30.6667,35,0,2,0,1,0,1,0,1,0.666667,-1,false,false,false,false,false,false,false,false,false,false,false,false,false,false,false,false,false,false,false,false,false,false,false,false,false,false,false,false,false,false,false,false,false,false,false,true,false,false,true,true,false,false,false,11,3,1,4,0,0,0,false,false,false,false
Kubernetes,guidance,Kubernetes---kb_977_Normalized.json,2,1,1,1,1,2,0,completed,,,0.001392,0.0019365,0.001685,8.95e-05,3061,1220,122,31.5,35,0,1,0,1,0,1,0,1,0.5,-1,false,false,false,false,false,false,false,false,false,false,false,false,false,false,false,false,false,false,false,false,false,false,false,false,false,false,false,false,false,false,false,false,false,false,false,true,false,false,true,true,false,false,false,11,3,1,4,0,0,0,false,false,false,false
Kubernetes,guidance,Kubernetes---kb_978_Normalized.json,1,1,0,1,0,1,0,completed,,,0.006793,0.007075,0.006131,0.000609,38608,31712,377,118,118,0,0,0,1,0,1,0,1,0,-1,true,false,false,false,false,false,false,false,false,true,false,false,false,true,false,false,false,false,true,false,false,false,false,false,false,false,false,false,false,false,false,true,false,false,false,true,false,true,true,true,false,false,false,236,68,6,6,2,3,0,false,true,true,false
Kubernetes,guidance,Kubernetes---kb_979_Normalized.json,1,1,0,1,0,1,0,completed,,,0.007854,0.006912,0.006095,0.000524,38583,31698,396,122,122,0,0,0,1,0,1,0,1,0,-1,true,false,false,false,false,false,false,false,false,true,false,false,false,true,false,false,false,false,true,false,false,false,false,false,false,false,false,false,false,false,false,true,false,false,false,true,false,true,true,true,false,false,false,235,68,6,6,2,2,0,false,true,true,false
Kubernetes,guidance,Kubernetes---kb_97_Normalized.json,5,2,3,2,3,5,0,completed,,,0.004384,0.008681,0.0062186,0.0004852,37217,23390,602.8,181.6,258,1,3,0,1,0,0.5,0,1,0.8,-0.5,true,false,false,false,false,false,false,false,false,true,false,false,false,true,false,false,false,false,true,false,false,false,false,false,false,false,false,false,false,false,false,false,false,false,false,true,false,true,true,true,false,false,false,195,52,8,6,0,3,0,false,true,true,false
Kubernetes,guidance,Kubernetes---kb_980_Normalized.json,3,2,1,2,1,3,0,completed,,,0.002807,0.002951,0.00261933,0.000238333,4649,2474,97.3333,37.3333,42,2,1,0,0,0,0,0,1,1,0,false,false,false,false,false,false,false,false,false,true,false,false,false,false,false,false,false,false,false,false,false,false,false,false,false,false,false,false,false,false,false,true,false,false,false,true,false,true,true,true,false,false,false,22,6,1,4,2,0,0,false,false,false,false
Kubernetes,guidance,Kubernetes---kb_981_Normalized.json,4,2,2,2,2,4,0,completed,,,0.002951,0.00274675,0.002459,0.0002055,5378,2474,101.25,38,43,2,2,0,0,0,0,0,1,1,0,false,false,false,false,false,false,false,false,false,true,false,false,false,false,false,false,false,false,false,false,false,false,false,false,false,false,false,false,false,false,false,true,false,false,false,true,false,true,true,true,false,false,false,22,6,1,4,2,0,0,false,false,false,false
Kubernetes,guidance,Kubernetes---kb_982_Normalized.json,5,2,3,2,3,5,0,completed,,,0.002217,,,,3707,705,,,,2,3,0,0,0,0,0,1,1,0,false,false,false,false,false,false,false,false,false,false,false,false,false,false,false,false,false,false,false,false,false,false,false,false,false,false,false,false,false,false,false,false,false,false,false,true,false,false,true,true,false,false,false,13,4,2,4,0,0,0,false,false,false,false
Kubernetes,guidance,Kubernetes---kb_983_Normalized.json,4,2,2,2,2,4,0,completed,,,0.00203,0.00236475,0.00215775,0.000141,3056,705,79.75,26,27,2,2,0,0,0,0,0,1,1,0,false,false,false,false,false,false,false,false,false,false,false,false,false,false,false,false,false,false,false,false,false,false,false,false,false,false,false,false,false,false,false,false,false,false,false,true,false,false,true,true,false,false,false,13,4,2,4,0,0,0,false,false,false,false
Kubernetes,guidance,Kubernetes---kb_984_Normalized.json,5,2,3,2,3,5,0,completed,,,0.002027,0.002225,0.002022,0.0001308,3661,702,83.4,27,29,2,3,0,0,0,0,0,1,1,0,false,false,false,false,false,false,false,false,false,false,false,false,false,false,false,false,false,false,false,false,false,false,false,false,false,false,false,false,false,false,false,false,false,false,false,true,false,false,true,true,false,false,false,13,4,2,4,0,0,0,false,false,false,false
Kubernetes,guidance,Kubernetes---kb_985_Normalized.json,2,1,1,1,1,2,0,completed,,,0.001907,0.002747,0.00252,0.0001555,2264,702,93.5,28,29,1,1,0,0,0,0,0,1,1,0,false,false,false,false,false,false,false,false,false,false,false,false,false,false,false,false,false,false,false,false,false,false,false,false,false,false,false,false,false,false,false,false,false,false,false,true,false,false,true,true,false,false,false,13,4,2,4,0,0,0,false,false,false,false
Kubernetes,guidance,Kubernetes---kb_986_Normalized.json,3,1,2,1,2,3,0,completed,,,0.002119,0.001967,0.00178067,0.000142667,2415,517,56,19,20,1,2,0,0,0,0,0,1,1,0,false,false,false,false,false,false,false,false,false,false,false,false,false,false,false,false,false,false,false,false,false,false,false,false,false,false,false,false,false,false,false,false,false,false,false,true,false,false,false,true,false,false,false,10,3,0,4,0,0,0,false,false,false,false
Kubernetes,guidance,Kubernetes---kb_987_Normalized.json,3,1,2,1,2,3,0,completed,,,0.002272,0.00148667,0.00135833,9.16667e-05,2415,517,56,19,20,1,2,0,0,0,0,0,1,1,0,false,false,false,false,false,false,false,false,false,false,false,false,false,false,false,false,false,false,false,false,false,false,false,false,false,false,false,false,false,false,false,false,false,false,false,true,false,false,false,true,false,false,false,10,3,0,4,0,0,0,false,false,false,false
Kubernetes,guidance,Kubernetes---kb_988_Normalized.json,5,2,3,2,3,5,0,completed,,,,,,,3642,705,,,,2,3,0,0,0,0,0,1,1,0,false,false,false,false,false,false,false,false,false,false,false,false,false,false,false,false,false,false,false,false,false,false,false,false,false,false,false,false,false,false,false,false,false,false,false,true,false,false,true,true,false,false,false,13,4,2,4,0,0,0,false,false,false,false
Kubernetes,guidance,Kubernetes---kb_989_Normalized.json,2,1,1,1,1,2,0,completed,,,,,,,1874,517,,,,1,1,0,0,0,0,0,1,1,0,false,false,false,false,false,false,false,false,false,false,false,false,false,false,false,false,false,false,false,false,false,false,false,false,false,false,false,false,false,false,false,false,false,false,false,true,false,false,false,true,false,false,false,10,3,0,4,0,0,0,false,false,false,false
Kubernetes,guidance,Kubernetes---kb_98_Normalized.json,6,1,5,1,5,6,0,completed,,,0.006975,0.00541733,0.003757,0.000202,37627,23345,330.25,101.5,111,1,5,0,0,0,0,0,1,1,0,true,false,false,false,false,false,false,false,false,true,false,false,false,true,false,false,false,false,true,false,false,false,false,false,false,false,false,false,false,false,false,false,false,false,false,true,false,true,true,true,false,false,false,194,52,8,6,0,2,0,false,true,true,false
Kubernetes,guidance,Kubernetes---kb_990_Normalized.json,3,2,1,2,1,3,0,completed,,,0.004713,0.008438,0.007484,0.000601,18776,11277,766.333,258,288,0,1,0,2,0,1,0,1,0.333333,-1,true,false,false,false,false,false,false,false,false,true,false,false,false,false,false,false,false,false,true,false,false,false,false,false,false,false,false,false,false,false,false,true,false,false,false,true,false,true,true,true,false,false,false,81,23,1,5,2,0,0,false,false,true,false
Kubernetes,guidance,Kubernetes---kb_991_Normalized.json,4,2,2,2,2,4,0,completed,,,0.004466,0.00884825,0.0078905,0.00058725,20943,11277,766,265,271,0,2,0,2,0,1,0,1,0.5,-1,true,false,false,false,false,false,false,false,false,true,false,false,false,false,false,false,false,false,true,false,false,false,false,false,false,false,false,false,false,false,false,true,false,false,false,true,false,true,true,true,false,false,false,81,23,1,5,2,0,0,false,false,true,false
Kubernetes,guidance,Kubernetes---kb_992_Normalized.json,3,1,2,1,2,3,0,completed,,,0.001764,0.002005,0.000733,0.0001285,4299,1450,131,46,48,0,2,0,1,0,1,0,1,0.666667,-1,false,false,false,false,false,false,false,false,false,true,false,false,false,false,false,false,false,false,true,false,false,false,false,false,false,false,false,false,false,false,false,false,false,false,false,true,false,true,false,true,false,false,false,20,4,0,5,0,0,0,false,false,false,false
Kubernetes,guidance,Kubernetes---kb_993_Normalized.json,3,2,1,2,1,3,0,completed,,,0.002388,0.001803,0.00143567,0.000118333,3667,1450,98.3333,35,48,0,1,0,2,0,1,0,1,0.333333,-1,false,false,false,false,false,false,false,false,false,true,false,false,false,false,false,false,false,false,true,false,false,false,false,false,false,false,false,false,false,false,false,false,false,false,false,true,false,true,false,true,false,false,false,20,4,0,5,0,0,0,false,false,false,false
Kubernetes,guidance,Kubernetes---kb_994_Normalized.json,1,1,0,1,0,1,0,completed,,,0.002365,0.002723,0.002237,0.000431,1523,837,38,12,12,1,0,0,0,0,0,0,1,1,0,false,false,false,false,false,false,false,false,false,true,false,false,false,false,false,false,false,false,false,false,false,false,false,false,false,false,false,false,false,false,false,false,false,false,false,true,false,true,false,true,false,false,false,12,2,0,4,0,0,0,false,false,false,false
Kubernetes,guidance,Kubernetes---kb_995_Normalized.json,2,2,0,2,0,2,0,completed,,,0.001609,0.0021285,0.0018475,0.00023,1700,837,38.5,12,12,2,0,0,0,0,0,0,1,1,0,false,false,false,false,false,false,false,false,false,true,false,false,false,false,false,false,false,false,false,false,false,false,false,false,false,false,false,false,false,false,false,false,false,false,false,true,false,true,false,true,false,false,false,12,2,0,4,0,0,0,false,false,false,false
Kubernetes,guidance,Kubernetes---kb_996_Normalized.json,2,2,0,2,0,2,0,completed,,,0.056073,0.001555,0.0012845,0.000115,197603,158506,503,145.5,164,0,0,0,2,0,1,0,1,0,-1,true,false,false,false,false,false,false,false,false,true,false,false,false,true,false,false,false,false,true,false,false,false,false,false,false,false,false,false,false,false,false,true,false,false,false,true,false,true,true,true,false,false,false,1547,472,83,6,4,3,0,false,true,true,false
Kubernetes,guidance,Kubernetes---kb_999_Normalized.json,2,2,0,2,0,2,0,completed,,,0.035739,0.001842,0.0014355,0.0001155,197390,158487,436,130.5,139,0,0,0,2,0,1,0,1,0,-1,true,false,false,false,false,false,false,false,false,true,false,false,false,true,false,false,false,false,true,false,false,false,false,false,false,false,false,false,false,false,false,true,false,false,false,true,false,true,true,true,false,false,false,1546,472,83,6,4,2,0,false,true,true,false
Kubernetes,guidance,Kubernetes---kb_99_Normalized.json,4,2,2,2,2,4,0,completed,,,0.003203,0.00210375,0.00193125,0.0001105,3143,669,107.25,29,31,2,2,0,0,0,0,0,1,1,0,false,false,false,false,false,false,false,false,false,false,false,false,false,false,false,false,false,false,false,false,false,false,false,false,false,false,false,false,false,false,false,false,false,false,false,true,false,false,true,true,false,false,false,12,4,2,4,0,0,0,false,false,false,false
Kubernetes,guidance,Kubernetes---kb_9_Normalized.json,2,1,1,1,1,2,0,completed,,,0.002045,0.0015065,0.0013995,6.8e-05,1333,247,20,7,8,1,1,0,0,0,0,0,1,1,0,false,false,false,false,false,false,false,false,false,false,false,false,false,false,false,false,false,false,false,false,false,false,false,false,false,false,false,false,false,false,false,false,false,false,false,true,false,false,true,true,false,false,false,6,1,1,4,0,0,0,false,false,false,false
