schema_id,test_id,expected_validity,actual_result,accepted,result_available,constraint_case,compile_grammar_s,validation_loop_s,compute_mask_s,commit_token_s,num_tokens,tokens_checked
Kubernetes---kb_0_Normalized.json,Kubernetes---kb_0_Normalized.json::test_00000,valid,failed,False,True,over_constraint,0.010277,0.008245,0.007152,0.000785,313,114
Kubernetes---kb_0_Normalized.json,Kubernetes---kb_0_Normalized.json::test_00001,valid,failed,False,True,over_constraint,0.010277,0.006084,0.005535,0.000274,311,116
Kubernetes---kb_0_Normalized.json,Kubernetes---kb_0_Normalized.json::test_00002,invalid,passed,False,True,correct_reject,0.010277,0.00264,0.002416,0.000127,306,48
Kubernetes---kb_1000_Normalized.json,Kubernetes---kb_1000_Normalized.json::test_00000,valid,passed,True,True,correct_accept,0.000978,0.002876,0.002636,0.000134,51,51
Kubernetes---kb_1000_Normalized.json,Kubernetes---kb_1000_Normalized.json::test_00001,invalid,passed,False,True,correct_reject,0.000978,0.001272,0.001141,7.2e-05,47,25
Kubernetes---kb_1000_Normalized.json,Kubernetes---kb_1000_Normalized.json::test_00002,valid,passed,True,True,correct_accept,0.000978,0.002485,0.002259,0.000131,52,52
Kubernetes---kb_1000_Normalized.json,Kubernetes---kb_1000_Normalized.json::test_00003,invalid,passed,False,True,correct_reject,0.000978,0.001602,0.001462,7e-05,57,35
Kubernetes---kb_1001_Normalized.json,Kubernetes---kb_1001_Normalized.json::test_00000,valid,passed,True,True,correct_accept,0.002954,0.010599,0.009777,0.000559,52,52
Kubernetes---kb_1001_Normalized.json,Kubernetes---kb_1001_Normalized.json::test_00001,invalid,passed,False,True,correct_reject,0.002954,0.004344,0.003977,0.000242,48,25
Kubernetes---kb_1001_Normalized.json,Kubernetes---kb_1001_Normalized.json::test_00002,invalid,passed,False,True,correct_reject,0.002954,0.007551,0.0069,0.000444,52,45
Kubernetes---kb_1001_Normalized.json,Kubernetes---kb_1001_Normalized.json::test_00003,invalid,passed,False,True,correct_reject,0.002954,0.007615,0.00701,0.000406,52,45
Kubernetes---kb_1001_Normalized.json,Kubernetes---kb_1001_Normalized.json::test_00004,valid,passed,True,True,correct_accept,0.002954,0.009032,0.008283,0.000515,53,53
Kubernetes---kb_1001_Normalized.json,Kubernetes---kb_1001_Normalized.json::test_00005,invalid,passed,False,True,correct_reject,0.002954,0.000281,0.000234,2.9e-05,47,2
Kubernetes---kb_1001_Normalized.json,Kubernetes---kb_1001_Normalized.json::test_00006,invalid,passed,False,True,correct_reject,0.002954,0.000279,0.000232,2.7e-05,44,2
Kubernetes---kb_1002_Normalized.json,Kubernetes---kb_1002_Normalized.json::test_00000,valid,passed,True,True,correct_accept,0.001405,0.011553,0.010683,0.000586,51,51
Kubernetes---kb_1002_Normalized.json,Kubernetes---kb_1002_Normalized.json::test_00001,invalid,passed,False,True,correct_reject,0.001405,0.004881,0.004471,0.000272,47,25
Kubernetes---kb_1002_Normalized.json,Kubernetes---kb_1002_Normalized.json::test_00002,invalid,passed,False,True,correct_reject,0.001405,0.001068,0.000894,0.000117,41,7
Kubernetes---kb_1002_Normalized.json,Kubernetes---kb_1002_Normalized.json::test_00003,valid,passed,True,True,correct_accept,0.001405,0.009436,0.008708,0.000495,51,51
Kubernetes---kb_1002_Normalized.json,Kubernetes---kb_1002_Normalized.json::test_00004,invalid,passed,False,True,correct_reject,0.001405,0.000439,0.000363,4.6e-05,47,2
Kubernetes---kb_1002_Normalized.json,Kubernetes---kb_1002_Normalized.json::test_00005,invalid,passed,False,True,correct_reject,0.001405,0.000335,0.00028,3.2e-05,58,2
Kubernetes---kb_1003_Normalized.json,Kubernetes---kb_1003_Normalized.json::test_00000,valid,passed,True,True,correct_accept,0.001055,0.002942,0.002698,0.000139,51,51
Kubernetes---kb_1003_Normalized.json,Kubernetes---kb_1003_Normalized.json::test_00001,invalid,passed,False,True,correct_reject,0.001055,0.001378,0.001261,6.1e-05,47,25
Kubernetes---kb_1003_Normalized.json,Kubernetes---kb_1003_Normalized.json::test_00002,valid,passed,True,True,correct_accept,0.001055,0.002434,0.002228,0.00011,52,52
Kubernetes---kb_1003_Normalized.json,Kubernetes---kb_1003_Normalized.json::test_00003,invalid,passed,False,True,correct_reject,0.001055,0.000206,0.000176,2e-05,48,2
Kubernetes---kb_1008_Normalized.json,Kubernetes---kb_1008_Normalized.json::test_00000,valid,failed,False,True,over_constraint,0.020542,0.004209,0.003671,0.000306,158,63
Kubernetes---kb_1008_Normalized.json,Kubernetes---kb_1008_Normalized.json::test_00001,valid,failed,False,True,over_constraint,0.020542,0.00279,0.002426,0.000164,149,64
Kubernetes---kb_100_Normalized.json,Kubernetes---kb_100_Normalized.json::test_00000,valid,passed,True,True,correct_accept,0.001117,0.002295,0.002099,0.000121,31,31
Kubernetes---kb_100_Normalized.json,Kubernetes---kb_100_Normalized.json::test_00001,invalid,passed,False,True,correct_reject,0.001117,0.000354,0.000301,3.3e-05,30,5
Kubernetes---kb_100_Normalized.json,Kubernetes---kb_100_Normalized.json::test_00002,valid,passed,True,True,correct_accept,0.001117,0.00119,0.001061,7.8e-05,27,27
Kubernetes---kb_100_Normalized.json,Kubernetes---kb_100_Normalized.json::test_00003,invalid,passed,False,True,correct_reject,0.001117,7.5e-05,6.1e-05,7e-06,29,2
Kubernetes---kb_100_Normalized.json,Kubernetes---kb_100_Normalized.json::test_00004,invalid,passed,False,True,correct_reject,0.001117,8.1e-05,6.7e-05,7e-06,25,2
Kubernetes---kb_1011_Normalized.json,Kubernetes---kb_1011_Normalized.json::test_00000,valid,failed,False,True,over_constraint,0.04132,0.006265,0.005481,0.000465,149,64
Kubernetes---kb_1011_Normalized.json,Kubernetes---kb_1011_Normalized.json::test_00001,valid,failed,False,True,over_constraint,0.04132,0.003972,0.003416,0.000276,159,61
Kubernetes---kb_1012_Normalized.json,Kubernetes---kb_1012_Normalized.json::test_00000,valid,passed,True,True,correct_accept,0.001455,0.00693,0.006169,0.000489,118,118
Kubernetes---kb_1012_Normalized.json,Kubernetes---kb_1012_Normalized.json::test_00001,invalid,passed,False,True,correct_reject,0.001455,0.000269,0.000226,2.5e-05,117,5
Kubernetes---kb_1012_Normalized.json,Kubernetes---kb_1012_Normalized.json::test_00002,invalid,passed,False,True,correct_reject,0.001455,0.00022,0.000185,2.2e-05,119,5
Kubernetes---kb_1012_Normalized.json,Kubernetes---kb_1012_Normalized.json::test_00003,invalid,passed,False,True,correct_reject,0.001455,0.002209,0.001996,0.00011,112,51
Kubernetes---kb_1012_Normalized.json,Kubernetes---kb_1012_Normalized.json::test_00004,invalid,passed,False,True,correct_reject,0.001455,0.003925,0.003507,0.000213,118,102
Kubernetes---kb_1012_Normalized.json,Kubernetes---kb_1012_Normalized.json::test_00005,invalid,passed,False,True,correct_reject,0.001455,0.000217,0.000182,2.3e-05,118,5
Kubernetes---kb_1012_Normalized.json,Kubernetes---kb_1012_Normalized.json::test_00006,valid,passed,True,True,correct_accept,0.001455,0.007711,0.006883,0.000442,174,174
Kubernetes---kb_1012_Normalized.json,Kubernetes---kb_1012_Normalized.json::test_00007,invalid,passed,False,True,correct_reject,0.001455,0.007497,0.006646,0.000466,180,159
Kubernetes---kb_1012_Normalized.json,Kubernetes---kb_1012_Normalized.json::test_00008,invalid,passed,False,True,correct_reject,0.001455,0.000243,0.000205,2.4e-05,182,5
Kubernetes---kb_1015_Normalized.json,Kubernetes---kb_1015_Normalized.json::test_00000,valid,passed,True,True,correct_accept,0.001342,0.008618,0.007766,0.000509,174,174
Kubernetes---kb_1015_Normalized.json,Kubernetes---kb_1015_Normalized.json::test_00001,invalid,passed,False,True,correct_reject,0.001342,0.000299,0.000255,2.6e-05,167,5
Kubernetes---kb_1015_Normalized.json,Kubernetes---kb_1015_Normalized.json::test_00002,invalid,passed,False,True,correct_reject,0.001342,0.004932,0.004498,0.000223,176,114
Kubernetes---kb_1015_Normalized.json,Kubernetes---kb_1015_Normalized.json::test_00003,invalid,passed,False,True,correct_reject,0.001342,0.004864,0.004392,0.00024,168,106
Kubernetes---kb_1015_Normalized.json,Kubernetes---kb_1015_Normalized.json::test_00004,invalid,passed,False,True,correct_reject,0.001342,0.000298,0.000256,2.5e-05,174,5
Kubernetes---kb_1015_Normalized.json,Kubernetes---kb_1015_Normalized.json::test_00005,invalid,passed,False,True,correct_reject,0.001342,0.007554,0.006788,0.000405,219,157
Kubernetes---kb_1015_Normalized.json,Kubernetes---kb_1015_Normalized.json::test_00006,valid,passed,True,True,correct_accept,0.001342,0.00834,0.007392,0.000531,174,174
Kubernetes---kb_1015_Normalized.json,Kubernetes---kb_1015_Normalized.json::test_00007,invalid,passed,False,True,correct_reject,0.001342,0.004518,0.004126,0.000189,174,105
Kubernetes---kb_1016_Normalized.json,Kubernetes---kb_1016_Normalized.json::test_00000,valid,failed,False,True,over_constraint,0.001359,0.001305,0.00108,6.7e-05,18,5
Kubernetes---kb_1016_Normalized.json,Kubernetes---kb_1016_Normalized.json::test_00001,invalid,passed,False,True,correct_reject,0.001359,0.000508,0.000457,3.2e-05,16,5
Kubernetes---kb_1016_Normalized.json,Kubernetes---kb_1016_Normalized.json::test_00002,invalid,passed,False,True,correct_reject,0.001359,0.000641,0.000471,3.2e-05,18,5
Kubernetes---kb_1016_Normalized.json,Kubernetes---kb_1016_Normalized.json::test_00003,valid,failed,False,True,over_constraint,0.001359,0.001765,0.001338,0.000259,18,15
Kubernetes---kb_1016_Normalized.json,Kubernetes---kb_1016_Normalized.json::test_00004,invalid,passed,False,True,correct_reject,0.001359,0.000468,0.00042,3.1e-05,16,5
Kubernetes---kb_1019_Normalized.json,Kubernetes---kb_1019_Normalized.json::test_00000,valid,failed,False,True,over_constraint,0.001326,0.002056,0.001705,0.000115,18,5
Kubernetes---kb_1019_Normalized.json,Kubernetes---kb_1019_Normalized.json::test_00001,invalid,passed,False,True,correct_reject,0.001326,0.000722,0.000642,5.1e-05,16,5
Kubernetes---kb_1019_Normalized.json,Kubernetes---kb_1019_Normalized.json::test_00002,invalid,passed,False,True,correct_reject,0.001326,0.000975,0.000709,5.4e-05,18,5
Kubernetes---kb_1019_Normalized.json,Kubernetes---kb_1019_Normalized.json::test_00003,valid,failed,False,True,over_constraint,0.001326,0.002866,0.002184,0.000437,18,15
Kubernetes---kb_101_Normalized.json,Kubernetes---kb_101_Normalized.json::test_00000,valid,passed,True,True,correct_accept,0.002397,0.005491,0.004921,0.000416,70,70
Kubernetes---kb_101_Normalized.json,Kubernetes---kb_101_Normalized.json::test_00001,invalid,passed,False,True,correct_reject,0.002397,0.002052,0.001861,0.00012,95,34
Kubernetes---kb_101_Normalized.json,Kubernetes---kb_101_Normalized.json::test_00002,invalid,passed,False,True,correct_reject,0.002397,0.000492,0.000445,2.9e-05,67,6
Kubernetes---kb_101_Normalized.json,Kubernetes---kb_101_Normalized.json::test_00003,invalid,passed,False,True,correct_reject,0.002397,0.002241,0.00204,0.000126,90,34
Kubernetes---kb_101_Normalized.json,Kubernetes---kb_101_Normalized.json::test_00004,invalid,passed,False,True,correct_reject,0.002397,0.00248,0.00225,0.000139,79,34
Kubernetes---kb_101_Normalized.json,Kubernetes---kb_101_Normalized.json::test_00005,invalid,passed,False,True,correct_reject,0.002397,0.00248,0.002261,0.000139,69,34
Kubernetes---kb_101_Normalized.json,Kubernetes---kb_101_Normalized.json::test_00006,valid,passed,True,True,correct_accept,0.002397,0.00581,0.005286,0.00035,79,79
Kubernetes---kb_101_Normalized.json,Kubernetes---kb_101_Normalized.json::test_00007,invalid,passed,False,True,correct_reject,0.002397,0.000444,0.000398,2.8e-05,79,7
Kubernetes---kb_1020_Normalized.json,Kubernetes---kb_1020_Normalized.json::test_00000,valid,passed,True,True,correct_accept,0.002795,0.015773,0.013994,0.001397,155,155
Kubernetes---kb_1020_Normalized.json,Kubernetes---kb_1020_Normalized.json::test_00001,invalid,passed,False,True,correct_reject,0.002795,0.001043,0.000913,8e-05,159,12
Kubernetes---kb_1020_Normalized.json,Kubernetes---kb_1020_Normalized.json::test_00002,invalid,passed,False,True,correct_reject,0.002795,0.000605,0.000534,4.5e-05,154,6
Kubernetes---kb_1020_Normalized.json,Kubernetes---kb_1020_Normalized.json::test_00003,invalid,passed,False,True,correct_reject,0.002795,0.000596,0.000533,3.8e-05,155,7
Kubernetes---kb_1020_Normalized.json,Kubernetes---kb_1020_Normalized.json::test_00004,invalid,passed,False,True,correct_reject,0.002795,0.006432,0.005859,0.000358,155,84
Kubernetes---kb_1020_Normalized.json,Kubernetes---kb_1020_Normalized.json::test_00005,invalid,passed,False,True,correct_reject,0.002795,0.000911,0.000815,6e-05,155,12
Kubernetes---kb_1020_Normalized.json,Kubernetes---kb_1020_Normalized.json::test_00006,invalid,passed,False,True,correct_reject,0.002795,0.000679,0.0006,4.9e-05,163,7
Kubernetes---kb_1020_Normalized.json,Kubernetes---kb_1020_Normalized.json::test_00007,valid,failed,False,True,over_constraint,0.002795,0.006061,0.005313,0.000426,163,77
Kubernetes---kb_1020_Normalized.json,Kubernetes---kb_1020_Normalized.json::test_00008,invalid,passed,False,True,correct_reject,0.002795,0.000998,0.00088,7.3e-05,163,12
Kubernetes---kb_1020_Normalized.json,Kubernetes---kb_1020_Normalized.json::test_00009,invalid,passed,False,True,correct_reject,0.002795,0.000988,0.00087,7.4e-05,164,12
Kubernetes---kb_1021_Normalized.json,Kubernetes---kb_1021_Normalized.json::test_00000,valid,failed,False,True,over_constraint,0.002082,0.007909,0.006967,0.000614,163,77
Kubernetes---kb_1021_Normalized.json,Kubernetes---kb_1021_Normalized.json::test_00001,invalid,passed,False,True,correct_reject,0.002082,0.00113,0.000994,9.1e-05,163,12
Kubernetes---kb_1021_Normalized.json,Kubernetes---kb_1021_Normalized.json::test_00002,invalid,passed,False,True,correct_reject,0.002082,0.000523,0.000474,2.9e-05,162,6
Kubernetes---kb_1021_Normalized.json,Kubernetes---kb_1021_Normalized.json::test_00003,invalid,passed,False,True,correct_reject,0.002082,0.004674,0.004319,0.000215,215,69
Kubernetes---kb_1021_Normalized.json,Kubernetes---kb_1021_Normalized.json::test_00004,invalid,passed,False,True,correct_reject,0.002082,0.005549,0.004971,0.000295,105,77
Kubernetes---kb_1021_Normalized.json,Kubernetes---kb_1021_Normalized.json::test_00005,valid,passed,True,True,correct_accept,0.002082,0.009522,0.00855,0.000685,136,136
Kubernetes---kb_1021_Normalized.json,Kubernetes---kb_1021_Normalized.json::test_00006,invalid,passed,False,True,correct_reject,0.002082,0.00094,0.00086,4.8e-05,75,12
Kubernetes---kb_1021_Normalized.json,Kubernetes---kb_1021_Normalized.json::test_00007,invalid,passed,False,True,correct_reject,0.002082,0.002704,0.002482,0.000135,136,41
Kubernetes---kb_1022_Normalized.json,Kubernetes---kb_1022_Normalized.json::test_00000,valid,passed,True,True,correct_accept,0.001406,0.004605,0.004161,0.000337,32,32
Kubernetes---kb_1022_Normalized.json,Kubernetes---kb_1022_Normalized.json::test_00001,invalid,passed,False,True,correct_reject,0.001406,0.000628,0.000564,3.8e-05,28,5
Kubernetes---kb_1022_Normalized.json,Kubernetes---kb_1022_Normalized.json::test_00002,valid,passed,True,True,correct_accept,0.001406,0.002728,0.002522,0.000131,27,27
Kubernetes---kb_1022_Normalized.json,Kubernetes---kb_1022_Normalized.json::test_00003,invalid,passed,False,True,correct_reject,0.001406,0.000516,0.000466,3e-05,22,4
Kubernetes---kb_1022_Normalized.json,Kubernetes---kb_1022_Normalized.json::test_00004,invalid,passed,False,True,correct_reject,0.001406,0.00059,0.000531,3.5e-05,23,5
Kubernetes---kb_1023_Normalized.json,Kubernetes---kb_1023_Normalized.json::test_00000,valid,passed,True,True,correct_accept,0.001382,0.004178,0.003766,0.000307,31,31
Kubernetes---kb_1023_Normalized.json,Kubernetes---kb_1023_Normalized.json::test_00001,invalid,passed,False,True,correct_reject,0.001382,0.000579,0.00052,3.6e-05,27,5
Kubernetes---kb_1023_Normalized.json,Kubernetes---kb_1023_Normalized.json::test_00002,invalid,passed,False,True,correct_reject,0.001382,0.000533,0.000479,3.4e-05,35,5
Kubernetes---kb_1023_Normalized.json,Kubernetes---kb_1023_Normalized.json::test_00003,valid,passed,True,True,correct_accept,0.001382,0.003148,0.00292,0.000137,32,32
Kubernetes---kb_1023_Normalized.json,Kubernetes---kb_1023_Normalized.json::test_00004,invalid,passed,False,True,correct_reject,0.001382,0.000545,0.000492,3.1e-05,28,5
Kubernetes---kb_1024_Normalized.json,Kubernetes---kb_1024_Normalized.json::test_00000,valid,failed,False,True,over_constraint,0.002084,0.007311,0.006517,0.000459,105,59
Kubernetes---kb_1024_Normalized.json,Kubernetes---kb_1024_Normalized.json::test_00001,invalid,passed,False,True,correct_reject,0.002084,0.000618,0.000561,3.6e-05,59,5
Kubernetes---kb_1024_Normalized.json,Kubernetes---kb_1024_Normalized.json::test_00002,invalid,passed,False,True,correct_reject,0.002084,0.004926,0.004561,0.000228,104,53
Kubernetes---kb_1024_Normalized.json,Kubernetes---kb_1024_Normalized.json::test_00003,invalid,passed,False,True,correct_reject,0.002084,0.005682,0.00527,0.00026,104,59
Kubernetes---kb_1024_Normalized.json,Kubernetes---kb_1024_Normalized.json::test_00004,invalid,passed,False,True,correct_reject,0.002084,0.002515,0.002305,0.000141,104,26
Kubernetes---kb_1024_Normalized.json,Kubernetes---kb_1024_Normalized.json::test_00005,valid,failed,False,True,over_constraint,0.002084,0.004941,0.004427,0.000235,98,52
Kubernetes---kb_1024_Normalized.json,Kubernetes---kb_1024_Normalized.json::test_00006,invalid,passed,False,True,correct_reject,0.002084,0.00067,0.000607,3.9e-05,68,5
Kubernetes---kb_1025_Normalized.json,Kubernetes---kb_1025_Normalized.json::test_00000,valid,failed,False,True,over_constraint,0.002339,0.006412,0.005706,0.000398,105,59
Kubernetes---kb_1025_Normalized.json,Kubernetes---kb_1025_Normalized.json::test_00001,invalid,passed,False,True,correct_reject,0.002339,0.000543,0.000493,3e-05,57,5
Kubernetes---kb_1025_Normalized.json,Kubernetes---kb_1025_Normalized.json::test_00002,invalid,passed,False,True,correct_reject,0.002339,0.00426,0.00395,0.00018,104,53
Kubernetes---kb_1025_Normalized.json,Kubernetes---kb_1025_Normalized.json::test_00003,invalid,passed,False,True,correct_reject,0.002339,0.004869,0.004492,0.000238,105,60
Kubernetes---kb_1025_Normalized.json,Kubernetes---kb_1025_Normalized.json::test_00004,invalid,passed,False,True,correct_reject,0.002339,0.000801,0.000726,4.6e-05,133,8
Kubernetes---kb_1025_Normalized.json,Kubernetes---kb_1025_Normalized.json::test_00005,valid,failed,False,True,over_constraint,0.002339,0.005219,0.004706,0.000226,107,61
Kubernetes---kb_1025_Normalized.json,Kubernetes---kb_1025_Normalized.json::test_00006,invalid,passed,False,True,correct_reject,0.002339,0.000802,0.000724,4.8e-05,57,5
Kubernetes---kb_1026_Normalized.json,Kubernetes---kb_1026_Normalized.json::test_00000,valid,failed,False,True,over_constraint,0.004922,0.003922,0.00342,0.000263,135,39
Kubernetes---kb_1026_Normalized.json,Kubernetes---kb_1026_Normalized.json::test_00001,invalid,passed,False,True,correct_reject,0.004922,0.003986,0.003505,0.000322,169,40
Kubernetes---kb_1026_Normalized.json,Kubernetes---kb_1026_Normalized.json::test_00002,invalid,passed,False,True,correct_reject,0.004922,0.003832,0.003234,0.000311,132,39
Kubernetes---kb_1026_Normalized.json,Kubernetes---kb_1026_Normalized.json::test_00003,invalid,passed,False,True,correct_reject,0.004922,0.003819,0.003236,0.000306,136,39
Kubernetes---kb_1026_Normalized.json,Kubernetes---kb_1026_Normalized.json::test_00004,invalid,passed,False,True,correct_reject,0.004922,0.003824,0.003221,0.000322,136,39
Kubernetes---kb_1026_Normalized.json,Kubernetes---kb_1026_Normalized.json::test_00005,invalid,passed,False,True,correct_reject,0.004922,0.003513,0.002932,0.000297,132,39
Kubernetes---kb_1026_Normalized.json,Kubernetes---kb_1026_Normalized.json::test_00006,valid,failed,False,True,over_constraint,0.004922,0.006432,0.005594,0.000511,91,63
Kubernetes---kb_1026_Normalized.json,Kubernetes---kb_1026_Normalized.json::test_00007,invalid,passed,False,True,correct_reject,0.004922,0.00363,0.003052,0.000307,92,39
Kubernetes---kb_1026_Normalized.json,Kubernetes---kb_1026_Normalized.json::test_00008,invalid,passed,False,True,correct_reject,0.004922,0.003765,0.003184,0.000317,127,39
Kubernetes---kb_1027_Normalized.json,Kubernetes---kb_1027_Normalized.json::test_00000,valid,failed,False,True,over_constraint,0.004258,0.004503,0.003933,0.0003,137,41
Kubernetes---kb_1027_Normalized.json,Kubernetes---kb_1027_Normalized.json::test_00001,invalid,passed,False,True,correct_reject,0.004258,0.002841,0.002424,0.000195,138,41
Kubernetes---kb_1027_Normalized.json,Kubernetes---kb_1027_Normalized.json::test_00002,invalid,passed,False,True,correct_reject,0.004258,0.002918,0.002485,0.000204,138,41
Kubernetes---kb_1027_Normalized.json,Kubernetes---kb_1027_Normalized.json::test_00003,invalid,passed,False,True,correct_reject,0.004258,0.002922,0.002505,0.000201,143,41
Kubernetes---kb_1027_Normalized.json,Kubernetes---kb_1027_Normalized.json::test_00004,valid,failed,False,True,over_constraint,0.004258,0.003302,0.002757,0.00031,146,34
Kubernetes---kb_1027_Normalized.json,Kubernetes---kb_1027_Normalized.json::test_00005,invalid,passed,False,True,correct_reject,0.004258,0.003805,0.003314,0.000249,139,50
Kubernetes---kb_1027_Normalized.json,Kubernetes---kb_1027_Normalized.json::test_00006,invalid,passed,False,True,correct_reject,0.004258,0.003,0.002687,0.0002,152,42
Kubernetes---kb_1027_Normalized.json,Kubernetes---kb_1027_Normalized.json::test_00007,invalid,passed,False,True,correct_reject,0.004258,0.019675,0.018295,0.000757,654,211
Kubernetes---kb_1028_Normalized.json,Kubernetes---kb_1028_Normalized.json::test_00000,valid,failed,False,True,over_constraint,0.004322,0.005365,0.004746,0.000336,119,41
Kubernetes---kb_1028_Normalized.json,Kubernetes---kb_1028_Normalized.json::test_00001,invalid,passed,False,True,correct_reject,0.004322,0.003657,0.003311,0.00021,145,42
Kubernetes---kb_1028_Normalized.json,Kubernetes---kb_1028_Normalized.json::test_00002,invalid,passed,False,True,correct_reject,0.004322,0.003526,0.003101,0.000197,109,41
Kubernetes---kb_1028_Normalized.json,Kubernetes---kb_1028_Normalized.json::test_00003,invalid,passed,False,True,correct_reject,0.004322,0.003445,0.003035,0.000195,150,41
Kubernetes---kb_1028_Normalized.json,Kubernetes---kb_1028_Normalized.json::test_00004,invalid,passed,False,True,correct_reject,0.004322,0.003611,0.003174,0.00021,115,41
Kubernetes---kb_1028_Normalized.json,Kubernetes---kb_1028_Normalized.json::test_00005,invalid,passed,False,True,correct_reject,0.004322,0.003446,0.003029,0.000198,116,41
Kubernetes---kb_1028_Normalized.json,Kubernetes---kb_1028_Normalized.json::test_00006,valid,failed,False,True,over_constraint,0.004322,0.003556,0.002878,0.000431,130,35
Kubernetes---kb_1028_Normalized.json,Kubernetes---kb_1028_Normalized.json::test_00007,invalid,passed,False,True,correct_reject,0.004322,0.003486,0.00306,0.000197,133,41
Kubernetes---kb_1028_Normalized.json,Kubernetes---kb_1028_Normalized.json::test_00008,invalid,passed,False,True,correct_reject,0.004322,0.00361,0.00314,0.000239,118,41
Kubernetes---kb_1029_Normalized.json,Kubernetes---kb_1029_Normalized.json::test_00000,valid,failed,False,True,over_constraint,0.005679,0.005661,0.004978,0.000377,131,49
Kubernetes---kb_1029_Normalized.json,Kubernetes---kb_1029_Normalized.json::test_00001,invalid,passed,False,True,correct_reject,0.005679,0.003156,0.002713,0.000217,135,49
Kubernetes---kb_1029_Normalized.json,Kubernetes---kb_1029_Normalized.json::test_00002,invalid,passed,False,True,correct_reject,0.005679,0.003876,0.00328,0.000338,130,49
Kubernetes---kb_1029_Normalized.json,Kubernetes---kb_1029_Normalized.json::test_00003,invalid,passed,False,True,correct_reject,0.005679,0.000954,0.000816,8.7e-05,38,17
Kubernetes---kb_1029_Normalized.json,Kubernetes---kb_1029_Normalized.json::test_00004,valid,failed,False,True,over_constraint,0.005679,0.00391,0.003206,0.000434,288,50
Kubernetes---kb_1029_Normalized.json,Kubernetes---kb_1029_Normalized.json::test_00005,invalid,passed,False,True,correct_reject,0.005679,0.003672,0.003083,0.000292,286,50
Kubernetes---kb_1029_Normalized.json,Kubernetes---kb_1029_Normalized.json::test_00006,invalid,passed,False,True,correct_reject,0.005679,0.00664,0.005864,0.000448,273,103
Kubernetes---kb_102_Normalized.json,Kubernetes---kb_102_Normalized.json::test_00000,valid,passed,True,True,correct_accept,0.003561,0.008479,0.007606,0.000688,65,65
Kubernetes---kb_102_Normalized.json,Kubernetes---kb_102_Normalized.json::test_00001,invalid,passed,False,True,correct_reject,0.003561,0.000676,0.000609,4e-05,63,6
Kubernetes---kb_102_Normalized.json,Kubernetes---kb_102_Normalized.json::test_00002,invalid,passed,False,True,correct_reject,0.003561,0.003163,0.002896,0.000175,64,34
Kubernetes---kb_102_Normalized.json,Kubernetes---kb_102_Normalized.json::test_00003,invalid,passed,False,True,correct_reject,0.003561,0.003176,0.002908,0.000177,70,34
Kubernetes---kb_102_Normalized.json,Kubernetes---kb_102_Normalized.json::test_00004,valid,passed,True,True,correct_accept,0.003561,0.007153,0.006481,0.000477,78,78
Kubernetes---kb_1030_Normalized.json,Kubernetes---kb_1030_Normalized.json::test_00000,valid,failed,False,True,over_constraint,0.004666,0.005751,0.005134,0.000357,171,63
Kubernetes---kb_1030_Normalized.json,Kubernetes---kb_1030_Normalized.json::test_00001,invalid,passed,False,True,correct_reject,0.004666,0.00544,0.004675,0.000426,157,63
Kubernetes---kb_1030_Normalized.json,Kubernetes---kb_1030_Normalized.json::test_00002,invalid,passed,False,True,correct_reject,0.004666,0.005687,0.005017,0.000377,178,63
Kubernetes---kb_1030_Normalized.json,Kubernetes---kb_1030_Normalized.json::test_00003,invalid,passed,False,True,correct_reject,0.004666,0.005975,0.005278,0.000398,236,63
Kubernetes---kb_1030_Normalized.json,Kubernetes---kb_1030_Normalized.json::test_00004,valid,failed,False,True,over_constraint,0.004666,0.006277,0.005523,0.000421,153,63
Kubernetes---kb_1030_Normalized.json,Kubernetes---kb_1030_Normalized.json::test_00005,invalid,passed,False,True,correct_reject,0.004666,0.004285,0.003782,0.000266,204,63
Kubernetes---kb_1030_Normalized.json,Kubernetes---kb_1030_Normalized.json::test_00006,invalid,passed,False,True,correct_reject,0.004666,0.00382,0.003421,0.00025,181,58
Kubernetes---kb_1031_Normalized.json,Kubernetes---kb_1031_Normalized.json::test_00000,valid,failed,False,True,over_constraint,0.00427,0.005755,0.005185,0.000326,112,63
Kubernetes---kb_1031_Normalized.json,Kubernetes---kb_1031_Normalized.json::test_00001,invalid,passed,False,True,correct_reject,0.00427,0.003995,0.003627,0.000225,111,59
Kubernetes---kb_1031_Normalized.json,Kubernetes---kb_1031_Normalized.json::test_00002,invalid,passed,False,True,correct_reject,0.00427,0.004424,0.003955,0.000234,112,63
Kubernetes---kb_1031_Normalized.json,Kubernetes---kb_1031_Normalized.json::test_00003,invalid,passed,False,True,correct_reject,0.00427,0.004471,0.004011,0.000236,111,63
Kubernetes---kb_1031_Normalized.json,Kubernetes---kb_1031_Normalized.json::test_00004,invalid,passed,False,True,correct_reject,0.00427,0.003857,0.0035,0.000214,111,59
Kubernetes---kb_1032_Normalized.json,Kubernetes---kb_1032_Normalized.json::test_00000,valid,passed,True,True,correct_accept,0.002226,0.009343,0.008246,0.00086,76,76
Kubernetes---kb_1032_Normalized.json,Kubernetes---kb_1032_Normalized.json::test_00001,invalid,passed,False,True,correct_reject,0.002226,0.000773,0.000687,5.2e-05,75,6
Kubernetes---kb_1032_Normalized.json,Kubernetes---kb_1032_Normalized.json::test_00002,invalid,passed,False,True,correct_reject,0.002226,0.000636,0.000576,3.6e-05,76,6
Kubernetes---kb_1032_Normalized.json,Kubernetes---kb_1032_Normalized.json::test_00003,invalid,passed,False,True,correct_reject,0.002226,0.000628,0.00057,3.5e-05,76,6
Kubernetes---kb_1033_Normalized.json,Kubernetes---kb_1033_Normalized.json::test_00000,valid,passed,True,True,correct_accept,0.001816,0.00848,0.007486,0.000786,76,76
Kubernetes---kb_1033_Normalized.json,Kubernetes---kb_1033_Normalized.json::test_00001,invalid,passed,False,True,correct_reject,0.001816,0.00061,0.000553,3.3e-05,75,6
Kubernetes---kb_1033_Normalized.json,Kubernetes---kb_1033_Normalized.json::test_00002,valid,passed,True,True,correct_accept,0.001816,0.006251,0.005771,0.000297,79,79
Kubernetes---kb_1033_Normalized.json,Kubernetes---kb_1033_Normalized.json::test_00003,invalid,passed,False,True,correct_reject,0.001816,0.000601,0.000544,3.4e-05,78,6
Kubernetes---kb_1033_Normalized.json,Kubernetes---kb_1033_Normalized.json::test_00004,invalid,passed,False,True,correct_reject,0.001816,0.000639,0.000573,4.1e-05,380,6
Kubernetes---kb_1034_Normalized.json,Kubernetes---kb_1034_Normalized.json::test_00000,valid,passed,True,True,correct_accept,0.002142,0.006,0.005174,0.000677,41,41
Kubernetes---kb_1034_Normalized.json,Kubernetes---kb_1034_Normalized.json::test_00001,invalid,passed,False,True,correct_reject,0.002142,0.000664,0.000593,4.3e-05,40,6
Kubernetes---kb_1034_Normalized.json,Kubernetes---kb_1034_Normalized.json::test_00002,invalid,passed,False,True,correct_reject,0.002142,0.001698,0.00155,9.1e-05,39,22
Kubernetes---kb_1034_Normalized.json,Kubernetes---kb_1034_Normalized.json::test_00003,invalid,passed,False,True,correct_reject,0.002142,0.000557,0.000507,2.9e-05,38,6
Kubernetes---kb_1035_Normalized.json,Kubernetes---kb_1035_Normalized.json::test_00000,valid,passed,True,True,correct_accept,0.001281,0.003502,0.003072,0.000337,42,42
Kubernetes---kb_1035_Normalized.json,Kubernetes---kb_1035_Normalized.json::test_00001,invalid,passed,False,True,correct_reject,0.001281,0.000529,0.000481,2.8e-05,41,6
Kubernetes---kb_1035_Normalized.json,Kubernetes---kb_1035_Normalized.json::test_00002,invalid,passed,False,True,correct_reject,0.001281,0.001644,0.001502,8.7e-05,40,22
Kubernetes---kb_1035_Normalized.json,Kubernetes---kb_1035_Normalized.json::test_00003,valid,passed,True,True,correct_accept,0.001281,0.002926,0.002697,0.000137,41,41
Kubernetes---kb_1035_Normalized.json,Kubernetes---kb_1035_Normalized.json::test_00004,invalid,passed,False,True,correct_reject,0.001281,0.000583,0.000531,3.2e-05,40,6
Kubernetes---kb_1036_Normalized.json,Kubernetes---kb_1036_Normalized.json::test_00000,valid,passed,True,True,correct_accept,0.001552,0.001952,0.001802,9.8e-05,15,15
Kubernetes---kb_1036_Normalized.json,Kubernetes---kb_1036_Normalized.json::test_00001,invalid,passed,False,True,correct_reject,0.001552,0.000359,0.000309,3e-05,15,5
Kubernetes---kb_1036_Normalized.json,Kubernetes---kb_1036_Normalized.json::test_00002,invalid,passed,False,True,correct_reject,0.001552,0.000936,0.000832,6.7e-05,15,14
Kubernetes---kb_1036_Normalized.json,Kubernetes---kb_1036_Normalized.json::test_00003,valid,passed,True,True,correct_accept,0.001552,0.001048,0.000933,7.5e-05,15,15
Kubernetes---kb_1036_Normalized.json,Kubernetes---kb_1036_Normalized.json::test_00004,invalid,passed,False,True,correct_reject,0.001552,0.000461,0.000401,3.9e-05,15,5
Kubernetes---kb_1037_Normalized.json,Kubernetes---kb_1037_Normalized.json::test_00000,valid,passed,True,True,correct_accept,0.001361,0.002295,0.002081,0.000141,32,32
Kubernetes---kb_1037_Normalized.json,Kubernetes---kb_1037_Normalized.json::test_00001,invalid,passed,False,True,correct_reject,0.001361,0.000354,0.000301,3.2e-05,26,6
Kubernetes---kb_1037_Normalized.json,Kubernetes---kb_1037_Normalized.json::test_00002,invalid,passed,False,True,correct_reject,0.001361,0.001256,0.001103,9.1e-05,30,24
Kubernetes---kb_1037_Normalized.json,Kubernetes---kb_1037_Normalized.json::test_00003,invalid,passed,False,True,correct_reject,0.001361,0.001243,0.001089,9.5e-05,25,21
Kubernetes---kb_1038_Normalized.json,Kubernetes---kb_1038_Normalized.json::test_00000,valid,passed,True,True,correct_accept,0.001857,0.004275,0.003856,0.000286,36,36
Kubernetes---kb_1038_Normalized.json,Kubernetes---kb_1038_Normalized.json::test_00001,invalid,passed,False,True,correct_reject,0.001857,0.000472,0.0004,4.4e-05,26,6
Kubernetes---kb_1038_Normalized.json,Kubernetes---kb_1038_Normalized.json::test_00002,invalid,passed,False,True,correct_reject,0.001857,0.00039,0.000331,3.6e-05,45,5
Kubernetes---kb_1039_Normalized.json,Kubernetes---kb_1039_Normalized.json::test_00000,valid,passed,True,True,correct_accept,0.001394,0.003974,0.003622,0.000241,32,32
Kubernetes---kb_1039_Normalized.json,Kubernetes---kb_1039_Normalized.json::test_00001,invalid,passed,False,True,correct_reject,0.001394,0.000496,0.000428,4.1e-05,26,6
Kubernetes---kb_1039_Normalized.json,Kubernetes---kb_1039_Normalized.json::test_00002,invalid,passed,False,True,correct_reject,0.001394,0.001923,0.001731,0.000121,30,24
Kubernetes---kb_103_Normalized.json,Kubernetes---kb_103_Normalized.json::test_00000,valid,passed,True,True,correct_accept,0.003627,0.010759,0.009623,0.000838,116,116
Kubernetes---kb_103_Normalized.json,Kubernetes---kb_103_Normalized.json::test_00001,invalid,passed,False,True,correct_reject,0.003627,0.005406,0.004804,0.000389,115,75
Kubernetes---kb_103_Normalized.json,Kubernetes---kb_103_Normalized.json::test_00002,invalid,passed,False,True,correct_reject,0.003627,0.006479,0.005832,0.000432,110,70
Kubernetes---kb_103_Normalized.json,Kubernetes---kb_103_Normalized.json::test_00003,invalid,passed,False,True,correct_reject,0.003627,0.002444,0.002166,0.000182,116,27
Kubernetes---kb_1040_Normalized.json,Kubernetes---kb_1040_Normalized.json::test_00000,valid,passed,True,True,correct_accept,0.001556,0.003984,0.003585,0.000274,32,32
Kubernetes---kb_1040_Normalized.json,Kubernetes---kb_1040_Normalized.json::test_00001,invalid,passed,False,True,correct_reject,0.001556,0.000425,0.000366,3.5e-05,26,6
Kubernetes---kb_1040_Normalized.json,Kubernetes---kb_1040_Normalized.json::test_00002,invalid,passed,False,True,correct_reject,0.001556,0.001846,0.001614,0.000149,30,24
Kubernetes---kb_1040_Normalized.json,Kubernetes---kb_1040_Normalized.json::test_00003,invalid,passed,False,True,correct_reject,0.001556,0.002589,0.002277,0.000199,33,32
Kubernetes---kb_1041_Normalized.json,Kubernetes---kb_1041_Normalized.json::test_00000,valid,failed,False,True,over_constraint,0.006666,0.006858,0.006069,0.000482,124,41
Kubernetes---kb_1041_Normalized.json,Kubernetes---kb_1041_Normalized.json::test_00001,invalid,passed,False,True,correct_reject,0.006666,0.003824,0.003287,0.000277,123,41
Kubernetes---kb_1041_Normalized.json,Kubernetes---kb_1041_Normalized.json::test_00002,invalid,passed,False,True,correct_reject,0.006666,0.00365,0.003053,0.00032,122,41
Kubernetes---kb_1041_Normalized.json,Kubernetes---kb_1041_Normalized.json::test_00003,invalid,passed,False,True,correct_reject,0.006666,0.00257,0.002222,0.000171,122,41
Kubernetes---kb_1041_Normalized.json,Kubernetes---kb_1041_Normalized.json::test_00004,valid,failed,False,True,over_constraint,0.006666,0.003099,0.002619,0.000241,185,41
Kubernetes---kb_1041_Normalized.json,Kubernetes---kb_1041_Normalized.json::test_00005,invalid,passed,False,True,correct_reject,0.006666,0.00313,0.002676,0.000234,188,41
Kubernetes---kb_1041_Normalized.json,Kubernetes---kb_1041_Normalized.json::test_00006,invalid,passed,False,True,correct_reject,0.006666,0.003114,0.00265,0.000235,204,41
Kubernetes---kb_1041_Normalized.json,Kubernetes---kb_1041_Normalized.json::test_00007,invalid,passed,False,True,correct_reject,0.006666,0.002499,0.002163,0.000161,184,41
Kubernetes---kb_1042_Normalized.json,Kubernetes---kb_1042_Normalized.json::test_00000,valid,failed,False,True,over_constraint,0.006844,0.007177,0.00634,0.00051,180,43
Kubernetes---kb_1042_Normalized.json,Kubernetes---kb_1042_Normalized.json::test_00001,invalid,passed,False,True,correct_reject,0.006844,0.004102,0.003517,0.000306,179,43
Kubernetes---kb_1042_Normalized.json,Kubernetes---kb_1042_Normalized.json::test_00002,invalid,passed,False,True,correct_reject,0.006844,0.003012,0.002589,0.000207,187,43
Kubernetes---kb_1042_Normalized.json,Kubernetes---kb_1042_Normalized.json::test_00003,invalid,passed,False,True,correct_reject,0.006844,0.002796,0.002413,0.000182,168,43
Kubernetes---kb_1043_Normalized.json,Kubernetes---kb_1043_Normalized.json::test_00000,valid,failed,False,True,over_constraint,0.005241,0.005351,0.004752,0.000344,125,37
Kubernetes---kb_1043_Normalized.json,Kubernetes---kb_1043_Normalized.json::test_00001,valid,failed,False,True,over_constraint,0.005241,0.003769,0.003299,0.000249,119,37
Kubernetes---kb_1043_Normalized.json,Kubernetes---kb_1043_Normalized.json::test_00002,invalid,passed,False,True,correct_reject,0.005241,0.003588,0.003142,0.000242,120,37
Kubernetes---kb_1043_Normalized.json,Kubernetes---kb_1043_Normalized.json::test_00003,invalid,passed,False,True,correct_reject,0.005241,0.002783,0.002426,0.000181,118,37
Kubernetes---kb_1044_Normalized.json,Kubernetes---kb_1044_Normalized.json::test_00000,valid,passed,True,True,correct_accept,0.001703,0.010251,0.009216,0.000759,121,121
Kubernetes---kb_1044_Normalized.json,Kubernetes---kb_1044_Normalized.json::test_00001,invalid,passed,False,True,correct_reject,0.001703,0.001894,0.001737,9.2e-05,128,28
Kubernetes---kb_1044_Normalized.json,Kubernetes---kb_1044_Normalized.json::test_00002,invalid,passed,False,True,correct_reject,0.001703,0.000953,0.000864,5.3e-05,119,13
Kubernetes---kb_1044_Normalized.json,Kubernetes---kb_1044_Normalized.json::test_00003,invalid,passed,False,True,correct_reject,0.001703,0.007462,0.006902,0.000339,120,112
Kubernetes---kb_1044_Normalized.json,Kubernetes---kb_1044_Normalized.json::test_00004,invalid,passed,False,True,correct_reject,0.001703,0.001921,0.001763,9.6e-05,134,28
Kubernetes---kb_1044_Normalized.json,Kubernetes---kb_1044_Normalized.json::test_00005,invalid,passed,False,True,correct_reject,0.001703,0.00096,0.000872,5.1e-05,120,13
Kubernetes---kb_1044_Normalized.json,Kubernetes---kb_1044_Normalized.json::test_00006,valid,failed,False,True,over_constraint,0.001703,0.004355,0.003906,0.000198,120,62
Kubernetes---kb_1044_Normalized.json,Kubernetes---kb_1044_Normalized.json::test_00007,invalid,passed,False,True,correct_reject,0.001703,0.000666,0.0006,4e-05,102,8
Kubernetes---kb_1044_Normalized.json,Kubernetes---kb_1044_Normalized.json::test_00008,invalid,passed,False,True,correct_reject,0.001703,0.002246,0.002065,0.000114,127,28
Kubernetes---kb_1044_Normalized.json,Kubernetes---kb_1044_Normalized.json::test_00009,invalid,passed,False,True,correct_reject,0.001703,0.002297,0.002116,0.000113,31,28
Kubernetes---kb_1045_Normalized.json,Kubernetes---kb_1045_Normalized.json::test_00000,valid,failed,False,True,over_constraint,0.001414,0.004197,0.003648,0.000333,121,50
Kubernetes---kb_1045_Normalized.json,Kubernetes---kb_1045_Normalized.json::test_00001,invalid,passed,False,True,correct_reject,0.001414,0.00103,0.000935,5.7e-05,130,17
Kubernetes---kb_1045_Normalized.json,Kubernetes---kb_1045_Normalized.json::test_00002,invalid,passed,False,True,correct_reject,0.001414,0.00057,0.000509,4e-05,116,8
Kubernetes---kb_1045_Normalized.json,Kubernetes---kb_1045_Normalized.json::test_00003,invalid,passed,False,True,correct_reject,0.001414,0.003121,0.002743,0.000169,120,50
Kubernetes---kb_1045_Normalized.json,Kubernetes---kb_1045_Normalized.json::test_00004,invalid,passed,False,True,correct_reject,0.001414,0.000548,0.000494,3.1e-05,120,8
Kubernetes---kb_1045_Normalized.json,Kubernetes---kb_1045_Normalized.json::test_00005,invalid,passed,False,True,correct_reject,0.001414,0.000578,0.000521,3.4e-05,119,9
Kubernetes---kb_1045_Normalized.json,Kubernetes---kb_1045_Normalized.json::test_00006,invalid,passed,False,True,correct_reject,0.001414,0.004004,0.003587,0.000288,121,41
Kubernetes---kb_1045_Normalized.json,Kubernetes---kb_1045_Normalized.json::test_00007,valid,failed,False,True,over_constraint,0.001414,0.006182,0.005419,0.000424,133,62
Kubernetes---kb_1045_Normalized.json,Kubernetes---kb_1045_Normalized.json::test_00008,invalid,passed,False,True,correct_reject,0.001414,0.000879,0.000747,0.000101,129,8
Kubernetes---kb_1045_Normalized.json,Kubernetes---kb_1045_Normalized.json::test_00009,invalid,passed,False,True,correct_reject,0.001414,0.001675,0.001531,8.4e-05,147,28
Kubernetes---kb_1045_Normalized.json,Kubernetes---kb_1045_Normalized.json::test_00010,invalid,passed,False,True,correct_reject,0.001414,0.001045,0.00095,5.9e-05,141,13
Kubernetes---kb_1046_Normalized.json,Kubernetes---kb_1046_Normalized.json::test_00000,valid,failed,False,True,over_constraint,0.002269,0.007405,0.006536,0.000539,120,62
Kubernetes---kb_1046_Normalized.json,Kubernetes---kb_1046_Normalized.json::test_00001,invalid,passed,False,True,correct_reject,0.002269,0.002572,0.002368,0.000128,127,28
Kubernetes---kb_1046_Normalized.json,Kubernetes---kb_1046_Normalized.json::test_00002,invalid,passed,False,True,correct_reject,0.002269,0.005818,0.005213,0.000284,120,62
Kubernetes---kb_1046_Normalized.json,Kubernetes---kb_1046_Normalized.json::test_00003,invalid,passed,False,True,correct_reject,0.002269,0.005828,0.005244,0.000282,119,62
Kubernetes---kb_1046_Normalized.json,Kubernetes---kb_1046_Normalized.json::test_00004,invalid,passed,False,True,correct_reject,0.002269,0.001199,0.001084,7.4e-05,119,13
Kubernetes---kb_1046_Normalized.json,Kubernetes---kb_1046_Normalized.json::test_00005,valid,failed,False,True,over_constraint,0.002269,0.005593,0.004922,0.000343,132,62
Kubernetes---kb_1046_Normalized.json,Kubernetes---kb_1046_Normalized.json::test_00006,invalid,passed,False,True,correct_reject,0.002269,0.001794,0.001643,9.6e-05,131,20
Kubernetes---kb_1046_Normalized.json,Kubernetes---kb_1046_Normalized.json::test_00007,invalid,passed,False,True,correct_reject,0.002269,0.002214,0.002032,0.000114,138,28
Kubernetes---kb_1046_Normalized.json,Kubernetes---kb_1046_Normalized.json::test_00008,invalid,passed,False,True,correct_reject,0.002269,0.001464,0.001336,8e-05,141,19
Kubernetes---kb_1047_Normalized.json,Kubernetes---kb_1047_Normalized.json::test_00000,valid,passed,True,True,correct_accept,0.001299,0.003754,0.003317,0.000334,33,33
Kubernetes---kb_1047_Normalized.json,Kubernetes---kb_1047_Normalized.json::test_00001,invalid,passed,False,True,correct_reject,0.001299,0.000366,0.000317,2.9e-05,34,4
Kubernetes---kb_1047_Normalized.json,Kubernetes---kb_1047_Normalized.json::test_00002,invalid,passed,False,True,correct_reject,0.001299,0.000424,0.000371,3.3e-05,34,5
Kubernetes---kb_1047_Normalized.json,Kubernetes---kb_1047_Normalized.json::test_00003,invalid,passed,False,True,correct_reject,0.001299,0.000563,0.000488,4.6e-05,34,5
Kubernetes---kb_1048_Normalized.json,Kubernetes---kb_1048_Normalized.json::test_00000,valid,passed,True,True,correct_accept,0.001873,0.003492,0.003092,0.000304,33,33
Kubernetes---kb_1048_Normalized.json,Kubernetes---kb_1048_Normalized.json::test_00001,invalid,passed,False,True,correct_reject,0.001873,0.000376,0.000324,3.1e-05,34,4
Kubernetes---kb_1048_Normalized.json,Kubernetes---kb_1048_Normalized.json::test_00002,valid,passed,True,True,correct_accept,0.001873,0.002316,0.002125,0.000117,33,33
Kubernetes---kb_1049_Normalized.json,Kubernetes---kb_1049_Normalized.json::test_00000,valid,passed,True,True,correct_accept,0.001416,0.004019,0.003564,0.000349,33,33
Kubernetes---kb_1049_Normalized.json,Kubernetes---kb_1049_Normalized.json::test_00001,invalid,passed,False,True,correct_reject,0.001416,0.000382,0.000328,3.1e-05,34,4
Kubernetes---kb_1049_Normalized.json,Kubernetes---kb_1049_Normalized.json::test_00002,invalid,passed,False,True,correct_reject,0.001416,0.000439,0.000381,3.6e-05,34,5
Kubernetes---kb_1049_Normalized.json,Kubernetes---kb_1049_Normalized.json::test_00003,valid,failed,False,True,over_constraint,0.001416,0.002075,0.001755,0.000114,33,24
Kubernetes---kb_1049_Normalized.json,Kubernetes---kb_1049_Normalized.json::test_00004,invalid,passed,False,True,correct_reject,0.001416,0.000384,0.000334,3e-05,34,5
Kubernetes---kb_104_Normalized.json,Kubernetes---kb_104_Normalized.json::test_00000,valid,failed,False,True,over_constraint,0.003642,0.01908,0.017168,0.001262,264,215
Kubernetes---kb_104_Normalized.json,Kubernetes---kb_104_Normalized.json::test_00001,invalid,passed,False,True,correct_reject,0.003642,0.000452,0.000392,3.7e-05,263,6
Kubernetes---kb_104_Normalized.json,Kubernetes---kb_104_Normalized.json::test_00002,invalid,passed,False,True,correct_reject,0.003642,0.000473,0.000405,4.2e-05,263,6
Kubernetes---kb_104_Normalized.json,Kubernetes---kb_104_Normalized.json::test_00003,invalid,passed,False,True,correct_reject,0.003642,0.00041,0.000351,3.4e-05,262,5
Kubernetes---kb_104_Normalized.json,Kubernetes---kb_104_Normalized.json::test_00004,invalid,passed,False,True,correct_reject,0.003642,0.01044,0.009589,0.000521,276,147
Kubernetes---kb_1050_Normalized.json,Kubernetes---kb_1050_Normalized.json::test_00000,valid,passed,True,True,correct_accept,0.002712,0.009974,0.009096,0.000577,102,102
Kubernetes---kb_1050_Normalized.json,Kubernetes---kb_1050_Normalized.json::test_00001,invalid,passed,False,True,correct_reject,0.002712,0.000639,0.000542,5.9e-05,103,6
Kubernetes---kb_1050_Normalized.json,Kubernetes---kb_1050_Normalized.json::test_00002,invalid,passed,False,True,correct_reject,0.002712,0.003267,0.002825,0.000295,93,38
Kubernetes---kb_1050_Normalized.json,Kubernetes---kb_1050_Normalized.json::test_00003,invalid,passed,False,True,correct_reject,0.002712,0.006365,0.0057,0.000432,87,85
Kubernetes---kb_1050_Normalized.json,Kubernetes---kb_1050_Normalized.json::test_00004,invalid,passed,False,True,correct_reject,0.002712,0.005686,0.005158,0.00034,123,68
Kubernetes---kb_1050_Normalized.json,Kubernetes---kb_1050_Normalized.json::test_00005,valid,failed,False,True,over_constraint,0.002712,0.006908,0.005933,0.000508,160,83
Kubernetes---kb_1050_Normalized.json,Kubernetes---kb_1050_Normalized.json::test_00006,invalid,passed,False,True,correct_reject,0.002712,0.000545,0.00046,4.4e-05,161,6
Kubernetes---kb_1051_Normalized.json,Kubernetes---kb_1051_Normalized.json::test_00000,valid,failed,False,True,over_constraint,0.002111,0.007009,0.006143,0.000474,112,96
Kubernetes---kb_1051_Normalized.json,Kubernetes---kb_1051_Normalized.json::test_00001,invalid,passed,False,True,correct_reject,0.002111,0.000525,0.000456,4.3e-05,113,6
Kubernetes---kb_1051_Normalized.json,Kubernetes---kb_1051_Normalized.json::test_00002,invalid,passed,False,True,correct_reject,0.002111,0.00417,0.003669,0.000328,106,48
Kubernetes---kb_1051_Normalized.json,Kubernetes---kb_1051_Normalized.json::test_00003,invalid,passed,False,True,correct_reject,0.002111,0.005642,0.004879,0.000391,115,96
Kubernetes---kb_1051_Normalized.json,Kubernetes---kb_1051_Normalized.json::test_00004,valid,passed,True,True,correct_accept,0.002111,0.006779,0.006109,0.000412,100,100
Kubernetes---kb_1051_Normalized.json,Kubernetes---kb_1051_Normalized.json::test_00005,invalid,passed,False,True,correct_reject,0.002111,0.003484,0.003133,0.000214,106,52
Kubernetes---kb_1052_Normalized.json,Kubernetes---kb_1052_Normalized.json::test_00000,valid,passed,True,True,correct_accept,0.001918,0.006541,0.005928,0.000384,93,93
Kubernetes---kb_1052_Normalized.json,Kubernetes---kb_1052_Normalized.json::test_00001,invalid,passed,False,True,correct_reject,0.001918,0.000577,0.000497,5.2e-05,94,6
Kubernetes---kb_1052_Normalized.json,Kubernetes---kb_1052_Normalized.json::test_00002,valid,failed,False,True,over_constraint,0.001918,0.008737,0.007457,0.000734,121,93
Kubernetes---kb_1052_Normalized.json,Kubernetes---kb_1052_Normalized.json::test_00003,invalid,passed,False,True,correct_reject,0.001918,0.000506,0.000433,4.8e-05,121,5
Kubernetes---kb_1054_Normalized.json,Kubernetes---kb_1054_Normalized.json::test_00000,valid,passed,True,True,correct_accept,0.001617,0.004096,0.003568,0.000397,35,35
Kubernetes---kb_1054_Normalized.json,Kubernetes---kb_1054_Normalized.json::test_00001,invalid,passed,False,True,correct_reject,0.001617,0.000545,0.000487,3.4e-05,16,4
Kubernetes---kb_1054_Normalized.json,Kubernetes---kb_1054_Normalized.json::test_00002,invalid,passed,False,True,correct_reject,0.001617,0.000579,0.000521,3.8e-05,14,5
Kubernetes---kb_1054_Normalized.json,Kubernetes---kb_1054_Normalized.json::test_00003,valid,passed,True,True,correct_accept,0.001617,0.002809,0.002484,0.000214,35,35
Kubernetes---kb_1054_Normalized.json,Kubernetes---kb_1054_Normalized.json::test_00004,invalid,passed,False,True,correct_reject,0.001617,0.000607,0.000548,3.7e-05,14,4
Kubernetes---kb_1055_Normalized.json,Kubernetes---kb_1055_Normalized.json::test_00000,valid,passed,True,True,correct_accept,0.001523,0.00356,0.003116,0.000326,35,35
Kubernetes---kb_1055_Normalized.json,Kubernetes---kb_1055_Normalized.json::test_00001,invalid,passed,False,True,correct_reject,0.001523,0.000554,0.000495,3.5e-05,14,4
Kubernetes---kb_1055_Normalized.json,Kubernetes---kb_1055_Normalized.json::test_00002,valid,passed,True,True,correct_accept,0.001523,0.003256,0.002848,0.000284,35,35
Kubernetes---kb_1056_Normalized.json,Kubernetes---kb_1056_Normalized.json::test_00000,valid,passed,True,True,correct_accept,0.001147,0.001845,0.001681,0.000104,17,17
Kubernetes---kb_1056_Normalized.json,Kubernetes---kb_1056_Normalized.json::test_00001,invalid,passed,False,True,correct_reject,0.001147,0.000446,0.000385,3.6e-05,12,5
Kubernetes---kb_1056_Normalized.json,Kubernetes---kb_1056_Normalized.json::test_00002,invalid,passed,False,True,correct_reject,0.001147,0.001334,0.001177,0.0001,17,16
Kubernetes---kb_1056_Normalized.json,Kubernetes---kb_1056_Normalized.json::test_00003,invalid,passed,False,True,correct_reject,0.001147,0.000429,0.000376,3.3e-05,11,4
Kubernetes---kb_1056_Normalized.json,Kubernetes---kb_1056_Normalized.json::test_00004,invalid,passed,False,True,correct_reject,0.001147,0.000682,0.000591,5.8e-05,10,9
Kubernetes---kb_1057_Normalized.json,Kubernetes---kb_1057_Normalized.json::test_00000,valid,passed,True,True,correct_accept,0.001136,0.001876,0.001715,0.000102,18,18
Kubernetes---kb_1057_Normalized.json,Kubernetes---kb_1057_Normalized.json::test_00001,invalid,passed,False,True,correct_reject,0.001136,0.000457,0.000394,3.8e-05,13,5
Kubernetes---kb_1057_Normalized.json,Kubernetes---kb_1057_Normalized.json::test_00002,invalid,passed,False,True,correct_reject,0.001136,0.001131,0.001022,6.6e-05,18,16
Kubernetes---kb_1057_Normalized.json,Kubernetes---kb_1057_Normalized.json::test_00003,invalid,passed,False,True,correct_reject,0.001136,0.000599,0.000516,5.3e-05,12,10
Kubernetes---kb_1057_Normalized.json,Kubernetes---kb_1057_Normalized.json::test_00004,valid,passed,True,True,correct_accept,0.001136,0.001243,0.001121,7.7e-05,17,17
Kubernetes---kb_1057_Normalized.json,Kubernetes---kb_1057_Normalized.json::test_00005,invalid,passed,False,True,correct_reject,0.001136,0.0005,0.000439,3.9e-05,12,5
Kubernetes---kb_1057_Normalized.json,Kubernetes---kb_1057_Normalized.json::test_00006,invalid,passed,False,True,correct_reject,0.001136,0.000374,0.000326,2.9e-05,13,5
Kubernetes---kb_1058_Normalized.json,Kubernetes---kb_1058_Normalized.json::test_00000,valid,passed,True,True,correct_accept,0.001295,0.004491,0.004144,0.000229,44,44
Kubernetes---kb_1058_Normalized.json,Kubernetes---kb_1058_Normalized.json::test_00001,invalid,passed,False,True,correct_reject,0.001295,0.000392,0.000341,3.1e-05,43,5
Kubernetes---kb_1058_Normalized.json,Kubernetes---kb_1058_Normalized.json::test_00002,valid,passed,True,True,correct_accept,0.001295,0.00306,0.002815,0.000151,40,40
Kubernetes---kb_1058_Normalized.json,Kubernetes---kb_1058_Normalized.json::test_00003,invalid,passed,False,True,correct_reject,0.001295,0.00039,0.00034,3.2e-05,39,5
Kubernetes---kb_1059_Normalized.json,Kubernetes---kb_1059_Normalized.json::test_00000,valid,passed,True,True,correct_accept,0.001977,0.003215,0.002966,0.000152,40,40
Kubernetes---kb_1059_Normalized.json,Kubernetes---kb_1059_Normalized.json::test_00001,invalid,passed,False,True,correct_reject,0.001977,0.000333,0.000288,2.6e-05,39,5
Kubernetes---kb_1059_Normalized.json,Kubernetes---kb_1059_Normalized.json::test_00002,valid,passed,True,True,correct_accept,0.001977,0.002646,0.002424,0.000125,44,44
Kubernetes---kb_1059_Normalized.json,Kubernetes---kb_1059_Normalized.json::test_00003,invalid,passed,False,True,correct_reject,0.001977,0.000304,0.000261,2.5e-05,43,5
Kubernetes---kb_105_Normalized.json,Kubernetes---kb_105_Normalized.json::test_00000,valid,compile_error,,True,over_constraint,0.000632,,,,,
Kubernetes---kb_105_Normalized.json,Kubernetes---kb_105_Normalized.json::test_00001,valid,compile_error,,True,over_constraint,0.000632,,,,,
Kubernetes---kb_105_Normalized.json,Kubernetes---kb_105_Normalized.json::test_00002,invalid,compile_error,,True,correct_reject,0.000632,,,,,
Kubernetes---kb_105_Normalized.json,Kubernetes---kb_105_Normalized.json::test_00003,invalid,compile_error,,True,correct_reject,0.000632,,,,,
Kubernetes---kb_105_Normalized.json,Kubernetes---kb_105_Normalized.json::test_00004,invalid,compile_error,,True,correct_reject,0.000632,,,,,
Kubernetes---kb_1060_Normalized.json,Kubernetes---kb_1060_Normalized.json::test_00000,valid,passed,True,True,correct_accept,0.001182,0.001383,0.001252,8.2e-05,13,13
Kubernetes---kb_1060_Normalized.json,Kubernetes---kb_1060_Normalized.json::test_00001,valid,passed,True,True,correct_accept,0.001182,0.000872,0.00077,6.2e-05,14,14
Kubernetes---kb_1060_Normalized.json,Kubernetes---kb_1060_Normalized.json::test_00002,invalid,passed,False,True,correct_reject,0.001182,0.000363,0.000313,3.1e-05,13,5
Kubernetes---kb_1060_Normalized.json,Kubernetes---kb_1060_Normalized.json::test_00003,invalid,passed,False,True,correct_reject,0.001182,0.00076,0.00068,5e-05,16,11
Kubernetes---kb_1061_Normalized.json,Kubernetes---kb_1061_Normalized.json::test_00000,valid,passed,True,True,correct_accept,0.00124,0.002287,0.00207,0.000146,14,14
Kubernetes---kb_1061_Normalized.json,Kubernetes---kb_1061_Normalized.json::test_00001,invalid,passed,False,True,correct_reject,0.00124,0.000427,0.000364,3.7e-05,13,5
Kubernetes---kb_1061_Normalized.json,Kubernetes---kb_1061_Normalized.json::test_00002,invalid,passed,False,True,correct_reject,0.00124,0.000675,0.000601,4.3e-05,23,11
Kubernetes---kb_1062_Normalized.json,Kubernetes---kb_1062_Normalized.json::test_00000,valid,passed,True,True,correct_accept,0.000705,0.001932,0.00175,0.000113,15,15
Kubernetes---kb_1062_Normalized.json,Kubernetes---kb_1062_Normalized.json::test_00001,invalid,passed,False,True,correct_reject,0.000705,0.00018,0.000159,9e-06,52,1
Kubernetes---kb_1063_Normalized.json,Kubernetes---kb_1063_Normalized.json::test_00000,valid,passed,True,True,correct_accept,0.000368,0.001168,0.001079,5.2e-05,15,15
Kubernetes---kb_1063_Normalized.json,Kubernetes---kb_1063_Normalized.json::test_00001,invalid,passed,False,True,correct_reject,0.000368,0.000149,0.000133,7e-06,52,1
Kubernetes---kb_1064_Normalized.json,Kubernetes---kb_1064_Normalized.json::test_00000,valid,failed,False,True,over_constraint,0.004283,0.004247,0.00372,0.000298,122,38
Kubernetes---kb_1064_Normalized.json,Kubernetes---kb_1064_Normalized.json::test_00001,invalid,passed,False,True,correct_reject,0.004283,0.002931,0.002476,0.000226,122,38
Kubernetes---kb_1064_Normalized.json,Kubernetes---kb_1064_Normalized.json::test_00002,invalid,passed,False,True,correct_reject,0.004283,0.002384,0.002036,0.000165,122,38
Kubernetes---kb_1064_Normalized.json,Kubernetes---kb_1064_Normalized.json::test_00003,valid,failed,False,True,over_constraint,0.004283,0.002557,0.00219,0.00018,125,38
Kubernetes---kb_1064_Normalized.json,Kubernetes---kb_1064_Normalized.json::test_00004,invalid,passed,False,True,correct_reject,0.004283,0.002426,0.002085,0.00017,96,38
Kubernetes---kb_1064_Normalized.json,Kubernetes---kb_1064_Normalized.json::test_00005,invalid,passed,False,True,correct_reject,0.004283,0.00204,0.001736,0.000191,104,28
Kubernetes---kb_1065_Normalized.json,Kubernetes---kb_1065_Normalized.json::test_00000,valid,failed,False,True,over_constraint,0.003899,0.004711,0.004186,0.000315,125,38
Kubernetes---kb_1065_Normalized.json,Kubernetes---kb_1065_Normalized.json::test_00001,invalid,passed,False,True,correct_reject,0.003899,0.002646,0.002323,0.000155,129,38
Kubernetes---kb_1065_Normalized.json,Kubernetes---kb_1065_Normalized.json::test_00002,invalid,passed,False,True,correct_reject,0.003899,0.002545,0.00224,0.000146,125,38
Kubernetes---kb_1065_Normalized.json,Kubernetes---kb_1065_Normalized.json::test_00003,valid,failed,False,True,over_constraint,0.003899,0.002483,0.002187,0.000141,122,38
Kubernetes---kb_1065_Normalized.json,Kubernetes---kb_1065_Normalized.json::test_00004,invalid,passed,False,True,correct_reject,0.003899,0.002991,0.002565,0.000222,122,38
Kubernetes---kb_1065_Normalized.json,Kubernetes---kb_1065_Normalized.json::test_00005,invalid,passed,False,True,correct_reject,0.003899,0.002411,0.002113,0.000134,118,38
Kubernetes---kb_1066_Normalized.json,Kubernetes---kb_1066_Normalized.json::test_00000,valid,failed,False,True,over_constraint,0.001616,0.005502,0.004857,0.000395,73,49
Kubernetes---kb_1066_Normalized.json,Kubernetes---kb_1066_Normalized.json::test_00001,invalid,passed,False,True,correct_reject,0.001616,0.001113,0.000983,8e-05,71,12
Kubernetes---kb_1066_Normalized.json,Kubernetes---kb_1066_Normalized.json::test_00002,invalid,passed,False,True,correct_reject,0.001616,0.003339,0.002959,0.000163,123,41
Kubernetes---kb_1066_Normalized.json,Kubernetes---kb_1066_Normalized.json::test_00003,invalid,passed,False,True,correct_reject,0.001616,0.001443,0.001325,7.3e-05,77,18
Kubernetes---kb_1067_Normalized.json,Kubernetes---kb_1067_Normalized.json::test_00000,valid,failed,False,True,over_constraint,0.002687,0.006207,0.005396,0.000529,76,52
Kubernetes---kb_1067_Normalized.json,Kubernetes---kb_1067_Normalized.json::test_00001,invalid,passed,False,True,correct_reject,0.002687,0.001054,0.000953,6e-05,72,13
Kubernetes---kb_1067_Normalized.json,Kubernetes---kb_1067_Normalized.json::test_00002,invalid,passed,False,True,correct_reject,0.002687,0.003768,0.003359,0.000162,119,44
Kubernetes---kb_1067_Normalized.json,Kubernetes---kb_1067_Normalized.json::test_00003,invalid,passed,False,True,correct_reject,0.002687,0.001758,0.001615,8.3e-05,78,20
Kubernetes---kb_1067_Normalized.json,Kubernetes---kb_1067_Normalized.json::test_00004,invalid,passed,False,True,correct_reject,0.002687,0.001666,0.001532,8e-05,79,21
Kubernetes---kb_1067_Normalized.json,Kubernetes---kb_1067_Normalized.json::test_00005,invalid,passed,False,True,correct_reject,0.002687,0.008764,0.008101,0.000425,133,105
Kubernetes---kb_1067_Normalized.json,Kubernetes---kb_1067_Normalized.json::test_00006,invalid,passed,False,True,correct_reject,0.002687,0.001641,0.001507,7.6e-05,79,21
Kubernetes---kb_1068_Normalized.json,Kubernetes---kb_1068_Normalized.json::test_00000,valid,failed,False,True,over_constraint,0.001105,0.003151,0.002844,0.000122,116,39
Kubernetes---kb_1068_Normalized.json,Kubernetes---kb_1068_Normalized.json::test_00001,invalid,passed,False,True,correct_reject,0.001105,0.001621,0.001488,7.7e-05,26,24
Kubernetes---kb_1068_Normalized.json,Kubernetes---kb_1068_Normalized.json::test_00002,valid,failed,False,True,over_constraint,0.001105,0.002947,0.002645,0.000117,132,39
Kubernetes---kb_1068_Normalized.json,Kubernetes---kb_1068_Normalized.json::test_00003,invalid,passed,False,True,correct_reject,0.001105,0.001707,0.001555,8.8e-05,26,24
Kubernetes---kb_1069_Normalized.json,Kubernetes---kb_1069_Normalized.json::test_00000,valid,failed,False,True,over_constraint,0.00112,0.004383,0.003987,0.000154,116,39
Kubernetes---kb_1069_Normalized.json,Kubernetes---kb_1069_Normalized.json::test_00001,invalid,passed,False,True,correct_reject,0.00112,0.001402,0.001273,7.3e-05,26,24
Kubernetes---kb_1069_Normalized.json,Kubernetes---kb_1069_Normalized.json::test_00002,valid,failed,False,True,over_constraint,0.00112,0.002677,0.002397,0.000104,116,39
Kubernetes---kb_1069_Normalized.json,Kubernetes---kb_1069_Normalized.json::test_00003,invalid,passed,False,True,correct_reject,0.00112,0.001601,0.001472,7.4e-05,25,24
Kubernetes---kb_106_Normalized.json,Kubernetes---kb_106_Normalized.json::test_00000,valid,compile_error,,True,over_constraint,0.000525,,,,,
Kubernetes---kb_106_Normalized.json,Kubernetes---kb_106_Normalized.json::test_00001,valid,compile_error,,True,over_constraint,0.000525,,,,,
Kubernetes---kb_106_Normalized.json,Kubernetes---kb_106_Normalized.json::test_00002,invalid,compile_error,,True,correct_reject,0.000525,,,,,
Kubernetes---kb_106_Normalized.json,Kubernetes---kb_106_Normalized.json::test_00003,invalid,compile_error,,True,correct_reject,0.000525,,,,,
Kubernetes---kb_1070_Normalized.json,Kubernetes---kb_1070_Normalized.json::test_00000,valid,failed,False,True,over_constraint,0.003652,0.003335,0.00291,0.000254,213,38
Kubernetes---kb_1070_Normalized.json,Kubernetes---kb_1070_Normalized.json::test_00001,invalid,passed,False,True,correct_reject,0.003652,0.002107,0.001802,0.000152,216,38
Kubernetes---kb_1070_Normalized.json,Kubernetes---kb_1070_Normalized.json::test_00002,invalid,passed,False,True,correct_reject,0.003652,0.002086,0.00179,0.00014,206,38
Kubernetes---kb_1070_Normalized.json,Kubernetes---kb_1070_Normalized.json::test_00003,invalid,passed,False,True,correct_reject,0.003652,0.002115,0.001822,0.000139,205,38
Kubernetes---kb_1070_Normalized.json,Kubernetes---kb_1070_Normalized.json::test_00004,valid,failed,False,True,over_constraint,0.003652,0.002076,0.001788,0.000139,115,38
Kubernetes---kb_1070_Normalized.json,Kubernetes---kb_1070_Normalized.json::test_00005,invalid,passed,False,True,correct_reject,0.003652,0.002213,0.00187,0.000176,116,38
Kubernetes---kb_1070_Normalized.json,Kubernetes---kb_1070_Normalized.json::test_00006,invalid,passed,False,True,correct_reject,0.003652,0.003448,0.003037,0.000202,137,50
Kubernetes---kb_1071_Normalized.json,Kubernetes---kb_1071_Normalized.json::test_00000,valid,failed,False,True,over_constraint,0.003556,0.003379,0.002963,0.000231,283,40
Kubernetes---kb_1071_Normalized.json,Kubernetes---kb_1071_Normalized.json::test_00001,invalid,passed,False,True,correct_reject,0.003556,0.002152,0.001853,0.000144,289,40
Kubernetes---kb_1071_Normalized.json,Kubernetes---kb_1071_Normalized.json::test_00002,invalid,passed,False,True,correct_reject,0.003556,0.002187,0.001887,0.000145,287,40
Kubernetes---kb_1071_Normalized.json,Kubernetes---kb_1071_Normalized.json::test_00003,invalid,passed,False,True,correct_reject,0.003556,0.002186,0.00188,0.000142,177,40
Kubernetes---kb_1071_Normalized.json,Kubernetes---kb_1071_Normalized.json::test_00004,invalid,passed,False,True,correct_reject,0.003556,0.002367,0.00204,0.000154,285,40
Kubernetes---kb_1071_Normalized.json,Kubernetes---kb_1071_Normalized.json::test_00005,invalid,passed,False,True,correct_reject,0.003556,0.002423,0.002084,0.00016,275,40
Kubernetes---kb_1071_Normalized.json,Kubernetes---kb_1071_Normalized.json::test_00006,valid,failed,False,True,over_constraint,0.003556,0.002653,0.002275,0.000186,204,40
Kubernetes---kb_1071_Normalized.json,Kubernetes---kb_1071_Normalized.json::test_00007,invalid,passed,False,True,correct_reject,0.003556,0.002338,0.002011,0.000152,207,40
Kubernetes---kb_1071_Normalized.json,Kubernetes---kb_1071_Normalized.json::test_00008,invalid,passed,False,True,correct_reject,0.003556,0.002278,0.001968,0.000146,202,40
Kubernetes---kb_1072_Normalized.json,Kubernetes---kb_1072_Normalized.json::test_00000,valid,failed,False,True,over_constraint,0.005291,0.003098,0.002743,0.000209,108,40
Kubernetes---kb_1072_Normalized.json,Kubernetes---kb_1072_Normalized.json::test_00001,invalid,passed,False,True,correct_reject,0.005291,0.002291,0.002032,0.000118,116,40
Kubernetes---kb_1072_Normalized.json,Kubernetes---kb_1072_Normalized.json::test_00002,invalid,passed,False,True,correct_reject,0.005291,0.002476,0.002192,0.000135,110,40
Kubernetes---kb_1072_Normalized.json,Kubernetes---kb_1072_Normalized.json::test_00003,invalid,passed,False,True,correct_reject,0.005291,0.00272,0.002381,0.000178,106,40
Kubernetes---kb_1072_Normalized.json,Kubernetes---kb_1072_Normalized.json::test_00004,invalid,passed,False,True,correct_reject,0.005291,0.002651,0.002345,0.000148,107,40
Kubernetes---kb_1072_Normalized.json,Kubernetes---kb_1072_Normalized.json::test_00005,invalid,passed,False,True,correct_reject,0.005291,0.003914,0.003441,0.000233,166,40
Kubernetes---kb_1072_Normalized.json,Kubernetes---kb_1072_Normalized.json::test_00006,valid,failed,False,True,over_constraint,0.005291,0.002601,0.002302,0.000143,217,40
Kubernetes---kb_1072_Normalized.json,Kubernetes---kb_1072_Normalized.json::test_00007,invalid,passed,False,True,correct_reject,0.005291,0.002689,0.002378,0.000145,225,40
Kubernetes---kb_1072_Normalized.json,Kubernetes---kb_1072_Normalized.json::test_00008,invalid,passed,False,True,correct_reject,0.005291,0.002769,0.002455,0.000153,224,40
Kubernetes---kb_1072_Normalized.json,Kubernetes---kb_1072_Normalized.json::test_00009,invalid,passed,False,True,correct_reject,0.005291,0.002847,0.002526,0.000152,217,40
Kubernetes---kb_1073_Normalized.json,Kubernetes---kb_1073_Normalized.json::test_00000,valid,failed,False,True,over_constraint,0.001152,0.004473,0.004015,0.000243,121,44
Kubernetes---kb_1073_Normalized.json,Kubernetes---kb_1073_Normalized.json::test_00001,invalid,passed,False,True,correct_reject,0.001152,0.00137,0.001262,6.4e-05,125,15
Kubernetes---kb_1073_Normalized.json,Kubernetes---kb_1073_Normalized.json::test_00002,invalid,passed,False,True,correct_reject,0.001152,0.001332,0.00123,6.2e-05,114,15
Kubernetes---kb_1073_Normalized.json,Kubernetes---kb_1073_Normalized.json::test_00003,invalid,passed,False,True,correct_reject,0.001152,0.002085,0.001912,0.000111,113,15
Kubernetes---kb_1073_Normalized.json,Kubernetes---kb_1073_Normalized.json::test_00004,valid,failed,False,True,over_constraint,0.001152,0.003344,0.003012,0.000129,130,37
Kubernetes---kb_1073_Normalized.json,Kubernetes---kb_1073_Normalized.json::test_00005,invalid,passed,False,True,correct_reject,0.001152,0.001125,0.001033,5.7e-05,127,13
Kubernetes---kb_1073_Normalized.json,Kubernetes---kb_1073_Normalized.json::test_00006,invalid,passed,False,True,correct_reject,0.001152,0.0011,0.00101,5.7e-05,133,13
Kubernetes---kb_1074_Normalized.json,Kubernetes---kb_1074_Normalized.json::test_00000,valid,failed,False,True,over_constraint,0.001125,0.003097,0.002774,0.000155,134,41
Kubernetes---kb_1074_Normalized.json,Kubernetes---kb_1074_Normalized.json::test_00001,invalid,passed,False,True,correct_reject,0.001125,0.001137,0.001045,5.5e-05,129,14
Kubernetes---kb_1074_Normalized.json,Kubernetes---kb_1074_Normalized.json::test_00002,invalid,passed,False,True,correct_reject,0.001125,0.000913,0.00084,4e-05,128,14
Kubernetes---kb_1074_Normalized.json,Kubernetes---kb_1074_Normalized.json::test_00003,valid,failed,False,True,over_constraint,0.001125,0.002726,0.00247,8.3e-05,137,44
Kubernetes---kb_1074_Normalized.json,Kubernetes---kb_1074_Normalized.json::test_00004,invalid,passed,False,True,correct_reject,0.001125,0.000452,0.000408,2.5e-05,121,6
Kubernetes---kb_1074_Normalized.json,Kubernetes---kb_1074_Normalized.json::test_00005,invalid,passed,False,True,correct_reject,0.001125,0.000441,0.000399,2.4e-05,126,5
Kubernetes---kb_1075_Normalized.json,Kubernetes---kb_1075_Normalized.json::test_00000,valid,failed,False,True,over_constraint,0.001166,0.003834,0.003425,0.000205,137,44
Kubernetes---kb_1075_Normalized.json,Kubernetes---kb_1075_Normalized.json::test_00001,invalid,passed,False,True,correct_reject,0.001166,0.000949,0.000876,4e-05,140,15
Kubernetes---kb_1075_Normalized.json,Kubernetes---kb_1075_Normalized.json::test_00002,invalid,passed,False,True,correct_reject,0.001166,0.000976,0.000897,4.3e-05,130,15
Kubernetes---kb_1075_Normalized.json,Kubernetes---kb_1075_Normalized.json::test_00003,invalid,passed,False,True,correct_reject,0.001166,0.000506,0.000459,2.6e-05,120,6
Kubernetes---kb_1075_Normalized.json,Kubernetes---kb_1075_Normalized.json::test_00004,valid,failed,False,True,over_constraint,0.001166,0.003349,0.003033,0.000127,121,44
Kubernetes---kb_1075_Normalized.json,Kubernetes---kb_1075_Normalized.json::test_00005,invalid,passed,False,True,correct_reject,0.001166,0.000545,0.000498,2.9e-05,106,5
Kubernetes---kb_1075_Normalized.json,Kubernetes---kb_1075_Normalized.json::test_00006,invalid,passed,False,True,correct_reject,0.001166,0.001187,0.001096,5.5e-05,114,15
Kubernetes---kb_1076_Normalized.json,Kubernetes---kb_1076_Normalized.json::test_00000,valid,failed,False,True,over_constraint,0.001636,0.002562,0.002224,0.000163,88,17
Kubernetes---kb_1076_Normalized.json,Kubernetes---kb_1076_Normalized.json::test_00001,invalid,passed,False,True,correct_reject,0.001636,0.001744,0.001511,7.2e-05,95,17
Kubernetes---kb_1076_Normalized.json,Kubernetes---kb_1076_Normalized.json::test_00002,invalid,passed,False,True,correct_reject,0.001636,0.001801,0.00156,7.3e-05,92,17
Kubernetes---kb_1076_Normalized.json,Kubernetes---kb_1076_Normalized.json::test_00003,invalid,passed,False,True,correct_reject,0.001636,0.001678,0.00143,8.2e-05,87,17
Kubernetes---kb_1076_Normalized.json,Kubernetes---kb_1076_Normalized.json::test_00004,invalid,passed,False,True,correct_reject,0.001636,0.003374,0.00297,0.000154,95,17
Kubernetes---kb_1076_Normalized.json,Kubernetes---kb_1076_Normalized.json::test_00005,invalid,passed,False,True,correct_reject,0.001636,0.000879,0.000808,4.1e-05,79,13
Kubernetes---kb_1076_Normalized.json,Kubernetes---kb_1076_Normalized.json::test_00006,valid,failed,False,True,over_constraint,0.001636,0.003418,0.003026,0.000203,75,50
Kubernetes---kb_1076_Normalized.json,Kubernetes---kb_1076_Normalized.json::test_00007,invalid,passed,False,True,correct_reject,0.001636,0.000835,0.000769,3.9e-05,69,12
Kubernetes---kb_1076_Normalized.json,Kubernetes---kb_1076_Normalized.json::test_00008,invalid,passed,False,True,correct_reject,0.001636,0.002048,0.001886,9.1e-05,84,35
Kubernetes---kb_1076_Normalized.json,Kubernetes---kb_1076_Normalized.json::test_00009,invalid,passed,False,True,correct_reject,0.001636,0.000861,0.000791,4.1e-05,61,13
Kubernetes---kb_1077_Normalized.json,Kubernetes---kb_1077_Normalized.json::test_00000,valid,failed,False,True,over_constraint,0.001717,0.003518,0.003067,0.000226,89,17
Kubernetes---kb_1077_Normalized.json,Kubernetes---kb_1077_Normalized.json::test_00001,invalid,passed,False,True,correct_reject,0.001717,0.001645,0.00143,6.6e-05,100,17
Kubernetes---kb_1077_Normalized.json,Kubernetes---kb_1077_Normalized.json::test_00002,invalid,passed,False,True,correct_reject,0.001717,0.001641,0.001425,6.5e-05,93,17
Kubernetes---kb_1077_Normalized.json,Kubernetes---kb_1077_Normalized.json::test_00003,invalid,passed,False,True,correct_reject,0.001717,0.001917,0.001641,0.00011,89,17
Kubernetes---kb_1077_Normalized.json,Kubernetes---kb_1077_Normalized.json::test_00004,invalid,passed,False,True,correct_reject,0.001717,0.001679,0.001455,7e-05,86,17
Kubernetes---kb_1077_Normalized.json,Kubernetes---kb_1077_Normalized.json::test_00005,valid,failed,False,True,over_constraint,0.001717,0.002452,0.002104,0.000132,100,17
Kubernetes---kb_1077_Normalized.json,Kubernetes---kb_1077_Normalized.json::test_00006,invalid,passed,False,True,correct_reject,0.001717,0.002213,0.001879,0.000134,103,17
Kubernetes---kb_1077_Normalized.json,Kubernetes---kb_1077_Normalized.json::test_00007,invalid,passed,False,True,correct_reject,0.001717,0.001696,0.001473,6.6e-05,109,17
Kubernetes---kb_1077_Normalized.json,Kubernetes---kb_1077_Normalized.json::test_00008,invalid,passed,False,True,correct_reject,0.001717,0.002605,0.002238,0.000156,106,17
Kubernetes---kb_1078_Normalized.json,Kubernetes---kb_1078_Normalized.json::test_00000,valid,failed,False,True,over_constraint,0.001272,0.001711,0.001485,0.000105,88,17
Kubernetes---kb_1078_Normalized.json,Kubernetes---kb_1078_Normalized.json::test_00001,invalid,passed,False,True,correct_reject,0.001272,0.001215,0.001051,4.3e-05,95,17
Kubernetes---kb_1078_Normalized.json,Kubernetes---kb_1078_Normalized.json::test_00002,invalid,passed,False,True,correct_reject,0.001272,0.00148,0.001247,8.6e-05,92,17
Kubernetes---kb_1078_Normalized.json,Kubernetes---kb_1078_Normalized.json::test_00003,invalid,passed,False,True,correct_reject,0.001272,0.001521,0.001283,8.5e-05,87,17
Kubernetes---kb_1078_Normalized.json,Kubernetes---kb_1078_Normalized.json::test_00004,invalid,passed,False,True,correct_reject,0.001272,0.001451,0.001219,7.8e-05,103,17
Kubernetes---kb_1078_Normalized.json,Kubernetes---kb_1078_Normalized.json::test_00005,valid,failed,False,True,over_constraint,0.001272,0.001467,0.001236,8.2e-05,80,17
Kubernetes---kb_1078_Normalized.json,Kubernetes---kb_1078_Normalized.json::test_00006,invalid,passed,False,True,correct_reject,0.001272,0.001235,0.001065,5.2e-05,84,17
Kubernetes---kb_1078_Normalized.json,Kubernetes---kb_1078_Normalized.json::test_00007,invalid,passed,False,True,correct_reject,0.001272,0.001202,0.00104,4.4e-05,86,17
Kubernetes---kb_1078_Normalized.json,Kubernetes---kb_1078_Normalized.json::test_00008,invalid,passed,False,True,correct_reject,0.001272,0.000447,0.000405,2.5e-05,72,6
Kubernetes---kb_1079_Normalized.json,Kubernetes---kb_1079_Normalized.json::test_00000,valid,passed,True,True,correct_accept,0.001515,0.004941,0.004323,0.000501,40,40
Kubernetes---kb_1079_Normalized.json,Kubernetes---kb_1079_Normalized.json::test_00001,invalid,passed,False,True,correct_reject,0.001515,0.0005,0.000455,2.8e-05,39,5
Kubernetes---kb_1079_Normalized.json,Kubernetes---kb_1079_Normalized.json::test_00002,invalid,passed,False,True,correct_reject,0.001515,0.003238,0.002912,0.000214,40,39
Kubernetes---kb_1079_Normalized.json,Kubernetes---kb_1079_Normalized.json::test_00003,invalid,passed,False,True,correct_reject,0.001515,0.002128,0.00196,9e-05,39,38
Kubernetes---kb_1079_Normalized.json,Kubernetes---kb_1079_Normalized.json::test_00004,invalid,passed,False,True,correct_reject,0.001515,0.00191,0.001766,8.4e-05,41,33
Kubernetes---kb_107_Normalized.json,Kubernetes---kb_107_Normalized.json::test_00000,valid,failed,False,True,over_constraint,0.000835,0.000892,0.000746,4.8e-05,13,6
Kubernetes---kb_107_Normalized.json,Kubernetes---kb_107_Normalized.json::test_00001,invalid,passed,False,True,correct_reject,0.000835,0.000371,0.000335,2e-05,11,5
Kubernetes---kb_1080_Normalized.json,Kubernetes---kb_1080_Normalized.json::test_00000,valid,passed,True,True,correct_accept,0.001096,0.005005,0.004365,0.000517,40,40
Kubernetes---kb_1080_Normalized.json,Kubernetes---kb_1080_Normalized.json::test_00001,invalid,passed,False,True,correct_reject,0.001096,0.002979,0.002689,0.000191,42,34
Kubernetes---kb_1080_Normalized.json,Kubernetes---kb_1080_Normalized.json::test_00002,invalid,passed,False,True,correct_reject,0.001096,0.000376,0.000341,2.1e-05,39,5
Kubernetes---kb_1080_Normalized.json,Kubernetes---kb_1080_Normalized.json::test_00003,invalid,passed,False,True,correct_reject,0.001096,0.001852,0.001715,7.6e-05,40,31
Kubernetes---kb_1080_Normalized.json,Kubernetes---kb_1080_Normalized.json::test_00004,invalid,passed,False,True,correct_reject,0.001096,0.002139,0.001969,9.3e-05,39,38
Kubernetes---kb_1080_Normalized.json,Kubernetes---kb_1080_Normalized.json::test_00005,valid,passed,True,True,correct_accept,0.001096,0.002231,0.002055,9.5e-05,39,39
Kubernetes---kb_1080_Normalized.json,Kubernetes---kb_1080_Normalized.json::test_00006,invalid,passed,False,True,correct_reject,0.001096,0.001853,0.001715,7.6e-05,39,31
Kubernetes---kb_1081_Normalized.json,Kubernetes---kb_1081_Normalized.json::test_00000,valid,passed,True,True,correct_accept,0.00088,0.001112,0.001013,6.3e-05,16,16
Kubernetes---kb_1081_Normalized.json,Kubernetes---kb_1081_Normalized.json::test_00001,invalid,passed,False,True,correct_reject,0.00088,0.000319,0.000281,2.2e-05,15,5
Kubernetes---kb_1081_Normalized.json,Kubernetes---kb_1081_Normalized.json::test_00002,invalid,passed,False,True,correct_reject,0.00088,0.000646,0.000571,4.4e-05,16,12
Kubernetes---kb_1081_Normalized.json,Kubernetes---kb_1081_Normalized.json::test_00003,invalid,passed,False,True,correct_reject,0.00088,0.000767,0.000684,4.6e-05,16,15
Kubernetes---kb_1081_Normalized.json,Kubernetes---kb_1081_Normalized.json::test_00004,invalid,passed,False,True,correct_reject,0.00088,0.000571,0.000506,3.4e-05,12,11
Kubernetes---kb_1082_Normalized.json,Kubernetes---kb_1082_Normalized.json::test_00000,valid,passed,True,True,correct_accept,0.000884,0.001076,0.000983,5.7e-05,16,16
Kubernetes---kb_1082_Normalized.json,Kubernetes---kb_1082_Normalized.json::test_00001,invalid,passed,False,True,correct_reject,0.000884,0.000291,0.000255,2.2e-05,15,5
Kubernetes---kb_1082_Normalized.json,Kubernetes---kb_1082_Normalized.json::test_00002,invalid,passed,False,True,correct_reject,0.000884,0.000761,0.000681,4.6e-05,16,15
Kubernetes---kb_1082_Normalized.json,Kubernetes---kb_1082_Normalized.json::test_00003,invalid,passed,False,True,correct_reject,0.000884,0.000611,0.000544,4e-05,13,12
Kubernetes---kb_1082_Normalized.json,Kubernetes---kb_1082_Normalized.json::test_00004,invalid,passed,False,True,correct_reject,0.000884,0.000609,0.000542,4e-05,16,12
Kubernetes---kb_1083_Normalized.json,Kubernetes---kb_1083_Normalized.json::test_00000,valid,failed,False,True,over_constraint,0.000981,0.002436,0.002022,0.000244,57,22
Kubernetes---kb_1083_Normalized.json,Kubernetes---kb_1083_Normalized.json::test_00001,invalid,passed,False,True,correct_reject,0.000981,0.000571,0.000519,3.3e-05,8,6
Kubernetes---kb_1083_Normalized.json,Kubernetes---kb_1083_Normalized.json::test_00002,invalid,passed,False,True,correct_reject,0.000981,0.001251,0.001063,6.2e-05,52,22
Kubernetes---kb_1083_Normalized.json,Kubernetes---kb_1083_Normalized.json::test_00003,valid,failed,False,True,over_constraint,0.000981,0.002785,0.002414,0.000176,57,44
Kubernetes---kb_1083_Normalized.json,Kubernetes---kb_1083_Normalized.json::test_00004,invalid,passed,False,True,correct_reject,0.000981,0.000463,0.000423,2.4e-05,10,6
Kubernetes---kb_1083_Normalized.json,Kubernetes---kb_1083_Normalized.json::test_00005,invalid,passed,False,True,correct_reject,0.000981,0.001239,0.001129,6.4e-05,54,23
Kubernetes---kb_1084_Normalized.json,Kubernetes---kb_1084_Normalized.json::test_00000,valid,passed,True,True,correct_accept,0.000959,0.003187,0.002836,0.000241,51,51
Kubernetes---kb_1084_Normalized.json,Kubernetes---kb_1084_Normalized.json::test_00001,invalid,passed,False,True,correct_reject,0.000959,0.000468,0.000426,2.5e-05,8,6
Kubernetes---kb_1084_Normalized.json,Kubernetes---kb_1084_Normalized.json::test_00002,invalid,passed,False,True,correct_reject,0.000959,0.002178,0.001986,0.000104,50,44
Kubernetes---kb_1084_Normalized.json,Kubernetes---kb_1084_Normalized.json::test_00003,invalid,passed,False,True,correct_reject,0.000959,0.001296,0.001176,7e-05,49,24
Kubernetes---kb_1084_Normalized.json,Kubernetes---kb_1084_Normalized.json::test_00004,valid,failed,False,True,over_constraint,0.000959,0.002282,0.002012,0.000103,57,44
Kubernetes---kb_1084_Normalized.json,Kubernetes---kb_1084_Normalized.json::test_00005,invalid,passed,False,True,correct_reject,0.000959,0.002155,0.001969,0.000101,53,44
Kubernetes---kb_1085_Normalized.json,Kubernetes---kb_1085_Normalized.json::test_00000,valid,passed,True,True,correct_accept,0.00141,0.004774,0.004249,0.000347,70,70
Kubernetes---kb_1085_Normalized.json,Kubernetes---kb_1085_Normalized.json::test_00001,invalid,passed,False,True,correct_reject,0.00141,0.002072,0.001879,0.00011,75,42
Kubernetes---kb_1085_Normalized.json,Kubernetes---kb_1085_Normalized.json::test_00002,invalid,passed,False,True,correct_reject,0.00141,0.002037,0.001836,0.000111,70,44
Kubernetes---kb_1085_Normalized.json,Kubernetes---kb_1085_Normalized.json::test_00003,invalid,passed,False,True,correct_reject,0.00141,0.002314,0.002036,0.000166,70,44
Kubernetes---kb_1085_Normalized.json,Kubernetes---kb_1085_Normalized.json::test_00004,valid,passed,True,True,correct_accept,0.00141,0.003201,0.002895,0.000171,73,73
Kubernetes---kb_1085_Normalized.json,Kubernetes---kb_1085_Normalized.json::test_00005,invalid,passed,False,True,correct_reject,0.00141,0.003447,0.003024,0.000277,73,47
Kubernetes---kb_1086_Normalized.json,Kubernetes---kb_1086_Normalized.json::test_00000,valid,passed,True,True,correct_accept,0.001302,0.004118,0.003673,0.000299,70,70
Kubernetes---kb_1086_Normalized.json,Kubernetes---kb_1086_Normalized.json::test_00001,invalid,passed,False,True,correct_reject,0.001302,0.002147,0.001951,0.00011,76,43
Kubernetes---kb_1086_Normalized.json,Kubernetes---kb_1086_Normalized.json::test_00002,invalid,passed,False,True,correct_reject,0.001302,0.002013,0.001817,0.000111,70,44
Kubernetes---kb_1086_Normalized.json,Kubernetes---kb_1086_Normalized.json::test_00003,invalid,passed,False,True,correct_reject,0.001302,0.00205,0.001849,0.000114,70,44
Kubernetes---kb_1086_Normalized.json,Kubernetes---kb_1086_Normalized.json::test_00004,invalid,passed,False,True,correct_reject,0.001302,0.003476,0.003067,0.00027,70,44
Kubernetes---kb_1086_Normalized.json,Kubernetes---kb_1086_Normalized.json::test_00005,invalid,passed,False,True,correct_reject,0.001302,0.003531,0.003112,0.000286,75,42
Kubernetes---kb_1086_Normalized.json,Kubernetes---kb_1086_Normalized.json::test_00006,valid,passed,True,True,correct_accept,0.001302,0.0067,0.005911,0.000522,90,90
Kubernetes---kb_1086_Normalized.json,Kubernetes---kb_1086_Normalized.json::test_00007,invalid,passed,False,True,correct_reject,0.001302,0.002021,0.001774,0.000143,66,38
Kubernetes---kb_1087_Normalized.json,Kubernetes---kb_1087_Normalized.json::test_00000,valid,failed,False,True,over_constraint,0.000963,0.000661,0.000454,2.7e-05,21,5
Kubernetes---kb_1087_Normalized.json,Kubernetes---kb_1087_Normalized.json::test_00001,invalid,passed,False,True,correct_reject,0.000963,0.000372,0.000322,2.9e-05,21,6
Kubernetes---kb_1087_Normalized.json,Kubernetes---kb_1087_Normalized.json::test_00002,invalid,passed,False,True,correct_reject,0.000963,0.000366,0.000246,2e-05,19,5
Kubernetes---kb_1087_Normalized.json,Kubernetes---kb_1087_Normalized.json::test_00003,invalid,passed,False,True,correct_reject,0.000963,0.000331,0.000289,2.4e-05,20,5
Kubernetes---kb_1088_Normalized.json,Kubernetes---kb_1088_Normalized.json::test_00000,valid,failed,False,True,over_constraint,0.001333,0.000733,0.00051,2.9e-05,21,5
Kubernetes---kb_1088_Normalized.json,Kubernetes---kb_1088_Normalized.json::test_00001,invalid,passed,False,True,correct_reject,0.001333,0.00036,0.000311,2.9e-05,21,6
Kubernetes---kb_1088_Normalized.json,Kubernetes---kb_1088_Normalized.json::test_00002,invalid,passed,False,True,correct_reject,0.001333,0.000425,0.000281,2.8e-05,19,5
Kubernetes---kb_1088_Normalized.json,Kubernetes---kb_1088_Normalized.json::test_00003,invalid,passed,False,True,correct_reject,0.001333,0.000424,0.000281,2.9e-05,21,5
Kubernetes---kb_1089_Normalized.json,Kubernetes---kb_1089_Normalized.json::test_00000,valid,passed,True,True,correct_accept,0.001536,0.00447,0.004005,0.000331,53,53
Kubernetes---kb_1089_Normalized.json,Kubernetes---kb_1089_Normalized.json::test_00001,invalid,passed,False,True,correct_reject,0.001536,0.001837,0.001678,9.8e-05,61,28
Kubernetes---kb_1089_Normalized.json,Kubernetes---kb_1089_Normalized.json::test_00002,invalid,passed,False,True,correct_reject,0.001536,0.000943,0.000857,5.1e-05,54,13
Kubernetes---kb_1089_Normalized.json,Kubernetes---kb_1089_Normalized.json::test_00003,invalid,passed,False,True,correct_reject,0.001536,0.001097,0.000978,7.5e-05,53,12
Kubernetes---kb_1089_Normalized.json,Kubernetes---kb_1089_Normalized.json::test_00004,invalid,passed,False,True,correct_reject,0.001536,0.002406,0.002118,0.000176,60,30
Kubernetes---kb_1089_Normalized.json,Kubernetes---kb_1089_Normalized.json::test_00005,invalid,passed,False,True,correct_reject,0.001536,0.001133,0.001024,7.1e-05,55,13
Kubernetes---kb_1089_Normalized.json,Kubernetes---kb_1089_Normalized.json::test_00006,valid,passed,True,True,correct_accept,0.001536,0.003441,0.003118,0.000196,54,54
Kubernetes---kb_1089_Normalized.json,Kubernetes---kb_1089_Normalized.json::test_00007,invalid,passed,False,True,correct_reject,0.001536,0.000578,0.000513,4.1e-05,40,7
Kubernetes---kb_1089_Normalized.json,Kubernetes---kb_1089_Normalized.json::test_00008,invalid,passed,False,True,correct_reject,0.001536,0.002105,0.001933,0.000102,60,30
Kubernetes---kb_1089_Normalized.json,Kubernetes---kb_1089_Normalized.json::test_00009,invalid,passed,False,True,correct_reject,0.001536,0.001012,0.00092,5.6e-05,60,15
Kubernetes---kb_108_Normalized.json,Kubernetes---kb_108_Normalized.json::test_00000,valid,passed,True,True,correct_accept,0.001363,0.0013,0.001164,0.000103,13,13
Kubernetes---kb_108_Normalized.json,Kubernetes---kb_108_Normalized.json::test_00001,invalid,passed,False,True,correct_reject,0.001363,0.00049,0.000445,2.8e-05,11,5
Kubernetes---kb_1090_Normalized.json,Kubernetes---kb_1090_Normalized.json::test_00000,valid,passed,True,True,correct_accept,0.001383,0.005257,0.00469,0.000414,55,55
Kubernetes---kb_1090_Normalized.json,Kubernetes---kb_1090_Normalized.json::test_00001,invalid,passed,False,True,correct_reject,0.001383,0.002094,0.001903,0.000121,63,30
Kubernetes---kb_1090_Normalized.json,Kubernetes---kb_1090_Normalized.json::test_00002,invalid,passed,False,True,correct_reject,0.001383,0.001257,0.001121,8.5e-05,56,13
Kubernetes---kb_1090_Normalized.json,Kubernetes---kb_1090_Normalized.json::test_00003,invalid,passed,False,True,correct_reject,0.001383,0.001011,0.000924,5.6e-05,58,13
Kubernetes---kb_1090_Normalized.json,Kubernetes---kb_1090_Normalized.json::test_00004,invalid,passed,False,True,correct_reject,0.001383,0.001971,0.001771,0.000119,62,32
Kubernetes---kb_1090_Normalized.json,Kubernetes---kb_1090_Normalized.json::test_00005,invalid,passed,False,True,correct_reject,0.001383,0.000807,0.000734,4.3e-05,55,13
Kubernetes---kb_1090_Normalized.json,Kubernetes---kb_1090_Normalized.json::test_00006,valid,passed,True,True,correct_accept,0.001383,0.00311,0.00287,0.000136,54,54
Kubernetes---kb_1090_Normalized.json,Kubernetes---kb_1090_Normalized.json::test_00007,invalid,passed,False,True,correct_reject,0.001383,0.000876,0.000787,6e-05,57,13
Kubernetes---kb_1090_Normalized.json,Kubernetes---kb_1090_Normalized.json::test_00008,invalid,passed,False,True,correct_reject,0.001383,0.001909,0.001763,8.8e-05,55,24
Kubernetes---kb_1091_Normalized.json,Kubernetes---kb_1091_Normalized.json::test_00000,valid,passed,True,True,correct_accept,0.001122,0.00462,0.004202,0.000302,50,50
Kubernetes---kb_1091_Normalized.json,Kubernetes---kb_1091_Normalized.json::test_00001,invalid,passed,False,True,correct_reject,0.001122,0.001912,0.001764,9.1e-05,66,26
Kubernetes---kb_1091_Normalized.json,Kubernetes---kb_1091_Normalized.json::test_00002,invalid,passed,False,True,correct_reject,0.001122,0.001285,0.001144,9.2e-05,54,13
Kubernetes---kb_1091_Normalized.json,Kubernetes---kb_1091_Normalized.json::test_00003,invalid,passed,False,True,correct_reject,0.001122,0.001249,0.001147,6.4e-05,49,15
Kubernetes---kb_1091_Normalized.json,Kubernetes---kb_1091_Normalized.json::test_00004,invalid,passed,False,True,correct_reject,0.001122,0.002063,0.001866,0.000125,55,24
Kubernetes---kb_1091_Normalized.json,Kubernetes---kb_1091_Normalized.json::test_00005,invalid,passed,False,True,correct_reject,0.001122,0.002129,0.001964,9.9e-05,55,27
Kubernetes---kb_1091_Normalized.json,Kubernetes---kb_1091_Normalized.json::test_00006,invalid,passed,False,True,correct_reject,0.001122,0.001276,0.001138,8.7e-05,53,13
Kubernetes---kb_1091_Normalized.json,Kubernetes---kb_1091_Normalized.json::test_00007,valid,passed,True,True,correct_accept,0.001122,0.004498,0.004025,0.000303,53,53
Kubernetes---kb_1091_Normalized.json,Kubernetes---kb_1091_Normalized.json::test_00008,invalid,passed,False,True,correct_reject,0.001122,0.001458,0.001307,9.6e-05,57,16
Kubernetes---kb_1091_Normalized.json,Kubernetes---kb_1091_Normalized.json::test_00009,invalid,passed,False,True,correct_reject,0.001122,0.002743,0.002447,0.000188,61,30
Kubernetes---kb_1092_Normalized.json,Kubernetes---kb_1092_Normalized.json::test_00000,valid,passed,True,True,correct_accept,0.000971,0.001227,0.001135,5.8e-05,8,8
Kubernetes---kb_1092_Normalized.json,Kubernetes---kb_1092_Normalized.json::test_00001,invalid,passed,False,True,correct_reject,0.000971,0.000508,0.000444,3.7e-05,6,5
Kubernetes---kb_1092_Normalized.json,Kubernetes---kb_1092_Normalized.json::test_00002,valid,passed,True,True,correct_accept,0.000971,0.000884,0.00078,6.7e-05,8,8
Kubernetes---kb_1093_Normalized.json,Kubernetes---kb_1093_Normalized.json::test_00000,valid,passed,True,True,correct_accept,0.001579,0.000886,0.000817,4.6e-05,8,8
Kubernetes---kb_1093_Normalized.json,Kubernetes---kb_1093_Normalized.json::test_00001,invalid,passed,False,True,correct_reject,0.001579,0.000387,0.000341,2.8e-05,6,5
Kubernetes---kb_1093_Normalized.json,Kubernetes---kb_1093_Normalized.json::test_00002,invalid,passed,False,True,correct_reject,0.001579,0.000337,0.000299,2.3e-05,5,4
Kubernetes---kb_1094_Normalized.json,Kubernetes---kb_1094_Normalized.json::test_00000,valid,failed,False,True,over_constraint,0.003225,0.002792,0.002161,0.000131,177,21
Kubernetes---kb_1094_Normalized.json,Kubernetes---kb_1094_Normalized.json::test_00001,invalid,passed,False,True,correct_reject,0.003225,0.001258,0.001142,6.8e-05,180,18
Kubernetes---kb_1094_Normalized.json,Kubernetes---kb_1094_Normalized.json::test_00002,invalid,passed,False,True,correct_reject,0.003225,0.000983,0.000875,6.9e-05,174,12
Kubernetes---kb_1094_Normalized.json,Kubernetes---kb_1094_Normalized.json::test_00003,valid,failed,False,True,over_constraint,0.003225,0.001527,0.001282,8.4e-05,144,21
Kubernetes---kb_1094_Normalized.json,Kubernetes---kb_1094_Normalized.json::test_00004,invalid,passed,False,True,correct_reject,0.003225,0.000261,0.000234,1.5e-05,143,2
Kubernetes---kb_1095_Normalized.json,Kubernetes---kb_1095_Normalized.json::test_00000,valid,failed,False,True,over_constraint,0.002594,0.001708,0.001288,7.7e-05,173,17
Kubernetes---kb_1095_Normalized.json,Kubernetes---kb_1095_Normalized.json::test_00001,invalid,passed,False,True,correct_reject,0.002594,0.001155,0.000939,6.8e-05,173,17
Kubernetes---kb_1095_Normalized.json,Kubernetes---kb_1095_Normalized.json::test_00002,valid,failed,False,True,over_constraint,0.002594,0.001198,0.00096,8.3e-05,159,17
Kubernetes---kb_1096_Normalized.json,Kubernetes---kb_1096_Normalized.json::test_00000,valid,failed,False,True,over_constraint,0.002816,0.001743,0.001313,8.1e-05,173,17
Kubernetes---kb_1096_Normalized.json,Kubernetes---kb_1096_Normalized.json::test_00001,invalid,passed,False,True,correct_reject,0.002816,0.001186,0.000957,7.3e-05,174,17
Kubernetes---kb_1096_Normalized.json,Kubernetes---kb_1096_Normalized.json::test_00002,invalid,passed,False,True,correct_reject,0.002816,0.001318,0.001065,8.2e-05,173,17
Kubernetes---kb_1096_Normalized.json,Kubernetes---kb_1096_Normalized.json::test_00003,invalid,passed,False,True,correct_reject,0.002816,0.001046,0.000948,5.9e-05,176,14
Kubernetes---kb_1096_Normalized.json,Kubernetes---kb_1096_Normalized.json::test_00004,valid,failed,False,True,over_constraint,0.002816,0.001173,0.000949,7.2e-05,158,17
Kubernetes---kb_1096_Normalized.json,Kubernetes---kb_1096_Normalized.json::test_00005,invalid,passed,False,True,correct_reject,0.002816,0.000232,0.000205,1.4e-05,165,2
Kubernetes---kb_1096_Normalized.json,Kubernetes---kb_1096_Normalized.json::test_00006,invalid,passed,False,True,correct_reject,0.002816,0.000219,0.000194,1.4e-05,172,2
Kubernetes---kb_1097_Normalized.json,Kubernetes---kb_1097_Normalized.json::test_00000,valid,failed,False,True,over_constraint,0.004563,0.00702,0.006074,0.000549,213,67
Kubernetes---kb_1097_Normalized.json,Kubernetes---kb_1097_Normalized.json::test_00001,invalid,passed,False,True,correct_reject,0.004563,0.004711,0.004162,0.000254,213,67
Kubernetes---kb_1097_Normalized.json,Kubernetes---kb_1097_Normalized.json::test_00002,valid,failed,False,True,over_constraint,0.004563,0.004796,0.004242,0.000262,161,67
Kubernetes---kb_1097_Normalized.json,Kubernetes---kb_1097_Normalized.json::test_00003,invalid,passed,False,True,correct_reject,0.004563,0.00348,0.003165,0.0002,367,48
Kubernetes---kb_1098_Normalized.json,Kubernetes---kb_1098_Normalized.json::test_00000,valid,failed,False,True,over_constraint,0.0043,0.006628,0.005676,0.000561,209,65
Kubernetes---kb_1098_Normalized.json,Kubernetes---kb_1098_Normalized.json::test_00001,invalid,passed,False,True,correct_reject,0.0043,0.000619,0.000564,3.1e-05,200,6
Kubernetes---kb_1098_Normalized.json,Kubernetes---kb_1098_Normalized.json::test_00002,valid,failed,False,True,over_constraint,0.0043,0.002886,0.002486,0.000184,114,47
Kubernetes---kb_1099_Normalized.json,Kubernetes---kb_1099_Normalized.json::test_00000,valid,failed,False,True,over_constraint,0.00433,0.00706,0.006129,0.000554,217,65
Kubernetes---kb_1099_Normalized.json,Kubernetes---kb_1099_Normalized.json::test_00001,invalid,passed,False,True,correct_reject,0.00433,0.004893,0.00438,0.000245,224,65
Kubernetes---kb_1099_Normalized.json,Kubernetes---kb_1099_Normalized.json::test_00002,valid,failed,False,True,over_constraint,0.00433,0.004201,0.003729,0.000201,120,53
Kubernetes---kb_109_Normalized.json,Kubernetes---kb_109_Normalized.json::test_00000,valid,failed,False,True,over_constraint,0.00137,0.001844,0.001604,7.8e-05,20,13
Kubernetes---kb_109_Normalized.json,Kubernetes---kb_109_Normalized.json::test_00001,invalid,passed,False,True,correct_reject,0.00137,0.000425,0.000375,3e-05,19,5
Kubernetes---kb_10_Normalized.json,Kubernetes---kb_10_Normalized.json::test_00000,valid,passed,True,True,correct_accept,0.001075,0.001047,0.000965,5.4e-05,9,9
Kubernetes---kb_10_Normalized.json,Kubernetes---kb_10_Normalized.json::test_00001,invalid,passed,False,True,correct_reject,0.001075,0.00041,0.000364,2.7e-05,6,5
Kubernetes---kb_1100_Normalized.json,Kubernetes---kb_1100_Normalized.json::test_00000,valid,failed,False,True,over_constraint,0.005043,0.007494,0.006422,0.000636,251,73
Kubernetes---kb_1100_Normalized.json,Kubernetes---kb_1100_Normalized.json::test_00001,invalid,passed,False,True,correct_reject,0.005043,0.004973,0.0044,0.000274,251,73
Kubernetes---kb_1100_Normalized.json,Kubernetes---kb_1100_Normalized.json::test_00002,invalid,passed,False,True,correct_reject,0.005043,0.004575,0.00405,0.000251,254,73
Kubernetes---kb_1100_Normalized.json,Kubernetes---kb_1100_Normalized.json::test_00003,invalid,passed,False,True,correct_reject,0.005043,0.004738,0.004189,0.000258,245,73
Kubernetes---kb_1100_Normalized.json,Kubernetes---kb_1100_Normalized.json::test_00004,invalid,passed,False,True,correct_reject,0.005043,0.00272,0.002453,0.000165,259,43
Kubernetes---kb_1101_Normalized.json,Kubernetes---kb_1101_Normalized.json::test_00000,valid,failed,False,True,over_constraint,0.006958,0.007743,0.006678,0.000616,260,79
Kubernetes---kb_1101_Normalized.json,Kubernetes---kb_1101_Normalized.json::test_00001,invalid,passed,False,True,correct_reject,0.006958,0.005868,0.005215,0.000319,260,79
Kubernetes---kb_1101_Normalized.json,Kubernetes---kb_1101_Normalized.json::test_00002,invalid,passed,False,True,correct_reject,0.006958,0.005476,0.004857,0.000303,255,79
Kubernetes---kb_1102_Normalized.json,Kubernetes---kb_1102_Normalized.json::test_00000,valid,failed,False,True,over_constraint,0.005667,0.00894,0.007824,0.00065,263,79
Kubernetes---kb_1102_Normalized.json,Kubernetes---kb_1102_Normalized.json::test_00001,invalid,passed,False,True,correct_reject,0.005667,0.000455,0.000398,3.5e-05,276,5
Kubernetes---kb_1102_Normalized.json,Kubernetes---kb_1102_Normalized.json::test_00002,invalid,passed,False,True,correct_reject,0.005667,0.005554,0.005001,0.000257,263,79
Kubernetes---kb_1102_Normalized.json,Kubernetes---kb_1102_Normalized.json::test_00003,invalid,passed,False,True,correct_reject,0.005667,0.000453,0.000402,2.9e-05,253,6
Kubernetes---kb_1103_Normalized.json,Kubernetes---kb_1103_Normalized.json::test_00000,valid,passed,True,True,correct_accept,0.018629,0.005445,0.004911,0.000439,26,26
Kubernetes---kb_1103_Normalized.json,Kubernetes---kb_1103_Normalized.json::test_00001,invalid,passed,False,True,correct_reject,0.018629,0.000526,0.000472,3.3e-05,25,5
Kubernetes---kb_1103_Normalized.json,Kubernetes---kb_1103_Normalized.json::test_00002,invalid,passed,False,True,correct_reject,0.018629,0.002484,0.002215,0.000175,27,25
Kubernetes---kb_1103_Normalized.json,Kubernetes---kb_1103_Normalized.json::test_00003,invalid,passed,False,True,correct_reject,0.018629,0.001439,0.001299,8.9e-05,24,18
Kubernetes---kb_1104_Normalized.json,Kubernetes---kb_1104_Normalized.json::test_00000,valid,passed,True,True,correct_accept,0.011735,0.004199,0.003773,0.000346,26,26
Kubernetes---kb_1104_Normalized.json,Kubernetes---kb_1104_Normalized.json::test_00001,invalid,passed,False,True,correct_reject,0.011735,0.000511,0.000459,3.1e-05,25,5
Kubernetes---kb_1104_Normalized.json,Kubernetes---kb_1104_Normalized.json::test_00002,invalid,passed,False,True,correct_reject,0.011735,0.002106,0.001934,0.000109,27,25
Kubernetes---kb_1104_Normalized.json,Kubernetes---kb_1104_Normalized.json::test_00003,invalid,passed,False,True,correct_reject,0.011735,0.00149,0.001347,9.3e-05,24,18
Kubernetes---kb_1105_Normalized.json,Kubernetes---kb_1105_Normalized.json::test_00000,valid,failed,False,True,over_constraint,0.012909,0.002915,0.002521,0.000178,92,30
Kubernetes---kb_1105_Normalized.json,Kubernetes---kb_1105_Normalized.json::test_00001,valid,failed,False,True,over_constraint,0.012909,0.002553,0.002093,0.000184,75,30
Kubernetes---kb_1105_Normalized.json,Kubernetes---kb_1105_Normalized.json::test_00002,invalid,passed,False,True,correct_reject,0.012909,0.001654,0.00136,0.00011,72,30
Kubernetes---kb_1105_Normalized.json,Kubernetes---kb_1105_Normalized.json::test_00003,invalid,passed,False,True,correct_reject,0.012909,0.002025,0.001662,0.00015,75,30
Kubernetes---kb_1106_Normalized.json,Kubernetes---kb_1106_Normalized.json::test_00000,valid,failed,False,True,over_constraint,0.01176,0.002739,0.002371,0.000167,94,32
Kubernetes---kb_1106_Normalized.json,Kubernetes---kb_1106_Normalized.json::test_00001,invalid,passed,False,True,correct_reject,0.01176,0.001789,0.001472,0.000119,105,32
Kubernetes---kb_1106_Normalized.json,Kubernetes---kb_1106_Normalized.json::test_00002,invalid,passed,False,True,correct_reject,0.01176,0.002104,0.00166,0.000241,78,33
Kubernetes---kb_1107_Normalized.json,Kubernetes---kb_1107_Normalized.json::test_00000,valid,failed,False,True,over_constraint,0.011943,0.002728,0.002358,0.000166,94,32
Kubernetes---kb_1107_Normalized.json,Kubernetes---kb_1107_Normalized.json::test_00001,valid,failed,False,True,over_constraint,0.011943,0.001819,0.001502,0.000123,77,32
Kubernetes---kb_1107_Normalized.json,Kubernetes---kb_1107_Normalized.json::test_00002,invalid,passed,False,True,correct_reject,0.011943,0.001787,0.001474,0.000118,73,32
Kubernetes---kb_1108_Normalized.json,Kubernetes---kb_1108_Normalized.json::test_00000,valid,failed,False,True,over_constraint,0.011559,0.003223,0.002853,0.00017,94,32
Kubernetes---kb_1108_Normalized.json,Kubernetes---kb_1108_Normalized.json::test_00001,valid,failed,False,True,over_constraint,0.011559,0.002128,0.00184,0.000106,77,32
Kubernetes---kb_1108_Normalized.json,Kubernetes---kb_1108_Normalized.json::test_00002,invalid,passed,False,True,correct_reject,0.011559,0.002022,0.001722,0.000118,73,32
Kubernetes---kb_1108_Normalized.json,Kubernetes---kb_1108_Normalized.json::test_00003,invalid,passed,False,True,correct_reject,0.011559,0.002198,0.001889,0.000114,92,32
Kubernetes---kb_1109_Normalized.json,Kubernetes---kb_1109_Normalized.json::test_00000,valid,failed,False,True,over_constraint,0.011954,0.003682,0.003217,0.000237,110,46
Kubernetes---kb_1109_Normalized.json,Kubernetes---kb_1109_Normalized.json::test_00001,invalid,passed,False,True,correct_reject,0.011954,0.002655,0.00227,0.00016,106,46
Kubernetes---kb_1109_Normalized.json,Kubernetes---kb_1109_Normalized.json::test_00002,invalid,passed,False,True,correct_reject,0.011954,0.002672,0.002288,0.000161,109,46
Kubernetes---kb_110_Normalized.json,Kubernetes---kb_110_Normalized.json::test_00000,valid,failed,False,True,over_constraint,0.001413,0.001735,0.001516,7.3e-05,20,13
Kubernetes---kb_110_Normalized.json,Kubernetes---kb_110_Normalized.json::test_00001,invalid,passed,False,True,correct_reject,0.001413,0.000417,0.000368,2.9e-05,19,5
Kubernetes---kb_1111_Normalized.json,Kubernetes---kb_1111_Normalized.json::test_00000,valid,failed,False,True,over_constraint,0.011971,0.006775,0.006032,0.000439,233,68
Kubernetes---kb_1113_Normalized.json,Kubernetes---kb_1113_Normalized.json::test_00000,valid,failed,False,True,over_constraint,0.009206,0.001676,0.001263,0.00024,64,7
Kubernetes---kb_1113_Normalized.json,Kubernetes---kb_1113_Normalized.json::test_00001,valid,failed,False,True,over_constraint,0.009206,0.000895,0.0007,5e-05,88,7
Kubernetes---kb_1113_Normalized.json,Kubernetes---kb_1113_Normalized.json::test_00002,invalid,passed,False,True,correct_reject,0.009206,0.001052,0.000834,0.000191,85,7
Kubernetes---kb_1113_Normalized.json,Kubernetes---kb_1113_Normalized.json::test_00003,invalid,passed,False,True,correct_reject,0.009206,0.00165,0.001533,7.4e-05,92,16
Kubernetes---kb_1114_Normalized.json,Kubernetes---kb_1114_Normalized.json::test_00000,valid,failed,False,True,over_constraint,0.009119,0.001624,0.001249,0.000197,64,7
Kubernetes---kb_1114_Normalized.json,Kubernetes---kb_1114_Normalized.json::test_00001,valid,failed,False,True,over_constraint,0.009119,0.000875,0.000682,4.8e-05,63,7
Kubernetes---kb_1114_Normalized.json,Kubernetes---kb_1114_Normalized.json::test_00002,invalid,passed,False,True,correct_reject,0.009119,0.00188,0.001612,0.000222,58,15
Kubernetes---kb_1115_Normalized.json,Kubernetes---kb_1115_Normalized.json::test_00000,valid,failed,False,True,over_constraint,0.006705,0.001569,0.001136,0.000267,106,7
Kubernetes---kb_1115_Normalized.json,Kubernetes---kb_1115_Normalized.json::test_00001,valid,failed,False,True,over_constraint,0.006705,0.000846,0.000664,4.7e-05,64,7
Kubernetes---kb_1115_Normalized.json,Kubernetes---kb_1115_Normalized.json::test_00002,invalid,passed,False,True,correct_reject,0.006705,0.002011,0.001731,0.00023,71,16
Kubernetes---kb_1116_Normalized.json,Kubernetes---kb_1116_Normalized.json::test_00000,valid,failed,False,True,over_constraint,0.010036,0.001718,0.001322,0.00021,64,7
Kubernetes---kb_1116_Normalized.json,Kubernetes---kb_1116_Normalized.json::test_00001,invalid,passed,False,True,correct_reject,0.010036,0.001092,0.000861,0.000206,60,6
Kubernetes---kb_1117_Normalized.json,Kubernetes---kb_1117_Normalized.json::test_00000,valid,failed,False,True,over_constraint,0.009477,0.003626,0.003071,0.000306,105,30
Kubernetes---kb_1117_Normalized.json,Kubernetes---kb_1117_Normalized.json::test_00001,valid,passed,True,True,correct_accept,0.009477,0.0035,0.002987,0.0004,34,34
Kubernetes---kb_1117_Normalized.json,Kubernetes---kb_1117_Normalized.json::test_00002,invalid,passed,False,True,correct_reject,0.009477,0.000414,0.000363,2.9e-05,30,6
Kubernetes---kb_1117_Normalized.json,Kubernetes---kb_1117_Normalized.json::test_00003,invalid,passed,False,True,correct_reject,0.009477,0.0004,0.000352,2.8e-05,29,6
Kubernetes---kb_1118_Normalized.json,Kubernetes---kb_1118_Normalized.json::test_00000,valid,failed,False,True,over_constraint,0.006792,0.00263,0.002209,0.000231,183,30
Kubernetes---kb_1118_Normalized.json,Kubernetes---kb_1118_Normalized.json::test_00001,valid,failed,False,True,over_constraint,0.006792,0.001761,0.00151,9.5e-05,170,30
Kubernetes---kb_1118_Normalized.json,Kubernetes---kb_1118_Normalized.json::test_00002,invalid,passed,False,True,correct_reject,0.006792,0.000337,0.000297,2.6e-05,167,6
Kubernetes---kb_1119_Normalized.json,Kubernetes---kb_1119_Normalized.json::test_00000,valid,failed,False,True,over_constraint,0.007239,0.00263,0.002229,0.000217,99,33
Kubernetes---kb_1119_Normalized.json,Kubernetes---kb_1119_Normalized.json::test_00001,valid,failed,False,True,over_constraint,0.007239,0.00525,0.004523,0.000312,106,30
Kubernetes---kb_111_Normalized.json,Kubernetes---kb_111_Normalized.json::test_00000,valid,passed,True,True,correct_accept,0.002733,0.009455,0.008592,0.000563,146,146
Kubernetes---kb_111_Normalized.json,Kubernetes---kb_111_Normalized.json::test_00001,invalid,passed,False,True,correct_reject,0.002733,0.002281,0.002073,0.000103,164,44
Kubernetes---kb_111_Normalized.json,Kubernetes---kb_111_Normalized.json::test_00002,invalid,passed,False,True,correct_reject,0.002733,0.006802,0.006261,0.000284,178,130
Kubernetes---kb_111_Normalized.json,Kubernetes---kb_111_Normalized.json::test_00003,invalid,passed,False,True,correct_reject,0.002733,0.006692,0.006137,0.000309,152,126
Kubernetes---kb_111_Normalized.json,Kubernetes---kb_111_Normalized.json::test_00004,invalid,passed,False,True,correct_reject,0.002733,0.012108,0.011201,0.0006,151,102
Kubernetes---kb_111_Normalized.json,Kubernetes---kb_111_Normalized.json::test_00005,invalid,passed,False,True,correct_reject,0.002733,0.002206,0.002009,0.000104,153,44
Kubernetes---kb_111_Normalized.json,Kubernetes---kb_111_Normalized.json::test_00006,valid,passed,True,True,correct_accept,0.002733,0.00821,0.007513,0.000389,154,154
Kubernetes---kb_111_Normalized.json,Kubernetes---kb_111_Normalized.json::test_00007,invalid,passed,False,True,correct_reject,0.002733,0.001751,0.001587,9.1e-05,92,36
Kubernetes---kb_111_Normalized.json,Kubernetes---kb_111_Normalized.json::test_00008,invalid,passed,False,True,correct_reject,0.002733,0.002183,0.001986,0.000105,161,44
Kubernetes---kb_111_Normalized.json,Kubernetes---kb_111_Normalized.json::test_00009,invalid,passed,False,True,correct_reject,0.002733,0.001817,0.001634,9.5e-05,193,36
Kubernetes---kb_1120_Normalized.json,Kubernetes---kb_1120_Normalized.json::test_00000,valid,failed,False,True,over_constraint,0.006637,0.002514,0.002114,0.000213,84,30
Kubernetes---kb_1120_Normalized.json,Kubernetes---kb_1120_Normalized.json::test_00001,valid,failed,False,True,over_constraint,0.006637,0.001969,0.001642,0.000134,84,30
Kubernetes---kb_1120_Normalized.json,Kubernetes---kb_1120_Normalized.json::test_00002,invalid,passed,False,True,correct_reject,0.006637,0.006321,0.005843,0.000365,83,38
Kubernetes---kb_1120_Normalized.json,Kubernetes---kb_1120_Normalized.json::test_00003,invalid,passed,False,True,correct_reject,0.006637,0.001447,0.001289,0.0001,78,17
Kubernetes---kb_1123_Normalized.json,Kubernetes---kb_1123_Normalized.json::test_00000,valid,failed,False,True,over_constraint,0.001325,0.00293,0.00259,0.00015,92,39
Kubernetes---kb_1123_Normalized.json,Kubernetes---kb_1123_Normalized.json::test_00001,invalid,passed,False,True,correct_reject,0.001325,0.000309,0.000271,2.3e-05,93,5
Kubernetes---kb_1123_Normalized.json,Kubernetes---kb_1123_Normalized.json::test_00002,invalid,passed,False,True,correct_reject,0.001325,0.000653,0.000528,0.000101,99,9
Kubernetes---kb_1123_Normalized.json,Kubernetes---kb_1123_Normalized.json::test_00003,invalid,passed,False,True,correct_reject,0.001325,0.000753,0.000659,6.2e-05,89,9
Kubernetes---kb_1125_Normalized.json,Kubernetes---kb_1125_Normalized.json::test_00000,valid,failed,False,True,over_constraint,0.000865,0.000272,0.000148,9e-06,21,1
Kubernetes---kb_1125_Normalized.json,Kubernetes---kb_1125_Normalized.json::test_00001,invalid,passed,False,True,correct_reject,0.000865,0.000225,0.000137,9e-06,18,1
Kubernetes---kb_1125_Normalized.json,Kubernetes---kb_1125_Normalized.json::test_00002,invalid,passed,False,True,correct_reject,0.000865,0.00022,0.000123,9e-06,16,1
Kubernetes---kb_1125_Normalized.json,Kubernetes---kb_1125_Normalized.json::test_00003,valid,failed,False,True,over_constraint,0.000865,0.000217,0.000126,1e-05,18,1
Kubernetes---kb_1125_Normalized.json,Kubernetes---kb_1125_Normalized.json::test_00004,invalid,passed,False,True,correct_reject,0.000865,0.000192,0.000173,1.1e-05,15,2
Kubernetes---kb_1125_Normalized.json,Kubernetes---kb_1125_Normalized.json::test_00005,invalid,passed,False,True,correct_reject,0.000865,0.000189,0.00017,1.2e-05,15,2
Kubernetes---kb_1126_Normalized.json,Kubernetes---kb_1126_Normalized.json::test_00000,valid,failed,False,True,over_constraint,0.000895,0.000241,0.000134,1.1e-05,21,1
Kubernetes---kb_1126_Normalized.json,Kubernetes---kb_1126_Normalized.json::test_00001,invalid,passed,False,True,correct_reject,0.000895,0.000201,0.000114,1e-05,18,1
Kubernetes---kb_1126_Normalized.json,Kubernetes---kb_1126_Normalized.json::test_00002,invalid,passed,False,True,correct_reject,0.000895,0.000211,0.000122,9e-06,16,1
Kubernetes---kb_1126_Normalized.json,Kubernetes---kb_1126_Normalized.json::test_00003,valid,failed,False,True,over_constraint,0.000895,0.000214,0.000119,1e-05,17,1
Kubernetes---kb_1126_Normalized.json,Kubernetes---kb_1126_Normalized.json::test_00004,invalid,passed,False,True,correct_reject,0.000895,0.000217,0.000192,1.5e-05,15,2
Kubernetes---kb_1126_Normalized.json,Kubernetes---kb_1126_Normalized.json::test_00005,invalid,passed,False,True,correct_reject,0.000895,0.000233,0.000208,1.5e-05,15,2
Kubernetes---kb_1127_Normalized.json,Kubernetes---kb_1127_Normalized.json::test_00000,valid,passed,True,True,correct_accept,0.001278,0.00317,0.002868,0.000209,31,31
Kubernetes---kb_1127_Normalized.json,Kubernetes---kb_1127_Normalized.json::test_00001,invalid,passed,False,True,correct_reject,0.001278,0.000417,0.000379,2.3e-05,24,5
Kubernetes---kb_1127_Normalized.json,Kubernetes---kb_1127_Normalized.json::test_00002,valid,passed,True,True,correct_accept,0.001278,0.002237,0.002078,8.5e-05,31,31
Kubernetes---kb_1127_Normalized.json,Kubernetes---kb_1127_Normalized.json::test_00003,invalid,passed,False,True,correct_reject,0.001278,0.000468,0.000426,2.5e-05,24,5
Kubernetes---kb_1127_Normalized.json,Kubernetes---kb_1127_Normalized.json::test_00004,invalid,passed,False,True,correct_reject,0.001278,0.0004,0.000361,2.2e-05,24,5
Kubernetes---kb_1128_Normalized.json,Kubernetes---kb_1128_Normalized.json::test_00000,valid,passed,True,True,correct_accept,0.001323,0.00394,0.003599,0.000239,31,31
Kubernetes---kb_1128_Normalized.json,Kubernetes---kb_1128_Normalized.json::test_00001,invalid,passed,False,True,correct_reject,0.001323,0.000595,0.000537,3.6e-05,24,5
Kubernetes---kb_1128_Normalized.json,Kubernetes---kb_1128_Normalized.json::test_00002,invalid,passed,False,True,correct_reject,0.001323,0.000397,0.000357,2.2e-05,23,4
Kubernetes---kb_1128_Normalized.json,Kubernetes---kb_1128_Normalized.json::test_00003,invalid,passed,False,True,correct_reject,0.001323,0.001131,0.00104,5e-05,22,18
Kubernetes---kb_1129_Normalized.json,Kubernetes---kb_1129_Normalized.json::test_00000,valid,passed,True,True,correct_accept,0.00093,0.003673,0.003345,0.000235,28,28
Kubernetes---kb_1129_Normalized.json,Kubernetes---kb_1129_Normalized.json::test_00001,invalid,passed,False,True,correct_reject,0.00093,0.000497,0.000454,2.6e-05,24,5
Kubernetes---kb_112_Normalized.json,Kubernetes---kb_112_Normalized.json::test_00000,valid,passed,True,True,correct_accept,0.002618,0.018367,0.016736,0.001083,276,276
Kubernetes---kb_112_Normalized.json,Kubernetes---kb_112_Normalized.json::test_00001,invalid,passed,False,True,correct_reject,0.002618,0.002357,0.002165,0.0001,283,44
Kubernetes---kb_112_Normalized.json,Kubernetes---kb_112_Normalized.json::test_00002,invalid,passed,False,True,correct_reject,0.002618,0.000355,0.000315,2.2e-05,276,6
Kubernetes---kb_112_Normalized.json,Kubernetes---kb_112_Normalized.json::test_00003,invalid,passed,False,True,correct_reject,0.002618,0.013759,0.012796,0.000492,274,240
Kubernetes---kb_112_Normalized.json,Kubernetes---kb_112_Normalized.json::test_00004,invalid,passed,False,True,correct_reject,0.002618,0.014587,0.013229,0.000872,271,147
Kubernetes---kb_112_Normalized.json,Kubernetes---kb_112_Normalized.json::test_00005,invalid,passed,False,True,correct_reject,0.002618,0.002357,0.002168,9.5e-05,196,44
Kubernetes---kb_1130_Normalized.json,Kubernetes---kb_1130_Normalized.json::test_00000,valid,passed,True,True,correct_accept,0.00095,0.002373,0.002188,0.000118,31,31
Kubernetes---kb_1130_Normalized.json,Kubernetes---kb_1130_Normalized.json::test_00001,invalid,passed,False,True,correct_reject,0.00095,0.000454,0.000409,2.8e-05,24,5
Kubernetes---kb_1131_Normalized.json,Kubernetes---kb_1131_Normalized.json::test_00000,valid,passed,True,True,correct_accept,0.001021,0.002658,0.00239,0.000188,38,38
Kubernetes---kb_1131_Normalized.json,Kubernetes---kb_1131_Normalized.json::test_00001,invalid,passed,False,True,correct_reject,0.001021,0.001369,0.001238,7.8e-05,39,28
Kubernetes---kb_1131_Normalized.json,Kubernetes---kb_1131_Normalized.json::test_00002,invalid,passed,False,True,correct_reject,0.001021,0.001316,0.001189,7.3e-05,41,27
Kubernetes---kb_1131_Normalized.json,Kubernetes---kb_1131_Normalized.json::test_00003,valid,passed,True,True,correct_accept,0.001021,0.001947,0.001756,0.000115,29,29
Kubernetes---kb_1131_Normalized.json,Kubernetes---kb_1131_Normalized.json::test_00004,invalid,passed,False,True,correct_reject,0.001021,0.000253,0.000229,1.4e-05,38,2
Kubernetes---kb_1132_Normalized.json,Kubernetes---kb_1132_Normalized.json::test_00000,valid,passed,True,True,correct_accept,0.001413,0.002795,0.002444,0.000271,30,30
Kubernetes---kb_1132_Normalized.json,Kubernetes---kb_1132_Normalized.json::test_00001,invalid,passed,False,True,correct_reject,0.001413,0.000398,0.000349,2.9e-05,29,6
Kubernetes---kb_1132_Normalized.json,Kubernetes---kb_1132_Normalized.json::test_00002,valid,passed,True,True,correct_accept,0.001413,0.001604,0.001458,9e-05,30,30
Kubernetes---kb_1132_Normalized.json,Kubernetes---kb_1132_Normalized.json::test_00003,invalid,passed,False,True,correct_reject,0.001413,0.000205,0.000186,1.1e-05,28,2
Kubernetes---kb_1133_Normalized.json,Kubernetes---kb_1133_Normalized.json::test_00000,valid,passed,True,True,correct_accept,0.002085,0.006337,0.005481,0.000634,90,90
Kubernetes---kb_1133_Normalized.json,Kubernetes---kb_1133_Normalized.json::test_00001,valid,passed,True,True,correct_accept,0.002085,0.004264,0.00389,0.000202,89,89
Kubernetes---kb_1134_Normalized.json,Kubernetes---kb_1134_Normalized.json::test_00000,valid,passed,True,True,correct_accept,0.001247,0.008628,0.007551,0.000811,90,90
Kubernetes---kb_1134_Normalized.json,Kubernetes---kb_1134_Normalized.json::test_00001,valid,passed,True,True,correct_accept,0.001247,0.003854,0.00348,0.000217,80,80
Kubernetes---kb_1135_Normalized.json,Kubernetes---kb_1135_Normalized.json::test_00000,valid,passed,True,True,correct_accept,0.001265,0.000957,0.000837,9.9e-05,6,6
Kubernetes---kb_1135_Normalized.json,Kubernetes---kb_1135_Normalized.json::test_00001,invalid,passed,False,True,correct_reject,0.001265,0.000384,0.000347,2.1e-05,6,4
Kubernetes---kb_1135_Normalized.json,Kubernetes---kb_1135_Normalized.json::test_00002,invalid,passed,False,True,correct_reject,0.001265,0.000489,0.000435,3.2e-05,8,6
Kubernetes---kb_1136_Normalized.json,Kubernetes---kb_1136_Normalized.json::test_00000,valid,passed,True,True,correct_accept,0.000874,0.001063,0.000935,0.000102,6,6
Kubernetes---kb_1136_Normalized.json,Kubernetes---kb_1136_Normalized.json::test_00001,invalid,passed,False,True,correct_reject,0.000874,0.000427,0.000386,2.4e-05,6,4
Kubernetes---kb_1136_Normalized.json,Kubernetes---kb_1136_Normalized.json::test_00002,invalid,passed,False,True,correct_reject,0.000874,0.000438,0.000396,2.5e-05,6,4
Kubernetes---kb_1136_Normalized.json,Kubernetes---kb_1136_Normalized.json::test_00003,invalid,passed,False,True,correct_reject,0.000874,0.000553,0.000493,3.7e-05,8,6
Kubernetes---kb_1137_Normalized.json,Kubernetes---kb_1137_Normalized.json::test_00000,valid,passed,True,True,correct_accept,0.001185,0.000962,0.000849,8.9e-05,6,6
Kubernetes---kb_1137_Normalized.json,Kubernetes---kb_1137_Normalized.json::test_00001,invalid,passed,False,True,correct_reject,0.001185,0.000453,0.000415,2.3e-05,6,4
Kubernetes---kb_1137_Normalized.json,Kubernetes---kb_1137_Normalized.json::test_00002,invalid,passed,False,True,correct_reject,0.001185,0.000622,0.000553,4.3e-05,8,6
Kubernetes---kb_1138_Normalized.json,Kubernetes---kb_1138_Normalized.json::test_00000,valid,failed,False,True,over_constraint,0.003375,0.007845,0.006919,0.000557,163,134
Kubernetes---kb_1138_Normalized.json,Kubernetes---kb_1138_Normalized.json::test_00001,valid,failed,False,True,over_constraint,0.003375,0.00506,0.004508,0.000244,138,107
Kubernetes---kb_1139_Normalized.json,Kubernetes---kb_1139_Normalized.json::test_00000,valid,failed,False,True,over_constraint,0.002948,0.010454,0.009119,0.000911,159,81
Kubernetes---kb_1139_Normalized.json,Kubernetes---kb_1139_Normalized.json::test_00001,valid,failed,False,True,over_constraint,0.002948,0.008572,0.007645,0.000494,164,135
Kubernetes---kb_1139_Normalized.json,Kubernetes---kb_1139_Normalized.json::test_00002,invalid,passed,False,True,correct_reject,0.002948,0.008464,0.007558,0.000443,164,135
Kubernetes---kb_113_Normalized.json,Kubernetes---kb_113_Normalized.json::test_00000,valid,failed,False,True,over_constraint,0.001654,0.003402,0.002971,0.000234,55,39
Kubernetes---kb_113_Normalized.json,Kubernetes---kb_113_Normalized.json::test_00001,invalid,passed,False,True,correct_reject,0.001654,0.000521,0.00046,3.7e-05,53,8
Kubernetes---kb_113_Normalized.json,Kubernetes---kb_113_Normalized.json::test_00002,valid,passed,True,True,correct_accept,0.001654,0.002509,0.002298,0.000119,42,42
Kubernetes---kb_113_Normalized.json,Kubernetes---kb_113_Normalized.json::test_00003,invalid,passed,False,True,correct_reject,0.001654,0.000518,0.000444,4.8e-05,41,8
Kubernetes---kb_1140_Normalized.json,Kubernetes---kb_1140_Normalized.json::test_00000,valid,passed,True,True,correct_accept,0.001114,0.003905,0.003594,0.000191,47,47
Kubernetes---kb_1140_Normalized.json,Kubernetes---kb_1140_Normalized.json::test_00001,invalid,passed,False,True,correct_reject,0.001114,0.000466,0.000412,3.1e-05,47,6
Kubernetes---kb_1140_Normalized.json,Kubernetes---kb_1140_Normalized.json::test_00002,invalid,passed,False,True,correct_reject,0.001114,0.002267,0.002046,0.000125,38,36
Kubernetes---kb_1140_Normalized.json,Kubernetes---kb_1140_Normalized.json::test_00003,invalid,passed,False,True,correct_reject,0.001114,0.000486,0.000417,4.4e-05,46,6
Kubernetes---kb_1140_Normalized.json,Kubernetes---kb_1140_Normalized.json::test_00004,valid,passed,True,True,correct_accept,0.001114,0.003096,0.002828,0.000153,46,46
Kubernetes---kb_1140_Normalized.json,Kubernetes---kb_1140_Normalized.json::test_00005,invalid,passed,False,True,correct_reject,0.001114,0.000456,0.000404,3.1e-05,44,5
Kubernetes---kb_1140_Normalized.json,Kubernetes---kb_1140_Normalized.json::test_00006,invalid,passed,False,True,correct_reject,0.001114,0.000515,0.000456,3.7e-05,45,6
Kubernetes---kb_1141_Normalized.json,Kubernetes---kb_1141_Normalized.json::test_00000,valid,passed,True,True,correct_accept,0.001531,0.004496,0.00415,0.000212,52,52
Kubernetes---kb_1141_Normalized.json,Kubernetes---kb_1141_Normalized.json::test_00001,invalid,passed,False,True,correct_reject,0.001531,0.000502,0.000446,3.2e-05,51,6
Kubernetes---kb_1141_Normalized.json,Kubernetes---kb_1141_Normalized.json::test_00002,invalid,passed,False,True,correct_reject,0.001531,0.002696,0.002445,0.000147,40,39
Kubernetes---kb_1141_Normalized.json,Kubernetes---kb_1141_Normalized.json::test_00003,valid,passed,True,True,correct_accept,0.001531,0.003575,0.003272,0.000175,48,48
Kubernetes---kb_1141_Normalized.json,Kubernetes---kb_1141_Normalized.json::test_00004,invalid,passed,False,True,correct_reject,0.001531,0.000473,0.000419,3.1e-05,47,6
Kubernetes---kb_1141_Normalized.json,Kubernetes---kb_1141_Normalized.json::test_00005,invalid,passed,False,True,correct_reject,0.001531,0.000489,0.000431,3.6e-05,47,6
Kubernetes---kb_1142_Normalized.json,Kubernetes---kb_1142_Normalized.json::test_00000,valid,failed,False,True,over_constraint,0.001475,0.003608,0.00323,0.00016,64,35
Kubernetes---kb_1142_Normalized.json,Kubernetes---kb_1142_Normalized.json::test_00001,invalid,passed,False,True,correct_reject,0.001475,0.003273,0.002906,0.000149,63,35
Kubernetes---kb_1142_Normalized.json,Kubernetes---kb_1142_Normalized.json::test_00002,valid,failed,False,True,over_constraint,0.001475,0.003259,0.002894,0.000145,63,35
Kubernetes---kb_1142_Normalized.json,Kubernetes---kb_1142_Normalized.json::test_00003,invalid,passed,False,True,correct_reject,0.001475,0.003142,0.002752,0.000165,62,35
Kubernetes---kb_1142_Normalized.json,Kubernetes---kb_1142_Normalized.json::test_00004,invalid,passed,False,True,correct_reject,0.001475,0.002916,0.002576,0.00015,62,35
Kubernetes---kb_1143_Normalized.json,Kubernetes---kb_1143_Normalized.json::test_00000,valid,failed,False,True,over_constraint,0.001191,0.002996,0.002653,0.000125,63,35
Kubernetes---kb_1143_Normalized.json,Kubernetes---kb_1143_Normalized.json::test_00001,invalid,passed,False,True,correct_reject,0.001191,0.00277,0.002462,0.000122,62,35
Kubernetes---kb_1143_Normalized.json,Kubernetes---kb_1143_Normalized.json::test_00002,valid,failed,False,True,over_constraint,0.001191,0.002704,0.002401,0.000116,63,35
Kubernetes---kb_1143_Normalized.json,Kubernetes---kb_1143_Normalized.json::test_00003,invalid,passed,False,True,correct_reject,0.001191,0.000262,0.000235,1.5e-05,62,2
Kubernetes---kb_1143_Normalized.json,Kubernetes---kb_1143_Normalized.json::test_00004,invalid,passed,False,True,correct_reject,0.001191,0.000256,0.00023,1.5e-05,62,2
Kubernetes---kb_1144_Normalized.json,Kubernetes---kb_1144_Normalized.json::test_00000,valid,failed,False,True,over_constraint,0.002761,0.001736,0.001303,8.2e-05,150,17
Kubernetes---kb_1144_Normalized.json,Kubernetes---kb_1144_Normalized.json::test_00001,invalid,passed,False,True,correct_reject,0.002761,0.001176,0.000957,6.6e-05,150,17
Kubernetes---kb_1144_Normalized.json,Kubernetes---kb_1144_Normalized.json::test_00002,invalid,passed,False,True,correct_reject,0.002761,0.001058,0.000964,6e-05,153,14
Kubernetes---kb_1144_Normalized.json,Kubernetes---kb_1144_Normalized.json::test_00003,valid,failed,False,True,over_constraint,0.002761,0.001197,0.00097,6.8e-05,116,17
Kubernetes---kb_1144_Normalized.json,Kubernetes---kb_1144_Normalized.json::test_00004,invalid,passed,False,True,correct_reject,0.002761,0.000239,0.000211,1.5e-05,117,2
Kubernetes---kb_1145_Normalized.json,Kubernetes---kb_1145_Normalized.json::test_00000,valid,failed,False,True,over_constraint,0.001747,0.000987,0.000769,4.8e-05,110,6
Kubernetes---kb_1146_Normalized.json,Kubernetes---kb_1146_Normalized.json::test_00000,valid,failed,False,True,over_constraint,0.00172,0.000998,0.000783,4.7e-05,115,6
Kubernetes---kb_1147_Normalized.json,Kubernetes---kb_1147_Normalized.json::test_00000,valid,compile_error,,True,over_constraint,0.000355,,,,,
Kubernetes---kb_1147_Normalized.json,Kubernetes---kb_1147_Normalized.json::test_00001,valid,compile_error,,True,over_constraint,0.000355,,,,,
Kubernetes---kb_1147_Normalized.json,Kubernetes---kb_1147_Normalized.json::test_00002,invalid,compile_error,,True,correct_reject,0.000355,,,,,
Kubernetes---kb_1149_Normalized.json,Kubernetes---kb_1149_Normalized.json::test_00000,valid,compile_error,,True,over_constraint,0.000357,,,,,
Kubernetes---kb_1149_Normalized.json,Kubernetes---kb_1149_Normalized.json::test_00001,invalid,compile_error,,True,correct_reject,0.000357,,,,,
Kubernetes---kb_114_Normalized.json,Kubernetes---kb_114_Normalized.json::test_00000,valid,passed,True,True,correct_accept,0.001293,0.004564,0.004083,0.000356,46,46
Kubernetes---kb_114_Normalized.json,Kubernetes---kb_114_Normalized.json::test_00001,invalid,passed,False,True,correct_reject,0.001293,0.000579,0.000512,4e-05,46,8
Kubernetes---kb_114_Normalized.json,Kubernetes---kb_114_Normalized.json::test_00002,invalid,passed,False,True,correct_reject,0.001293,0.000591,0.00052,4.2e-05,45,8
Kubernetes---kb_114_Normalized.json,Kubernetes---kb_114_Normalized.json::test_00003,valid,passed,True,True,correct_accept,0.001293,0.003249,0.00297,0.000168,42,42
Kubernetes---kb_114_Normalized.json,Kubernetes---kb_114_Normalized.json::test_00004,invalid,passed,False,True,correct_reject,0.001293,0.000589,0.00052,4e-05,40,8
Kubernetes---kb_114_Normalized.json,Kubernetes---kb_114_Normalized.json::test_00005,invalid,passed,False,True,correct_reject,0.001293,0.000695,0.000606,5.3e-05,41,8
Kubernetes---kb_1150_Normalized.json,Kubernetes---kb_1150_Normalized.json::test_00000,valid,compile_error,,True,over_constraint,0.000384,,,,,
Kubernetes---kb_1150_Normalized.json,Kubernetes---kb_1150_Normalized.json::test_00001,valid,compile_error,,True,over_constraint,0.000384,,,,,
Kubernetes---kb_1150_Normalized.json,Kubernetes---kb_1150_Normalized.json::test_00002,invalid,compile_error,,True,correct_reject,0.000384,,,,,
Kubernetes---kb_1151_Normalized.json,Kubernetes---kb_1151_Normalized.json::test_00000,valid,compile_error,,True,over_constraint,0.00033,,,,,
Kubernetes---kb_1151_Normalized.json,Kubernetes---kb_1151_Normalized.json::test_00001,invalid,compile_error,,True,correct_reject,0.00033,,,,,
Kubernetes---kb_1152_Normalized.json,Kubernetes---kb_1152_Normalized.json::test_00000,valid,compile_error,,True,over_constraint,0.00032,,,,,
Kubernetes---kb_1152_Normalized.json,Kubernetes---kb_1152_Normalized.json::test_00001,valid,compile_error,,True,over_constraint,0.00032,,,,,
Kubernetes---kb_1152_Normalized.json,Kubernetes---kb_1152_Normalized.json::test_00002,invalid,compile_error,,True,correct_reject,0.00032,,,,,
Kubernetes---kb_1153_Normalized.json,Kubernetes---kb_1153_Normalized.json::test_00000,valid,failed,False,True,over_constraint,0.001608,0.001203,0.000565,3.9e-05,51,5
Kubernetes---kb_1153_Normalized.json,Kubernetes---kb_1153_Normalized.json::test_00001,invalid,passed,False,True,correct_reject,0.001608,0.000512,0.000338,3.4e-05,54,5
Kubernetes---kb_1153_Normalized.json,Kubernetes---kb_1153_Normalized.json::test_00002,invalid,passed,False,True,correct_reject,0.001608,0.000574,0.000393,3.5e-05,48,5
Kubernetes---kb_1153_Normalized.json,Kubernetes---kb_1153_Normalized.json::test_00003,invalid,passed,False,True,correct_reject,0.001608,0.000528,0.000351,3.5e-05,50,5
Kubernetes---kb_1154_Normalized.json,Kubernetes---kb_1154_Normalized.json::test_00000,valid,failed,False,True,over_constraint,0.00263,0.000882,0.000467,3.4e-05,50,5
Kubernetes---kb_1154_Normalized.json,Kubernetes---kb_1154_Normalized.json::test_00001,invalid,passed,False,True,correct_reject,0.00263,0.00054,0.000362,3.5e-05,53,5
Kubernetes---kb_1154_Normalized.json,Kubernetes---kb_1154_Normalized.json::test_00002,invalid,passed,False,True,correct_reject,0.00263,0.000553,0.000377,3.4e-05,49,5
Kubernetes---kb_1154_Normalized.json,Kubernetes---kb_1154_Normalized.json::test_00003,valid,failed,False,True,over_constraint,0.00263,0.000529,0.000355,3.4e-05,51,5
Kubernetes---kb_1154_Normalized.json,Kubernetes---kb_1154_Normalized.json::test_00004,invalid,passed,False,True,correct_reject,0.00263,0.000539,0.000365,3.4e-05,50,5
Kubernetes---kb_1155_Normalized.json,Kubernetes---kb_1155_Normalized.json::test_00000,valid,passed,True,True,correct_accept,0.001111,0.00146,0.001308,0.00011,13,13
Kubernetes---kb_1155_Normalized.json,Kubernetes---kb_1155_Normalized.json::test_00001,invalid,passed,False,True,correct_reject,0.001111,0.000561,0.000506,3.4e-05,15,6
Kubernetes---kb_1155_Normalized.json,Kubernetes---kb_1155_Normalized.json::test_00002,invalid,passed,False,True,correct_reject,0.001111,0.00089,0.000809,5.2e-05,13,11
Kubernetes---kb_1155_Normalized.json,Kubernetes---kb_1155_Normalized.json::test_00003,invalid,passed,False,True,correct_reject,0.001111,0.000484,0.000437,2.8e-05,13,4
Kubernetes---kb_1155_Normalized.json,Kubernetes---kb_1155_Normalized.json::test_00004,invalid,passed,False,True,correct_reject,0.001111,0.000934,0.000843,5.6e-05,15,13
Kubernetes---kb_1156_Normalized.json,Kubernetes---kb_1156_Normalized.json::test_00000,valid,passed,True,True,correct_accept,0.001667,0.001443,0.001293,0.000113,13,13
Kubernetes---kb_1156_Normalized.json,Kubernetes---kb_1156_Normalized.json::test_00001,invalid,passed,False,True,correct_reject,0.001667,0.00056,0.000507,3.2e-05,15,6
Kubernetes---kb_1156_Normalized.json,Kubernetes---kb_1156_Normalized.json::test_00002,invalid,passed,False,True,correct_reject,0.001667,0.000458,0.000418,2.3e-05,13,4
Kubernetes---kb_1156_Normalized.json,Kubernetes---kb_1156_Normalized.json::test_00003,invalid,passed,False,True,correct_reject,0.001667,0.000884,0.000802,4.9e-05,13,11
Kubernetes---kb_1156_Normalized.json,Kubernetes---kb_1156_Normalized.json::test_00004,invalid,passed,False,True,correct_reject,0.001667,0.000451,0.000412,2.4e-05,13,4
Kubernetes---kb_1157_Normalized.json,Kubernetes---kb_1157_Normalized.json::test_00000,valid,failed,False,True,over_constraint,0.001888,0.000461,0.000366,2.2e-05,75,4
Kubernetes---kb_1157_Normalized.json,Kubernetes---kb_1157_Normalized.json::test_00001,invalid,passed,False,True,correct_reject,0.001888,0.000405,0.000313,2.2e-05,75,4
Kubernetes---kb_1157_Normalized.json,Kubernetes---kb_1157_Normalized.json::test_00002,invalid,passed,False,True,correct_reject,0.001888,0.000419,0.000324,2.3e-05,76,4
Kubernetes---kb_1157_Normalized.json,Kubernetes---kb_1157_Normalized.json::test_00003,valid,failed,False,True,over_constraint,0.001888,0.00042,0.000325,2.3e-05,70,4
Kubernetes---kb_1157_Normalized.json,Kubernetes---kb_1157_Normalized.json::test_00004,invalid,passed,False,True,correct_reject,0.001888,0.000447,0.000352,2.4e-05,65,4
Kubernetes---kb_1158_Normalized.json,Kubernetes---kb_1158_Normalized.json::test_00000,valid,failed,False,True,over_constraint,0.002041,0.000444,0.000352,2.2e-05,70,4
Kubernetes---kb_1158_Normalized.json,Kubernetes---kb_1158_Normalized.json::test_00001,invalid,passed,False,True,correct_reject,0.002041,0.000518,0.000386,3e-05,70,4
Kubernetes---kb_1158_Normalized.json,Kubernetes---kb_1158_Normalized.json::test_00002,invalid,passed,False,True,correct_reject,0.002041,0.00044,0.000345,2.3e-05,71,4
Kubernetes---kb_1158_Normalized.json,Kubernetes---kb_1158_Normalized.json::test_00003,invalid,passed,False,True,correct_reject,0.002041,0.000448,0.000338,2.3e-05,70,4
Kubernetes---kb_1158_Normalized.json,Kubernetes---kb_1158_Normalized.json::test_00004,valid,failed,False,True,over_constraint,0.002041,0.000429,0.00033,2.4e-05,47,4
Kubernetes---kb_1158_Normalized.json,Kubernetes---kb_1158_Normalized.json::test_00005,invalid,passed,False,True,correct_reject,0.002041,0.000415,0.00032,2.2e-05,41,4
Kubernetes---kb_1159_Normalized.json,Kubernetes---kb_1159_Normalized.json::test_00000,valid,passed,True,True,correct_accept,0.001788,0.004709,0.004136,0.000453,44,44
Kubernetes---kb_1159_Normalized.json,Kubernetes---kb_1159_Normalized.json::test_00001,invalid,passed,False,True,correct_reject,0.001788,0.000667,0.000614,3e-05,37,9
Kubernetes---kb_1159_Normalized.json,Kubernetes---kb_1159_Normalized.json::test_00002,invalid,passed,False,True,correct_reject,0.001788,0.00079,0.000712,5e-05,36,8
Kubernetes---kb_1159_Normalized.json,Kubernetes---kb_1159_Normalized.json::test_00003,valid,passed,True,True,correct_accept,0.001788,0.003737,0.003375,0.000223,44,44
Kubernetes---kb_1159_Normalized.json,Kubernetes---kb_1159_Normalized.json::test_00004,invalid,passed,False,True,correct_reject,0.001788,0.00103,0.000928,6.4e-05,37,9
Kubernetes---kb_1159_Normalized.json,Kubernetes---kb_1159_Normalized.json::test_00005,invalid,passed,False,True,correct_reject,0.001788,0.000996,0.000899,6e-05,37,9
Kubernetes---kb_115_Normalized.json,Kubernetes---kb_115_Normalized.json::test_00000,valid,passed,True,True,correct_accept,0.002318,0.004178,0.00377,0.000287,51,51
Kubernetes---kb_115_Normalized.json,Kubernetes---kb_115_Normalized.json::test_00001,invalid,passed,False,True,correct_reject,0.002318,0.00037,0.000339,1.7e-05,19,4
Kubernetes---kb_115_Normalized.json,Kubernetes---kb_115_Normalized.json::test_00002,invalid,passed,False,True,correct_reject,0.002318,0.00044,0.000394,2.6e-05,19,5
Kubernetes---kb_115_Normalized.json,Kubernetes---kb_115_Normalized.json::test_00003,valid,failed,False,True,over_constraint,0.002318,0.002516,0.002191,0.000135,55,48
Kubernetes---kb_115_Normalized.json,Kubernetes---kb_115_Normalized.json::test_00004,invalid,passed,False,True,correct_reject,0.002318,0.000397,0.000362,2.1e-05,19,5
Kubernetes---kb_115_Normalized.json,Kubernetes---kb_115_Normalized.json::test_00005,invalid,passed,False,True,correct_reject,0.002318,0.003136,0.002773,0.000218,70,52
Kubernetes---kb_1160_Normalized.json,Kubernetes---kb_1160_Normalized.json::test_00000,valid,passed,True,True,correct_accept,0.001428,0.004413,0.003774,0.000519,39,39
Kubernetes---kb_1160_Normalized.json,Kubernetes---kb_1160_Normalized.json::test_00001,invalid,passed,False,True,correct_reject,0.001428,0.000671,0.000619,3e-05,36,9
Kubernetes---kb_1160_Normalized.json,Kubernetes---kb_1160_Normalized.json::test_00002,valid,passed,True,True,correct_accept,0.001428,0.003261,0.002997,0.000159,40,40
Kubernetes---kb_1160_Normalized.json,Kubernetes---kb_1160_Normalized.json::test_00003,invalid,passed,False,True,correct_reject,0.001428,0.000652,0.000593,3.5e-05,37,9
Kubernetes---kb_1160_Normalized.json,Kubernetes---kb_1160_Normalized.json::test_00004,invalid,passed,False,True,correct_reject,0.001428,0.00069,0.00063,3.4e-05,37,9
Kubernetes---kb_116_Normalized.json,Kubernetes---kb_116_Normalized.json::test_00000,valid,failed,False,True,over_constraint,0.001261,0.003334,0.002974,0.000178,55,48
Kubernetes---kb_116_Normalized.json,Kubernetes---kb_116_Normalized.json::test_00001,invalid,passed,False,True,correct_reject,0.001261,0.00036,0.00033,1.8e-05,23,4
Kubernetes---kb_116_Normalized.json,Kubernetes---kb_116_Normalized.json::test_00002,invalid,passed,False,True,correct_reject,0.001261,0.002528,0.002253,0.000163,53,47
Kubernetes---kb_116_Normalized.json,Kubernetes---kb_116_Normalized.json::test_00003,valid,passed,True,True,correct_accept,0.001261,0.002725,0.002438,0.000175,55,55
Kubernetes---kb_116_Normalized.json,Kubernetes---kb_116_Normalized.json::test_00004,invalid,passed,False,True,correct_reject,0.001261,0.000446,0.000397,2.8e-05,19,5
Kubernetes---kb_116_Normalized.json,Kubernetes---kb_116_Normalized.json::test_00005,invalid,passed,False,True,correct_reject,0.001261,0.001541,0.00134,6.7e-05,80,26
Kubernetes---kb_117_Normalized.json,Kubernetes---kb_117_Normalized.json::test_00000,valid,passed,True,True,correct_accept,0.001203,0.003816,0.003406,0.00029,62,62
Kubernetes---kb_117_Normalized.json,Kubernetes---kb_117_Normalized.json::test_00001,invalid,passed,False,True,correct_reject,0.001203,0.000429,0.000393,2.2e-05,62,5
Kubernetes---kb_117_Normalized.json,Kubernetes---kb_117_Normalized.json::test_00002,valid,failed,False,True,over_constraint,0.001203,0.002723,0.002386,0.000138,62,55
Kubernetes---kb_117_Normalized.json,Kubernetes---kb_117_Normalized.json::test_00003,invalid,passed,False,True,correct_reject,0.001203,0.00062,0.00056,3.5e-05,62,5
Kubernetes---kb_118_Normalized.json,Kubernetes---kb_118_Normalized.json::test_00000,valid,failed,False,True,over_constraint,0.001179,0.004389,0.003795,0.000368,58,51
Kubernetes---kb_118_Normalized.json,Kubernetes---kb_118_Normalized.json::test_00001,invalid,passed,False,True,correct_reject,0.001179,0.000462,0.000414,2.9e-05,58,5
Kubernetes---kb_118_Normalized.json,Kubernetes---kb_118_Normalized.json::test_00002,valid,failed,False,True,over_constraint,0.001179,0.003498,0.003063,0.000188,58,50
Kubernetes---kb_118_Normalized.json,Kubernetes---kb_118_Normalized.json::test_00003,invalid,passed,False,True,correct_reject,0.001179,0.000622,0.000564,3.7e-05,59,5
Kubernetes---kb_119_Normalized.json,Kubernetes---kb_119_Normalized.json::test_00000,valid,failed,False,True,over_constraint,0.008142,0.004642,0.004162,0.00025,456,62
Kubernetes---kb_119_Normalized.json,Kubernetes---kb_119_Normalized.json::test_00001,valid,failed,False,True,over_constraint,0.008142,0.004486,0.003879,0.000357,208,78
Kubernetes---kb_11_Normalized.json,Kubernetes---kb_11_Normalized.json::test_00000,valid,passed,True,True,correct_accept,0.001412,0.000824,0.000762,4e-05,9,9
Kubernetes---kb_11_Normalized.json,Kubernetes---kb_11_Normalized.json::test_00001,invalid,passed,False,True,correct_reject,0.001412,0.000404,0.000358,2.5e-05,6,5
Kubernetes---kb_120_Normalized.json,Kubernetes---kb_120_Normalized.json::test_00000,valid,failed,False,True,over_constraint,0.005559,0.004846,0.004228,0.000373,211,68
Kubernetes---kb_120_Normalized.json,Kubernetes---kb_120_Normalized.json::test_00001,valid,passed,True,True,correct_accept,0.005559,0.022643,0.019928,0.002013,289,289
Kubernetes---kb_120_Normalized.json,Kubernetes---kb_120_Normalized.json::test_00002,invalid,passed,False,True,correct_reject,0.005559,0.002767,0.002474,0.000179,287,44
Kubernetes---kb_120_Normalized.json,Kubernetes---kb_120_Normalized.json::test_00003,invalid,passed,False,True,correct_reject,0.005559,0.002776,0.002499,0.00016,326,44
Kubernetes---kb_121_Normalized.json,Kubernetes---kb_121_Normalized.json::test_00000,valid,passed,True,True,correct_accept,0.001427,0.003294,0.003037,0.000158,46,46
Kubernetes---kb_121_Normalized.json,Kubernetes---kb_121_Normalized.json::test_00001,invalid,passed,False,True,correct_reject,0.001427,0.001377,0.001272,5.7e-05,33,22
Kubernetes---kb_121_Normalized.json,Kubernetes---kb_121_Normalized.json::test_00002,invalid,passed,False,True,correct_reject,0.001427,0.000322,0.000285,2.2e-05,29,4
Kubernetes---kb_121_Normalized.json,Kubernetes---kb_121_Normalized.json::test_00003,invalid,passed,False,True,correct_reject,0.001427,0.001596,0.001452,8.2e-05,31,21
Kubernetes---kb_121_Normalized.json,Kubernetes---kb_121_Normalized.json::test_00004,invalid,passed,False,True,correct_reject,0.001427,0.001878,0.001699,0.000106,32,22
Kubernetes---kb_122_Normalized.json,Kubernetes---kb_122_Normalized.json::test_00000,valid,passed,True,True,correct_accept,0.001051,0.00351,0.003243,0.000168,46,46
Kubernetes---kb_122_Normalized.json,Kubernetes---kb_122_Normalized.json::test_00001,invalid,passed,False,True,correct_reject,0.001051,0.001422,0.001315,5.8e-05,33,22
Kubernetes---kb_122_Normalized.json,Kubernetes---kb_122_Normalized.json::test_00002,invalid,passed,False,True,correct_reject,0.001051,0.000325,0.000292,2.1e-05,29,4
Kubernetes---kb_122_Normalized.json,Kubernetes---kb_122_Normalized.json::test_00003,invalid,passed,False,True,correct_reject,0.001051,0.000419,0.000367,3.1e-05,15,5
Kubernetes---kb_123_Normalized.json,Kubernetes---kb_123_Normalized.json::test_00000,valid,passed,True,True,correct_accept,0.001325,0.002922,0.002649,0.000188,41,41
Kubernetes---kb_123_Normalized.json,Kubernetes---kb_123_Normalized.json::test_00001,invalid,passed,False,True,correct_reject,0.001325,0.00037,0.000327,2.5e-05,41,5
Kubernetes---kb_123_Normalized.json,Kubernetes---kb_123_Normalized.json::test_00002,invalid,passed,False,True,correct_reject,0.001325,0.002729,0.00251,0.000129,41,40
Kubernetes---kb_123_Normalized.json,Kubernetes---kb_123_Normalized.json::test_00003,invalid,passed,False,True,correct_reject,0.001325,0.000398,0.000351,2.7e-05,39,5
Kubernetes---kb_124_Normalized.json,Kubernetes---kb_124_Normalized.json::test_00000,valid,passed,True,True,correct_accept,0.001384,0.004095,0.003721,0.000271,41,41
Kubernetes---kb_124_Normalized.json,Kubernetes---kb_124_Normalized.json::test_00001,invalid,passed,False,True,correct_reject,0.001384,0.000438,0.00039,2.9e-05,41,5
Kubernetes---kb_124_Normalized.json,Kubernetes---kb_124_Normalized.json::test_00002,invalid,passed,False,True,correct_reject,0.001384,0.000488,0.000427,3.7e-05,39,5
Kubernetes---kb_125_Normalized.json,Kubernetes---kb_125_Normalized.json::test_00000,valid,passed,True,True,correct_accept,0.001891,0.00283,0.002548,0.000222,22,22
Kubernetes---kb_125_Normalized.json,Kubernetes---kb_125_Normalized.json::test_00001,invalid,passed,False,True,correct_reject,0.001891,0.000962,0.000866,6.2e-05,11,9
Kubernetes---kb_125_Normalized.json,Kubernetes---kb_125_Normalized.json::test_00002,valid,failed,False,True,over_constraint,0.001891,0.000455,0.000241,1.6e-05,81,1
Kubernetes---kb_126_Normalized.json,Kubernetes---kb_126_Normalized.json::test_00000,valid,passed,True,True,correct_accept,0.001964,0.002777,0.002505,0.000212,22,22
Kubernetes---kb_126_Normalized.json,Kubernetes---kb_126_Normalized.json::test_00001,invalid,passed,False,True,correct_reject,0.001964,0.00086,0.000785,4.5e-05,11,9
Kubernetes---kb_126_Normalized.json,Kubernetes---kb_126_Normalized.json::test_00002,valid,failed,False,True,over_constraint,0.001964,0.000375,0.00021,1.3e-05,80,1
Kubernetes---kb_127_Normalized.json,Kubernetes---kb_127_Normalized.json::test_00000,valid,passed,True,True,correct_accept,0.001112,0.002372,0.002146,0.000172,19,19
Kubernetes---kb_128_Normalized.json,Kubernetes---kb_128_Normalized.json::test_00000,valid,passed,True,True,correct_accept,0.001063,0.002229,0.002026,0.000152,19,19
Kubernetes---kb_129_Normalized.json,Kubernetes---kb_129_Normalized.json::test_00000,valid,passed,True,True,correct_accept,0.001502,0.005223,0.004733,0.000331,78,78
Kubernetes---kb_129_Normalized.json,Kubernetes---kb_129_Normalized.json::test_00001,invalid,passed,False,True,correct_reject,0.001502,0.000325,0.000289,2.1e-05,71,5
Kubernetes---kb_129_Normalized.json,Kubernetes---kb_129_Normalized.json::test_00002,invalid,passed,False,True,correct_reject,0.001502,0.000935,0.000845,4.8e-05,77,18
Kubernetes---kb_129_Normalized.json,Kubernetes---kb_129_Normalized.json::test_00003,valid,passed,True,True,correct_accept,0.001502,0.004611,0.004225,0.00021,77,77
Kubernetes---kb_12_Normalized.json,Kubernetes---kb_12_Normalized.json::test_00000,valid,passed,True,True,correct_accept,0.001311,0.00112,0.001036,5.4e-05,9,9
Kubernetes---kb_12_Normalized.json,Kubernetes---kb_12_Normalized.json::test_00001,invalid,passed,False,True,correct_reject,0.001311,0.000378,0.000334,2.5e-05,6,5
Kubernetes---kb_12_Normalized.json,Kubernetes---kb_12_Normalized.json::test_00002,invalid,passed,False,True,correct_reject,0.001311,0.000362,0.000324,2.2e-05,5,4
Kubernetes---kb_130_Normalized.json,Kubernetes---kb_130_Normalized.json::test_00000,valid,passed,True,True,correct_accept,0.001184,0.007183,0.006328,0.000626,77,77
Kubernetes---kb_130_Normalized.json,Kubernetes---kb_130_Normalized.json::test_00001,invalid,passed,False,True,correct_reject,0.001184,0.000448,0.000396,3.2e-05,71,5
Kubernetes---kb_130_Normalized.json,Kubernetes---kb_130_Normalized.json::test_00002,invalid,passed,False,True,correct_reject,0.001184,0.000866,0.000786,4.3e-05,77,17
Kubernetes---kb_130_Normalized.json,Kubernetes---kb_130_Normalized.json::test_00003,valid,passed,True,True,correct_accept,0.001184,0.005599,0.005199,0.00023,77,77
Kubernetes---kb_130_Normalized.json,Kubernetes---kb_130_Normalized.json::test_00004,invalid,passed,False,True,correct_reject,0.001184,0.000408,0.000364,2.8e-05,71,5
Kubernetes---kb_130_Normalized.json,Kubernetes---kb_130_Normalized.json::test_00005,invalid,passed,False,True,correct_reject,0.001184,0.001151,0.001043,6.2e-05,77,17
Kubernetes---kb_131_Normalized.json,Kubernetes---kb_131_Normalized.json::test_00000,valid,passed,True,True,correct_accept,0.001118,0.002438,0.002207,0.000172,20,20
Kubernetes---kb_131_Normalized.json,Kubernetes---kb_131_Normalized.json::test_00001,invalid,passed,False,True,correct_reject,0.001118,0.000445,0.000406,2.3e-05,13,5
Kubernetes---kb_131_Normalized.json,Kubernetes---kb_131_Normalized.json::test_00002,invalid,passed,False,True,correct_reject,0.001118,0.001432,0.001288,8.7e-05,19,18
Kubernetes---kb_131_Normalized.json,Kubernetes---kb_131_Normalized.json::test_00003,valid,passed,True,True,correct_accept,0.001118,0.001538,0.00143,6e-05,23,23
Kubernetes---kb_131_Normalized.json,Kubernetes---kb_131_Normalized.json::test_00004,invalid,passed,False,True,correct_reject,0.001118,0.000507,0.000463,2.7e-05,16,5
Kubernetes---kb_131_Normalized.json,Kubernetes---kb_131_Normalized.json::test_00005,invalid,passed,False,True,correct_reject,0.001118,0.001422,0.001314,6.4e-05,19,18
Kubernetes---kb_132_Normalized.json,Kubernetes---kb_132_Normalized.json::test_00000,valid,passed,True,True,correct_accept,0.001008,0.001758,0.001593,0.000118,20,20
Kubernetes---kb_132_Normalized.json,Kubernetes---kb_132_Normalized.json::test_00001,invalid,passed,False,True,correct_reject,0.001008,0.000445,0.000406,2.1e-05,13,5
Kubernetes---kb_132_Normalized.json,Kubernetes---kb_132_Normalized.json::test_00002,invalid,passed,False,True,correct_reject,0.001008,0.00152,0.001409,6.7e-05,19,18
Kubernetes---kb_132_Normalized.json,Kubernetes---kb_132_Normalized.json::test_00003,valid,failed,False,True,over_constraint,0.001008,0.001401,0.001199,5.7e-05,20,16
Kubernetes---kb_132_Normalized.json,Kubernetes---kb_132_Normalized.json::test_00004,invalid,passed,False,True,correct_reject,0.001008,0.000495,0.000453,2.5e-05,14,5
Kubernetes---kb_132_Normalized.json,Kubernetes---kb_132_Normalized.json::test_00005,invalid,passed,False,True,correct_reject,0.001008,0.000529,0.000482,2.8e-05,14,5
Kubernetes---kb_133_Normalized.json,Kubernetes---kb_133_Normalized.json::test_00000,valid,failed,False,True,over_constraint,0.002326,0.001946,0.001721,7.7e-05,211,29
Kubernetes---kb_133_Normalized.json,Kubernetes---kb_133_Normalized.json::test_00001,invalid,passed,False,True,correct_reject,0.002326,0.001512,0.001307,6.8e-05,211,29
Kubernetes---kb_133_Normalized.json,Kubernetes---kb_133_Normalized.json::test_00002,invalid,passed,False,True,correct_reject,0.002326,0.00035,0.000307,2.5e-05,208,6
Kubernetes---kb_133_Normalized.json,Kubernetes---kb_133_Normalized.json::test_00003,invalid,passed,False,True,correct_reject,0.002326,0.00206,0.001783,9.9e-05,199,29
Kubernetes---kb_133_Normalized.json,Kubernetes---kb_133_Normalized.json::test_00004,valid,failed,False,True,over_constraint,0.002326,0.000698,0.000543,3.6e-05,163,8
Kubernetes---kb_134_Normalized.json,Kubernetes---kb_134_Normalized.json::test_00000,valid,failed,False,True,over_constraint,0.002822,0.001838,0.001617,7.9e-05,666,29
Kubernetes---kb_134_Normalized.json,Kubernetes---kb_134_Normalized.json::test_00001,invalid,passed,False,True,correct_reject,0.002822,0.000422,0.000374,2.7e-05,587,6
Kubernetes---kb_134_Normalized.json,Kubernetes---kb_134_Normalized.json::test_00002,valid,failed,False,True,over_constraint,0.002822,0.001901,0.001645,8.9e-05,165,29
Kubernetes---kb_134_Normalized.json,Kubernetes---kb_134_Normalized.json::test_00003,invalid,passed,False,True,correct_reject,0.002822,0.001905,0.001647,9e-05,155,29
Kubernetes---kb_134_Normalized.json,Kubernetes---kb_134_Normalized.json::test_00004,invalid,passed,False,True,correct_reject,0.002822,0.002286,0.001921,0.000151,244,29
Kubernetes---kb_135_Normalized.json,Kubernetes---kb_135_Normalized.json::test_00000,valid,failed,False,True,over_constraint,0.002688,0.000781,0.000633,3.4e-05,264,5
Kubernetes---kb_135_Normalized.json,Kubernetes---kb_135_Normalized.json::test_00001,invalid,passed,False,True,correct_reject,0.002688,0.000521,0.000372,3.5e-05,277,5
Kubernetes---kb_135_Normalized.json,Kubernetes---kb_135_Normalized.json::test_00002,invalid,passed,False,True,correct_reject,0.002688,0.000513,0.000364,3.3e-05,264,5
Kubernetes---kb_135_Normalized.json,Kubernetes---kb_135_Normalized.json::test_00003,invalid,passed,False,True,correct_reject,0.002688,0.000417,0.000366,3e-05,262,6
Kubernetes---kb_135_Normalized.json,Kubernetes---kb_135_Normalized.json::test_00004,invalid,passed,False,True,correct_reject,0.002688,0.000526,0.000379,3.4e-05,264,5
Kubernetes---kb_135_Normalized.json,Kubernetes---kb_135_Normalized.json::test_00005,invalid,passed,False,True,correct_reject,0.002688,0.000419,0.000311,2.2e-05,264,5
Kubernetes---kb_135_Normalized.json,Kubernetes---kb_135_Normalized.json::test_00006,invalid,passed,False,True,correct_reject,0.002688,0.000519,0.000389,3.1e-05,264,5
Kubernetes---kb_135_Normalized.json,Kubernetes---kb_135_Normalized.json::test_00007,valid,failed,False,True,over_constraint,0.002688,0.000498,0.000366,2.9e-05,173,5
Kubernetes---kb_135_Normalized.json,Kubernetes---kb_135_Normalized.json::test_00008,invalid,passed,False,True,correct_reject,0.002688,0.000553,0.000386,4.7e-05,173,5
Kubernetes---kb_135_Normalized.json,Kubernetes---kb_135_Normalized.json::test_00009,invalid,passed,False,True,correct_reject,0.002688,0.000648,0.000467,4.4e-05,180,5
Kubernetes---kb_136_Normalized.json,Kubernetes---kb_136_Normalized.json::test_00000,valid,failed,False,True,over_constraint,0.00314,0.000626,0.000492,3e-05,172,5
Kubernetes---kb_136_Normalized.json,Kubernetes---kb_136_Normalized.json::test_00001,invalid,passed,False,True,correct_reject,0.00314,0.000529,0.000377,3.6e-05,174,5
Kubernetes---kb_136_Normalized.json,Kubernetes---kb_136_Normalized.json::test_00002,invalid,passed,False,True,correct_reject,0.00314,0.00046,0.00034,2.7e-05,172,5
Kubernetes---kb_137_Normalized.json,Kubernetes---kb_137_Normalized.json::test_00000,valid,failed,False,True,over_constraint,0.002273,0.000508,0.000392,2.4e-05,197,5
Kubernetes---kb_137_Normalized.json,Kubernetes---kb_137_Normalized.json::test_00001,invalid,passed,False,True,correct_reject,0.002273,0.000384,0.000282,2.2e-05,217,5
Kubernetes---kb_137_Normalized.json,Kubernetes---kb_137_Normalized.json::test_00002,invalid,passed,False,True,correct_reject,0.002273,0.00057,0.000417,3.9e-05,197,5
Kubernetes---kb_137_Normalized.json,Kubernetes---kb_137_Normalized.json::test_00003,invalid,passed,False,True,correct_reject,0.002273,0.000589,0.000407,3.9e-05,218,5
Kubernetes---kb_137_Normalized.json,Kubernetes---kb_137_Normalized.json::test_00004,invalid,passed,False,True,correct_reject,0.002273,0.000591,0.000418,4.1e-05,239,5
Kubernetes---kb_137_Normalized.json,Kubernetes---kb_137_Normalized.json::test_00005,valid,failed,False,True,over_constraint,0.002273,0.000518,0.000379,3.2e-05,190,5
Kubernetes---kb_137_Normalized.json,Kubernetes---kb_137_Normalized.json::test_00006,invalid,passed,False,True,correct_reject,0.002273,0.000556,0.000395,3.7e-05,184,5
Kubernetes---kb_137_Normalized.json,Kubernetes---kb_137_Normalized.json::test_00007,invalid,passed,False,True,correct_reject,0.002273,0.000458,0.000339,2.7e-05,184,5
Kubernetes---kb_138_Normalized.json,Kubernetes---kb_138_Normalized.json::test_00000,valid,failed,False,True,over_constraint,0.002297,0.000703,0.000494,2.5e-05,96,5
Kubernetes---kb_138_Normalized.json,Kubernetes---kb_138_Normalized.json::test_00001,invalid,passed,False,True,correct_reject,0.002297,0.00044,0.00031,2.2e-05,114,5
Kubernetes---kb_138_Normalized.json,Kubernetes---kb_138_Normalized.json::test_00002,invalid,passed,False,True,correct_reject,0.002297,0.000377,0.000336,2.3e-05,94,6
Kubernetes---kb_138_Normalized.json,Kubernetes---kb_138_Normalized.json::test_00003,invalid,passed,False,True,correct_reject,0.002297,0.00042,0.000294,2.4e-05,95,5
Kubernetes---kb_138_Normalized.json,Kubernetes---kb_138_Normalized.json::test_00004,invalid,passed,False,True,correct_reject,0.002297,0.000418,0.000296,2.1e-05,100,5
Kubernetes---kb_138_Normalized.json,Kubernetes---kb_138_Normalized.json::test_00005,invalid,passed,False,True,correct_reject,0.002297,0.000443,0.000302,2.4e-05,112,5
Kubernetes---kb_138_Normalized.json,Kubernetes---kb_138_Normalized.json::test_00006,valid,failed,False,True,over_constraint,0.002297,0.000428,0.000301,2.1e-05,214,5
Kubernetes---kb_138_Normalized.json,Kubernetes---kb_138_Normalized.json::test_00007,invalid,passed,False,True,correct_reject,0.002297,0.000454,0.000311,2.7e-05,214,5
Kubernetes---kb_138_Normalized.json,Kubernetes---kb_138_Normalized.json::test_00008,invalid,passed,False,True,correct_reject,0.002297,0.000423,0.0003,2.1e-05,214,5
Kubernetes---kb_138_Normalized.json,Kubernetes---kb_138_Normalized.json::test_00009,invalid,passed,False,True,correct_reject,0.002297,0.000482,0.000335,2.7e-05,234,5
Kubernetes---kb_139_Normalized.json,Kubernetes---kb_139_Normalized.json::test_00000,valid,failed,False,True,over_constraint,0.0028,0.000465,0.000358,2.4e-05,176,5
Kubernetes---kb_139_Normalized.json,Kubernetes---kb_139_Normalized.json::test_00001,invalid,passed,False,True,correct_reject,0.0028,0.000371,0.000263,2.2e-05,48,5
Kubernetes---kb_139_Normalized.json,Kubernetes---kb_139_Normalized.json::test_00002,invalid,passed,False,True,correct_reject,0.0028,0.000353,0.000255,2.1e-05,171,5
Kubernetes---kb_139_Normalized.json,Kubernetes---kb_139_Normalized.json::test_00003,invalid,passed,False,True,correct_reject,0.0028,0.000365,0.000267,2.1e-05,176,5
Kubernetes---kb_139_Normalized.json,Kubernetes---kb_139_Normalized.json::test_00004,invalid,passed,False,True,correct_reject,0.0028,0.000386,0.000285,2.2e-05,177,5
Kubernetes---kb_139_Normalized.json,Kubernetes---kb_139_Normalized.json::test_00005,valid,failed,False,True,over_constraint,0.0028,0.000395,0.000283,2.2e-05,256,5
Kubernetes---kb_13_Normalized.json,Kubernetes---kb_13_Normalized.json::test_00000,valid,passed,True,True,correct_accept,0.000935,0.001362,0.00116,0.000169,12,12
Kubernetes---kb_13_Normalized.json,Kubernetes---kb_13_Normalized.json::test_00001,invalid,passed,False,True,correct_reject,0.000935,0.000487,0.000448,2.3e-05,12,6
Kubernetes---kb_142_Normalized.json,Kubernetes---kb_142_Normalized.json::test_00000,valid,failed,False,True,over_constraint,0.00251,0.000824,0.000537,3.2e-05,229,5
Kubernetes---kb_142_Normalized.json,Kubernetes---kb_142_Normalized.json::test_00001,invalid,passed,False,True,correct_reject,0.00251,0.000419,0.000294,2.1e-05,50,5
Kubernetes---kb_142_Normalized.json,Kubernetes---kb_142_Normalized.json::test_00002,invalid,passed,False,True,correct_reject,0.00251,0.000408,0.000286,2.1e-05,229,5
Kubernetes---kb_142_Normalized.json,Kubernetes---kb_142_Normalized.json::test_00003,invalid,passed,False,True,correct_reject,0.00251,0.000343,0.000302,2.4e-05,226,6
Kubernetes---kb_142_Normalized.json,Kubernetes---kb_142_Normalized.json::test_00004,invalid,passed,False,True,correct_reject,0.00251,0.000406,0.000284,2.1e-05,229,5
Kubernetes---kb_142_Normalized.json,Kubernetes---kb_142_Normalized.json::test_00005,invalid,passed,False,True,correct_reject,0.00251,0.00041,0.000285,2.2e-05,231,5
Kubernetes---kb_142_Normalized.json,Kubernetes---kb_142_Normalized.json::test_00006,invalid,passed,False,True,correct_reject,0.00251,0.00042,0.000298,2.1e-05,246,5
Kubernetes---kb_142_Normalized.json,Kubernetes---kb_142_Normalized.json::test_00007,invalid,passed,False,True,correct_reject,0.00251,0.000596,0.000414,3.7e-05,219,5
Kubernetes---kb_143_Normalized.json,Kubernetes---kb_143_Normalized.json::test_00000,valid,failed,False,True,over_constraint,0.02028,0.003004,0.002557,0.00028,76,32
Kubernetes---kb_143_Normalized.json,Kubernetes---kb_143_Normalized.json::test_00001,valid,failed,False,True,over_constraint,0.02028,0.001761,0.001519,9.4e-05,96,32
Kubernetes---kb_144_Normalized.json,Kubernetes---kb_144_Normalized.json::test_00000,valid,failed,False,True,over_constraint,0.020176,0.003058,0.002615,0.000275,76,32
Kubernetes---kb_145_Normalized.json,Kubernetes---kb_145_Normalized.json::test_00000,valid,failed,False,True,over_constraint,0.022986,0.003404,0.002941,0.000289,78,32
Kubernetes---kb_146_Normalized.json,Kubernetes---kb_146_Normalized.json::test_00000,valid,failed,False,True,over_constraint,0.021176,0.005217,0.004497,0.000486,119,46
Kubernetes---kb_149_Normalized.json,Kubernetes---kb_149_Normalized.json::test_00000,valid,failed,False,True,over_constraint,0.019304,0.000316,0.000208,1.1e-05,87,1
Kubernetes---kb_149_Normalized.json,Kubernetes---kb_149_Normalized.json::test_00001,valid,failed,False,True,over_constraint,0.019304,0.00034,0.00022,1.4e-05,65,2
Kubernetes---kb_149_Normalized.json,Kubernetes---kb_149_Normalized.json::test_00002,invalid,passed,False,True,correct_reject,0.019304,0.000239,0.000216,1.3e-05,65,2
Kubernetes---kb_149_Normalized.json,Kubernetes---kb_149_Normalized.json::test_00003,invalid,passed,False,True,correct_reject,0.019304,0.000245,0.00022,1.4e-05,73,2
Kubernetes---kb_14_Normalized.json,Kubernetes---kb_14_Normalized.json::test_00000,valid,passed,True,True,correct_accept,0.00186,0.001368,0.001162,0.000175,12,12
Kubernetes---kb_14_Normalized.json,Kubernetes---kb_14_Normalized.json::test_00001,invalid,passed,False,True,correct_reject,0.00186,0.000495,0.000454,2.4e-05,12,6
Kubernetes---kb_14_Normalized.json,Kubernetes---kb_14_Normalized.json::test_00002,valid,passed,True,True,correct_accept,0.00186,0.000953,0.000854,6.4e-05,12,12
Kubernetes---kb_150_Normalized.json,Kubernetes---kb_150_Normalized.json::test_00000,valid,failed,False,True,over_constraint,0.025513,0.000421,0.000308,1.5e-05,59,2
Kubernetes---kb_150_Normalized.json,Kubernetes---kb_150_Normalized.json::test_00001,valid,failed,False,True,over_constraint,0.025513,0.00028,0.0002,1.1e-05,83,1
Kubernetes---kb_150_Normalized.json,Kubernetes---kb_150_Normalized.json::test_00002,invalid,passed,False,True,correct_reject,0.025513,0.000248,0.000225,1.3e-05,81,2
Kubernetes---kb_150_Normalized.json,Kubernetes---kb_150_Normalized.json::test_00003,invalid,passed,False,True,correct_reject,0.025513,0.000261,0.000236,1.4e-05,77,2
Kubernetes---kb_151_Normalized.json,Kubernetes---kb_151_Normalized.json::test_00000,valid,failed,False,True,over_constraint,0.024803,0.000421,0.000305,1.5e-05,65,2
Kubernetes---kb_151_Normalized.json,Kubernetes---kb_151_Normalized.json::test_00001,valid,failed,False,True,over_constraint,0.024803,0.000349,0.000245,1.6e-05,59,2
Kubernetes---kb_152_Normalized.json,Kubernetes---kb_152_Normalized.json::test_00000,valid,failed,False,True,over_constraint,0.002307,0.003126,0.002553,0.000362,140,16
Kubernetes---kb_152_Normalized.json,Kubernetes---kb_152_Normalized.json::test_00001,invalid,passed,False,True,correct_reject,0.002307,0.000384,0.000351,1.8e-05,28,4
Kubernetes---kb_152_Normalized.json,Kubernetes---kb_152_Normalized.json::test_00002,invalid,passed,False,True,correct_reject,0.002307,0.001172,0.000996,5.2e-05,137,16
Kubernetes---kb_152_Normalized.json,Kubernetes---kb_152_Normalized.json::test_00003,invalid,passed,False,True,correct_reject,0.002307,0.000669,0.000609,3.6e-05,147,9
Kubernetes---kb_152_Normalized.json,Kubernetes---kb_152_Normalized.json::test_00004,invalid,passed,False,True,correct_reject,0.002307,0.000382,0.00035,1.9e-05,30,4
Kubernetes---kb_152_Normalized.json,Kubernetes---kb_152_Normalized.json::test_00005,invalid,passed,False,True,correct_reject,0.002307,0.000704,0.000635,4.3e-05,146,9
Kubernetes---kb_153_Normalized.json,Kubernetes---kb_153_Normalized.json::test_00000,valid,failed,False,True,over_constraint,0.001716,0.001958,0.001634,0.000195,140,16
Kubernetes---kb_153_Normalized.json,Kubernetes---kb_153_Normalized.json::test_00001,invalid,passed,False,True,correct_reject,0.001716,0.00053,0.000486,2.5e-05,30,4
Kubernetes---kb_153_Normalized.json,Kubernetes---kb_153_Normalized.json::test_00002,invalid,passed,False,True,correct_reject,0.001716,0.001143,0.000966,5.5e-05,139,16
Kubernetes---kb_153_Normalized.json,Kubernetes---kb_153_Normalized.json::test_00003,invalid,passed,False,True,correct_reject,0.001716,0.000397,0.000363,2e-05,28,4
Kubernetes---kb_153_Normalized.json,Kubernetes---kb_153_Normalized.json::test_00004,invalid,passed,False,True,correct_reject,0.001716,0.001391,0.001151,8.7e-05,137,16
Kubernetes---kb_153_Normalized.json,Kubernetes---kb_153_Normalized.json::test_00005,valid,failed,False,True,over_constraint,0.001716,0.001532,0.001297,7.4e-05,80,16
Kubernetes---kb_153_Normalized.json,Kubernetes---kb_153_Normalized.json::test_00006,invalid,passed,False,True,correct_reject,0.001716,0.000529,0.000479,3.3e-05,25,4
Kubernetes---kb_153_Normalized.json,Kubernetes---kb_153_Normalized.json::test_00007,invalid,passed,False,True,correct_reject,0.001716,0.000851,0.000779,4.8e-05,77,8
Kubernetes---kb_154_Normalized.json,Kubernetes---kb_154_Normalized.json::test_00000,valid,failed,False,True,over_constraint,0.001642,0.002462,0.002056,0.000269,140,16
Kubernetes---kb_154_Normalized.json,Kubernetes---kb_154_Normalized.json::test_00001,invalid,passed,False,True,correct_reject,0.001642,0.000371,0.000339,1.8e-05,26,4
Kubernetes---kb_154_Normalized.json,Kubernetes---kb_154_Normalized.json::test_00002,invalid,passed,False,True,correct_reject,0.001642,0.001143,0.000971,5.3e-05,175,16
Kubernetes---kb_154_Normalized.json,Kubernetes---kb_154_Normalized.json::test_00003,invalid,passed,False,True,correct_reject,0.001642,0.00117,0.00099,5e-05,143,16
Kubernetes---kb_154_Normalized.json,Kubernetes---kb_154_Normalized.json::test_00004,invalid,passed,False,True,correct_reject,0.001642,0.000357,0.000326,1.9e-05,27,4
Kubernetes---kb_154_Normalized.json,Kubernetes---kb_154_Normalized.json::test_00005,invalid,passed,False,True,correct_reject,0.001642,0.001355,0.001124,8.2e-05,139,16
Kubernetes---kb_155_Normalized.json,Kubernetes---kb_155_Normalized.json::test_00000,valid,passed,True,True,correct_accept,0.000929,0.001446,0.001321,7e-05,22,22
Kubernetes---kb_155_Normalized.json,Kubernetes---kb_155_Normalized.json::test_00001,invalid,passed,False,True,correct_reject,0.000929,0.000387,0.000345,2.4e-05,21,6
Kubernetes---kb_155_Normalized.json,Kubernetes---kb_155_Normalized.json::test_00002,invalid,passed,False,True,correct_reject,0.000929,0.000931,0.000832,5.4e-05,20,19
Kubernetes---kb_156_Normalized.json,Kubernetes---kb_156_Normalized.json::test_00000,valid,passed,True,True,correct_accept,0.000971,0.001614,0.001477,8.6e-05,22,22
Kubernetes---kb_156_Normalized.json,Kubernetes---kb_156_Normalized.json::test_00001,invalid,passed,False,True,correct_reject,0.000971,0.000377,0.000333,2.4e-05,21,6
Kubernetes---kb_156_Normalized.json,Kubernetes---kb_156_Normalized.json::test_00002,invalid,passed,False,True,correct_reject,0.000971,0.000915,0.000821,5.4e-05,20,19
Kubernetes---kb_156_Normalized.json,Kubernetes---kb_156_Normalized.json::test_00003,invalid,passed,False,True,correct_reject,0.000971,0.000382,0.00034,2.3e-05,21,6
Kubernetes---kb_156_Normalized.json,Kubernetes---kb_156_Normalized.json::test_00004,invalid,passed,False,True,correct_reject,0.000971,0.000704,0.000629,4.3e-05,22,13
Kubernetes---kb_157_Normalized.json,Kubernetes---kb_157_Normalized.json::test_00000,valid,passed,True,True,correct_accept,0.001284,0.001481,0.001344,7.2e-05,22,22
Kubernetes---kb_157_Normalized.json,Kubernetes---kb_157_Normalized.json::test_00001,invalid,passed,False,True,correct_reject,0.001284,0.000433,0.000383,3e-05,21,6
Kubernetes---kb_157_Normalized.json,Kubernetes---kb_157_Normalized.json::test_00002,invalid,passed,False,True,correct_reject,0.001284,0.000997,0.000891,6e-05,20,19
Kubernetes---kb_157_Normalized.json,Kubernetes---kb_157_Normalized.json::test_00003,invalid,passed,False,True,correct_reject,0.001284,0.000338,0.000302,2.2e-05,20,5
Kubernetes---kb_157_Normalized.json,Kubernetes---kb_157_Normalized.json::test_00004,invalid,passed,False,True,correct_reject,0.001284,0.000763,0.000682,4.8e-05,30,13
Kubernetes---kb_158_Normalized.json,Kubernetes---kb_158_Normalized.json::test_00000,valid,passed,True,True,correct_accept,0.000903,0.001348,0.00123,6.8e-05,22,22
Kubernetes---kb_158_Normalized.json,Kubernetes---kb_158_Normalized.json::test_00001,invalid,passed,False,True,correct_reject,0.000903,0.000338,0.000297,2.2e-05,21,6
Kubernetes---kb_158_Normalized.json,Kubernetes---kb_158_Normalized.json::test_00002,invalid,passed,False,True,correct_reject,0.000903,0.000928,0.000826,5.6e-05,20,19
Kubernetes---kb_158_Normalized.json,Kubernetes---kb_158_Normalized.json::test_00003,invalid,passed,False,True,correct_reject,0.000903,0.000365,0.000327,2e-05,20,5
Kubernetes---kb_159_Normalized.json,Kubernetes---kb_159_Normalized.json::test_00000,valid,failed,False,True,over_constraint,0.0023,0.003769,0.003281,0.000284,69,39
Kubernetes---kb_159_Normalized.json,Kubernetes---kb_159_Normalized.json::test_00001,invalid,passed,False,True,correct_reject,0.0023,0.0026,0.002238,0.000172,72,39
Kubernetes---kb_159_Normalized.json,Kubernetes---kb_159_Normalized.json::test_00002,invalid,passed,False,True,correct_reject,0.0023,0.002418,0.002076,0.000163,70,39
Kubernetes---kb_159_Normalized.json,Kubernetes---kb_159_Normalized.json::test_00003,valid,failed,False,True,over_constraint,0.0023,0.003498,0.003056,0.000229,81,51
Kubernetes---kb_159_Normalized.json,Kubernetes---kb_159_Normalized.json::test_00004,invalid,passed,False,True,correct_reject,0.0023,0.00352,0.003094,0.000206,84,51
Kubernetes---kb_15_Normalized.json,Kubernetes---kb_15_Normalized.json::test_00000,valid,passed,True,True,correct_accept,0.001715,0.001986,0.001684,0.000259,12,12
Kubernetes---kb_15_Normalized.json,Kubernetes---kb_15_Normalized.json::test_00001,invalid,passed,False,True,correct_reject,0.001715,0.000785,0.000721,3.9e-05,12,6
Kubernetes---kb_15_Normalized.json,Kubernetes---kb_15_Normalized.json::test_00002,valid,passed,True,True,correct_accept,0.001715,0.001245,0.00113,7.6e-05,12,12
Kubernetes---kb_15_Normalized.json,Kubernetes---kb_15_Normalized.json::test_00003,invalid,passed,False,True,correct_reject,0.001715,0.001175,0.001073,6.3e-05,13,12
Kubernetes---kb_160_Normalized.json,Kubernetes---kb_160_Normalized.json::test_00000,valid,failed,False,True,over_constraint,0.003672,0.005708,0.005087,0.000361,83,53
Kubernetes---kb_160_Normalized.json,Kubernetes---kb_160_Normalized.json::test_00001,invalid,passed,False,True,correct_reject,0.003672,0.004094,0.003597,0.000247,86,53
Kubernetes---kb_160_Normalized.json,Kubernetes---kb_160_Normalized.json::test_00002,invalid,passed,False,True,correct_reject,0.003672,0.004081,0.003592,0.000246,88,53
Kubernetes---kb_160_Normalized.json,Kubernetes---kb_160_Normalized.json::test_00003,valid,failed,False,True,over_constraint,0.003672,0.003972,0.003485,0.000241,83,53
Kubernetes---kb_160_Normalized.json,Kubernetes---kb_160_Normalized.json::test_00004,invalid,passed,False,True,correct_reject,0.003672,0.001158,0.001002,9.4e-05,81,20
Kubernetes---kb_160_Normalized.json,Kubernetes---kb_160_Normalized.json::test_00005,invalid,passed,False,True,correct_reject,0.003672,0.004658,0.004222,0.000282,59,59
Kubernetes---kb_161_Normalized.json,Kubernetes---kb_161_Normalized.json::test_00000,valid,failed,False,True,over_constraint,0.003558,0.005705,0.005129,0.000335,83,53
Kubernetes---kb_161_Normalized.json,Kubernetes---kb_161_Normalized.json::test_00001,invalid,passed,False,True,correct_reject,0.003558,0.004183,0.003742,0.000209,86,53
Kubernetes---kb_161_Normalized.json,Kubernetes---kb_161_Normalized.json::test_00002,invalid,passed,False,True,correct_reject,0.003558,0.00415,0.003704,0.000221,88,53
Kubernetes---kb_161_Normalized.json,Kubernetes---kb_161_Normalized.json::test_00003,invalid,passed,False,True,correct_reject,0.003558,0.004263,0.003786,0.000244,84,53
Kubernetes---kb_161_Normalized.json,Kubernetes---kb_161_Normalized.json::test_00004,invalid,passed,False,True,correct_reject,0.003558,0.003331,0.003038,0.000183,83,42
Kubernetes---kb_161_Normalized.json,Kubernetes---kb_161_Normalized.json::test_00005,valid,failed,False,True,over_constraint,0.003558,0.003264,0.002881,0.000178,71,41
Kubernetes---kb_161_Normalized.json,Kubernetes---kb_161_Normalized.json::test_00006,invalid,passed,False,True,correct_reject,0.003558,0.003176,0.002802,0.000173,77,41
Kubernetes---kb_161_Normalized.json,Kubernetes---kb_161_Normalized.json::test_00007,invalid,passed,False,True,correct_reject,0.003558,0.003282,0.002903,0.000176,70,41
Kubernetes---kb_162_Normalized.json,Kubernetes---kb_162_Normalized.json::test_00000,valid,failed,False,True,over_constraint,0.003773,0.004077,0.003598,0.000256,100,50
Kubernetes---kb_162_Normalized.json,Kubernetes---kb_162_Normalized.json::test_00001,invalid,passed,False,True,correct_reject,0.003773,0.003948,0.00335,0.000323,103,50
Kubernetes---kb_162_Normalized.json,Kubernetes---kb_162_Normalized.json::test_00002,invalid,passed,False,True,correct_reject,0.003773,0.001028,0.000891,8.3e-05,39,17
Kubernetes---kb_162_Normalized.json,Kubernetes---kb_162_Normalized.json::test_00003,invalid,passed,False,True,correct_reject,0.003773,0.003686,0.003147,0.000299,102,50
Kubernetes---kb_162_Normalized.json,Kubernetes---kb_162_Normalized.json::test_00004,valid,failed,False,True,over_constraint,0.003773,0.0047,0.004021,0.000389,125,56
Kubernetes---kb_162_Normalized.json,Kubernetes---kb_162_Normalized.json::test_00005,invalid,passed,False,True,correct_reject,0.003773,0.003971,0.003476,0.000248,128,56
Kubernetes---kb_162_Normalized.json,Kubernetes---kb_162_Normalized.json::test_00006,invalid,passed,False,True,correct_reject,0.003773,0.004201,0.003677,0.000275,112,56
Kubernetes---kb_163_Normalized.json,Kubernetes---kb_163_Normalized.json::test_00000,valid,failed,False,True,over_constraint,0.00529,0.005244,0.004652,0.000344,131,60
Kubernetes---kb_163_Normalized.json,Kubernetes---kb_163_Normalized.json::test_00001,invalid,passed,False,True,correct_reject,0.00529,0.00443,0.003828,0.000335,135,60
Kubernetes---kb_163_Normalized.json,Kubernetes---kb_163_Normalized.json::test_00002,invalid,passed,False,True,correct_reject,0.00529,0.003948,0.003469,0.000239,139,60
Kubernetes---kb_163_Normalized.json,Kubernetes---kb_163_Normalized.json::test_00003,valid,failed,False,True,over_constraint,0.00529,0.003192,0.002794,0.000198,105,54
Kubernetes---kb_163_Normalized.json,Kubernetes---kb_163_Normalized.json::test_00004,invalid,passed,False,True,correct_reject,0.00529,0.003446,0.003018,0.000216,114,54
Kubernetes---kb_164_Normalized.json,Kubernetes---kb_164_Normalized.json::test_00000,valid,failed,False,True,over_constraint,0.003903,0.00475,0.004266,0.00026,105,54
Kubernetes---kb_164_Normalized.json,Kubernetes---kb_164_Normalized.json::test_00001,invalid,passed,False,True,correct_reject,0.003903,0.00377,0.003351,0.000193,108,54
Kubernetes---kb_164_Normalized.json,Kubernetes---kb_164_Normalized.json::test_00002,invalid,passed,False,True,correct_reject,0.003903,0.003764,0.003368,0.000194,109,54
Kubernetes---kb_164_Normalized.json,Kubernetes---kb_164_Normalized.json::test_00003,invalid,passed,False,True,correct_reject,0.003903,0.004509,0.003995,0.000252,107,54
Kubernetes---kb_164_Normalized.json,Kubernetes---kb_164_Normalized.json::test_00004,invalid,passed,False,True,correct_reject,0.003903,0.005378,0.004759,0.000329,112,54
Kubernetes---kb_165_Normalized.json,Kubernetes---kb_165_Normalized.json::test_00000,valid,failed,False,True,over_constraint,0.001445,0.002643,0.002067,0.000381,27,17
Kubernetes---kb_165_Normalized.json,Kubernetes---kb_165_Normalized.json::test_00001,invalid,passed,False,True,correct_reject,0.001445,0.000626,0.000574,3.1e-05,28,5
Kubernetes---kb_165_Normalized.json,Kubernetes---kb_165_Normalized.json::test_00002,invalid,passed,False,True,correct_reject,0.001445,0.000718,0.000644,4.7e-05,28,5
Kubernetes---kb_165_Normalized.json,Kubernetes---kb_165_Normalized.json::test_00003,invalid,passed,False,True,correct_reject,0.001445,0.000658,0.000601,3.6e-05,28,6
Kubernetes---kb_166_Normalized.json,Kubernetes---kb_166_Normalized.json::test_00000,valid,failed,False,True,over_constraint,0.001358,0.002488,0.001945,0.000358,27,17
Kubernetes---kb_166_Normalized.json,Kubernetes---kb_166_Normalized.json::test_00001,invalid,passed,False,True,correct_reject,0.001358,0.000608,0.000561,3e-05,28,5
Kubernetes---kb_166_Normalized.json,Kubernetes---kb_166_Normalized.json::test_00002,invalid,passed,False,True,correct_reject,0.001358,0.00064,0.000588,3.2e-05,28,5
Kubernetes---kb_166_Normalized.json,Kubernetes---kb_166_Normalized.json::test_00003,invalid,passed,False,True,correct_reject,0.001358,0.00065,0.000594,3.3e-05,28,6
Kubernetes---kb_166_Normalized.json,Kubernetes---kb_166_Normalized.json::test_00004,invalid,passed,False,True,correct_reject,0.001358,0.001644,0.001381,9.9e-05,30,17
Kubernetes---kb_166_Normalized.json,Kubernetes---kb_166_Normalized.json::test_00005,invalid,passed,False,True,correct_reject,0.001358,0.000613,0.000556,3.6e-05,28,5
Kubernetes---kb_166_Normalized.json,Kubernetes---kb_166_Normalized.json::test_00006,invalid,passed,False,True,correct_reject,0.001358,0.001571,0.001322,8.6e-05,25,17
Kubernetes---kb_167_Normalized.json,Kubernetes---kb_167_Normalized.json::test_00000,valid,failed,False,True,over_constraint,0.001316,0.002502,0.001956,0.000361,27,17
Kubernetes---kb_167_Normalized.json,Kubernetes---kb_167_Normalized.json::test_00001,invalid,passed,False,True,correct_reject,0.001316,0.000687,0.000627,3.7e-05,28,6
Kubernetes---kb_167_Normalized.json,Kubernetes---kb_167_Normalized.json::test_00002,invalid,passed,False,True,correct_reject,0.001316,0.000614,0.000564,3e-05,28,5
Kubernetes---kb_167_Normalized.json,Kubernetes---kb_167_Normalized.json::test_00003,invalid,passed,False,True,correct_reject,0.001316,0.000644,0.00059,3.6e-05,28,6
Kubernetes---kb_167_Normalized.json,Kubernetes---kb_167_Normalized.json::test_00004,invalid,passed,False,True,correct_reject,0.001316,0.001517,0.001283,7.8e-05,30,17
Kubernetes---kb_167_Normalized.json,Kubernetes---kb_167_Normalized.json::test_00005,invalid,passed,False,True,correct_reject,0.001316,0.000602,0.000554,3e-05,29,5
Kubernetes---kb_167_Normalized.json,Kubernetes---kb_167_Normalized.json::test_00006,invalid,passed,False,True,correct_reject,0.001316,0.001482,0.001257,7.4e-05,30,17
Kubernetes---kb_168_Normalized.json,Kubernetes---kb_168_Normalized.json::test_00000,valid,failed,False,True,over_constraint,0.003533,0.022435,0.019553,0.002151,397,198
Kubernetes---kb_168_Normalized.json,Kubernetes---kb_168_Normalized.json::test_00001,invalid,passed,False,True,correct_reject,0.003533,0.015505,0.014315,0.00065,395,198
Kubernetes---kb_168_Normalized.json,Kubernetes---kb_168_Normalized.json::test_00002,invalid,passed,False,True,correct_reject,0.003533,0.015722,0.014497,0.000664,368,198
Kubernetes---kb_169_Normalized.json,Kubernetes---kb_169_Normalized.json::test_00000,valid,failed,False,True,over_constraint,0.003592,0.005197,0.004618,0.000333,150,54
Kubernetes---kb_169_Normalized.json,Kubernetes---kb_169_Normalized.json::test_00001,invalid,passed,False,True,correct_reject,0.003592,0.00355,0.003105,0.000219,133,54
Kubernetes---kb_169_Normalized.json,Kubernetes---kb_169_Normalized.json::test_00002,invalid,passed,False,True,correct_reject,0.003592,0.003365,0.002958,0.000206,196,54
Kubernetes---kb_169_Normalized.json,Kubernetes---kb_169_Normalized.json::test_00003,valid,failed,False,True,over_constraint,0.003592,0.003578,0.003137,0.000215,144,54
Kubernetes---kb_169_Normalized.json,Kubernetes---kb_169_Normalized.json::test_00004,invalid,passed,False,True,correct_reject,0.003592,0.004202,0.003634,0.000298,144,54
Kubernetes---kb_16_Normalized.json,Kubernetes---kb_16_Normalized.json::test_00000,valid,failed,False,True,over_constraint,0.002234,0.003283,0.00287,0.000179,151,45
Kubernetes---kb_16_Normalized.json,Kubernetes---kb_16_Normalized.json::test_00001,invalid,passed,False,True,correct_reject,0.002234,0.000464,0.000409,3.3e-05,150,6
Kubernetes---kb_16_Normalized.json,Kubernetes---kb_16_Normalized.json::test_00002,invalid,passed,False,True,correct_reject,0.002234,0.000544,0.000474,4.3e-05,151,7
Kubernetes---kb_16_Normalized.json,Kubernetes---kb_16_Normalized.json::test_00003,invalid,passed,False,True,correct_reject,0.002234,0.002444,0.002089,0.000152,196,45
Kubernetes---kb_16_Normalized.json,Kubernetes---kb_16_Normalized.json::test_00004,valid,failed,False,True,over_constraint,0.002234,0.002462,0.00211,0.00016,143,45
Kubernetes---kb_16_Normalized.json,Kubernetes---kb_16_Normalized.json::test_00005,invalid,passed,False,True,correct_reject,0.002234,0.005941,0.005276,0.000455,142,64
Kubernetes---kb_170_Normalized.json,Kubernetes---kb_170_Normalized.json::test_00000,valid,failed,False,True,over_constraint,0.003577,0.005824,0.005262,0.00032,151,55
Kubernetes---kb_170_Normalized.json,Kubernetes---kb_170_Normalized.json::test_00001,invalid,passed,False,True,correct_reject,0.003577,0.004498,0.003974,0.000269,153,54
Kubernetes---kb_170_Normalized.json,Kubernetes---kb_170_Normalized.json::test_00002,invalid,passed,False,True,correct_reject,0.003577,0.004064,0.003629,0.000222,272,54
Kubernetes---kb_170_Normalized.json,Kubernetes---kb_170_Normalized.json::test_00003,valid,failed,False,True,over_constraint,0.003577,0.003966,0.003553,0.000201,150,54
Kubernetes---kb_170_Normalized.json,Kubernetes---kb_170_Normalized.json::test_00004,invalid,passed,False,True,correct_reject,0.003577,0.00413,0.003696,0.000212,150,54
Kubernetes---kb_170_Normalized.json,Kubernetes---kb_170_Normalized.json::test_00005,invalid,passed,False,True,correct_reject,0.003577,0.003879,0.003479,0.000197,144,54
Kubernetes---kb_171_Normalized.json,Kubernetes---kb_171_Normalized.json::test_00000,valid,passed,True,True,correct_accept,0.001622,0.004767,0.004277,0.000365,43,43
Kubernetes---kb_171_Normalized.json,Kubernetes---kb_171_Normalized.json::test_00001,invalid,passed,False,True,correct_reject,0.001622,0.000999,0.000888,7.1e-05,42,15
Kubernetes---kb_171_Normalized.json,Kubernetes---kb_171_Normalized.json::test_00002,invalid,passed,False,True,correct_reject,0.001622,0.00069,0.000622,4.2e-05,43,8
Kubernetes---kb_171_Normalized.json,Kubernetes---kb_171_Normalized.json::test_00003,valid,passed,True,True,correct_accept,0.001622,0.003087,0.002825,0.000158,44,44
Kubernetes---kb_171_Normalized.json,Kubernetes---kb_171_Normalized.json::test_00004,invalid,passed,False,True,correct_reject,0.001622,0.000669,0.000599,4.2e-05,42,8
Kubernetes---kb_172_Normalized.json,Kubernetes---kb_172_Normalized.json::test_00000,valid,passed,True,True,correct_accept,0.002104,0.004763,0.004294,0.000341,45,45
Kubernetes---kb_172_Normalized.json,Kubernetes---kb_172_Normalized.json::test_00001,invalid,passed,False,True,correct_reject,0.002104,0.001455,0.001271,0.000124,42,15
Kubernetes---kb_172_Normalized.json,Kubernetes---kb_172_Normalized.json::test_00002,invalid,passed,False,True,correct_reject,0.002104,0.000672,0.000604,4.2e-05,45,8
Kubernetes---kb_172_Normalized.json,Kubernetes---kb_172_Normalized.json::test_00003,valid,passed,True,True,correct_accept,0.002104,0.003025,0.002762,0.000157,43,43
Kubernetes---kb_172_Normalized.json,Kubernetes---kb_172_Normalized.json::test_00004,invalid,passed,False,True,correct_reject,0.002104,0.000673,0.000607,4e-05,43,8
Kubernetes---kb_173_Normalized.json,Kubernetes---kb_173_Normalized.json::test_00000,valid,passed,True,True,correct_accept,0.001574,0.004217,0.003787,0.000308,43,43
Kubernetes---kb_173_Normalized.json,Kubernetes---kb_173_Normalized.json::test_00001,invalid,passed,False,True,correct_reject,0.001574,0.001019,0.000904,7.1e-05,42,15
Kubernetes---kb_173_Normalized.json,Kubernetes---kb_173_Normalized.json::test_00002,invalid,passed,False,True,correct_reject,0.001574,0.000679,0.000608,4.3e-05,43,8
Kubernetes---kb_173_Normalized.json,Kubernetes---kb_173_Normalized.json::test_00003,valid,passed,True,True,correct_accept,0.001574,0.003065,0.002792,0.000165,43,43
Kubernetes---kb_173_Normalized.json,Kubernetes---kb_173_Normalized.json::test_00004,invalid,passed,False,True,correct_reject,0.001574,0.001391,0.001233,0.000103,42,15
Kubernetes---kb_174_Normalized.json,Kubernetes---kb_174_Normalized.json::test_00000,valid,failed,False,True,over_constraint,0.004229,0.006253,0.005536,0.000419,390,67
Kubernetes---kb_174_Normalized.json,Kubernetes---kb_174_Normalized.json::test_00001,invalid,passed,False,True,correct_reject,0.004229,0.004399,0.003886,0.000233,406,67
Kubernetes---kb_174_Normalized.json,Kubernetes---kb_174_Normalized.json::test_00002,invalid,passed,False,True,correct_reject,0.004229,0.004849,0.004233,0.00029,358,67
Kubernetes---kb_174_Normalized.json,Kubernetes---kb_174_Normalized.json::test_00003,invalid,passed,False,True,correct_reject,0.004229,0.004652,0.004083,0.000245,345,67
Kubernetes---kb_174_Normalized.json,Kubernetes---kb_174_Normalized.json::test_00004,invalid,passed,False,True,correct_reject,0.004229,0.001979,0.001762,0.000128,424,34
Kubernetes---kb_175_Normalized.json,Kubernetes---kb_175_Normalized.json::test_00000,valid,failed,False,True,over_constraint,0.004321,0.006614,0.005858,0.000434,311,73
Kubernetes---kb_175_Normalized.json,Kubernetes---kb_175_Normalized.json::test_00001,invalid,passed,False,True,correct_reject,0.004321,0.004836,0.004297,0.000244,326,73
Kubernetes---kb_175_Normalized.json,Kubernetes---kb_175_Normalized.json::test_00002,invalid,passed,False,True,correct_reject,0.004321,0.005261,0.004647,0.000291,237,73
Kubernetes---kb_175_Normalized.json,Kubernetes---kb_175_Normalized.json::test_00003,invalid,passed,False,True,correct_reject,0.004321,0.005249,0.004671,0.000273,300,73
Kubernetes---kb_175_Normalized.json,Kubernetes---kb_175_Normalized.json::test_00004,invalid,passed,False,True,correct_reject,0.004321,0.005025,0.004466,0.000257,309,73
Kubernetes---kb_176_Normalized.json,Kubernetes---kb_176_Normalized.json::test_00000,valid,failed,False,True,over_constraint,0.004732,0.007521,0.006747,0.000449,401,73
Kubernetes---kb_176_Normalized.json,Kubernetes---kb_176_Normalized.json::test_00001,invalid,passed,False,True,correct_reject,0.004732,0.005496,0.004943,0.000252,317,73
Kubernetes---kb_176_Normalized.json,Kubernetes---kb_176_Normalized.json::test_00002,invalid,passed,False,True,correct_reject,0.004732,0.006246,0.005531,0.000348,378,73
Kubernetes---kb_176_Normalized.json,Kubernetes---kb_176_Normalized.json::test_00003,invalid,passed,False,True,correct_reject,0.004732,0.005768,0.00519,0.00026,378,73
Kubernetes---kb_176_Normalized.json,Kubernetes---kb_176_Normalized.json::test_00004,invalid,passed,False,True,correct_reject,0.004732,0.005738,0.005154,0.000254,319,73
Kubernetes---kb_176_Normalized.json,Kubernetes---kb_176_Normalized.json::test_00005,invalid,passed,False,True,correct_reject,0.004732,0.005889,0.005301,0.000272,413,73
Kubernetes---kb_177_Normalized.json,Kubernetes---kb_177_Normalized.json::test_00000,valid,passed,True,True,correct_accept,0.001907,0.008562,0.007798,0.000522,94,94
Kubernetes---kb_177_Normalized.json,Kubernetes---kb_177_Normalized.json::test_00001,invalid,passed,False,True,correct_reject,0.001907,0.000495,0.000444,3.1e-05,6,4
Kubernetes---kb_177_Normalized.json,Kubernetes---kb_177_Normalized.json::test_00002,invalid,passed,False,True,correct_reject,0.001907,0.003524,0.003241,0.000172,95,42
Kubernetes---kb_177_Normalized.json,Kubernetes---kb_177_Normalized.json::test_00003,invalid,passed,False,True,correct_reject,0.001907,0.006873,0.006296,0.000361,95,88
Kubernetes---kb_177_Normalized.json,Kubernetes---kb_177_Normalized.json::test_00004,valid,passed,True,True,correct_accept,0.001907,0.006799,0.006222,0.000346,95,95
Kubernetes---kb_177_Normalized.json,Kubernetes---kb_177_Normalized.json::test_00005,invalid,passed,False,True,correct_reject,0.001907,0.00343,0.003153,0.000168,95,42
Kubernetes---kb_178_Normalized.json,Kubernetes---kb_178_Normalized.json::test_00000,valid,passed,True,True,correct_accept,0.00177,0.008342,0.007582,0.000521,95,95
Kubernetes---kb_178_Normalized.json,Kubernetes---kb_178_Normalized.json::test_00001,invalid,passed,False,True,correct_reject,0.00177,0.000457,0.00041,2.9e-05,8,4
Kubernetes---kb_178_Normalized.json,Kubernetes---kb_178_Normalized.json::test_00002,invalid,passed,False,True,correct_reject,0.00177,0.000918,0.000811,6.8e-05,86,11
Kubernetes---kb_178_Normalized.json,Kubernetes---kb_178_Normalized.json::test_00003,invalid,passed,False,True,correct_reject,0.00177,0.005791,0.005253,0.000319,89,83
Kubernetes---kb_178_Normalized.json,Kubernetes---kb_178_Normalized.json::test_00004,invalid,passed,False,True,correct_reject,0.00177,0.004969,0.004512,0.000273,92,73
Kubernetes---kb_178_Normalized.json,Kubernetes---kb_178_Normalized.json::test_00005,valid,passed,True,True,correct_accept,0.00177,0.006838,0.006264,0.00034,95,95
Kubernetes---kb_178_Normalized.json,Kubernetes---kb_178_Normalized.json::test_00006,invalid,passed,False,True,correct_reject,0.00177,0.000507,0.000452,3.2e-05,6,4
Kubernetes---kb_178_Normalized.json,Kubernetes---kb_178_Normalized.json::test_00007,invalid,passed,False,True,correct_reject,0.00177,0.001557,0.001355,0.000129,153,18
Kubernetes---kb_179_Normalized.json,Kubernetes---kb_179_Normalized.json::test_00000,valid,passed,True,True,correct_accept,0.002361,0.010871,0.009961,0.000644,95,95
Kubernetes---kb_179_Normalized.json,Kubernetes---kb_179_Normalized.json::test_00001,invalid,passed,False,True,correct_reject,0.002361,0.000509,0.000456,3.2e-05,6,4
Kubernetes---kb_179_Normalized.json,Kubernetes---kb_179_Normalized.json::test_00002,invalid,passed,False,True,correct_reject,0.002361,0.002244,0.002041,0.000128,37,25
Kubernetes---kb_179_Normalized.json,Kubernetes---kb_179_Normalized.json::test_00003,invalid,passed,False,True,correct_reject,0.002361,0.005234,0.004759,0.000297,175,71
Kubernetes---kb_179_Normalized.json,Kubernetes---kb_179_Normalized.json::test_00004,valid,passed,True,True,correct_accept,0.002361,0.006849,0.00622,0.000389,95,95
Kubernetes---kb_179_Normalized.json,Kubernetes---kb_179_Normalized.json::test_00005,invalid,passed,False,True,correct_reject,0.002361,0.000822,0.000726,6e-05,93,11
Kubernetes---kb_179_Normalized.json,Kubernetes---kb_179_Normalized.json::test_00006,invalid,passed,False,True,correct_reject,0.002361,0.006141,0.005594,0.000335,135,89
Kubernetes---kb_17_Normalized.json,Kubernetes---kb_17_Normalized.json::test_00000,valid,failed,False,True,over_constraint,0.001956,0.003507,0.00311,0.00018,139,45
Kubernetes---kb_17_Normalized.json,Kubernetes---kb_17_Normalized.json::test_00001,invalid,passed,False,True,correct_reject,0.001956,0.000532,0.000474,3.4e-05,138,6
Kubernetes---kb_17_Normalized.json,Kubernetes---kb_17_Normalized.json::test_00002,invalid,passed,False,True,correct_reject,0.001956,0.002699,0.002353,0.000211,132,36
Kubernetes---kb_17_Normalized.json,Kubernetes---kb_17_Normalized.json::test_00003,invalid,passed,False,True,correct_reject,0.001956,0.003103,0.002641,0.000233,136,45
Kubernetes---kb_17_Normalized.json,Kubernetes---kb_17_Normalized.json::test_00004,invalid,passed,False,True,correct_reject,0.001956,0.002718,0.002363,0.000163,213,45
Kubernetes---kb_17_Normalized.json,Kubernetes---kb_17_Normalized.json::test_00005,valid,failed,False,True,over_constraint,0.001956,0.003498,0.002948,0.000273,148,45
Kubernetes---kb_17_Normalized.json,Kubernetes---kb_17_Normalized.json::test_00006,invalid,passed,False,True,correct_reject,0.001956,0.00049,0.000435,3.2e-05,147,6
Kubernetes---kb_17_Normalized.json,Kubernetes---kb_17_Normalized.json::test_00007,invalid,passed,False,True,correct_reject,0.001956,0.002751,0.00239,0.000165,164,45
Kubernetes---kb_180_Normalized.json,Kubernetes---kb_180_Normalized.json::test_00000,valid,passed,True,True,correct_accept,0.001838,0.013176,0.011871,0.000968,141,141
Kubernetes---kb_180_Normalized.json,Kubernetes---kb_180_Normalized.json::test_00001,invalid,passed,False,True,correct_reject,0.001838,0.000496,0.000444,3e-05,137,5
Kubernetes---kb_180_Normalized.json,Kubernetes---kb_180_Normalized.json::test_00002,invalid,passed,False,True,correct_reject,0.001838,0.001943,0.001777,0.000102,139,24
Kubernetes---kb_180_Normalized.json,Kubernetes---kb_180_Normalized.json::test_00003,invalid,passed,False,True,correct_reject,0.001838,0.000501,0.000434,3.1e-05,138,5
Kubernetes---kb_180_Normalized.json,Kubernetes---kb_180_Normalized.json::test_00004,valid,passed,True,True,correct_accept,0.001838,0.011626,0.010346,0.000866,128,128
Kubernetes---kb_180_Normalized.json,Kubernetes---kb_180_Normalized.json::test_00005,invalid,passed,False,True,correct_reject,0.001838,0.000415,0.000369,2.7e-05,127,5
Kubernetes---kb_180_Normalized.json,Kubernetes---kb_180_Normalized.json::test_00006,invalid,passed,False,True,correct_reject,0.001838,0.001401,0.001238,0.000101,143,21
Kubernetes---kb_181_Normalized.json,Kubernetes---kb_181_Normalized.json::test_00000,valid,passed,True,True,correct_accept,0.001455,0.008399,0.007547,0.000596,127,127
Kubernetes---kb_181_Normalized.json,Kubernetes---kb_181_Normalized.json::test_00001,invalid,passed,False,True,correct_reject,0.001455,0.001452,0.001326,7.1e-05,134,20
Kubernetes---kb_181_Normalized.json,Kubernetes---kb_181_Normalized.json::test_00002,invalid,passed,False,True,correct_reject,0.001455,0.000485,0.000436,2.8e-05,126,5
Kubernetes---kb_181_Normalized.json,Kubernetes---kb_181_Normalized.json::test_00003,invalid,passed,False,True,correct_reject,0.001455,0.001517,0.001385,7.6e-05,142,20
Kubernetes---kb_181_Normalized.json,Kubernetes---kb_181_Normalized.json::test_00004,valid,passed,True,True,correct_accept,0.001455,0.00927,0.008457,0.000494,133,133
Kubernetes---kb_181_Normalized.json,Kubernetes---kb_181_Normalized.json::test_00005,invalid,passed,False,True,correct_reject,0.001455,0.001629,0.001494,8.1e-05,132,22
Kubernetes---kb_181_Normalized.json,Kubernetes---kb_181_Normalized.json::test_00006,invalid,passed,False,True,correct_reject,0.001455,0.000529,0.000474,3.4e-05,125,5
Kubernetes---kb_182_Normalized.json,Kubernetes---kb_182_Normalized.json::test_00000,valid,passed,True,True,correct_accept,0.001707,0.004806,0.004156,0.00052,53,53
Kubernetes---kb_182_Normalized.json,Kubernetes---kb_182_Normalized.json::test_00001,invalid,passed,False,True,correct_reject,0.001707,0.003204,0.002957,0.000132,60,59
Kubernetes---kb_182_Normalized.json,Kubernetes---kb_182_Normalized.json::test_00002,invalid,passed,False,True,correct_reject,0.001707,0.000384,0.000339,2.6e-05,52,5
Kubernetes---kb_182_Normalized.json,Kubernetes---kb_182_Normalized.json::test_00003,valid,passed,True,True,correct_accept,0.001707,0.003675,0.003293,0.000231,55,55
Kubernetes---kb_182_Normalized.json,Kubernetes---kb_182_Normalized.json::test_00004,invalid,passed,False,True,correct_reject,0.001707,0.000335,0.000297,2.2e-05,52,5
Kubernetes---kb_182_Normalized.json,Kubernetes---kb_182_Normalized.json::test_00005,invalid,passed,False,True,correct_reject,0.001707,0.003567,0.003256,0.000174,62,61
Kubernetes---kb_182_Normalized.json,Kubernetes---kb_182_Normalized.json::test_00006,invalid,passed,False,True,correct_reject,0.001707,0.001983,0.001772,0.000131,54,28
Kubernetes---kb_183_Normalized.json,Kubernetes---kb_183_Normalized.json::test_00000,valid,passed,True,True,correct_accept,0.001759,0.004227,0.003699,0.000412,55,55
Kubernetes---kb_183_Normalized.json,Kubernetes---kb_183_Normalized.json::test_00001,invalid,passed,False,True,correct_reject,0.001759,0.003514,0.003217,0.000164,62,61
Kubernetes---kb_183_Normalized.json,Kubernetes---kb_183_Normalized.json::test_00002,invalid,passed,False,True,correct_reject,0.001759,0.000381,0.000333,2.6e-05,52,5
Kubernetes---kb_184_Normalized.json,Kubernetes---kb_184_Normalized.json::test_00000,valid,failed,False,True,over_constraint,0.001696,0.001696,0.001454,9.2e-05,46,23
Kubernetes---kb_184_Normalized.json,Kubernetes---kb_184_Normalized.json::test_00001,invalid,passed,False,True,correct_reject,0.001696,0.001264,0.001068,6.7e-05,46,23
Kubernetes---kb_184_Normalized.json,Kubernetes---kb_184_Normalized.json::test_00002,invalid,passed,False,True,correct_reject,0.001696,0.001467,0.001203,9.8e-05,46,23
Kubernetes---kb_184_Normalized.json,Kubernetes---kb_184_Normalized.json::test_00003,valid,failed,False,True,over_constraint,0.001696,0.001343,0.001133,6.4e-05,46,23
Kubernetes---kb_184_Normalized.json,Kubernetes---kb_184_Normalized.json::test_00004,invalid,passed,False,True,correct_reject,0.001696,0.00103,0.000912,7.1e-05,45,16
Kubernetes---kb_184_Normalized.json,Kubernetes---kb_184_Normalized.json::test_00005,invalid,passed,False,True,correct_reject,0.001696,0.001235,0.001049,5.7e-05,48,23
Kubernetes---kb_185_Normalized.json,Kubernetes---kb_185_Normalized.json::test_00000,valid,failed,False,True,over_constraint,0.001041,0.000634,0.000436,2.5e-05,44,5
Kubernetes---kb_185_Normalized.json,Kubernetes---kb_185_Normalized.json::test_00001,invalid,passed,False,True,correct_reject,0.001041,0.00038,0.000341,2.4e-05,43,6
Kubernetes---kb_185_Normalized.json,Kubernetes---kb_185_Normalized.json::test_00002,invalid,passed,False,True,correct_reject,0.001041,0.00041,0.000284,2.3e-05,44,5
Kubernetes---kb_185_Normalized.json,Kubernetes---kb_185_Normalized.json::test_00003,invalid,passed,False,True,correct_reject,0.001041,0.000436,0.00031,2.3e-05,43,5
Kubernetes---kb_185_Normalized.json,Kubernetes---kb_185_Normalized.json::test_00004,invalid,passed,False,True,correct_reject,0.001041,0.000479,0.000429,3.1e-05,42,5
Kubernetes---kb_185_Normalized.json,Kubernetes---kb_185_Normalized.json::test_00005,invalid,passed,False,True,correct_reject,0.001041,0.000451,0.000317,2.4e-05,46,5
Kubernetes---kb_185_Normalized.json,Kubernetes---kb_185_Normalized.json::test_00006,valid,failed,False,True,over_constraint,0.001041,0.000455,0.000328,2.2e-05,48,5
Kubernetes---kb_185_Normalized.json,Kubernetes---kb_185_Normalized.json::test_00007,invalid,passed,False,True,correct_reject,0.001041,0.000206,0.000186,1.2e-05,47,2
Kubernetes---kb_185_Normalized.json,Kubernetes---kb_185_Normalized.json::test_00008,invalid,passed,False,True,correct_reject,0.001041,0.000234,0.000214,1.2e-05,48,2
Kubernetes---kb_186_Normalized.json,Kubernetes---kb_186_Normalized.json::test_00000,valid,failed,False,True,over_constraint,0.001068,0.000647,0.000442,2.4e-05,42,5
Kubernetes---kb_186_Normalized.json,Kubernetes---kb_186_Normalized.json::test_00001,invalid,passed,False,True,correct_reject,0.001068,0.000474,0.000338,2.4e-05,42,5
Kubernetes---kb_186_Normalized.json,Kubernetes---kb_186_Normalized.json::test_00002,invalid,passed,False,True,correct_reject,0.001068,0.000409,0.000367,2.5e-05,41,6
Kubernetes---kb_186_Normalized.json,Kubernetes---kb_186_Normalized.json::test_00003,invalid,passed,False,True,correct_reject,0.001068,0.000482,0.00035,2.6e-05,42,5
Kubernetes---kb_186_Normalized.json,Kubernetes---kb_186_Normalized.json::test_00004,invalid,passed,False,True,correct_reject,0.001068,0.000464,0.00033,2.4e-05,42,5
Kubernetes---kb_186_Normalized.json,Kubernetes---kb_186_Normalized.json::test_00005,invalid,passed,False,True,correct_reject,0.001068,0.000655,0.000445,4.8e-05,44,5
Kubernetes---kb_186_Normalized.json,Kubernetes---kb_186_Normalized.json::test_00006,valid,failed,False,True,over_constraint,0.001068,0.000659,0.000465,3.7e-05,43,5
Kubernetes---kb_186_Normalized.json,Kubernetes---kb_186_Normalized.json::test_00007,invalid,passed,False,True,correct_reject,0.001068,0.000468,0.00042,2.8e-05,42,6
Kubernetes---kb_186_Normalized.json,Kubernetes---kb_186_Normalized.json::test_00008,invalid,passed,False,True,correct_reject,0.001068,0.000442,0.000314,2.4e-05,43,5
Kubernetes---kb_186_Normalized.json,Kubernetes---kb_186_Normalized.json::test_00009,invalid,passed,False,True,correct_reject,0.001068,0.000409,0.000365,2.6e-05,42,6
Kubernetes---kb_187_Normalized.json,Kubernetes---kb_187_Normalized.json::test_00000,valid,failed,False,True,over_constraint,0.002032,0.002975,0.002423,0.00019,59,16
Kubernetes---kb_187_Normalized.json,Kubernetes---kb_187_Normalized.json::test_00001,invalid,passed,False,True,correct_reject,0.002032,0.000497,0.000442,3.1e-05,58,5
Kubernetes---kb_188_Normalized.json,Kubernetes---kb_188_Normalized.json::test_00000,valid,failed,False,True,over_constraint,0.002207,0.002032,0.00163,0.000175,54,14
Kubernetes---kb_188_Normalized.json,Kubernetes---kb_188_Normalized.json::test_00001,invalid,passed,False,True,correct_reject,0.002207,0.000984,0.000821,4.7e-05,51,14
Kubernetes---kb_188_Normalized.json,Kubernetes---kb_188_Normalized.json::test_00002,invalid,passed,False,True,correct_reject,0.002207,0.000986,0.000822,4.7e-05,48,14
Kubernetes---kb_188_Normalized.json,Kubernetes---kb_188_Normalized.json::test_00003,invalid,passed,False,True,correct_reject,0.002207,0.001256,0.001047,6.1e-05,55,14
Kubernetes---kb_189_Normalized.json,Kubernetes---kb_189_Normalized.json::test_00000,valid,failed,False,True,over_constraint,0.001633,0.002175,0.001745,0.000192,54,14
Kubernetes---kb_189_Normalized.json,Kubernetes---kb_189_Normalized.json::test_00001,invalid,passed,False,True,correct_reject,0.001633,0.001467,0.001203,0.000103,51,14
Kubernetes---kb_189_Normalized.json,Kubernetes---kb_189_Normalized.json::test_00002,invalid,passed,False,True,correct_reject,0.001633,0.001163,0.000975,5.4e-05,48,14
Kubernetes---kb_189_Normalized.json,Kubernetes---kb_189_Normalized.json::test_00003,valid,failed,False,True,over_constraint,0.001633,0.002124,0.00184,0.000105,55,25
Kubernetes---kb_189_Normalized.json,Kubernetes---kb_189_Normalized.json::test_00004,invalid,passed,False,True,correct_reject,0.001633,0.001472,0.001207,9.3e-05,53,14
Kubernetes---kb_189_Normalized.json,Kubernetes---kb_189_Normalized.json::test_00005,invalid,passed,False,True,correct_reject,0.001633,0.001371,0.001143,8.2e-05,54,14
Kubernetes---kb_18_Normalized.json,Kubernetes---kb_18_Normalized.json::test_00000,valid,failed,False,True,over_constraint,0.002968,0.004446,0.003938,0.000252,138,56
Kubernetes---kb_18_Normalized.json,Kubernetes---kb_18_Normalized.json::test_00001,invalid,passed,False,True,correct_reject,0.002968,0.000503,0.00044,3.6e-05,137,6
Kubernetes---kb_18_Normalized.json,Kubernetes---kb_18_Normalized.json::test_00002,invalid,passed,False,True,correct_reject,0.002968,0.002898,0.002435,0.000232,131,56
Kubernetes---kb_18_Normalized.json,Kubernetes---kb_18_Normalized.json::test_00003,invalid,passed,False,True,correct_reject,0.002968,0.002674,0.002262,0.000201,132,56
Kubernetes---kb_18_Normalized.json,Kubernetes---kb_18_Normalized.json::test_00004,valid,failed,False,True,over_constraint,0.002968,0.002986,0.002589,0.000189,136,56
Kubernetes---kb_18_Normalized.json,Kubernetes---kb_18_Normalized.json::test_00005,invalid,passed,False,True,correct_reject,0.002968,0.000326,0.000287,2.3e-05,135,6
Kubernetes---kb_190_Normalized.json,Kubernetes---kb_190_Normalized.json::test_00000,valid,failed,False,True,over_constraint,0.006108,0.004364,0.003963,0.000227,146,44
Kubernetes---kb_190_Normalized.json,Kubernetes---kb_190_Normalized.json::test_00001,valid,failed,False,True,over_constraint,0.006108,0.001499,0.001282,9.9e-05,146,34
Kubernetes---kb_190_Normalized.json,Kubernetes---kb_190_Normalized.json::test_00002,invalid,passed,False,True,correct_reject,0.006108,0.001476,0.001256,0.000105,149,34
Kubernetes---kb_190_Normalized.json,Kubernetes---kb_190_Normalized.json::test_00003,invalid,passed,False,True,correct_reject,0.006108,0.002315,0.001965,0.00018,151,34
Kubernetes---kb_191_Normalized.json,Kubernetes---kb_191_Normalized.json::test_00000,valid,failed,False,True,over_constraint,0.006064,0.002365,0.00208,0.00015,110,38
Kubernetes---kb_191_Normalized.json,Kubernetes---kb_191_Normalized.json::test_00001,valid,failed,False,True,over_constraint,0.006064,0.001665,0.001437,0.000104,84,37
Kubernetes---kb_191_Normalized.json,Kubernetes---kb_191_Normalized.json::test_00002,invalid,passed,False,True,correct_reject,0.006064,0.001907,0.001624,0.000136,116,37
Kubernetes---kb_192_Normalized.json,Kubernetes---kb_192_Normalized.json::test_00000,valid,failed,False,True,over_constraint,0.006736,0.003033,0.00273,0.000161,173,37
Kubernetes---kb_192_Normalized.json,Kubernetes---kb_192_Normalized.json::test_00001,invalid,passed,False,True,correct_reject,0.006736,0.0024,0.002068,0.000167,194,37
Kubernetes---kb_192_Normalized.json,Kubernetes---kb_192_Normalized.json::test_00002,invalid,passed,False,True,correct_reject,0.006736,0.002561,0.002222,0.000173,172,37
Kubernetes---kb_192_Normalized.json,Kubernetes---kb_192_Normalized.json::test_00003,invalid,passed,False,True,correct_reject,0.006736,0.002346,0.002078,0.000121,196,37
Kubernetes---kb_192_Normalized.json,Kubernetes---kb_192_Normalized.json::test_00004,valid,failed,False,True,over_constraint,0.006736,0.002024,0.001795,9.8e-05,147,38
Kubernetes---kb_192_Normalized.json,Kubernetes---kb_192_Normalized.json::test_00005,invalid,passed,False,True,correct_reject,0.006736,0.002033,0.001807,9.7e-05,150,38
Kubernetes---kb_193_Normalized.json,Kubernetes---kb_193_Normalized.json::test_00000,valid,passed,True,True,correct_accept,0.00144,0.003388,0.003128,0.00015,52,52
Kubernetes---kb_193_Normalized.json,Kubernetes---kb_193_Normalized.json::test_00001,invalid,passed,False,True,correct_reject,0.00144,0.001713,0.001578,8.1e-05,46,25
Kubernetes---kb_193_Normalized.json,Kubernetes---kb_193_Normalized.json::test_00002,valid,passed,True,True,correct_accept,0.00144,0.002401,0.002202,9.9e-05,49,49
Kubernetes---kb_193_Normalized.json,Kubernetes---kb_193_Normalized.json::test_00003,invalid,passed,False,True,correct_reject,0.00144,0.001532,0.00141,6.5e-05,46,25
Kubernetes---kb_194_Normalized.json,Kubernetes---kb_194_Normalized.json::test_00000,valid,passed,True,True,correct_accept,0.001216,0.003359,0.003059,0.000178,49,49
Kubernetes---kb_194_Normalized.json,Kubernetes---kb_194_Normalized.json::test_00001,invalid,passed,False,True,correct_reject,0.001216,0.001596,0.001425,9.5e-05,46,25
Kubernetes---kb_194_Normalized.json,Kubernetes---kb_194_Normalized.json::test_00002,invalid,passed,False,True,correct_reject,0.001216,0.002076,0.001901,9.2e-05,49,41
Kubernetes---kb_194_Normalized.json,Kubernetes---kb_194_Normalized.json::test_00003,valid,passed,True,True,correct_accept,0.001216,0.003619,0.003314,0.000176,48,48
Kubernetes---kb_194_Normalized.json,Kubernetes---kb_194_Normalized.json::test_00004,invalid,passed,False,True,correct_reject,0.001216,0.000275,0.000252,1.3e-05,48,2
Kubernetes---kb_194_Normalized.json,Kubernetes---kb_194_Normalized.json::test_00005,invalid,passed,False,True,correct_reject,0.001216,0.00021,0.000189,1.1e-05,37,2
Kubernetes---kb_195_Normalized.json,Kubernetes---kb_195_Normalized.json::test_00000,valid,passed,True,True,correct_accept,0.001456,0.003062,0.00282,0.000144,49,49
Kubernetes---kb_195_Normalized.json,Kubernetes---kb_195_Normalized.json::test_00001,invalid,passed,False,True,correct_reject,0.001456,0.001352,0.001238,6.2e-05,46,25
Kubernetes---kb_195_Normalized.json,Kubernetes---kb_195_Normalized.json::test_00002,invalid,passed,False,True,correct_reject,0.001456,0.002692,0.002382,0.000177,48,47
Kubernetes---kb_197_Normalized.json,Kubernetes---kb_197_Normalized.json::test_00000,valid,failed,False,True,over_constraint,0.006277,0.003585,0.003205,0.000205,145,58
Kubernetes---kb_197_Normalized.json,Kubernetes---kb_197_Normalized.json::test_00001,invalid,passed,False,True,correct_reject,0.006277,0.002605,0.002299,0.000141,176,58
Kubernetes---kb_197_Normalized.json,Kubernetes---kb_197_Normalized.json::test_00002,invalid,passed,False,True,correct_reject,0.006277,0.003841,0.003381,0.000232,176,58
Kubernetes---kb_197_Normalized.json,Kubernetes---kb_197_Normalized.json::test_00003,invalid,passed,False,True,correct_reject,0.006277,0.003216,0.002783,0.000225,150,58
Kubernetes---kb_199_Normalized.json,Kubernetes---kb_199_Normalized.json::test_00000,valid,failed,False,True,over_constraint,0.001199,0.004796,0.004069,0.000493,43,41
Kubernetes---kb_199_Normalized.json,Kubernetes---kb_199_Normalized.json::test_00001,invalid,passed,False,True,correct_reject,0.001199,0.000381,0.000338,2.6e-05,42,5
Kubernetes---kb_199_Normalized.json,Kubernetes---kb_199_Normalized.json::test_00002,valid,failed,False,True,over_constraint,0.001199,0.000474,0.000328,2.6e-05,53,4
Kubernetes---kb_199_Normalized.json,Kubernetes---kb_199_Normalized.json::test_00003,invalid,passed,False,True,correct_reject,0.001199,0.000368,0.000328,2.5e-05,53,5
Kubernetes---kb_199_Normalized.json,Kubernetes---kb_199_Normalized.json::test_00004,invalid,passed,False,True,correct_reject,0.001199,0.000399,0.000271,2.2e-05,51,4
Kubernetes---kb_19_Normalized.json,Kubernetes---kb_19_Normalized.json::test_00000,valid,failed,False,True,over_constraint,0.001525,0.002977,0.00262,0.000152,136,56
Kubernetes---kb_19_Normalized.json,Kubernetes---kb_19_Normalized.json::test_00001,invalid,passed,False,True,correct_reject,0.001525,0.000415,0.00037,2.5e-05,135,6
Kubernetes---kb_19_Normalized.json,Kubernetes---kb_19_Normalized.json::test_00002,invalid,passed,False,True,correct_reject,0.001525,0.002533,0.002194,0.000158,146,56
Kubernetes---kb_19_Normalized.json,Kubernetes---kb_19_Normalized.json::test_00003,invalid,passed,False,True,correct_reject,0.001525,0.002745,0.002395,0.000158,138,56
Kubernetes---kb_19_Normalized.json,Kubernetes---kb_19_Normalized.json::test_00004,invalid,passed,False,True,correct_reject,0.001525,0.002317,0.002018,0.000133,152,56
Kubernetes---kb_19_Normalized.json,Kubernetes---kb_19_Normalized.json::test_00005,invalid,passed,False,True,correct_reject,0.001525,0.002317,0.002021,0.000124,146,56
Kubernetes---kb_1_Normalized.json,Kubernetes---kb_1_Normalized.json::test_00000,valid,failed,False,True,over_constraint,0.003124,0.008118,0.006918,0.000917,309,110
Kubernetes---kb_1_Normalized.json,Kubernetes---kb_1_Normalized.json::test_00001,valid,failed,False,True,over_constraint,0.003124,0.006668,0.006033,0.00034,309,110
Kubernetes---kb_200_Normalized.json,Kubernetes---kb_200_Normalized.json::test_00000,valid,failed,False,True,over_constraint,0.001253,0.00063,0.000388,2.4e-05,43,4
Kubernetes---kb_200_Normalized.json,Kubernetes---kb_200_Normalized.json::test_00001,invalid,passed,False,True,correct_reject,0.001253,0.000353,0.000312,2.5e-05,43,5
Kubernetes---kb_200_Normalized.json,Kubernetes---kb_200_Normalized.json::test_00002,invalid,passed,False,True,correct_reject,0.001253,0.000466,0.000314,2.8e-05,46,4
Kubernetes---kb_201_Normalized.json,Kubernetes---kb_201_Normalized.json::test_00000,valid,failed,False,True,over_constraint,0.00124,0.000707,0.000442,2.7e-05,43,4
Kubernetes---kb_201_Normalized.json,Kubernetes---kb_201_Normalized.json::test_00001,invalid,passed,False,True,correct_reject,0.00124,0.000595,0.000518,5.4e-05,43,5
Kubernetes---kb_201_Normalized.json,Kubernetes---kb_201_Normalized.json::test_00002,invalid,passed,False,True,correct_reject,0.00124,0.00052,0.000461,3.6e-05,43,5
Kubernetes---kb_201_Normalized.json,Kubernetes---kb_201_Normalized.json::test_00003,valid,failed,False,True,over_constraint,0.00124,0.000607,0.000416,3.4e-05,53,4
Kubernetes---kb_201_Normalized.json,Kubernetes---kb_201_Normalized.json::test_00004,invalid,passed,False,True,correct_reject,0.00124,0.000645,0.000434,4e-05,53,4
Kubernetes---kb_201_Normalized.json,Kubernetes---kb_201_Normalized.json::test_00005,invalid,passed,False,True,correct_reject,0.00124,0.000659,0.000442,4e-05,51,4
Kubernetes---kb_202_Normalized.json,Kubernetes---kb_202_Normalized.json::test_00000,valid,failed,False,True,over_constraint,0.007138,0.024428,0.022306,0.001361,437,196
Kubernetes---kb_202_Normalized.json,Kubernetes---kb_202_Normalized.json::test_00001,invalid,passed,False,True,correct_reject,0.007138,0.008161,0.007331,0.000528,437,102
Kubernetes---kb_202_Normalized.json,Kubernetes---kb_202_Normalized.json::test_00002,invalid,passed,False,True,correct_reject,0.007138,0.007068,0.006377,0.000405,440,108
Kubernetes---kb_202_Normalized.json,Kubernetes---kb_202_Normalized.json::test_00003,invalid,passed,False,True,correct_reject,0.007138,0.006327,0.005716,0.000357,440,108
Kubernetes---kb_202_Normalized.json,Kubernetes---kb_202_Normalized.json::test_00004,invalid,passed,False,True,correct_reject,0.007138,0.016907,0.015613,0.000659,457,196
Kubernetes---kb_203_Normalized.json,Kubernetes---kb_203_Normalized.json::test_00000,valid,passed,True,True,correct_accept,0.006302,0.00757,0.006685,0.000672,81,81
Kubernetes---kb_203_Normalized.json,Kubernetes---kb_203_Normalized.json::test_00001,invalid,passed,False,True,correct_reject,0.006302,0.005543,0.004905,0.000436,125,85
Kubernetes---kb_203_Normalized.json,Kubernetes---kb_203_Normalized.json::test_00002,invalid,passed,False,True,correct_reject,0.006302,0.006117,0.005414,0.000451,111,85
Kubernetes---kb_203_Normalized.json,Kubernetes---kb_203_Normalized.json::test_00003,invalid,passed,False,True,correct_reject,0.006302,0.007336,0.006417,0.000612,121,85
Kubernetes---kb_203_Normalized.json,Kubernetes---kb_203_Normalized.json::test_00004,invalid,passed,False,True,correct_reject,0.006302,0.007275,0.006364,0.00063,218,83
Kubernetes---kb_204_Normalized.json,Kubernetes---kb_204_Normalized.json::test_00000,valid,failed,False,True,over_constraint,0.006178,0.004349,0.003768,0.000347,113,39
Kubernetes---kb_204_Normalized.json,Kubernetes---kb_204_Normalized.json::test_00001,invalid,passed,False,True,correct_reject,0.006178,0.00108,0.000856,6.6e-05,115,14
Kubernetes---kb_204_Normalized.json,Kubernetes---kb_204_Normalized.json::test_00002,valid,failed,False,True,over_constraint,0.006178,0.001112,0.000886,6.7e-05,114,14
Kubernetes---kb_204_Normalized.json,Kubernetes---kb_204_Normalized.json::test_00003,invalid,passed,False,True,correct_reject,0.006178,0.001122,0.000895,6.8e-05,116,14
Kubernetes---kb_204_Normalized.json,Kubernetes---kb_204_Normalized.json::test_00004,invalid,passed,False,True,correct_reject,0.006178,0.001297,0.001,0.000101,48,14
Kubernetes---kb_204_Normalized.json,Kubernetes---kb_204_Normalized.json::test_00005,invalid,passed,False,True,correct_reject,0.006178,0.002225,0.002027,0.000119,119,32
Kubernetes---kb_205_Normalized.json,Kubernetes---kb_205_Normalized.json::test_00000,valid,failed,False,True,over_constraint,0.002198,0.001564,0.001151,0.000155,157,8
Kubernetes---kb_205_Normalized.json,Kubernetes---kb_205_Normalized.json::test_00001,invalid,passed,False,True,correct_reject,0.002198,0.000848,0.000657,5.1e-05,109,8
Kubernetes---kb_205_Normalized.json,Kubernetes---kb_205_Normalized.json::test_00002,invalid,passed,False,True,correct_reject,0.002198,0.000961,0.000728,6.5e-05,152,8
Kubernetes---kb_205_Normalized.json,Kubernetes---kb_205_Normalized.json::test_00003,invalid,passed,False,True,correct_reject,0.002198,0.000883,0.000685,5e-05,156,8
Kubernetes---kb_206_Normalized.json,Kubernetes---kb_206_Normalized.json::test_00000,valid,failed,False,True,over_constraint,0.002092,0.002194,0.001528,0.000253,164,8
Kubernetes---kb_206_Normalized.json,Kubernetes---kb_206_Normalized.json::test_00001,invalid,passed,False,True,correct_reject,0.002092,0.000873,0.000682,4.9e-05,67,8
Kubernetes---kb_206_Normalized.json,Kubernetes---kb_206_Normalized.json::test_00002,invalid,passed,False,True,correct_reject,0.002092,0.000911,0.000709,5.1e-05,167,8
Kubernetes---kb_206_Normalized.json,Kubernetes---kb_206_Normalized.json::test_00003,valid,failed,False,True,over_constraint,0.002092,0.000908,0.000714,4.9e-05,157,8
Kubernetes---kb_206_Normalized.json,Kubernetes---kb_206_Normalized.json::test_00004,invalid,passed,False,True,correct_reject,0.002092,0.000848,0.000661,4.5e-05,200,8
Kubernetes---kb_206_Normalized.json,Kubernetes---kb_206_Normalized.json::test_00005,invalid,passed,False,True,correct_reject,0.002092,0.000869,0.000678,4.6e-05,207,8
Kubernetes---kb_207_Normalized.json,Kubernetes---kb_207_Normalized.json::test_00000,valid,failed,False,True,over_constraint,0.002111,0.001572,0.001155,0.000155,157,8
Kubernetes---kb_207_Normalized.json,Kubernetes---kb_207_Normalized.json::test_00001,invalid,passed,False,True,correct_reject,0.002111,0.000881,0.00069,4.8e-05,66,8
Kubernetes---kb_207_Normalized.json,Kubernetes---kb_207_Normalized.json::test_00002,invalid,passed,False,True,correct_reject,0.002111,0.000894,0.000697,4.9e-05,150,8
Kubernetes---kb_207_Normalized.json,Kubernetes---kb_207_Normalized.json::test_00003,invalid,passed,False,True,correct_reject,0.002111,0.000848,0.000657,4.8e-05,157,8
Kubernetes---kb_207_Normalized.json,Kubernetes---kb_207_Normalized.json::test_00004,valid,failed,False,True,over_constraint,0.002111,0.00088,0.000689,4.9e-05,168,8
Kubernetes---kb_207_Normalized.json,Kubernetes---kb_207_Normalized.json::test_00005,invalid,passed,False,True,correct_reject,0.002111,0.000863,0.00067,4.9e-05,171,8
Kubernetes---kb_207_Normalized.json,Kubernetes---kb_207_Normalized.json::test_00006,invalid,passed,False,True,correct_reject,0.002111,0.000884,0.000693,5e-05,174,8
Kubernetes---kb_208_Normalized.json,Kubernetes---kb_208_Normalized.json::test_00000,valid,failed,False,True,over_constraint,0.004828,0.003709,0.003298,0.000198,170,36
Kubernetes---kb_208_Normalized.json,Kubernetes---kb_208_Normalized.json::test_00001,invalid,passed,False,True,correct_reject,0.004828,0.001301,0.001163,8.5e-05,182,21
Kubernetes---kb_208_Normalized.json,Kubernetes---kb_208_Normalized.json::test_00002,invalid,passed,False,True,correct_reject,0.004828,0.002947,0.002583,0.00015,169,39
Kubernetes---kb_208_Normalized.json,Kubernetes---kb_208_Normalized.json::test_00003,invalid,passed,False,True,correct_reject,0.004828,0.002718,0.002371,0.000143,172,36
Kubernetes---kb_208_Normalized.json,Kubernetes---kb_208_Normalized.json::test_00004,valid,failed,False,True,over_constraint,0.004828,0.00724,0.006321,0.00058,141,80
Kubernetes---kb_208_Normalized.json,Kubernetes---kb_208_Normalized.json::test_00005,invalid,passed,False,True,correct_reject,0.004828,0.006907,0.006162,0.000383,162,88
Kubernetes---kb_208_Normalized.json,Kubernetes---kb_208_Normalized.json::test_00006,invalid,passed,False,True,correct_reject,0.004828,0.003937,0.003557,0.00022,169,68
Kubernetes---kb_209_Normalized.json,Kubernetes---kb_209_Normalized.json::test_00000,valid,failed,False,True,over_constraint,0.004738,0.003712,0.003351,0.000147,179,43
Kubernetes---kb_209_Normalized.json,Kubernetes---kb_209_Normalized.json::test_00001,valid,failed,False,True,over_constraint,0.004738,0.00211,0.001798,0.000123,144,31
Kubernetes---kb_209_Normalized.json,Kubernetes---kb_209_Normalized.json::test_00002,invalid,passed,False,True,correct_reject,0.004738,0.001939,0.00174,0.000138,146,21
Kubernetes---kb_209_Normalized.json,Kubernetes---kb_209_Normalized.json::test_00003,invalid,passed,False,True,correct_reject,0.004738,0.00129,0.001151,8.4e-05,157,21
Kubernetes---kb_20_Normalized.json,Kubernetes---kb_20_Normalized.json::test_00000,valid,failed,False,True,over_constraint,0.001923,0.001252,0.000743,4.9e-05,89,4
Kubernetes---kb_20_Normalized.json,Kubernetes---kb_20_Normalized.json::test_00001,invalid,passed,False,True,correct_reject,0.001923,0.000612,0.000429,3.2e-05,92,4
Kubernetes---kb_20_Normalized.json,Kubernetes---kb_20_Normalized.json::test_00002,invalid,passed,False,True,correct_reject,0.001923,0.000587,0.000406,3.2e-05,89,4
Kubernetes---kb_20_Normalized.json,Kubernetes---kb_20_Normalized.json::test_00003,invalid,passed,False,True,correct_reject,0.001923,0.000519,0.000462,3.4e-05,89,5
Kubernetes---kb_20_Normalized.json,Kubernetes---kb_20_Normalized.json::test_00004,valid,failed,False,True,over_constraint,0.001923,0.000569,0.000393,3.1e-05,87,4
Kubernetes---kb_20_Normalized.json,Kubernetes---kb_20_Normalized.json::test_00005,invalid,passed,False,True,correct_reject,0.001923,0.000336,0.000305,1.7e-05,65,2
Kubernetes---kb_20_Normalized.json,Kubernetes---kb_20_Normalized.json::test_00006,invalid,passed,False,True,correct_reject,0.001923,0.000326,0.000295,1.7e-05,107,2
Kubernetes---kb_210_Normalized.json,Kubernetes---kb_210_Normalized.json::test_00000,valid,failed,False,True,over_constraint,0.004945,0.00119,0.000871,5.8e-05,222,10
Kubernetes---kb_210_Normalized.json,Kubernetes---kb_210_Normalized.json::test_00001,invalid,passed,False,True,correct_reject,0.004945,0.000827,0.000621,5.6e-05,226,10
Kubernetes---kb_210_Normalized.json,Kubernetes---kb_210_Normalized.json::test_00002,invalid,passed,False,True,correct_reject,0.004945,0.000841,0.000631,5.8e-05,182,10
Kubernetes---kb_210_Normalized.json,Kubernetes---kb_210_Normalized.json::test_00003,valid,failed,False,True,over_constraint,0.004945,0.000844,0.00063,5.7e-05,184,10
Kubernetes---kb_210_Normalized.json,Kubernetes---kb_210_Normalized.json::test_00004,invalid,passed,False,True,correct_reject,0.004945,0.000875,0.000659,5.8e-05,145,10
Kubernetes---kb_210_Normalized.json,Kubernetes---kb_210_Normalized.json::test_00005,invalid,passed,False,True,correct_reject,0.004945,0.000867,0.000649,5.7e-05,204,10
Kubernetes---kb_211_Normalized.json,Kubernetes---kb_211_Normalized.json::test_00000,valid,failed,False,True,over_constraint,0.001764,0.001665,0.001398,0.00011,39,13
Kubernetes---kb_212_Normalized.json,Kubernetes---kb_212_Normalized.json::test_00000,valid,failed,False,True,over_constraint,0.001548,0.001895,0.001598,0.000132,39,13
Kubernetes---kb_212_Normalized.json,Kubernetes---kb_212_Normalized.json::test_00001,invalid,passed,False,True,correct_reject,0.001548,0.001215,0.001012,7e-05,40,13
Kubernetes---kb_213_Normalized.json,Kubernetes---kb_213_Normalized.json::test_00000,valid,failed,False,True,over_constraint,0.001542,0.001865,0.00158,0.000125,39,13
Kubernetes---kb_214_Normalized.json,Kubernetes---kb_214_Normalized.json::test_00000,valid,failed,False,True,over_constraint,0.0014,0.001228,0.001031,5.8e-05,31,10
Kubernetes---kb_214_Normalized.json,Kubernetes---kb_214_Normalized.json::test_00001,invalid,passed,False,True,correct_reject,0.0014,0.00061,0.000544,3.8e-05,30,7
Kubernetes---kb_214_Normalized.json,Kubernetes---kb_214_Normalized.json::test_00002,valid,failed,False,True,over_constraint,0.0014,0.001085,0.00087,5.8e-05,31,10
Kubernetes---kb_214_Normalized.json,Kubernetes---kb_214_Normalized.json::test_00003,invalid,passed,False,True,correct_reject,0.0014,0.000429,0.000309,1.7e-05,29,1
Kubernetes---kb_215_Normalized.json,Kubernetes---kb_215_Normalized.json::test_00000,valid,failed,False,True,over_constraint,0.001543,0.001337,0.00113,6.2e-05,31,10
Kubernetes---kb_215_Normalized.json,Kubernetes---kb_215_Normalized.json::test_00001,invalid,passed,False,True,correct_reject,0.001543,0.000591,0.000526,3.8e-05,30,7
Kubernetes---kb_215_Normalized.json,Kubernetes---kb_215_Normalized.json::test_00002,valid,failed,False,True,over_constraint,0.001543,0.000948,0.000771,5.4e-05,31,10
Kubernetes---kb_215_Normalized.json,Kubernetes---kb_215_Normalized.json::test_00003,invalid,passed,False,True,correct_reject,0.001543,0.000363,0.000272,1.3e-05,29,1
Kubernetes---kb_216_Normalized.json,Kubernetes---kb_216_Normalized.json::test_00000,valid,failed,False,True,over_constraint,0.00129,0.000385,0.000267,1.2e-05,31,1
Kubernetes---kb_216_Normalized.json,Kubernetes---kb_216_Normalized.json::test_00001,invalid,passed,False,True,correct_reject,0.00129,0.00035,0.000246,1.4e-05,29,1
Kubernetes---kb_216_Normalized.json,Kubernetes---kb_216_Normalized.json::test_00002,valid,failed,False,True,over_constraint,0.00129,0.001205,0.001009,5.7e-05,31,10
Kubernetes---kb_216_Normalized.json,Kubernetes---kb_216_Normalized.json::test_00003,invalid,passed,False,True,correct_reject,0.00129,0.000588,0.000525,3.7e-05,30,7
Kubernetes---kb_21_Normalized.json,Kubernetes---kb_21_Normalized.json::test_00000,valid,failed,False,True,over_constraint,0.001681,0.000916,0.000563,5.2e-05,89,4
Kubernetes---kb_21_Normalized.json,Kubernetes---kb_21_Normalized.json::test_00001,invalid,passed,False,True,correct_reject,0.001681,0.000574,0.000394,3.2e-05,92,4
Kubernetes---kb_21_Normalized.json,Kubernetes---kb_21_Normalized.json::test_00002,invalid,passed,False,True,correct_reject,0.001681,0.000545,0.000369,3.1e-05,89,4
Kubernetes---kb_21_Normalized.json,Kubernetes---kb_21_Normalized.json::test_00003,invalid,passed,False,True,correct_reject,0.001681,0.00054,0.000484,3.5e-05,89,5
Kubernetes---kb_21_Normalized.json,Kubernetes---kb_21_Normalized.json::test_00004,valid,failed,False,True,over_constraint,0.001681,0.000611,0.000421,3.4e-05,92,4
Kubernetes---kb_21_Normalized.json,Kubernetes---kb_21_Normalized.json::test_00005,invalid,passed,False,True,correct_reject,0.001681,0.00056,0.00037,4.4e-05,93,4
Kubernetes---kb_220_Normalized.json,Kubernetes---kb_220_Normalized.json::test_00000,valid,passed,True,True,correct_accept,0.003618,0.008799,0.008031,0.000606,65,65
Kubernetes---kb_220_Normalized.json,Kubernetes---kb_220_Normalized.json::test_00001,valid,failed,False,True,over_constraint,0.003618,0.00414,0.003642,0.000252,141,32
Kubernetes---kb_220_Normalized.json,Kubernetes---kb_220_Normalized.json::test_00002,invalid,passed,False,True,correct_reject,0.003618,0.001874,0.001713,0.000112,152,16
Kubernetes---kb_221_Normalized.json,Kubernetes---kb_221_Normalized.json::test_00000,valid,failed,False,True,over_constraint,0.009433,0.0059,0.005245,0.000438,121,36
Kubernetes---kb_221_Normalized.json,Kubernetes---kb_221_Normalized.json::test_00001,valid,failed,False,True,over_constraint,0.009433,0.0055,0.004874,0.000343,123,31
Kubernetes---kb_222_Normalized.json,Kubernetes---kb_222_Normalized.json::test_00000,valid,failed,False,True,over_constraint,0.003614,0.006825,0.006132,0.000446,142,50
Kubernetes---kb_222_Normalized.json,Kubernetes---kb_222_Normalized.json::test_00001,valid,failed,False,True,over_constraint,0.003614,0.00598,0.00539,0.000346,144,49
Kubernetes---kb_223_Normalized.json,Kubernetes---kb_223_Normalized.json::test_00000,valid,passed,True,True,correct_accept,0.001937,0.000753,0.000679,4.8e-05,7,7
Kubernetes---kb_223_Normalized.json,Kubernetes---kb_223_Normalized.json::test_00001,invalid,passed,False,True,correct_reject,0.001937,0.00044,0.000401,2.4e-05,7,4
Kubernetes---kb_224_Normalized.json,Kubernetes---kb_224_Normalized.json::test_00000,valid,passed,True,True,correct_accept,0.001718,0.001008,0.000913,6.2e-05,7,7
Kubernetes---kb_224_Normalized.json,Kubernetes---kb_224_Normalized.json::test_00001,invalid,passed,False,True,correct_reject,0.001718,0.000455,0.000411,2.5e-05,7,4
Kubernetes---kb_224_Normalized.json,Kubernetes---kb_224_Normalized.json::test_00002,invalid,passed,False,True,correct_reject,0.001718,0.000623,0.000553,4.3e-05,8,6
Kubernetes---kb_225_Normalized.json,Kubernetes---kb_225_Normalized.json::test_00000,valid,failed,False,True,over_constraint,0.028485,0.001886,0.001483,0.000215,99,5
Kubernetes---kb_225_Normalized.json,Kubernetes---kb_225_Normalized.json::test_00001,valid,failed,False,True,over_constraint,0.028485,0.000723,0.000583,3.2e-05,90,5
Kubernetes---kb_228_Normalized.json,Kubernetes---kb_228_Normalized.json::test_00000,valid,failed,False,True,over_constraint,0.043426,0.001634,0.001245,0.000129,84,5
Kubernetes---kb_228_Normalized.json,Kubernetes---kb_228_Normalized.json::test_00001,valid,failed,False,True,over_constraint,0.043426,0.000808,0.000614,5.1e-05,93,5
Kubernetes---kb_229_Normalized.json,Kubernetes---kb_229_Normalized.json::test_00000,valid,passed,True,True,correct_accept,0.001993,0.003806,0.003518,0.000171,50,50
Kubernetes---kb_229_Normalized.json,Kubernetes---kb_229_Normalized.json::test_00001,invalid,passed,False,True,correct_reject,0.001993,0.002028,0.001868,9.3e-05,47,25
Kubernetes---kb_229_Normalized.json,Kubernetes---kb_229_Normalized.json::test_00002,invalid,passed,False,True,correct_reject,0.001993,0.002835,0.0026,0.000133,50,42
Kubernetes---kb_229_Normalized.json,Kubernetes---kb_229_Normalized.json::test_00003,valid,passed,True,True,correct_accept,0.001993,0.003465,0.003178,0.000166,49,49
Kubernetes---kb_229_Normalized.json,Kubernetes---kb_229_Normalized.json::test_00004,invalid,passed,False,True,correct_reject,0.001993,0.00189,0.001744,8.6e-05,46,25
Kubernetes---kb_22_Normalized.json,Kubernetes---kb_22_Normalized.json::test_00000,valid,failed,False,True,over_constraint,0.001844,0.002334,0.001954,0.000144,257,31
Kubernetes---kb_22_Normalized.json,Kubernetes---kb_22_Normalized.json::test_00001,invalid,passed,False,True,correct_reject,0.001844,0.000513,0.000458,3.3e-05,256,6
Kubernetes---kb_22_Normalized.json,Kubernetes---kb_22_Normalized.json::test_00002,valid,failed,False,True,over_constraint,0.001844,0.001796,0.001459,0.000129,264,31
Kubernetes---kb_22_Normalized.json,Kubernetes---kb_22_Normalized.json::test_00003,invalid,passed,False,True,correct_reject,0.001844,0.000502,0.000441,3.8e-05,263,7
Kubernetes---kb_22_Normalized.json,Kubernetes---kb_22_Normalized.json::test_00004,invalid,passed,False,True,correct_reject,0.001844,0.001713,0.001379,0.000138,350,31
Kubernetes---kb_230_Normalized.json,Kubernetes---kb_230_Normalized.json::test_00000,valid,passed,True,True,correct_accept,0.001445,0.004722,0.004363,0.000219,50,50
Kubernetes---kb_230_Normalized.json,Kubernetes---kb_230_Normalized.json::test_00001,invalid,passed,False,True,correct_reject,0.001445,0.001817,0.001675,8.4e-05,47,25
Kubernetes---kb_230_Normalized.json,Kubernetes---kb_230_Normalized.json::test_00002,invalid,passed,False,True,correct_reject,0.001445,0.00304,0.002796,0.000141,50,43
Kubernetes---kb_230_Normalized.json,Kubernetes---kb_230_Normalized.json::test_00003,invalid,passed,False,True,correct_reject,0.001445,0.002415,0.002218,0.000112,47,34
Kubernetes---kb_230_Normalized.json,Kubernetes---kb_230_Normalized.json::test_00004,invalid,passed,False,True,correct_reject,0.001445,0.000605,0.000543,3.8e-05,41,7
Kubernetes---kb_231_Normalized.json,Kubernetes---kb_231_Normalized.json::test_00000,valid,passed,True,True,correct_accept,0.001918,0.003944,0.003627,0.000193,49,49
Kubernetes---kb_231_Normalized.json,Kubernetes---kb_231_Normalized.json::test_00001,invalid,passed,False,True,correct_reject,0.001918,0.0018,0.001656,8.2e-05,46,25
Kubernetes---kb_231_Normalized.json,Kubernetes---kb_231_Normalized.json::test_00002,valid,passed,True,True,correct_accept,0.001918,0.003492,0.003209,0.000163,50,50
Kubernetes---kb_231_Normalized.json,Kubernetes---kb_231_Normalized.json::test_00003,invalid,passed,False,True,correct_reject,0.001918,0.001856,0.001711,8.5e-05,47,25
Kubernetes---kb_232_Normalized.json,Kubernetes---kb_232_Normalized.json::test_00000,valid,passed,True,True,correct_accept,0.001436,0.004001,0.003697,0.00018,50,50
Kubernetes---kb_232_Normalized.json,Kubernetes---kb_232_Normalized.json::test_00001,invalid,passed,False,True,correct_reject,0.001436,0.001888,0.001737,8.4e-05,47,25
Kubernetes---kb_232_Normalized.json,Kubernetes---kb_232_Normalized.json::test_00002,invalid,passed,False,True,correct_reject,0.001436,0.0031,0.002849,0.000147,50,43
Kubernetes---kb_232_Normalized.json,Kubernetes---kb_232_Normalized.json::test_00003,invalid,passed,False,True,correct_reject,0.001436,0.001811,0.001665,8.2e-05,45,24
Kubernetes---kb_237_Normalized.json,Kubernetes---kb_237_Normalized.json::test_00000,valid,failed,False,True,over_constraint,0.028651,0.005269,0.004601,0.000403,101,51
Kubernetes---kb_237_Normalized.json,Kubernetes---kb_237_Normalized.json::test_00001,valid,failed,False,True,over_constraint,0.028651,0.003878,0.003335,0.000276,93,49
Kubernetes---kb_237_Normalized.json,Kubernetes---kb_237_Normalized.json::test_00002,invalid,passed,False,True,correct_reject,0.028651,0.000515,0.000461,3.4e-05,98,6
Kubernetes---kb_237_Normalized.json,Kubernetes---kb_237_Normalized.json::test_00003,invalid,passed,False,True,correct_reject,0.028651,0.000553,0.000496,3.5e-05,93,6
Kubernetes---kb_237_Normalized.json,Kubernetes---kb_237_Normalized.json::test_00004,invalid,passed,False,True,correct_reject,0.028651,0.000557,0.000498,3.6e-05,94,6
Kubernetes---kb_23_Normalized.json,Kubernetes---kb_23_Normalized.json::test_00000,valid,failed,False,True,over_constraint,0.002861,0.002504,0.002124,0.000137,257,31
Kubernetes---kb_23_Normalized.json,Kubernetes---kb_23_Normalized.json::test_00001,invalid,passed,False,True,correct_reject,0.002861,0.000603,0.000539,3.6e-05,256,6
Kubernetes---kb_23_Normalized.json,Kubernetes---kb_23_Normalized.json::test_00002,invalid,passed,False,True,correct_reject,0.002861,0.000558,0.000497,3.6e-05,104,6
Kubernetes---kb_23_Normalized.json,Kubernetes---kb_23_Normalized.json::test_00003,invalid,passed,False,True,correct_reject,0.002861,0.001932,0.001599,0.000126,269,31
Kubernetes---kb_240_Normalized.json,Kubernetes---kb_240_Normalized.json::test_00000,valid,failed,False,True,over_constraint,0.022812,0.004738,0.004116,0.000395,97,51
Kubernetes---kb_240_Normalized.json,Kubernetes---kb_240_Normalized.json::test_00001,valid,failed,False,True,over_constraint,0.022812,0.002989,0.002591,0.000177,95,49
Kubernetes---kb_240_Normalized.json,Kubernetes---kb_240_Normalized.json::test_00002,invalid,passed,False,True,correct_reject,0.022812,0.000421,0.00038,2.4e-05,94,6
Kubernetes---kb_240_Normalized.json,Kubernetes---kb_240_Normalized.json::test_00003,invalid,passed,False,True,correct_reject,0.022812,0.000502,0.000451,3.1e-05,95,6
Kubernetes---kb_241_Normalized.json,Kubernetes---kb_241_Normalized.json::test_00000,valid,passed,True,True,correct_accept,0.002496,0.007967,0.006959,0.000741,121,121
Kubernetes---kb_241_Normalized.json,Kubernetes---kb_241_Normalized.json::test_00001,invalid,passed,False,True,correct_reject,0.002496,0.000476,0.000427,2.9e-05,121,5
Kubernetes---kb_241_Normalized.json,Kubernetes---kb_241_Normalized.json::test_00002,invalid,passed,False,True,correct_reject,0.002496,0.003108,0.002802,0.000182,115,49
Kubernetes---kb_241_Normalized.json,Kubernetes---kb_241_Normalized.json::test_00003,invalid,passed,False,True,correct_reject,0.002496,0.000595,0.000531,3.8e-05,121,5
Kubernetes---kb_241_Normalized.json,Kubernetes---kb_241_Normalized.json::test_00004,invalid,passed,False,True,correct_reject,0.002496,0.003538,0.003224,0.000184,115,53
Kubernetes---kb_241_Normalized.json,Kubernetes---kb_241_Normalized.json::test_00005,valid,passed,True,True,correct_accept,0.002496,0.007167,0.006462,0.000414,122,122
Kubernetes---kb_241_Normalized.json,Kubernetes---kb_241_Normalized.json::test_00006,invalid,passed,False,True,correct_reject,0.002496,0.007135,0.006451,0.000403,122,120
Kubernetes---kb_241_Normalized.json,Kubernetes---kb_241_Normalized.json::test_00007,invalid,passed,False,True,correct_reject,0.002496,0.000518,0.000462,3.4e-05,115,5
Kubernetes---kb_244_Normalized.json,Kubernetes---kb_244_Normalized.json::test_00000,valid,passed,True,True,correct_accept,0.001981,0.011553,0.010247,0.000914,171,171
Kubernetes---kb_244_Normalized.json,Kubernetes---kb_244_Normalized.json::test_00001,invalid,passed,False,True,correct_reject,0.001981,0.000499,0.000435,4.4e-05,171,5
Kubernetes---kb_244_Normalized.json,Kubernetes---kb_244_Normalized.json::test_00002,invalid,passed,False,True,correct_reject,0.001981,0.008599,0.007895,0.000393,214,152
Kubernetes---kb_244_Normalized.json,Kubernetes---kb_244_Normalized.json::test_00003,valid,passed,True,True,correct_accept,0.001981,0.006445,0.005813,0.000372,121,121
Kubernetes---kb_244_Normalized.json,Kubernetes---kb_244_Normalized.json::test_00004,invalid,passed,False,True,correct_reject,0.001981,0.000457,0.000408,2.9e-05,121,5
Kubernetes---kb_244_Normalized.json,Kubernetes---kb_244_Normalized.json::test_00005,invalid,passed,False,True,correct_reject,0.001981,0.006071,0.005472,0.00035,121,119
Kubernetes---kb_245_Normalized.json,Kubernetes---kb_245_Normalized.json::test_00000,valid,failed,False,True,over_constraint,0.001351,0.002347,0.001934,0.000255,19,16
Kubernetes---kb_245_Normalized.json,Kubernetes---kb_245_Normalized.json::test_00001,invalid,passed,False,True,correct_reject,0.001351,0.000578,0.000532,2.7e-05,17,5
Kubernetes---kb_245_Normalized.json,Kubernetes---kb_245_Normalized.json::test_00002,invalid,passed,False,True,correct_reject,0.001351,0.000711,0.000555,2.8e-05,21,5
Kubernetes---kb_248_Normalized.json,Kubernetes---kb_248_Normalized.json::test_00000,valid,failed,False,True,over_constraint,0.00145,0.002339,0.001916,0.000263,19,16
Kubernetes---kb_248_Normalized.json,Kubernetes---kb_248_Normalized.json::test_00001,invalid,passed,False,True,correct_reject,0.00145,0.000562,0.000515,2.7e-05,17,5
Kubernetes---kb_248_Normalized.json,Kubernetes---kb_248_Normalized.json::test_00002,invalid,passed,False,True,correct_reject,0.00145,0.000691,0.00054,2.8e-05,21,5
Kubernetes---kb_249_Normalized.json,Kubernetes---kb_249_Normalized.json::test_00000,valid,failed,False,True,over_constraint,0.0021,0.0042,0.003648,0.000351,67,34
Kubernetes---kb_249_Normalized.json,Kubernetes---kb_249_Normalized.json::test_00001,invalid,passed,False,True,correct_reject,0.0021,0.00252,0.00222,0.000113,67,34
Kubernetes---kb_249_Normalized.json,Kubernetes---kb_249_Normalized.json::test_00002,invalid,passed,False,True,correct_reject,0.0021,0.000636,0.000584,3.1e-05,66,6
Kubernetes---kb_249_Normalized.json,Kubernetes---kb_249_Normalized.json::test_00003,invalid,passed,False,True,correct_reject,0.0021,0.002535,0.002237,0.000115,68,34
Kubernetes---kb_249_Normalized.json,Kubernetes---kb_249_Normalized.json::test_00004,valid,failed,False,True,over_constraint,0.0021,0.00379,0.0033,0.000282,74,50
Kubernetes---kb_249_Normalized.json,Kubernetes---kb_249_Normalized.json::test_00005,invalid,passed,False,True,correct_reject,0.0021,0.000588,0.000544,2.6e-05,78,5
Kubernetes---kb_249_Normalized.json,Kubernetes---kb_249_Normalized.json::test_00006,invalid,passed,False,True,correct_reject,0.0021,0.000672,0.000612,3.6e-05,74,7
Kubernetes---kb_24_Normalized.json,Kubernetes---kb_24_Normalized.json::test_00000,valid,failed,False,True,over_constraint,0.005353,0.022121,0.019948,0.001533,397,250
Kubernetes---kb_24_Normalized.json,Kubernetes---kb_24_Normalized.json::test_00001,invalid,passed,False,True,correct_reject,0.005353,0.000631,0.000581,3.1e-05,389,6
Kubernetes---kb_24_Normalized.json,Kubernetes---kb_24_Normalized.json::test_00002,invalid,passed,False,True,correct_reject,0.005353,0.001555,0.001371,0.000122,399,16
Kubernetes---kb_24_Normalized.json,Kubernetes---kb_24_Normalized.json::test_00003,invalid,passed,False,True,correct_reject,0.005353,0.007081,0.006598,0.00028,398,100
Kubernetes---kb_24_Normalized.json,Kubernetes---kb_24_Normalized.json::test_00004,invalid,passed,False,True,correct_reject,0.005353,0.007312,0.006814,0.000287,459,100
Kubernetes---kb_250_Normalized.json,Kubernetes---kb_250_Normalized.json::test_00000,valid,passed,True,True,correct_accept,0.00193,0.006978,0.005883,0.000928,58,58
Kubernetes---kb_250_Normalized.json,Kubernetes---kb_250_Normalized.json::test_00001,invalid,passed,False,True,correct_reject,0.00193,0.001788,0.001651,8.7e-05,58,22
Kubernetes---kb_250_Normalized.json,Kubernetes---kb_250_Normalized.json::test_00002,invalid,passed,False,True,correct_reject,0.00193,0.000752,0.000684,4.1e-05,57,6
Kubernetes---kb_250_Normalized.json,Kubernetes---kb_250_Normalized.json::test_00003,invalid,passed,False,True,correct_reject,0.00193,0.00234,0.002106,0.000153,59,22
Kubernetes---kb_250_Normalized.json,Kubernetes---kb_250_Normalized.json::test_00004,invalid,passed,False,True,correct_reject,0.00193,0.003307,0.003016,0.000179,60,42
Kubernetes---kb_250_Normalized.json,Kubernetes---kb_250_Normalized.json::test_00005,valid,passed,True,True,correct_accept,0.00193,0.004785,0.004401,0.00024,60,60
Kubernetes---kb_250_Normalized.json,Kubernetes---kb_250_Normalized.json::test_00006,invalid,passed,False,True,correct_reject,0.00193,0.002165,0.00193,0.000148,60,25
Kubernetes---kb_250_Normalized.json,Kubernetes---kb_250_Normalized.json::test_00007,invalid,passed,False,True,correct_reject,0.00193,0.001824,0.001626,0.000122,64,25
Kubernetes---kb_251_Normalized.json,Kubernetes---kb_251_Normalized.json::test_00000,valid,failed,False,True,over_constraint,0.019804,0.001275,0.001023,0.000141,89,5
Kubernetes---kb_251_Normalized.json,Kubernetes---kb_251_Normalized.json::test_00001,valid,failed,False,True,over_constraint,0.019804,0.000699,0.000565,2.9e-05,102,5
Kubernetes---kb_255_Normalized.json,Kubernetes---kb_255_Normalized.json::test_00000,valid,failed,False,True,over_constraint,0.020595,0.00159,0.00118,0.000137,102,5
Kubernetes---kb_256_Normalized.json,Kubernetes---kb_256_Normalized.json::test_00000,valid,failed,False,True,over_constraint,0.00149,0.003786,0.00343,0.000138,70,68
Kubernetes---kb_256_Normalized.json,Kubernetes---kb_256_Normalized.json::test_00001,invalid,passed,False,True,correct_reject,0.00149,0.002395,0.002187,0.000109,68,44
Kubernetes---kb_256_Normalized.json,Kubernetes---kb_256_Normalized.json::test_00002,valid,passed,True,True,correct_accept,0.00149,0.003317,0.003049,0.000128,69,69
Kubernetes---kb_256_Normalized.json,Kubernetes---kb_256_Normalized.json::test_00003,invalid,passed,False,True,correct_reject,0.00149,0.000273,0.000251,1.2e-05,69,2
Kubernetes---kb_257_Normalized.json,Kubernetes---kb_257_Normalized.json::test_00000,valid,passed,True,True,correct_accept,0.001385,0.004002,0.003679,0.000172,70,70
Kubernetes---kb_257_Normalized.json,Kubernetes---kb_257_Normalized.json::test_00001,invalid,passed,False,True,correct_reject,0.001385,0.007645,0.007361,0.000164,67,44
Kubernetes---kb_257_Normalized.json,Kubernetes---kb_257_Normalized.json::test_00002,invalid,passed,False,True,correct_reject,0.001385,0.003109,0.002862,0.000115,70,63
Kubernetes---kb_257_Normalized.json,Kubernetes---kb_257_Normalized.json::test_00003,valid,passed,True,True,correct_accept,0.001385,0.006117,0.005479,0.000414,72,72
Kubernetes---kb_258_Normalized.json,Kubernetes---kb_258_Normalized.json::test_00000,valid,passed,True,True,correct_accept,0.00151,0.003955,0.00366,0.000157,72,72
Kubernetes---kb_258_Normalized.json,Kubernetes---kb_258_Normalized.json::test_00001,invalid,passed,False,True,correct_reject,0.00151,0.00272,0.002438,0.000157,67,44
Kubernetes---kb_258_Normalized.json,Kubernetes---kb_258_Normalized.json::test_00002,valid,failed,False,True,over_constraint,0.00151,0.003369,0.003021,0.000122,70,68
Kubernetes---kb_258_Normalized.json,Kubernetes---kb_258_Normalized.json::test_00003,invalid,passed,False,True,correct_reject,0.00151,0.003019,0.00278,0.000111,70,62
Kubernetes---kb_258_Normalized.json,Kubernetes---kb_258_Normalized.json::test_00004,invalid,passed,False,True,correct_reject,0.00151,0.003723,0.003321,0.000231,70,62
Kubernetes---kb_259_Normalized.json,Kubernetes---kb_259_Normalized.json::test_00000,valid,passed,True,True,correct_accept,0.001401,0.005164,0.004788,0.000217,70,70
Kubernetes---kb_259_Normalized.json,Kubernetes---kb_259_Normalized.json::test_00001,invalid,passed,False,True,correct_reject,0.001401,0.002938,0.002717,0.000123,67,44
Kubernetes---kb_259_Normalized.json,Kubernetes---kb_259_Normalized.json::test_00002,invalid,passed,False,True,correct_reject,0.001401,0.003904,0.00361,0.000164,70,63
Kubernetes---kb_259_Normalized.json,Kubernetes---kb_259_Normalized.json::test_00003,valid,passed,True,True,correct_accept,0.001401,0.003433,0.003156,0.000133,69,69
Kubernetes---kb_259_Normalized.json,Kubernetes---kb_259_Normalized.json::test_00004,invalid,passed,False,True,correct_reject,0.001401,0.000283,0.000261,1.2e-05,68,2
Kubernetes---kb_259_Normalized.json,Kubernetes---kb_259_Normalized.json::test_00005,invalid,passed,False,True,correct_reject,0.001401,0.000288,0.000266,1.2e-05,58,2
Kubernetes---kb_25_Normalized.json,Kubernetes---kb_25_Normalized.json::test_00000,valid,failed,False,True,over_constraint,0.002846,0.0032,0.002779,0.000247,462,39
Kubernetes---kb_25_Normalized.json,Kubernetes---kb_25_Normalized.json::test_00001,invalid,passed,False,True,correct_reject,0.002846,0.000594,0.000548,2.7e-05,451,6
Kubernetes---kb_25_Normalized.json,Kubernetes---kb_25_Normalized.json::test_00002,invalid,passed,False,True,correct_reject,0.002846,0.001083,0.000977,5.9e-05,460,16
Kubernetes---kb_25_Normalized.json,Kubernetes---kb_25_Normalized.json::test_00003,invalid,passed,False,True,correct_reject,0.002846,0.00053,0.000489,2.4e-05,451,6
Kubernetes---kb_25_Normalized.json,Kubernetes---kb_25_Normalized.json::test_00004,invalid,passed,False,True,correct_reject,0.002846,0.002837,0.00247,0.000176,468,39
Kubernetes---kb_25_Normalized.json,Kubernetes---kb_25_Normalized.json::test_00005,invalid,passed,False,True,correct_reject,0.002846,0.002349,0.002049,0.000118,559,39
Kubernetes---kb_25_Normalized.json,Kubernetes---kb_25_Normalized.json::test_00006,invalid,passed,False,True,correct_reject,0.002846,0.002172,0.001894,0.000105,463,39
Kubernetes---kb_260_Normalized.json,Kubernetes---kb_260_Normalized.json::test_00000,valid,passed,True,True,correct_accept,0.00111,0.004552,0.004177,0.000212,72,72
Kubernetes---kb_260_Normalized.json,Kubernetes---kb_260_Normalized.json::test_00001,invalid,passed,False,True,correct_reject,0.00111,0.002315,0.002139,8.7e-05,67,44
Kubernetes---kb_260_Normalized.json,Kubernetes---kb_260_Normalized.json::test_00002,invalid,passed,False,True,correct_reject,0.00111,0.003265,0.002992,0.00013,72,65
Kubernetes---kb_260_Normalized.json,Kubernetes---kb_260_Normalized.json::test_00003,valid,passed,True,True,correct_accept,0.00111,0.004705,0.004352,0.000198,69,69
Kubernetes---kb_260_Normalized.json,Kubernetes---kb_260_Normalized.json::test_00004,invalid,passed,False,True,correct_reject,0.00111,0.000235,0.000216,1.1e-05,69,2
Kubernetes---kb_260_Normalized.json,Kubernetes---kb_260_Normalized.json::test_00005,invalid,passed,False,True,correct_reject,0.00111,0.000252,0.000232,1.1e-05,57,2
Kubernetes---kb_269_Normalized.json,Kubernetes---kb_269_Normalized.json::test_00000,valid,failed,False,True,over_constraint,0.018294,0.005052,0.004357,0.000444,132,79
Kubernetes---kb_269_Normalized.json,Kubernetes---kb_269_Normalized.json::test_00001,valid,failed,False,True,over_constraint,0.018294,0.005117,0.004491,0.000312,129,78
Kubernetes---kb_269_Normalized.json,Kubernetes---kb_269_Normalized.json::test_00002,invalid,passed,False,True,correct_reject,0.018294,0.00042,0.000379,2.4e-05,129,6
Kubernetes---kb_26_Normalized.json,Kubernetes---kb_26_Normalized.json::test_00000,valid,failed,False,True,over_constraint,0.00364,0.016032,0.014503,0.000992,700,215
Kubernetes---kb_26_Normalized.json,Kubernetes---kb_26_Normalized.json::test_00001,invalid,passed,False,True,correct_reject,0.00364,0.000576,0.000533,2.5e-05,689,6
Kubernetes---kb_26_Normalized.json,Kubernetes---kb_26_Normalized.json::test_00002,invalid,passed,False,True,correct_reject,0.00364,0.006339,0.005942,0.000201,707,103
Kubernetes---kb_26_Normalized.json,Kubernetes---kb_26_Normalized.json::test_00003,invalid,passed,False,True,correct_reject,0.00364,0.006269,0.005869,0.000191,709,103
Kubernetes---kb_26_Normalized.json,Kubernetes---kb_26_Normalized.json::test_00004,invalid,passed,False,True,correct_reject,0.00364,0.000547,0.000504,2.4e-05,691,6
Kubernetes---kb_26_Normalized.json,Kubernetes---kb_26_Normalized.json::test_00005,invalid,passed,False,True,correct_reject,0.00364,0.006264,0.005877,0.000191,708,103
Kubernetes---kb_26_Normalized.json,Kubernetes---kb_26_Normalized.json::test_00006,invalid,passed,False,True,correct_reject,0.00364,0.013658,0.012761,0.000376,645,215
Kubernetes---kb_273_Normalized.json,Kubernetes---kb_273_Normalized.json::test_00000,valid,failed,False,True,over_constraint,0.019406,0.006048,0.005207,0.000553,130,78
Kubernetes---kb_273_Normalized.json,Kubernetes---kb_273_Normalized.json::test_00001,valid,failed,False,True,over_constraint,0.019406,0.003619,0.003179,0.000198,134,79
Kubernetes---kb_274_Normalized.json,Kubernetes---kb_274_Normalized.json::test_00000,valid,failed,False,True,over_constraint,0.002049,0.012993,0.011674,0.000805,209,166
Kubernetes---kb_274_Normalized.json,Kubernetes---kb_274_Normalized.json::test_00001,invalid,passed,False,True,correct_reject,0.002049,0.000802,0.000741,3.6e-05,209,6
Kubernetes---kb_274_Normalized.json,Kubernetes---kb_274_Normalized.json::test_00002,invalid,passed,False,True,correct_reject,0.002049,0.000821,0.000756,3.8e-05,209,6
Kubernetes---kb_274_Normalized.json,Kubernetes---kb_274_Normalized.json::test_00003,invalid,passed,False,True,correct_reject,0.002049,0.010848,0.010023,0.000466,202,161
Kubernetes---kb_274_Normalized.json,Kubernetes---kb_274_Normalized.json::test_00004,invalid,passed,False,True,correct_reject,0.002049,0.012277,0.011166,0.000573,288,166
Kubernetes---kb_274_Normalized.json,Kubernetes---kb_274_Normalized.json::test_00005,valid,failed,False,True,over_constraint,0.002049,0.012761,0.011656,0.000561,211,168
Kubernetes---kb_274_Normalized.json,Kubernetes---kb_274_Normalized.json::test_00006,invalid,passed,False,True,correct_reject,0.002049,0.000829,0.000763,3.9e-05,210,6
Kubernetes---kb_274_Normalized.json,Kubernetes---kb_274_Normalized.json::test_00007,invalid,passed,False,True,correct_reject,0.002049,0.001427,0.001303,7.9e-05,212,13
Kubernetes---kb_274_Normalized.json,Kubernetes---kb_274_Normalized.json::test_00008,invalid,passed,False,True,correct_reject,0.002049,0.012482,0.011508,0.000558,209,168
Kubernetes---kb_278_Normalized.json,Kubernetes---kb_278_Normalized.json::test_00000,valid,failed,False,True,over_constraint,0.002253,0.015819,0.014125,0.001084,209,166
Kubernetes---kb_278_Normalized.json,Kubernetes---kb_278_Normalized.json::test_00001,invalid,passed,False,True,correct_reject,0.002253,0.000845,0.00078,3.9e-05,209,6
Kubernetes---kb_278_Normalized.json,Kubernetes---kb_278_Normalized.json::test_00002,invalid,passed,False,True,correct_reject,0.002253,0.000801,0.000739,3.7e-05,209,6
Kubernetes---kb_278_Normalized.json,Kubernetes---kb_278_Normalized.json::test_00003,invalid,passed,False,True,correct_reject,0.002253,0.012386,0.011314,0.000538,283,166
Kubernetes---kb_278_Normalized.json,Kubernetes---kb_278_Normalized.json::test_00004,valid,failed,False,True,over_constraint,0.002253,0.012226,0.011151,0.00054,207,164
Kubernetes---kb_278_Normalized.json,Kubernetes---kb_278_Normalized.json::test_00005,invalid,passed,False,True,correct_reject,0.002253,0.000951,0.00087,5.2e-05,78,8
Kubernetes---kb_278_Normalized.json,Kubernetes---kb_278_Normalized.json::test_00006,invalid,passed,False,True,correct_reject,0.002253,0.000798,0.000735,3.8e-05,207,6
Kubernetes---kb_279_Normalized.json,Kubernetes---kb_279_Normalized.json::test_00000,valid,failed,False,True,over_constraint,0.001601,0.003472,0.002916,0.00035,27,24
Kubernetes---kb_279_Normalized.json,Kubernetes---kb_279_Normalized.json::test_00001,invalid,passed,False,True,correct_reject,0.001601,0.000847,0.000775,4.5e-05,25,5
Kubernetes---kb_279_Normalized.json,Kubernetes---kb_279_Normalized.json::test_00002,invalid,passed,False,True,correct_reject,0.001601,0.000796,0.00063,3.2e-05,29,5
Kubernetes---kb_27_Normalized.json,Kubernetes---kb_27_Normalized.json::test_00000,valid,passed,True,True,correct_accept,0.001619,0.005101,0.00472,0.000236,49,49
Kubernetes---kb_27_Normalized.json,Kubernetes---kb_27_Normalized.json::test_00001,invalid,passed,False,True,correct_reject,0.001619,0.002262,0.002083,0.000104,46,25
Kubernetes---kb_27_Normalized.json,Kubernetes---kb_27_Normalized.json::test_00002,valid,passed,True,True,correct_accept,0.001619,0.003523,0.003235,0.000166,49,49
Kubernetes---kb_27_Normalized.json,Kubernetes---kb_27_Normalized.json::test_00003,invalid,passed,False,True,correct_reject,0.001619,0.000346,0.000316,1.7e-05,49,2
Kubernetes---kb_283_Normalized.json,Kubernetes---kb_283_Normalized.json::test_00000,valid,failed,False,True,over_constraint,0.001489,0.003537,0.00298,0.000364,27,24
Kubernetes---kb_283_Normalized.json,Kubernetes---kb_283_Normalized.json::test_00001,invalid,passed,False,True,correct_reject,0.001489,0.000562,0.00052,2.4e-05,31,4
Kubernetes---kb_283_Normalized.json,Kubernetes---kb_283_Normalized.json::test_00002,invalid,passed,False,True,correct_reject,0.001489,0.000791,0.000622,3.1e-05,29,5
Kubernetes---kb_284_Normalized.json,Kubernetes---kb_284_Normalized.json::test_00000,valid,failed,False,True,over_constraint,0.001995,0.005035,0.004359,0.000414,104,54
Kubernetes---kb_284_Normalized.json,Kubernetes---kb_284_Normalized.json::test_00001,valid,failed,False,True,over_constraint,0.001995,0.004315,0.003797,0.000239,103,67
Kubernetes---kb_284_Normalized.json,Kubernetes---kb_284_Normalized.json::test_00002,invalid,passed,False,True,correct_reject,0.001995,0.000572,0.000527,2.6e-05,6,4
Kubernetes---kb_285_Normalized.json,Kubernetes---kb_285_Normalized.json::test_00000,valid,failed,False,True,over_constraint,0.002098,0.004826,0.004204,0.000362,106,54
Kubernetes---kb_285_Normalized.json,Kubernetes---kb_285_Normalized.json::test_00001,valid,failed,False,True,over_constraint,0.002098,0.004335,0.00381,0.000239,105,67
Kubernetes---kb_285_Normalized.json,Kubernetes---kb_285_Normalized.json::test_00002,invalid,passed,False,True,correct_reject,0.002098,0.00062,0.000567,3.3e-05,6,5
Kubernetes---kb_286_Normalized.json,Kubernetes---kb_286_Normalized.json::test_00000,valid,failed,False,True,over_constraint,0.002053,0.004169,0.003623,0.00031,62,45
Kubernetes---kb_286_Normalized.json,Kubernetes---kb_286_Normalized.json::test_00001,invalid,passed,False,True,correct_reject,0.002053,0.001522,0.00136,9.6e-05,67,24
Kubernetes---kb_286_Normalized.json,Kubernetes---kb_286_Normalized.json::test_00002,invalid,passed,False,True,correct_reject,0.002053,0.002848,0.002466,0.000161,60,45
Kubernetes---kb_286_Normalized.json,Kubernetes---kb_286_Normalized.json::test_00003,invalid,passed,False,True,correct_reject,0.002053,0.001105,0.000984,7.3e-05,60,17
Kubernetes---kb_287_Normalized.json,Kubernetes---kb_287_Normalized.json::test_00000,valid,failed,False,True,over_constraint,0.002494,0.004861,0.004261,0.000347,62,45
Kubernetes---kb_287_Normalized.json,Kubernetes---kb_287_Normalized.json::test_00001,valid,failed,False,True,over_constraint,0.002494,0.004269,0.003635,0.000338,61,44
Kubernetes---kb_287_Normalized.json,Kubernetes---kb_287_Normalized.json::test_00002,invalid,passed,False,True,correct_reject,0.002494,0.001545,0.001386,9.7e-05,59,24
Kubernetes---kb_288_Normalized.json,Kubernetes---kb_288_Normalized.json::test_00000,valid,failed,False,True,over_constraint,0.002261,0.005732,0.004889,0.000539,78,61
Kubernetes---kb_288_Normalized.json,Kubernetes---kb_288_Normalized.json::test_00001,valid,failed,False,True,over_constraint,0.002261,0.004885,0.004311,0.000276,107,75
Kubernetes---kb_288_Normalized.json,Kubernetes---kb_288_Normalized.json::test_00002,invalid,passed,False,True,correct_reject,0.002261,0.004817,0.004245,0.000278,111,76
Kubernetes---kb_288_Normalized.json,Kubernetes---kb_288_Normalized.json::test_00003,invalid,passed,False,True,correct_reject,0.002261,0.002782,0.002504,0.000169,109,45
Kubernetes---kb_289_Normalized.json,Kubernetes---kb_289_Normalized.json::test_00000,valid,failed,False,True,over_constraint,0.002198,0.007899,0.006789,0.000721,105,75
Kubernetes---kb_289_Normalized.json,Kubernetes---kb_289_Normalized.json::test_00001,valid,failed,False,True,over_constraint,0.002198,0.005221,0.0045,0.000365,106,74
Kubernetes---kb_289_Normalized.json,Kubernetes---kb_289_Normalized.json::test_00002,invalid,passed,False,True,correct_reject,0.002198,0.00067,0.00062,3.1e-05,106,5
Kubernetes---kb_289_Normalized.json,Kubernetes---kb_289_Normalized.json::test_00003,invalid,passed,False,True,correct_reject,0.002198,0.000622,0.000577,2.9e-05,109,5
Kubernetes---kb_289_Normalized.json,Kubernetes---kb_289_Normalized.json::test_00004,invalid,passed,False,True,correct_reject,0.002198,0.002651,0.002375,0.000168,104,45
Kubernetes---kb_28_Normalized.json,Kubernetes---kb_28_Normalized.json::test_00000,valid,passed,True,True,correct_accept,0.001469,0.003789,0.0035,0.000173,47,47
Kubernetes---kb_28_Normalized.json,Kubernetes---kb_28_Normalized.json::test_00001,invalid,passed,False,True,correct_reject,0.001469,0.002008,0.00185,9.1e-05,44,25
Kubernetes---kb_28_Normalized.json,Kubernetes---kb_28_Normalized.json::test_00002,valid,passed,True,True,correct_accept,0.001469,0.0031,0.002845,0.000147,47,47
Kubernetes---kb_28_Normalized.json,Kubernetes---kb_28_Normalized.json::test_00003,invalid,passed,False,True,correct_reject,0.001469,0.000353,0.000326,1.6e-05,47,2
Kubernetes---kb_290_Normalized.json,Kubernetes---kb_290_Normalized.json::test_00000,valid,passed,True,True,correct_accept,0.00145,0.00204,0.00182,0.000176,14,14
Kubernetes---kb_290_Normalized.json,Kubernetes---kb_290_Normalized.json::test_00001,invalid,passed,False,True,correct_reject,0.00145,0.000573,0.00053,2.6e-05,13,4
Kubernetes---kb_290_Normalized.json,Kubernetes---kb_290_Normalized.json::test_00002,invalid,passed,False,True,correct_reject,0.00145,0.000618,0.000566,3.1e-05,13,4
Kubernetes---kb_291_Normalized.json,Kubernetes---kb_291_Normalized.json::test_00000,valid,passed,True,True,correct_accept,0.001995,0.002697,0.002387,0.000256,14,14
Kubernetes---kb_291_Normalized.json,Kubernetes---kb_291_Normalized.json::test_00001,invalid,passed,False,True,correct_reject,0.001995,0.000614,0.000562,3.1e-05,13,4
Kubernetes---kb_293_Normalized.json,Kubernetes---kb_293_Normalized.json::test_00000,valid,failed,False,True,over_constraint,0.002641,0.009736,0.008649,0.000752,139,82
Kubernetes---kb_293_Normalized.json,Kubernetes---kb_293_Normalized.json::test_00001,invalid,passed,False,True,correct_reject,0.002641,0.001304,0.001205,5.8e-05,134,14
Kubernetes---kb_293_Normalized.json,Kubernetes---kb_293_Normalized.json::test_00002,invalid,passed,False,True,correct_reject,0.002641,0.001299,0.001199,6e-05,143,14
Kubernetes---kb_293_Normalized.json,Kubernetes---kb_293_Normalized.json::test_00003,invalid,passed,False,True,correct_reject,0.002641,0.000584,0.000525,3.7e-05,134,5
Kubernetes---kb_293_Normalized.json,Kubernetes---kb_293_Normalized.json::test_00004,valid,passed,True,True,correct_accept,0.002641,0.012328,0.011486,0.000527,127,127
Kubernetes---kb_293_Normalized.json,Kubernetes---kb_293_Normalized.json::test_00005,invalid,passed,False,True,correct_reject,0.002641,0.001276,0.001181,5.7e-05,121,14
Kubernetes---kb_294_Normalized.json,Kubernetes---kb_294_Normalized.json::test_00000,valid,passed,True,True,correct_accept,0.002005,0.011992,0.010854,0.000843,127,127
Kubernetes---kb_294_Normalized.json,Kubernetes---kb_294_Normalized.json::test_00001,invalid,passed,False,True,correct_reject,0.002005,0.001973,0.001837,7.7e-05,131,23
Kubernetes---kb_294_Normalized.json,Kubernetes---kb_294_Normalized.json::test_00002,invalid,passed,False,True,correct_reject,0.002005,0.001285,0.001186,5.5e-05,131,14
Kubernetes---kb_294_Normalized.json,Kubernetes---kb_294_Normalized.json::test_00003,invalid,passed,False,True,correct_reject,0.002005,0.010254,0.009539,0.000412,134,133
Kubernetes---kb_294_Normalized.json,Kubernetes---kb_294_Normalized.json::test_00004,invalid,passed,False,True,correct_reject,0.002005,0.001299,0.001199,5.6e-05,122,14
Kubernetes---kb_294_Normalized.json,Kubernetes---kb_294_Normalized.json::test_00005,valid,passed,True,True,correct_accept,0.002005,0.01025,0.009538,0.000425,126,126
Kubernetes---kb_295_Normalized.json,Kubernetes---kb_295_Normalized.json::test_00000,valid,failed,False,True,over_constraint,0.001914,0.001083,0.000929,4.7e-05,99,8
Kubernetes---kb_295_Normalized.json,Kubernetes---kb_295_Normalized.json::test_00001,invalid,passed,False,True,correct_reject,0.001914,0.000526,0.000474,3e-05,98,5
Kubernetes---kb_295_Normalized.json,Kubernetes---kb_295_Normalized.json::test_00002,invalid,passed,False,True,correct_reject,0.001914,0.000796,0.000721,4.5e-05,87,9
Kubernetes---kb_295_Normalized.json,Kubernetes---kb_295_Normalized.json::test_00003,valid,failed,False,True,over_constraint,0.001914,0.000981,0.000773,5.9e-05,94,8
Kubernetes---kb_295_Normalized.json,Kubernetes---kb_295_Normalized.json::test_00004,invalid,passed,False,True,correct_reject,0.001914,0.000474,0.000427,2.6e-05,92,4
Kubernetes---kb_296_Normalized.json,Kubernetes---kb_296_Normalized.json::test_00000,valid,failed,False,True,over_constraint,0.001779,0.001155,0.000997,4.8e-05,100,8
Kubernetes---kb_296_Normalized.json,Kubernetes---kb_296_Normalized.json::test_00001,invalid,passed,False,True,correct_reject,0.001779,0.000482,0.000433,2.8e-05,98,4
Kubernetes---kb_296_Normalized.json,Kubernetes---kb_296_Normalized.json::test_00002,invalid,passed,False,True,correct_reject,0.001779,0.000967,0.00086,6.6e-05,88,9
Kubernetes---kb_296_Normalized.json,Kubernetes---kb_296_Normalized.json::test_00003,invalid,passed,False,True,correct_reject,0.001779,0.000543,0.000488,3.1e-05,99,5
Kubernetes---kb_296_Normalized.json,Kubernetes---kb_296_Normalized.json::test_00004,valid,failed,False,True,over_constraint,0.001779,0.000911,0.000755,4.9e-05,94,8
Kubernetes---kb_296_Normalized.json,Kubernetes---kb_296_Normalized.json::test_00005,invalid,passed,False,True,correct_reject,0.001779,0.000507,0.000454,3.1e-05,93,5
Kubernetes---kb_297_Normalized.json,Kubernetes---kb_297_Normalized.json::test_00000,valid,passed,True,True,correct_accept,0.001284,0.001036,0.000922,9e-05,5,5
Kubernetes---kb_297_Normalized.json,Kubernetes---kb_297_Normalized.json::test_00001,invalid,passed,False,True,correct_reject,0.001284,0.000653,0.000598,3.2e-05,6,4
Kubernetes---kb_297_Normalized.json,Kubernetes---kb_297_Normalized.json::test_00002,invalid,passed,False,True,correct_reject,0.001284,0.000671,0.000614,3.4e-05,6,5
Kubernetes---kb_298_Normalized.json,Kubernetes---kb_298_Normalized.json::test_00000,valid,passed,True,True,correct_accept,0.001232,0.001046,0.000931,9.3e-05,5,5
Kubernetes---kb_298_Normalized.json,Kubernetes---kb_298_Normalized.json::test_00001,invalid,passed,False,True,correct_reject,0.001232,0.00062,0.000572,2.8e-05,6,4
Kubernetes---kb_298_Normalized.json,Kubernetes---kb_298_Normalized.json::test_00002,invalid,passed,False,True,correct_reject,0.001232,0.000651,0.000598,3e-05,6,5
Kubernetes---kb_299_Normalized.json,Kubernetes---kb_299_Normalized.json::test_00000,valid,passed,True,True,correct_accept,0.001787,0.001196,0.001061,0.000106,5,5
Kubernetes---kb_299_Normalized.json,Kubernetes---kb_299_Normalized.json::test_00001,invalid,passed,False,True,correct_reject,0.001787,0.000763,0.000697,4e-05,6,4
Kubernetes---kb_299_Normalized.json,Kubernetes---kb_299_Normalized.json::test_00002,invalid,passed,False,True,correct_reject,0.001787,0.000695,0.000637,3.3e-05,6,5
Kubernetes---kb_299_Normalized.json,Kubernetes---kb_299_Normalized.json::test_00003,invalid,passed,False,True,correct_reject,0.001787,0.000658,0.000608,3.1e-05,5,4
Kubernetes---kb_29_Normalized.json,Kubernetes---kb_29_Normalized.json::test_00000,valid,passed,True,True,correct_accept,0.001389,0.003642,0.003343,0.000179,47,47
Kubernetes---kb_29_Normalized.json,Kubernetes---kb_29_Normalized.json::test_00001,invalid,passed,False,True,correct_reject,0.001389,0.001918,0.001767,8.6e-05,44,25
Kubernetes---kb_29_Normalized.json,Kubernetes---kb_29_Normalized.json::test_00002,invalid,passed,False,True,correct_reject,0.001389,0.002918,0.002665,0.000152,47,40
Kubernetes---kb_29_Normalized.json,Kubernetes---kb_29_Normalized.json::test_00003,valid,passed,True,True,correct_accept,0.001389,0.003324,0.003048,0.000163,47,47
Kubernetes---kb_29_Normalized.json,Kubernetes---kb_29_Normalized.json::test_00004,invalid,passed,False,True,correct_reject,0.001389,0.002004,0.001844,8.9e-05,45,25
Kubernetes---kb_2_Normalized.json,Kubernetes---kb_2_Normalized.json::test_00000,valid,passed,True,True,correct_accept,0.001666,0.006377,0.005495,0.000716,64,64
Kubernetes---kb_2_Normalized.json,Kubernetes---kb_2_Normalized.json::test_00001,invalid,passed,False,True,correct_reject,0.001666,0.001813,0.001673,8.8e-05,23,21
Kubernetes---kb_2_Normalized.json,Kubernetes---kb_2_Normalized.json::test_00002,invalid,passed,False,True,correct_reject,0.001666,0.000724,0.000668,3.3e-05,8,6
Kubernetes---kb_2_Normalized.json,Kubernetes---kb_2_Normalized.json::test_00003,invalid,passed,False,True,correct_reject,0.001666,0.001817,0.001667,9.1e-05,70,21
Kubernetes---kb_2_Normalized.json,Kubernetes---kb_2_Normalized.json::test_00004,invalid,passed,False,True,correct_reject,0.001666,0.002203,0.002034,0.000103,69,27
Kubernetes---kb_2_Normalized.json,Kubernetes---kb_2_Normalized.json::test_00005,invalid,passed,False,True,correct_reject,0.001666,0.002137,0.001918,0.000144,63,21
Kubernetes---kb_2_Normalized.json,Kubernetes---kb_2_Normalized.json::test_00006,valid,passed,True,True,correct_accept,0.001666,0.009018,0.008074,0.000607,109,109
Kubernetes---kb_2_Normalized.json,Kubernetes---kb_2_Normalized.json::test_00007,invalid,passed,False,True,correct_reject,0.001666,0.000784,0.000722,3.9e-05,8,7
Kubernetes---kb_2_Normalized.json,Kubernetes---kb_2_Normalized.json::test_00008,invalid,passed,False,True,correct_reject,0.001666,0.002325,0.002148,0.00011,115,28
Kubernetes---kb_300_Normalized.json,Kubernetes---kb_300_Normalized.json::test_00000,valid,passed,True,True,correct_accept,0.001416,0.00231,0.002072,0.00018,18,18
Kubernetes---kb_300_Normalized.json,Kubernetes---kb_300_Normalized.json::test_00001,invalid,passed,False,True,correct_reject,0.001416,0.000819,0.000746,4.4e-05,18,5
Kubernetes---kb_300_Normalized.json,Kubernetes---kb_300_Normalized.json::test_00002,invalid,passed,False,True,correct_reject,0.001416,0.000647,0.000593,3.3e-05,17,4
Kubernetes---kb_301_Normalized.json,Kubernetes---kb_301_Normalized.json::test_00000,valid,passed,True,True,correct_accept,0.001209,0.002392,0.002143,0.000189,26,26
Kubernetes---kb_301_Normalized.json,Kubernetes---kb_301_Normalized.json::test_00001,invalid,passed,False,True,correct_reject,0.001209,0.000683,0.000623,3.7e-05,25,5
Kubernetes---kb_301_Normalized.json,Kubernetes---kb_301_Normalized.json::test_00002,valid,passed,True,True,correct_accept,0.001209,0.001789,0.001636,9.6e-05,27,27
Kubernetes---kb_301_Normalized.json,Kubernetes---kb_301_Normalized.json::test_00003,invalid,passed,False,True,correct_reject,0.001209,0.001654,0.001517,8e-05,28,26
Kubernetes---kb_302_Normalized.json,Kubernetes---kb_302_Normalized.json::test_00000,valid,passed,True,True,correct_accept,0.001606,0.002264,0.002074,0.000128,26,26
Kubernetes---kb_302_Normalized.json,Kubernetes---kb_302_Normalized.json::test_00001,invalid,passed,False,True,correct_reject,0.001606,0.000475,0.000423,3e-05,26,6
Kubernetes---kb_302_Normalized.json,Kubernetes---kb_302_Normalized.json::test_00002,invalid,passed,False,True,correct_reject,0.001606,0.00114,0.001006,8.2e-05,27,18
Kubernetes---kb_302_Normalized.json,Kubernetes---kb_302_Normalized.json::test_00003,invalid,passed,False,True,correct_reject,0.001606,0.000467,0.000422,2.6e-05,25,5
Kubernetes---kb_303_Normalized.json,Kubernetes---kb_303_Normalized.json::test_00000,valid,passed,True,True,correct_accept,0.001317,0.003145,0.002844,0.000231,26,26
Kubernetes---kb_303_Normalized.json,Kubernetes---kb_303_Normalized.json::test_00001,invalid,passed,False,True,correct_reject,0.001317,0.000659,0.000612,2.8e-05,25,5
Kubernetes---kb_303_Normalized.json,Kubernetes---kb_303_Normalized.json::test_00002,invalid,passed,False,True,correct_reject,0.001317,0.001906,0.001755,9e-05,25,24
Kubernetes---kb_304_Normalized.json,Kubernetes---kb_304_Normalized.json::test_00000,valid,failed,False,True,over_constraint,0.002879,0.00437,0.003829,0.000379,205,49
Kubernetes---kb_304_Normalized.json,Kubernetes---kb_304_Normalized.json::test_00001,invalid,passed,False,True,correct_reject,0.002879,0.003045,0.002771,0.000169,193,50
Kubernetes---kb_304_Normalized.json,Kubernetes---kb_304_Normalized.json::test_00002,invalid,passed,False,True,correct_reject,0.002879,0.002816,0.002545,0.00014,206,48
Kubernetes---kb_304_Normalized.json,Kubernetes---kb_304_Normalized.json::test_00003,valid,failed,False,True,over_constraint,0.002879,0.002735,0.002471,0.000136,173,48
Kubernetes---kb_304_Normalized.json,Kubernetes---kb_304_Normalized.json::test_00004,invalid,passed,False,True,correct_reject,0.002879,0.002759,0.00249,0.000135,173,48
Kubernetes---kb_305_Normalized.json,Kubernetes---kb_305_Normalized.json::test_00000,valid,failed,False,True,over_constraint,0.003002,0.005753,0.005084,0.000474,205,49
Kubernetes---kb_305_Normalized.json,Kubernetes---kb_305_Normalized.json::test_00001,invalid,passed,False,True,correct_reject,0.003002,0.003646,0.003306,0.000192,204,48
Kubernetes---kb_305_Normalized.json,Kubernetes---kb_305_Normalized.json::test_00002,valid,failed,False,True,over_constraint,0.003002,0.003921,0.003565,0.00019,152,48
Kubernetes---kb_305_Normalized.json,Kubernetes---kb_305_Normalized.json::test_00003,invalid,passed,False,True,correct_reject,0.003002,0.002888,0.002621,0.000133,161,48
Kubernetes---kb_307_Normalized.json,Kubernetes---kb_307_Normalized.json::test_00000,valid,failed,False,True,over_constraint,0.003817,0.030264,0.027184,0.00225,433,335
Kubernetes---kb_307_Normalized.json,Kubernetes---kb_307_Normalized.json::test_00001,invalid,passed,False,True,correct_reject,0.003817,0.000453,0.000406,2.7e-05,432,6
Kubernetes---kb_307_Normalized.json,Kubernetes---kb_307_Normalized.json::test_00002,invalid,passed,False,True,correct_reject,0.003817,0.01787,0.01653,0.000663,433,335
Kubernetes---kb_307_Normalized.json,Kubernetes---kb_307_Normalized.json::test_00003,invalid,passed,False,True,correct_reject,0.003817,0.008311,0.007671,0.000368,443,129
Kubernetes---kb_307_Normalized.json,Kubernetes---kb_307_Normalized.json::test_00004,valid,passed,True,True,correct_accept,0.003817,0.016577,0.015262,0.000693,309,309
Kubernetes---kb_307_Normalized.json,Kubernetes---kb_307_Normalized.json::test_00005,invalid,passed,False,True,correct_reject,0.003817,0.000338,0.000313,1.4e-05,309,2
Kubernetes---kb_308_Normalized.json,Kubernetes---kb_308_Normalized.json::test_00000,valid,failed,False,True,over_constraint,0.003838,0.02996,0.026794,0.002331,454,353
Kubernetes---kb_308_Normalized.json,Kubernetes---kb_308_Normalized.json::test_00001,invalid,passed,False,True,correct_reject,0.003838,0.000522,0.000469,3e-05,453,6
Kubernetes---kb_308_Normalized.json,Kubernetes---kb_308_Normalized.json::test_00002,invalid,passed,False,True,correct_reject,0.003838,0.02422,0.02248,0.000973,454,353
Kubernetes---kb_308_Normalized.json,Kubernetes---kb_308_Normalized.json::test_00003,invalid,passed,False,True,correct_reject,0.003838,0.009335,0.008667,0.000386,462,139
Kubernetes---kb_308_Normalized.json,Kubernetes---kb_308_Normalized.json::test_00004,valid,passed,True,True,correct_accept,0.003838,0.012333,0.011308,0.000643,178,178
Kubernetes---kb_308_Normalized.json,Kubernetes---kb_308_Normalized.json::test_00005,invalid,passed,False,True,correct_reject,0.003838,0.000356,0.00033,1.5e-05,179,2
Kubernetes---kb_30_Normalized.json,Kubernetes---kb_30_Normalized.json::test_00000,valid,failed,False,True,over_constraint,0.005964,0.009762,0.008762,0.00063,273,134
Kubernetes---kb_30_Normalized.json,Kubernetes---kb_30_Normalized.json::test_00001,invalid,passed,False,True,correct_reject,0.005964,0.008606,0.007837,0.000382,175,134
Kubernetes---kb_30_Normalized.json,Kubernetes---kb_30_Normalized.json::test_00002,invalid,passed,False,True,correct_reject,0.005964,0.009196,0.008469,0.000357,271,134
Kubernetes---kb_30_Normalized.json,Kubernetes---kb_30_Normalized.json::test_00003,valid,failed,False,True,over_constraint,0.005964,0.009681,0.008891,0.000399,293,123
Kubernetes---kb_30_Normalized.json,Kubernetes---kb_30_Normalized.json::test_00004,invalid,passed,False,True,correct_reject,0.005964,0.009786,0.008971,0.000418,295,123
Kubernetes---kb_310_Normalized.json,Kubernetes---kb_310_Normalized.json::test_00000,valid,passed,True,True,correct_accept,0.003402,0.021577,0.019421,0.001478,333,333
Kubernetes---kb_310_Normalized.json,Kubernetes---kb_310_Normalized.json::test_00001,invalid,passed,False,True,correct_reject,0.003402,0.015002,0.013958,0.000512,333,269
Kubernetes---kb_310_Normalized.json,Kubernetes---kb_310_Normalized.json::test_00002,invalid,passed,False,True,correct_reject,0.003402,0.014885,0.013784,0.000557,331,284
Kubernetes---kb_310_Normalized.json,Kubernetes---kb_310_Normalized.json::test_00003,invalid,passed,False,True,correct_reject,0.003402,0.009209,0.008227,0.000602,263,134
Kubernetes---kb_310_Normalized.json,Kubernetes---kb_310_Normalized.json::test_00004,invalid,passed,False,True,correct_reject,0.003402,0.00779,0.007185,0.000301,341,158
Kubernetes---kb_310_Normalized.json,Kubernetes---kb_310_Normalized.json::test_00005,valid,passed,True,True,correct_accept,0.003402,0.018352,0.016997,0.000672,347,347
Kubernetes---kb_310_Normalized.json,Kubernetes---kb_310_Normalized.json::test_00006,invalid,passed,False,True,correct_reject,0.003402,0.016328,0.015129,0.000589,372,308
Kubernetes---kb_310_Normalized.json,Kubernetes---kb_310_Normalized.json::test_00007,invalid,passed,False,True,correct_reject,0.003402,0.003964,0.003594,0.000211,313,77
Kubernetes---kb_311_Normalized.json,Kubernetes---kb_311_Normalized.json::test_00000,valid,failed,False,True,over_constraint,0.003362,0.033101,0.029767,0.002239,656,492
Kubernetes---kb_311_Normalized.json,Kubernetes---kb_311_Normalized.json::test_00001,invalid,passed,False,True,correct_reject,0.003362,0.000551,0.00049,3.9e-05,648,6
Kubernetes---kb_311_Normalized.json,Kubernetes---kb_311_Normalized.json::test_00002,invalid,passed,False,True,correct_reject,0.003362,0.008129,0.007511,0.000309,664,158
Kubernetes---kb_311_Normalized.json,Kubernetes---kb_311_Normalized.json::test_00003,invalid,passed,False,True,correct_reject,0.003362,0.003234,0.002963,0.000142,657,67
Kubernetes---kb_312_Normalized.json,Kubernetes---kb_312_Normalized.json::test_00000,valid,failed,False,True,over_constraint,0.004681,0.004474,0.003916,0.000372,193,57
Kubernetes---kb_312_Normalized.json,Kubernetes---kb_312_Normalized.json::test_00001,invalid,passed,False,True,correct_reject,0.004681,0.002966,0.002658,0.000144,218,57
Kubernetes---kb_312_Normalized.json,Kubernetes---kb_312_Normalized.json::test_00002,invalid,passed,False,True,correct_reject,0.004681,0.004062,0.003725,0.000208,181,58
Kubernetes---kb_312_Normalized.json,Kubernetes---kb_312_Normalized.json::test_00003,invalid,passed,False,True,correct_reject,0.004681,0.002973,0.002664,0.000144,218,57
Kubernetes---kb_312_Normalized.json,Kubernetes---kb_312_Normalized.json::test_00004,invalid,passed,False,True,correct_reject,0.004681,0.002945,0.002635,0.000148,187,57
Kubernetes---kb_313_Normalized.json,Kubernetes---kb_313_Normalized.json::test_00000,valid,failed,False,True,over_constraint,0.003261,0.004728,0.004144,0.000399,212,57
Kubernetes---kb_313_Normalized.json,Kubernetes---kb_313_Normalized.json::test_00001,invalid,passed,False,True,correct_reject,0.003261,0.004573,0.004127,0.000243,212,57
Kubernetes---kb_313_Normalized.json,Kubernetes---kb_313_Normalized.json::test_00002,invalid,passed,False,True,correct_reject,0.003261,0.003871,0.003452,0.000261,200,58
Kubernetes---kb_313_Normalized.json,Kubernetes---kb_313_Normalized.json::test_00003,invalid,passed,False,True,correct_reject,0.003261,0.004148,0.003618,0.000292,237,57
Kubernetes---kb_313_Normalized.json,Kubernetes---kb_313_Normalized.json::test_00004,invalid,passed,False,True,correct_reject,0.003261,0.00394,0.003606,0.000197,171,58
Kubernetes---kb_314_Normalized.json,Kubernetes---kb_314_Normalized.json::test_00000,valid,failed,False,True,over_constraint,0.002971,0.002224,0.001921,0.000193,293,11
Kubernetes---kb_314_Normalized.json,Kubernetes---kb_314_Normalized.json::test_00001,invalid,passed,False,True,correct_reject,0.002971,0.000529,0.000481,3e-05,143,4
Kubernetes---kb_314_Normalized.json,Kubernetes---kb_314_Normalized.json::test_00002,invalid,passed,False,True,correct_reject,0.002971,0.000894,0.000801,5.9e-05,281,12
Kubernetes---kb_314_Normalized.json,Kubernetes---kb_314_Normalized.json::test_00003,invalid,passed,False,True,correct_reject,0.002971,0.000841,0.000711,4.4e-05,263,11
Kubernetes---kb_314_Normalized.json,Kubernetes---kb_314_Normalized.json::test_00004,valid,failed,False,True,over_constraint,0.002971,0.000796,0.000676,4.2e-05,299,11
Kubernetes---kb_314_Normalized.json,Kubernetes---kb_314_Normalized.json::test_00005,invalid,passed,False,True,correct_reject,0.002971,0.000821,0.000695,4.3e-05,326,11
Kubernetes---kb_315_Normalized.json,Kubernetes---kb_315_Normalized.json::test_00000,valid,failed,False,True,over_constraint,0.002455,0.001785,0.00154,0.00015,302,11
Kubernetes---kb_315_Normalized.json,Kubernetes---kb_315_Normalized.json::test_00001,invalid,passed,False,True,correct_reject,0.002455,0.000419,0.000387,1.8e-05,147,4
Kubernetes---kb_315_Normalized.json,Kubernetes---kb_315_Normalized.json::test_00002,invalid,passed,False,True,correct_reject,0.002455,0.000781,0.000703,4.7e-05,290,12
Kubernetes---kb_315_Normalized.json,Kubernetes---kb_315_Normalized.json::test_00003,valid,failed,False,True,over_constraint,0.002455,0.000532,0.000436,3.4e-05,274,4
Kubernetes---kb_315_Normalized.json,Kubernetes---kb_315_Normalized.json::test_00004,invalid,passed,False,True,correct_reject,0.002455,0.000509,0.00043,2.8e-05,204,4
Kubernetes---kb_315_Normalized.json,Kubernetes---kb_315_Normalized.json::test_00005,invalid,passed,False,True,correct_reject,0.002455,0.00088,0.00078,6.1e-05,269,12
Kubernetes---kb_316_Normalized.json,Kubernetes---kb_316_Normalized.json::test_00000,valid,failed,False,True,over_constraint,0.00172,0.001514,0.001265,0.000128,41,11
Kubernetes---kb_316_Normalized.json,Kubernetes---kb_316_Normalized.json::test_00001,invalid,passed,False,True,correct_reject,0.00172,0.001207,0.001015,5.2e-05,40,11
Kubernetes---kb_316_Normalized.json,Kubernetes---kb_316_Normalized.json::test_00002,invalid,passed,False,True,correct_reject,0.00172,0.000851,0.000772,4.7e-05,39,10
Kubernetes---kb_317_Normalized.json,Kubernetes---kb_317_Normalized.json::test_00000,valid,failed,False,True,over_constraint,0.001183,0.001486,0.00125,0.000123,41,11
Kubernetes---kb_317_Normalized.json,Kubernetes---kb_317_Normalized.json::test_00001,invalid,passed,False,True,correct_reject,0.001183,0.000961,0.000811,4.2e-05,40,11
Kubernetes---kb_317_Normalized.json,Kubernetes---kb_317_Normalized.json::test_00002,invalid,passed,False,True,correct_reject,0.001183,0.001097,0.001011,5.3e-05,39,10
Kubernetes---kb_317_Normalized.json,Kubernetes---kb_317_Normalized.json::test_00003,valid,failed,False,True,over_constraint,0.001183,0.001446,0.00119,7.9e-05,41,11
Kubernetes---kb_317_Normalized.json,Kubernetes---kb_317_Normalized.json::test_00004,invalid,passed,False,True,correct_reject,0.001183,0.000981,0.000904,4.6e-05,39,10
Kubernetes---kb_318_Normalized.json,Kubernetes---kb_318_Normalized.json::test_00000,valid,failed,False,True,over_constraint,0.002562,0.004004,0.003484,0.000292,37,30
Kubernetes---kb_318_Normalized.json,Kubernetes---kb_318_Normalized.json::test_00001,invalid,passed,False,True,correct_reject,0.002562,0.000603,0.000542,3.4e-05,42,4
Kubernetes---kb_319_Normalized.json,Kubernetes---kb_319_Normalized.json::test_00000,valid,failed,False,True,over_constraint,0.002984,0.004271,0.003762,0.000287,37,30
Kubernetes---kb_319_Normalized.json,Kubernetes---kb_319_Normalized.json::test_00001,invalid,passed,False,True,correct_reject,0.002984,0.001974,0.001795,0.000112,36,22
Kubernetes---kb_319_Normalized.json,Kubernetes---kb_319_Normalized.json::test_00002,invalid,passed,False,True,correct_reject,0.002984,0.002329,0.001912,0.000227,41,22
Kubernetes---kb_319_Normalized.json,Kubernetes---kb_319_Normalized.json::test_00003,invalid,passed,False,True,correct_reject,0.002984,0.001942,0.001773,0.000103,36,22
Kubernetes---kb_31_Normalized.json,Kubernetes---kb_31_Normalized.json::test_00000,valid,failed,False,True,over_constraint,0.004484,0.014693,0.01317,0.001043,301,129
Kubernetes---kb_31_Normalized.json,Kubernetes---kb_31_Normalized.json::test_00001,invalid,passed,False,True,correct_reject,0.004484,0.011747,0.010727,0.000536,300,129
Kubernetes---kb_31_Normalized.json,Kubernetes---kb_31_Normalized.json::test_00002,valid,failed,False,True,over_constraint,0.004484,0.011043,0.010151,0.000453,303,129
Kubernetes---kb_31_Normalized.json,Kubernetes---kb_31_Normalized.json::test_00003,invalid,passed,False,True,correct_reject,0.004484,0.011198,0.010261,0.000475,303,129
Kubernetes---kb_320_Normalized.json,Kubernetes---kb_320_Normalized.json::test_00000,valid,failed,False,True,over_constraint,0.002426,0.003704,0.003168,0.000278,98,19
Kubernetes---kb_320_Normalized.json,Kubernetes---kb_320_Normalized.json::test_00001,invalid,passed,False,True,correct_reject,0.002426,0.001125,0.00103,6e-05,118,11
Kubernetes---kb_321_Normalized.json,Kubernetes---kb_321_Normalized.json::test_00000,valid,failed,False,True,over_constraint,0.0025,0.002864,0.002467,0.000219,98,19
Kubernetes---kb_321_Normalized.json,Kubernetes---kb_321_Normalized.json::test_00001,invalid,passed,False,True,correct_reject,0.0025,0.001589,0.001213,0.000205,30,11
Kubernetes---kb_321_Normalized.json,Kubernetes---kb_321_Normalized.json::test_00002,invalid,passed,False,True,correct_reject,0.0025,0.002361,0.001996,0.000144,91,16
Kubernetes---kb_322_Normalized.json,Kubernetes---kb_322_Normalized.json::test_00000,valid,failed,False,True,over_constraint,0.010512,0.007948,0.007073,0.000519,143,33
Kubernetes---kb_322_Normalized.json,Kubernetes---kb_322_Normalized.json::test_00001,valid,failed,False,True,over_constraint,0.010512,0.004317,0.003834,0.00022,146,52
Kubernetes---kb_322_Normalized.json,Kubernetes---kb_322_Normalized.json::test_00002,invalid,passed,False,True,correct_reject,0.010512,0.001083,0.000889,4.4e-05,146,9
Kubernetes---kb_322_Normalized.json,Kubernetes---kb_322_Normalized.json::test_00003,invalid,passed,False,True,correct_reject,0.010512,0.001145,0.000942,4.6e-05,159,9
Kubernetes---kb_323_Normalized.json,Kubernetes---kb_323_Normalized.json::test_00000,valid,failed,False,True,over_constraint,0.008227,0.005563,0.004967,0.000329,142,52
Kubernetes---kb_323_Normalized.json,Kubernetes---kb_323_Normalized.json::test_00001,valid,failed,False,True,over_constraint,0.008227,0.003893,0.003456,0.000196,143,52
Kubernetes---kb_323_Normalized.json,Kubernetes---kb_323_Normalized.json::test_00002,invalid,passed,False,True,correct_reject,0.008227,0.001091,0.000895,4.5e-05,163,9
Kubernetes---kb_323_Normalized.json,Kubernetes---kb_323_Normalized.json::test_00003,invalid,passed,False,True,correct_reject,0.008227,0.001129,0.000931,4.6e-05,143,9
Kubernetes---kb_323_Normalized.json,Kubernetes---kb_323_Normalized.json::test_00004,invalid,passed,False,True,correct_reject,0.008227,0.000383,0.000342,2.8e-05,6,2
Kubernetes---kb_324_Normalized.json,Kubernetes---kb_324_Normalized.json::test_00000,valid,failed,False,True,over_constraint,0.004386,0.01278,0.011494,0.000869,292,117
Kubernetes---kb_324_Normalized.json,Kubernetes---kb_324_Normalized.json::test_00001,invalid,passed,False,True,correct_reject,0.004386,0.010009,0.009187,0.000412,292,117
Kubernetes---kb_324_Normalized.json,Kubernetes---kb_324_Normalized.json::test_00002,invalid,passed,False,True,correct_reject,0.004386,0.009785,0.008999,0.000397,316,117
Kubernetes---kb_324_Normalized.json,Kubernetes---kb_324_Normalized.json::test_00003,invalid,passed,False,True,correct_reject,0.004386,0.000576,0.000517,3.7e-05,284,6
Kubernetes---kb_325_Normalized.json,Kubernetes---kb_325_Normalized.json::test_00000,valid,failed,False,True,over_constraint,0.004511,0.003174,0.002696,0.000268,464,26
Kubernetes---kb_325_Normalized.json,Kubernetes---kb_325_Normalized.json::test_00001,invalid,passed,False,True,correct_reject,0.004511,0.002427,0.001995,0.000172,464,26
Kubernetes---kb_325_Normalized.json,Kubernetes---kb_325_Normalized.json::test_00002,invalid,passed,False,True,correct_reject,0.004511,0.002791,0.002358,0.000167,462,26
Kubernetes---kb_325_Normalized.json,Kubernetes---kb_325_Normalized.json::test_00003,invalid,passed,False,True,correct_reject,0.004511,0.001992,0.001681,0.000113,485,26
Kubernetes---kb_325_Normalized.json,Kubernetes---kb_325_Normalized.json::test_00004,invalid,passed,False,True,correct_reject,0.004511,0.001996,0.001683,0.000115,463,26
Kubernetes---kb_326_Normalized.json,Kubernetes---kb_326_Normalized.json::test_00000,valid,failed,False,True,over_constraint,0.004415,0.023169,0.020358,0.002163,380,193
Kubernetes---kb_326_Normalized.json,Kubernetes---kb_326_Normalized.json::test_00001,invalid,passed,False,True,correct_reject,0.004415,0.005354,0.004919,0.000265,394,68
Kubernetes---kb_326_Normalized.json,Kubernetes---kb_326_Normalized.json::test_00002,invalid,passed,False,True,correct_reject,0.004415,0.000548,0.000494,3.3e-05,380,5
Kubernetes---kb_326_Normalized.json,Kubernetes---kb_326_Normalized.json::test_00003,invalid,passed,False,True,correct_reject,0.004415,0.016532,0.015071,0.000844,399,193
Kubernetes---kb_326_Normalized.json,Kubernetes---kb_326_Normalized.json::test_00004,invalid,passed,False,True,correct_reject,0.004415,0.015418,0.014219,0.000652,381,193
Kubernetes---kb_326_Normalized.json,Kubernetes---kb_326_Normalized.json::test_00005,invalid,passed,False,True,correct_reject,0.004415,0.001974,0.0018,0.000104,369,27
Kubernetes---kb_327_Normalized.json,Kubernetes---kb_327_Normalized.json::test_00000,valid,failed,False,True,over_constraint,0.004749,0.013435,0.012044,0.000936,364,135
Kubernetes---kb_327_Normalized.json,Kubernetes---kb_327_Normalized.json::test_00001,invalid,passed,False,True,correct_reject,0.004749,0.011915,0.010758,0.000644,363,135
Kubernetes---kb_327_Normalized.json,Kubernetes---kb_327_Normalized.json::test_00002,invalid,passed,False,True,correct_reject,0.004749,0.016765,0.015091,0.001033,357,135
Kubernetes---kb_327_Normalized.json,Kubernetes---kb_327_Normalized.json::test_00003,invalid,passed,False,True,correct_reject,0.004749,0.00106,0.000926,8e-05,63,19
Kubernetes---kb_327_Normalized.json,Kubernetes---kb_327_Normalized.json::test_00004,invalid,passed,False,True,correct_reject,0.004749,0.002518,0.002241,0.000168,345,41
Kubernetes---kb_328_Normalized.json,Kubernetes---kb_328_Normalized.json::test_00000,valid,failed,False,True,over_constraint,0.006179,0.027909,0.025064,0.001947,443,313
Kubernetes---kb_328_Normalized.json,Kubernetes---kb_328_Normalized.json::test_00001,invalid,passed,False,True,correct_reject,0.006179,0.02404,0.022164,0.001035,442,313
Kubernetes---kb_328_Normalized.json,Kubernetes---kb_328_Normalized.json::test_00002,invalid,passed,False,True,correct_reject,0.006179,0.000489,0.000441,3e-05,441,5
Kubernetes---kb_328_Normalized.json,Kubernetes---kb_328_Normalized.json::test_00003,invalid,passed,False,True,correct_reject,0.006179,0.00929,0.008561,0.000429,137,134
Kubernetes---kb_328_Normalized.json,Kubernetes---kb_328_Normalized.json::test_00004,valid,failed,False,True,over_constraint,0.006179,0.005969,0.005336,0.0003,458,87
Kubernetes---kb_328_Normalized.json,Kubernetes---kb_328_Normalized.json::test_00005,invalid,passed,False,True,correct_reject,0.006179,0.005617,0.005027,0.000271,457,87
Kubernetes---kb_328_Normalized.json,Kubernetes---kb_328_Normalized.json::test_00006,invalid,passed,False,True,correct_reject,0.006179,0.005632,0.005039,0.000271,184,87
Kubernetes---kb_328_Normalized.json,Kubernetes---kb_328_Normalized.json::test_00007,invalid,passed,False,True,correct_reject,0.006179,0.000574,0.00051,3.7e-05,100,7
Kubernetes---kb_329_Normalized.json,Kubernetes---kb_329_Normalized.json::test_00000,valid,failed,False,True,over_constraint,0.004713,0.01481,0.013399,0.000935,374,138
Kubernetes---kb_329_Normalized.json,Kubernetes---kb_329_Normalized.json::test_00001,invalid,passed,False,True,correct_reject,0.004713,0.011416,0.010513,0.000464,373,138
Kubernetes---kb_329_Normalized.json,Kubernetes---kb_329_Normalized.json::test_00002,invalid,passed,False,True,correct_reject,0.004713,0.011603,0.010683,0.000455,373,138
Kubernetes---kb_329_Normalized.json,Kubernetes---kb_329_Normalized.json::test_00003,valid,failed,False,True,over_constraint,0.004713,0.010926,0.010064,0.000438,375,138
Kubernetes---kb_329_Normalized.json,Kubernetes---kb_329_Normalized.json::test_00004,invalid,passed,False,True,correct_reject,0.004713,0.004731,0.004373,0.000206,375,62
Kubernetes---kb_32_Normalized.json,Kubernetes---kb_32_Normalized.json::test_00000,valid,failed,False,True,over_constraint,0.004765,0.014863,0.013409,0.000965,314,137
Kubernetes---kb_32_Normalized.json,Kubernetes---kb_32_Normalized.json::test_00001,invalid,passed,False,True,correct_reject,0.004765,0.011572,0.010712,0.000436,313,137
Kubernetes---kb_32_Normalized.json,Kubernetes---kb_32_Normalized.json::test_00002,invalid,passed,False,True,correct_reject,0.004765,0.011538,0.010691,0.000419,214,137
Kubernetes---kb_32_Normalized.json,Kubernetes---kb_32_Normalized.json::test_00003,invalid,passed,False,True,correct_reject,0.004765,0.011626,0.010757,0.00043,301,137
Kubernetes---kb_330_Normalized.json,Kubernetes---kb_330_Normalized.json::test_00000,valid,failed,False,True,over_constraint,0.001925,0.004979,0.004405,0.000268,37,35
Kubernetes---kb_330_Normalized.json,Kubernetes---kb_330_Normalized.json::test_00001,invalid,passed,False,True,correct_reject,0.001925,0.000479,0.000437,2.5e-05,37,4
Kubernetes---kb_330_Normalized.json,Kubernetes---kb_330_Normalized.json::test_00002,invalid,passed,False,True,correct_reject,0.001925,0.002351,0.002158,0.000113,36,35
Kubernetes---kb_330_Normalized.json,Kubernetes---kb_330_Normalized.json::test_00003,valid,failed,False,True,over_constraint,0.001925,0.002618,0.002297,0.000119,37,35
Kubernetes---kb_330_Normalized.json,Kubernetes---kb_330_Normalized.json::test_00004,invalid,passed,False,True,correct_reject,0.001925,0.000509,0.000464,2.7e-05,37,4
Kubernetes---kb_330_Normalized.json,Kubernetes---kb_330_Normalized.json::test_00005,invalid,passed,False,True,correct_reject,0.001925,0.000525,0.000478,2.7e-05,37,4
Kubernetes---kb_331_Normalized.json,Kubernetes---kb_331_Normalized.json::test_00000,valid,passed,True,True,correct_accept,0.001493,0.004458,0.004027,0.000331,37,37
Kubernetes---kb_331_Normalized.json,Kubernetes---kb_331_Normalized.json::test_00001,invalid,passed,False,True,correct_reject,0.001493,0.000587,0.000543,2.5e-05,37,4
Kubernetes---kb_331_Normalized.json,Kubernetes---kb_331_Normalized.json::test_00002,invalid,passed,False,True,correct_reject,0.001493,0.00071,0.000651,3.6e-05,39,6
Kubernetes---kb_331_Normalized.json,Kubernetes---kb_331_Normalized.json::test_00003,invalid,passed,False,True,correct_reject,0.001493,0.000627,0.000579,2.8e-05,42,4
Kubernetes---kb_332_Normalized.json,Kubernetes---kb_332_Normalized.json::test_00000,valid,failed,False,True,over_constraint,0.001435,0.003182,0.002822,0.000141,37,35
Kubernetes---kb_332_Normalized.json,Kubernetes---kb_332_Normalized.json::test_00001,invalid,passed,False,True,correct_reject,0.001435,0.000578,0.00052,3.4e-05,37,4
Kubernetes---kb_332_Normalized.json,Kubernetes---kb_332_Normalized.json::test_00002,invalid,passed,False,True,correct_reject,0.001435,0.000495,0.000448,2.7e-05,37,4
Kubernetes---kb_332_Normalized.json,Kubernetes---kb_332_Normalized.json::test_00003,invalid,passed,False,True,correct_reject,0.001435,0.000727,0.000646,4.8e-05,39,6
Kubernetes---kb_333_Normalized.json,Kubernetes---kb_333_Normalized.json::test_00000,valid,passed,True,True,correct_accept,0.001332,0.002114,0.001906,0.000161,14,14
Kubernetes---kb_333_Normalized.json,Kubernetes---kb_333_Normalized.json::test_00001,invalid,passed,False,True,correct_reject,0.001332,0.000697,0.000641,3.2e-05,13,5
Kubernetes---kb_333_Normalized.json,Kubernetes---kb_333_Normalized.json::test_00002,valid,passed,True,True,correct_accept,0.001332,0.001612,0.001478,8.9e-05,15,15
Kubernetes---kb_333_Normalized.json,Kubernetes---kb_333_Normalized.json::test_00003,invalid,passed,False,True,correct_reject,0.001332,0.000697,0.000643,3.2e-05,14,5
Kubernetes---kb_333_Normalized.json,Kubernetes---kb_333_Normalized.json::test_00004,invalid,passed,False,True,correct_reject,0.001332,0.000684,0.00063,3.2e-05,14,5
Kubernetes---kb_334_Normalized.json,Kubernetes---kb_334_Normalized.json::test_00000,valid,passed,True,True,correct_accept,0.001434,0.002422,0.002185,0.000187,14,14
Kubernetes---kb_334_Normalized.json,Kubernetes---kb_334_Normalized.json::test_00001,invalid,passed,False,True,correct_reject,0.001434,0.000734,0.000676,3.6e-05,13,5
Kubernetes---kb_334_Normalized.json,Kubernetes---kb_334_Normalized.json::test_00002,valid,passed,True,True,correct_accept,0.001434,0.001409,0.001299,6.9e-05,14,14
Kubernetes---kb_334_Normalized.json,Kubernetes---kb_334_Normalized.json::test_00003,invalid,passed,False,True,correct_reject,0.001434,0.00067,0.000616,3.2e-05,13,5
Kubernetes---kb_334_Normalized.json,Kubernetes---kb_334_Normalized.json::test_00004,invalid,passed,False,True,correct_reject,0.001434,0.000658,0.000604,3.2e-05,13,5
Kubernetes---kb_335_Normalized.json,Kubernetes---kb_335_Normalized.json::test_00000,valid,passed,True,True,correct_accept,0.003697,0.008992,0.008112,0.000659,86,86
Kubernetes---kb_335_Normalized.json,Kubernetes---kb_335_Normalized.json::test_00001,invalid,passed,False,True,correct_reject,0.003697,0.003298,0.002988,0.000192,92,39
Kubernetes---kb_335_Normalized.json,Kubernetes---kb_335_Normalized.json::test_00002,valid,passed,True,True,correct_accept,0.003697,0.007808,0.006993,0.000604,86,86
Kubernetes---kb_335_Normalized.json,Kubernetes---kb_335_Normalized.json::test_00003,invalid,passed,False,True,correct_reject,0.003697,0.003069,0.002807,0.000164,86,39
Kubernetes---kb_336_Normalized.json,Kubernetes---kb_336_Normalized.json::test_00000,valid,failed,False,True,over_constraint,0.004204,0.008338,0.007428,0.000603,117,75
Kubernetes---kb_336_Normalized.json,Kubernetes---kb_336_Normalized.json::test_00001,invalid,passed,False,True,correct_reject,0.004204,0.003632,0.003328,0.000195,124,39
Kubernetes---kb_336_Normalized.json,Kubernetes---kb_336_Normalized.json::test_00002,invalid,passed,False,True,correct_reject,0.004204,0.003446,0.003183,0.000163,124,39
Kubernetes---kb_336_Normalized.json,Kubernetes---kb_336_Normalized.json::test_00003,valid,failed,False,True,over_constraint,0.004204,0.017397,0.016473,0.000606,408,67
Kubernetes---kb_337_Normalized.json,Kubernetes---kb_337_Normalized.json::test_00000,valid,passed,True,True,correct_accept,0.001353,0.002929,0.002613,0.000245,19,19
Kubernetes---kb_337_Normalized.json,Kubernetes---kb_337_Normalized.json::test_00001,invalid,passed,False,True,correct_reject,0.001353,0.000974,0.000895,4.9e-05,19,10
Kubernetes---kb_337_Normalized.json,Kubernetes---kb_337_Normalized.json::test_00002,invalid,passed,False,True,correct_reject,0.001353,0.001736,0.001561,0.000119,14,13
Kubernetes---kb_337_Normalized.json,Kubernetes---kb_337_Normalized.json::test_00003,valid,passed,True,True,correct_accept,0.001353,0.001597,0.001473,7.6e-05,17,17
Kubernetes---kb_337_Normalized.json,Kubernetes---kb_337_Normalized.json::test_00004,invalid,passed,False,True,correct_reject,0.001353,0.001043,0.000955,5.7e-05,17,9
Kubernetes---kb_337_Normalized.json,Kubernetes---kb_337_Normalized.json::test_00005,invalid,passed,False,True,correct_reject,0.001353,0.001104,0.000994,6.9e-05,17,9
Kubernetes---kb_338_Normalized.json,Kubernetes---kb_338_Normalized.json::test_00000,valid,passed,True,True,correct_accept,0.001785,0.002134,0.00193,0.000149,17,17
Kubernetes---kb_338_Normalized.json,Kubernetes---kb_338_Normalized.json::test_00001,invalid,passed,False,True,correct_reject,0.001785,0.001039,0.000954,5.1e-05,17,10
Kubernetes---kb_338_Normalized.json,Kubernetes---kb_338_Normalized.json::test_00002,invalid,passed,False,True,correct_reject,0.001785,0.001212,0.001114,6.1e-05,14,13
Kubernetes---kb_338_Normalized.json,Kubernetes---kb_338_Normalized.json::test_00003,invalid,passed,False,True,correct_reject,0.001785,0.000985,0.000907,4.9e-05,17,9
Kubernetes---kb_339_Normalized.json,Kubernetes---kb_339_Normalized.json::test_00000,valid,passed,True,True,correct_accept,0.001291,0.002831,0.002586,0.000182,22,22
Kubernetes---kb_339_Normalized.json,Kubernetes---kb_339_Normalized.json::test_00001,invalid,passed,False,True,correct_reject,0.001291,0.000643,0.000592,3e-05,16,5
Kubernetes---kb_339_Normalized.json,Kubernetes---kb_339_Normalized.json::test_00002,invalid,passed,False,True,correct_reject,0.001291,0.002062,0.001867,0.000125,18,17
Kubernetes---kb_339_Normalized.json,Kubernetes---kb_339_Normalized.json::test_00003,valid,passed,True,True,correct_accept,0.001291,0.001884,0.001751,7.9e-05,20,20
Kubernetes---kb_33_Normalized.json,Kubernetes---kb_33_Normalized.json::test_00000,valid,compile_error,,True,over_constraint,0.000468,,,,,
Kubernetes---kb_33_Normalized.json,Kubernetes---kb_33_Normalized.json::test_00001,valid,compile_error,,True,over_constraint,0.000468,,,,,
Kubernetes---kb_33_Normalized.json,Kubernetes---kb_33_Normalized.json::test_00002,invalid,compile_error,,True,correct_reject,0.000468,,,,,
Kubernetes---kb_340_Normalized.json,Kubernetes---kb_340_Normalized.json::test_00000,valid,passed,True,True,correct_accept,0.001238,0.002883,0.002608,0.000199,22,22
Kubernetes---kb_340_Normalized.json,Kubernetes---kb_340_Normalized.json::test_00001,invalid,passed,False,True,correct_reject,0.001238,0.000644,0.000595,3e-05,16,5
Kubernetes---kb_340_Normalized.json,Kubernetes---kb_340_Normalized.json::test_00002,invalid,passed,False,True,correct_reject,0.001238,0.001784,0.001654,8.2e-05,18,17
Kubernetes---kb_340_Normalized.json,Kubernetes---kb_340_Normalized.json::test_00003,valid,passed,True,True,correct_accept,0.001238,0.00176,0.001631,7.9e-05,18,18
Kubernetes---kb_340_Normalized.json,Kubernetes---kb_340_Normalized.json::test_00004,invalid,passed,False,True,correct_reject,0.001238,0.000627,0.000583,2.6e-05,16,4
Kubernetes---kb_340_Normalized.json,Kubernetes---kb_340_Normalized.json::test_00005,invalid,passed,False,True,correct_reject,0.001238,0.000657,0.000606,3.1e-05,17,5
Kubernetes---kb_341_Normalized.json,Kubernetes---kb_341_Normalized.json::test_00000,valid,passed,True,True,correct_accept,0.001927,0.002497,0.002272,0.000166,20,20
Kubernetes---kb_341_Normalized.json,Kubernetes---kb_341_Normalized.json::test_00001,invalid,passed,False,True,correct_reject,0.001927,0.000645,0.000597,3e-05,16,5
Kubernetes---kb_341_Normalized.json,Kubernetes---kb_341_Normalized.json::test_00002,invalid,passed,False,True,correct_reject,0.001927,0.001532,0.001407,7.8e-05,16,15
Kubernetes---kb_341_Normalized.json,Kubernetes---kb_341_Normalized.json::test_00003,valid,passed,True,True,correct_accept,0.001927,0.002086,0.001942,8.6e-05,22,22
Kubernetes---kb_341_Normalized.json,Kubernetes---kb_341_Normalized.json::test_00004,invalid,passed,False,True,correct_reject,0.001927,0.001576,0.001459,6.9e-05,18,17
Kubernetes---kb_342_Normalized.json,Kubernetes---kb_342_Normalized.json::test_00000,valid,passed,True,True,correct_accept,0.002011,0.004035,0.003535,0.000409,32,32
Kubernetes---kb_342_Normalized.json,Kubernetes---kb_342_Normalized.json::test_00001,invalid,passed,False,True,correct_reject,0.002011,0.000559,0.000506,3e-05,30,5
Kubernetes---kb_342_Normalized.json,Kubernetes---kb_342_Normalized.json::test_00002,invalid,passed,False,True,correct_reject,0.002011,0.002513,0.002316,0.00012,31,30
Kubernetes---kb_343_Normalized.json,Kubernetes---kb_343_Normalized.json::test_00000,valid,passed,True,True,correct_accept,0.002425,0.004189,0.003757,0.000322,40,40
Kubernetes---kb_343_Normalized.json,Kubernetes---kb_343_Normalized.json::test_00001,valid,passed,True,True,correct_accept,0.002425,0.003053,0.002786,0.000164,41,41
Kubernetes---kb_343_Normalized.json,Kubernetes---kb_343_Normalized.json::test_00002,invalid,passed,False,True,correct_reject,0.002425,0.002814,0.002568,0.000151,40,39
Kubernetes---kb_344_Normalized.json,Kubernetes---kb_344_Normalized.json::test_00000,valid,passed,True,True,correct_accept,0.002431,0.004259,0.003823,0.000325,40,40
Kubernetes---kb_344_Normalized.json,Kubernetes---kb_344_Normalized.json::test_00001,valid,passed,True,True,correct_accept,0.002431,0.002834,0.002582,0.000154,40,40
Kubernetes---kb_344_Normalized.json,Kubernetes---kb_344_Normalized.json::test_00002,invalid,passed,False,True,correct_reject,0.002431,0.002767,0.002523,0.000147,46,38
Kubernetes---kb_344_Normalized.json,Kubernetes---kb_344_Normalized.json::test_00003,invalid,passed,False,True,correct_reject,0.002431,0.00068,0.000606,4.4e-05,40,8
Kubernetes---kb_345_Normalized.json,Kubernetes---kb_345_Normalized.json::test_00000,valid,passed,True,True,correct_accept,0.001957,0.007029,0.006257,0.000585,66,66
Kubernetes---kb_345_Normalized.json,Kubernetes---kb_345_Normalized.json::test_00001,valid,passed,True,True,correct_accept,0.001957,0.002901,0.002626,0.000168,40,40
Kubernetes---kb_345_Normalized.json,Kubernetes---kb_345_Normalized.json::test_00002,invalid,passed,False,True,correct_reject,0.001957,0.000421,0.000388,2e-05,37,2
Kubernetes---kb_345_Normalized.json,Kubernetes---kb_345_Normalized.json::test_00003,invalid,passed,False,True,correct_reject,0.001957,0.000434,0.000403,1.7e-05,39,2
Kubernetes---kb_345_Normalized.json,Kubernetes---kb_345_Normalized.json::test_00004,invalid,passed,False,True,correct_reject,0.001957,0.000375,0.000348,1.5e-05,45,2
Kubernetes---kb_346_Normalized.json,Kubernetes---kb_346_Normalized.json::test_00000,valid,passed,True,True,correct_accept,0.002658,0.005942,0.005235,0.000563,49,49
Kubernetes---kb_346_Normalized.json,Kubernetes---kb_346_Normalized.json::test_00001,valid,passed,True,True,correct_accept,0.002658,0.005237,0.004809,0.000274,52,52
Kubernetes---kb_346_Normalized.json,Kubernetes---kb_346_Normalized.json::test_00002,invalid,passed,False,True,correct_reject,0.002658,0.00042,0.000387,1.9e-05,37,2
Kubernetes---kb_347_Normalized.json,Kubernetes---kb_347_Normalized.json::test_00000,valid,passed,True,True,correct_accept,0.002296,0.005514,0.004876,0.000501,52,52
Kubernetes---kb_347_Normalized.json,Kubernetes---kb_347_Normalized.json::test_00001,valid,passed,True,True,correct_accept,0.002296,0.003808,0.003496,0.000196,50,50
Kubernetes---kb_347_Normalized.json,Kubernetes---kb_347_Normalized.json::test_00002,invalid,passed,False,True,correct_reject,0.002296,0.000391,0.000359,1.7e-05,49,2
Kubernetes---kb_347_Normalized.json,Kubernetes---kb_347_Normalized.json::test_00003,invalid,passed,False,True,correct_reject,0.002296,0.000396,0.000365,1.6e-05,42,2
Kubernetes---kb_348_Normalized.json,Kubernetes---kb_348_Normalized.json::test_00000,valid,passed,True,True,correct_accept,0.001545,0.005524,0.00496,0.000435,50,50
Kubernetes---kb_348_Normalized.json,Kubernetes---kb_348_Normalized.json::test_00001,invalid,passed,False,True,correct_reject,0.001545,0.000751,0.000693,3.3e-05,49,6
Kubernetes---kb_348_Normalized.json,Kubernetes---kb_348_Normalized.json::test_00002,valid,passed,True,True,correct_accept,0.001545,0.003853,0.003569,0.000171,46,46
Kubernetes---kb_348_Normalized.json,Kubernetes---kb_348_Normalized.json::test_00003,invalid,passed,False,True,correct_reject,0.001545,0.005179,0.004818,0.000212,63,62
Kubernetes---kb_349_Normalized.json,Kubernetes---kb_349_Normalized.json::test_00000,valid,passed,True,True,correct_accept,0.001581,0.005284,0.004741,0.00042,46,46
Kubernetes---kb_349_Normalized.json,Kubernetes---kb_349_Normalized.json::test_00001,invalid,passed,False,True,correct_reject,0.001581,0.000758,0.000699,3.2e-05,45,6
Kubernetes---kb_349_Normalized.json,Kubernetes---kb_349_Normalized.json::test_00002,invalid,passed,False,True,correct_reject,0.001581,0.000766,0.000702,3.8e-05,50,5
Kubernetes---kb_34_Normalized.json,Kubernetes---kb_34_Normalized.json::test_00000,valid,compile_error,,True,over_constraint,0.000538,,,,,
Kubernetes---kb_34_Normalized.json,Kubernetes---kb_34_Normalized.json::test_00001,valid,compile_error,,True,over_constraint,0.000538,,,,,
Kubernetes---kb_34_Normalized.json,Kubernetes---kb_34_Normalized.json::test_00002,invalid,compile_error,,True,correct_reject,0.000538,,,,,
Kubernetes---kb_354_Normalized.json,Kubernetes---kb_354_Normalized.json::test_00000,valid,passed,True,True,correct_accept,0.002188,0.006106,0.005441,0.000519,56,56
Kubernetes---kb_354_Normalized.json,Kubernetes---kb_354_Normalized.json::test_00001,invalid,passed,False,True,correct_reject,0.002188,0.003285,0.003045,0.000139,63,40
Kubernetes---kb_354_Normalized.json,Kubernetes---kb_354_Normalized.json::test_00002,invalid,passed,False,True,correct_reject,0.002188,0.000558,0.000507,2.9e-05,55,5
Kubernetes---kb_354_Normalized.json,Kubernetes---kb_354_Normalized.json::test_00003,invalid,passed,False,True,correct_reject,0.002188,0.002529,0.002338,0.000114,55,32
Kubernetes---kb_354_Normalized.json,Kubernetes---kb_354_Normalized.json::test_00004,invalid,passed,False,True,correct_reject,0.002188,0.001184,0.001084,6.2e-05,57,13
Kubernetes---kb_354_Normalized.json,Kubernetes---kb_354_Normalized.json::test_00005,invalid,passed,False,True,correct_reject,0.002188,0.000538,0.000488,2.9e-05,55,5
Kubernetes---kb_355_Normalized.json,Kubernetes---kb_355_Normalized.json::test_00000,valid,passed,True,True,correct_accept,0.001619,0.00579,0.00515,0.000502,56,56
Kubernetes---kb_355_Normalized.json,Kubernetes---kb_355_Normalized.json::test_00001,invalid,passed,False,True,correct_reject,0.001619,0.000543,0.000495,3e-05,55,5
Kubernetes---kb_355_Normalized.json,Kubernetes---kb_355_Normalized.json::test_00002,invalid,passed,False,True,correct_reject,0.001619,0.002599,0.002401,0.000122,55,32
Kubernetes---kb_355_Normalized.json,Kubernetes---kb_355_Normalized.json::test_00003,invalid,passed,False,True,correct_reject,0.001619,0.00335,0.003102,0.000145,63,40
Kubernetes---kb_355_Normalized.json,Kubernetes---kb_355_Normalized.json::test_00004,invalid,passed,False,True,correct_reject,0.001619,0.000535,0.000487,2.8e-05,54,4
Kubernetes---kb_355_Normalized.json,Kubernetes---kb_355_Normalized.json::test_00005,invalid,passed,False,True,correct_reject,0.001619,0.003266,0.003012,0.000146,63,40
Kubernetes---kb_355_Normalized.json,Kubernetes---kb_355_Normalized.json::test_00006,invalid,passed,False,True,correct_reject,0.001619,0.000537,0.000487,3e-05,60,5
Kubernetes---kb_356_Normalized.json,Kubernetes---kb_356_Normalized.json::test_00000,valid,passed,True,True,correct_accept,0.001651,0.005256,0.004706,0.000422,50,50
Kubernetes---kb_356_Normalized.json,Kubernetes---kb_356_Normalized.json::test_00001,invalid,passed,False,True,correct_reject,0.001651,0.003198,0.002964,0.000136,57,40
Kubernetes---kb_356_Normalized.json,Kubernetes---kb_356_Normalized.json::test_00002,invalid,passed,False,True,correct_reject,0.001651,0.000537,0.000489,2.8e-05,49,5
Kubernetes---kb_356_Normalized.json,Kubernetes---kb_356_Normalized.json::test_00003,valid,passed,True,True,correct_accept,0.001651,0.003935,0.003625,0.000189,50,50
Kubernetes---kb_356_Normalized.json,Kubernetes---kb_356_Normalized.json::test_00004,invalid,passed,False,True,correct_reject,0.001651,0.000567,0.000516,3.1e-05,49,5
Kubernetes---kb_356_Normalized.json,Kubernetes---kb_356_Normalized.json::test_00005,invalid,passed,False,True,correct_reject,0.001651,0.003287,0.003046,0.000142,57,40
Kubernetes---kb_356_Normalized.json,Kubernetes---kb_356_Normalized.json::test_00006,invalid,passed,False,True,correct_reject,0.001651,0.000543,0.000492,2.9e-05,49,5
Kubernetes---kb_357_Normalized.json,Kubernetes---kb_357_Normalized.json::test_00000,valid,passed,True,True,correct_accept,0.001638,0.00524,0.004656,0.000452,50,50
Kubernetes---kb_357_Normalized.json,Kubernetes---kb_357_Normalized.json::test_00001,invalid,passed,False,True,correct_reject,0.001638,0.003298,0.003054,0.000142,57,40
Kubernetes---kb_357_Normalized.json,Kubernetes---kb_357_Normalized.json::test_00002,invalid,passed,False,True,correct_reject,0.001638,0.000579,0.000523,3.4e-05,49,5
Kubernetes---kb_357_Normalized.json,Kubernetes---kb_357_Normalized.json::test_00003,invalid,passed,False,True,correct_reject,0.001638,0.002583,0.002385,0.00012,49,32
Kubernetes---kb_357_Normalized.json,Kubernetes---kb_357_Normalized.json::test_00004,valid,passed,True,True,correct_accept,0.001638,0.00391,0.003595,0.000196,50,50
Kubernetes---kb_357_Normalized.json,Kubernetes---kb_357_Normalized.json::test_00005,invalid,passed,False,True,correct_reject,0.001638,0.000556,0.000506,2.9e-05,49,5
Kubernetes---kb_357_Normalized.json,Kubernetes---kb_357_Normalized.json::test_00006,invalid,passed,False,True,correct_reject,0.001638,0.003162,0.00293,0.00014,57,40
Kubernetes---kb_357_Normalized.json,Kubernetes---kb_357_Normalized.json::test_00007,invalid,passed,False,True,correct_reject,0.001638,0.002014,0.001852,9.9e-05,48,24
Kubernetes---kb_358_Normalized.json,Kubernetes---kb_358_Normalized.json::test_00000,valid,passed,True,True,correct_accept,0.001923,0.002883,0.002618,0.000197,24,24
Kubernetes---kb_358_Normalized.json,Kubernetes---kb_358_Normalized.json::test_00001,invalid,passed,False,True,correct_reject,0.001923,0.00078,0.000721,3.5e-05,7,6
Kubernetes---kb_358_Normalized.json,Kubernetes---kb_358_Normalized.json::test_00002,invalid,passed,False,True,correct_reject,0.001923,0.000811,0.000749,3.6e-05,15,6
Kubernetes---kb_359_Normalized.json,Kubernetes---kb_359_Normalized.json::test_00000,valid,passed,True,True,correct_accept,0.001502,0.002855,0.002586,0.000201,24,24
Kubernetes---kb_359_Normalized.json,Kubernetes---kb_359_Normalized.json::test_00001,invalid,passed,False,True,correct_reject,0.001502,0.000854,0.000789,3.8e-05,7,6
Kubernetes---kb_359_Normalized.json,Kubernetes---kb_359_Normalized.json::test_00002,invalid,passed,False,True,correct_reject,0.001502,0.000752,0.000682,4.7e-05,6,5
Kubernetes---kb_35_Normalized.json,Kubernetes---kb_35_Normalized.json::test_00000,valid,compile_error,,True,over_constraint,0.000543,,,,,
Kubernetes---kb_35_Normalized.json,Kubernetes---kb_35_Normalized.json::test_00001,valid,compile_error,,True,over_constraint,0.000543,,,,,
Kubernetes---kb_35_Normalized.json,Kubernetes---kb_35_Normalized.json::test_00002,invalid,compile_error,,True,correct_reject,0.000543,,,,,
Kubernetes---kb_360_Normalized.json,Kubernetes---kb_360_Normalized.json::test_00000,valid,passed,True,True,correct_accept,0.001384,0.001051,0.000975,4.8e-05,7,7
Kubernetes---kb_360_Normalized.json,Kubernetes---kb_360_Normalized.json::test_00001,invalid,passed,False,True,correct_reject,0.001384,0.000553,0.000501,3e-05,6,5
Kubernetes---kb_360_Normalized.json,Kubernetes---kb_360_Normalized.json::test_00002,invalid,passed,False,True,correct_reject,0.001384,0.00063,0.000571,3.4e-05,6,5
Kubernetes---kb_361_Normalized.json,Kubernetes---kb_361_Normalized.json::test_00000,valid,passed,True,True,correct_accept,0.001334,0.001175,0.001089,5.5e-05,7,7
Kubernetes---kb_361_Normalized.json,Kubernetes---kb_361_Normalized.json::test_00001,invalid,passed,False,True,correct_reject,0.001334,0.000599,0.000544,3.1e-05,6,5
Kubernetes---kb_362_Normalized.json,Kubernetes---kb_362_Normalized.json::test_00000,valid,failed,False,True,over_constraint,0.005768,0.005847,0.0051,0.000479,224,44
Kubernetes---kb_362_Normalized.json,Kubernetes---kb_362_Normalized.json::test_00001,valid,failed,False,True,over_constraint,0.005768,0.003588,0.003136,0.000205,221,44
Kubernetes---kb_362_Normalized.json,Kubernetes---kb_362_Normalized.json::test_00002,invalid,passed,False,True,correct_reject,0.005768,0.003261,0.00285,0.00018,121,44
Kubernetes---kb_363_Normalized.json,Kubernetes---kb_363_Normalized.json::test_00000,valid,failed,False,True,over_constraint,0.005753,0.007047,0.006229,0.000525,229,44
Kubernetes---kb_363_Normalized.json,Kubernetes---kb_363_Normalized.json::test_00001,invalid,passed,False,True,correct_reject,0.005753,0.004969,0.004468,0.000229,228,44
Kubernetes---kb_363_Normalized.json,Kubernetes---kb_363_Normalized.json::test_00002,valid,failed,False,True,over_constraint,0.005753,0.00496,0.004462,0.000229,221,44
Kubernetes---kb_363_Normalized.json,Kubernetes---kb_363_Normalized.json::test_00003,invalid,passed,False,True,correct_reject,0.005753,0.003793,0.00341,0.000161,220,44
Kubernetes---kb_364_Normalized.json,Kubernetes---kb_364_Normalized.json::test_00000,valid,passed,True,True,correct_accept,0.001715,0.004013,0.003605,0.000301,52,52
Kubernetes---kb_364_Normalized.json,Kubernetes---kb_364_Normalized.json::test_00001,invalid,passed,False,True,correct_reject,0.001715,0.001676,0.001564,6.1e-05,48,25
Kubernetes---kb_364_Normalized.json,Kubernetes---kb_364_Normalized.json::test_00002,valid,passed,True,True,correct_accept,0.001715,0.002987,0.002778,0.000111,48,48
Kubernetes---kb_364_Normalized.json,Kubernetes---kb_364_Normalized.json::test_00003,invalid,passed,False,True,correct_reject,0.001715,0.00253,0.00235,9.8e-05,48,41
Kubernetes---kb_365_Normalized.json,Kubernetes---kb_365_Normalized.json::test_00000,valid,passed,True,True,correct_accept,0.001095,0.004029,0.003619,0.000296,52,52
Kubernetes---kb_365_Normalized.json,Kubernetes---kb_365_Normalized.json::test_00001,invalid,passed,False,True,correct_reject,0.001095,0.001691,0.001579,5.9e-05,48,25
Kubernetes---kb_365_Normalized.json,Kubernetes---kb_365_Normalized.json::test_00002,invalid,passed,False,True,correct_reject,0.001095,0.002662,0.002476,9.4e-05,52,43
Kubernetes---kb_365_Normalized.json,Kubernetes---kb_365_Normalized.json::test_00003,valid,passed,True,True,correct_accept,0.001095,0.002998,0.002785,0.000113,48,48
Kubernetes---kb_365_Normalized.json,Kubernetes---kb_365_Normalized.json::test_00004,invalid,passed,False,True,correct_reject,0.001095,0.001697,0.00158,6.5e-05,46,25
Kubernetes---kb_365_Normalized.json,Kubernetes---kb_365_Normalized.json::test_00005,invalid,passed,False,True,correct_reject,0.001095,0.002816,0.002579,0.000138,56,41
Kubernetes---kb_366_Normalized.json,Kubernetes---kb_366_Normalized.json::test_00000,valid,failed,False,True,over_constraint,0.005727,0.006211,0.005425,0.000503,222,60
Kubernetes---kb_366_Normalized.json,Kubernetes---kb_366_Normalized.json::test_00001,invalid,passed,False,True,correct_reject,0.005727,0.003753,0.003273,0.000223,227,60
Kubernetes---kb_366_Normalized.json,Kubernetes---kb_366_Normalized.json::test_00002,invalid,passed,False,True,correct_reject,0.005727,0.000375,0.00033,2.5e-05,209,5
Kubernetes---kb_366_Normalized.json,Kubernetes---kb_366_Normalized.json::test_00003,valid,failed,False,True,over_constraint,0.005727,0.004802,0.004214,0.000309,228,66
Kubernetes---kb_366_Normalized.json,Kubernetes---kb_366_Normalized.json::test_00004,invalid,passed,False,True,correct_reject,0.005727,0.004823,0.004259,0.00028,126,76
Kubernetes---kb_367_Normalized.json,Kubernetes---kb_367_Normalized.json::test_00000,valid,failed,False,True,over_constraint,0.004924,0.00469,0.004109,0.000363,205,60
Kubernetes---kb_367_Normalized.json,Kubernetes---kb_367_Normalized.json::test_00001,invalid,passed,False,True,correct_reject,0.004924,0.003551,0.003213,0.000129,204,60
Kubernetes---kb_367_Normalized.json,Kubernetes---kb_367_Normalized.json::test_00002,invalid,passed,False,True,correct_reject,0.004924,0.00049,0.000439,2.9e-05,193,6
Kubernetes---kb_367_Normalized.json,Kubernetes---kb_367_Normalized.json::test_00003,invalid,passed,False,True,correct_reject,0.004924,0.004752,0.004302,0.000196,203,60
Kubernetes---kb_368_Normalized.json,Kubernetes---kb_368_Normalized.json::test_00000,valid,failed,False,True,over_constraint,0.003431,0.001136,0.001011,5.5e-05,167,14
Kubernetes---kb_368_Normalized.json,Kubernetes---kb_368_Normalized.json::test_00001,invalid,passed,False,True,correct_reject,0.003431,0.000819,0.000706,4.5e-05,162,14
Kubernetes---kb_368_Normalized.json,Kubernetes---kb_368_Normalized.json::test_00002,valid,failed,False,True,over_constraint,0.003431,0.000823,0.000709,4.7e-05,114,14
Kubernetes---kb_369_Normalized.json,Kubernetes---kb_369_Normalized.json::test_00000,valid,failed,False,True,over_constraint,0.0031,0.001332,0.001186,6.7e-05,123,14
Kubernetes---kb_369_Normalized.json,Kubernetes---kb_369_Normalized.json::test_00001,invalid,passed,False,True,correct_reject,0.0031,0.000978,0.000827,6.7e-05,122,14
Kubernetes---kb_369_Normalized.json,Kubernetes---kb_369_Normalized.json::test_00002,valid,failed,False,True,over_constraint,0.0031,0.000804,0.00069,4.5e-05,169,14
Kubernetes---kb_369_Normalized.json,Kubernetes---kb_369_Normalized.json::test_00003,invalid,passed,False,True,correct_reject,0.0031,0.000849,0.00073,4.6e-05,169,14
Kubernetes---kb_36_Normalized.json,Kubernetes---kb_36_Normalized.json::test_00000,valid,passed,True,True,correct_accept,0.001267,0.00513,0.004671,0.000263,100,100
Kubernetes---kb_36_Normalized.json,Kubernetes---kb_36_Normalized.json::test_00001,invalid,passed,False,True,correct_reject,0.001267,0.000461,0.000428,2e-05,6,4
Kubernetes---kb_36_Normalized.json,Kubernetes---kb_36_Normalized.json::test_00002,invalid,passed,False,True,correct_reject,0.001267,0.004618,0.004222,0.000211,94,93
Kubernetes---kb_36_Normalized.json,Kubernetes---kb_36_Normalized.json::test_00003,valid,passed,True,True,correct_accept,0.001267,0.005388,0.004796,0.000345,99,99
Kubernetes---kb_36_Normalized.json,Kubernetes---kb_36_Normalized.json::test_00004,invalid,passed,False,True,correct_reject,0.001267,0.00047,0.000436,2e-05,7,4
Kubernetes---kb_370_Normalized.json,Kubernetes---kb_370_Normalized.json::test_00000,valid,passed,True,True,correct_accept,0.001669,0.010887,0.009643,0.000919,107,107
Kubernetes---kb_370_Normalized.json,Kubernetes---kb_370_Normalized.json::test_00001,invalid,passed,False,True,correct_reject,0.001669,0.000523,0.000487,2.1e-05,6,4
Kubernetes---kb_370_Normalized.json,Kubernetes---kb_370_Normalized.json::test_00002,valid,passed,True,True,correct_accept,0.001669,0.008272,0.007713,0.000327,107,107
Kubernetes---kb_370_Normalized.json,Kubernetes---kb_370_Normalized.json::test_00003,invalid,passed,False,True,correct_reject,0.001669,0.000566,0.000525,2.5e-05,7,4
Kubernetes---kb_370_Normalized.json,Kubernetes---kb_370_Normalized.json::test_00004,invalid,passed,False,True,correct_reject,0.001669,0.00108,0.000992,5.6e-05,100,10
Kubernetes---kb_371_Normalized.json,Kubernetes---kb_371_Normalized.json::test_00000,valid,passed,True,True,correct_accept,0.002373,0.010984,0.010046,0.000676,107,107
Kubernetes---kb_371_Normalized.json,Kubernetes---kb_371_Normalized.json::test_00001,invalid,passed,False,True,correct_reject,0.002373,0.000559,0.000518,2.6e-05,10,4
Kubernetes---kb_371_Normalized.json,Kubernetes---kb_371_Normalized.json::test_00002,invalid,passed,False,True,correct_reject,0.002373,0.00057,0.00053,2.6e-05,6,4
Kubernetes---kb_371_Normalized.json,Kubernetes---kb_371_Normalized.json::test_00003,valid,passed,True,True,correct_accept,0.002373,0.008788,0.008219,0.000336,107,107
Kubernetes---kb_371_Normalized.json,Kubernetes---kb_371_Normalized.json::test_00004,invalid,passed,False,True,correct_reject,0.002373,0.000999,0.000916,5.2e-05,96,10
Kubernetes---kb_373_Normalized.json,Kubernetes---kb_373_Normalized.json::test_00000,valid,passed,True,True,correct_accept,0.001735,0.002914,0.002583,0.000236,35,35
Kubernetes---kb_373_Normalized.json,Kubernetes---kb_373_Normalized.json::test_00001,invalid,passed,False,True,correct_reject,0.001735,0.00058,0.000538,2.6e-05,14,4
Kubernetes---kb_373_Normalized.json,Kubernetes---kb_373_Normalized.json::test_00002,invalid,passed,False,True,correct_reject,0.001735,0.001549,0.001358,0.000114,38,29
Kubernetes---kb_373_Normalized.json,Kubernetes---kb_373_Normalized.json::test_00003,valid,passed,True,True,correct_accept,0.001735,0.00222,0.001976,0.000151,39,39
Kubernetes---kb_373_Normalized.json,Kubernetes---kb_373_Normalized.json::test_00004,invalid,passed,False,True,correct_reject,0.001735,0.00064,0.000587,3.5e-05,16,4
Kubernetes---kb_374_Normalized.json,Kubernetes---kb_374_Normalized.json::test_00000,valid,passed,True,True,correct_accept,0.001138,0.002141,0.001893,0.000168,35,35
Kubernetes---kb_374_Normalized.json,Kubernetes---kb_374_Normalized.json::test_00001,invalid,passed,False,True,correct_reject,0.001138,0.000468,0.000435,1.9e-05,16,4
Kubernetes---kb_374_Normalized.json,Kubernetes---kb_374_Normalized.json::test_00002,invalid,passed,False,True,correct_reject,0.001138,0.000502,0.000461,2.4e-05,14,4
Kubernetes---kb_374_Normalized.json,Kubernetes---kb_374_Normalized.json::test_00003,valid,passed,True,True,correct_accept,0.001138,0.001835,0.001617,0.000132,35,35
Kubernetes---kb_374_Normalized.json,Kubernetes---kb_374_Normalized.json::test_00004,invalid,passed,False,True,correct_reject,0.001138,0.000631,0.000574,3.6e-05,14,5
Kubernetes---kb_375_Normalized.json,Kubernetes---kb_375_Normalized.json::test_00000,valid,passed,True,True,correct_accept,0.001924,0.004201,0.003763,0.000346,30,30
Kubernetes---kb_375_Normalized.json,Kubernetes---kb_375_Normalized.json::test_00001,invalid,passed,False,True,correct_reject,0.001924,0.001106,0.001008,5.7e-05,30,15
Kubernetes---kb_375_Normalized.json,Kubernetes---kb_375_Normalized.json::test_00002,invalid,passed,False,True,correct_reject,0.001924,0.001356,0.001254,5.9e-05,30,15
Kubernetes---kb_375_Normalized.json,Kubernetes---kb_375_Normalized.json::test_00003,valid,passed,True,True,correct_accept,0.001924,0.001616,0.001463,8.3e-05,30,30
Kubernetes---kb_375_Normalized.json,Kubernetes---kb_375_Normalized.json::test_00004,invalid,passed,False,True,correct_reject,0.001924,0.001341,0.001222,7e-05,29,15
Kubernetes---kb_375_Normalized.json,Kubernetes---kb_375_Normalized.json::test_00005,invalid,passed,False,True,correct_reject,0.001924,0.001273,0.00115,7.2e-05,30,15
Kubernetes---kb_376_Normalized.json,Kubernetes---kb_376_Normalized.json::test_00000,valid,passed,True,True,correct_accept,0.001325,0.003234,0.002875,0.000276,30,30
Kubernetes---kb_376_Normalized.json,Kubernetes---kb_376_Normalized.json::test_00001,invalid,passed,False,True,correct_reject,0.001325,0.001198,0.001082,6.5e-05,30,15
Kubernetes---kb_376_Normalized.json,Kubernetes---kb_376_Normalized.json::test_00002,invalid,passed,False,True,correct_reject,0.001325,0.001139,0.001025,6.5e-05,30,15
Kubernetes---kb_376_Normalized.json,Kubernetes---kb_376_Normalized.json::test_00003,valid,passed,True,True,correct_accept,0.001325,0.001816,0.001653,9.6e-05,30,30
Kubernetes---kb_376_Normalized.json,Kubernetes---kb_376_Normalized.json::test_00004,invalid,passed,False,True,correct_reject,0.001325,0.001158,0.001044,6.5e-05,31,15
Kubernetes---kb_377_Normalized.json,Kubernetes---kb_377_Normalized.json::test_00000,valid,passed,True,True,correct_accept,0.001384,0.002314,0.002079,0.000172,27,27
Kubernetes---kb_377_Normalized.json,Kubernetes---kb_377_Normalized.json::test_00001,invalid,passed,False,True,correct_reject,0.001384,0.000393,0.000358,2e-05,20,5
Kubernetes---kb_377_Normalized.json,Kubernetes---kb_377_Normalized.json::test_00002,valid,passed,True,True,correct_accept,0.001384,0.001505,0.001379,7.4e-05,25,25
Kubernetes---kb_377_Normalized.json,Kubernetes---kb_377_Normalized.json::test_00003,invalid,passed,False,True,correct_reject,0.001384,0.001094,0.00101,4.8e-05,24,17
Kubernetes---kb_378_Normalized.json,Kubernetes---kb_378_Normalized.json::test_00000,valid,passed,True,True,correct_accept,0.001031,0.002317,0.002089,0.000168,27,27
Kubernetes---kb_378_Normalized.json,Kubernetes---kb_378_Normalized.json::test_00001,invalid,passed,False,True,correct_reject,0.001031,0.000471,0.000429,2.3e-05,20,5
Kubernetes---kb_378_Normalized.json,Kubernetes---kb_378_Normalized.json::test_00002,valid,passed,True,True,correct_accept,0.001031,0.002128,0.001948,0.000113,22,22
Kubernetes---kb_378_Normalized.json,Kubernetes---kb_378_Normalized.json::test_00003,invalid,passed,False,True,correct_reject,0.001031,0.000457,0.000416,2.4e-05,16,5
Kubernetes---kb_379_Normalized.json,Kubernetes---kb_379_Normalized.json::test_00000,valid,passed,True,True,correct_accept,0.001604,0.002714,0.002451,0.000186,33,33
Kubernetes---kb_379_Normalized.json,Kubernetes---kb_379_Normalized.json::test_00001,invalid,passed,False,True,correct_reject,0.001604,0.000531,0.000479,2.9e-05,29,6
Kubernetes---kb_379_Normalized.json,Kubernetes---kb_379_Normalized.json::test_00002,invalid,passed,False,True,correct_reject,0.001604,0.000517,0.000471,2.6e-05,28,5
Kubernetes---kb_37_Normalized.json,Kubernetes---kb_37_Normalized.json::test_00000,valid,passed,True,True,correct_accept,0.001567,0.007662,0.006985,0.000443,98,98
Kubernetes---kb_37_Normalized.json,Kubernetes---kb_37_Normalized.json::test_00001,invalid,passed,False,True,correct_reject,0.001567,0.000695,0.000642,3.2e-05,6,4
Kubernetes---kb_37_Normalized.json,Kubernetes---kb_37_Normalized.json::test_00002,valid,passed,True,True,correct_accept,0.001567,0.006974,0.006417,0.000325,98,98
Kubernetes---kb_37_Normalized.json,Kubernetes---kb_37_Normalized.json::test_00003,invalid,passed,False,True,correct_reject,0.001567,0.000675,0.000624,3e-05,50,4
Kubernetes---kb_380_Normalized.json,Kubernetes---kb_380_Normalized.json::test_00000,valid,passed,True,True,correct_accept,0.001569,0.003335,0.002979,0.000261,33,33
Kubernetes---kb_380_Normalized.json,Kubernetes---kb_380_Normalized.json::test_00001,invalid,passed,False,True,correct_reject,0.001569,0.000689,0.000617,4.1e-05,29,6
Kubernetes---kb_380_Normalized.json,Kubernetes---kb_380_Normalized.json::test_00002,valid,passed,True,True,correct_accept,0.001569,0.002828,0.002577,0.000157,33,33
Kubernetes---kb_380_Normalized.json,Kubernetes---kb_380_Normalized.json::test_00003,invalid,passed,False,True,correct_reject,0.001569,0.000724,0.000654,4.2e-05,29,6
Kubernetes---kb_380_Normalized.json,Kubernetes---kb_380_Normalized.json::test_00004,invalid,passed,False,True,correct_reject,0.001569,0.000773,0.000698,4.5e-05,29,6
Kubernetes---kb_381_Normalized.json,Kubernetes---kb_381_Normalized.json::test_00000,valid,passed,True,True,correct_accept,0.001364,0.003011,0.002754,0.000184,25,25
Kubernetes---kb_381_Normalized.json,Kubernetes---kb_381_Normalized.json::test_00001,invalid,passed,False,True,correct_reject,0.001364,0.000614,0.000558,3.3e-05,21,6
Kubernetes---kb_381_Normalized.json,Kubernetes---kb_381_Normalized.json::test_00002,invalid,passed,False,True,correct_reject,0.001364,0.001863,0.001712,9e-05,26,24
Kubernetes---kb_382_Normalized.json,Kubernetes---kb_382_Normalized.json::test_00000,valid,passed,True,True,correct_accept,0.001294,0.00327,0.002966,0.000213,25,25
Kubernetes---kb_382_Normalized.json,Kubernetes---kb_382_Normalized.json::test_00001,invalid,passed,False,True,correct_reject,0.001294,0.000608,0.000551,3.4e-05,21,6
Kubernetes---kb_382_Normalized.json,Kubernetes---kb_382_Normalized.json::test_00002,invalid,passed,False,True,correct_reject,0.001294,0.000608,0.000549,3.4e-05,19,5
Kubernetes---kb_383_Normalized.json,Kubernetes---kb_383_Normalized.json::test_00000,valid,passed,True,True,correct_accept,0.001335,0.001144,0.001066,5.2e-05,8,8
Kubernetes---kb_383_Normalized.json,Kubernetes---kb_383_Normalized.json::test_00001,invalid,passed,False,True,correct_reject,0.001335,0.00055,0.000488,4.2e-05,6,5
Kubernetes---kb_383_Normalized.json,Kubernetes---kb_383_Normalized.json::test_00002,invalid,passed,False,True,correct_reject,0.001335,0.000524,0.000477,2.7e-05,5,4
Kubernetes---kb_383_Normalized.json,Kubernetes---kb_383_Normalized.json::test_00003,invalid,passed,False,True,correct_reject,0.001335,0.000566,0.000511,3.2e-05,7,5
Kubernetes---kb_384_Normalized.json,Kubernetes---kb_384_Normalized.json::test_00000,valid,passed,True,True,correct_accept,0.001208,0.001184,0.001101,5.4e-05,8,8
Kubernetes---kb_384_Normalized.json,Kubernetes---kb_384_Normalized.json::test_00001,invalid,passed,False,True,correct_reject,0.001208,0.00058,0.00052,3.6e-05,6,5
Kubernetes---kb_385_Normalized.json,Kubernetes---kb_385_Normalized.json::test_00000,valid,failed,False,True,over_constraint,0.001336,0.000973,0.000688,3.6e-05,16,5
Kubernetes---kb_385_Normalized.json,Kubernetes---kb_385_Normalized.json::test_00001,invalid,passed,False,True,correct_reject,0.001336,0.00068,0.000616,3.8e-05,14,6
Kubernetes---kb_385_Normalized.json,Kubernetes---kb_385_Normalized.json::test_00002,invalid,passed,False,True,correct_reject,0.001336,0.000712,0.00054,3.4e-05,15,5
Kubernetes---kb_386_Normalized.json,Kubernetes---kb_386_Normalized.json::test_00000,valid,failed,False,True,over_constraint,0.001283,0.001189,0.000816,3.9e-05,16,5
Kubernetes---kb_386_Normalized.json,Kubernetes---kb_386_Normalized.json::test_00001,invalid,passed,False,True,correct_reject,0.001283,0.000613,0.000555,3.5e-05,14,6
Kubernetes---kb_386_Normalized.json,Kubernetes---kb_386_Normalized.json::test_00002,invalid,passed,False,True,correct_reject,0.001283,0.00067,0.000503,3.2e-05,15,5
Kubernetes---kb_386_Normalized.json,Kubernetes---kb_386_Normalized.json::test_00003,invalid,passed,False,True,correct_reject,0.001283,0.000612,0.000555,3.3e-05,12,5
Kubernetes---kb_387_Normalized.json,Kubernetes---kb_387_Normalized.json::test_00000,valid,passed,True,True,correct_accept,0.003339,0.002761,0.002508,0.000191,21,21
Kubernetes---kb_387_Normalized.json,Kubernetes---kb_387_Normalized.json::test_00001,valid,passed,True,True,correct_accept,0.003339,0.002449,0.002199,0.000164,23,23
Kubernetes---kb_387_Normalized.json,Kubernetes---kb_387_Normalized.json::test_00002,invalid,passed,False,True,correct_reject,0.003339,0.001699,0.001538,0.000102,25,15
Kubernetes---kb_387_Normalized.json,Kubernetes---kb_387_Normalized.json::test_00003,invalid,passed,False,True,correct_reject,0.003339,0.000866,0.000793,4.7e-05,21,8
Kubernetes---kb_388_Normalized.json,Kubernetes---kb_388_Normalized.json::test_00000,valid,passed,True,True,correct_accept,0.002261,0.002768,0.002492,0.000213,21,21
Kubernetes---kb_388_Normalized.json,Kubernetes---kb_388_Normalized.json::test_00001,invalid,passed,False,True,correct_reject,0.002261,0.000937,0.000836,6.7e-05,12,7
Kubernetes---kb_389_Normalized.json,Kubernetes---kb_389_Normalized.json::test_00000,valid,failed,False,True,over_constraint,0.003887,0.005889,0.005188,0.000454,161,48
Kubernetes---kb_389_Normalized.json,Kubernetes---kb_389_Normalized.json::test_00001,invalid,passed,False,True,correct_reject,0.003887,0.000762,0.000707,3.3e-05,158,6
Kubernetes---kb_389_Normalized.json,Kubernetes---kb_389_Normalized.json::test_00002,invalid,passed,False,True,correct_reject,0.003887,0.001188,0.001077,6.6e-05,160,9
Kubernetes---kb_389_Normalized.json,Kubernetes---kb_389_Normalized.json::test_00003,valid,failed,False,True,over_constraint,0.003887,0.003996,0.003534,0.00022,160,47
Kubernetes---kb_389_Normalized.json,Kubernetes---kb_389_Normalized.json::test_00004,invalid,passed,False,True,correct_reject,0.003887,0.004141,0.003593,0.000266,185,47
Kubernetes---kb_38_Normalized.json,Kubernetes---kb_38_Normalized.json::test_00000,valid,passed,True,True,correct_accept,0.002185,0.007853,0.007169,0.000439,100,100
Kubernetes---kb_38_Normalized.json,Kubernetes---kb_38_Normalized.json::test_00001,invalid,passed,False,True,correct_reject,0.002185,0.00061,0.000564,2.8e-05,6,4
Kubernetes---kb_38_Normalized.json,Kubernetes---kb_38_Normalized.json::test_00002,invalid,passed,False,True,correct_reject,0.002185,0.00604,0.005549,0.000279,94,93
Kubernetes---kb_38_Normalized.json,Kubernetes---kb_38_Normalized.json::test_00003,valid,passed,True,True,correct_accept,0.002185,0.006536,0.005986,0.000314,98,98
Kubernetes---kb_38_Normalized.json,Kubernetes---kb_38_Normalized.json::test_00004,invalid,passed,False,True,correct_reject,0.002185,0.00072,0.000668,3e-05,8,4
Kubernetes---kb_38_Normalized.json,Kubernetes---kb_38_Normalized.json::test_00005,invalid,passed,False,True,correct_reject,0.002185,0.00532,0.004863,0.000267,81,80
Kubernetes---kb_390_Normalized.json,Kubernetes---kb_390_Normalized.json::test_00000,valid,failed,False,True,over_constraint,0.007074,0.005279,0.004584,0.000438,209,40
Kubernetes---kb_390_Normalized.json,Kubernetes---kb_390_Normalized.json::test_00001,invalid,passed,False,True,correct_reject,0.007074,0.00354,0.003103,0.000192,213,40
Kubernetes---kb_393_Normalized.json,Kubernetes---kb_393_Normalized.json::test_00000,valid,passed,True,True,correct_accept,0.002406,0.010529,0.009291,0.000909,128,128
Kubernetes---kb_393_Normalized.json,Kubernetes---kb_393_Normalized.json::test_00001,valid,passed,True,True,correct_accept,0.002406,0.009433,0.008368,0.000664,132,132
Kubernetes---kb_393_Normalized.json,Kubernetes---kb_393_Normalized.json::test_00002,invalid,passed,False,True,correct_reject,0.002406,0.001519,0.001375,8.9e-05,157,18
Kubernetes---kb_394_Normalized.json,Kubernetes---kb_394_Normalized.json::test_00000,valid,passed,True,True,correct_accept,0.002753,0.010432,0.00919,0.000906,128,128
Kubernetes---kb_395_Normalized.json,Kubernetes---kb_395_Normalized.json::test_00000,valid,passed,True,True,correct_accept,0.001499,0.004996,0.004653,0.000206,54,54
Kubernetes---kb_395_Normalized.json,Kubernetes---kb_395_Normalized.json::test_00001,invalid,passed,False,True,correct_reject,0.001499,0.002203,0.002033,0.000101,46,25
Kubernetes---kb_395_Normalized.json,Kubernetes---kb_395_Normalized.json::test_00002,valid,passed,True,True,correct_accept,0.001499,0.004372,0.004052,0.000184,56,56
Kubernetes---kb_395_Normalized.json,Kubernetes---kb_395_Normalized.json::test_00003,invalid,passed,False,True,correct_reject,0.001499,0.002102,0.001934,9.6e-05,48,25
Kubernetes---kb_396_Normalized.json,Kubernetes---kb_396_Normalized.json::test_00000,valid,passed,True,True,correct_accept,0.001468,0.004662,0.004306,0.000214,54,54
Kubernetes---kb_396_Normalized.json,Kubernetes---kb_396_Normalized.json::test_00001,invalid,passed,False,True,correct_reject,0.001468,0.002334,0.00211,0.000134,46,25
Kubernetes---kb_396_Normalized.json,Kubernetes---kb_396_Normalized.json::test_00002,valid,passed,True,True,correct_accept,0.001468,0.00473,0.004382,0.000199,58,58
Kubernetes---kb_396_Normalized.json,Kubernetes---kb_396_Normalized.json::test_00003,invalid,passed,False,True,correct_reject,0.001468,0.000426,0.000394,1.7e-05,58,2
Kubernetes---kb_397_Normalized.json,Kubernetes---kb_397_Normalized.json::test_00000,valid,passed,True,True,correct_accept,0.002221,0.005569,0.005171,0.000234,61,61
Kubernetes---kb_397_Normalized.json,Kubernetes---kb_397_Normalized.json::test_00001,invalid,passed,False,True,correct_reject,0.002221,0.002186,0.002022,9.3e-05,50,25
Kubernetes---kb_397_Normalized.json,Kubernetes---kb_397_Normalized.json::test_00002,valid,passed,True,True,correct_accept,0.002221,0.004159,0.003827,0.000191,57,57
Kubernetes---kb_397_Normalized.json,Kubernetes---kb_397_Normalized.json::test_00003,invalid,passed,False,True,correct_reject,0.002221,0.002206,0.002041,9.1e-05,46,25
Kubernetes---kb_398_Normalized.json,Kubernetes---kb_398_Normalized.json::test_00000,valid,failed,False,True,over_constraint,0.004659,0.006042,0.005286,0.000469,209,51
Kubernetes---kb_398_Normalized.json,Kubernetes---kb_398_Normalized.json::test_00001,invalid,passed,False,True,correct_reject,0.004659,0.003903,0.003434,0.000218,204,51
Kubernetes---kb_398_Normalized.json,Kubernetes---kb_398_Normalized.json::test_00002,invalid,passed,False,True,correct_reject,0.004659,0.006357,0.005618,0.000368,110,51
Kubernetes---kb_398_Normalized.json,Kubernetes---kb_398_Normalized.json::test_00003,invalid,passed,False,True,correct_reject,0.004659,0.004309,0.003789,0.000243,209,51
Kubernetes---kb_398_Normalized.json,Kubernetes---kb_398_Normalized.json::test_00004,invalid,passed,False,True,correct_reject,0.004659,0.004406,0.003904,0.000229,110,51
Kubernetes---kb_398_Normalized.json,Kubernetes---kb_398_Normalized.json::test_00005,valid,failed,False,True,over_constraint,0.004659,0.003964,0.003487,0.000229,216,51
Kubernetes---kb_398_Normalized.json,Kubernetes---kb_398_Normalized.json::test_00006,invalid,passed,False,True,correct_reject,0.004659,0.005427,0.004751,0.00034,218,51
Kubernetes---kb_39_Normalized.json,Kubernetes---kb_39_Normalized.json::test_00000,valid,failed,False,True,over_constraint,0.001854,0.001595,0.001344,0.000106,94,17
Kubernetes---kb_39_Normalized.json,Kubernetes---kb_39_Normalized.json::test_00001,invalid,passed,False,True,correct_reject,0.001854,0.000727,0.000649,4.8e-05,93,6
Kubernetes---kb_39_Normalized.json,Kubernetes---kb_39_Normalized.json::test_00002,invalid,passed,False,True,correct_reject,0.001854,0.00149,0.001201,0.00012,82,17
Kubernetes---kb_39_Normalized.json,Kubernetes---kb_39_Normalized.json::test_00003,invalid,passed,False,True,correct_reject,0.001854,0.000765,0.000628,5e-05,107,17
Kubernetes---kb_39_Normalized.json,Kubernetes---kb_39_Normalized.json::test_00004,valid,failed,False,True,over_constraint,0.001854,0.000893,0.000722,7.6e-05,95,17
Kubernetes---kb_39_Normalized.json,Kubernetes---kb_39_Normalized.json::test_00005,invalid,passed,False,True,correct_reject,0.001854,0.000638,0.000572,4.1e-05,94,6
Kubernetes---kb_3_Normalized.json,Kubernetes---kb_3_Normalized.json::test_00000,valid,passed,True,True,correct_accept,0.002122,0.004786,0.004188,0.000446,73,73
Kubernetes---kb_3_Normalized.json,Kubernetes---kb_3_Normalized.json::test_00001,invalid,passed,False,True,correct_reject,0.002122,0.001382,0.001272,6.2e-05,72,21
Kubernetes---kb_3_Normalized.json,Kubernetes---kb_3_Normalized.json::test_00002,invalid,passed,False,True,correct_reject,0.002122,0.000655,0.000601,3.4e-05,8,6
Kubernetes---kb_3_Normalized.json,Kubernetes---kb_3_Normalized.json::test_00003,invalid,passed,False,True,correct_reject,0.002122,0.00098,0.000901,4.7e-05,73,14
Kubernetes---kb_3_Normalized.json,Kubernetes---kb_3_Normalized.json::test_00004,invalid,passed,False,True,correct_reject,0.002122,0.001683,0.001556,6.9e-05,79,28
Kubernetes---kb_3_Normalized.json,Kubernetes---kb_3_Normalized.json::test_00005,invalid,passed,False,True,correct_reject,0.002122,0.00099,0.000913,4.6e-05,72,14
Kubernetes---kb_3_Normalized.json,Kubernetes---kb_3_Normalized.json::test_00006,valid,passed,True,True,correct_accept,0.002122,0.003255,0.002972,0.000156,64,64
Kubernetes---kb_3_Normalized.json,Kubernetes---kb_3_Normalized.json::test_00007,invalid,passed,False,True,correct_reject,0.002122,0.000574,0.000533,2.5e-05,23,6
Kubernetes---kb_3_Normalized.json,Kubernetes---kb_3_Normalized.json::test_00008,invalid,passed,False,True,correct_reject,0.002122,0.001754,0.001611,8.2e-05,69,27
Kubernetes---kb_3_Normalized.json,Kubernetes---kb_3_Normalized.json::test_00009,invalid,passed,False,True,correct_reject,0.002122,0.00097,0.00089,4.6e-05,82,14
Kubernetes---kb_402_Normalized.json,Kubernetes---kb_402_Normalized.json::test_00000,valid,failed,False,True,over_constraint,0.001293,0.00206,0.001625,0.000114,54,26
Kubernetes---kb_402_Normalized.json,Kubernetes---kb_402_Normalized.json::test_00001,invalid,passed,False,True,correct_reject,0.001293,0.000611,0.000552,3.6e-05,56,8
Kubernetes---kb_402_Normalized.json,Kubernetes---kb_402_Normalized.json::test_00002,invalid,passed,False,True,correct_reject,0.001293,0.000448,0.000409,2.5e-05,54,6
Kubernetes---kb_402_Normalized.json,Kubernetes---kb_402_Normalized.json::test_00003,invalid,passed,False,True,correct_reject,0.001293,0.001095,0.000881,7.3e-05,48,26
Kubernetes---kb_402_Normalized.json,Kubernetes---kb_402_Normalized.json::test_00004,invalid,passed,False,True,correct_reject,0.001293,0.000446,0.000403,2.5e-05,54,6
Kubernetes---kb_402_Normalized.json,Kubernetes---kb_402_Normalized.json::test_00005,invalid,passed,False,True,correct_reject,0.001293,0.001118,0.000903,7.2e-05,48,26
Kubernetes---kb_402_Normalized.json,Kubernetes---kb_402_Normalized.json::test_00006,invalid,passed,False,True,correct_reject,0.001293,0.001171,0.000939,8.4e-05,38,26
Kubernetes---kb_403_Normalized.json,Kubernetes---kb_403_Normalized.json::test_00000,valid,failed,False,True,over_constraint,0.003798,0.003273,0.002788,0.000282,72,54
Kubernetes---kb_403_Normalized.json,Kubernetes---kb_403_Normalized.json::test_00001,valid,failed,False,True,over_constraint,0.003798,0.00515,0.004472,0.000372,228,85
Kubernetes---kb_403_Normalized.json,Kubernetes---kb_403_Normalized.json::test_00002,invalid,passed,False,True,correct_reject,0.003798,0.000529,0.000479,2.9e-05,230,6
Kubernetes---kb_403_Normalized.json,Kubernetes---kb_403_Normalized.json::test_00003,invalid,passed,False,True,correct_reject,0.003798,0.002768,0.002503,0.000162,228,46
Kubernetes---kb_403_Normalized.json,Kubernetes---kb_403_Normalized.json::test_00004,invalid,passed,False,True,correct_reject,0.003798,0.005199,0.004601,0.000382,217,87
Kubernetes---kb_404_Normalized.json,Kubernetes---kb_404_Normalized.json::test_00000,valid,failed,False,True,over_constraint,0.002974,0.01179,0.010339,0.000953,175,157
Kubernetes---kb_404_Normalized.json,Kubernetes---kb_404_Normalized.json::test_00001,valid,failed,False,True,over_constraint,0.002974,0.007767,0.006929,0.000427,175,157
Kubernetes---kb_404_Normalized.json,Kubernetes---kb_404_Normalized.json::test_00002,invalid,passed,False,True,correct_reject,0.002974,0.00034,0.000316,1.3e-05,175,2
Kubernetes---kb_405_Normalized.json,Kubernetes---kb_405_Normalized.json::test_00000,valid,failed,False,True,over_constraint,0.005424,0.01191,0.010282,0.001107,175,157
Kubernetes---kb_405_Normalized.json,Kubernetes---kb_405_Normalized.json::test_00001,valid,failed,False,True,over_constraint,0.005424,0.008664,0.007703,0.000504,175,157
Kubernetes---kb_406_Normalized.json,Kubernetes---kb_406_Normalized.json::test_00000,valid,passed,True,True,correct_accept,0.002059,0.004782,0.004239,0.000407,54,54
Kubernetes---kb_406_Normalized.json,Kubernetes---kb_406_Normalized.json::test_00001,invalid,passed,False,True,correct_reject,0.002059,0.000702,0.000633,4.2e-05,54,8
Kubernetes---kb_406_Normalized.json,Kubernetes---kb_406_Normalized.json::test_00002,invalid,passed,False,True,correct_reject,0.002059,0.000761,0.000678,5e-05,54,8
Kubernetes---kb_406_Normalized.json,Kubernetes---kb_406_Normalized.json::test_00003,valid,passed,True,True,correct_accept,0.002059,0.002667,0.00244,0.000123,54,54
Kubernetes---kb_406_Normalized.json,Kubernetes---kb_406_Normalized.json::test_00004,invalid,passed,False,True,correct_reject,0.002059,0.000578,0.000518,3.3e-05,56,10
Kubernetes---kb_406_Normalized.json,Kubernetes---kb_406_Normalized.json::test_00005,invalid,passed,False,True,correct_reject,0.002059,0.000687,0.000617,4.1e-05,54,10
Kubernetes---kb_407_Normalized.json,Kubernetes---kb_407_Normalized.json::test_00000,valid,passed,True,True,correct_accept,0.003384,0.01067,0.009587,0.000687,190,190
Kubernetes---kb_407_Normalized.json,Kubernetes---kb_407_Normalized.json::test_00001,valid,passed,True,True,correct_accept,0.003384,0.008175,0.007443,0.000359,188,188
Kubernetes---kb_407_Normalized.json,Kubernetes---kb_407_Normalized.json::test_00002,invalid,passed,False,True,correct_reject,0.003384,0.007828,0.006989,0.000473,188,150
Kubernetes---kb_408_Normalized.json,Kubernetes---kb_408_Normalized.json::test_00000,valid,failed,False,True,over_constraint,0.002793,0.021652,0.019186,0.001623,412,243
Kubernetes---kb_408_Normalized.json,Kubernetes---kb_408_Normalized.json::test_00001,valid,passed,True,True,correct_accept,0.002793,0.009211,0.008309,0.000528,181,181
Kubernetes---kb_408_Normalized.json,Kubernetes---kb_408_Normalized.json::test_00002,invalid,passed,False,True,correct_reject,0.002793,0.008049,0.007385,0.000398,181,119
Kubernetes---kb_408_Normalized.json,Kubernetes---kb_408_Normalized.json::test_00003,invalid,passed,False,True,correct_reject,0.002793,0.00612,0.005425,0.00041,174,98
Kubernetes---kb_409_Normalized.json,Kubernetes---kb_409_Normalized.json::test_00000,valid,passed,True,True,correct_accept,0.004155,0.008606,0.007734,0.000585,130,130
Kubernetes---kb_409_Normalized.json,Kubernetes---kb_409_Normalized.json::test_00001,valid,passed,True,True,correct_accept,0.004155,0.009554,0.00855,0.000649,130,130
Kubernetes---kb_409_Normalized.json,Kubernetes---kb_409_Normalized.json::test_00002,invalid,passed,False,True,correct_reject,0.004155,0.003695,0.003296,0.000257,118,58
Kubernetes---kb_409_Normalized.json,Kubernetes---kb_409_Normalized.json::test_00003,invalid,passed,False,True,correct_reject,0.004155,0.009684,0.0086,0.000681,134,132
Kubernetes---kb_40_Normalized.json,Kubernetes---kb_40_Normalized.json::test_00000,valid,failed,False,True,over_constraint,0.001383,0.001196,0.001043,5.7e-05,91,17
Kubernetes---kb_40_Normalized.json,Kubernetes---kb_40_Normalized.json::test_00001,invalid,passed,False,True,correct_reject,0.001383,0.000453,0.000413,2.3e-05,90,6
Kubernetes---kb_40_Normalized.json,Kubernetes---kb_40_Normalized.json::test_00002,invalid,passed,False,True,correct_reject,0.001383,0.000889,0.000751,5.2e-05,77,17
Kubernetes---kb_40_Normalized.json,Kubernetes---kb_40_Normalized.json::test_00003,invalid,passed,False,True,correct_reject,0.001383,0.000917,0.000778,5.2e-05,112,17
Kubernetes---kb_40_Normalized.json,Kubernetes---kb_40_Normalized.json::test_00004,valid,failed,False,True,over_constraint,0.001383,0.000906,0.00077,4.8e-05,94,17
Kubernetes---kb_40_Normalized.json,Kubernetes---kb_40_Normalized.json::test_00005,invalid,passed,False,True,correct_reject,0.001383,0.000916,0.00078,5.1e-05,87,17
Kubernetes---kb_410_Normalized.json,Kubernetes---kb_410_Normalized.json::test_00000,valid,failed,False,True,over_constraint,0.00122,0.00162,0.001388,0.000104,25,14
Kubernetes---kb_410_Normalized.json,Kubernetes---kb_410_Normalized.json::test_00001,invalid,passed,False,True,correct_reject,0.00122,0.0008,0.000738,3.7e-05,23,10
Kubernetes---kb_410_Normalized.json,Kubernetes---kb_410_Normalized.json::test_00002,valid,failed,False,True,over_constraint,0.00122,0.001632,0.001399,6.9e-05,25,14
Kubernetes---kb_410_Normalized.json,Kubernetes---kb_410_Normalized.json::test_00003,invalid,passed,False,True,correct_reject,0.00122,0.000358,0.000236,1e-05,19,1
Kubernetes---kb_411_Normalized.json,Kubernetes---kb_411_Normalized.json::test_00000,valid,failed,False,True,over_constraint,0.00098,0.0016,0.001375,0.000103,25,14
Kubernetes---kb_411_Normalized.json,Kubernetes---kb_411_Normalized.json::test_00001,invalid,passed,False,True,correct_reject,0.00098,0.000854,0.000772,5.3e-05,23,10
Kubernetes---kb_411_Normalized.json,Kubernetes---kb_411_Normalized.json::test_00002,invalid,passed,False,True,correct_reject,0.00098,0.000563,0.00052,2.5e-05,19,6
Kubernetes---kb_412_Normalized.json,Kubernetes---kb_412_Normalized.json::test_00000,valid,passed,True,True,correct_accept,0.001004,0.001319,0.001229,5.7e-05,13,13
Kubernetes---kb_412_Normalized.json,Kubernetes---kb_412_Normalized.json::test_00001,invalid,passed,False,True,correct_reject,0.001004,0.000464,0.000423,2.5e-05,12,5
Kubernetes---kb_412_Normalized.json,Kubernetes---kb_412_Normalized.json::test_00002,invalid,passed,False,True,correct_reject,0.001004,0.000338,0.000313,1.4e-05,6,2
Kubernetes---kb_413_Normalized.json,Kubernetes---kb_413_Normalized.json::test_00000,valid,passed,True,True,correct_accept,0.001183,0.001302,0.001215,5.5e-05,13,13
Kubernetes---kb_413_Normalized.json,Kubernetes---kb_413_Normalized.json::test_00001,invalid,passed,False,True,correct_reject,0.001183,0.000439,0.0004,2.4e-05,12,5
Kubernetes---kb_413_Normalized.json,Kubernetes---kb_413_Normalized.json::test_00002,invalid,passed,False,True,correct_reject,0.001183,0.000539,0.000491,2.9e-05,11,4
Kubernetes---kb_414_Normalized.json,Kubernetes---kb_414_Normalized.json::test_00000,valid,passed,True,True,correct_accept,0.001428,0.00131,0.001182,8.1e-05,14,14
Kubernetes---kb_414_Normalized.json,Kubernetes---kb_414_Normalized.json::test_00001,invalid,passed,False,True,correct_reject,0.001428,0.000526,0.000479,2.7e-05,14,4
Kubernetes---kb_414_Normalized.json,Kubernetes---kb_414_Normalized.json::test_00002,invalid,passed,False,True,correct_reject,0.001428,0.00094,0.00084,6.1e-05,14,11
Kubernetes---kb_414_Normalized.json,Kubernetes---kb_414_Normalized.json::test_00003,valid,passed,True,True,correct_accept,0.001428,0.001073,0.000953,7.3e-05,14,14
Kubernetes---kb_415_Normalized.json,Kubernetes---kb_415_Normalized.json::test_00000,valid,passed,True,True,correct_accept,0.001648,0.001512,0.001348,0.000113,14,14
Kubernetes---kb_415_Normalized.json,Kubernetes---kb_415_Normalized.json::test_00001,invalid,passed,False,True,correct_reject,0.001648,0.000543,0.000495,2.8e-05,14,4
Kubernetes---kb_415_Normalized.json,Kubernetes---kb_415_Normalized.json::test_00002,invalid,passed,False,True,correct_reject,0.001648,0.000837,0.000746,5.2e-05,14,11
Kubernetes---kb_415_Normalized.json,Kubernetes---kb_415_Normalized.json::test_00003,valid,passed,True,True,correct_accept,0.001648,0.000981,0.000868,7e-05,14,14
Kubernetes---kb_416_Normalized.json,Kubernetes---kb_416_Normalized.json::test_00000,valid,passed,True,True,correct_accept,0.001314,0.001199,0.001078,7.6e-05,14,14
Kubernetes---kb_416_Normalized.json,Kubernetes---kb_416_Normalized.json::test_00001,invalid,passed,False,True,correct_reject,0.001314,0.000509,0.000466,2.5e-05,14,4
Kubernetes---kb_416_Normalized.json,Kubernetes---kb_416_Normalized.json::test_00002,invalid,passed,False,True,correct_reject,0.001314,0.000778,0.00069,5.2e-05,14,11
Kubernetes---kb_416_Normalized.json,Kubernetes---kb_416_Normalized.json::test_00003,valid,passed,True,True,correct_accept,0.001314,0.000959,0.000847,6.9e-05,14,14
Kubernetes---kb_416_Normalized.json,Kubernetes---kb_416_Normalized.json::test_00004,invalid,passed,False,True,correct_reject,0.001314,0.000421,0.00039,1.7e-05,15,2
Kubernetes---kb_417_Normalized.json,Kubernetes---kb_417_Normalized.json::test_00000,valid,passed,True,True,correct_accept,0.001489,0.001789,0.001627,0.0001,20,20
Kubernetes---kb_417_Normalized.json,Kubernetes---kb_417_Normalized.json::test_00001,invalid,passed,False,True,correct_reject,0.001489,0.00054,0.00049,3e-05,20,5
Kubernetes---kb_417_Normalized.json,Kubernetes---kb_417_Normalized.json::test_00002,invalid,passed,False,True,correct_reject,0.001489,0.000848,0.000753,5.8e-05,19,12
Kubernetes---kb_417_Normalized.json,Kubernetes---kb_417_Normalized.json::test_00003,invalid,passed,False,True,correct_reject,0.001489,0.000887,0.000793,5.7e-05,19,12
Kubernetes---kb_418_Normalized.json,Kubernetes---kb_418_Normalized.json::test_00000,valid,passed,True,True,correct_accept,0.001405,0.001864,0.001699,0.000106,20,20
Kubernetes---kb_418_Normalized.json,Kubernetes---kb_418_Normalized.json::test_00001,invalid,passed,False,True,correct_reject,0.001405,0.00128,0.001146,7.9e-05,20,18
Kubernetes---kb_418_Normalized.json,Kubernetes---kb_418_Normalized.json::test_00002,invalid,passed,False,True,correct_reject,0.001405,0.000892,0.000795,5.9e-05,19,12
Kubernetes---kb_419_Normalized.json,Kubernetes---kb_419_Normalized.json::test_00000,valid,passed,True,True,correct_accept,0.00174,0.005772,0.005039,0.000568,63,63
Kubernetes---kb_419_Normalized.json,Kubernetes---kb_419_Normalized.json::test_00001,invalid,passed,False,True,correct_reject,0.00174,0.000747,0.000691,3.3e-05,26,5
Kubernetes---kb_419_Normalized.json,Kubernetes---kb_419_Normalized.json::test_00002,invalid,passed,False,True,correct_reject,0.00174,0.00322,0.002899,0.000194,61,50
Kubernetes---kb_419_Normalized.json,Kubernetes---kb_419_Normalized.json::test_00003,valid,passed,True,True,correct_accept,0.00174,0.004329,0.003921,0.000249,62,62
Kubernetes---kb_419_Normalized.json,Kubernetes---kb_419_Normalized.json::test_00004,invalid,passed,False,True,correct_reject,0.00174,0.002997,0.00269,0.000185,60,49
Kubernetes---kb_41_Normalized.json,Kubernetes---kb_41_Normalized.json::test_00000,valid,failed,False,True,over_constraint,0.001233,0.000467,0.000331,1.2e-05,17,1
Kubernetes---kb_41_Normalized.json,Kubernetes---kb_41_Normalized.json::test_00001,invalid,passed,False,True,correct_reject,0.001233,0.000473,0.000332,1.3e-05,14,1
Kubernetes---kb_41_Normalized.json,Kubernetes---kb_41_Normalized.json::test_00002,invalid,passed,False,True,correct_reject,0.001233,0.000449,0.000326,1.3e-05,16,1
Kubernetes---kb_41_Normalized.json,Kubernetes---kb_41_Normalized.json::test_00003,valid,failed,False,True,over_constraint,0.001233,0.000446,0.000325,1.3e-05,17,1
Kubernetes---kb_41_Normalized.json,Kubernetes---kb_41_Normalized.json::test_00004,invalid,passed,False,True,correct_reject,0.001233,0.000429,0.0004,1.7e-05,15,2
Kubernetes---kb_420_Normalized.json,Kubernetes---kb_420_Normalized.json::test_00000,valid,passed,True,True,correct_accept,0.001731,0.005729,0.004985,0.000578,62,62
Kubernetes---kb_420_Normalized.json,Kubernetes---kb_420_Normalized.json::test_00001,invalid,passed,False,True,correct_reject,0.001731,0.000723,0.000673,3.2e-05,26,5
Kubernetes---kb_420_Normalized.json,Kubernetes---kb_420_Normalized.json::test_00002,invalid,passed,False,True,correct_reject,0.001731,0.002966,0.002667,0.00018,60,49
Kubernetes---kb_420_Normalized.json,Kubernetes---kb_420_Normalized.json::test_00003,valid,passed,True,True,correct_accept,0.001731,0.003851,0.003485,0.000215,63,63
Kubernetes---kb_420_Normalized.json,Kubernetes---kb_420_Normalized.json::test_00004,invalid,passed,False,True,correct_reject,0.001731,0.002551,0.002281,0.000158,66,42
Kubernetes---kb_421_Normalized.json,Kubernetes---kb_421_Normalized.json::test_00000,valid,passed,True,True,correct_accept,0.001686,0.00504,0.004596,0.00029,58,58
Kubernetes---kb_421_Normalized.json,Kubernetes---kb_421_Normalized.json::test_00001,valid,passed,True,True,correct_accept,0.001686,0.003602,0.003254,0.000208,58,58
Kubernetes---kb_421_Normalized.json,Kubernetes---kb_421_Normalized.json::test_00002,invalid,passed,False,True,correct_reject,0.001686,0.000931,0.000822,7.9e-05,57,10
Kubernetes---kb_421_Normalized.json,Kubernetes---kb_421_Normalized.json::test_00003,invalid,passed,False,True,correct_reject,0.001686,0.000618,0.000563,3.3e-05,59,6
Kubernetes---kb_422_Normalized.json,Kubernetes---kb_422_Normalized.json::test_00000,valid,passed,True,True,correct_accept,0.002358,0.004905,0.004467,0.000286,58,58
Kubernetes---kb_422_Normalized.json,Kubernetes---kb_422_Normalized.json::test_00001,valid,passed,True,True,correct_accept,0.002358,0.00346,0.003126,0.000197,57,57
Kubernetes---kb_422_Normalized.json,Kubernetes---kb_422_Normalized.json::test_00002,invalid,passed,False,True,correct_reject,0.002358,0.001091,0.00096,9.3e-05,59,10
Kubernetes---kb_422_Normalized.json,Kubernetes---kb_422_Normalized.json::test_00003,invalid,passed,False,True,correct_reject,0.002358,0.000639,0.000582,3.4e-05,58,6
Kubernetes---kb_422_Normalized.json,Kubernetes---kb_422_Normalized.json::test_00004,invalid,passed,False,True,correct_reject,0.002358,0.000876,0.000795,5e-05,44,10
Kubernetes---kb_423_Normalized.json,Kubernetes---kb_423_Normalized.json::test_00000,valid,passed,True,True,correct_accept,0.00132,0.002007,0.001854,9.7e-05,20,20
Kubernetes---kb_423_Normalized.json,Kubernetes---kb_423_Normalized.json::test_00001,invalid,passed,False,True,correct_reject,0.00132,0.000591,0.000537,3.3e-05,19,5
Kubernetes---kb_423_Normalized.json,Kubernetes---kb_423_Normalized.json::test_00002,valid,passed,True,True,correct_accept,0.00132,0.001209,0.0011,6.8e-05,14,14
Kubernetes---kb_423_Normalized.json,Kubernetes---kb_423_Normalized.json::test_00003,invalid,passed,False,True,correct_reject,0.00132,0.000521,0.000475,2.5e-05,11,4
Kubernetes---kb_423_Normalized.json,Kubernetes---kb_423_Normalized.json::test_00004,invalid,passed,False,True,correct_reject,0.00132,0.000761,0.000677,5e-05,11,10
Kubernetes---kb_424_Normalized.json,Kubernetes---kb_424_Normalized.json::test_00000,valid,passed,True,True,correct_accept,0.001553,0.002021,0.001866,9.7e-05,20,20
Kubernetes---kb_424_Normalized.json,Kubernetes---kb_424_Normalized.json::test_00001,invalid,passed,False,True,correct_reject,0.001553,0.000592,0.000535,3.2e-05,19,5
Kubernetes---kb_424_Normalized.json,Kubernetes---kb_424_Normalized.json::test_00002,valid,passed,True,True,correct_accept,0.001553,0.001195,0.001083,6.8e-05,13,13
Kubernetes---kb_424_Normalized.json,Kubernetes---kb_424_Normalized.json::test_00003,invalid,passed,False,True,correct_reject,0.001553,0.000592,0.000536,3.4e-05,13,5
Kubernetes---kb_424_Normalized.json,Kubernetes---kb_424_Normalized.json::test_00004,invalid,passed,False,True,correct_reject,0.001553,0.000601,0.000545,3.4e-05,14,5
Kubernetes---kb_425_Normalized.json,Kubernetes---kb_425_Normalized.json::test_00000,valid,failed,False,True,over_constraint,0.001926,0.001634,0.001255,0.000157,43,11
Kubernetes---kb_425_Normalized.json,Kubernetes---kb_425_Normalized.json::test_00001,invalid,passed,False,True,correct_reject,0.001926,0.001068,0.00085,6e-05,41,11
Kubernetes---kb_425_Normalized.json,Kubernetes---kb_425_Normalized.json::test_00002,invalid,passed,False,True,correct_reject,0.001926,0.001079,0.000969,6.9e-05,28,12
Kubernetes---kb_426_Normalized.json,Kubernetes---kb_426_Normalized.json::test_00000,valid,failed,False,True,over_constraint,0.002129,0.001771,0.001348,0.000185,42,11
Kubernetes---kb_426_Normalized.json,Kubernetes---kb_426_Normalized.json::test_00001,valid,failed,False,True,over_constraint,0.002129,0.00121,0.000979,7.6e-05,42,11
Kubernetes---kb_426_Normalized.json,Kubernetes---kb_426_Normalized.json::test_00002,invalid,passed,False,True,correct_reject,0.002129,0.001159,0.000927,6.7e-05,42,11
Kubernetes---kb_426_Normalized.json,Kubernetes---kb_426_Normalized.json::test_00003,invalid,passed,False,True,correct_reject,0.002129,0.001206,0.000958,7.5e-05,39,11
Kubernetes---kb_427_Normalized.json,Kubernetes---kb_427_Normalized.json::test_00000,valid,failed,False,True,over_constraint,0.002818,0.00176,0.001355,0.000165,42,11
Kubernetes---kb_427_Normalized.json,Kubernetes---kb_427_Normalized.json::test_00001,invalid,passed,False,True,correct_reject,0.002818,0.001107,0.000884,6.2e-05,40,11
Kubernetes---kb_427_Normalized.json,Kubernetes---kb_427_Normalized.json::test_00002,invalid,passed,False,True,correct_reject,0.002818,0.000641,0.000463,3.2e-05,51,4
Kubernetes---kb_427_Normalized.json,Kubernetes---kb_427_Normalized.json::test_00003,invalid,passed,False,True,correct_reject,0.002818,0.001065,0.000848,6.2e-05,33,11
Kubernetes---kb_428_Normalized.json,Kubernetes---kb_428_Normalized.json::test_00000,valid,failed,False,True,over_constraint,0.002054,0.002145,0.001794,0.000176,106,14
Kubernetes---kb_428_Normalized.json,Kubernetes---kb_428_Normalized.json::test_00001,valid,failed,False,True,over_constraint,0.002054,0.001402,0.001158,8.1e-05,80,14
Kubernetes---kb_428_Normalized.json,Kubernetes---kb_428_Normalized.json::test_00002,invalid,passed,False,True,correct_reject,0.002054,0.000507,0.000462,2.7e-05,6,4
Kubernetes---kb_428_Normalized.json,Kubernetes---kb_428_Normalized.json::test_00003,invalid,passed,False,True,correct_reject,0.002054,0.000626,0.000563,3.7e-05,31,5
Kubernetes---kb_429_Normalized.json,Kubernetes---kb_429_Normalized.json::test_00000,valid,failed,False,True,over_constraint,0.001984,0.002228,0.001859,0.000186,80,14
Kubernetes---kb_429_Normalized.json,Kubernetes---kb_429_Normalized.json::test_00001,valid,failed,False,True,over_constraint,0.001984,0.001327,0.001024,0.000133,128,14
Kubernetes---kb_429_Normalized.json,Kubernetes---kb_429_Normalized.json::test_00002,invalid,passed,False,True,correct_reject,0.001984,0.000558,0.000503,3.3e-05,7,5
Kubernetes---kb_429_Normalized.json,Kubernetes---kb_429_Normalized.json::test_00003,invalid,passed,False,True,correct_reject,0.001984,0.001133,0.000901,7.9e-05,163,14
Kubernetes---kb_42_Normalized.json,Kubernetes---kb_42_Normalized.json::test_00000,valid,failed,False,True,over_constraint,0.001454,0.000503,0.000361,1.3e-05,18,1
Kubernetes---kb_42_Normalized.json,Kubernetes---kb_42_Normalized.json::test_00001,invalid,passed,False,True,correct_reject,0.001454,0.000441,0.000321,1.4e-05,15,1
Kubernetes---kb_42_Normalized.json,Kubernetes---kb_42_Normalized.json::test_00002,invalid,passed,False,True,correct_reject,0.001454,0.000506,0.000354,1.8e-05,16,1
Kubernetes---kb_42_Normalized.json,Kubernetes---kb_42_Normalized.json::test_00003,valid,failed,False,True,over_constraint,0.001454,0.000452,0.000327,1.4e-05,17,1
Kubernetes---kb_42_Normalized.json,Kubernetes---kb_42_Normalized.json::test_00004,invalid,passed,False,True,correct_reject,0.001454,0.000393,0.000365,1.6e-05,16,2
Kubernetes---kb_42_Normalized.json,Kubernetes---kb_42_Normalized.json::test_00005,invalid,passed,False,True,correct_reject,0.001454,0.000418,0.000389,1.6e-05,15,2
Kubernetes---kb_430_Normalized.json,Kubernetes---kb_430_Normalized.json::test_00000,valid,failed,False,True,over_constraint,0.001942,0.001928,0.001549,0.000135,74,14
Kubernetes---kb_430_Normalized.json,Kubernetes---kb_430_Normalized.json::test_00001,valid,failed,False,True,over_constraint,0.001942,0.00111,0.000885,7.4e-05,80,14
Kubernetes---kb_430_Normalized.json,Kubernetes---kb_430_Normalized.json::test_00002,invalid,passed,False,True,correct_reject,0.001942,0.000597,0.000537,3.6e-05,6,4
Kubernetes---kb_431_Normalized.json,Kubernetes---kb_431_Normalized.json::test_00000,valid,passed,True,True,correct_accept,0.001339,0.00111,0.001001,7.1e-05,12,12
Kubernetes---kb_431_Normalized.json,Kubernetes---kb_431_Normalized.json::test_00001,invalid,passed,False,True,correct_reject,0.001339,0.00076,0.000677,5e-05,12,10
Kubernetes---kb_431_Normalized.json,Kubernetes---kb_431_Normalized.json::test_00002,invalid,passed,False,True,correct_reject,0.001339,0.000782,0.0007,5e-05,12,10
Kubernetes---kb_431_Normalized.json,Kubernetes---kb_431_Normalized.json::test_00003,valid,passed,True,True,correct_accept,0.001339,0.000894,0.000795,6.3e-05,12,12
Kubernetes---kb_431_Normalized.json,Kubernetes---kb_431_Normalized.json::test_00004,invalid,passed,False,True,correct_reject,0.001339,0.000384,0.000358,1.6e-05,12,2
Kubernetes---kb_432_Normalized.json,Kubernetes---kb_432_Normalized.json::test_00000,valid,passed,True,True,correct_accept,0.001813,0.001067,0.000965,6.2e-05,12,12
Kubernetes---kb_432_Normalized.json,Kubernetes---kb_432_Normalized.json::test_00001,invalid,passed,False,True,correct_reject,0.001813,0.000755,0.000675,4.8e-05,12,10
Kubernetes---kb_432_Normalized.json,Kubernetes---kb_432_Normalized.json::test_00002,invalid,passed,False,True,correct_reject,0.001813,0.000774,0.000693,5e-05,12,10
Kubernetes---kb_432_Normalized.json,Kubernetes---kb_432_Normalized.json::test_00003,invalid,passed,False,True,correct_reject,0.001813,0.000519,0.000478,2.4e-05,12,4
Kubernetes---kb_432_Normalized.json,Kubernetes---kb_432_Normalized.json::test_00004,valid,passed,True,True,correct_accept,0.001813,0.000987,0.000861,8.2e-05,12,12
Kubernetes---kb_432_Normalized.json,Kubernetes---kb_432_Normalized.json::test_00005,invalid,passed,False,True,correct_reject,0.001813,0.000436,0.000407,1.7e-05,12,2
Kubernetes---kb_433_Normalized.json,Kubernetes---kb_433_Normalized.json::test_00000,valid,passed,True,True,correct_accept,0.001362,0.001055,0.000949,6.4e-05,12,12
Kubernetes---kb_433_Normalized.json,Kubernetes---kb_433_Normalized.json::test_00001,invalid,passed,False,True,correct_reject,0.001362,0.00063,0.000575,3.4e-05,12,4
Kubernetes---kb_433_Normalized.json,Kubernetes---kb_433_Normalized.json::test_00002,invalid,passed,False,True,correct_reject,0.001362,0.000807,0.000696,7.6e-05,12,10
Kubernetes---kb_433_Normalized.json,Kubernetes---kb_433_Normalized.json::test_00003,valid,passed,True,True,correct_accept,0.001362,0.000861,0.000762,6e-05,12,12
Kubernetes---kb_433_Normalized.json,Kubernetes---kb_433_Normalized.json::test_00004,invalid,passed,False,True,correct_reject,0.001362,0.00058,0.000538,2.2e-05,11,2
Kubernetes---kb_434_Normalized.json,Kubernetes---kb_434_Normalized.json::test_00000,valid,passed,True,True,correct_accept,0.001607,0.006371,0.005863,0.000296,86,86
Kubernetes---kb_434_Normalized.json,Kubernetes---kb_434_Normalized.json::test_00001,invalid,passed,False,True,correct_reject,0.001607,0.000659,0.000598,3.6e-05,75,6
Kubernetes---kb_434_Normalized.json,Kubernetes---kb_434_Normalized.json::test_00002,invalid,passed,False,True,correct_reject,0.001607,0.004459,0.004097,0.000202,86,70
Kubernetes---kb_435_Normalized.json,Kubernetes---kb_435_Normalized.json::test_00000,valid,passed,True,True,correct_accept,0.001554,0.006245,0.005763,0.000276,89,89
Kubernetes---kb_435_Normalized.json,Kubernetes---kb_435_Normalized.json::test_00001,invalid,passed,False,True,correct_reject,0.001554,0.000761,0.00069,4.4e-05,78,6
Kubernetes---kb_435_Normalized.json,Kubernetes---kb_435_Normalized.json::test_00002,invalid,passed,False,True,correct_reject,0.001554,0.005029,0.004631,0.000222,89,73
Kubernetes---kb_435_Normalized.json,Kubernetes---kb_435_Normalized.json::test_00003,invalid,passed,False,True,correct_reject,0.001554,0.000681,0.000617,3.8e-05,77,6
Kubernetes---kb_435_Normalized.json,Kubernetes---kb_435_Normalized.json::test_00004,invalid,passed,False,True,correct_reject,0.001554,0.00064,0.000581,3.4e-05,80,6
Kubernetes---kb_435_Normalized.json,Kubernetes---kb_435_Normalized.json::test_00005,invalid,passed,False,True,correct_reject,0.001554,0.000708,0.000643,3.8e-05,80,6
Kubernetes---kb_436_Normalized.json,Kubernetes---kb_436_Normalized.json::test_00000,valid,failed,False,True,over_constraint,0.005078,0.006723,0.005883,0.000548,131,45
Kubernetes---kb_436_Normalized.json,Kubernetes---kb_436_Normalized.json::test_00001,valid,failed,False,True,over_constraint,0.005078,0.004452,0.003955,0.000232,111,45
Kubernetes---kb_436_Normalized.json,Kubernetes---kb_436_Normalized.json::test_00002,invalid,passed,False,True,correct_reject,0.005078,0.003725,0.003414,0.000206,107,38
Kubernetes---kb_437_Normalized.json,Kubernetes---kb_437_Normalized.json::test_00000,valid,failed,False,True,over_constraint,0.005748,0.001353,0.001115,0.000128,137,6
Kubernetes---kb_437_Normalized.json,Kubernetes---kb_437_Normalized.json::test_00001,valid,failed,False,True,over_constraint,0.005748,0.000916,0.000762,3.7e-05,136,6
Kubernetes---kb_437_Normalized.json,Kubernetes---kb_437_Normalized.json::test_00002,invalid,passed,False,True,correct_reject,0.005748,0.000896,0.000747,3.7e-05,147,6
Kubernetes---kb_438_Normalized.json,Kubernetes---kb_438_Normalized.json::test_00000,valid,failed,False,True,over_constraint,0.005127,0.001708,0.001427,0.000127,151,6
Kubernetes---kb_438_Normalized.json,Kubernetes---kb_438_Normalized.json::test_00001,valid,failed,False,True,over_constraint,0.005127,0.000965,0.000785,3.5e-05,136,6
Kubernetes---kb_438_Normalized.json,Kubernetes---kb_438_Normalized.json::test_00002,invalid,passed,False,True,correct_reject,0.005127,0.000922,0.000746,3.6e-05,127,6
Kubernetes---kb_439_Normalized.json,Kubernetes---kb_439_Normalized.json::test_00000,valid,failed,False,True,over_constraint,0.00178,0.00155,0.001164,0.000114,24,8
Kubernetes---kb_439_Normalized.json,Kubernetes---kb_439_Normalized.json::test_00001,invalid,passed,False,True,correct_reject,0.00178,0.000918,0.000724,5e-05,34,8
Kubernetes---kb_439_Normalized.json,Kubernetes---kb_439_Normalized.json::test_00002,invalid,passed,False,True,correct_reject,0.00178,0.000522,0.000345,1.3e-05,16,1
Kubernetes---kb_439_Normalized.json,Kubernetes---kb_439_Normalized.json::test_00003,invalid,passed,False,True,correct_reject,0.00178,0.000927,0.000732,4.7e-05,46,8
Kubernetes---kb_43_Normalized.json,Kubernetes---kb_43_Normalized.json::test_00000,valid,failed,False,True,over_constraint,0.004732,0.005101,0.004446,0.000414,103,43
Kubernetes---kb_43_Normalized.json,Kubernetes---kb_43_Normalized.json::test_00001,invalid,passed,False,True,correct_reject,0.004732,0.000829,0.000764,4e-05,94,6
Kubernetes---kb_43_Normalized.json,Kubernetes---kb_43_Normalized.json::test_00002,invalid,passed,False,True,correct_reject,0.004732,0.001497,0.00135,8.9e-05,102,21
Kubernetes---kb_43_Normalized.json,Kubernetes---kb_43_Normalized.json::test_00003,valid,failed,False,True,over_constraint,0.004732,0.00348,0.003081,0.000174,121,43
Kubernetes---kb_43_Normalized.json,Kubernetes---kb_43_Normalized.json::test_00004,invalid,passed,False,True,correct_reject,0.004732,0.002119,0.001912,0.000128,125,31
Kubernetes---kb_440_Normalized.json,Kubernetes---kb_440_Normalized.json::test_00000,valid,failed,False,True,over_constraint,0.002147,0.00223,0.001677,0.00018,24,8
Kubernetes---kb_440_Normalized.json,Kubernetes---kb_440_Normalized.json::test_00001,invalid,passed,False,True,correct_reject,0.002147,0.00103,0.000806,6.3e-05,37,8
Kubernetes---kb_440_Normalized.json,Kubernetes---kb_440_Normalized.json::test_00002,invalid,passed,False,True,correct_reject,0.002147,0.000885,0.000702,4.5e-05,39,8
Kubernetes---kb_440_Normalized.json,Kubernetes---kb_440_Normalized.json::test_00003,invalid,passed,False,True,correct_reject,0.002147,0.001049,0.000821,6.2e-05,24,8
Kubernetes---kb_441_Normalized.json,Kubernetes---kb_441_Normalized.json::test_00000,valid,failed,False,True,over_constraint,0.001713,0.002009,0.001502,0.000147,24,8
Kubernetes---kb_441_Normalized.json,Kubernetes---kb_441_Normalized.json::test_00001,invalid,passed,False,True,correct_reject,0.001713,0.001155,0.0009,6.4e-05,30,8
Kubernetes---kb_441_Normalized.json,Kubernetes---kb_441_Normalized.json::test_00002,invalid,passed,False,True,correct_reject,0.001713,0.000837,0.000759,4.8e-05,24,9
Kubernetes---kb_442_Normalized.json,Kubernetes---kb_442_Normalized.json::test_00000,valid,failed,False,True,over_constraint,0.003494,0.001409,0.001161,0.000135,112,6
Kubernetes---kb_442_Normalized.json,Kubernetes---kb_442_Normalized.json::test_00001,invalid,passed,False,True,correct_reject,0.003494,0.000863,0.000721,3.6e-05,109,6
Kubernetes---kb_442_Normalized.json,Kubernetes---kb_442_Normalized.json::test_00002,invalid,passed,False,True,correct_reject,0.003494,0.000898,0.00075,3.7e-05,109,6
Kubernetes---kb_442_Normalized.json,Kubernetes---kb_442_Normalized.json::test_00003,valid,failed,False,True,over_constraint,0.003494,0.000922,0.000769,3.7e-05,102,6
Kubernetes---kb_442_Normalized.json,Kubernetes---kb_442_Normalized.json::test_00004,invalid,passed,False,True,correct_reject,0.003494,0.000873,0.000732,3.6e-05,99,6
Kubernetes---kb_442_Normalized.json,Kubernetes---kb_442_Normalized.json::test_00005,invalid,passed,False,True,correct_reject,0.003494,0.000889,0.000746,3.7e-05,99,6
Kubernetes---kb_443_Normalized.json,Kubernetes---kb_443_Normalized.json::test_00000,valid,failed,False,True,over_constraint,0.003505,0.001558,0.00128,0.000132,112,6
Kubernetes---kb_443_Normalized.json,Kubernetes---kb_443_Normalized.json::test_00001,invalid,passed,False,True,correct_reject,0.003505,0.000784,0.000729,3.2e-05,103,6
Kubernetes---kb_443_Normalized.json,Kubernetes---kb_443_Normalized.json::test_00002,invalid,passed,False,True,correct_reject,0.003505,0.000921,0.000753,3.3e-05,108,6
Kubernetes---kb_443_Normalized.json,Kubernetes---kb_443_Normalized.json::test_00003,invalid,passed,False,True,correct_reject,0.003505,0.000942,0.000759,3.4e-05,109,6
Kubernetes---kb_443_Normalized.json,Kubernetes---kb_443_Normalized.json::test_00004,valid,failed,False,True,over_constraint,0.003505,0.000972,0.000798,3.8e-05,111,6
Kubernetes---kb_443_Normalized.json,Kubernetes---kb_443_Normalized.json::test_00005,invalid,passed,False,True,correct_reject,0.003505,0.000983,0.000807,3.8e-05,78,6
Kubernetes---kb_443_Normalized.json,Kubernetes---kb_443_Normalized.json::test_00006,invalid,passed,False,True,correct_reject,0.003505,0.000938,0.000763,3.7e-05,109,6
Kubernetes---kb_444_Normalized.json,Kubernetes---kb_444_Normalized.json::test_00000,valid,failed,False,True,over_constraint,0.004,0.000872,0.000723,3.8e-05,158,6
Kubernetes---kb_444_Normalized.json,Kubernetes---kb_444_Normalized.json::test_00001,invalid,passed,False,True,correct_reject,0.004,0.000727,0.000578,3.6e-05,137,6
Kubernetes---kb_444_Normalized.json,Kubernetes---kb_444_Normalized.json::test_00002,invalid,passed,False,True,correct_reject,0.004,0.000699,0.000553,3.6e-05,149,6
Kubernetes---kb_444_Normalized.json,Kubernetes---kb_444_Normalized.json::test_00003,invalid,passed,False,True,correct_reject,0.004,0.000737,0.000584,3.7e-05,155,6
Kubernetes---kb_444_Normalized.json,Kubernetes---kb_444_Normalized.json::test_00004,valid,failed,False,True,over_constraint,0.004,0.0007,0.000552,3.6e-05,145,6
Kubernetes---kb_444_Normalized.json,Kubernetes---kb_444_Normalized.json::test_00005,invalid,passed,False,True,correct_reject,0.004,0.000744,0.000588,4e-05,123,6
Kubernetes---kb_444_Normalized.json,Kubernetes---kb_444_Normalized.json::test_00006,invalid,passed,False,True,correct_reject,0.004,0.000776,0.000606,5.4e-05,171,6
Kubernetes---kb_444_Normalized.json,Kubernetes---kb_444_Normalized.json::test_00007,invalid,passed,False,True,correct_reject,0.004,0.000721,0.000572,3.6e-05,105,6
Kubernetes---kb_445_Normalized.json,Kubernetes---kb_445_Normalized.json::test_00000,valid,failed,False,True,over_constraint,0.004056,0.001138,0.000947,4.2e-05,156,6
Kubernetes---kb_445_Normalized.json,Kubernetes---kb_445_Normalized.json::test_00001,invalid,passed,False,True,correct_reject,0.004056,0.000856,0.000667,4.1e-05,135,6
Kubernetes---kb_445_Normalized.json,Kubernetes---kb_445_Normalized.json::test_00002,invalid,passed,False,True,correct_reject,0.004056,0.000866,0.00066,4e-05,147,6
Kubernetes---kb_445_Normalized.json,Kubernetes---kb_445_Normalized.json::test_00003,invalid,passed,False,True,correct_reject,0.004056,0.000883,0.000677,3.9e-05,154,6
Kubernetes---kb_445_Normalized.json,Kubernetes---kb_445_Normalized.json::test_00004,valid,failed,False,True,over_constraint,0.004056,0.000872,0.000679,4.1e-05,145,6
Kubernetes---kb_445_Normalized.json,Kubernetes---kb_445_Normalized.json::test_00005,invalid,passed,False,True,correct_reject,0.004056,0.000659,0.000599,3.5e-05,136,6
Kubernetes---kb_445_Normalized.json,Kubernetes---kb_445_Normalized.json::test_00006,invalid,passed,False,True,correct_reject,0.004056,0.000827,0.000641,3.9e-05,227,6
Kubernetes---kb_446_Normalized.json,Kubernetes---kb_446_Normalized.json::test_00000,valid,failed,False,True,over_constraint,0.001899,0.001773,0.001473,0.000146,39,8
Kubernetes---kb_446_Normalized.json,Kubernetes---kb_446_Normalized.json::test_00001,invalid,passed,False,True,correct_reject,0.001899,0.000748,0.000692,3.4e-05,33,5
Kubernetes---kb_446_Normalized.json,Kubernetes---kb_446_Normalized.json::test_00002,invalid,passed,False,True,correct_reject,0.001899,0.001241,0.001037,4.8e-05,30,8
Kubernetes---kb_446_Normalized.json,Kubernetes---kb_446_Normalized.json::test_00003,invalid,passed,False,True,correct_reject,0.001899,0.001239,0.001019,6.5e-05,36,8
Kubernetes---kb_446_Normalized.json,Kubernetes---kb_446_Normalized.json::test_00004,valid,failed,False,True,over_constraint,0.001899,0.001252,0.001045,4.6e-05,44,8
Kubernetes---kb_446_Normalized.json,Kubernetes---kb_446_Normalized.json::test_00005,invalid,passed,False,True,correct_reject,0.001899,0.000736,0.000678,3.4e-05,38,5
Kubernetes---kb_446_Normalized.json,Kubernetes---kb_446_Normalized.json::test_00006,invalid,passed,False,True,correct_reject,0.001899,0.001258,0.001053,4.6e-05,35,8
Kubernetes---kb_447_Normalized.json,Kubernetes---kb_447_Normalized.json::test_00000,valid,failed,False,True,over_constraint,0.001742,0.001817,0.001527,0.000129,44,8
Kubernetes---kb_447_Normalized.json,Kubernetes---kb_447_Normalized.json::test_00001,invalid,passed,False,True,correct_reject,0.001742,0.000781,0.000724,3.4e-05,38,5
Kubernetes---kb_447_Normalized.json,Kubernetes---kb_447_Normalized.json::test_00002,invalid,passed,False,True,correct_reject,0.001742,0.00122,0.001023,4.4e-05,35,8
Kubernetes---kb_448_Normalized.json,Kubernetes---kb_448_Normalized.json::test_00000,valid,failed,False,True,over_constraint,0.006844,0.006295,0.005494,0.000516,157,50
Kubernetes---kb_449_Normalized.json,Kubernetes---kb_449_Normalized.json::test_00000,valid,failed,False,True,over_constraint,0.005822,0.000969,0.000804,4.3e-05,159,6
Kubernetes---kb_449_Normalized.json,Kubernetes---kb_449_Normalized.json::test_00001,valid,failed,False,True,over_constraint,0.005822,0.000795,0.000633,4e-05,142,6
Kubernetes---kb_449_Normalized.json,Kubernetes---kb_449_Normalized.json::test_00002,invalid,passed,False,True,correct_reject,0.005822,0.000717,0.000562,3.6e-05,161,6
Kubernetes---kb_44_Normalized.json,Kubernetes---kb_44_Normalized.json::test_00000,valid,failed,False,True,over_constraint,0.004123,0.005265,0.004622,0.000415,103,43
Kubernetes---kb_44_Normalized.json,Kubernetes---kb_44_Normalized.json::test_00001,invalid,passed,False,True,correct_reject,0.004123,0.000776,0.000721,3.3e-05,94,6
Kubernetes---kb_44_Normalized.json,Kubernetes---kb_44_Normalized.json::test_00002,invalid,passed,False,True,correct_reject,0.004123,0.001873,0.001742,7.7e-05,102,21
Kubernetes---kb_44_Normalized.json,Kubernetes---kb_44_Normalized.json::test_00003,invalid,passed,False,True,correct_reject,0.004123,0.003642,0.003276,0.000155,84,43
Kubernetes---kb_44_Normalized.json,Kubernetes---kb_44_Normalized.json::test_00004,valid,failed,False,True,over_constraint,0.004123,0.003537,0.003175,0.000153,117,43
Kubernetes---kb_44_Normalized.json,Kubernetes---kb_44_Normalized.json::test_00005,invalid,passed,False,True,correct_reject,0.004123,0.002663,0.002473,0.000122,116,21
Kubernetes---kb_451_Normalized.json,Kubernetes---kb_451_Normalized.json::test_00000,valid,failed,False,True,over_constraint,0.002197,0.002905,0.002498,0.000229,75,24
Kubernetes---kb_451_Normalized.json,Kubernetes---kb_451_Normalized.json::test_00001,valid,failed,False,True,over_constraint,0.002197,0.002069,0.001795,0.000103,84,24
Kubernetes---kb_451_Normalized.json,Kubernetes---kb_451_Normalized.json::test_00002,invalid,passed,False,True,correct_reject,0.002197,0.000683,0.000635,2.8e-05,83,5
Kubernetes---kb_451_Normalized.json,Kubernetes---kb_451_Normalized.json::test_00003,invalid,passed,False,True,correct_reject,0.002197,0.001031,0.000943,5.5e-05,82,15
Kubernetes---kb_452_Normalized.json,Kubernetes---kb_452_Normalized.json::test_00000,valid,failed,False,True,over_constraint,0.002458,0.003501,0.003024,0.000266,75,24
Kubernetes---kb_452_Normalized.json,Kubernetes---kb_452_Normalized.json::test_00001,valid,failed,False,True,over_constraint,0.002458,0.002203,0.001903,0.000113,87,24
Kubernetes---kb_452_Normalized.json,Kubernetes---kb_452_Normalized.json::test_00002,invalid,passed,False,True,correct_reject,0.002458,0.000631,0.000584,2.9e-05,86,5
Kubernetes---kb_452_Normalized.json,Kubernetes---kb_452_Normalized.json::test_00003,invalid,passed,False,True,correct_reject,0.002458,0.001661,0.00142,9.5e-05,79,24
Kubernetes---kb_453_Normalized.json,Kubernetes---kb_453_Normalized.json::test_00000,valid,failed,False,True,over_constraint,0.001551,0.002201,0.00189,0.000165,90,24
Kubernetes---kb_453_Normalized.json,Kubernetes---kb_453_Normalized.json::test_00001,valid,failed,False,True,over_constraint,0.001551,0.001541,0.001325,7.8e-05,84,24
Kubernetes---kb_453_Normalized.json,Kubernetes---kb_453_Normalized.json::test_00002,invalid,passed,False,True,correct_reject,0.001551,0.00047,0.000434,2.1e-05,83,5
Kubernetes---kb_453_Normalized.json,Kubernetes---kb_453_Normalized.json::test_00003,invalid,passed,False,True,correct_reject,0.001551,0.00148,0.001269,7.4e-05,74,24
Kubernetes---kb_454_Normalized.json,Kubernetes---kb_454_Normalized.json::test_00000,valid,failed,False,True,over_constraint,0.001915,0.001499,0.001232,0.00015,96,11
Kubernetes---kb_454_Normalized.json,Kubernetes---kb_454_Normalized.json::test_00001,valid,failed,False,True,over_constraint,0.001915,0.000347,0.000204,1e-05,74,1
Kubernetes---kb_454_Normalized.json,Kubernetes---kb_454_Normalized.json::test_00002,invalid,passed,False,True,correct_reject,0.001915,0.000331,0.000202,1e-05,74,1
Kubernetes---kb_454_Normalized.json,Kubernetes---kb_454_Normalized.json::test_00003,invalid,passed,False,True,correct_reject,0.001915,0.000978,0.000549,3e-05,78,1
Kubernetes---kb_454_Normalized.json,Kubernetes---kb_454_Normalized.json::test_00004,invalid,passed,False,True,correct_reject,0.001915,0.000339,0.000216,1e-05,68,1
Kubernetes---kb_455_Normalized.json,Kubernetes---kb_455_Normalized.json::test_00000,valid,failed,False,True,over_constraint,0.001954,0.001498,0.001229,0.000152,96,11
Kubernetes---kb_455_Normalized.json,Kubernetes---kb_455_Normalized.json::test_00001,valid,failed,False,True,over_constraint,0.001954,0.000325,0.000202,9e-06,76,1
Kubernetes---kb_455_Normalized.json,Kubernetes---kb_455_Normalized.json::test_00002,invalid,passed,False,True,correct_reject,0.001954,0.000345,0.00022,1e-05,75,1
Kubernetes---kb_455_Normalized.json,Kubernetes---kb_455_Normalized.json::test_00003,invalid,passed,False,True,correct_reject,0.001954,0.000329,0.000205,1e-05,76,1
Kubernetes---kb_456_Normalized.json,Kubernetes---kb_456_Normalized.json::test_00000,valid,failed,False,True,over_constraint,0.001993,0.000566,0.000225,1.1e-05,82,1
Kubernetes---kb_456_Normalized.json,Kubernetes---kb_456_Normalized.json::test_00001,valid,failed,False,True,over_constraint,0.001993,0.000377,0.000255,1e-05,80,1
Kubernetes---kb_457_Normalized.json,Kubernetes---kb_457_Normalized.json::test_00000,valid,failed,False,True,over_constraint,0.001821,0.001297,0.000957,0.000167,29,5
Kubernetes---kb_457_Normalized.json,Kubernetes---kb_457_Normalized.json::test_00001,invalid,passed,False,True,correct_reject,0.001821,0.000641,0.000515,2.6e-05,28,5
Kubernetes---kb_457_Normalized.json,Kubernetes---kb_457_Normalized.json::test_00002,valid,failed,False,True,over_constraint,0.001821,0.000614,0.00049,2.5e-05,41,5
Kubernetes---kb_457_Normalized.json,Kubernetes---kb_457_Normalized.json::test_00003,invalid,passed,False,True,correct_reject,0.001821,0.000666,0.000516,3.1e-05,42,5
Kubernetes---kb_458_Normalized.json,Kubernetes---kb_458_Normalized.json::test_00000,valid,failed,False,True,over_constraint,0.00184,0.001158,0.000822,0.000142,48,5
Kubernetes---kb_458_Normalized.json,Kubernetes---kb_458_Normalized.json::test_00001,invalid,passed,False,True,correct_reject,0.00184,0.000647,0.000515,2.5e-05,41,5
Kubernetes---kb_458_Normalized.json,Kubernetes---kb_458_Normalized.json::test_00002,valid,failed,False,True,over_constraint,0.00184,0.000664,0.000533,2.6e-05,29,5
Kubernetes---kb_458_Normalized.json,Kubernetes---kb_458_Normalized.json::test_00003,invalid,passed,False,True,correct_reject,0.00184,0.00066,0.00053,2.8e-05,29,5
Kubernetes---kb_459_Normalized.json,Kubernetes---kb_459_Normalized.json::test_00000,valid,failed,False,True,over_constraint,0.002183,0.000975,0.000732,0.0001,50,5
Kubernetes---kb_459_Normalized.json,Kubernetes---kb_459_Normalized.json::test_00001,invalid,passed,False,True,correct_reject,0.002183,0.000692,0.000544,3.2e-05,46,5
Kubernetes---kb_459_Normalized.json,Kubernetes---kb_459_Normalized.json::test_00002,valid,failed,False,True,over_constraint,0.002183,0.000687,0.000534,3.3e-05,41,5
Kubernetes---kb_459_Normalized.json,Kubernetes---kb_459_Normalized.json::test_00003,invalid,passed,False,True,correct_reject,0.002183,0.000641,0.000509,2.7e-05,29,5
Kubernetes---kb_45_Normalized.json,Kubernetes---kb_45_Normalized.json::test_00000,valid,failed,False,True,over_constraint,0.004626,0.006561,0.005763,0.000514,152,62
Kubernetes---kb_45_Normalized.json,Kubernetes---kb_45_Normalized.json::test_00001,invalid,passed,False,True,correct_reject,0.004626,0.003364,0.002997,0.000149,150,62
Kubernetes---kb_45_Normalized.json,Kubernetes---kb_45_Normalized.json::test_00002,invalid,passed,False,True,correct_reject,0.004626,0.003353,0.002987,0.000151,160,62
Kubernetes---kb_45_Normalized.json,Kubernetes---kb_45_Normalized.json::test_00003,invalid,passed,False,True,correct_reject,0.004626,0.003329,0.002967,0.000151,159,62
Kubernetes---kb_45_Normalized.json,Kubernetes---kb_45_Normalized.json::test_00004,invalid,passed,False,True,correct_reject,0.004626,0.000931,0.000822,6.1e-05,55,21
Kubernetes---kb_460_Normalized.json,Kubernetes---kb_460_Normalized.json::test_00000,valid,passed,True,True,correct_accept,0.001219,0.002341,0.002102,0.000184,20,20
Kubernetes---kb_460_Normalized.json,Kubernetes---kb_460_Normalized.json::test_00001,invalid,passed,False,True,correct_reject,0.001219,0.001034,0.000957,4.8e-05,23,9
Kubernetes---kb_460_Normalized.json,Kubernetes---kb_460_Normalized.json::test_00002,invalid,passed,False,True,correct_reject,0.001219,0.001124,0.001028,5.9e-05,18,9
Kubernetes---kb_460_Normalized.json,Kubernetes---kb_460_Normalized.json::test_00003,valid,passed,True,True,correct_accept,0.001219,0.001665,0.001548,7.2e-05,22,22
Kubernetes---kb_460_Normalized.json,Kubernetes---kb_460_Normalized.json::test_00004,invalid,passed,False,True,correct_reject,0.001219,0.000513,0.000477,2.1e-05,17,4
Kubernetes---kb_460_Normalized.json,Kubernetes---kb_460_Normalized.json::test_00005,invalid,passed,False,True,correct_reject,0.001219,0.000982,0.000904,4.5e-05,21,9
Kubernetes---kb_461_Normalized.json,Kubernetes---kb_461_Normalized.json::test_00000,valid,passed,True,True,correct_accept,0.001205,0.002376,0.002141,0.000181,20,20
Kubernetes---kb_461_Normalized.json,Kubernetes---kb_461_Normalized.json::test_00001,invalid,passed,False,True,correct_reject,0.001205,0.000529,0.000489,2.4e-05,19,5
Kubernetes---kb_461_Normalized.json,Kubernetes---kb_461_Normalized.json::test_00002,invalid,passed,False,True,correct_reject,0.001205,0.000731,0.000675,3.5e-05,18,9
Kubernetes---kb_461_Normalized.json,Kubernetes---kb_461_Normalized.json::test_00003,valid,passed,True,True,correct_accept,0.001205,0.001654,0.001532,7.5e-05,22,22
Kubernetes---kb_461_Normalized.json,Kubernetes---kb_461_Normalized.json::test_00004,invalid,passed,False,True,correct_reject,0.001205,0.001026,0.000947,4.6e-05,25,14
Kubernetes---kb_461_Normalized.json,Kubernetes---kb_461_Normalized.json::test_00005,invalid,passed,False,True,correct_reject,0.001205,0.001212,0.00112,5.6e-05,25,14
Kubernetes---kb_462_Normalized.json,Kubernetes---kb_462_Normalized.json::test_00000,valid,passed,True,True,correct_accept,0.001215,0.00228,0.002059,0.000165,22,22
Kubernetes---kb_462_Normalized.json,Kubernetes---kb_462_Normalized.json::test_00001,invalid,passed,False,True,correct_reject,0.001215,0.00088,0.00081,4.1e-05,20,9
Kubernetes---kb_462_Normalized.json,Kubernetes---kb_462_Normalized.json::test_00002,valid,passed,True,True,correct_accept,0.001215,0.001604,0.001485,7.2e-05,20,20
Kubernetes---kb_462_Normalized.json,Kubernetes---kb_462_Normalized.json::test_00003,invalid,passed,False,True,correct_reject,0.001215,0.000965,0.000892,4.3e-05,18,9
Kubernetes---kb_462_Normalized.json,Kubernetes---kb_462_Normalized.json::test_00004,invalid,passed,False,True,correct_reject,0.001215,0.000644,0.000594,3e-05,19,5
Kubernetes---kb_463_Normalized.json,Kubernetes---kb_463_Normalized.json::test_00000,valid,passed,True,True,correct_accept,0.001097,0.001058,0.000982,4.8e-05,7,7
Kubernetes---kb_463_Normalized.json,Kubernetes---kb_463_Normalized.json::test_00001,invalid,passed,False,True,correct_reject,0.001097,0.000536,0.000491,2.6e-05,6,5
Kubernetes---kb_464_Normalized.json,Kubernetes---kb_464_Normalized.json::test_00000,valid,passed,True,True,correct_accept,0.001322,0.001288,0.001195,6e-05,8,8
Kubernetes---kb_464_Normalized.json,Kubernetes---kb_464_Normalized.json::test_00001,invalid,passed,False,True,correct_reject,0.001322,0.000642,0.000585,3.4e-05,6,5
Kubernetes---kb_46_Normalized.json,Kubernetes---kb_46_Normalized.json::test_00000,valid,failed,False,True,over_constraint,0.005134,0.006914,0.006115,0.000488,162,56
Kubernetes---kb_46_Normalized.json,Kubernetes---kb_46_Normalized.json::test_00001,invalid,passed,False,True,correct_reject,0.005134,0.00518,0.00467,0.000221,162,56
Kubernetes---kb_471_Normalized.json,Kubernetes---kb_471_Normalized.json::test_00000,valid,passed,True,True,correct_accept,0.00228,0.004621,0.004284,0.000218,40,40
Kubernetes---kb_471_Normalized.json,Kubernetes---kb_471_Normalized.json::test_00001,invalid,passed,False,True,correct_reject,0.00228,0.000752,0.000676,4.4e-05,32,6
Kubernetes---kb_471_Normalized.json,Kubernetes---kb_471_Normalized.json::test_00002,valid,passed,True,True,correct_accept,0.00228,0.003918,0.00361,0.000186,40,40
Kubernetes---kb_471_Normalized.json,Kubernetes---kb_471_Normalized.json::test_00003,invalid,passed,False,True,correct_reject,0.00228,0.000664,0.000603,3.8e-05,33,6
Kubernetes---kb_472_Normalized.json,Kubernetes---kb_472_Normalized.json::test_00000,valid,passed,True,True,correct_accept,0.001453,0.004456,0.004121,0.00022,40,40
Kubernetes---kb_472_Normalized.json,Kubernetes---kb_472_Normalized.json::test_00001,invalid,passed,False,True,correct_reject,0.001453,0.000666,0.000604,3.6e-05,32,6
Kubernetes---kb_472_Normalized.json,Kubernetes---kb_472_Normalized.json::test_00002,valid,passed,True,True,correct_accept,0.001453,0.003736,0.003487,0.000146,40,40
Kubernetes---kb_472_Normalized.json,Kubernetes---kb_472_Normalized.json::test_00003,invalid,passed,False,True,correct_reject,0.001453,0.000635,0.000576,3.5e-05,32,6
Kubernetes---kb_473_Normalized.json,Kubernetes---kb_473_Normalized.json::test_00000,valid,passed,True,True,correct_accept,0.001485,0.004527,0.004197,0.000216,40,40
Kubernetes---kb_473_Normalized.json,Kubernetes---kb_473_Normalized.json::test_00001,invalid,passed,False,True,correct_reject,0.001485,0.000759,0.000687,4.3e-05,32,6
Kubernetes---kb_473_Normalized.json,Kubernetes---kb_473_Normalized.json::test_00002,valid,passed,True,True,correct_accept,0.001485,0.00398,0.003709,0.000159,40,40
Kubernetes---kb_473_Normalized.json,Kubernetes---kb_473_Normalized.json::test_00003,invalid,passed,False,True,correct_reject,0.001485,0.000645,0.000585,3.4e-05,33,6
Kubernetes---kb_474_Normalized.json,Kubernetes---kb_474_Normalized.json::test_00000,valid,passed,True,True,correct_accept,0.002168,0.011797,0.010816,0.00062,150,150
Kubernetes---kb_474_Normalized.json,Kubernetes---kb_474_Normalized.json::test_00001,invalid,passed,False,True,correct_reject,0.002168,0.000706,0.000633,4.5e-05,151,6
Kubernetes---kb_474_Normalized.json,Kubernetes---kb_474_Normalized.json::test_00002,invalid,passed,False,True,correct_reject,0.002168,0.000583,0.000523,3.6e-05,151,7
Kubernetes---kb_474_Normalized.json,Kubernetes---kb_474_Normalized.json::test_00003,invalid,passed,False,True,correct_reject,0.002168,0.005262,0.004815,0.000249,144,81
Kubernetes---kb_474_Normalized.json,Kubernetes---kb_474_Normalized.json::test_00004,valid,passed,True,True,correct_accept,0.002168,0.005286,0.004861,0.000246,76,76
Kubernetes---kb_475_Normalized.json,Kubernetes---kb_475_Normalized.json::test_00000,valid,passed,True,True,correct_accept,0.002071,0.011637,0.010653,0.000624,150,150
Kubernetes---kb_475_Normalized.json,Kubernetes---kb_475_Normalized.json::test_00001,invalid,passed,False,True,correct_reject,0.002071,0.000667,0.000592,4.7e-05,151,6
Kubernetes---kb_475_Normalized.json,Kubernetes---kb_475_Normalized.json::test_00002,invalid,passed,False,True,correct_reject,0.002071,0.006405,0.005698,0.000432,144,81
Kubernetes---kb_475_Normalized.json,Kubernetes---kb_475_Normalized.json::test_00003,invalid,passed,False,True,correct_reject,0.002071,0.00739,0.006784,0.00036,154,113
Kubernetes---kb_475_Normalized.json,Kubernetes---kb_475_Normalized.json::test_00004,invalid,passed,False,True,correct_reject,0.002071,0.005157,0.004728,0.000239,144,81
Kubernetes---kb_475_Normalized.json,Kubernetes---kb_475_Normalized.json::test_00005,valid,passed,True,True,correct_accept,0.002071,0.01074,0.00969,0.00064,144,144
Kubernetes---kb_475_Normalized.json,Kubernetes---kb_475_Normalized.json::test_00006,invalid,passed,False,True,correct_reject,0.002071,0.00038,0.000354,1.5e-05,145,2
Kubernetes---kb_475_Normalized.json,Kubernetes---kb_475_Normalized.json::test_00007,invalid,passed,False,True,correct_reject,0.002071,0.000392,0.000363,1.6e-05,142,2
Kubernetes---kb_476_Normalized.json,Kubernetes---kb_476_Normalized.json::test_00000,valid,passed,True,True,correct_accept,0.003288,0.006907,0.006296,0.000438,70,70
Kubernetes---kb_476_Normalized.json,Kubernetes---kb_476_Normalized.json::test_00001,invalid,passed,False,True,correct_reject,0.003288,0.003632,0.003368,0.000146,70,49
Kubernetes---kb_476_Normalized.json,Kubernetes---kb_476_Normalized.json::test_00002,invalid,passed,False,True,correct_reject,0.003288,0.002062,0.001908,8.6e-05,70,27
Kubernetes---kb_476_Normalized.json,Kubernetes---kb_476_Normalized.json::test_00003,invalid,passed,False,True,correct_reject,0.003288,0.003906,0.003627,0.000157,68,49
Kubernetes---kb_476_Normalized.json,Kubernetes---kb_476_Normalized.json::test_00004,invalid,passed,False,True,correct_reject,0.003288,0.003805,0.003522,0.000161,67,49
Kubernetes---kb_476_Normalized.json,Kubernetes---kb_476_Normalized.json::test_00005,valid,passed,True,True,correct_accept,0.003288,0.009502,0.008715,0.000471,138,138
Kubernetes---kb_476_Normalized.json,Kubernetes---kb_476_Normalized.json::test_00006,invalid,passed,False,True,correct_reject,0.003288,0.000419,0.000393,1.6e-05,141,2
Kubernetes---kb_476_Normalized.json,Kubernetes---kb_476_Normalized.json::test_00007,invalid,passed,False,True,correct_reject,0.003288,0.000404,0.000376,1.6e-05,127,2
Kubernetes---kb_477_Normalized.json,Kubernetes---kb_477_Normalized.json::test_00000,valid,passed,True,True,correct_accept,0.002161,0.010518,0.009686,0.000511,137,137
Kubernetes---kb_477_Normalized.json,Kubernetes---kb_477_Normalized.json::test_00001,invalid,passed,False,True,correct_reject,0.002161,0.000798,0.000704,6e-05,138,6
Kubernetes---kb_477_Normalized.json,Kubernetes---kb_477_Normalized.json::test_00002,invalid,passed,False,True,correct_reject,0.002161,0.004927,0.004433,0.000297,137,74
Kubernetes---kb_477_Normalized.json,Kubernetes---kb_477_Normalized.json::test_00003,invalid,passed,False,True,correct_reject,0.002161,0.006886,0.006331,0.000311,142,108
Kubernetes---kb_477_Normalized.json,Kubernetes---kb_477_Normalized.json::test_00004,invalid,passed,False,True,correct_reject,0.002161,0.004791,0.004332,0.000267,137,74
Kubernetes---kb_477_Normalized.json,Kubernetes---kb_477_Normalized.json::test_00005,valid,passed,True,True,correct_accept,0.002161,0.006741,0.006218,0.0003,98,98
Kubernetes---kb_477_Normalized.json,Kubernetes---kb_477_Normalized.json::test_00006,invalid,passed,False,True,correct_reject,0.002161,0.000396,0.000369,1.6e-05,100,2
Kubernetes---kb_477_Normalized.json,Kubernetes---kb_477_Normalized.json::test_00007,invalid,passed,False,True,correct_reject,0.002161,0.000408,0.000379,1.7e-05,73,2
Kubernetes---kb_478_Normalized.json,Kubernetes---kb_478_Normalized.json::test_00000,valid,failed,False,True,over_constraint,0.028621,0.003781,0.003214,0.000337,54,26
Kubernetes---kb_478_Normalized.json,Kubernetes---kb_478_Normalized.json::test_00001,valid,failed,False,True,over_constraint,0.028621,0.002329,0.002006,0.000128,69,26
Kubernetes---kb_479_Normalized.json,Kubernetes---kb_479_Normalized.json::test_00000,valid,failed,False,True,over_constraint,0.032555,0.004187,0.003612,0.00036,60,26
Kubernetes---kb_479_Normalized.json,Kubernetes---kb_479_Normalized.json::test_00001,valid,failed,False,True,over_constraint,0.032555,0.003417,0.002991,0.000175,54,26
Kubernetes---kb_47_Normalized.json,Kubernetes---kb_47_Normalized.json::test_00000,valid,failed,False,True,over_constraint,0.003182,0.004323,0.003727,0.000233,86,40
Kubernetes---kb_47_Normalized.json,Kubernetes---kb_47_Normalized.json::test_00001,valid,failed,False,True,over_constraint,0.003182,0.003499,0.003018,0.000198,6980,41
Kubernetes---kb_480_Normalized.json,Kubernetes---kb_480_Normalized.json::test_00000,valid,passed,True,True,correct_accept,0.001501,0.005456,0.005046,0.000247,67,67
Kubernetes---kb_480_Normalized.json,Kubernetes---kb_480_Normalized.json::test_00001,invalid,passed,False,True,correct_reject,0.001501,0.00349,0.003226,0.000145,65,45
Kubernetes---kb_480_Normalized.json,Kubernetes---kb_480_Normalized.json::test_00002,invalid,passed,False,True,correct_reject,0.001501,0.003867,0.003573,0.000164,66,53
Kubernetes---kb_481_Normalized.json,Kubernetes---kb_481_Normalized.json::test_00000,valid,passed,True,True,correct_accept,0.001747,0.006035,0.005583,0.000269,67,67
Kubernetes---kb_481_Normalized.json,Kubernetes---kb_481_Normalized.json::test_00001,invalid,passed,False,True,correct_reject,0.001747,0.003695,0.003418,0.000156,65,45
Kubernetes---kb_481_Normalized.json,Kubernetes---kb_481_Normalized.json::test_00002,valid,passed,True,True,correct_accept,0.001747,0.005275,0.004851,0.000253,68,68
Kubernetes---kb_481_Normalized.json,Kubernetes---kb_481_Normalized.json::test_00003,invalid,passed,False,True,correct_reject,0.001747,0.000451,0.000417,1.8e-05,68,2
Kubernetes---kb_484_Normalized.json,Kubernetes---kb_484_Normalized.json::test_00000,valid,failed,False,True,over_constraint,0.039296,0.006775,0.005889,0.000558,114,68
Kubernetes---kb_484_Normalized.json,Kubernetes---kb_484_Normalized.json::test_00001,valid,failed,False,True,over_constraint,0.039296,0.004913,0.004222,0.000336,114,68
Kubernetes---kb_484_Normalized.json,Kubernetes---kb_484_Normalized.json::test_00002,invalid,passed,False,True,correct_reject,0.039296,0.000675,0.000614,3.6e-05,114,6
Kubernetes---kb_484_Normalized.json,Kubernetes---kb_484_Normalized.json::test_00003,invalid,passed,False,True,correct_reject,0.039296,0.000635,0.000576,3.4e-05,114,6
Kubernetes---kb_484_Normalized.json,Kubernetes---kb_484_Normalized.json::test_00004,invalid,passed,False,True,correct_reject,0.039296,0.00411,0.003533,0.000297,115,68
Kubernetes---kb_485_Normalized.json,Kubernetes---kb_485_Normalized.json::test_00000,valid,failed,False,True,over_constraint,0.028407,0.005893,0.005111,0.000482,114,68
Kubernetes---kb_485_Normalized.json,Kubernetes---kb_485_Normalized.json::test_00001,valid,failed,False,True,over_constraint,0.028407,0.004196,0.003634,0.000274,114,68
Kubernetes---kb_485_Normalized.json,Kubernetes---kb_485_Normalized.json::test_00002,invalid,passed,False,True,correct_reject,0.028407,0.000698,0.000634,3.9e-05,121,6
Kubernetes---kb_485_Normalized.json,Kubernetes---kb_485_Normalized.json::test_00003,invalid,passed,False,True,correct_reject,0.028407,0.000735,0.000663,4.3e-05,116,8
Kubernetes---kb_485_Normalized.json,Kubernetes---kb_485_Normalized.json::test_00004,invalid,passed,False,True,correct_reject,0.028407,0.000643,0.000586,3.5e-05,114,6
Kubernetes---kb_486_Normalized.json,Kubernetes---kb_486_Normalized.json::test_00000,valid,failed,False,True,over_constraint,0.002518,0.010481,0.009245,0.000782,127,97
Kubernetes---kb_486_Normalized.json,Kubernetes---kb_486_Normalized.json::test_00001,invalid,passed,False,True,correct_reject,0.002518,0.000635,0.000592,2.6e-05,127,4
Kubernetes---kb_486_Normalized.json,Kubernetes---kb_486_Normalized.json::test_00002,invalid,passed,False,True,correct_reject,0.002518,0.008103,0.007192,0.000492,129,97
Kubernetes---kb_487_Normalized.json,Kubernetes---kb_487_Normalized.json::test_00000,valid,failed,False,True,over_constraint,0.001947,0.008397,0.007532,0.000504,126,96
Kubernetes---kb_487_Normalized.json,Kubernetes---kb_487_Normalized.json::test_00001,invalid,passed,False,True,correct_reject,0.001947,0.000611,0.000569,2.6e-05,126,4
Kubernetes---kb_487_Normalized.json,Kubernetes---kb_487_Normalized.json::test_00002,invalid,passed,False,True,correct_reject,0.001947,0.006885,0.006243,0.000296,126,96
Kubernetes---kb_487_Normalized.json,Kubernetes---kb_487_Normalized.json::test_00003,invalid,passed,False,True,correct_reject,0.001947,0.00667,0.006054,0.000287,126,96
Kubernetes---kb_487_Normalized.json,Kubernetes---kb_487_Normalized.json::test_00004,valid,failed,False,True,over_constraint,0.001947,0.00693,0.006305,0.000296,127,97
Kubernetes---kb_487_Normalized.json,Kubernetes---kb_487_Normalized.json::test_00005,invalid,passed,False,True,correct_reject,0.001947,0.000677,0.000633,2.6e-05,156,4
Kubernetes---kb_487_Normalized.json,Kubernetes---kb_487_Normalized.json::test_00006,invalid,passed,False,True,correct_reject,0.001947,0.00061,0.000568,2.5e-05,127,4
Kubernetes---kb_487_Normalized.json,Kubernetes---kb_487_Normalized.json::test_00007,invalid,passed,False,True,correct_reject,0.001947,0.006431,0.005955,0.000276,168,91
Kubernetes---kb_488_Normalized.json,Kubernetes---kb_488_Normalized.json::test_00000,valid,failed,False,True,over_constraint,0.028191,0.002481,0.002118,0.000175,101,12
Kubernetes---kb_488_Normalized.json,Kubernetes---kb_488_Normalized.json::test_00001,valid,failed,False,True,over_constraint,0.028191,0.001436,0.001214,7.1e-05,69,11
Kubernetes---kb_488_Normalized.json,Kubernetes---kb_488_Normalized.json::test_00002,invalid,passed,False,True,correct_reject,0.028191,0.002171,0.002005,0.000116,68,18
Kubernetes---kb_489_Normalized.json,Kubernetes---kb_489_Normalized.json::test_00000,valid,failed,False,True,over_constraint,0.028744,0.00242,0.002065,0.000187,68,11
Kubernetes---kb_489_Normalized.json,Kubernetes---kb_489_Normalized.json::test_00001,valid,failed,False,True,over_constraint,0.028744,0.001394,0.001175,7.1e-05,60,11
Kubernetes---kb_489_Normalized.json,Kubernetes---kb_489_Normalized.json::test_00002,invalid,passed,False,True,correct_reject,0.028744,0.002047,0.001888,0.000109,70,18
Kubernetes---kb_489_Normalized.json,Kubernetes---kb_489_Normalized.json::test_00003,invalid,passed,False,True,correct_reject,0.028744,0.001905,0.001778,8e-05,72,18
Kubernetes---kb_489_Normalized.json,Kubernetes---kb_489_Normalized.json::test_00004,invalid,passed,False,True,correct_reject,0.028744,0.00186,0.001725,8.2e-05,77,18
Kubernetes---kb_48_Normalized.json,Kubernetes---kb_48_Normalized.json::test_00000,valid,failed,False,True,over_constraint,0.003024,0.004358,0.003745,0.000234,85,40
Kubernetes---kb_48_Normalized.json,Kubernetes---kb_48_Normalized.json::test_00001,valid,failed,False,True,over_constraint,0.003024,0.003596,0.003105,0.000219,526,41
Kubernetes---kb_48_Normalized.json,Kubernetes---kb_48_Normalized.json::test_00002,invalid,passed,False,True,correct_reject,0.003024,0.002653,0.002443,0.000125,529,32
Kubernetes---kb_490_Normalized.json,Kubernetes---kb_490_Normalized.json::test_00000,valid,failed,False,True,over_constraint,0.029025,0.002567,0.002192,0.000181,92,11
Kubernetes---kb_490_Normalized.json,Kubernetes---kb_490_Normalized.json::test_00001,valid,failed,False,True,over_constraint,0.029025,0.001576,0.001319,8.2e-05,81,11
Kubernetes---kb_490_Normalized.json,Kubernetes---kb_490_Normalized.json::test_00002,invalid,passed,False,True,correct_reject,0.029025,0.002127,0.001963,0.00011,81,18
Kubernetes---kb_494_Normalized.json,Kubernetes---kb_494_Normalized.json::test_00000,valid,failed,False,True,over_constraint,0.006311,0.009304,0.008584,0.000419,267,60
Kubernetes---kb_494_Normalized.json,Kubernetes---kb_494_Normalized.json::test_00001,invalid,passed,False,True,correct_reject,0.006311,0.00295,0.002773,0.000114,270,20
Kubernetes---kb_494_Normalized.json,Kubernetes---kb_494_Normalized.json::test_00002,invalid,passed,False,True,correct_reject,0.006311,0.003679,0.003444,0.000163,269,25
Kubernetes---kb_494_Normalized.json,Kubernetes---kb_494_Normalized.json::test_00003,invalid,passed,False,True,correct_reject,0.006311,0.007215,0.00665,0.000278,274,60
Kubernetes---kb_494_Normalized.json,Kubernetes---kb_494_Normalized.json::test_00004,valid,failed,False,True,over_constraint,0.006311,0.003976,0.003518,0.000231,189,26
Kubernetes---kb_494_Normalized.json,Kubernetes---kb_494_Normalized.json::test_00005,invalid,passed,False,True,correct_reject,0.006311,0.000852,0.000796,3.6e-05,205,4
Kubernetes---kb_495_Normalized.json,Kubernetes---kb_495_Normalized.json::test_00000,valid,failed,False,True,over_constraint,0.006163,0.009694,0.00892,0.000463,142,60
Kubernetes---kb_495_Normalized.json,Kubernetes---kb_495_Normalized.json::test_00001,invalid,passed,False,True,correct_reject,0.006163,0.003124,0.002942,0.000118,145,20
Kubernetes---kb_495_Normalized.json,Kubernetes---kb_495_Normalized.json::test_00002,invalid,passed,False,True,correct_reject,0.006163,0.003156,0.002971,0.000122,145,20
Kubernetes---kb_495_Normalized.json,Kubernetes---kb_495_Normalized.json::test_00003,valid,failed,False,True,over_constraint,0.006163,0.007495,0.00685,0.000361,317,57
Kubernetes---kb_495_Normalized.json,Kubernetes---kb_495_Normalized.json::test_00004,invalid,passed,False,True,correct_reject,0.006163,0.002826,0.00266,0.000106,323,20
Kubernetes---kb_496_Normalized.json,Kubernetes---kb_496_Normalized.json::test_00000,valid,failed,False,True,over_constraint,0.005343,0.010408,0.009647,0.000436,194,77
Kubernetes---kb_496_Normalized.json,Kubernetes---kb_496_Normalized.json::test_00001,invalid,passed,False,True,correct_reject,0.005343,0.002771,0.002607,0.000107,197,20
Kubernetes---kb_496_Normalized.json,Kubernetes---kb_496_Normalized.json::test_00002,invalid,passed,False,True,correct_reject,0.005343,0.002761,0.002598,0.000107,197,20
Kubernetes---kb_496_Normalized.json,Kubernetes---kb_496_Normalized.json::test_00003,valid,failed,False,True,over_constraint,0.005343,0.008973,0.008265,0.00039,342,69
Kubernetes---kb_496_Normalized.json,Kubernetes---kb_496_Normalized.json::test_00004,invalid,passed,False,True,correct_reject,0.005343,0.00374,0.003503,0.000159,345,27
Kubernetes---kb_49_Normalized.json,Kubernetes---kb_49_Normalized.json::test_00000,valid,failed,False,True,over_constraint,0.00183,0.001365,0.001171,5.5e-05,30,9
Kubernetes---kb_49_Normalized.json,Kubernetes---kb_49_Normalized.json::test_00001,invalid,passed,False,True,correct_reject,0.00183,0.001022,0.000838,4.6e-05,30,9
Kubernetes---kb_49_Normalized.json,Kubernetes---kb_49_Normalized.json::test_00002,invalid,passed,False,True,correct_reject,0.00183,0.001024,0.000841,4.6e-05,30,9
Kubernetes---kb_49_Normalized.json,Kubernetes---kb_49_Normalized.json::test_00003,valid,failed,False,True,over_constraint,0.00183,0.002055,0.001763,0.000107,30,28
Kubernetes---kb_49_Normalized.json,Kubernetes---kb_49_Normalized.json::test_00004,invalid,passed,False,True,correct_reject,0.00183,0.001037,0.000855,4.4e-05,30,9
Kubernetes---kb_4_Normalized.json,Kubernetes---kb_4_Normalized.json::test_00000,valid,passed,True,True,correct_accept,0.002722,0.010107,0.009023,0.00083,104,104
Kubernetes---kb_4_Normalized.json,Kubernetes---kb_4_Normalized.json::test_00001,invalid,passed,False,True,correct_reject,0.002722,0.002427,0.00225,0.000106,111,28
Kubernetes---kb_4_Normalized.json,Kubernetes---kb_4_Normalized.json::test_00002,invalid,passed,False,True,correct_reject,0.002722,0.000785,0.000731,3.5e-05,8,6
Kubernetes---kb_4_Normalized.json,Kubernetes---kb_4_Normalized.json::test_00003,invalid,passed,False,True,correct_reject,0.002722,0.002391,0.002208,0.000111,111,28
Kubernetes---kb_4_Normalized.json,Kubernetes---kb_4_Normalized.json::test_00004,invalid,passed,False,True,correct_reject,0.002722,0.001856,0.001716,8.7e-05,111,21
Kubernetes---kb_4_Normalized.json,Kubernetes---kb_4_Normalized.json::test_00005,valid,passed,True,True,correct_accept,0.002722,0.005135,0.004699,0.000273,64,64
Kubernetes---kb_4_Normalized.json,Kubernetes---kb_4_Normalized.json::test_00006,invalid,passed,False,True,correct_reject,0.002722,0.000893,0.000829,4e-05,8,7
Kubernetes---kb_4_Normalized.json,Kubernetes---kb_4_Normalized.json::test_00007,invalid,passed,False,True,correct_reject,0.002722,0.002386,0.002207,0.000107,70,28
Kubernetes---kb_4_Normalized.json,Kubernetes---kb_4_Normalized.json::test_00008,invalid,passed,False,True,correct_reject,0.002722,0.001342,0.00124,6.1e-05,70,14
Kubernetes---kb_506_Normalized.json,Kubernetes---kb_506_Normalized.json::test_00000,valid,passed,True,True,correct_accept,0.001413,0.001928,0.001768,0.000101,20,20
Kubernetes---kb_506_Normalized.json,Kubernetes---kb_506_Normalized.json::test_00001,invalid,passed,False,True,correct_reject,0.001413,0.0006,0.000549,3e-05,19,5
Kubernetes---kb_506_Normalized.json,Kubernetes---kb_506_Normalized.json::test_00002,invalid,passed,False,True,correct_reject,0.001413,0.000519,0.000477,2.5e-05,18,4
Kubernetes---kb_506_Normalized.json,Kubernetes---kb_506_Normalized.json::test_00003,valid,passed,True,True,correct_accept,0.001413,0.002268,0.002081,0.000124,20,20
Kubernetes---kb_506_Normalized.json,Kubernetes---kb_506_Normalized.json::test_00004,invalid,passed,False,True,correct_reject,0.001413,0.000532,0.00049,2.6e-05,18,4
Kubernetes---kb_507_Normalized.json,Kubernetes---kb_507_Normalized.json::test_00000,valid,passed,True,True,correct_accept,0.001384,0.00186,0.001708,9.4e-05,20,20
Kubernetes---kb_507_Normalized.json,Kubernetes---kb_507_Normalized.json::test_00001,invalid,passed,False,True,correct_reject,0.001384,0.000549,0.000502,2.7e-05,18,4
Kubernetes---kb_507_Normalized.json,Kubernetes---kb_507_Normalized.json::test_00002,valid,passed,True,True,correct_accept,0.001384,0.001487,0.001346,8.8e-05,20,20
Kubernetes---kb_507_Normalized.json,Kubernetes---kb_507_Normalized.json::test_00003,invalid,passed,False,True,correct_reject,0.001384,0.000591,0.000539,3e-05,19,5
Kubernetes---kb_507_Normalized.json,Kubernetes---kb_507_Normalized.json::test_00004,invalid,passed,False,True,correct_reject,0.001384,0.002042,0.001878,0.000109,28,17
Kubernetes---kb_508_Normalized.json,Kubernetes---kb_508_Normalized.json::test_00000,valid,passed,True,True,correct_accept,0.001708,0.005698,0.005113,0.000429,60,60
Kubernetes---kb_508_Normalized.json,Kubernetes---kb_508_Normalized.json::test_00001,invalid,passed,False,True,correct_reject,0.001708,0.004878,0.004455,0.00026,67,66
Kubernetes---kb_508_Normalized.json,Kubernetes---kb_508_Normalized.json::test_00002,invalid,passed,False,True,correct_reject,0.001708,0.000744,0.000693,3.1e-05,17,5
Kubernetes---kb_508_Normalized.json,Kubernetes---kb_508_Normalized.json::test_00003,invalid,passed,False,True,correct_reject,0.001708,0.005193,0.004762,0.000266,67,66
Kubernetes---kb_508_Normalized.json,Kubernetes---kb_508_Normalized.json::test_00004,valid,passed,True,True,correct_accept,0.001708,0.005995,0.005481,0.000316,83,83
Kubernetes---kb_508_Normalized.json,Kubernetes---kb_508_Normalized.json::test_00005,invalid,passed,False,True,correct_reject,0.001708,0.005624,0.005142,0.000292,76,74
Kubernetes---kb_508_Normalized.json,Kubernetes---kb_508_Normalized.json::test_00006,invalid,passed,False,True,correct_reject,0.001708,0.006719,0.006163,0.000335,90,89
Kubernetes---kb_508_Normalized.json,Kubernetes---kb_508_Normalized.json::test_00007,invalid,passed,False,True,correct_reject,0.001708,0.006247,0.005692,0.000339,86,85
Kubernetes---kb_509_Normalized.json,Kubernetes---kb_509_Normalized.json::test_00000,valid,passed,True,True,correct_accept,0.00188,0.004711,0.004217,0.000365,49,49
Kubernetes---kb_509_Normalized.json,Kubernetes---kb_509_Normalized.json::test_00001,invalid,passed,False,True,correct_reject,0.00188,0.00397,0.003622,0.000197,56,55
Kubernetes---kb_509_Normalized.json,Kubernetes---kb_509_Normalized.json::test_00002,invalid,passed,False,True,correct_reject,0.00188,0.000739,0.000684,3.3e-05,19,5
Kubernetes---kb_509_Normalized.json,Kubernetes---kb_509_Normalized.json::test_00003,invalid,passed,False,True,correct_reject,0.00188,0.004814,0.004275,0.000344,56,55
Kubernetes---kb_509_Normalized.json,Kubernetes---kb_509_Normalized.json::test_00004,valid,passed,True,True,correct_accept,0.00188,0.005736,0.005243,0.0003,82,82
Kubernetes---kb_509_Normalized.json,Kubernetes---kb_509_Normalized.json::test_00005,invalid,passed,False,True,correct_reject,0.00188,0.001894,0.001728,0.000104,81,24
Kubernetes---kb_509_Normalized.json,Kubernetes---kb_509_Normalized.json::test_00006,invalid,passed,False,True,correct_reject,0.00188,0.00734,0.006591,0.000473,89,88
Kubernetes---kb_509_Normalized.json,Kubernetes---kb_509_Normalized.json::test_00007,invalid,passed,False,True,correct_reject,0.00188,0.001834,0.001671,0.000102,108,24
Kubernetes---kb_50_Normalized.json,Kubernetes---kb_50_Normalized.json::test_00000,valid,failed,False,True,over_constraint,0.001587,0.00106,0.000912,3.9e-05,30,9
Kubernetes---kb_50_Normalized.json,Kubernetes---kb_50_Normalized.json::test_00001,invalid,passed,False,True,correct_reject,0.001587,0.000895,0.000751,3.6e-05,30,9
Kubernetes---kb_50_Normalized.json,Kubernetes---kb_50_Normalized.json::test_00002,invalid,passed,False,True,correct_reject,0.001587,0.00101,0.000808,4.9e-05,29,9
Kubernetes---kb_50_Normalized.json,Kubernetes---kb_50_Normalized.json::test_00003,invalid,passed,False,True,correct_reject,0.001587,0.000893,0.000741,4.2e-05,30,9
Kubernetes---kb_50_Normalized.json,Kubernetes---kb_50_Normalized.json::test_00004,valid,failed,False,True,over_constraint,0.001587,0.002052,0.001727,0.000134,30,28
Kubernetes---kb_50_Normalized.json,Kubernetes---kb_50_Normalized.json::test_00005,invalid,passed,False,True,correct_reject,0.001587,0.000711,0.000643,4.1e-05,29,6
Kubernetes---kb_510_Normalized.json,Kubernetes---kb_510_Normalized.json::test_00000,valid,passed,True,True,correct_accept,0.001784,0.002096,0.00193,0.000109,21,21
Kubernetes---kb_510_Normalized.json,Kubernetes---kb_510_Normalized.json::test_00001,invalid,passed,False,True,correct_reject,0.001784,0.000471,0.000428,2.6e-05,21,5
Kubernetes---kb_510_Normalized.json,Kubernetes---kb_510_Normalized.json::test_00002,valid,passed,True,True,correct_accept,0.001784,0.001505,0.001339,0.000108,21,21
Kubernetes---kb_510_Normalized.json,Kubernetes---kb_510_Normalized.json::test_00003,invalid,passed,False,True,correct_reject,0.001784,0.001072,0.000959,6e-05,18,16
Kubernetes---kb_511_Normalized.json,Kubernetes---kb_511_Normalized.json::test_00000,valid,passed,True,True,correct_accept,0.001037,0.001829,0.001683,9.3e-05,22,22
Kubernetes---kb_511_Normalized.json,Kubernetes---kb_511_Normalized.json::test_00001,invalid,passed,False,True,correct_reject,0.001037,0.000561,0.000513,2.8e-05,22,5
Kubernetes---kb_511_Normalized.json,Kubernetes---kb_511_Normalized.json::test_00002,invalid,passed,False,True,correct_reject,0.001037,0.001146,0.001044,5.9e-05,21,20
Kubernetes---kb_511_Normalized.json,Kubernetes---kb_511_Normalized.json::test_00003,invalid,passed,False,True,correct_reject,0.001037,0.000969,0.00088,4.8e-05,22,16
Kubernetes---kb_512_Normalized.json,Kubernetes---kb_512_Normalized.json::test_00000,valid,failed,False,True,over_constraint,0.002463,0.006423,0.00559,0.000575,180,73
Kubernetes---kb_512_Normalized.json,Kubernetes---kb_512_Normalized.json::test_00001,invalid,passed,False,True,correct_reject,0.002463,0.004388,0.003975,0.000181,179,73
Kubernetes---kb_512_Normalized.json,Kubernetes---kb_512_Normalized.json::test_00002,invalid,passed,False,True,correct_reject,0.002463,0.004619,0.004113,0.000253,186,73
Kubernetes---kb_512_Normalized.json,Kubernetes---kb_512_Normalized.json::test_00003,valid,failed,False,True,over_constraint,0.002463,0.004588,0.004117,0.000225,127,61
Kubernetes---kb_512_Normalized.json,Kubernetes---kb_512_Normalized.json::test_00004,invalid,passed,False,True,correct_reject,0.002463,0.005495,0.004846,0.000347,135,61
Kubernetes---kb_513_Normalized.json,Kubernetes---kb_513_Normalized.json::test_00000,valid,failed,False,True,over_constraint,0.003945,0.005718,0.005082,0.000389,144,76
Kubernetes---kb_513_Normalized.json,Kubernetes---kb_513_Normalized.json::test_00001,invalid,passed,False,True,correct_reject,0.003945,0.000635,0.000584,2.9e-05,134,6
Kubernetes---kb_513_Normalized.json,Kubernetes---kb_513_Normalized.json::test_00002,valid,failed,False,True,over_constraint,0.003945,0.006964,0.006188,0.000462,189,106
Kubernetes---kb_513_Normalized.json,Kubernetes---kb_513_Normalized.json::test_00003,invalid,passed,False,True,correct_reject,0.003945,0.006191,0.00567,0.000217,187,106
Kubernetes---kb_514_Normalized.json,Kubernetes---kb_514_Normalized.json::test_00000,valid,failed,False,True,over_constraint,0.003355,0.006993,0.006254,0.000472,144,76
Kubernetes---kb_514_Normalized.json,Kubernetes---kb_514_Normalized.json::test_00001,invalid,passed,False,True,correct_reject,0.003355,0.004859,0.004446,0.000173,148,76
Kubernetes---kb_514_Normalized.json,Kubernetes---kb_514_Normalized.json::test_00002,invalid,passed,False,True,correct_reject,0.003355,0.001965,0.001834,7.7e-05,143,21
Kubernetes---kb_514_Normalized.json,Kubernetes---kb_514_Normalized.json::test_00003,valid,failed,False,True,over_constraint,0.003355,0.005128,0.004671,0.000219,129,63
Kubernetes---kb_514_Normalized.json,Kubernetes---kb_514_Normalized.json::test_00004,invalid,passed,False,True,correct_reject,0.003355,0.004842,0.004391,0.000212,141,63
Kubernetes---kb_514_Normalized.json,Kubernetes---kb_514_Normalized.json::test_00005,invalid,passed,False,True,correct_reject,0.003355,0.003799,0.003527,0.000168,127,43
Kubernetes---kb_515_Normalized.json,Kubernetes---kb_515_Normalized.json::test_00000,valid,failed,False,True,over_constraint,0.003649,0.005899,0.005195,0.000438,163,56
Kubernetes---kb_515_Normalized.json,Kubernetes---kb_515_Normalized.json::test_00001,invalid,passed,False,True,correct_reject,0.003649,0.000669,0.000603,4.3e-05,156,6
Kubernetes---kb_515_Normalized.json,Kubernetes---kb_515_Normalized.json::test_00002,invalid,passed,False,True,correct_reject,0.003649,0.003061,0.002711,0.000145,164,56
Kubernetes---kb_515_Normalized.json,Kubernetes---kb_515_Normalized.json::test_00003,invalid,passed,False,True,correct_reject,0.003649,0.003043,0.0027,0.000145,161,56
Kubernetes---kb_515_Normalized.json,Kubernetes---kb_515_Normalized.json::test_00004,invalid,passed,False,True,correct_reject,0.003649,0.003018,0.002674,0.000144,163,56
Kubernetes---kb_515_Normalized.json,Kubernetes---kb_515_Normalized.json::test_00005,valid,failed,False,True,over_constraint,0.003649,0.003181,0.002828,0.000151,163,56
Kubernetes---kb_515_Normalized.json,Kubernetes---kb_515_Normalized.json::test_00006,invalid,passed,False,True,correct_reject,0.003649,0.004017,0.003565,0.000206,163,56
Kubernetes---kb_515_Normalized.json,Kubernetes---kb_515_Normalized.json::test_00007,invalid,passed,False,True,correct_reject,0.003649,0.003239,0.002927,0.000188,83,59
Kubernetes---kb_516_Normalized.json,Kubernetes---kb_516_Normalized.json::test_00000,valid,failed,False,True,over_constraint,0.003346,0.005206,0.004591,0.000371,146,60
Kubernetes---kb_516_Normalized.json,Kubernetes---kb_516_Normalized.json::test_00001,invalid,passed,False,True,correct_reject,0.003346,0.004153,0.003696,0.000216,146,60
Kubernetes---kb_516_Normalized.json,Kubernetes---kb_516_Normalized.json::test_00002,invalid,passed,False,True,correct_reject,0.003346,0.003551,0.003138,0.000188,144,60
Kubernetes---kb_516_Normalized.json,Kubernetes---kb_516_Normalized.json::test_00003,invalid,passed,False,True,correct_reject,0.003346,0.003419,0.003041,0.000164,146,60
Kubernetes---kb_516_Normalized.json,Kubernetes---kb_516_Normalized.json::test_00004,invalid,passed,False,True,correct_reject,0.003346,0.004588,0.004083,0.000237,147,60
Kubernetes---kb_517_Normalized.json,Kubernetes---kb_517_Normalized.json::test_00000,valid,failed,False,True,over_constraint,0.004098,0.006935,0.006161,0.000483,256,60
Kubernetes---kb_517_Normalized.json,Kubernetes---kb_517_Normalized.json::test_00001,invalid,passed,False,True,correct_reject,0.004098,0.005192,0.004689,0.000232,260,60
Kubernetes---kb_517_Normalized.json,Kubernetes---kb_517_Normalized.json::test_00002,invalid,passed,False,True,correct_reject,0.004098,0.005093,0.004598,0.00023,257,60
Kubernetes---kb_517_Normalized.json,Kubernetes---kb_517_Normalized.json::test_00003,invalid,passed,False,True,correct_reject,0.004098,0.003736,0.003378,0.000151,256,60
Kubernetes---kb_517_Normalized.json,Kubernetes---kb_517_Normalized.json::test_00004,invalid,passed,False,True,correct_reject,0.004098,0.003489,0.003141,0.000144,253,60
Kubernetes---kb_518_Normalized.json,Kubernetes---kb_518_Normalized.json::test_00000,valid,passed,True,True,correct_accept,0.002285,0.009217,0.008009,0.000975,71,71
Kubernetes---kb_518_Normalized.json,Kubernetes---kb_518_Normalized.json::test_00001,invalid,passed,False,True,correct_reject,0.002285,0.001874,0.001756,6e-05,68,28
Kubernetes---kb_518_Normalized.json,Kubernetes---kb_518_Normalized.json::test_00002,invalid,passed,False,True,correct_reject,0.002285,0.001933,0.001807,6.6e-05,69,29
Kubernetes---kb_518_Normalized.json,Kubernetes---kb_518_Normalized.json::test_00003,valid,passed,True,True,correct_accept,0.002285,0.004966,0.004499,0.000275,70,70
Kubernetes---kb_519_Normalized.json,Kubernetes---kb_519_Normalized.json::test_00000,valid,passed,True,True,correct_accept,0.001222,0.005488,0.004879,0.000465,70,70
Kubernetes---kb_519_Normalized.json,Kubernetes---kb_519_Normalized.json::test_00001,invalid,passed,False,True,correct_reject,0.001222,0.001899,0.001774,5.9e-05,68,28
Kubernetes---kb_519_Normalized.json,Kubernetes---kb_519_Normalized.json::test_00002,invalid,passed,False,True,correct_reject,0.001222,0.001931,0.001804,6.3e-05,69,29
Kubernetes---kb_519_Normalized.json,Kubernetes---kb_519_Normalized.json::test_00003,valid,passed,True,True,correct_accept,0.001222,0.004155,0.003872,0.000129,71,71
Kubernetes---kb_51_Normalized.json,Kubernetes---kb_51_Normalized.json::test_00000,valid,failed,False,True,over_constraint,0.001139,0.001178,0.001009,5.4e-05,61,15
Kubernetes---kb_51_Normalized.json,Kubernetes---kb_51_Normalized.json::test_00001,invalid,passed,False,True,correct_reject,0.001139,0.000506,0.000459,2.8e-05,60,7
Kubernetes---kb_520_Normalized.json,Kubernetes---kb_520_Normalized.json::test_00000,valid,passed,True,True,correct_accept,0.001132,0.005219,0.004635,0.000444,70,70
Kubernetes---kb_520_Normalized.json,Kubernetes---kb_520_Normalized.json::test_00001,invalid,passed,False,True,correct_reject,0.001132,0.002435,0.002278,8.6e-05,68,28
Kubernetes---kb_520_Normalized.json,Kubernetes---kb_520_Normalized.json::test_00002,invalid,passed,False,True,correct_reject,0.001132,0.001932,0.001804,6.3e-05,69,29
Kubernetes---kb_520_Normalized.json,Kubernetes---kb_520_Normalized.json::test_00003,valid,passed,True,True,correct_accept,0.001132,0.004171,0.00389,0.000141,71,71
Kubernetes---kb_520_Normalized.json,Kubernetes---kb_520_Normalized.json::test_00004,invalid,passed,False,True,correct_reject,0.001132,0.002172,0.001993,0.000103,68,28
Kubernetes---kb_521_Normalized.json,Kubernetes---kb_521_Normalized.json::test_00000,valid,passed,True,True,correct_accept,0.00177,0.007565,0.006593,0.000739,82,82
Kubernetes---kb_521_Normalized.json,Kubernetes---kb_521_Normalized.json::test_00001,valid,passed,True,True,correct_accept,0.00177,0.005847,0.005265,0.000367,80,80
Kubernetes---kb_521_Normalized.json,Kubernetes---kb_521_Normalized.json::test_00002,invalid,passed,False,True,correct_reject,0.00177,0.003902,0.00356,0.000198,78,70
Kubernetes---kb_521_Normalized.json,Kubernetes---kb_521_Normalized.json::test_00003,invalid,passed,False,True,correct_reject,0.00177,0.002044,0.00189,9.2e-05,106,28
Kubernetes---kb_522_Normalized.json,Kubernetes---kb_522_Normalized.json::test_00000,valid,passed,True,True,correct_accept,0.001917,0.005502,0.004845,0.000473,81,81
Kubernetes---kb_522_Normalized.json,Kubernetes---kb_522_Normalized.json::test_00001,valid,passed,True,True,correct_accept,0.001917,0.006101,0.005417,0.000429,85,85
Kubernetes---kb_523_Normalized.json,Kubernetes---kb_523_Normalized.json::test_00000,valid,passed,True,True,correct_accept,0.001374,0.004355,0.003836,0.000405,45,45
Kubernetes---kb_523_Normalized.json,Kubernetes---kb_523_Normalized.json::test_00001,invalid,passed,False,True,correct_reject,0.001374,0.000858,0.000799,3.7e-05,45,7
Kubernetes---kb_523_Normalized.json,Kubernetes---kb_523_Normalized.json::test_00002,invalid,passed,False,True,correct_reject,0.001374,0.000844,0.000786,3.5e-05,46,7
Kubernetes---kb_523_Normalized.json,Kubernetes---kb_523_Normalized.json::test_00003,valid,passed,True,True,correct_accept,0.001374,0.003564,0.0031,0.000348,44,44
Kubernetes---kb_523_Normalized.json,Kubernetes---kb_523_Normalized.json::test_00004,invalid,passed,False,True,correct_reject,0.001374,0.000863,0.000806,3.7e-05,44,7
Kubernetes---kb_524_Normalized.json,Kubernetes---kb_524_Normalized.json::test_00000,valid,passed,True,True,correct_accept,0.001947,0.005521,0.004812,0.000573,45,45
Kubernetes---kb_524_Normalized.json,Kubernetes---kb_524_Normalized.json::test_00001,invalid,passed,False,True,correct_reject,0.001947,0.000864,0.000805,3.9e-05,46,7
Kubernetes---kb_524_Normalized.json,Kubernetes---kb_524_Normalized.json::test_00002,invalid,passed,False,True,correct_reject,0.001947,0.00085,0.000788,3.8e-05,45,7
Kubernetes---kb_524_Normalized.json,Kubernetes---kb_524_Normalized.json::test_00003,valid,passed,True,True,correct_accept,0.001947,0.003445,0.003012,0.000319,44,44
Kubernetes---kb_524_Normalized.json,Kubernetes---kb_524_Normalized.json::test_00004,invalid,passed,False,True,correct_reject,0.001947,0.000802,0.000745,3.5e-05,44,7
Kubernetes---kb_525_Normalized.json,Kubernetes---kb_525_Normalized.json::test_00000,valid,failed,False,True,over_constraint,0.003651,0.005214,0.004501,0.000461,153,33
Kubernetes---kb_525_Normalized.json,Kubernetes---kb_525_Normalized.json::test_00001,valid,failed,False,True,over_constraint,0.003651,0.002625,0.002304,0.000136,153,33
Kubernetes---kb_525_Normalized.json,Kubernetes---kb_525_Normalized.json::test_00002,invalid,passed,False,True,correct_reject,0.003651,0.000724,0.000667,3.4e-05,153,7
Kubernetes---kb_525_Normalized.json,Kubernetes---kb_525_Normalized.json::test_00003,invalid,passed,False,True,correct_reject,0.003651,0.002597,0.002275,0.000136,153,33
Kubernetes---kb_526_Normalized.json,Kubernetes---kb_526_Normalized.json::test_00000,valid,failed,False,True,over_constraint,0.005508,0.004493,0.003892,0.000384,153,33
Kubernetes---kb_526_Normalized.json,Kubernetes---kb_526_Normalized.json::test_00001,valid,failed,False,True,over_constraint,0.005508,0.002935,0.002593,0.000144,171,33
Kubernetes---kb_526_Normalized.json,Kubernetes---kb_526_Normalized.json::test_00002,invalid,passed,False,True,correct_reject,0.005508,0.002931,0.00259,0.000142,171,33
Kubernetes---kb_527_Normalized.json,Kubernetes---kb_527_Normalized.json::test_00000,valid,passed,True,True,correct_accept,0.001726,0.007333,0.006755,0.000353,93,93
Kubernetes---kb_527_Normalized.json,Kubernetes---kb_527_Normalized.json::test_00001,invalid,passed,False,True,correct_reject,0.001726,0.00127,0.001188,5e-05,91,9
Kubernetes---kb_527_Normalized.json,Kubernetes---kb_527_Normalized.json::test_00002,invalid,passed,False,True,correct_reject,0.001726,0.000957,0.000881,4.6e-05,91,9
Kubernetes---kb_527_Normalized.json,Kubernetes---kb_527_Normalized.json::test_00003,invalid,passed,False,True,correct_reject,0.001726,0.000929,0.000855,4.4e-05,99,9
Kubernetes---kb_527_Normalized.json,Kubernetes---kb_527_Normalized.json::test_00004,invalid,passed,False,True,correct_reject,0.001726,0.000924,0.00085,4.5e-05,91,9
Kubernetes---kb_528_Normalized.json,Kubernetes---kb_528_Normalized.json::test_00000,valid,passed,True,True,correct_accept,0.0018,0.00885,0.008174,0.000434,95,95
Kubernetes---kb_528_Normalized.json,Kubernetes---kb_528_Normalized.json::test_00001,valid,passed,True,True,correct_accept,0.0018,0.006434,0.005915,0.000305,93,93
Kubernetes---kb_528_Normalized.json,Kubernetes---kb_528_Normalized.json::test_00002,invalid,passed,False,True,correct_reject,0.0018,0.001299,0.001213,5.1e-05,83,9
Kubernetes---kb_528_Normalized.json,Kubernetes---kb_528_Normalized.json::test_00003,invalid,passed,False,True,correct_reject,0.0018,0.001017,0.00094,4.8e-05,91,9
Kubernetes---kb_528_Normalized.json,Kubernetes---kb_528_Normalized.json::test_00004,invalid,passed,False,True,correct_reject,0.0018,0.001034,0.00095,5e-05,98,9
Kubernetes---kb_529_Normalized.json,Kubernetes---kb_529_Normalized.json::test_00000,valid,failed,False,True,over_constraint,0.003258,0.00398,0.00346,0.000324,148,42
Kubernetes---kb_529_Normalized.json,Kubernetes---kb_529_Normalized.json::test_00001,valid,failed,False,True,over_constraint,0.003258,0.00335,0.002943,0.000183,153,44
Kubernetes---kb_529_Normalized.json,Kubernetes---kb_529_Normalized.json::test_00002,invalid,passed,False,True,correct_reject,0.003258,0.003296,0.002899,0.000178,143,44
Kubernetes---kb_529_Normalized.json,Kubernetes---kb_529_Normalized.json::test_00003,invalid,passed,False,True,correct_reject,0.003258,0.003436,0.003019,0.000188,153,44
Kubernetes---kb_52_Normalized.json,Kubernetes---kb_52_Normalized.json::test_00000,valid,failed,False,True,over_constraint,0.001153,0.001169,0.000999,5.5e-05,61,15
Kubernetes---kb_52_Normalized.json,Kubernetes---kb_52_Normalized.json::test_00001,invalid,passed,False,True,correct_reject,0.001153,0.000474,0.00043,2.6e-05,60,7
Kubernetes---kb_52_Normalized.json,Kubernetes---kb_52_Normalized.json::test_00002,valid,failed,False,True,over_constraint,0.001153,0.00087,0.000714,4.6e-05,62,15
Kubernetes---kb_52_Normalized.json,Kubernetes---kb_52_Normalized.json::test_00003,invalid,passed,False,True,correct_reject,0.001153,0.000417,0.000375,2.4e-05,60,6
Kubernetes---kb_531_Normalized.json,Kubernetes---kb_531_Normalized.json::test_00000,valid,passed,True,True,correct_accept,0.001294,0.009346,0.008577,0.000395,188,188
Kubernetes---kb_531_Normalized.json,Kubernetes---kb_531_Normalized.json::test_00001,valid,passed,True,True,correct_accept,0.001294,0.00886,0.00813,0.000372,188,188
Kubernetes---kb_532_Normalized.json,Kubernetes---kb_532_Normalized.json::test_00000,valid,passed,True,True,correct_accept,0.001265,0.009275,0.008529,0.000388,188,188
Kubernetes---kb_532_Normalized.json,Kubernetes---kb_532_Normalized.json::test_00001,valid,passed,True,True,correct_accept,0.001265,0.008773,0.008048,0.000367,188,188
Kubernetes---kb_532_Normalized.json,Kubernetes---kb_532_Normalized.json::test_00002,invalid,passed,False,True,correct_reject,0.001265,0.013617,0.012584,0.000588,221,206
Kubernetes---kb_533_Normalized.json,Kubernetes---kb_533_Normalized.json::test_00000,valid,passed,True,True,correct_accept,0.001883,0.002643,0.002429,0.00014,32,32
Kubernetes---kb_533_Normalized.json,Kubernetes---kb_533_Normalized.json::test_00001,invalid,passed,False,True,correct_reject,0.001883,0.000499,0.000454,2.7e-05,32,5
Kubernetes---kb_533_Normalized.json,Kubernetes---kb_533_Normalized.json::test_00002,valid,passed,True,True,correct_accept,0.001883,0.002018,0.001736,0.000213,31,31
Kubernetes---kb_533_Normalized.json,Kubernetes---kb_533_Normalized.json::test_00003,invalid,passed,False,True,correct_reject,0.001883,0.000463,0.000418,2.7e-05,31,5
Kubernetes---kb_534_Normalized.json,Kubernetes---kb_534_Normalized.json::test_00000,valid,passed,True,True,correct_accept,0.001203,0.002789,0.002563,0.000147,32,32
Kubernetes---kb_534_Normalized.json,Kubernetes---kb_534_Normalized.json::test_00001,invalid,passed,False,True,correct_reject,0.001203,0.000435,0.000398,2e-05,32,5
Kubernetes---kb_534_Normalized.json,Kubernetes---kb_534_Normalized.json::test_00002,valid,passed,True,True,correct_accept,0.001203,0.002571,0.002175,0.000313,31,31
Kubernetes---kb_535_Normalized.json,Kubernetes---kb_535_Normalized.json::test_00000,valid,passed,True,True,correct_accept,0.001195,0.003717,0.00319,0.000422,39,39
Kubernetes---kb_535_Normalized.json,Kubernetes---kb_535_Normalized.json::test_00001,invalid,passed,False,True,correct_reject,0.001195,0.000562,0.000516,2.7e-05,38,5
Kubernetes---kb_535_Normalized.json,Kubernetes---kb_535_Normalized.json::test_00002,invalid,passed,False,True,correct_reject,0.001195,0.001313,0.001217,6.1e-05,39,12
Kubernetes---kb_535_Normalized.json,Kubernetes---kb_535_Normalized.json::test_00003,invalid,passed,False,True,correct_reject,0.001195,0.000513,0.000478,2.1e-05,37,4
Kubernetes---kb_535_Normalized.json,Kubernetes---kb_535_Normalized.json::test_00004,invalid,passed,False,True,correct_reject,0.001195,0.001151,0.001066,5.2e-05,41,14
Kubernetes---kb_535_Normalized.json,Kubernetes---kb_535_Normalized.json::test_00005,valid,passed,True,True,correct_accept,0.001195,0.006746,0.006139,0.000346,90,90
Kubernetes---kb_535_Normalized.json,Kubernetes---kb_535_Normalized.json::test_00006,invalid,passed,False,True,correct_reject,0.001195,0.009968,0.009662,0.000167,92,65
Kubernetes---kb_536_Normalized.json,Kubernetes---kb_536_Normalized.json::test_00000,valid,passed,True,True,correct_accept,0.001833,0.004252,0.00369,0.000459,39,39
Kubernetes---kb_536_Normalized.json,Kubernetes---kb_536_Normalized.json::test_00001,invalid,passed,False,True,correct_reject,0.001833,0.00062,0.000564,4e-05,38,5
Kubernetes---kb_536_Normalized.json,Kubernetes---kb_536_Normalized.json::test_00002,invalid,passed,False,True,correct_reject,0.001833,0.00135,0.001237,7.6e-05,40,12
Kubernetes---kb_536_Normalized.json,Kubernetes---kb_536_Normalized.json::test_00003,invalid,passed,False,True,correct_reject,0.001833,0.000562,0.000524,2.3e-05,37,4
Kubernetes---kb_536_Normalized.json,Kubernetes---kb_536_Normalized.json::test_00004,valid,passed,True,True,correct_accept,0.001833,0.008475,0.007774,0.000414,89,89
Kubernetes---kb_536_Normalized.json,Kubernetes---kb_536_Normalized.json::test_00005,invalid,passed,False,True,correct_reject,0.001833,0.000655,0.000609,2.7e-05,36,4
Kubernetes---kb_536_Normalized.json,Kubernetes---kb_536_Normalized.json::test_00006,invalid,passed,False,True,correct_reject,0.001833,0.000687,0.000639,2.8e-05,36,4
Kubernetes---kb_537_Normalized.json,Kubernetes---kb_537_Normalized.json::test_00000,valid,failed,False,True,over_constraint,0.001995,0.001867,0.001555,0.000135,19,8
Kubernetes---kb_537_Normalized.json,Kubernetes---kb_537_Normalized.json::test_00001,invalid,passed,False,True,correct_reject,0.001995,0.000735,0.000679,3.2e-05,18,5
Kubernetes---kb_537_Normalized.json,Kubernetes---kb_537_Normalized.json::test_00002,invalid,passed,False,True,correct_reject,0.001995,0.001054,0.000871,4.1e-05,15,8
Kubernetes---kb_537_Normalized.json,Kubernetes---kb_537_Normalized.json::test_00003,invalid,passed,False,True,correct_reject,0.001995,0.000632,0.000587,2.6e-05,17,4
Kubernetes---kb_537_Normalized.json,Kubernetes---kb_537_Normalized.json::test_00004,invalid,passed,False,True,correct_reject,0.001995,0.001118,0.000931,4.4e-05,14,8
Kubernetes---kb_538_Normalized.json,Kubernetes---kb_538_Normalized.json::test_00000,valid,failed,False,True,over_constraint,0.001276,0.00166,0.001358,9.9e-05,19,8
Kubernetes---kb_538_Normalized.json,Kubernetes---kb_538_Normalized.json::test_00001,invalid,passed,False,True,correct_reject,0.001276,0.000686,0.000637,3e-05,18,5
Kubernetes---kb_538_Normalized.json,Kubernetes---kb_538_Normalized.json::test_00002,invalid,passed,False,True,correct_reject,0.001276,0.00108,0.000897,4.3e-05,15,8
Kubernetes---kb_538_Normalized.json,Kubernetes---kb_538_Normalized.json::test_00003,invalid,passed,False,True,correct_reject,0.001276,0.000696,0.000637,3.4e-05,17,4
Kubernetes---kb_538_Normalized.json,Kubernetes---kb_538_Normalized.json::test_00004,valid,failed,False,True,over_constraint,0.001276,0.001041,0.000866,3.9e-05,19,8
Kubernetes---kb_538_Normalized.json,Kubernetes---kb_538_Normalized.json::test_00005,invalid,passed,False,True,correct_reject,0.001276,0.000662,0.000614,3e-05,11,5
Kubernetes---kb_538_Normalized.json,Kubernetes---kb_538_Normalized.json::test_00006,invalid,passed,False,True,correct_reject,0.001276,0.001035,0.00086,3.9e-05,14,8
Kubernetes---kb_539_Normalized.json,Kubernetes---kb_539_Normalized.json::test_00000,valid,failed,False,True,over_constraint,0.002197,0.00076,0.00036,1.2e-05,46,1
Kubernetes---kb_539_Normalized.json,Kubernetes---kb_539_Normalized.json::test_00001,invalid,passed,False,True,correct_reject,0.002197,0.000507,0.000327,2.5e-05,11,1
Kubernetes---kb_539_Normalized.json,Kubernetes---kb_539_Normalized.json::test_00002,invalid,passed,False,True,correct_reject,0.002197,0.000508,0.000326,1.2e-05,45,1
Kubernetes---kb_539_Normalized.json,Kubernetes---kb_539_Normalized.json::test_00003,invalid,passed,False,True,correct_reject,0.002197,0.00051,0.000344,1.3e-05,9,1
Kubernetes---kb_539_Normalized.json,Kubernetes---kb_539_Normalized.json::test_00004,invalid,passed,False,True,correct_reject,0.002197,0.000497,0.000338,1.2e-05,42,1
Kubernetes---kb_539_Normalized.json,Kubernetes---kb_539_Normalized.json::test_00005,valid,failed,False,True,over_constraint,0.002197,0.000522,0.000341,1.2e-05,43,1
Kubernetes---kb_539_Normalized.json,Kubernetes---kb_539_Normalized.json::test_00006,invalid,passed,False,True,correct_reject,0.002197,0.000486,0.000331,1.2e-05,42,1
Kubernetes---kb_53_Normalized.json,Kubernetes---kb_53_Normalized.json::test_00000,valid,passed,True,True,correct_accept,0.001282,0.002289,0.002091,0.000123,29,29
Kubernetes---kb_53_Normalized.json,Kubernetes---kb_53_Normalized.json::test_00001,invalid,passed,False,True,correct_reject,0.001282,0.000469,0.000428,2.4e-05,30,5
Kubernetes---kb_53_Normalized.json,Kubernetes---kb_53_Normalized.json::test_00002,invalid,passed,False,True,correct_reject,0.001282,0.001701,0.001494,0.000125,28,27
Kubernetes---kb_53_Normalized.json,Kubernetes---kb_53_Normalized.json::test_00003,invalid,passed,False,True,correct_reject,0.001282,0.000442,0.000402,2.2e-05,30,5
Kubernetes---kb_53_Normalized.json,Kubernetes---kb_53_Normalized.json::test_00004,invalid,passed,False,True,correct_reject,0.001282,0.000548,0.000502,2.6e-05,30,4
Kubernetes---kb_53_Normalized.json,Kubernetes---kb_53_Normalized.json::test_00005,invalid,passed,False,True,correct_reject,0.001282,0.000512,0.000467,2.6e-05,30,4
Kubernetes---kb_540_Normalized.json,Kubernetes---kb_540_Normalized.json::test_00000,valid,failed,False,True,over_constraint,0.001126,0.000699,0.000337,1.2e-05,43,1
Kubernetes---kb_540_Normalized.json,Kubernetes---kb_540_Normalized.json::test_00001,invalid,passed,False,True,correct_reject,0.001126,0.000437,0.000304,1e-05,11,1
Kubernetes---kb_540_Normalized.json,Kubernetes---kb_540_Normalized.json::test_00002,invalid,passed,False,True,correct_reject,0.001126,0.000446,0.000306,1.1e-05,39,1
Kubernetes---kb_540_Normalized.json,Kubernetes---kb_540_Normalized.json::test_00003,invalid,passed,False,True,correct_reject,0.001126,0.000458,0.000304,1.2e-05,8,1
Kubernetes---kb_540_Normalized.json,Kubernetes---kb_540_Normalized.json::test_00004,invalid,passed,False,True,correct_reject,0.001126,0.000447,0.000293,1e-05,20,1
Kubernetes---kb_541_Normalized.json,Kubernetes---kb_541_Normalized.json::test_00000,valid,passed,True,True,correct_accept,0.001237,0.001394,0.001277,9e-05,7,7
Kubernetes---kb_541_Normalized.json,Kubernetes---kb_541_Normalized.json::test_00001,invalid,passed,False,True,correct_reject,0.001237,0.00073,0.000678,3.1e-05,6,5
Kubernetes---kb_542_Normalized.json,Kubernetes---kb_542_Normalized.json::test_00000,valid,passed,True,True,correct_accept,0.001216,0.001029,0.000943,6.5e-05,7,7
Kubernetes---kb_542_Normalized.json,Kubernetes---kb_542_Normalized.json::test_00001,invalid,passed,False,True,correct_reject,0.001216,0.000519,0.000483,2e-05,6,5
Kubernetes---kb_543_Normalized.json,Kubernetes---kb_543_Normalized.json::test_00000,valid,failed,False,True,over_constraint,0.003591,0.003078,0.002736,0.00019,178,43
Kubernetes---kb_543_Normalized.json,Kubernetes---kb_543_Normalized.json::test_00001,invalid,passed,False,True,correct_reject,0.003591,0.002102,0.00185,0.000114,187,43
Kubernetes---kb_543_Normalized.json,Kubernetes---kb_543_Normalized.json::test_00002,invalid,passed,False,True,correct_reject,0.003591,0.000461,0.000419,2.3e-05,173,6
Kubernetes---kb_543_Normalized.json,Kubernetes---kb_543_Normalized.json::test_00003,invalid,passed,False,True,correct_reject,0.003591,0.000557,0.000498,3.5e-05,172,6
Kubernetes---kb_543_Normalized.json,Kubernetes---kb_543_Normalized.json::test_00004,valid,failed,False,True,over_constraint,0.003591,0.001744,0.001517,0.000103,102,37
Kubernetes---kb_543_Normalized.json,Kubernetes---kb_543_Normalized.json::test_00005,invalid,passed,False,True,correct_reject,0.003591,0.001733,0.001512,9.8e-05,103,37
Kubernetes---kb_543_Normalized.json,Kubernetes---kb_543_Normalized.json::test_00006,invalid,passed,False,True,correct_reject,0.003591,0.000611,0.00054,3.9e-05,102,12
Kubernetes---kb_544_Normalized.json,Kubernetes---kb_544_Normalized.json::test_00000,valid,failed,False,True,over_constraint,0.002996,0.002586,0.002294,0.000149,176,39
Kubernetes---kb_544_Normalized.json,Kubernetes---kb_544_Normalized.json::test_00001,valid,failed,False,True,over_constraint,0.002996,0.001858,0.001618,0.00011,186,39
Kubernetes---kb_544_Normalized.json,Kubernetes---kb_544_Normalized.json::test_00002,invalid,passed,False,True,correct_reject,0.002996,0.001848,0.001612,0.00011,185,39
Kubernetes---kb_544_Normalized.json,Kubernetes---kb_544_Normalized.json::test_00003,invalid,passed,False,True,correct_reject,0.002996,0.001897,0.001658,0.000106,193,39
Kubernetes---kb_545_Normalized.json,Kubernetes---kb_545_Normalized.json::test_00000,valid,failed,False,True,over_constraint,0.003056,0.003039,0.002714,0.000184,165,40
Kubernetes---kb_545_Normalized.json,Kubernetes---kb_545_Normalized.json::test_00001,invalid,passed,False,True,correct_reject,0.003056,0.00212,0.001883,0.000109,172,40
Kubernetes---kb_545_Normalized.json,Kubernetes---kb_545_Normalized.json::test_00002,invalid,passed,False,True,correct_reject,0.003056,0.002897,0.002578,0.000152,164,40
Kubernetes---kb_545_Normalized.json,Kubernetes---kb_545_Normalized.json::test_00003,valid,failed,False,True,over_constraint,0.003056,0.002136,0.001903,0.000103,187,39
Kubernetes---kb_545_Normalized.json,Kubernetes---kb_545_Normalized.json::test_00004,invalid,passed,False,True,correct_reject,0.003056,0.002115,0.00189,9.4e-05,185,39
Kubernetes---kb_545_Normalized.json,Kubernetes---kb_545_Normalized.json::test_00005,invalid,passed,False,True,correct_reject,0.003056,0.002868,0.002581,0.000139,193,39
Kubernetes---kb_545_Normalized.json,Kubernetes---kb_545_Normalized.json::test_00006,invalid,passed,False,True,correct_reject,0.003056,0.002136,0.001905,0.0001,187,39
Kubernetes---kb_546_Normalized.json,Kubernetes---kb_546_Normalized.json::test_00000,valid,passed,True,True,correct_accept,0.001507,0.002101,0.001931,0.000125,15,15
Kubernetes---kb_546_Normalized.json,Kubernetes---kb_546_Normalized.json::test_00001,invalid,passed,False,True,correct_reject,0.001507,0.000818,0.000754,3.8e-05,14,11
Kubernetes---kb_546_Normalized.json,Kubernetes---kb_546_Normalized.json::test_00002,valid,passed,True,True,correct_accept,0.001507,0.001084,0.000985,6e-05,15,15
Kubernetes---kb_546_Normalized.json,Kubernetes---kb_546_Normalized.json::test_00003,invalid,passed,False,True,correct_reject,0.001507,0.000838,0.000771,3.9e-05,13,11
Kubernetes---kb_547_Normalized.json,Kubernetes---kb_547_Normalized.json::test_00000,valid,passed,True,True,correct_accept,0.001009,0.00187,0.001719,0.00011,15,15
Kubernetes---kb_547_Normalized.json,Kubernetes---kb_547_Normalized.json::test_00001,invalid,passed,False,True,correct_reject,0.001009,0.000997,0.000907,5.8e-05,14,11
Kubernetes---kb_547_Normalized.json,Kubernetes---kb_547_Normalized.json::test_00002,valid,passed,True,True,correct_accept,0.001009,0.001181,0.001061,7.5e-05,15,15
Kubernetes---kb_547_Normalized.json,Kubernetes---kb_547_Normalized.json::test_00003,invalid,passed,False,True,correct_reject,0.001009,0.000575,0.000525,3e-05,14,5
Kubernetes---kb_548_Normalized.json,Kubernetes---kb_548_Normalized.json::test_00000,valid,failed,False,True,over_constraint,0.001517,0.003408,0.002989,0.000252,80,25
Kubernetes---kb_548_Normalized.json,Kubernetes---kb_548_Normalized.json::test_00001,invalid,passed,False,True,correct_reject,0.001517,0.000611,0.00057,2.3e-05,79,6
Kubernetes---kb_549_Normalized.json,Kubernetes---kb_549_Normalized.json::test_00000,valid,failed,False,True,over_constraint,0.001905,0.004005,0.003515,0.000305,85,31
Kubernetes---kb_549_Normalized.json,Kubernetes---kb_549_Normalized.json::test_00001,invalid,passed,False,True,correct_reject,0.001905,0.00081,0.000756,3.3e-05,84,6
Kubernetes---kb_549_Normalized.json,Kubernetes---kb_549_Normalized.json::test_00002,valid,failed,False,True,over_constraint,0.001905,0.002656,0.00236,0.000126,104,31
Kubernetes---kb_549_Normalized.json,Kubernetes---kb_549_Normalized.json::test_00003,invalid,passed,False,True,correct_reject,0.001905,0.000767,0.000717,3e-05,103,6
Kubernetes---kb_549_Normalized.json,Kubernetes---kb_549_Normalized.json::test_00004,invalid,passed,False,True,correct_reject,0.001905,0.000734,0.000683,3.1e-05,1685,6
Kubernetes---kb_54_Normalized.json,Kubernetes---kb_54_Normalized.json::test_00000,valid,passed,True,True,correct_accept,0.001467,0.002365,0.002162,0.000126,29,29
Kubernetes---kb_54_Normalized.json,Kubernetes---kb_54_Normalized.json::test_00001,invalid,passed,False,True,correct_reject,0.001467,0.000606,0.00055,3.1e-05,30,5
Kubernetes---kb_54_Normalized.json,Kubernetes---kb_54_Normalized.json::test_00002,invalid,passed,False,True,correct_reject,0.001467,0.001618,0.001457,9.4e-05,28,27
Kubernetes---kb_54_Normalized.json,Kubernetes---kb_54_Normalized.json::test_00003,invalid,passed,False,True,correct_reject,0.001467,0.000532,0.000485,2.8e-05,30,5
Kubernetes---kb_54_Normalized.json,Kubernetes---kb_54_Normalized.json::test_00004,valid,passed,True,True,correct_accept,0.001467,0.00192,0.001733,0.000109,29,29
Kubernetes---kb_54_Normalized.json,Kubernetes---kb_54_Normalized.json::test_00005,invalid,passed,False,True,correct_reject,0.001467,0.002114,0.001895,0.000158,30,20
Kubernetes---kb_54_Normalized.json,Kubernetes---kb_54_Normalized.json::test_00006,invalid,passed,False,True,correct_reject,0.001467,0.000612,0.000554,3.2e-05,27,6
Kubernetes---kb_550_Normalized.json,Kubernetes---kb_550_Normalized.json::test_00000,valid,failed,False,True,over_constraint,0.001773,0.007825,0.006995,0.000506,84,72
Kubernetes---kb_550_Normalized.json,Kubernetes---kb_550_Normalized.json::test_00001,invalid,passed,False,True,correct_reject,0.001773,0.000574,0.000522,2.9e-05,82,5
Kubernetes---kb_550_Normalized.json,Kubernetes---kb_550_Normalized.json::test_00002,invalid,passed,False,True,correct_reject,0.001773,0.002938,0.002632,0.000194,91,34
Kubernetes---kb_550_Normalized.json,Kubernetes---kb_550_Normalized.json::test_00003,invalid,passed,False,True,correct_reject,0.001773,0.002393,0.002205,0.000111,83,27
Kubernetes---kb_550_Normalized.json,Kubernetes---kb_550_Normalized.json::test_00004,valid,passed,True,True,correct_accept,0.001773,0.006735,0.006094,0.000422,68,68
Kubernetes---kb_550_Normalized.json,Kubernetes---kb_550_Normalized.json::test_00005,invalid,passed,False,True,correct_reject,0.001773,0.00061,0.000557,3e-05,66,5
Kubernetes---kb_550_Normalized.json,Kubernetes---kb_550_Normalized.json::test_00006,invalid,passed,False,True,correct_reject,0.001773,0.002956,0.002741,0.000127,75,34
Kubernetes---kb_550_Normalized.json,Kubernetes---kb_550_Normalized.json::test_00007,invalid,passed,False,True,correct_reject,0.001773,0.002169,0.001998,0.000101,70,27
Kubernetes---kb_551_Normalized.json,Kubernetes---kb_551_Normalized.json::test_00000,valid,passed,True,True,correct_accept,0.001782,0.0066,0.005967,0.000469,68,68
Kubernetes---kb_551_Normalized.json,Kubernetes---kb_551_Normalized.json::test_00001,invalid,passed,False,True,correct_reject,0.001782,0.002262,0.002081,0.000108,74,27
Kubernetes---kb_551_Normalized.json,Kubernetes---kb_551_Normalized.json::test_00002,invalid,passed,False,True,correct_reject,0.001782,0.000602,0.00055,3.1e-05,66,5
Kubernetes---kb_551_Normalized.json,Kubernetes---kb_551_Normalized.json::test_00003,invalid,passed,False,True,correct_reject,0.001782,0.002177,0.002003,0.000105,75,27
Kubernetes---kb_551_Normalized.json,Kubernetes---kb_551_Normalized.json::test_00004,invalid,passed,False,True,correct_reject,0.001782,0.001937,0.001783,8.4e-05,74,33
Kubernetes---kb_551_Normalized.json,Kubernetes---kb_551_Normalized.json::test_00005,valid,passed,True,True,correct_accept,0.001782,0.003837,0.003489,0.000206,68,68
Kubernetes---kb_551_Normalized.json,Kubernetes---kb_551_Normalized.json::test_00006,invalid,passed,False,True,correct_reject,0.001782,0.001925,0.001776,8.1e-05,75,34
Kubernetes---kb_551_Normalized.json,Kubernetes---kb_551_Normalized.json::test_00007,invalid,passed,False,True,correct_reject,0.001782,0.001633,0.001504,7.5e-05,80,27
Kubernetes---kb_552_Normalized.json,Kubernetes---kb_552_Normalized.json::test_00000,valid,passed,True,True,correct_accept,0.002305,0.00231,0.002039,0.000213,24,24
Kubernetes---kb_552_Normalized.json,Kubernetes---kb_552_Normalized.json::test_00001,invalid,passed,False,True,correct_reject,0.002305,0.000364,0.000332,1.9e-05,24,4
Kubernetes---kb_552_Normalized.json,Kubernetes---kb_552_Normalized.json::test_00002,invalid,passed,False,True,correct_reject,0.002305,0.000832,0.000746,6.1e-05,25,9
Kubernetes---kb_553_Normalized.json,Kubernetes---kb_553_Normalized.json::test_00000,valid,passed,True,True,correct_accept,0.002259,0.002132,0.001937,0.000119,34,34
Kubernetes---kb_553_Normalized.json,Kubernetes---kb_553_Normalized.json::test_00001,invalid,passed,False,True,correct_reject,0.002259,0.000423,0.00039,1.9e-05,37,4
Kubernetes---kb_554_Normalized.json,Kubernetes---kb_554_Normalized.json::test_00000,valid,passed,True,True,correct_accept,0.002496,0.002208,0.001993,0.000141,34,34
Kubernetes---kb_554_Normalized.json,Kubernetes---kb_554_Normalized.json::test_00001,invalid,passed,False,True,correct_reject,0.002496,0.00139,0.001238,0.000118,149,9
Kubernetes---kb_554_Normalized.json,Kubernetes---kb_554_Normalized.json::test_00002,invalid,passed,False,True,correct_reject,0.002496,0.000753,0.000698,3.2e-05,32,9
Kubernetes---kb_555_Normalized.json,Kubernetes---kb_555_Normalized.json::test_00000,valid,passed,True,True,correct_accept,0.002894,0.002045,0.001868,0.000104,33,33
Kubernetes---kb_555_Normalized.json,Kubernetes---kb_555_Normalized.json::test_00001,valid,passed,True,True,correct_accept,0.002894,0.001907,0.001654,0.000153,33,33
Kubernetes---kb_555_Normalized.json,Kubernetes---kb_555_Normalized.json::test_00002,invalid,passed,False,True,correct_reject,0.002894,0.000448,0.00041,2.2e-05,33,4
Kubernetes---kb_556_Normalized.json,Kubernetes---kb_556_Normalized.json::test_00000,valid,passed,True,True,correct_accept,0.002907,0.002812,0.002503,0.000228,33,33
Kubernetes---kb_556_Normalized.json,Kubernetes---kb_556_Normalized.json::test_00001,valid,passed,True,True,correct_accept,0.002907,0.001457,0.00132,8.4e-05,26,26
Kubernetes---kb_556_Normalized.json,Kubernetes---kb_556_Normalized.json::test_00002,invalid,passed,False,True,correct_reject,0.002907,0.000508,0.000457,3.1e-05,26,5
Kubernetes---kb_556_Normalized.json,Kubernetes---kb_556_Normalized.json::test_00003,invalid,passed,False,True,correct_reject,0.002907,0.00102,0.000901,8.9e-05,27,8
Kubernetes---kb_557_Normalized.json,Kubernetes---kb_557_Normalized.json::test_00000,valid,passed,True,True,correct_accept,0.002848,0.003258,0.002856,0.000321,26,26
Kubernetes---kb_557_Normalized.json,Kubernetes---kb_557_Normalized.json::test_00001,valid,passed,True,True,correct_accept,0.002848,0.002854,0.00253,0.000209,41,41
Kubernetes---kb_557_Normalized.json,Kubernetes---kb_557_Normalized.json::test_00002,invalid,passed,False,True,correct_reject,0.002848,0.001079,0.000943,0.000107,39,9
Kubernetes---kb_558_Normalized.json,Kubernetes---kb_558_Normalized.json::test_00000,valid,passed,True,True,correct_accept,0.001821,0.002471,0.002277,0.000117,29,29
Kubernetes---kb_558_Normalized.json,Kubernetes---kb_558_Normalized.json::test_00001,valid,passed,True,True,correct_accept,0.001821,0.00174,0.001523,0.000129,29,29
Kubernetes---kb_558_Normalized.json,Kubernetes---kb_558_Normalized.json::test_00002,invalid,passed,False,True,correct_reject,0.001821,0.001089,0.000926,0.000136,29,12
Kubernetes---kb_558_Normalized.json,Kubernetes---kb_558_Normalized.json::test_00003,invalid,passed,False,True,correct_reject,0.001821,0.000955,0.000882,4e-05,34,12
Kubernetes---kb_559_Normalized.json,Kubernetes---kb_559_Normalized.json::test_00000,valid,passed,True,True,correct_accept,0.001853,0.00335,0.003095,0.000167,29,29
Kubernetes---kb_559_Normalized.json,Kubernetes---kb_559_Normalized.json::test_00001,valid,passed,True,True,correct_accept,0.001853,0.001871,0.001694,0.000108,29,29
Kubernetes---kb_559_Normalized.json,Kubernetes---kb_559_Normalized.json::test_00002,invalid,passed,False,True,correct_reject,0.001853,0.001368,0.001151,0.000179,21,12
Kubernetes---kb_559_Normalized.json,Kubernetes---kb_559_Normalized.json::test_00003,invalid,passed,False,True,correct_reject,0.001853,0.00097,0.000897,4.2e-05,31,12
Kubernetes---kb_559_Normalized.json,Kubernetes---kb_559_Normalized.json::test_00004,invalid,passed,False,True,correct_reject,0.001853,0.001057,0.000975,5.1e-05,29,12
Kubernetes---kb_55_Normalized.json,Kubernetes---kb_55_Normalized.json::test_00000,valid,passed,True,True,correct_accept,0.001388,0.002148,0.001969,0.000113,22,22
Kubernetes---kb_55_Normalized.json,Kubernetes---kb_55_Normalized.json::test_00001,invalid,passed,False,True,correct_reject,0.001388,0.000677,0.000617,3.6e-05,23,5
Kubernetes---kb_55_Normalized.json,Kubernetes---kb_55_Normalized.json::test_00002,invalid,passed,False,True,correct_reject,0.001388,0.001428,0.001283,8.6e-05,21,20
Kubernetes---kb_55_Normalized.json,Kubernetes---kb_55_Normalized.json::test_00003,invalid,passed,False,True,correct_reject,0.001388,0.000579,0.00053,2.9e-05,23,5
Kubernetes---kb_55_Normalized.json,Kubernetes---kb_55_Normalized.json::test_00004,valid,passed,True,True,correct_accept,0.001388,0.001674,0.001521,8.8e-05,25,25
Kubernetes---kb_55_Normalized.json,Kubernetes---kb_55_Normalized.json::test_00005,invalid,passed,False,True,correct_reject,0.001388,0.000515,0.000469,2.7e-05,26,5
Kubernetes---kb_560_Normalized.json,Kubernetes---kb_560_Normalized.json::test_00000,valid,passed,True,True,correct_accept,0.001726,0.002678,0.002395,0.000221,22,22
Kubernetes---kb_560_Normalized.json,Kubernetes---kb_560_Normalized.json::test_00001,valid,passed,True,True,correct_accept,0.001726,0.001754,0.001609,8.7e-05,22,22
Kubernetes---kb_560_Normalized.json,Kubernetes---kb_560_Normalized.json::test_00002,invalid,passed,False,True,correct_reject,0.001726,0.000742,0.000689,3.1e-05,21,6
Kubernetes---kb_560_Normalized.json,Kubernetes---kb_560_Normalized.json::test_00003,invalid,passed,False,True,correct_reject,0.001726,0.001305,0.00118,8e-05,20,13
Kubernetes---kb_560_Normalized.json,Kubernetes---kb_560_Normalized.json::test_00004,invalid,passed,False,True,correct_reject,0.001726,0.000846,0.000783,3.8e-05,24,8
Kubernetes---kb_561_Normalized.json,Kubernetes---kb_561_Normalized.json::test_00000,valid,passed,True,True,correct_accept,0.001476,0.003712,0.003272,0.000359,22,22
Kubernetes---kb_561_Normalized.json,Kubernetes---kb_561_Normalized.json::test_00001,valid,passed,True,True,correct_accept,0.001476,0.001828,0.00168,9.2e-05,23,23
Kubernetes---kb_561_Normalized.json,Kubernetes---kb_561_Normalized.json::test_00002,invalid,passed,False,True,correct_reject,0.001476,0.001968,0.001771,0.000124,21,20
Kubernetes---kb_562_Normalized.json,Kubernetes---kb_562_Normalized.json::test_00000,valid,passed,True,True,correct_accept,0.000644,0.001706,0.001597,6.6e-05,18,18
Kubernetes---kb_562_Normalized.json,Kubernetes---kb_562_Normalized.json::test_00001,invalid,passed,False,True,correct_reject,0.000644,0.00036,0.000343,8e-06,30,1
Kubernetes---kb_562_Normalized.json,Kubernetes---kb_562_Normalized.json::test_00002,invalid,passed,False,True,correct_reject,0.000644,0.000346,0.000331,7e-06,13,1
Kubernetes---kb_563_Normalized.json,Kubernetes---kb_563_Normalized.json::test_00000,valid,passed,True,True,correct_accept,0.000535,0.001631,0.00149,8.3e-05,18,18
Kubernetes---kb_563_Normalized.json,Kubernetes---kb_563_Normalized.json::test_00001,invalid,passed,False,True,correct_reject,0.000535,0.000382,0.000363,9e-06,30,1
Kubernetes---kb_564_Normalized.json,Kubernetes---kb_564_Normalized.json::test_00000,valid,failed,False,True,over_constraint,0.003676,0.002602,0.001992,0.000118,174,21
Kubernetes---kb_564_Normalized.json,Kubernetes---kb_564_Normalized.json::test_00001,invalid,passed,False,True,correct_reject,0.003676,0.001254,0.001137,6.7e-05,177,18
Kubernetes---kb_564_Normalized.json,Kubernetes---kb_564_Normalized.json::test_00002,invalid,passed,False,True,correct_reject,0.003676,0.001664,0.0014,0.000104,180,21
Kubernetes---kb_564_Normalized.json,Kubernetes---kb_564_Normalized.json::test_00003,invalid,passed,False,True,correct_reject,0.003676,0.002171,0.001826,0.00014,203,27
Kubernetes---kb_565_Normalized.json,Kubernetes---kb_565_Normalized.json::test_00000,valid,failed,False,True,over_constraint,0.002433,0.001485,0.00116,6e-05,153,17
Kubernetes---kb_565_Normalized.json,Kubernetes---kb_565_Normalized.json::test_00001,invalid,passed,False,True,correct_reject,0.002433,0.001064,0.000884,5.7e-05,159,17
Kubernetes---kb_565_Normalized.json,Kubernetes---kb_565_Normalized.json::test_00002,invalid,passed,False,True,correct_reject,0.002433,0.000575,0.000521,2.9e-05,156,8
Kubernetes---kb_565_Normalized.json,Kubernetes---kb_565_Normalized.json::test_00003,invalid,passed,False,True,correct_reject,0.002433,0.00115,0.000959,5.7e-05,156,17
Kubernetes---kb_565_Normalized.json,Kubernetes---kb_565_Normalized.json::test_00004,valid,failed,False,True,over_constraint,0.002433,0.000508,0.000375,2.5e-05,159,5
Kubernetes---kb_565_Normalized.json,Kubernetes---kb_565_Normalized.json::test_00005,invalid,passed,False,True,correct_reject,0.002433,0.000318,0.000297,1.2e-05,163,2
Kubernetes---kb_566_Normalized.json,Kubernetes---kb_566_Normalized.json::test_00000,valid,failed,False,True,over_constraint,0.002256,0.002027,0.00151,8.2e-05,168,17
Kubernetes---kb_566_Normalized.json,Kubernetes---kb_566_Normalized.json::test_00001,invalid,passed,False,True,correct_reject,0.002256,0.001107,0.000922,5.7e-05,174,17
Kubernetes---kb_566_Normalized.json,Kubernetes---kb_566_Normalized.json::test_00002,invalid,passed,False,True,correct_reject,0.002256,0.001466,0.001333,8.4e-05,171,14
Kubernetes---kb_566_Normalized.json,Kubernetes---kb_566_Normalized.json::test_00003,valid,failed,False,True,over_constraint,0.002256,0.00058,0.000422,3.1e-05,158,5
Kubernetes---kb_566_Normalized.json,Kubernetes---kb_566_Normalized.json::test_00004,invalid,passed,False,True,correct_reject,0.002256,0.00033,0.000308,1.2e-05,158,2
Kubernetes---kb_566_Normalized.json,Kubernetes---kb_566_Normalized.json::test_00005,invalid,passed,False,True,correct_reject,0.002256,0.00032,0.000299,1.2e-05,223,2
Kubernetes---kb_567_Normalized.json,Kubernetes---kb_567_Normalized.json::test_00000,valid,failed,False,True,over_constraint,0.003545,0.004856,0.004203,0.000353,223,66
Kubernetes---kb_567_Normalized.json,Kubernetes---kb_567_Normalized.json::test_00001,invalid,passed,False,True,correct_reject,0.003545,0.003982,0.003513,0.000197,230,66
Kubernetes---kb_567_Normalized.json,Kubernetes---kb_567_Normalized.json::test_00002,valid,failed,False,True,over_constraint,0.003545,0.003967,0.003511,0.000207,202,60
Kubernetes---kb_567_Normalized.json,Kubernetes---kb_567_Normalized.json::test_00003,invalid,passed,False,True,correct_reject,0.003545,0.000679,0.000624,3.4e-05,194,6
Kubernetes---kb_568_Normalized.json,Kubernetes---kb_568_Normalized.json::test_00000,valid,failed,False,True,over_constraint,0.004608,0.005297,0.004493,0.000431,212,59
Kubernetes---kb_568_Normalized.json,Kubernetes---kb_568_Normalized.json::test_00001,invalid,passed,False,True,correct_reject,0.004608,0.005372,0.004606,0.000404,212,59
Kubernetes---kb_568_Normalized.json,Kubernetes---kb_568_Normalized.json::test_00002,invalid,passed,False,True,correct_reject,0.004608,0.004095,0.003609,0.000227,89,59
Kubernetes---kb_568_Normalized.json,Kubernetes---kb_568_Normalized.json::test_00003,valid,failed,False,True,over_constraint,0.004608,0.003962,0.003502,0.00021,119,52
Kubernetes---kb_568_Normalized.json,Kubernetes---kb_568_Normalized.json::test_00004,invalid,passed,False,True,correct_reject,0.004608,0.003716,0.003393,0.000199,112,49
Kubernetes---kb_569_Normalized.json,Kubernetes---kb_569_Normalized.json::test_00000,valid,failed,False,True,over_constraint,0.004675,0.005239,0.004552,0.000378,227,65
Kubernetes---kb_569_Normalized.json,Kubernetes---kb_569_Normalized.json::test_00001,invalid,passed,False,True,correct_reject,0.004675,0.000604,0.000564,2.3e-05,217,6
Kubernetes---kb_569_Normalized.json,Kubernetes---kb_569_Normalized.json::test_00002,invalid,passed,False,True,correct_reject,0.004675,0.003685,0.003301,0.000163,247,65
Kubernetes---kb_569_Normalized.json,Kubernetes---kb_569_Normalized.json::test_00003,valid,failed,False,True,over_constraint,0.004675,0.003213,0.002887,0.000136,208,52
Kubernetes---kb_569_Normalized.json,Kubernetes---kb_569_Normalized.json::test_00004,invalid,passed,False,True,correct_reject,0.004675,0.003715,0.003443,0.00016,208,49
Kubernetes---kb_56_Normalized.json,Kubernetes---kb_56_Normalized.json::test_00000,valid,passed,True,True,correct_accept,0.001108,0.001936,0.001776,0.000101,22,22
Kubernetes---kb_56_Normalized.json,Kubernetes---kb_56_Normalized.json::test_00001,invalid,passed,False,True,correct_reject,0.001108,0.000525,0.000477,2.8e-05,23,5
Kubernetes---kb_56_Normalized.json,Kubernetes---kb_56_Normalized.json::test_00002,invalid,passed,False,True,correct_reject,0.001108,0.001135,0.001023,6.4e-05,21,20
Kubernetes---kb_56_Normalized.json,Kubernetes---kb_56_Normalized.json::test_00003,invalid,passed,False,True,correct_reject,0.001108,0.000437,0.000398,2.3e-05,23,5
Kubernetes---kb_570_Normalized.json,Kubernetes---kb_570_Normalized.json::test_00000,valid,failed,False,True,over_constraint,0.005271,0.007535,0.006563,0.00056,278,84
Kubernetes---kb_570_Normalized.json,Kubernetes---kb_570_Normalized.json::test_00001,invalid,passed,False,True,correct_reject,0.005271,0.00559,0.004988,0.000301,326,84
Kubernetes---kb_571_Normalized.json,Kubernetes---kb_571_Normalized.json::test_00000,valid,failed,False,True,over_constraint,0.004965,0.006859,0.005933,0.000545,269,79
Kubernetes---kb_571_Normalized.json,Kubernetes---kb_571_Normalized.json::test_00001,invalid,passed,False,True,correct_reject,0.004965,0.001057,0.000929,7.1e-05,63,21
Kubernetes---kb_572_Normalized.json,Kubernetes---kb_572_Normalized.json::test_00000,valid,failed,False,True,over_constraint,0.004654,0.008264,0.007212,0.000632,297,84
Kubernetes---kb_572_Normalized.json,Kubernetes---kb_572_Normalized.json::test_00001,invalid,passed,False,True,correct_reject,0.004654,0.004631,0.004177,0.000205,298,84
Kubernetes---kb_572_Normalized.json,Kubernetes---kb_572_Normalized.json::test_00002,invalid,passed,False,True,correct_reject,0.004654,0.005089,0.004526,0.000263,260,84
Kubernetes---kb_573_Normalized.json,Kubernetes---kb_573_Normalized.json::test_00000,valid,failed,False,True,over_constraint,0.004037,0.00352,0.003078,0.00027,172,36
Kubernetes---kb_573_Normalized.json,Kubernetes---kb_573_Normalized.json::test_00001,invalid,passed,False,True,correct_reject,0.004037,0.002044,0.001828,0.000133,204,28
Kubernetes---kb_573_Normalized.json,Kubernetes---kb_573_Normalized.json::test_00002,invalid,passed,False,True,correct_reject,0.004037,0.001733,0.001593,8.2e-05,160,28
Kubernetes---kb_573_Normalized.json,Kubernetes---kb_573_Normalized.json::test_00003,valid,failed,False,True,over_constraint,0.004037,0.003156,0.002784,0.000193,174,48
Kubernetes---kb_573_Normalized.json,Kubernetes---kb_573_Normalized.json::test_00004,invalid,passed,False,True,correct_reject,0.004037,0.000595,0.00055,2.6e-05,123,7
Kubernetes---kb_574_Normalized.json,Kubernetes---kb_574_Normalized.json::test_00000,valid,failed,False,True,over_constraint,0.002632,0.00426,0.003747,0.000332,179,46
Kubernetes---kb_574_Normalized.json,Kubernetes---kb_574_Normalized.json::test_00001,invalid,passed,False,True,correct_reject,0.002632,0.003013,0.002695,0.000141,225,45
Kubernetes---kb_574_Normalized.json,Kubernetes---kb_574_Normalized.json::test_00002,invalid,passed,False,True,correct_reject,0.002632,0.002198,0.002028,0.000105,180,28
Kubernetes---kb_574_Normalized.json,Kubernetes---kb_574_Normalized.json::test_00003,valid,failed,False,True,over_constraint,0.002632,0.002856,0.002558,0.000123,115,45
Kubernetes---kb_574_Normalized.json,Kubernetes---kb_574_Normalized.json::test_00004,invalid,passed,False,True,correct_reject,0.002632,0.002856,0.002558,0.000126,137,45
Kubernetes---kb_574_Normalized.json,Kubernetes---kb_574_Normalized.json::test_00005,invalid,passed,False,True,correct_reject,0.002632,0.001957,0.001789,0.0001,119,28
Kubernetes---kb_575_Normalized.json,Kubernetes---kb_575_Normalized.json::test_00000,valid,passed,True,True,correct_accept,0.001155,0.003945,0.003669,0.000164,48,48
Kubernetes---kb_575_Normalized.json,Kubernetes---kb_575_Normalized.json::test_00001,invalid,passed,False,True,correct_reject,0.001155,0.001648,0.001519,7e-05,46,25
Kubernetes---kb_575_Normalized.json,Kubernetes---kb_575_Normalized.json::test_00002,invalid,passed,False,True,correct_reject,0.001155,0.00205,0.001881,8.5e-05,48,40
Kubernetes---kb_575_Normalized.json,Kubernetes---kb_575_Normalized.json::test_00003,valid,failed,False,True,over_constraint,0.001155,0.002206,0.001903,0.000122,54,34
Kubernetes---kb_575_Normalized.json,Kubernetes---kb_575_Normalized.json::test_00004,invalid,passed,False,True,correct_reject,0.001155,0.000353,0.000331,1.3e-05,53,2
Kubernetes---kb_576_Normalized.json,Kubernetes---kb_576_Normalized.json::test_00000,valid,passed,True,True,correct_accept,0.001591,0.004098,0.003792,0.000181,48,48
Kubernetes---kb_576_Normalized.json,Kubernetes---kb_576_Normalized.json::test_00001,invalid,passed,False,True,correct_reject,0.001591,0.001563,0.001442,6.4e-05,46,25
Kubernetes---kb_576_Normalized.json,Kubernetes---kb_576_Normalized.json::test_00002,valid,failed,False,True,over_constraint,0.001591,0.001948,0.001721,7.4e-05,50,33
Kubernetes---kb_576_Normalized.json,Kubernetes---kb_576_Normalized.json::test_00003,invalid,passed,False,True,correct_reject,0.001591,0.0021,0.001906,0.000117,45,30
Kubernetes---kb_576_Normalized.json,Kubernetes---kb_576_Normalized.json::test_00004,invalid,passed,False,True,correct_reject,0.001591,0.00244,0.002154,0.000105,44,33
Kubernetes---kb_577_Normalized.json,Kubernetes---kb_577_Normalized.json::test_00000,valid,failed,False,True,over_constraint,0.002966,0.00729,0.006467,0.000537,204,93
Kubernetes---kb_577_Normalized.json,Kubernetes---kb_577_Normalized.json::test_00001,invalid,passed,False,True,correct_reject,0.002966,0.000742,0.00065,5.3e-05,56,12
Kubernetes---kb_577_Normalized.json,Kubernetes---kb_577_Normalized.json::test_00002,invalid,passed,False,True,correct_reject,0.002966,0.005584,0.005095,0.000223,206,93
Kubernetes---kb_577_Normalized.json,Kubernetes---kb_577_Normalized.json::test_00003,valid,failed,False,True,over_constraint,0.002966,0.009677,0.008656,0.000658,366,118
Kubernetes---kb_577_Normalized.json,Kubernetes---kb_577_Normalized.json::test_00004,invalid,passed,False,True,correct_reject,0.002966,0.0067,0.006136,0.000253,364,118
Kubernetes---kb_578_Normalized.json,Kubernetes---kb_578_Normalized.json::test_00000,valid,failed,False,True,over_constraint,0.002998,0.00892,0.007761,0.000799,205,93
Kubernetes---kb_578_Normalized.json,Kubernetes---kb_578_Normalized.json::test_00001,invalid,passed,False,True,correct_reject,0.002998,0.000612,0.00056,3.1e-05,205,6
Kubernetes---kb_578_Normalized.json,Kubernetes---kb_578_Normalized.json::test_00002,invalid,passed,False,True,correct_reject,0.002998,0.006901,0.006317,0.000287,207,93
Kubernetes---kb_578_Normalized.json,Kubernetes---kb_578_Normalized.json::test_00003,invalid,passed,False,True,correct_reject,0.002998,0.005655,0.005169,0.000211,204,93
Kubernetes---kb_578_Normalized.json,Kubernetes---kb_578_Normalized.json::test_00004,invalid,passed,False,True,correct_reject,0.002998,0.005686,0.005199,0.000215,205,93
Kubernetes---kb_578_Normalized.json,Kubernetes---kb_578_Normalized.json::test_00005,invalid,passed,False,True,correct_reject,0.002998,0.005885,0.005347,0.000257,194,82
Kubernetes---kb_579_Normalized.json,Kubernetes---kb_579_Normalized.json::test_00000,valid,passed,True,True,correct_accept,0.001038,0.00162,0.001454,0.00013,13,13
Kubernetes---kb_579_Normalized.json,Kubernetes---kb_579_Normalized.json::test_00001,invalid,passed,False,True,correct_reject,0.001038,0.000754,0.0007,3.3e-05,7,6
Kubernetes---kb_579_Normalized.json,Kubernetes---kb_579_Normalized.json::test_00002,invalid,passed,False,True,correct_reject,0.001038,0.000753,0.000698,3.4e-05,12,6
Kubernetes---kb_579_Normalized.json,Kubernetes---kb_579_Normalized.json::test_00003,valid,passed,True,True,correct_accept,0.001038,0.001663,0.001537,8.1e-05,18,18
Kubernetes---kb_579_Normalized.json,Kubernetes---kb_579_Normalized.json::test_00004,invalid,passed,False,True,correct_reject,0.001038,0.00143,0.001317,6.8e-05,14,13
Kubernetes---kb_579_Normalized.json,Kubernetes---kb_579_Normalized.json::test_00005,invalid,passed,False,True,correct_reject,0.001038,0.001032,0.000943,5.7e-05,21,13
Kubernetes---kb_57_Normalized.json,Kubernetes---kb_57_Normalized.json::test_00000,valid,passed,True,True,correct_accept,0.003968,0.005594,0.005092,0.000337,79,79
Kubernetes---kb_57_Normalized.json,Kubernetes---kb_57_Normalized.json::test_00001,invalid,passed,False,True,correct_reject,0.003968,0.000473,0.00043,2.3e-05,78,6
Kubernetes---kb_57_Normalized.json,Kubernetes---kb_57_Normalized.json::test_00002,invalid,passed,False,True,correct_reject,0.003968,0.0017,0.001537,9.6e-05,78,33
Kubernetes---kb_57_Normalized.json,Kubernetes---kb_57_Normalized.json::test_00003,invalid,passed,False,True,correct_reject,0.003968,0.005256,0.004779,0.000303,85,82
Kubernetes---kb_57_Normalized.json,Kubernetes---kb_57_Normalized.json::test_00004,invalid,passed,False,True,correct_reject,0.003968,0.002206,0.001961,0.000154,85,33
Kubernetes---kb_57_Normalized.json,Kubernetes---kb_57_Normalized.json::test_00005,invalid,passed,False,True,correct_reject,0.003968,0.001848,0.00164,0.000129,84,33
Kubernetes---kb_57_Normalized.json,Kubernetes---kb_57_Normalized.json::test_00006,valid,passed,True,True,correct_accept,0.003968,0.006089,0.005557,0.00033,97,97
Kubernetes---kb_57_Normalized.json,Kubernetes---kb_57_Normalized.json::test_00007,invalid,passed,False,True,correct_reject,0.003968,0.000494,0.000451,2.6e-05,94,5
Kubernetes---kb_580_Normalized.json,Kubernetes---kb_580_Normalized.json::test_00000,valid,passed,True,True,correct_accept,0.001172,0.002199,0.001923,0.000231,13,13
Kubernetes---kb_580_Normalized.json,Kubernetes---kb_580_Normalized.json::test_00001,invalid,passed,False,True,correct_reject,0.001172,0.000613,0.000564,2.9e-05,8,5
Kubernetes---kb_580_Normalized.json,Kubernetes---kb_580_Normalized.json::test_00002,invalid,passed,False,True,correct_reject,0.001172,0.000926,0.000842,5.1e-05,11,10
Kubernetes---kb_580_Normalized.json,Kubernetes---kb_580_Normalized.json::test_00003,invalid,passed,False,True,correct_reject,0.001172,0.000576,0.000535,2.5e-05,7,6
Kubernetes---kb_580_Normalized.json,Kubernetes---kb_580_Normalized.json::test_00004,invalid,passed,False,True,correct_reject,0.001172,0.000667,0.000611,3.3e-05,7,6
Kubernetes---kb_580_Normalized.json,Kubernetes---kb_580_Normalized.json::test_00005,invalid,passed,False,True,correct_reject,0.001172,0.000597,0.000552,2.8e-05,12,6
Kubernetes---kb_581_Normalized.json,Kubernetes---kb_581_Normalized.json::test_00000,valid,passed,True,True,correct_accept,0.001203,0.008013,0.007311,0.000458,106,106
Kubernetes---kb_581_Normalized.json,Kubernetes---kb_581_Normalized.json::test_00001,invalid,passed,False,True,correct_reject,0.001203,0.000679,0.000627,3.1e-05,12,4
Kubernetes---kb_581_Normalized.json,Kubernetes---kb_581_Normalized.json::test_00002,invalid,passed,False,True,correct_reject,0.001203,0.006288,0.005738,0.000321,99,92
Kubernetes---kb_581_Normalized.json,Kubernetes---kb_581_Normalized.json::test_00003,invalid,passed,False,True,correct_reject,0.001203,0.006984,0.006385,0.000347,106,105
Kubernetes---kb_581_Normalized.json,Kubernetes---kb_581_Normalized.json::test_00004,valid,passed,True,True,correct_accept,0.001203,0.007181,0.006607,0.000333,108,108
Kubernetes---kb_581_Normalized.json,Kubernetes---kb_581_Normalized.json::test_00005,invalid,passed,False,True,correct_reject,0.001203,0.007311,0.006727,0.000333,107,106
Kubernetes---kb_582_Normalized.json,Kubernetes---kb_582_Normalized.json::test_00000,valid,passed,True,True,correct_accept,0.001745,0.008233,0.007498,0.000472,106,106
Kubernetes---kb_582_Normalized.json,Kubernetes---kb_582_Normalized.json::test_00001,invalid,passed,False,True,correct_reject,0.001745,0.00067,0.000621,2.8e-05,12,4
Kubernetes---kb_582_Normalized.json,Kubernetes---kb_582_Normalized.json::test_00002,invalid,passed,False,True,correct_reject,0.001745,0.006308,0.005785,0.000304,99,92
Kubernetes---kb_582_Normalized.json,Kubernetes---kb_582_Normalized.json::test_00003,invalid,passed,False,True,correct_reject,0.001745,0.007126,0.006547,0.000336,106,105
Kubernetes---kb_584_Normalized.json,Kubernetes---kb_584_Normalized.json::test_00000,valid,failed,False,True,over_constraint,0.005158,0.001608,0.001339,0.00014,152,6
Kubernetes---kb_584_Normalized.json,Kubernetes---kb_584_Normalized.json::test_00001,invalid,passed,False,True,correct_reject,0.005158,0.001005,0.000843,4.2e-05,145,6
Kubernetes---kb_585_Normalized.json,Kubernetes---kb_585_Normalized.json::test_00000,valid,failed,False,True,over_constraint,0.007673,0.002079,0.001722,0.000185,152,6
Kubernetes---kb_585_Normalized.json,Kubernetes---kb_585_Normalized.json::test_00001,valid,failed,False,True,over_constraint,0.007673,0.001044,0.000834,3.7e-05,153,6
Kubernetes---kb_587_Normalized.json,Kubernetes---kb_587_Normalized.json::test_00000,valid,failed,False,True,over_constraint,0.003085,0.00503,0.004308,0.000373,96,32
Kubernetes---kb_587_Normalized.json,Kubernetes---kb_587_Normalized.json::test_00001,invalid,passed,False,True,correct_reject,0.003085,0.000926,0.000853,4.6e-05,95,7
Kubernetes---kb_588_Normalized.json,Kubernetes---kb_588_Normalized.json::test_00000,valid,failed,False,True,over_constraint,0.002573,0.003929,0.003358,0.00028,96,32
Kubernetes---kb_588_Normalized.json,Kubernetes---kb_588_Normalized.json::test_00001,invalid,passed,False,True,correct_reject,0.002573,0.002775,0.002428,0.000146,87,32
Kubernetes---kb_58_Normalized.json,Kubernetes---kb_58_Normalized.json::test_00000,valid,passed,True,True,correct_accept,0.003435,0.012317,0.011025,0.000993,104,104
Kubernetes---kb_58_Normalized.json,Kubernetes---kb_58_Normalized.json::test_00001,invalid,passed,False,True,correct_reject,0.003435,0.002507,0.002283,0.00014,123,33
Kubernetes---kb_58_Normalized.json,Kubernetes---kb_58_Normalized.json::test_00002,invalid,passed,False,True,correct_reject,0.003435,0.00069,0.000629,3.5e-05,103,6
Kubernetes---kb_58_Normalized.json,Kubernetes---kb_58_Normalized.json::test_00003,invalid,passed,False,True,correct_reject,0.003435,0.002519,0.00229,0.00014,104,33
Kubernetes---kb_58_Normalized.json,Kubernetes---kb_58_Normalized.json::test_00004,valid,failed,False,True,over_constraint,0.003435,0.005431,0.004844,0.00029,121,65
Kubernetes---kb_58_Normalized.json,Kubernetes---kb_58_Normalized.json::test_00005,invalid,passed,False,True,correct_reject,0.003435,0.000653,0.000594,3.6e-05,121,6
Kubernetes---kb_58_Normalized.json,Kubernetes---kb_58_Normalized.json::test_00006,invalid,passed,False,True,correct_reject,0.003435,0.0025,0.00228,0.000137,136,33
Kubernetes---kb_58_Normalized.json,Kubernetes---kb_58_Normalized.json::test_00007,invalid,passed,False,True,correct_reject,0.003435,0.002508,0.002288,0.000143,123,33
Kubernetes---kb_590_Normalized.json,Kubernetes---kb_590_Normalized.json::test_00000,valid,failed,False,True,over_constraint,0.002588,0.001332,0.001044,6.4e-05,95,4
Kubernetes---kb_590_Normalized.json,Kubernetes---kb_590_Normalized.json::test_00001,valid,failed,False,True,over_constraint,0.002588,0.000773,0.000607,3.2e-05,96,4
Kubernetes---kb_590_Normalized.json,Kubernetes---kb_590_Normalized.json::test_00002,invalid,passed,False,True,correct_reject,0.002588,0.000829,0.000632,4e-05,96,4
Kubernetes---kb_591_Normalized.json,Kubernetes---kb_591_Normalized.json::test_00000,valid,failed,False,True,over_constraint,0.002443,0.00134,0.001065,6.4e-05,95,4
Kubernetes---kb_591_Normalized.json,Kubernetes---kb_591_Normalized.json::test_00001,invalid,passed,False,True,correct_reject,0.002443,0.000787,0.000619,3.3e-05,37,4
Kubernetes---kb_591_Normalized.json,Kubernetes---kb_591_Normalized.json::test_00002,invalid,passed,False,True,correct_reject,0.002443,0.000871,0.00066,4.6e-05,117,4
Kubernetes---kb_596_Normalized.json,Kubernetes---kb_596_Normalized.json::test_00000,valid,failed,False,True,over_constraint,0.00198,0.001012,0.000371,1.2e-05,45,1
Kubernetes---kb_596_Normalized.json,Kubernetes---kb_596_Normalized.json::test_00001,valid,failed,False,True,over_constraint,0.00198,0.000535,0.000369,1.3e-05,45,1
Kubernetes---kb_597_Normalized.json,Kubernetes---kb_597_Normalized.json::test_00000,valid,failed,False,True,over_constraint,0.002018,0.000835,0.000406,1.3e-05,45,1
Kubernetes---kb_597_Normalized.json,Kubernetes---kb_597_Normalized.json::test_00001,invalid,passed,False,True,correct_reject,0.002018,0.004303,0.003573,0.000612,31,30
Kubernetes---kb_598_Normalized.json,Kubernetes---kb_598_Normalized.json::test_00000,valid,passed,True,True,correct_accept,0.001386,0.001912,0.001715,0.000155,12,12
Kubernetes---kb_598_Normalized.json,Kubernetes---kb_598_Normalized.json::test_00001,valid,passed,True,True,correct_accept,0.001386,0.001294,0.00118,7.4e-05,13,13
Kubernetes---kb_598_Normalized.json,Kubernetes---kb_598_Normalized.json::test_00002,invalid,passed,False,True,correct_reject,0.001386,0.000665,0.000621,2.5e-05,11,4
Kubernetes---kb_598_Normalized.json,Kubernetes---kb_598_Normalized.json::test_00003,invalid,passed,False,True,correct_reject,0.001386,0.00085,0.000777,4.6e-05,14,6
Kubernetes---kb_599_Normalized.json,Kubernetes---kb_599_Normalized.json::test_00000,valid,passed,True,True,correct_accept,0.001482,0.001829,0.001636,0.000152,13,13
Kubernetes---kb_599_Normalized.json,Kubernetes---kb_599_Normalized.json::test_00001,invalid,passed,False,True,correct_reject,0.001482,0.001483,0.001324,0.000107,12,11
Kubernetes---kb_59_Normalized.json,Kubernetes---kb_59_Normalized.json::test_00000,valid,failed,False,True,over_constraint,0.001354,0.004335,0.003829,0.000308,44,28
Kubernetes---kb_59_Normalized.json,Kubernetes---kb_59_Normalized.json::test_00001,invalid,passed,False,True,correct_reject,0.001354,0.000862,0.000801,3.4e-05,44,6
Kubernetes---kb_59_Normalized.json,Kubernetes---kb_59_Normalized.json::test_00002,invalid,passed,False,True,correct_reject,0.001354,0.000828,0.00077,3.4e-05,43,6
Kubernetes---kb_59_Normalized.json,Kubernetes---kb_59_Normalized.json::test_00003,invalid,passed,False,True,correct_reject,0.001354,0.000823,0.000769,3.2e-05,41,5
Kubernetes---kb_59_Normalized.json,Kubernetes---kb_59_Normalized.json::test_00004,invalid,passed,False,True,correct_reject,0.001354,0.000781,0.000729,2.9e-05,42,5
Kubernetes---kb_5_Normalized.json,Kubernetes---kb_5_Normalized.json::test_00000,valid,passed,True,True,correct_accept,0.001951,0.010304,0.009273,0.000767,103,103
Kubernetes---kb_5_Normalized.json,Kubernetes---kb_5_Normalized.json::test_00001,invalid,passed,False,True,correct_reject,0.001951,0.002602,0.002406,0.000118,110,28
Kubernetes---kb_5_Normalized.json,Kubernetes---kb_5_Normalized.json::test_00002,invalid,passed,False,True,correct_reject,0.001951,0.000932,0.000868,3.8e-05,8,6
Kubernetes---kb_5_Normalized.json,Kubernetes---kb_5_Normalized.json::test_00003,invalid,passed,False,True,correct_reject,0.001951,0.002406,0.002224,0.000109,109,27
Kubernetes---kb_5_Normalized.json,Kubernetes---kb_5_Normalized.json::test_00004,valid,passed,True,True,correct_accept,0.001951,0.008445,0.007737,0.000447,104,104
Kubernetes---kb_5_Normalized.json,Kubernetes---kb_5_Normalized.json::test_00005,invalid,passed,False,True,correct_reject,0.001951,0.00089,0.000828,3.7e-05,8,6
Kubernetes---kb_5_Normalized.json,Kubernetes---kb_5_Normalized.json::test_00006,invalid,passed,False,True,correct_reject,0.001951,0.002593,0.002402,0.00011,110,28
Kubernetes---kb_5_Normalized.json,Kubernetes---kb_5_Normalized.json::test_00007,invalid,passed,False,True,correct_reject,0.001951,0.001945,0.001797,9.3e-05,110,21
Kubernetes---kb_600_Normalized.json,Kubernetes---kb_600_Normalized.json::test_00000,valid,passed,True,True,correct_accept,0.001329,0.002485,0.002231,0.000201,13,13
Kubernetes---kb_600_Normalized.json,Kubernetes---kb_600_Normalized.json::test_00001,invalid,passed,False,True,correct_reject,0.001329,0.001474,0.001352,7.9e-05,12,11
Kubernetes---kb_600_Normalized.json,Kubernetes---kb_600_Normalized.json::test_00002,invalid,passed,False,True,correct_reject,0.001329,0.000761,0.000708,3e-05,13,4
Kubernetes---kb_600_Normalized.json,Kubernetes---kb_600_Normalized.json::test_00003,invalid,passed,False,True,correct_reject,0.001329,0.000752,0.000682,3.5e-05,14,6
Kubernetes---kb_602_Normalized.json,Kubernetes---kb_602_Normalized.json::test_00000,valid,failed,False,True,over_constraint,0.003046,0.004364,0.003669,0.00035,112,24
Kubernetes---kb_602_Normalized.json,Kubernetes---kb_602_Normalized.json::test_00001,valid,failed,False,True,over_constraint,0.003046,0.002136,0.001829,0.000118,113,24
Kubernetes---kb_602_Normalized.json,Kubernetes---kb_602_Normalized.json::test_00002,invalid,passed,False,True,correct_reject,0.003046,0.002033,0.001661,0.000164,115,17
Kubernetes---kb_603_Normalized.json,Kubernetes---kb_603_Normalized.json::test_00000,valid,failed,False,True,over_constraint,0.003591,0.004679,0.003875,0.000406,115,24
Kubernetes---kb_603_Normalized.json,Kubernetes---kb_603_Normalized.json::test_00001,valid,failed,False,True,over_constraint,0.003591,0.00445,0.003736,0.000502,114,43
Kubernetes---kb_604_Normalized.json,Kubernetes---kb_604_Normalized.json::test_00000,valid,passed,True,True,correct_accept,0.001412,0.003199,0.002895,0.000204,22,22
Kubernetes---kb_604_Normalized.json,Kubernetes---kb_604_Normalized.json::test_00001,invalid,passed,False,True,correct_reject,0.001412,0.000584,0.000531,3e-05,21,5
Kubernetes---kb_604_Normalized.json,Kubernetes---kb_604_Normalized.json::test_00002,invalid,passed,False,True,correct_reject,0.001412,0.001202,0.001081,7.3e-05,19,17
Kubernetes---kb_604_Normalized.json,Kubernetes---kb_604_Normalized.json::test_00003,invalid,passed,False,True,correct_reject,0.001412,0.001196,0.001073,7.6e-05,18,17
Kubernetes---kb_604_Normalized.json,Kubernetes---kb_604_Normalized.json::test_00004,valid,passed,True,True,correct_accept,0.001412,0.001707,0.00155,9.3e-05,23,23
Kubernetes---kb_604_Normalized.json,Kubernetes---kb_604_Normalized.json::test_00005,invalid,passed,False,True,correct_reject,0.001412,0.000444,0.000416,1.6e-05,24,2
Kubernetes---kb_605_Normalized.json,Kubernetes---kb_605_Normalized.json::test_00000,valid,passed,True,True,correct_accept,0.001326,0.002643,0.002397,0.000165,24,24
Kubernetes---kb_605_Normalized.json,Kubernetes---kb_605_Normalized.json::test_00001,invalid,passed,False,True,correct_reject,0.001326,0.000628,0.000574,3.1e-05,23,5
Kubernetes---kb_605_Normalized.json,Kubernetes---kb_605_Normalized.json::test_00002,invalid,passed,False,True,correct_reject,0.001326,0.000972,0.000881,5.7e-05,25,11
Kubernetes---kb_605_Normalized.json,Kubernetes---kb_605_Normalized.json::test_00003,invalid,passed,False,True,correct_reject,0.001326,0.001244,0.001118,7.6e-05,20,17
Kubernetes---kb_605_Normalized.json,Kubernetes---kb_605_Normalized.json::test_00004,valid,passed,True,True,correct_accept,0.001326,0.00179,0.001628,9.8e-05,23,23
Kubernetes---kb_605_Normalized.json,Kubernetes---kb_605_Normalized.json::test_00005,invalid,passed,False,True,correct_reject,0.001326,0.000461,0.00043,1.7e-05,21,2
Kubernetes---kb_605_Normalized.json,Kubernetes---kb_605_Normalized.json::test_00006,invalid,passed,False,True,correct_reject,0.001326,0.000522,0.000489,1.8e-05,19,2
Kubernetes---kb_606_Normalized.json,Kubernetes---kb_606_Normalized.json::test_00000,valid,failed,False,True,over_constraint,0.0064,0.006057,0.005283,0.000506,869,44
Kubernetes---kb_606_Normalized.json,Kubernetes---kb_606_Normalized.json::test_00001,valid,failed,False,True,over_constraint,0.0064,0.004112,0.003648,0.00022,655,47
Kubernetes---kb_606_Normalized.json,Kubernetes---kb_606_Normalized.json::test_00002,invalid,passed,False,True,correct_reject,0.0064,0.004157,0.003715,0.000202,656,47
Kubernetes---kb_606_Normalized.json,Kubernetes---kb_606_Normalized.json::test_00003,invalid,passed,False,True,correct_reject,0.0064,0.004188,0.003742,0.000198,667,47
Kubernetes---kb_606_Normalized.json,Kubernetes---kb_606_Normalized.json::test_00004,invalid,passed,False,True,correct_reject,0.0064,0.004392,0.00391,0.000219,680,47
Kubernetes---kb_606_Normalized.json,Kubernetes---kb_606_Normalized.json::test_00005,invalid,passed,False,True,correct_reject,0.0064,0.004159,0.003721,0.000195,655,47
Kubernetes---kb_607_Normalized.json,Kubernetes---kb_607_Normalized.json::test_00000,valid,failed,False,True,over_constraint,0.006971,0.006515,0.005745,0.0005,770,46
Kubernetes---kb_607_Normalized.json,Kubernetes---kb_607_Normalized.json::test_00001,valid,failed,False,True,over_constraint,0.006971,0.006048,0.005381,0.000374,1031,59
Kubernetes---kb_607_Normalized.json,Kubernetes---kb_607_Normalized.json::test_00002,invalid,passed,False,True,correct_reject,0.006971,0.006131,0.005532,0.000294,1031,59
Kubernetes---kb_607_Normalized.json,Kubernetes---kb_607_Normalized.json::test_00003,invalid,passed,False,True,correct_reject,0.006971,0.005046,0.004555,0.000229,1038,59
Kubernetes---kb_608_Normalized.json,Kubernetes---kb_608_Normalized.json::test_00000,valid,passed,True,True,correct_accept,0.001383,0.001939,0.001797,8.9e-05,19,19
Kubernetes---kb_608_Normalized.json,Kubernetes---kb_608_Normalized.json::test_00001,invalid,passed,False,True,correct_reject,0.001383,0.000602,0.000552,2.9e-05,13,5
Kubernetes---kb_608_Normalized.json,Kubernetes---kb_608_Normalized.json::test_00002,invalid,passed,False,True,correct_reject,0.001383,0.000583,0.000533,2.8e-05,14,5
Kubernetes---kb_608_Normalized.json,Kubernetes---kb_608_Normalized.json::test_00003,invalid,passed,False,True,correct_reject,0.001383,0.000811,0.000731,5e-05,11,10
Kubernetes---kb_609_Normalized.json,Kubernetes---kb_609_Normalized.json::test_00000,valid,passed,True,True,correct_accept,0.001294,0.002409,0.002219,0.000121,19,19
Kubernetes---kb_609_Normalized.json,Kubernetes---kb_609_Normalized.json::test_00001,invalid,passed,False,True,correct_reject,0.001294,0.000699,0.000636,3.6e-05,13,5
Kubernetes---kb_609_Normalized.json,Kubernetes---kb_609_Normalized.json::test_00002,invalid,passed,False,True,correct_reject,0.001294,0.000807,0.00074,4.1e-05,14,5
Kubernetes---kb_609_Normalized.json,Kubernetes---kb_609_Normalized.json::test_00003,valid,passed,True,True,correct_accept,0.001294,0.001913,0.001715,0.000124,19,19
Kubernetes---kb_60_Normalized.json,Kubernetes---kb_60_Normalized.json::test_00000,valid,failed,False,True,over_constraint,0.001604,0.003514,0.003105,0.000221,44,28
Kubernetes---kb_60_Normalized.json,Kubernetes---kb_60_Normalized.json::test_00001,invalid,passed,False,True,correct_reject,0.001604,0.000839,0.000767,4.8e-05,43,6
Kubernetes---kb_60_Normalized.json,Kubernetes---kb_60_Normalized.json::test_00002,valid,failed,False,True,over_constraint,0.001604,0.002671,0.002366,0.000121,44,28
Kubernetes---kb_60_Normalized.json,Kubernetes---kb_60_Normalized.json::test_00003,invalid,passed,False,True,correct_reject,0.001604,0.000831,0.00077,3.6e-05,42,5
Kubernetes---kb_610_Normalized.json,Kubernetes---kb_610_Normalized.json::test_00000,valid,passed,True,True,correct_accept,0.002099,0.013421,0.011904,0.001159,145,145
Kubernetes---kb_610_Normalized.json,Kubernetes---kb_610_Normalized.json::test_00001,invalid,passed,False,True,correct_reject,0.002099,0.001255,0.001171,5.2e-05,57,11
Kubernetes---kb_610_Normalized.json,Kubernetes---kb_610_Normalized.json::test_00002,invalid,passed,False,True,correct_reject,0.002099,0.004553,0.004219,0.000198,153,56
Kubernetes---kb_610_Normalized.json,Kubernetes---kb_610_Normalized.json::test_00003,valid,failed,False,True,over_constraint,0.002099,0.007371,0.006591,0.000424,142,83
Kubernetes---kb_610_Normalized.json,Kubernetes---kb_610_Normalized.json::test_00004,invalid,passed,False,True,correct_reject,0.002099,0.004354,0.004004,0.000215,56,55
Kubernetes---kb_611_Normalized.json,Kubernetes---kb_611_Normalized.json::test_00000,valid,failed,False,True,over_constraint,0.001658,0.006027,0.005097,0.000657,133,74
Kubernetes---kb_611_Normalized.json,Kubernetes---kb_611_Normalized.json::test_00001,invalid,passed,False,True,correct_reject,0.001658,0.001213,0.001132,4.9e-05,54,11
Kubernetes---kb_611_Normalized.json,Kubernetes---kb_611_Normalized.json::test_00002,invalid,passed,False,True,correct_reject,0.001658,0.003295,0.003008,0.000174,133,46
Kubernetes---kb_611_Normalized.json,Kubernetes---kb_611_Normalized.json::test_00003,valid,passed,True,True,correct_accept,0.001658,0.010813,0.009891,0.000593,139,139
Kubernetes---kb_612_Normalized.json,Kubernetes---kb_612_Normalized.json::test_00000,valid,passed,True,True,correct_accept,0.001114,0.004784,0.004418,0.000214,70,70
Kubernetes---kb_612_Normalized.json,Kubernetes---kb_612_Normalized.json::test_00001,invalid,passed,False,True,correct_reject,0.001114,0.00333,0.003057,0.000152,68,46
Kubernetes---kb_612_Normalized.json,Kubernetes---kb_612_Normalized.json::test_00002,valid,passed,True,True,correct_accept,0.001114,0.004472,0.004125,0.000197,71,71
Kubernetes---kb_612_Normalized.json,Kubernetes---kb_612_Normalized.json::test_00003,invalid,passed,False,True,correct_reject,0.001114,0.000388,0.000364,1.3e-05,72,2
Kubernetes---kb_612_Normalized.json,Kubernetes---kb_612_Normalized.json::test_00004,invalid,passed,False,True,correct_reject,0.001114,0.000383,0.00036,1.3e-05,64,2
Kubernetes---kb_613_Normalized.json,Kubernetes---kb_613_Normalized.json::test_00000,valid,passed,True,True,correct_accept,0.002065,0.003964,0.003667,0.00015,70,70
Kubernetes---kb_613_Normalized.json,Kubernetes---kb_613_Normalized.json::test_00001,invalid,passed,False,True,correct_reject,0.002065,0.003494,0.003146,0.000204,68,46
Kubernetes---kb_613_Normalized.json,Kubernetes---kb_613_Normalized.json::test_00002,invalid,passed,False,True,correct_reject,0.002065,0.005438,0.004849,0.000364,70,63
Kubernetes---kb_613_Normalized.json,Kubernetes---kb_613_Normalized.json::test_00003,valid,passed,True,True,correct_accept,0.002065,0.004644,0.004284,0.000204,70,70
Kubernetes---kb_613_Normalized.json,Kubernetes---kb_613_Normalized.json::test_00004,invalid,passed,False,True,correct_reject,0.002065,0.003212,0.002971,0.000136,68,46
Kubernetes---kb_614_Normalized.json,Kubernetes---kb_614_Normalized.json::test_00000,valid,passed,True,True,correct_accept,0.001149,0.003289,0.002933,0.000255,46,46
Kubernetes---kb_614_Normalized.json,Kubernetes---kb_614_Normalized.json::test_00001,invalid,passed,False,True,correct_reject,0.001149,0.001423,0.00129,6.9e-05,46,27
Kubernetes---kb_614_Normalized.json,Kubernetes---kb_614_Normalized.json::test_00002,valid,passed,True,True,correct_accept,0.001149,0.001472,0.001339,7.7e-05,27,27
Kubernetes---kb_615_Normalized.json,Kubernetes---kb_615_Normalized.json::test_00000,valid,failed,False,True,over_constraint,0.001136,0.004405,0.003836,0.000339,60,44
Kubernetes---kb_615_Normalized.json,Kubernetes---kb_615_Normalized.json::test_00001,invalid,passed,False,True,correct_reject,0.001136,0.001483,0.00134,8.5e-05,61,27
Kubernetes---kb_615_Normalized.json,Kubernetes---kb_615_Normalized.json::test_00002,valid,passed,True,True,correct_accept,0.001136,0.002492,0.00229,0.000104,46,46
Kubernetes---kb_616_Normalized.json,Kubernetes---kb_616_Normalized.json::test_00000,valid,passed,True,True,correct_accept,0.00138,0.010543,0.009451,0.000759,154,154
Kubernetes---kb_616_Normalized.json,Kubernetes---kb_616_Normalized.json::test_00001,invalid,passed,False,True,correct_reject,0.00138,0.007566,0.006766,0.000487,155,103
Kubernetes---kb_616_Normalized.json,Kubernetes---kb_616_Normalized.json::test_00002,invalid,passed,False,True,correct_reject,0.00138,0.001985,0.001821,9.2e-05,156,36
Kubernetes---kb_616_Normalized.json,Kubernetes---kb_616_Normalized.json::test_00003,valid,passed,True,True,correct_accept,0.00138,0.010533,0.009686,0.000494,157,157
Kubernetes---kb_616_Normalized.json,Kubernetes---kb_616_Normalized.json::test_00004,invalid,passed,False,True,correct_reject,0.00138,0.002452,0.002249,0.00012,159,37
Kubernetes---kb_616_Normalized.json,Kubernetes---kb_616_Normalized.json::test_00005,invalid,passed,False,True,correct_reject,0.00138,0.007323,0.006735,0.000295,164,151
Kubernetes---kb_617_Normalized.json,Kubernetes---kb_617_Normalized.json::test_00000,valid,passed,True,True,correct_accept,0.001745,0.010895,0.009563,0.000941,154,154
Kubernetes---kb_617_Normalized.json,Kubernetes---kb_617_Normalized.json::test_00001,invalid,passed,False,True,correct_reject,0.001745,0.00705,0.0065,0.000324,156,103
Kubernetes---kb_617_Normalized.json,Kubernetes---kb_617_Normalized.json::test_00002,invalid,passed,False,True,correct_reject,0.001745,0.007081,0.006541,0.000322,155,103
Kubernetes---kb_617_Normalized.json,Kubernetes---kb_617_Normalized.json::test_00003,valid,passed,True,True,correct_accept,0.001745,0.011164,0.010126,0.000628,151,151
Kubernetes---kb_617_Normalized.json,Kubernetes---kb_617_Normalized.json::test_00004,invalid,passed,False,True,correct_reject,0.001745,0.006537,0.005988,0.000322,153,101
Kubernetes---kb_617_Normalized.json,Kubernetes---kb_617_Normalized.json::test_00005,invalid,passed,False,True,correct_reject,0.001745,0.001071,0.000956,7e-05,134,15
Kubernetes---kb_618_Normalized.json,Kubernetes---kb_618_Normalized.json::test_00000,valid,passed,True,True,correct_accept,0.001062,0.001509,0.001277,0.000198,12,12
Kubernetes---kb_618_Normalized.json,Kubernetes---kb_618_Normalized.json::test_00001,invalid,passed,False,True,correct_reject,0.001062,0.000769,0.000708,3.6e-05,12,9
Kubernetes---kb_618_Normalized.json,Kubernetes---kb_618_Normalized.json::test_00002,invalid,passed,False,True,correct_reject,0.001062,0.00072,0.000662,3.3e-05,10,9
Kubernetes---kb_619_Normalized.json,Kubernetes---kb_619_Normalized.json::test_00000,valid,passed,True,True,correct_accept,0.001249,0.002096,0.001763,0.000285,12,12
Kubernetes---kb_619_Normalized.json,Kubernetes---kb_619_Normalized.json::test_00001,invalid,passed,False,True,correct_reject,0.001249,0.000805,0.000729,4.4e-05,12,9
Kubernetes---kb_61_Normalized.json,Kubernetes---kb_61_Normalized.json::test_00000,valid,passed,True,True,correct_accept,0.001224,0.003653,0.003388,0.000173,40,40
Kubernetes---kb_61_Normalized.json,Kubernetes---kb_61_Normalized.json::test_00001,invalid,passed,False,True,correct_reject,0.001224,0.001573,0.001462,6.7e-05,37,16
Kubernetes---kb_61_Normalized.json,Kubernetes---kb_61_Normalized.json::test_00002,invalid,passed,False,True,correct_reject,0.001224,0.00065,0.000609,2.4e-05,28,4
Kubernetes---kb_61_Normalized.json,Kubernetes---kb_61_Normalized.json::test_00003,invalid,passed,False,True,correct_reject,0.001224,0.001129,0.001046,5.1e-05,37,10
Kubernetes---kb_61_Normalized.json,Kubernetes---kb_61_Normalized.json::test_00004,valid,passed,True,True,correct_accept,0.001224,0.003604,0.003358,0.000149,46,46
Kubernetes---kb_61_Normalized.json,Kubernetes---kb_61_Normalized.json::test_00005,invalid,passed,False,True,correct_reject,0.001224,0.000676,0.000627,2.8e-05,27,5
Kubernetes---kb_61_Normalized.json,Kubernetes---kb_61_Normalized.json::test_00006,invalid,passed,False,True,correct_reject,0.001224,0.001257,0.001167,5.5e-05,36,11
Kubernetes---kb_620_Normalized.json,Kubernetes---kb_620_Normalized.json::test_00000,valid,failed,False,True,over_constraint,0.006933,0.018845,0.017038,0.001215,1392,199
Kubernetes---kb_620_Normalized.json,Kubernetes---kb_620_Normalized.json::test_00001,invalid,passed,False,True,correct_reject,0.006933,0.014503,0.013448,0.000559,1104,181
Kubernetes---kb_621_Normalized.json,Kubernetes---kb_621_Normalized.json::test_00000,valid,failed,False,True,over_constraint,0.006356,0.007726,0.006887,0.000546,542,99
Kubernetes---kb_621_Normalized.json,Kubernetes---kb_621_Normalized.json::test_00001,invalid,passed,False,True,correct_reject,0.006356,0.0009,0.000806,5.8e-05,551,10
Kubernetes---kb_622_Normalized.json,Kubernetes---kb_622_Normalized.json::test_00000,valid,passed,True,True,correct_accept,0.001714,0.006164,0.005541,0.000432,82,82
Kubernetes---kb_622_Normalized.json,Kubernetes---kb_622_Normalized.json::test_00001,invalid,passed,False,True,correct_reject,0.001714,0.000575,0.000525,2.9e-05,8,6
Kubernetes---kb_622_Normalized.json,Kubernetes---kb_622_Normalized.json::test_00002,valid,passed,True,True,correct_accept,0.001714,0.005425,0.004809,0.000375,90,90
Kubernetes---kb_622_Normalized.json,Kubernetes---kb_622_Normalized.json::test_00003,invalid,passed,False,True,correct_reject,0.001714,0.005113,0.004677,0.000254,90,87
Kubernetes---kb_623_Normalized.json,Kubernetes---kb_623_Normalized.json::test_00000,valid,passed,True,True,correct_accept,0.001322,0.004783,0.004283,0.00033,82,82
Kubernetes---kb_623_Normalized.json,Kubernetes---kb_623_Normalized.json::test_00001,invalid,passed,False,True,correct_reject,0.001322,0.000481,0.000438,2.5e-05,8,6
Kubernetes---kb_623_Normalized.json,Kubernetes---kb_623_Normalized.json::test_00002,valid,passed,True,True,correct_accept,0.001322,0.004173,0.003724,0.000261,79,79
Kubernetes---kb_623_Normalized.json,Kubernetes---kb_623_Normalized.json::test_00003,invalid,passed,False,True,correct_reject,0.001322,0.002749,0.002505,0.000136,86,55
Kubernetes---kb_624_Normalized.json,Kubernetes---kb_624_Normalized.json::test_00000,valid,passed,True,True,correct_accept,0.000986,0.001763,0.001622,8.8e-05,22,22
Kubernetes---kb_624_Normalized.json,Kubernetes---kb_624_Normalized.json::test_00001,invalid,passed,False,True,correct_reject,0.000986,0.000469,0.00043,2.1e-05,21,5
Kubernetes---kb_624_Normalized.json,Kubernetes---kb_624_Normalized.json::test_00002,invalid,passed,False,True,correct_reject,0.000986,0.001655,0.001494,0.000102,19,18
Kubernetes---kb_624_Normalized.json,Kubernetes---kb_624_Normalized.json::test_00003,valid,passed,True,True,correct_accept,0.000986,0.00136,0.001243,7.3e-05,22,22
Kubernetes---kb_625_Normalized.json,Kubernetes---kb_625_Normalized.json::test_00000,valid,passed,True,True,correct_accept,0.001705,0.002503,0.002313,0.000126,22,22
Kubernetes---kb_625_Normalized.json,Kubernetes---kb_625_Normalized.json::test_00001,invalid,passed,False,True,correct_reject,0.001705,0.000636,0.000585,3e-05,21,5
Kubernetes---kb_625_Normalized.json,Kubernetes---kb_625_Normalized.json::test_00002,invalid,passed,False,True,correct_reject,0.001705,0.00148,0.001353,7.7e-05,19,18
Kubernetes---kb_625_Normalized.json,Kubernetes---kb_625_Normalized.json::test_00003,valid,passed,True,True,correct_accept,0.001705,0.001845,0.001681,0.0001,22,22
Kubernetes---kb_626_Normalized.json,Kubernetes---kb_626_Normalized.json::test_00000,valid,passed,True,True,correct_accept,0.001824,0.007019,0.006303,0.00051,79,79
Kubernetes---kb_626_Normalized.json,Kubernetes---kb_626_Normalized.json::test_00001,invalid,passed,False,True,correct_reject,0.001824,0.001032,0.000943,5.8e-05,36,5
Kubernetes---kb_626_Normalized.json,Kubernetes---kb_626_Normalized.json::test_00002,invalid,passed,False,True,correct_reject,0.001824,0.005894,0.005233,0.000441,57,55
Kubernetes---kb_626_Normalized.json,Kubernetes---kb_626_Normalized.json::test_00003,invalid,passed,False,True,correct_reject,0.001824,0.005331,0.004864,0.000281,77,75
Kubernetes---kb_626_Normalized.json,Kubernetes---kb_626_Normalized.json::test_00004,valid,passed,True,True,correct_accept,0.001824,0.007128,0.006553,0.000343,103,103
Kubernetes---kb_626_Normalized.json,Kubernetes---kb_626_Normalized.json::test_00005,invalid,passed,False,True,correct_reject,0.001824,0.002233,0.002016,0.000137,97,25
Kubernetes---kb_627_Normalized.json,Kubernetes---kb_627_Normalized.json::test_00000,valid,passed,True,True,correct_accept,0.001653,0.007003,0.006289,0.000515,82,82
Kubernetes---kb_627_Normalized.json,Kubernetes---kb_627_Normalized.json::test_00001,invalid,passed,False,True,correct_reject,0.001653,0.000753,0.000702,3.2e-05,36,5
Kubernetes---kb_627_Normalized.json,Kubernetes---kb_627_Normalized.json::test_00002,invalid,passed,False,True,correct_reject,0.001653,0.004154,0.003812,0.0002,60,59
Kubernetes---kb_627_Normalized.json,Kubernetes---kb_627_Normalized.json::test_00003,invalid,passed,False,True,correct_reject,0.001653,0.003913,0.003582,0.000199,56,54
Kubernetes---kb_627_Normalized.json,Kubernetes---kb_627_Normalized.json::test_00004,valid,failed,False,True,over_constraint,0.001653,0.008164,0.007381,0.000388,132,117
Kubernetes---kb_627_Normalized.json,Kubernetes---kb_627_Normalized.json::test_00005,invalid,passed,False,True,correct_reject,0.001653,0.00082,0.000759,3.6e-05,7,6
Kubernetes---kb_628_Normalized.json,Kubernetes---kb_628_Normalized.json::test_00000,valid,passed,True,True,correct_accept,0.002903,0.015204,0.013395,0.001368,125,125
Kubernetes---kb_628_Normalized.json,Kubernetes---kb_628_Normalized.json::test_00001,invalid,passed,False,True,correct_reject,0.002903,0.002918,0.002674,0.000143,126,38
Kubernetes---kb_628_Normalized.json,Kubernetes---kb_628_Normalized.json::test_00002,invalid,passed,False,True,correct_reject,0.002903,0.002113,0.001938,0.000106,113,25
Kubernetes---kb_628_Normalized.json,Kubernetes---kb_628_Normalized.json::test_00003,invalid,passed,False,True,correct_reject,0.002903,0.002239,0.002031,0.000127,124,30
Kubernetes---kb_628_Normalized.json,Kubernetes---kb_628_Normalized.json::test_00004,invalid,passed,False,True,correct_reject,0.002903,0.001785,0.001602,0.000116,124,16
Kubernetes---kb_628_Normalized.json,Kubernetes---kb_628_Normalized.json::test_00005,invalid,passed,False,True,correct_reject,0.002903,0.004858,0.00441,0.000295,127,38
Kubernetes---kb_629_Normalized.json,Kubernetes---kb_629_Normalized.json::test_00000,valid,passed,True,True,correct_accept,0.003197,0.014062,0.012671,0.001041,144,144
Kubernetes---kb_629_Normalized.json,Kubernetes---kb_629_Normalized.json::test_00001,invalid,passed,False,True,correct_reject,0.003197,0.002855,0.002617,0.000143,145,38
Kubernetes---kb_629_Normalized.json,Kubernetes---kb_629_Normalized.json::test_00002,valid,passed,True,True,correct_accept,0.003197,0.00946,0.008784,0.000398,125,125
Kubernetes---kb_629_Normalized.json,Kubernetes---kb_629_Normalized.json::test_00003,invalid,passed,False,True,correct_reject,0.003197,0.002307,0.002106,0.00012,121,30
Kubernetes---kb_629_Normalized.json,Kubernetes---kb_629_Normalized.json::test_00004,invalid,passed,False,True,correct_reject,0.003197,0.008514,0.007897,0.000355,120,111
Kubernetes---kb_62_Normalized.json,Kubernetes---kb_62_Normalized.json::test_00000,valid,failed,False,True,over_constraint,0.001493,0.004982,0.004516,0.00022,208,48
Kubernetes---kb_62_Normalized.json,Kubernetes---kb_62_Normalized.json::test_00001,invalid,passed,False,True,correct_reject,0.001493,0.001656,0.001538,6.9e-05,211,16
Kubernetes---kb_62_Normalized.json,Kubernetes---kb_62_Normalized.json::test_00002,invalid,passed,False,True,correct_reject,0.001493,0.003671,0.003421,0.000141,211,43
Kubernetes---kb_62_Normalized.json,Kubernetes---kb_62_Normalized.json::test_00003,valid,failed,False,True,over_constraint,0.001493,0.009115,0.008097,0.000559,215,69
Kubernetes---kb_62_Normalized.json,Kubernetes---kb_62_Normalized.json::test_00004,invalid,passed,False,True,correct_reject,0.001493,0.000765,0.000713,3.2e-05,139,5
Kubernetes---kb_62_Normalized.json,Kubernetes---kb_62_Normalized.json::test_00005,invalid,passed,False,True,correct_reject,0.001493,0.00578,0.005312,0.000201,218,69
Kubernetes---kb_630_Normalized.json,Kubernetes---kb_630_Normalized.json::test_00000,valid,failed,False,True,over_constraint,0.004001,0.058567,0.053317,0.003263,950,806
Kubernetes---kb_630_Normalized.json,Kubernetes---kb_630_Normalized.json::test_00001,valid,failed,False,True,over_constraint,0.004001,0.036266,0.033486,0.001518,675,531
Kubernetes---kb_630_Normalized.json,Kubernetes---kb_630_Normalized.json::test_00002,invalid,passed,False,True,correct_reject,0.004001,0.033907,0.031405,0.001405,702,493
Kubernetes---kb_630_Normalized.json,Kubernetes---kb_630_Normalized.json::test_00003,invalid,passed,False,True,correct_reject,0.004001,0.00388,0.003492,0.000245,632,44
Kubernetes---kb_630_Normalized.json,Kubernetes---kb_630_Normalized.json::test_00004,invalid,passed,False,True,correct_reject,0.004001,0.000931,0.000854,5.2e-05,670,5
Kubernetes---kb_631_Normalized.json,Kubernetes---kb_631_Normalized.json::test_00000,valid,failed,False,True,over_constraint,0.0054,0.049246,0.043295,0.004159,654,500
Kubernetes---kb_631_Normalized.json,Kubernetes---kb_631_Normalized.json::test_00001,valid,failed,False,True,over_constraint,0.0054,0.01519,0.013928,0.000653,623,224
Kubernetes---kb_631_Normalized.json,Kubernetes---kb_631_Normalized.json::test_00002,invalid,passed,False,True,correct_reject,0.0054,0.019393,0.017872,0.000782,749,268
Kubernetes---kb_631_Normalized.json,Kubernetes---kb_631_Normalized.json::test_00003,invalid,passed,False,True,correct_reject,0.0054,0.015706,0.014346,0.000721,614,224
Kubernetes---kb_632_Normalized.json,Kubernetes---kb_632_Normalized.json::test_00000,valid,failed,False,True,over_constraint,0.001793,0.001959,0.001697,9.4e-05,148,16
Kubernetes---kb_632_Normalized.json,Kubernetes---kb_632_Normalized.json::test_00001,invalid,passed,False,True,correct_reject,0.001793,0.000702,0.00064,3.7e-05,145,5
Kubernetes---kb_632_Normalized.json,Kubernetes---kb_632_Normalized.json::test_00002,invalid,passed,False,True,correct_reject,0.001793,0.001471,0.001256,6.5e-05,147,16
Kubernetes---kb_632_Normalized.json,Kubernetes---kb_632_Normalized.json::test_00003,valid,failed,False,True,over_constraint,0.001793,0.001532,0.001306,6.9e-05,148,16
Kubernetes---kb_632_Normalized.json,Kubernetes---kb_632_Normalized.json::test_00004,invalid,passed,False,True,correct_reject,0.001793,0.000592,0.000541,3.1e-05,145,5
Kubernetes---kb_632_Normalized.json,Kubernetes---kb_632_Normalized.json::test_00005,invalid,passed,False,True,correct_reject,0.001793,0.001265,0.001156,6.4e-05,134,15
Kubernetes---kb_633_Normalized.json,Kubernetes---kb_633_Normalized.json::test_00000,valid,failed,False,True,over_constraint,0.001729,0.001747,0.00152,7.8e-05,148,16
Kubernetes---kb_633_Normalized.json,Kubernetes---kb_633_Normalized.json::test_00001,invalid,passed,False,True,correct_reject,0.001729,0.000725,0.000653,4.5e-05,145,5
Kubernetes---kb_633_Normalized.json,Kubernetes---kb_633_Normalized.json::test_00002,invalid,passed,False,True,correct_reject,0.001729,0.000647,0.000595,3.1e-05,146,5
Kubernetes---kb_633_Normalized.json,Kubernetes---kb_633_Normalized.json::test_00003,invalid,passed,False,True,correct_reject,0.001729,0.001678,0.001429,7.6e-05,147,16
Kubernetes---kb_633_Normalized.json,Kubernetes---kb_633_Normalized.json::test_00004,invalid,passed,False,True,correct_reject,0.001729,0.000639,0.000585,3.2e-05,146,5
Kubernetes---kb_634_Normalized.json,Kubernetes---kb_634_Normalized.json::test_00000,valid,passed,True,True,correct_accept,0.001563,0.002154,0.001981,0.000128,15,15
Kubernetes---kb_634_Normalized.json,Kubernetes---kb_634_Normalized.json::test_00001,invalid,passed,False,True,correct_reject,0.001563,0.000772,0.000715,3.5e-05,12,5
Kubernetes---kb_634_Normalized.json,Kubernetes---kb_634_Normalized.json::test_00002,invalid,passed,False,True,correct_reject,0.001563,0.001438,0.001333,6.5e-05,15,14
Kubernetes---kb_635_Normalized.json,Kubernetes---kb_635_Normalized.json::test_00000,valid,passed,True,True,correct_accept,0.001358,0.001597,0.001467,9.2e-05,15,15
Kubernetes---kb_635_Normalized.json,Kubernetes---kb_635_Normalized.json::test_00001,invalid,passed,False,True,correct_reject,0.001358,0.000581,0.000541,2.2e-05,12,5
Kubernetes---kb_635_Normalized.json,Kubernetes---kb_635_Normalized.json::test_00002,invalid,passed,False,True,correct_reject,0.001358,0.001872,0.001735,8.9e-05,15,14
Kubernetes---kb_636_Normalized.json,Kubernetes---kb_636_Normalized.json::test_00000,valid,passed,True,True,correct_accept,0.001057,0.001882,0.001726,0.000112,15,15
Kubernetes---kb_636_Normalized.json,Kubernetes---kb_636_Normalized.json::test_00001,invalid,passed,False,True,correct_reject,0.001057,0.000726,0.000673,3.1e-05,12,5
Kubernetes---kb_636_Normalized.json,Kubernetes---kb_636_Normalized.json::test_00002,invalid,passed,False,True,correct_reject,0.001057,0.001336,0.001236,6e-05,15,14
Kubernetes---kb_637_Normalized.json,Kubernetes---kb_637_Normalized.json::test_00000,valid,passed,True,True,correct_accept,0.001043,0.002038,0.00186,0.000113,25,25
Kubernetes---kb_637_Normalized.json,Kubernetes---kb_637_Normalized.json::test_00001,invalid,passed,False,True,correct_reject,0.001043,0.001158,0.001052,6.2e-05,23,13
Kubernetes---kb_638_Normalized.json,Kubernetes---kb_638_Normalized.json::test_00000,valid,passed,True,True,correct_accept,0.00138,0.0026,0.002395,0.000127,25,25
Kubernetes---kb_638_Normalized.json,Kubernetes---kb_638_Normalized.json::test_00001,invalid,passed,False,True,correct_reject,0.00138,0.000611,0.000554,3.3e-05,18,7
Kubernetes---kb_639_Normalized.json,Kubernetes---kb_639_Normalized.json::test_00000,valid,passed,True,True,correct_accept,0.001162,0.003635,0.003371,0.000151,50,50
Kubernetes---kb_639_Normalized.json,Kubernetes---kb_639_Normalized.json::test_00001,invalid,passed,False,True,correct_reject,0.001162,0.000512,0.000461,2.9e-05,33,8
Kubernetes---kb_639_Normalized.json,Kubernetes---kb_639_Normalized.json::test_00002,invalid,passed,False,True,correct_reject,0.001162,0.001677,0.001542,7.1e-05,32,30
Kubernetes---kb_639_Normalized.json,Kubernetes---kb_639_Normalized.json::test_00003,invalid,passed,False,True,correct_reject,0.001162,0.001609,0.001483,6.7e-05,53,28
Kubernetes---kb_639_Normalized.json,Kubernetes---kb_639_Normalized.json::test_00004,valid,passed,True,True,correct_accept,0.001162,0.003956,0.003659,0.000146,74,74
Kubernetes---kb_63_Normalized.json,Kubernetes---kb_63_Normalized.json::test_00000,valid,passed,True,True,correct_accept,0.002491,0.010977,0.010085,0.000639,86,86
Kubernetes---kb_63_Normalized.json,Kubernetes---kb_63_Normalized.json::test_00001,invalid,passed,False,True,correct_reject,0.002491,0.001961,0.001833,6.5e-05,90,30
Kubernetes---kb_63_Normalized.json,Kubernetes---kb_63_Normalized.json::test_00002,invalid,passed,False,True,correct_reject,0.002491,0.001917,0.001793,6.2e-05,78,30
Kubernetes---kb_63_Normalized.json,Kubernetes---kb_63_Normalized.json::test_00003,invalid,passed,False,True,correct_reject,0.002491,0.00259,0.002431,7.6e-05,90,42
Kubernetes---kb_63_Normalized.json,Kubernetes---kb_63_Normalized.json::test_00004,invalid,passed,False,True,correct_reject,0.002491,0.001383,0.00126,7.1e-05,77,18
Kubernetes---kb_63_Normalized.json,Kubernetes---kb_63_Normalized.json::test_00005,invalid,passed,False,True,correct_reject,0.002491,0.000516,0.000471,2.8e-05,59,6
Kubernetes---kb_640_Normalized.json,Kubernetes---kb_640_Normalized.json::test_00000,valid,passed,True,True,correct_accept,0.001445,0.00399,0.003609,0.000238,50,50
Kubernetes---kb_640_Normalized.json,Kubernetes---kb_640_Normalized.json::test_00001,invalid,passed,False,True,correct_reject,0.001445,0.000644,0.000574,4.1e-05,33,8
Kubernetes---kb_640_Normalized.json,Kubernetes---kb_640_Normalized.json::test_00002,invalid,passed,False,True,correct_reject,0.001445,0.002115,0.001886,0.000141,32,30
Kubernetes---kb_640_Normalized.json,Kubernetes---kb_640_Normalized.json::test_00003,valid,passed,True,True,correct_accept,0.001445,0.002529,0.002244,0.00018,34,34
Kubernetes---kb_640_Normalized.json,Kubernetes---kb_640_Normalized.json::test_00004,invalid,passed,False,True,correct_reject,0.001445,0.000715,0.000638,5e-05,22,8
Kubernetes---kb_641_Normalized.json,Kubernetes---kb_641_Normalized.json::test_00000,valid,passed,True,True,correct_accept,0.001259,0.003723,0.003361,0.000223,46,46
Kubernetes---kb_641_Normalized.json,Kubernetes---kb_641_Normalized.json::test_00001,invalid,passed,False,True,correct_reject,0.001259,0.000703,0.000626,4.6e-05,33,7
Kubernetes---kb_641_Normalized.json,Kubernetes---kb_641_Normalized.json::test_00002,invalid,passed,False,True,correct_reject,0.001259,0.0015,0.001378,6.8e-05,28,26
Kubernetes---kb_641_Normalized.json,Kubernetes---kb_641_Normalized.json::test_00003,invalid,passed,False,True,correct_reject,0.001259,0.000555,0.000504,2.9e-05,33,8
Kubernetes---kb_641_Normalized.json,Kubernetes---kb_641_Normalized.json::test_00004,invalid,passed,False,True,correct_reject,0.001259,0.001454,0.001338,6.4e-05,49,24
Kubernetes---kb_641_Normalized.json,Kubernetes---kb_641_Normalized.json::test_00005,valid,passed,True,True,correct_accept,0.001259,0.002169,0.001938,0.000137,30,30
Kubernetes---kb_641_Normalized.json,Kubernetes---kb_641_Normalized.json::test_00006,invalid,passed,False,True,correct_reject,0.001259,0.000542,0.000491,2.8e-05,18,8
Kubernetes---kb_642_Normalized.json,Kubernetes---kb_642_Normalized.json::test_00000,valid,failed,False,True,over_constraint,0.001434,0.0012,0.000992,5.2e-05,21,13
Kubernetes---kb_642_Normalized.json,Kubernetes---kb_642_Normalized.json::test_00001,invalid,passed,False,True,correct_reject,0.001434,0.000498,0.000457,2.4e-05,20,6
Kubernetes---kb_642_Normalized.json,Kubernetes---kb_642_Normalized.json::test_00002,invalid,passed,False,True,correct_reject,0.001434,0.000829,0.000754,4.7e-05,8,8
Kubernetes---kb_642_Normalized.json,Kubernetes---kb_642_Normalized.json::test_00003,invalid,passed,False,True,correct_reject,0.001434,0.000962,0.00086,6.1e-05,15,14
Kubernetes---kb_642_Normalized.json,Kubernetes---kb_642_Normalized.json::test_00004,invalid,passed,False,True,correct_reject,0.001434,0.000484,0.000442,2.5e-05,20,6
Kubernetes---kb_643_Normalized.json,Kubernetes---kb_643_Normalized.json::test_00000,valid,failed,False,True,over_constraint,0.001483,0.001505,0.001254,6.9e-05,21,13
Kubernetes---kb_643_Normalized.json,Kubernetes---kb_643_Normalized.json::test_00001,invalid,passed,False,True,correct_reject,0.001483,0.000633,0.000578,3e-05,20,6
Kubernetes---kb_643_Normalized.json,Kubernetes---kb_643_Normalized.json::test_00002,invalid,passed,False,True,correct_reject,0.001483,0.000807,0.000748,3.4e-05,8,8
Kubernetes---kb_643_Normalized.json,Kubernetes---kb_643_Normalized.json::test_00003,invalid,passed,False,True,correct_reject,0.001483,0.001123,0.001018,6.3e-05,15,14
Kubernetes---kb_643_Normalized.json,Kubernetes---kb_643_Normalized.json::test_00004,invalid,passed,False,True,correct_reject,0.001483,0.000683,0.000624,3.5e-05,20,6
Kubernetes---kb_644_Normalized.json,Kubernetes---kb_644_Normalized.json::test_00000,valid,failed,False,True,over_constraint,0.002054,0.015347,0.014148,0.000674,336,159
Kubernetes---kb_644_Normalized.json,Kubernetes---kb_644_Normalized.json::test_00001,valid,failed,False,True,over_constraint,0.002054,0.00459,0.0042,0.000163,1515,56
Kubernetes---kb_645_Normalized.json,Kubernetes---kb_645_Normalized.json::test_00000,valid,failed,False,True,over_constraint,0.003536,0.008742,0.008108,0.000305,374,73
Kubernetes---kb_645_Normalized.json,Kubernetes---kb_645_Normalized.json::test_00001,valid,failed,False,True,over_constraint,0.003536,0.005479,0.004996,0.000223,853,56
Kubernetes---kb_646_Normalized.json,Kubernetes---kb_646_Normalized.json::test_00000,valid,failed,False,True,over_constraint,0.001589,0.001481,0.001272,6.4e-05,53,12
Kubernetes---kb_646_Normalized.json,Kubernetes---kb_646_Normalized.json::test_00001,valid,failed,False,True,over_constraint,0.001589,0.002397,0.002054,0.00018,70,40
Kubernetes---kb_646_Normalized.json,Kubernetes---kb_646_Normalized.json::test_00002,invalid,passed,False,True,correct_reject,0.001589,0.002318,0.00197,0.000162,73,40
Kubernetes---kb_646_Normalized.json,Kubernetes---kb_646_Normalized.json::test_00003,invalid,passed,False,True,correct_reject,0.001589,0.001981,0.001719,9.8e-05,70,40
Kubernetes---kb_646_Normalized.json,Kubernetes---kb_646_Normalized.json::test_00004,invalid,passed,False,True,correct_reject,0.001589,0.001443,0.001311,7.2e-05,61,28
Kubernetes---kb_647_Normalized.json,Kubernetes---kb_647_Normalized.json::test_00000,valid,failed,False,True,over_constraint,0.002564,0.000552,0.000391,1.3e-05,74,1
Kubernetes---kb_647_Normalized.json,Kubernetes---kb_647_Normalized.json::test_00001,invalid,passed,False,True,correct_reject,0.002564,0.000548,0.000405,1.4e-05,73,1
Kubernetes---kb_647_Normalized.json,Kubernetes---kb_647_Normalized.json::test_00002,invalid,passed,False,True,correct_reject,0.002564,0.000541,0.000401,1.4e-05,66,1
Kubernetes---kb_648_Normalized.json,Kubernetes---kb_648_Normalized.json::test_00000,valid,failed,False,True,over_constraint,0.002586,0.000555,0.000391,1.3e-05,78,1
Kubernetes---kb_648_Normalized.json,Kubernetes---kb_648_Normalized.json::test_00001,valid,failed,False,True,over_constraint,0.002586,0.000501,0.00037,1.3e-05,74,1
Kubernetes---kb_648_Normalized.json,Kubernetes---kb_648_Normalized.json::test_00002,invalid,passed,False,True,correct_reject,0.002586,0.000492,0.000363,1.4e-05,73,1
Kubernetes---kb_648_Normalized.json,Kubernetes---kb_648_Normalized.json::test_00003,invalid,passed,False,True,correct_reject,0.002586,0.000475,0.000342,1.1e-05,68,1
Kubernetes---kb_649_Normalized.json,Kubernetes---kb_649_Normalized.json::test_00000,valid,passed,True,True,correct_accept,0.002826,0.007082,0.00631,0.00055,63,63
Kubernetes---kb_649_Normalized.json,Kubernetes---kb_649_Normalized.json::test_00001,invalid,passed,False,True,correct_reject,0.002826,0.001557,0.001407,9.1e-05,62,21
Kubernetes---kb_649_Normalized.json,Kubernetes---kb_649_Normalized.json::test_00002,invalid,passed,False,True,correct_reject,0.002826,0.000648,0.000591,3.3e-05,61,5
Kubernetes---kb_649_Normalized.json,Kubernetes---kb_649_Normalized.json::test_00003,invalid,passed,False,True,correct_reject,0.002826,0.003081,0.00279,0.000177,69,43
Kubernetes---kb_649_Normalized.json,Kubernetes---kb_649_Normalized.json::test_00004,invalid,passed,False,True,correct_reject,0.002826,0.000609,0.00056,2.9e-05,52,5
Kubernetes---kb_64_Normalized.json,Kubernetes---kb_64_Normalized.json::test_00000,valid,passed,True,True,correct_accept,0.001989,0.00848,0.007747,0.000526,86,86
Kubernetes---kb_64_Normalized.json,Kubernetes---kb_64_Normalized.json::test_00001,invalid,passed,False,True,correct_reject,0.001989,0.002667,0.002499,9.6e-05,78,30
Kubernetes---kb_64_Normalized.json,Kubernetes---kb_64_Normalized.json::test_00002,invalid,passed,False,True,correct_reject,0.001989,0.006985,0.006352,0.000396,85,72
Kubernetes---kb_64_Normalized.json,Kubernetes---kb_64_Normalized.json::test_00003,invalid,passed,False,True,correct_reject,0.001989,0.004456,0.004091,0.000221,90,42
Kubernetes---kb_64_Normalized.json,Kubernetes---kb_64_Normalized.json::test_00004,invalid,passed,False,True,correct_reject,0.001989,0.001635,0.001522,6.6e-05,78,18
Kubernetes---kb_64_Normalized.json,Kubernetes---kb_64_Normalized.json::test_00005,invalid,passed,False,True,correct_reject,0.001989,0.00066,0.0006,3.7e-05,77,6
Kubernetes---kb_650_Normalized.json,Kubernetes---kb_650_Normalized.json::test_00000,valid,failed,False,True,over_constraint,0.002594,0.003216,0.002755,0.000287,83,25
Kubernetes---kb_650_Normalized.json,Kubernetes---kb_650_Normalized.json::test_00001,valid,failed,False,True,over_constraint,0.002594,0.002566,0.002275,0.000116,85,27
Kubernetes---kb_650_Normalized.json,Kubernetes---kb_650_Normalized.json::test_00002,invalid,passed,False,True,correct_reject,0.002594,0.002256,0.002039,0.000152,85,16
Kubernetes---kb_650_Normalized.json,Kubernetes---kb_650_Normalized.json::test_00003,invalid,passed,False,True,correct_reject,0.002594,0.000463,0.000435,1.6e-05,10,2
Kubernetes---kb_651_Normalized.json,Kubernetes---kb_651_Normalized.json::test_00000,valid,failed,False,True,over_constraint,0.002527,0.003023,0.00259,0.000243,77,19
Kubernetes---kb_651_Normalized.json,Kubernetes---kb_651_Normalized.json::test_00001,valid,failed,False,True,over_constraint,0.002527,0.00168,0.001448,8.5e-05,76,18
Kubernetes---kb_652_Normalized.json,Kubernetes---kb_652_Normalized.json::test_00000,valid,failed,False,True,over_constraint,0.001588,0.002648,0.002244,0.000219,68,13
Kubernetes---kb_652_Normalized.json,Kubernetes---kb_652_Normalized.json::test_00001,invalid,passed,False,True,correct_reject,0.001588,0.000859,0.0008,3.4e-05,67,6
Kubernetes---kb_652_Normalized.json,Kubernetes---kb_652_Normalized.json::test_00002,invalid,passed,False,True,correct_reject,0.001588,0.000812,0.00076,2.9e-05,66,5
Kubernetes---kb_652_Normalized.json,Kubernetes---kb_652_Normalized.json::test_00003,invalid,passed,False,True,correct_reject,0.001588,0.000785,0.000734,3.1e-05,66,5
Kubernetes---kb_653_Normalized.json,Kubernetes---kb_653_Normalized.json::test_00000,valid,failed,False,True,over_constraint,0.001605,0.00268,0.002267,0.000226,68,13
Kubernetes---kb_653_Normalized.json,Kubernetes---kb_653_Normalized.json::test_00001,invalid,passed,False,True,correct_reject,0.001605,0.001319,0.001229,5.4e-05,67,6
Kubernetes---kb_653_Normalized.json,Kubernetes---kb_653_Normalized.json::test_00002,invalid,passed,False,True,correct_reject,0.001605,0.000854,0.000798,3.2e-05,66,5
Kubernetes---kb_653_Normalized.json,Kubernetes---kb_653_Normalized.json::test_00003,valid,failed,False,True,over_constraint,0.001605,0.001693,0.00145,6.6e-05,68,13
Kubernetes---kb_653_Normalized.json,Kubernetes---kb_653_Normalized.json::test_00004,invalid,passed,False,True,correct_reject,0.001605,0.000928,0.000864,3.7e-05,67,6
Kubernetes---kb_653_Normalized.json,Kubernetes---kb_653_Normalized.json::test_00005,invalid,passed,False,True,correct_reject,0.001605,0.000788,0.00074,2.9e-05,74,5
Kubernetes---kb_654_Normalized.json,Kubernetes---kb_654_Normalized.json::test_00000,valid,passed,True,True,correct_accept,0.001585,0.002497,0.002259,0.00018,18,18
Kubernetes---kb_654_Normalized.json,Kubernetes---kb_654_Normalized.json::test_00001,valid,passed,True,True,correct_accept,0.001585,0.002247,0.002067,0.000116,17,17
Kubernetes---kb_654_Normalized.json,Kubernetes---kb_654_Normalized.json::test_00002,invalid,passed,False,True,correct_reject,0.001585,0.000817,0.000762,3.1e-05,8,5
Kubernetes---kb_654_Normalized.json,Kubernetes---kb_654_Normalized.json::test_00003,invalid,passed,False,True,correct_reject,0.001585,0.001529,0.001417,6.7e-05,16,15
Kubernetes---kb_654_Normalized.json,Kubernetes---kb_654_Normalized.json::test_00004,invalid,passed,False,True,correct_reject,0.001585,0.001029,0.000955,4.6e-05,15,8
Kubernetes---kb_655_Normalized.json,Kubernetes---kb_655_Normalized.json::test_00000,valid,passed,True,True,correct_accept,0.001345,0.002594,0.002351,0.000188,18,18
Kubernetes---kb_655_Normalized.json,Kubernetes---kb_655_Normalized.json::test_00001,invalid,passed,False,True,correct_reject,0.001345,0.000768,0.000715,3e-05,7,5
Kubernetes---kb_655_Normalized.json,Kubernetes---kb_655_Normalized.json::test_00002,invalid,passed,False,True,correct_reject,0.001345,0.001006,0.000935,4.3e-05,20,8
Kubernetes---kb_656_Normalized.json,Kubernetes---kb_656_Normalized.json::test_00000,valid,passed,True,True,correct_accept,0.001419,0.002614,0.002363,0.000192,18,18
Kubernetes---kb_656_Normalized.json,Kubernetes---kb_656_Normalized.json::test_00001,invalid,passed,False,True,correct_reject,0.001419,0.000763,0.000709,3.1e-05,17,5
Kubernetes---kb_656_Normalized.json,Kubernetes---kb_656_Normalized.json::test_00002,invalid,passed,False,True,correct_reject,0.001419,0.002076,0.001926,9e-05,23,22
Kubernetes---kb_656_Normalized.json,Kubernetes---kb_656_Normalized.json::test_00003,invalid,passed,False,True,correct_reject,0.001419,0.001012,0.000938,4.5e-05,17,8
Kubernetes---kb_657_Normalized.json,Kubernetes---kb_657_Normalized.json::test_00000,valid,failed,False,True,over_constraint,0.001614,0.002448,0.002158,0.000113,57,28
Kubernetes---kb_657_Normalized.json,Kubernetes---kb_657_Normalized.json::test_00001,invalid,passed,False,True,correct_reject,0.001614,0.000801,0.000728,4.4e-05,56,6
Kubernetes---kb_657_Normalized.json,Kubernetes---kb_657_Normalized.json::test_00002,valid,failed,False,True,over_constraint,0.001614,0.001272,0.001064,7.6e-05,57,11
Kubernetes---kb_657_Normalized.json,Kubernetes---kb_657_Normalized.json::test_00003,invalid,passed,False,True,correct_reject,0.001614,0.002626,0.002211,0.000171,556,28
Kubernetes---kb_658_Normalized.json,Kubernetes---kb_658_Normalized.json::test_00000,valid,failed,False,True,over_constraint,0.001719,0.002647,0.002319,0.000139,113,28
Kubernetes---kb_658_Normalized.json,Kubernetes---kb_658_Normalized.json::test_00001,invalid,passed,False,True,correct_reject,0.001719,0.000568,0.000517,3e-05,51,6
Kubernetes---kb_658_Normalized.json,Kubernetes---kb_658_Normalized.json::test_00002,invalid,passed,False,True,correct_reject,0.001719,0.001135,0.001021,6.8e-05,50,19
Kubernetes---kb_658_Normalized.json,Kubernetes---kb_658_Normalized.json::test_00003,invalid,passed,False,True,correct_reject,0.001719,0.001835,0.001565,0.00011,59,28
Kubernetes---kb_658_Normalized.json,Kubernetes---kb_658_Normalized.json::test_00004,valid,failed,False,True,over_constraint,0.001719,0.000911,0.000774,5.1e-05,57,11
Kubernetes---kb_658_Normalized.json,Kubernetes---kb_658_Normalized.json::test_00005,invalid,passed,False,True,correct_reject,0.001719,0.000554,0.000502,3e-05,56,6
Kubernetes---kb_658_Normalized.json,Kubernetes---kb_658_Normalized.json::test_00006,invalid,passed,False,True,correct_reject,0.001719,0.00056,0.000507,3.2e-05,56,6
Kubernetes---kb_65_Normalized.json,Kubernetes---kb_65_Normalized.json::test_00000,valid,passed,True,True,correct_accept,0.001551,0.005583,0.005132,0.000289,80,80
Kubernetes---kb_65_Normalized.json,Kubernetes---kb_65_Normalized.json::test_00001,invalid,passed,False,True,correct_reject,0.001551,0.001265,0.001174,4.7e-05,72,18
Kubernetes---kb_65_Normalized.json,Kubernetes---kb_65_Normalized.json::test_00002,invalid,passed,False,True,correct_reject,0.001551,0.002632,0.002467,7.7e-05,84,42
Kubernetes---kb_65_Normalized.json,Kubernetes---kb_65_Normalized.json::test_00003,invalid,passed,False,True,correct_reject,0.001551,0.00125,0.001158,5e-05,71,18
Kubernetes---kb_65_Normalized.json,Kubernetes---kb_65_Normalized.json::test_00004,valid,passed,True,True,correct_accept,0.001551,0.005727,0.005347,0.000214,77,77
Kubernetes---kb_65_Normalized.json,Kubernetes---kb_65_Normalized.json::test_00005,invalid,passed,False,True,correct_reject,0.001551,0.000668,0.000607,3.7e-05,69,6
Kubernetes---kb_65_Normalized.json,Kubernetes---kb_65_Normalized.json::test_00006,invalid,passed,False,True,correct_reject,0.001551,0.00276,0.002568,8.7e-05,81,43
Kubernetes---kb_661_Normalized.json,Kubernetes---kb_661_Normalized.json::test_00000,valid,failed,False,True,over_constraint,0.010566,0.005549,0.00479,0.0005,142,33
Kubernetes---kb_661_Normalized.json,Kubernetes---kb_661_Normalized.json::test_00001,valid,failed,False,True,over_constraint,0.010566,0.002234,0.001951,0.000107,127,27
Kubernetes---kb_661_Normalized.json,Kubernetes---kb_661_Normalized.json::test_00002,invalid,passed,False,True,correct_reject,0.010566,0.002012,0.001752,0.000101,131,27
Kubernetes---kb_661_Normalized.json,Kubernetes---kb_661_Normalized.json::test_00003,invalid,passed,False,True,correct_reject,0.010566,0.002839,0.002498,0.000239,158,30
Kubernetes---kb_662_Normalized.json,Kubernetes---kb_662_Normalized.json::test_00000,valid,failed,False,True,over_constraint,0.016097,0.00443,0.003904,0.000323,129,36
Kubernetes---kb_662_Normalized.json,Kubernetes---kb_662_Normalized.json::test_00001,valid,failed,False,True,over_constraint,0.016097,0.002553,0.002249,0.000121,120,27
Kubernetes---kb_662_Normalized.json,Kubernetes---kb_662_Normalized.json::test_00002,invalid,passed,False,True,correct_reject,0.016097,0.001393,0.001294,5.9e-05,120,13
Kubernetes---kb_662_Normalized.json,Kubernetes---kb_662_Normalized.json::test_00003,invalid,passed,False,True,correct_reject,0.016097,0.002452,0.002157,0.00012,120,27
Kubernetes---kb_663_Normalized.json,Kubernetes---kb_663_Normalized.json::test_00000,valid,failed,False,True,over_constraint,0.003593,0.003312,0.002873,0.000273,156,34
Kubernetes---kb_663_Normalized.json,Kubernetes---kb_663_Normalized.json::test_00001,valid,failed,False,True,over_constraint,0.003593,0.002727,0.002414,0.000133,157,43
Kubernetes---kb_663_Normalized.json,Kubernetes---kb_663_Normalized.json::test_00002,invalid,passed,False,True,correct_reject,0.003593,0.002238,0.002055,0.000105,197,36
Kubernetes---kb_664_Normalized.json,Kubernetes---kb_664_Normalized.json::test_00000,valid,failed,False,True,over_constraint,0.003551,0.003989,0.003504,0.000306,157,43
Kubernetes---kb_664_Normalized.json,Kubernetes---kb_664_Normalized.json::test_00001,valid,failed,False,True,over_constraint,0.003551,0.00285,0.002552,0.000123,172,43
Kubernetes---kb_664_Normalized.json,Kubernetes---kb_664_Normalized.json::test_00002,invalid,passed,False,True,correct_reject,0.003551,0.00285,0.002533,0.000136,171,43
Kubernetes---kb_664_Normalized.json,Kubernetes---kb_664_Normalized.json::test_00003,invalid,passed,False,True,correct_reject,0.003551,0.002674,0.002448,0.000141,161,36
Kubernetes---kb_665_Normalized.json,Kubernetes---kb_665_Normalized.json::test_00000,valid,passed,True,True,correct_accept,0.001198,0.007149,0.006473,0.000441,71,71
Kubernetes---kb_665_Normalized.json,Kubernetes---kb_665_Normalized.json::test_00001,invalid,passed,False,True,correct_reject,0.001198,0.003035,0.002812,0.000129,66,45
Kubernetes---kb_665_Normalized.json,Kubernetes---kb_665_Normalized.json::test_00002,invalid,passed,False,True,correct_reject,0.001198,0.0033,0.003055,0.000115,71,63
Kubernetes---kb_666_Normalized.json,Kubernetes---kb_666_Normalized.json::test_00000,valid,passed,True,True,correct_accept,0.005502,0.004569,0.004195,0.00021,71,71
Kubernetes---kb_666_Normalized.json,Kubernetes---kb_666_Normalized.json::test_00001,invalid,passed,False,True,correct_reject,0.005502,0.002747,0.002473,0.000155,66,45
Kubernetes---kb_666_Normalized.json,Kubernetes---kb_666_Normalized.json::test_00002,invalid,passed,False,True,correct_reject,0.005502,0.00532,0.004796,0.000325,71,63
Kubernetes---kb_667_Normalized.json,Kubernetes---kb_667_Normalized.json::test_00000,valid,failed,False,True,over_constraint,0.005015,0.004124,0.003603,0.000316,141,45
Kubernetes---kb_667_Normalized.json,Kubernetes---kb_667_Normalized.json::test_00001,invalid,passed,False,True,correct_reject,0.005015,0.00303,0.002676,0.000161,138,45
Kubernetes---kb_667_Normalized.json,Kubernetes---kb_667_Normalized.json::test_00002,invalid,passed,False,True,correct_reject,0.005015,0.002682,0.002372,0.000126,138,45
Kubernetes---kb_669_Normalized.json,Kubernetes---kb_669_Normalized.json::test_00000,valid,failed,False,True,over_constraint,0.003284,0.000956,0.000732,5.9e-05,123,2
Kubernetes---kb_669_Normalized.json,Kubernetes---kb_669_Normalized.json::test_00001,valid,failed,False,True,over_constraint,0.003284,0.000489,0.000378,1.3e-05,122,2
Kubernetes---kb_669_Normalized.json,Kubernetes---kb_669_Normalized.json::test_00002,invalid,passed,False,True,correct_reject,0.003284,0.000516,0.000399,1.4e-05,148,2
Kubernetes---kb_669_Normalized.json,Kubernetes---kb_669_Normalized.json::test_00003,invalid,passed,False,True,correct_reject,0.003284,0.00048,0.000371,1.2e-05,130,2
Kubernetes---kb_66_Normalized.json,Kubernetes---kb_66_Normalized.json::test_00000,valid,passed,True,True,correct_accept,0.001339,0.006471,0.005943,0.000343,82,82
Kubernetes---kb_66_Normalized.json,Kubernetes---kb_66_Normalized.json::test_00001,invalid,passed,False,True,correct_reject,0.001339,0.001442,0.001339,5.7e-05,73,18
Kubernetes---kb_66_Normalized.json,Kubernetes---kb_66_Normalized.json::test_00002,invalid,passed,False,True,correct_reject,0.001339,0.004008,0.00376,0.000134,86,42
Kubernetes---kb_66_Normalized.json,Kubernetes---kb_66_Normalized.json::test_00003,valid,passed,True,True,correct_accept,0.001339,0.006302,0.005855,0.000249,80,80
Kubernetes---kb_66_Normalized.json,Kubernetes---kb_66_Normalized.json::test_00004,invalid,passed,False,True,correct_reject,0.001339,0.000759,0.000687,4.2e-05,47,6
Kubernetes---kb_66_Normalized.json,Kubernetes---kb_66_Normalized.json::test_00005,invalid,passed,False,True,correct_reject,0.001339,0.002897,0.002711,0.000105,71,30
Kubernetes---kb_670_Normalized.json,Kubernetes---kb_670_Normalized.json::test_00000,valid,failed,False,True,over_constraint,0.002749,0.001167,0.000889,7.2e-05,122,2
Kubernetes---kb_670_Normalized.json,Kubernetes---kb_670_Normalized.json::test_00001,invalid,passed,False,True,correct_reject,0.002749,0.000705,0.000533,1.9e-05,118,2
Kubernetes---kb_671_Normalized.json,Kubernetes---kb_671_Normalized.json::test_00000,valid,failed,False,True,over_constraint,0.001968,0.001247,0.000939,7.4e-05,166,2
Kubernetes---kb_671_Normalized.json,Kubernetes---kb_671_Normalized.json::test_00001,invalid,passed,False,True,correct_reject,0.001968,0.000686,0.000499,1.8e-05,166,2
Kubernetes---kb_671_Normalized.json,Kubernetes---kb_671_Normalized.json::test_00002,invalid,passed,False,True,correct_reject,0.001968,0.000647,0.000492,1.8e-05,181,2
Kubernetes---kb_671_Normalized.json,Kubernetes---kb_671_Normalized.json::test_00003,invalid,passed,False,True,correct_reject,0.001968,0.000666,0.00051,1.8e-05,351,2
Kubernetes---kb_672_Normalized.json,Kubernetes---kb_672_Normalized.json::test_00000,valid,failed,False,True,over_constraint,0.002996,0.000977,0.000748,5.9e-05,100,2
Kubernetes---kb_672_Normalized.json,Kubernetes---kb_672_Normalized.json::test_00001,valid,failed,False,True,over_constraint,0.002996,0.000677,0.000508,2e-05,166,2
Kubernetes---kb_672_Normalized.json,Kubernetes---kb_672_Normalized.json::test_00002,invalid,passed,False,True,correct_reject,0.002996,0.000651,0.000497,1.8e-05,170,2
Kubernetes---kb_672_Normalized.json,Kubernetes---kb_672_Normalized.json::test_00003,invalid,passed,False,True,correct_reject,0.002996,0.000694,0.000533,1.8e-05,164,2
Kubernetes---kb_672_Normalized.json,Kubernetes---kb_672_Normalized.json::test_00004,invalid,passed,False,True,correct_reject,0.002996,0.000655,0.000501,1.9e-05,163,2
Kubernetes---kb_673_Normalized.json,Kubernetes---kb_673_Normalized.json::test_00000,valid,passed,True,True,correct_accept,0.001323,0.001959,0.001779,0.000136,14,14
Kubernetes---kb_673_Normalized.json,Kubernetes---kb_673_Normalized.json::test_00001,invalid,passed,False,True,correct_reject,0.001323,0.000671,0.000615,3.3e-05,12,6
Kubernetes---kb_674_Normalized.json,Kubernetes---kb_674_Normalized.json::test_00000,valid,passed,True,True,correct_accept,0.001852,0.002065,0.001871,0.000146,14,14
Kubernetes---kb_674_Normalized.json,Kubernetes---kb_674_Normalized.json::test_00001,invalid,passed,False,True,correct_reject,0.001852,0.000759,0.00069,4.2e-05,12,6
Kubernetes---kb_674_Normalized.json,Kubernetes---kb_674_Normalized.json::test_00002,invalid,passed,False,True,correct_reject,0.001852,0.000745,0.000681,3.9e-05,13,6
Kubernetes---kb_675_Normalized.json,Kubernetes---kb_675_Normalized.json::test_00000,valid,failed,False,True,over_constraint,0.012091,0.009697,0.008445,0.000835,165,47
Kubernetes---kb_675_Normalized.json,Kubernetes---kb_675_Normalized.json::test_00001,valid,failed,False,True,over_constraint,0.012091,0.003614,0.003149,0.000231,171,44
Kubernetes---kb_675_Normalized.json,Kubernetes---kb_675_Normalized.json::test_00002,invalid,passed,False,True,correct_reject,0.012091,0.000782,0.000697,5e-05,169,10
Kubernetes---kb_676_Normalized.json,Kubernetes---kb_676_Normalized.json::test_00000,valid,failed,False,True,over_constraint,0.01308,0.00577,0.005055,0.000459,170,44
Kubernetes---kb_676_Normalized.json,Kubernetes---kb_676_Normalized.json::test_00001,invalid,passed,False,True,correct_reject,0.01308,0.000993,0.00091,4.8e-05,308,10
Kubernetes---kb_677_Normalized.json,Kubernetes---kb_677_Normalized.json::test_00000,valid,failed,False,True,over_constraint,0.010045,0.001211,0.000951,6.4e-05,133,2
Kubernetes---kb_677_Normalized.json,Kubernetes---kb_677_Normalized.json::test_00001,valid,failed,False,True,over_constraint,0.010045,0.004512,0.004104,0.000192,121,27
Kubernetes---kb_678_Normalized.json,Kubernetes---kb_678_Normalized.json::test_00000,valid,failed,False,True,over_constraint,0.009754,0.001485,0.001171,8e-05,139,2
Kubernetes---kb_679_Normalized.json,Kubernetes---kb_679_Normalized.json::test_00000,valid,passed,True,True,correct_accept,0.001746,0.003321,0.003012,0.000234,24,24
Kubernetes---kb_679_Normalized.json,Kubernetes---kb_679_Normalized.json::test_00001,invalid,passed,False,True,correct_reject,0.001746,0.000833,0.000774,3.4e-05,19,5
Kubernetes---kb_679_Normalized.json,Kubernetes---kb_679_Normalized.json::test_00002,invalid,passed,False,True,correct_reject,0.001746,0.001828,0.001694,8.2e-05,24,16
Kubernetes---kb_679_Normalized.json,Kubernetes---kb_679_Normalized.json::test_00003,valid,passed,True,True,correct_accept,0.001746,0.002485,0.002312,0.000108,23,23
Kubernetes---kb_679_Normalized.json,Kubernetes---kb_679_Normalized.json::test_00004,invalid,passed,False,True,correct_reject,0.001746,0.000781,0.000724,3.5e-05,19,5
Kubernetes---kb_680_Normalized.json,Kubernetes---kb_680_Normalized.json::test_00000,valid,passed,True,True,correct_accept,0.001546,0.003063,0.002769,0.000225,23,23
Kubernetes---kb_680_Normalized.json,Kubernetes---kb_680_Normalized.json::test_00001,invalid,passed,False,True,correct_reject,0.001546,0.000751,0.000696,3e-05,19,5
Kubernetes---kb_680_Normalized.json,Kubernetes---kb_680_Normalized.json::test_00002,invalid,passed,False,True,correct_reject,0.001546,0.001583,0.00147,6.7e-05,23,15
Kubernetes---kb_680_Normalized.json,Kubernetes---kb_680_Normalized.json::test_00003,valid,passed,True,True,correct_accept,0.001546,0.002008,0.001856,9.4e-05,21,21
Kubernetes---kb_680_Normalized.json,Kubernetes---kb_680_Normalized.json::test_00004,invalid,passed,False,True,correct_reject,0.001546,0.001549,0.001436,6.6e-05,21,15
Kubernetes---kb_680_Normalized.json,Kubernetes---kb_680_Normalized.json::test_00005,invalid,passed,False,True,correct_reject,0.001546,0.00157,0.001455,6.7e-05,21,15
Kubernetes---kb_681_Normalized.json,Kubernetes---kb_681_Normalized.json::test_00000,valid,passed,True,True,correct_accept,0.001317,0.002502,0.00229,0.000157,18,18
Kubernetes---kb_681_Normalized.json,Kubernetes---kb_681_Normalized.json::test_00001,invalid,passed,False,True,correct_reject,0.001317,0.000655,0.000598,3.3e-05,16,6
Kubernetes---kb_681_Normalized.json,Kubernetes---kb_681_Normalized.json::test_00002,invalid,passed,False,True,correct_reject,0.001317,0.00132,0.001221,5.7e-05,18,14
Kubernetes---kb_681_Normalized.json,Kubernetes---kb_681_Normalized.json::test_00003,valid,passed,True,True,correct_accept,0.001317,0.001593,0.001459,8e-05,18,18
Kubernetes---kb_682_Normalized.json,Kubernetes---kb_682_Normalized.json::test_00000,valid,passed,True,True,correct_accept,0.001299,0.00296,0.002693,0.000199,18,18
Kubernetes---kb_682_Normalized.json,Kubernetes---kb_682_Normalized.json::test_00001,invalid,passed,False,True,correct_reject,0.001299,0.000654,0.000596,3.4e-05,16,6
Kubernetes---kb_682_Normalized.json,Kubernetes---kb_682_Normalized.json::test_00002,invalid,passed,False,True,correct_reject,0.001299,0.001364,0.001261,6e-05,18,14
Kubernetes---kb_682_Normalized.json,Kubernetes---kb_682_Normalized.json::test_00003,valid,passed,True,True,correct_accept,0.001299,0.001526,0.001395,7.9e-05,18,18
Kubernetes---kb_682_Normalized.json,Kubernetes---kb_682_Normalized.json::test_00004,invalid,passed,False,True,correct_reject,0.001299,0.000598,0.000551,2.8e-05,14,5
Kubernetes---kb_683_Normalized.json,Kubernetes---kb_683_Normalized.json::test_00000,valid,failed,False,True,over_constraint,0.030288,0.004734,0.004053,0.000427,48,26
Kubernetes---kb_683_Normalized.json,Kubernetes---kb_683_Normalized.json::test_00001,valid,failed,False,True,over_constraint,0.030288,0.002406,0.002093,0.00012,59,26
Kubernetes---kb_684_Normalized.json,Kubernetes---kb_684_Normalized.json::test_00000,valid,failed,False,True,over_constraint,0.02911,0.004077,0.003533,0.000345,59,26
Kubernetes---kb_684_Normalized.json,Kubernetes---kb_684_Normalized.json::test_00001,valid,failed,False,True,over_constraint,0.02911,0.002631,0.002313,0.000126,47,26
Kubernetes---kb_685_Normalized.json,Kubernetes---kb_685_Normalized.json::test_00000,valid,failed,False,True,over_constraint,0.003077,0.002463,0.00206,0.000314,168,14
Kubernetes---kb_685_Normalized.json,Kubernetes---kb_685_Normalized.json::test_00001,invalid,passed,False,True,correct_reject,0.003077,0.001309,0.001225,5e-05,59,11
Kubernetes---kb_685_Normalized.json,Kubernetes---kb_685_Normalized.json::test_00002,invalid,passed,False,True,correct_reject,0.003077,0.001288,0.001201,5.1e-05,59,12
Kubernetes---kb_685_Normalized.json,Kubernetes---kb_685_Normalized.json::test_00003,valid,failed,False,True,over_constraint,0.003077,0.001522,0.001357,6.3e-05,141,14
Kubernetes---kb_685_Normalized.json,Kubernetes---kb_685_Normalized.json::test_00004,invalid,passed,False,True,correct_reject,0.003077,0.001486,0.00132,6.7e-05,117,14
Kubernetes---kb_686_Normalized.json,Kubernetes---kb_686_Normalized.json::test_00000,valid,failed,False,True,over_constraint,0.001845,0.00237,0.001862,0.000393,166,14
Kubernetes---kb_686_Normalized.json,Kubernetes---kb_686_Normalized.json::test_00001,invalid,passed,False,True,correct_reject,0.001845,0.001222,0.00114,4.7e-05,59,11
Kubernetes---kb_686_Normalized.json,Kubernetes---kb_686_Normalized.json::test_00002,invalid,passed,False,True,correct_reject,0.001845,0.001453,0.001291,6.4e-05,49,14
Kubernetes---kb_686_Normalized.json,Kubernetes---kb_686_Normalized.json::test_00003,invalid,passed,False,True,correct_reject,0.001845,0.001461,0.001296,6.5e-05,174,14
Kubernetes---kb_686_Normalized.json,Kubernetes---kb_686_Normalized.json::test_00004,invalid,passed,False,True,correct_reject,0.001845,0.001459,0.00129,6.5e-05,175,14
Kubernetes---kb_686_Normalized.json,Kubernetes---kb_686_Normalized.json::test_00005,valid,failed,False,True,over_constraint,0.001845,0.001435,0.001254,6.5e-05,116,14
Kubernetes---kb_686_Normalized.json,Kubernetes---kb_686_Normalized.json::test_00006,invalid,passed,False,True,correct_reject,0.001845,0.001281,0.001189,5.4e-05,112,12
Kubernetes---kb_686_Normalized.json,Kubernetes---kb_686_Normalized.json::test_00007,invalid,passed,False,True,correct_reject,0.001845,0.001251,0.00116,5.3e-05,125,12
Kubernetes---kb_686_Normalized.json,Kubernetes---kb_686_Normalized.json::test_00008,invalid,passed,False,True,correct_reject,0.001845,0.001259,0.001168,5.5e-05,158,12
Kubernetes---kb_687_Normalized.json,Kubernetes---kb_687_Normalized.json::test_00000,valid,passed,True,True,correct_accept,0.001389,0.006287,0.005695,0.000425,70,70
Kubernetes---kb_687_Normalized.json,Kubernetes---kb_687_Normalized.json::test_00001,invalid,passed,False,True,correct_reject,0.001389,0.001269,0.001163,5.9e-05,78,20
Kubernetes---kb_687_Normalized.json,Kubernetes---kb_687_Normalized.json::test_00002,invalid,passed,False,True,correct_reject,0.001389,0.002954,0.002691,0.000152,70,54
Kubernetes---kb_687_Normalized.json,Kubernetes---kb_687_Normalized.json::test_00003,invalid,passed,False,True,correct_reject,0.001389,0.001591,0.001464,6.8e-05,70,25
Kubernetes---kb_687_Normalized.json,Kubernetes---kb_687_Normalized.json::test_00004,invalid,passed,False,True,correct_reject,0.001389,0.001548,0.00142,6.9e-05,76,26
Kubernetes---kb_687_Normalized.json,Kubernetes---kb_687_Normalized.json::test_00005,valid,passed,True,True,correct_accept,0.001389,0.004314,0.003944,0.000201,86,86
Kubernetes---kb_687_Normalized.json,Kubernetes---kb_687_Normalized.json::test_00006,invalid,passed,False,True,correct_reject,0.001389,0.003342,0.003038,0.000167,86,70
Kubernetes---kb_687_Normalized.json,Kubernetes---kb_687_Normalized.json::test_00007,invalid,passed,False,True,correct_reject,0.001389,0.003539,0.003246,0.000158,91,68
Kubernetes---kb_688_Normalized.json,Kubernetes---kb_688_Normalized.json::test_00000,valid,passed,True,True,correct_accept,0.00139,0.005815,0.005188,0.000458,70,70
Kubernetes---kb_688_Normalized.json,Kubernetes---kb_688_Normalized.json::test_00001,invalid,passed,False,True,correct_reject,0.00139,0.00153,0.001366,0.000103,77,20
Kubernetes---kb_688_Normalized.json,Kubernetes---kb_688_Normalized.json::test_00002,invalid,passed,False,True,correct_reject,0.00139,0.003395,0.003084,0.000189,67,54
Kubernetes---kb_688_Normalized.json,Kubernetes---kb_688_Normalized.json::test_00003,invalid,passed,False,True,correct_reject,0.00139,0.001873,0.001675,0.000123,69,25
Kubernetes---kb_688_Normalized.json,Kubernetes---kb_688_Normalized.json::test_00004,invalid,passed,False,True,correct_reject,0.00139,0.001683,0.001549,7.8e-05,77,27
Kubernetes---kb_688_Normalized.json,Kubernetes---kb_688_Normalized.json::test_00005,valid,passed,True,True,correct_accept,0.00139,0.004245,0.003871,0.000208,87,87
Kubernetes---kb_688_Normalized.json,Kubernetes---kb_688_Normalized.json::test_00006,invalid,passed,False,True,correct_reject,0.00139,0.001811,0.001652,9.1e-05,91,31
Kubernetes---kb_688_Normalized.json,Kubernetes---kb_688_Normalized.json::test_00007,invalid,passed,False,True,correct_reject,0.00139,0.003871,0.003479,0.000233,92,68
Kubernetes---kb_689_Normalized.json,Kubernetes---kb_689_Normalized.json::test_00000,valid,failed,False,True,over_constraint,0.001812,0.002001,0.001603,0.000309,114,14
Kubernetes---kb_689_Normalized.json,Kubernetes---kb_689_Normalized.json::test_00001,invalid,passed,False,True,correct_reject,0.001812,0.000934,0.000871,3.7e-05,58,11
Kubernetes---kb_689_Normalized.json,Kubernetes---kb_689_Normalized.json::test_00002,invalid,passed,False,True,correct_reject,0.001812,0.001358,0.001208,5.5e-05,61,14
Kubernetes---kb_689_Normalized.json,Kubernetes---kb_689_Normalized.json::test_00003,valid,failed,False,True,over_constraint,0.001812,0.001151,0.001012,5.3e-05,226,14
Kubernetes---kb_689_Normalized.json,Kubernetes---kb_689_Normalized.json::test_00004,invalid,passed,False,True,correct_reject,0.001812,0.001352,0.001271,5e-05,158,11
Kubernetes---kb_690_Normalized.json,Kubernetes---kb_690_Normalized.json::test_00000,valid,failed,False,True,over_constraint,0.001677,0.002328,0.00181,0.000409,223,14
Kubernetes---kb_690_Normalized.json,Kubernetes---kb_690_Normalized.json::test_00001,invalid,passed,False,True,correct_reject,0.001677,0.001213,0.001134,4.6e-05,112,11
Kubernetes---kb_690_Normalized.json,Kubernetes---kb_690_Normalized.json::test_00002,invalid,passed,False,True,correct_reject,0.001677,0.001115,0.000984,4.9e-05,49,14
Kubernetes---kb_690_Normalized.json,Kubernetes---kb_690_Normalized.json::test_00003,invalid,passed,False,True,correct_reject,0.001677,0.001543,0.001374,6.8e-05,231,14
Kubernetes---kb_690_Normalized.json,Kubernetes---kb_690_Normalized.json::test_00004,invalid,passed,False,True,correct_reject,0.001677,0.001512,0.001339,6.6e-05,225,14
Kubernetes---kb_690_Normalized.json,Kubernetes---kb_690_Normalized.json::test_00005,valid,failed,False,True,over_constraint,0.001677,0.001399,0.001243,5.7e-05,226,14
Kubernetes---kb_690_Normalized.json,Kubernetes---kb_690_Normalized.json::test_00006,invalid,passed,False,True,correct_reject,0.001677,0.001061,0.000991,4.2e-05,115,11
Kubernetes---kb_691_Normalized.json,Kubernetes---kb_691_Normalized.json::test_00000,valid,passed,True,True,correct_accept,0.00152,0.005505,0.005102,0.000238,67,67
Kubernetes---kb_691_Normalized.json,Kubernetes---kb_691_Normalized.json::test_00001,invalid,passed,False,True,correct_reject,0.00152,0.003471,0.003184,0.000166,65,45
Kubernetes---kb_691_Normalized.json,Kubernetes---kb_691_Normalized.json::test_00002,invalid,passed,False,True,correct_reject,0.00152,0.004558,0.004207,0.000193,67,60
Kubernetes---kb_691_Normalized.json,Kubernetes---kb_691_Normalized.json::test_00003,valid,passed,True,True,correct_accept,0.00152,0.005659,0.005219,0.000259,67,67
Kubernetes---kb_691_Normalized.json,Kubernetes---kb_691_Normalized.json::test_00004,invalid,passed,False,True,correct_reject,0.00152,0.005757,0.005301,0.000289,65,45
Kubernetes---kb_692_Normalized.json,Kubernetes---kb_692_Normalized.json::test_00000,valid,passed,True,True,correct_accept,0.001499,0.003775,0.003488,0.000145,67,67
Kubernetes---kb_692_Normalized.json,Kubernetes---kb_692_Normalized.json::test_00001,invalid,passed,False,True,correct_reject,0.001499,0.002496,0.002316,8.5e-05,65,45
Kubernetes---kb_692_Normalized.json,Kubernetes---kb_692_Normalized.json::test_00002,invalid,passed,False,True,correct_reject,0.001499,0.002999,0.002771,0.000109,67,60
Kubernetes---kb_692_Normalized.json,Kubernetes---kb_692_Normalized.json::test_00003,valid,passed,True,True,correct_accept,0.001499,0.003601,0.003328,0.000128,69,69
Kubernetes---kb_692_Normalized.json,Kubernetes---kb_692_Normalized.json::test_00004,invalid,passed,False,True,correct_reject,0.001499,0.000337,0.000316,1.2e-05,65,2
Kubernetes---kb_693_Normalized.json,Kubernetes---kb_693_Normalized.json::test_00000,valid,failed,False,True,over_constraint,0.004279,0.004136,0.003596,0.00034,111,47
Kubernetes---kb_693_Normalized.json,Kubernetes---kb_693_Normalized.json::test_00001,invalid,passed,False,True,correct_reject,0.004279,0.00387,0.003436,0.000199,112,47
Kubernetes---kb_694_Normalized.json,Kubernetes---kb_694_Normalized.json::test_00000,valid,failed,False,True,over_constraint,0.004187,0.004195,0.003632,0.000371,111,47
Kubernetes---kb_694_Normalized.json,Kubernetes---kb_694_Normalized.json::test_00001,valid,failed,False,True,over_constraint,0.004187,0.00305,0.002743,0.000128,111,47
Kubernetes---kb_694_Normalized.json,Kubernetes---kb_694_Normalized.json::test_00002,invalid,passed,False,True,correct_reject,0.004187,0.002934,0.002635,0.000124,112,47
Kubernetes---kb_694_Normalized.json,Kubernetes---kb_694_Normalized.json::test_00003,invalid,passed,False,True,correct_reject,0.004187,0.003071,0.00276,0.000128,110,47
Kubernetes---kb_697_Normalized.json,Kubernetes---kb_697_Normalized.json::test_00000,valid,passed,True,True,correct_accept,0.001439,0.006145,0.005437,0.000571,56,56
Kubernetes---kb_697_Normalized.json,Kubernetes---kb_697_Normalized.json::test_00001,valid,passed,True,True,correct_accept,0.001439,0.002286,0.002066,0.000147,22,22
Kubernetes---kb_697_Normalized.json,Kubernetes---kb_697_Normalized.json::test_00002,invalid,passed,False,True,correct_reject,0.001439,0.000609,0.000569,2.6e-05,21,5
Kubernetes---kb_697_Normalized.json,Kubernetes---kb_697_Normalized.json::test_00003,invalid,passed,False,True,correct_reject,0.001439,0.001627,0.0015,7.2e-05,27,26
Kubernetes---kb_698_Normalized.json,Kubernetes---kb_698_Normalized.json::test_00000,valid,passed,True,True,correct_accept,0.001452,0.002762,0.00238,0.00032,21,21
Kubernetes---kb_698_Normalized.json,Kubernetes---kb_698_Normalized.json::test_00001,valid,passed,True,True,correct_accept,0.001452,0.003771,0.003306,0.000335,48,48
Kubernetes---kb_698_Normalized.json,Kubernetes---kb_698_Normalized.json::test_00002,invalid,passed,False,True,correct_reject,0.001452,0.000825,0.000768,3.6e-05,50,7
Kubernetes---kb_698_Normalized.json,Kubernetes---kb_698_Normalized.json::test_00003,invalid,passed,False,True,correct_reject,0.001452,0.00217,0.001945,0.000142,54,25
Kubernetes---kb_699_Normalized.json,Kubernetes---kb_699_Normalized.json::test_00000,valid,passed,True,True,correct_accept,0.001441,0.007451,0.006752,0.000488,84,84
Kubernetes---kb_699_Normalized.json,Kubernetes---kb_699_Normalized.json::test_00001,invalid,passed,False,True,correct_reject,0.001441,0.002501,0.002257,0.000143,93,44
Kubernetes---kb_699_Normalized.json,Kubernetes---kb_699_Normalized.json::test_00002,invalid,passed,False,True,correct_reject,0.001441,0.000712,0.000644,4.3e-05,86,7
Kubernetes---kb_699_Normalized.json,Kubernetes---kb_699_Normalized.json::test_00003,invalid,passed,False,True,correct_reject,0.001441,0.00064,0.00059,3.1e-05,84,5
Kubernetes---kb_699_Normalized.json,Kubernetes---kb_699_Normalized.json::test_00004,valid,passed,True,True,correct_accept,0.001441,0.005641,0.005144,0.000296,82,82
Kubernetes---kb_699_Normalized.json,Kubernetes---kb_699_Normalized.json::test_00005,invalid,passed,False,True,correct_reject,0.001441,0.001147,0.001017,7.7e-05,88,24
Kubernetes---kb_69_Normalized.json,Kubernetes---kb_69_Normalized.json::test_00000,valid,passed,True,True,correct_accept,0.001451,0.003397,0.003097,0.000177,42,42
Kubernetes---kb_69_Normalized.json,Kubernetes---kb_69_Normalized.json::test_00001,invalid,passed,False,True,correct_reject,0.001451,0.001672,0.00151,9.2e-05,39,24
Kubernetes---kb_69_Normalized.json,Kubernetes---kb_69_Normalized.json::test_00002,invalid,passed,False,True,correct_reject,0.001451,0.002287,0.002112,8.5e-05,42,41
Kubernetes---kb_700_Normalized.json,Kubernetes---kb_700_Normalized.json::test_00000,valid,passed,True,True,correct_accept,0.001954,0.005094,0.00464,0.000279,84,84
Kubernetes---kb_700_Normalized.json,Kubernetes---kb_700_Normalized.json::test_00001,valid,passed,True,True,correct_accept,0.001954,0.00455,0.004099,0.000246,84,84
Kubernetes---kb_700_Normalized.json,Kubernetes---kb_700_Normalized.json::test_00002,invalid,passed,False,True,correct_reject,0.001954,0.000511,0.000469,2.4e-05,84,5
Kubernetes---kb_701_Normalized.json,Kubernetes---kb_701_Normalized.json::test_00000,valid,passed,True,True,correct_accept,0.001764,0.007174,0.006563,0.000456,65,65
Kubernetes---kb_701_Normalized.json,Kubernetes---kb_701_Normalized.json::test_00001,invalid,passed,False,True,correct_reject,0.001764,0.000938,0.000858,5.2e-05,51,6
Kubernetes---kb_701_Normalized.json,Kubernetes---kb_701_Normalized.json::test_00002,invalid,passed,False,True,correct_reject,0.001764,0.003598,0.003342,0.000159,65,37
Kubernetes---kb_701_Normalized.json,Kubernetes---kb_701_Normalized.json::test_00003,invalid,passed,False,True,correct_reject,0.001764,0.002093,0.001943,9.6e-05,60,15
Kubernetes---kb_701_Normalized.json,Kubernetes---kb_701_Normalized.json::test_00004,invalid,passed,False,True,correct_reject,0.001764,0.002464,0.002306,9.7e-05,81,24
Kubernetes---kb_701_Normalized.json,Kubernetes---kb_701_Normalized.json::test_00005,valid,passed,True,True,correct_accept,0.001764,0.005289,0.004904,0.000233,63,63
Kubernetes---kb_701_Normalized.json,Kubernetes---kb_701_Normalized.json::test_00006,invalid,passed,False,True,correct_reject,0.001764,0.001206,0.00113,3.9e-05,57,15
Kubernetes---kb_701_Normalized.json,Kubernetes---kb_701_Normalized.json::test_00007,invalid,passed,False,True,correct_reject,0.001764,0.001152,0.001077,4.1e-05,59,15
Kubernetes---kb_702_Normalized.json,Kubernetes---kb_702_Normalized.json::test_00000,valid,passed,True,True,correct_accept,0.001293,0.004772,0.004349,0.000291,65,65
Kubernetes---kb_702_Normalized.json,Kubernetes---kb_702_Normalized.json::test_00001,invalid,passed,False,True,correct_reject,0.001293,0.001366,0.001275,5.2e-05,60,15
Kubernetes---kb_702_Normalized.json,Kubernetes---kb_702_Normalized.json::test_00002,invalid,passed,False,True,correct_reject,0.001293,0.004683,0.004332,0.000217,64,49
Kubernetes---kb_702_Normalized.json,Kubernetes---kb_702_Normalized.json::test_00003,invalid,passed,False,True,correct_reject,0.001293,0.002382,0.002235,8.6e-05,68,24
Kubernetes---kb_702_Normalized.json,Kubernetes---kb_702_Normalized.json::test_00004,invalid,passed,False,True,correct_reject,0.001293,0.002273,0.002134,7.7e-05,68,24
Kubernetes---kb_702_Normalized.json,Kubernetes---kb_702_Normalized.json::test_00005,valid,passed,True,True,correct_accept,0.001293,0.005337,0.004974,0.00021,71,71
Kubernetes---kb_702_Normalized.json,Kubernetes---kb_702_Normalized.json::test_00006,invalid,passed,False,True,correct_reject,0.001293,0.001218,0.001118,5.9e-05,64,14
Kubernetes---kb_702_Normalized.json,Kubernetes---kb_702_Normalized.json::test_00007,invalid,passed,False,True,correct_reject,0.001293,0.001352,0.001262,5e-05,60,15
Kubernetes---kb_703_Normalized.json,Kubernetes---kb_703_Normalized.json::test_00000,valid,passed,True,True,correct_accept,0.0019,0.001838,0.001701,9.7e-05,13,13
Kubernetes---kb_703_Normalized.json,Kubernetes---kb_703_Normalized.json::test_00001,invalid,passed,False,True,correct_reject,0.0019,0.00064,0.000592,2.8e-05,12,5
Kubernetes---kb_704_Normalized.json,Kubernetes---kb_704_Normalized.json::test_00000,valid,passed,True,True,correct_accept,0.001443,0.002347,0.00217,0.000125,13,13
Kubernetes---kb_704_Normalized.json,Kubernetes---kb_704_Normalized.json::test_00001,invalid,passed,False,True,correct_reject,0.001443,0.000759,0.000706,3e-05,12,5
Kubernetes---kb_705_Normalized.json,Kubernetes---kb_705_Normalized.json::test_00000,valid,failed,False,True,over_constraint,0.00096,0.000567,0.000304,9e-06,12,1
Kubernetes---kb_705_Normalized.json,Kubernetes---kb_705_Normalized.json::test_00001,invalid,passed,False,True,correct_reject,0.00096,0.000413,0.000288,1e-05,6,1
Kubernetes---kb_705_Normalized.json,Kubernetes---kb_705_Normalized.json::test_00002,invalid,passed,False,True,correct_reject,0.00096,0.00042,0.000298,1e-05,8,1
Kubernetes---kb_705_Normalized.json,Kubernetes---kb_705_Normalized.json::test_00003,invalid,passed,False,True,correct_reject,0.00096,0.000416,0.000291,1e-05,7,1
Kubernetes---kb_706_Normalized.json,Kubernetes---kb_706_Normalized.json::test_00000,valid,failed,False,True,over_constraint,0.001195,0.000569,0.000303,9e-06,12,1
Kubernetes---kb_706_Normalized.json,Kubernetes---kb_706_Normalized.json::test_00001,invalid,passed,False,True,correct_reject,0.001195,0.000413,0.000286,9e-06,6,1
Kubernetes---kb_706_Normalized.json,Kubernetes---kb_706_Normalized.json::test_00002,invalid,passed,False,True,correct_reject,0.001195,0.000404,0.000284,1e-05,8,1
Kubernetes---kb_706_Normalized.json,Kubernetes---kb_706_Normalized.json::test_00003,invalid,passed,False,True,correct_reject,0.001195,0.00049,0.000336,1.2e-05,7,1
Kubernetes---kb_706_Normalized.json,Kubernetes---kb_706_Normalized.json::test_00004,invalid,passed,False,True,correct_reject,0.001195,0.000515,0.000354,1.1e-05,15,1
Kubernetes---kb_709_Normalized.json,Kubernetes---kb_709_Normalized.json::test_00000,valid,failed,False,True,over_constraint,0.012021,0.004855,0.004237,0.000405,140,43
Kubernetes---kb_709_Normalized.json,Kubernetes---kb_709_Normalized.json::test_00001,valid,failed,False,True,over_constraint,0.012021,0.003346,0.00289,0.00021,141,43
Kubernetes---kb_709_Normalized.json,Kubernetes---kb_709_Normalized.json::test_00002,invalid,passed,False,True,correct_reject,0.012021,0.003355,0.002955,0.000183,148,43
Kubernetes---kb_709_Normalized.json,Kubernetes---kb_709_Normalized.json::test_00003,invalid,passed,False,True,correct_reject,0.012021,0.0031,0.002677,0.000201,141,43
Kubernetes---kb_70_Normalized.json,Kubernetes---kb_70_Normalized.json::test_00000,valid,passed,True,True,correct_accept,0.001609,0.00355,0.003265,0.000175,42,42
Kubernetes---kb_70_Normalized.json,Kubernetes---kb_70_Normalized.json::test_00001,invalid,passed,False,True,correct_reject,0.001609,0.001712,0.001572,7.6e-05,39,24
Kubernetes---kb_710_Normalized.json,Kubernetes---kb_710_Normalized.json::test_00000,valid,failed,False,True,over_constraint,0.015821,0.006924,0.006091,0.000561,142,43
Kubernetes---kb_710_Normalized.json,Kubernetes---kb_710_Normalized.json::test_00001,valid,failed,False,True,over_constraint,0.015821,0.007705,0.006872,0.000436,141,43
Kubernetes---kb_710_Normalized.json,Kubernetes---kb_710_Normalized.json::test_00002,invalid,passed,False,True,correct_reject,0.015821,0.004192,0.003765,0.000192,154,43
Kubernetes---kb_710_Normalized.json,Kubernetes---kb_710_Normalized.json::test_00003,invalid,passed,False,True,correct_reject,0.015821,0.007965,0.00758,0.000164,149,43
Kubernetes---kb_710_Normalized.json,Kubernetes---kb_710_Normalized.json::test_00004,invalid,passed,False,True,correct_reject,0.015821,0.003309,0.002922,0.000166,180,43
Kubernetes---kb_713_Normalized.json,Kubernetes---kb_713_Normalized.json::test_00000,valid,failed,False,True,over_constraint,0.010014,0.004091,0.003646,0.000251,96,33
Kubernetes---kb_713_Normalized.json,Kubernetes---kb_713_Normalized.json::test_00001,valid,passed,True,True,correct_accept,0.010014,0.006558,0.005879,0.000478,96,96
Kubernetes---kb_713_Normalized.json,Kubernetes---kb_713_Normalized.json::test_00002,invalid,passed,False,True,correct_reject,0.010014,0.000602,0.000566,2.1e-05,17,4
Kubernetes---kb_713_Normalized.json,Kubernetes---kb_713_Normalized.json::test_00003,invalid,passed,False,True,correct_reject,0.010014,0.00504,0.00467,0.000223,135,66
Kubernetes---kb_714_Normalized.json,Kubernetes---kb_714_Normalized.json::test_00000,valid,failed,False,True,over_constraint,0.013854,0.004528,0.004023,0.000286,95,33
Kubernetes---kb_714_Normalized.json,Kubernetes---kb_714_Normalized.json::test_00001,valid,passed,True,True,correct_accept,0.013854,0.008347,0.007438,0.000685,98,98
Kubernetes---kb_714_Normalized.json,Kubernetes---kb_714_Normalized.json::test_00002,invalid,passed,False,True,correct_reject,0.013854,0.003219,0.002979,0.000148,128,38
Kubernetes---kb_714_Normalized.json,Kubernetes---kb_714_Normalized.json::test_00003,invalid,passed,False,True,correct_reject,0.013854,0.00119,0.001095,5.7e-05,93,14
Kubernetes---kb_714_Normalized.json,Kubernetes---kb_714_Normalized.json::test_00004,invalid,passed,False,True,correct_reject,0.013854,0.001717,0.001581,8.4e-05,121,19
Kubernetes---kb_715_Normalized.json,Kubernetes---kb_715_Normalized.json::test_00000,valid,passed,True,True,correct_accept,0.001575,0.000907,0.000847,3.7e-05,8,8
Kubernetes---kb_715_Normalized.json,Kubernetes---kb_715_Normalized.json::test_00001,invalid,passed,False,True,correct_reject,0.001575,0.000607,0.000554,3.2e-05,7,6
Kubernetes---kb_715_Normalized.json,Kubernetes---kb_715_Normalized.json::test_00002,invalid,passed,False,True,correct_reject,0.001575,0.000536,0.000492,2.6e-05,6,5
Kubernetes---kb_716_Normalized.json,Kubernetes---kb_716_Normalized.json::test_00000,valid,passed,True,True,correct_accept,0.000946,0.001015,0.000947,4.3e-05,8,8
Kubernetes---kb_716_Normalized.json,Kubernetes---kb_716_Normalized.json::test_00001,invalid,passed,False,True,correct_reject,0.000946,0.000577,0.000516,4e-05,7,6
Kubernetes---kb_717_Normalized.json,Kubernetes---kb_717_Normalized.json::test_00000,valid,passed,True,True,correct_accept,0.00287,0.011717,0.010347,0.001029,171,171
Kubernetes---kb_717_Normalized.json,Kubernetes---kb_717_Normalized.json::test_00001,invalid,passed,False,True,correct_reject,0.00287,0.000626,0.000588,2.1e-05,168,5
Kubernetes---kb_717_Normalized.json,Kubernetes---kb_717_Normalized.json::test_00002,invalid,passed,False,True,correct_reject,0.00287,0.000604,0.000567,2e-05,171,5
Kubernetes---kb_717_Normalized.json,Kubernetes---kb_717_Normalized.json::test_00003,invalid,passed,False,True,correct_reject,0.00287,0.000696,0.000654,2.5e-05,164,5
Kubernetes---kb_717_Normalized.json,Kubernetes---kb_717_Normalized.json::test_00004,invalid,passed,False,True,correct_reject,0.00287,0.000658,0.000613,2.6e-05,171,5
Kubernetes---kb_717_Normalized.json,Kubernetes---kb_717_Normalized.json::test_00005,valid,passed,True,True,correct_accept,0.00287,0.011442,0.010431,0.000576,180,180
Kubernetes---kb_717_Normalized.json,Kubernetes---kb_717_Normalized.json::test_00006,invalid,passed,False,True,correct_reject,0.00287,0.000642,0.000603,2e-05,182,5
Kubernetes---kb_717_Normalized.json,Kubernetes---kb_717_Normalized.json::test_00007,invalid,passed,False,True,correct_reject,0.00287,0.000611,0.000573,2.1e-05,177,5
Kubernetes---kb_717_Normalized.json,Kubernetes---kb_717_Normalized.json::test_00008,invalid,passed,False,True,correct_reject,0.00287,0.002878,0.002644,0.000133,158,51
Kubernetes---kb_718_Normalized.json,Kubernetes---kb_718_Normalized.json::test_00000,valid,passed,True,True,correct_accept,0.002374,0.016316,0.014387,0.001482,180,180
Kubernetes---kb_718_Normalized.json,Kubernetes---kb_718_Normalized.json::test_00001,invalid,passed,False,True,correct_reject,0.002374,0.000949,0.00089,3.5e-05,180,5
Kubernetes---kb_718_Normalized.json,Kubernetes---kb_718_Normalized.json::test_00002,invalid,passed,False,True,correct_reject,0.002374,0.000845,0.00079,3.1e-05,177,5
Kubernetes---kb_718_Normalized.json,Kubernetes---kb_718_Normalized.json::test_00003,invalid,passed,False,True,correct_reject,0.002374,0.000858,0.000804,3.1e-05,180,5
Kubernetes---kb_718_Normalized.json,Kubernetes---kb_718_Normalized.json::test_00004,valid,passed,True,True,correct_accept,0.002374,0.011257,0.010412,0.000494,170,170
Kubernetes---kb_718_Normalized.json,Kubernetes---kb_718_Normalized.json::test_00005,invalid,passed,False,True,correct_reject,0.002374,0.000783,0.000732,3e-05,170,5
Kubernetes---kb_718_Normalized.json,Kubernetes---kb_718_Normalized.json::test_00006,invalid,passed,False,True,correct_reject,0.002374,0.000808,0.000755,3e-05,170,5
Kubernetes---kb_718_Normalized.json,Kubernetes---kb_718_Normalized.json::test_00007,invalid,passed,False,True,correct_reject,0.002374,0.004465,0.004103,0.000225,161,54
Kubernetes---kb_720_Normalized.json,Kubernetes---kb_720_Normalized.json::test_00000,valid,failed,False,True,over_constraint,0.006832,0.004657,0.004053,0.000391,414,36
Kubernetes---kb_720_Normalized.json,Kubernetes---kb_720_Normalized.json::test_00001,invalid,passed,False,True,correct_reject,0.006832,0.002188,0.001922,0.000105,417,36
Kubernetes---kb_720_Normalized.json,Kubernetes---kb_720_Normalized.json::test_00002,invalid,passed,False,True,correct_reject,0.006832,0.002521,0.00217,0.000169,422,36
Kubernetes---kb_720_Normalized.json,Kubernetes---kb_720_Normalized.json::test_00003,valid,failed,False,True,over_constraint,0.006832,0.002195,0.001924,0.000103,424,36
Kubernetes---kb_720_Normalized.json,Kubernetes---kb_720_Normalized.json::test_00004,invalid,passed,False,True,correct_reject,0.006832,0.003748,0.003235,0.000249,62,36
Kubernetes---kb_720_Normalized.json,Kubernetes---kb_720_Normalized.json::test_00005,invalid,passed,False,True,correct_reject,0.006832,0.003397,0.002951,0.000213,339,36
Kubernetes---kb_721_Normalized.json,Kubernetes---kb_721_Normalized.json::test_00000,valid,failed,False,True,over_constraint,0.007376,0.004024,0.003537,0.000295,431,36
Kubernetes---kb_721_Normalized.json,Kubernetes---kb_721_Normalized.json::test_00001,invalid,passed,False,True,correct_reject,0.007376,0.003652,0.003198,0.000216,435,36
Kubernetes---kb_721_Normalized.json,Kubernetes---kb_721_Normalized.json::test_00002,invalid,passed,False,True,correct_reject,0.007376,0.00275,0.002421,0.000147,434,36
Kubernetes---kb_721_Normalized.json,Kubernetes---kb_721_Normalized.json::test_00003,invalid,passed,False,True,correct_reject,0.007376,0.004209,0.003726,0.000231,435,36
Kubernetes---kb_721_Normalized.json,Kubernetes---kb_721_Normalized.json::test_00004,valid,failed,False,True,over_constraint,0.007376,0.002723,0.002401,0.00014,428,36
Kubernetes---kb_721_Normalized.json,Kubernetes---kb_721_Normalized.json::test_00005,invalid,passed,False,True,correct_reject,0.007376,0.00267,0.002367,0.000131,427,36
Kubernetes---kb_723_Normalized.json,Kubernetes---kb_723_Normalized.json::test_00000,valid,failed,False,True,over_constraint,0.008684,0.007404,0.006377,0.000679,440,43
Kubernetes---kb_723_Normalized.json,Kubernetes---kb_723_Normalized.json::test_00001,invalid,passed,False,True,correct_reject,0.008684,0.003663,0.00317,0.000242,437,43
Kubernetes---kb_723_Normalized.json,Kubernetes---kb_723_Normalized.json::test_00002,valid,failed,False,True,over_constraint,0.008684,0.003751,0.003286,0.000225,468,44
Kubernetes---kb_723_Normalized.json,Kubernetes---kb_723_Normalized.json::test_00003,invalid,passed,False,True,correct_reject,0.008684,0.003693,0.003188,0.000252,464,44
Kubernetes---kb_724_Normalized.json,Kubernetes---kb_724_Normalized.json::test_00000,valid,failed,False,True,over_constraint,0.00986,0.007136,0.006161,0.000631,473,43
Kubernetes---kb_724_Normalized.json,Kubernetes---kb_724_Normalized.json::test_00001,invalid,passed,False,True,correct_reject,0.00986,0.006192,0.005498,0.000342,476,43
Kubernetes---kb_724_Normalized.json,Kubernetes---kb_724_Normalized.json::test_00002,invalid,passed,False,True,correct_reject,0.00986,0.005468,0.004805,0.00033,220,43
Kubernetes---kb_724_Normalized.json,Kubernetes---kb_724_Normalized.json::test_00003,valid,failed,False,True,over_constraint,0.00986,0.005222,0.004651,0.000268,471,44
Kubernetes---kb_724_Normalized.json,Kubernetes---kb_724_Normalized.json::test_00004,invalid,passed,False,True,correct_reject,0.00986,0.000811,0.000742,4.2e-05,466,5
Kubernetes---kb_724_Normalized.json,Kubernetes---kb_724_Normalized.json::test_00005,invalid,passed,False,True,correct_reject,0.00986,0.004812,0.00429,0.000238,468,44
Kubernetes---kb_726_Normalized.json,Kubernetes---kb_726_Normalized.json::test_00000,valid,failed,False,True,over_constraint,0.007763,0.002164,0.001942,9.7e-05,401,17
Kubernetes---kb_726_Normalized.json,Kubernetes---kb_726_Normalized.json::test_00001,valid,failed,False,True,over_constraint,0.007763,0.002804,0.00247,0.00018,474,38
Kubernetes---kb_726_Normalized.json,Kubernetes---kb_726_Normalized.json::test_00002,invalid,passed,False,True,correct_reject,0.007763,0.000596,0.000544,2.8e-05,487,9
Kubernetes---kb_726_Normalized.json,Kubernetes---kb_726_Normalized.json::test_00003,invalid,passed,False,True,correct_reject,0.007763,0.001093,0.000964,7.7e-05,478,9
Kubernetes---kb_727_Normalized.json,Kubernetes---kb_727_Normalized.json::test_00000,valid,failed,False,True,over_constraint,0.007031,0.003589,0.003205,0.000207,481,38
Kubernetes---kb_727_Normalized.json,Kubernetes---kb_727_Normalized.json::test_00001,valid,failed,False,True,over_constraint,0.007031,0.002049,0.00177,0.000141,475,38
Kubernetes---kb_727_Normalized.json,Kubernetes---kb_727_Normalized.json::test_00002,invalid,passed,False,True,correct_reject,0.007031,0.000925,0.000806,7.9e-05,479,9
Kubernetes---kb_727_Normalized.json,Kubernetes---kb_727_Normalized.json::test_00003,invalid,passed,False,True,correct_reject,0.007031,0.001411,0.001211,0.000122,463,22
Kubernetes---kb_728_Normalized.json,Kubernetes---kb_728_Normalized.json::test_00000,valid,passed,True,True,correct_accept,0.003032,0.004255,0.003797,0.000341,34,34
Kubernetes---kb_728_Normalized.json,Kubernetes---kb_728_Normalized.json::test_00001,invalid,passed,False,True,correct_reject,0.003032,0.000471,0.000433,2.2e-05,29,5
Kubernetes---kb_728_Normalized.json,Kubernetes---kb_728_Normalized.json::test_00002,invalid,passed,False,True,correct_reject,0.003032,0.001937,0.001731,0.000124,37,32
Kubernetes---kb_728_Normalized.json,Kubernetes---kb_728_Normalized.json::test_00003,invalid,passed,False,True,correct_reject,0.003032,0.002963,0.002732,0.000135,39,30
Kubernetes---kb_728_Normalized.json,Kubernetes---kb_728_Normalized.json::test_00004,invalid,passed,False,True,correct_reject,0.003032,0.001395,0.001277,6.7e-05,32,23
Kubernetes---kb_729_Normalized.json,Kubernetes---kb_729_Normalized.json::test_00001,invalid,passed,False,True,correct_reject,0.00246,0.003166,0.002777,0.000264,42,40
Kubernetes---kb_729_Normalized.json,Kubernetes---kb_729_Normalized.json::test_00002,invalid,passed,False,True,correct_reject,0.00246,0.000696,0.000625,3.9e-05,40,8
Kubernetes---kb_729_Normalized.json,Kubernetes---kb_729_Normalized.json::test_00000,valid,passed,True,True,correct_accept,0.00246,0.004978,0.004409,0.000432,43,43
Kubernetes---kb_730_Normalized.json,Kubernetes---kb_730_Normalized.json::test_00000,valid,passed,True,True,correct_accept,0.002683,0.004956,0.004393,0.000426,43,43
Kubernetes---kb_730_Normalized.json,Kubernetes---kb_730_Normalized.json::test_00001,invalid,passed,False,True,correct_reject,0.002683,0.00375,0.003354,0.00028,42,40
Kubernetes---kb_731_Normalized.json,Kubernetes---kb_731_Normalized.json::test_00000,valid,running_compile_grammar,,False,no_decision,,,,,,
Kubernetes---kb_731_Normalized.json,Kubernetes---kb_731_Normalized.json::test_00001,valid,passed,True,True,correct_accept,0.002305,0.006259,0.005601,0.00047,60,60
Kubernetes---kb_731_Normalized.json,Kubernetes---kb_731_Normalized.json::test_00002,invalid,passed,False,True,correct_reject,0.002305,0.000626,0.000588,2.2e-05,55,2
Kubernetes---kb_731_Normalized.json,Kubernetes---kb_731_Normalized.json::test_00003,invalid,passed,False,True,correct_reject,0.002305,0.00056,0.000525,1.9e-05,63,2
Kubernetes---kb_731_Normalized.json,Kubernetes---kb_731_Normalized.json::test_00004,invalid,passed,False,True,correct_reject,0.002305,0.000614,0.000573,2.3e-05,67,2
Kubernetes---kb_731_Normalized.json,Kubernetes---kb_731_Normalized.json::test_00005,invalid,passed,False,True,correct_reject,0.002378,0.000819,0.00075,2.3e-05,59,2
Kubernetes---kb_732_Normalized.json,Kubernetes---kb_732_Normalized.json::test_00000,valid,passed,True,True,correct_accept,0.002609,0.006338,0.005528,0.000647,50,50
Kubernetes---kb_732_Normalized.json,Kubernetes---kb_732_Normalized.json::test_00001,valid,running_compile_grammar,,False,no_decision,,,,,,
Kubernetes---kb_732_Normalized.json,Kubernetes---kb_732_Normalized.json::test_00002,invalid,compiled,,False,no_decision,0.002609,,,,,
Kubernetes---kb_733_Normalized.json,Kubernetes---kb_733_Normalized.json::test_00000,valid,passed,True,True,correct_accept,0.003282,0.006725,0.005811,0.000738,49,49
Kubernetes---kb_733_Normalized.json,Kubernetes---kb_733_Normalized.json::test_00001,valid,passed,True,True,correct_accept,0.003282,0.003902,0.003458,0.000281,51,51
Kubernetes---kb_733_Normalized.json,Kubernetes---kb_733_Normalized.json::test_00002,invalid,passed,False,True,correct_reject,0.003282,0.00038,0.000356,1.4e-05,50,2
Kubernetes---kb_733_Normalized.json,Kubernetes---kb_733_Normalized.json::test_00003,invalid,passed,False,True,correct_reject,0.003282,0.000449,0.000418,1.8e-05,41,2
Kubernetes---kb_734_Normalized.json,Kubernetes---kb_734_Normalized.json::test_00000,valid,passed,True,True,correct_accept,0.02799,0.007029,0.006289,0.000585,53,53
Kubernetes---kb_734_Normalized.json,Kubernetes---kb_734_Normalized.json::test_00001,valid,failed,False,True,over_constraint,0.02799,0.009714,0.008167,0.001142,2350,85
Kubernetes---kb_734_Normalized.json,Kubernetes---kb_734_Normalized.json::test_00002,invalid,passed,False,True,correct_reject,0.02799,0.000696,0.000629,4e-05,999,6
Kubernetes---kb_734_Normalized.json,Kubernetes---kb_734_Normalized.json::test_00003,invalid,passed,False,True,correct_reject,0.02799,0.005975,0.005203,0.000428,334,85
Kubernetes---kb_735_Normalized.json,Kubernetes---kb_735_Normalized.json::test_00000,valid,passed,True,True,correct_accept,0.027477,0.008407,0.007615,0.000621,53,53
Kubernetes---kb_735_Normalized.json,Kubernetes---kb_735_Normalized.json::test_00001,valid,passed,True,True,correct_accept,0.027477,0.004514,0.003883,0.000449,60,60
Kubernetes---kb_735_Normalized.json,Kubernetes---kb_735_Normalized.json::test_00002,invalid,passed,False,True,correct_reject,0.027477,0.005051,0.004469,0.000399,60,58
Kubernetes---kb_735_Normalized.json,Kubernetes---kb_735_Normalized.json::test_00003,invalid,running_validation,,False,no_decision,0.027477,,,,66,
Kubernetes---kb_735_Normalized.json,Kubernetes---kb_735_Normalized.json::test_00004,invalid,compiled,,False,no_decision,0.027477,,,,,
Kubernetes---kb_736_Normalized.json,Kubernetes---kb_736_Normalized.json::test_00003,valid,failed,False,True,over_constraint,0.005521,0.007305,0.006376,0.000516,361,109
Kubernetes---kb_736_Normalized.json,Kubernetes---kb_736_Normalized.json::test_00004,invalid,passed,False,True,correct_reject,0.003101,0.007658,0.006884,0.000523,396,63
Kubernetes---kb_736_Normalized.json,Kubernetes---kb_736_Normalized.json::test_00000,valid,failed,False,True,over_constraint,0.005521,0.008109,0.00718,0.000591,306,107
Kubernetes---kb_736_Normalized.json,Kubernetes---kb_736_Normalized.json::test_00001,invalid,passed,False,True,correct_reject,0.005521,0.008778,0.007838,0.000513,308,107
Kubernetes---kb_736_Normalized.json,Kubernetes---kb_736_Normalized.json::test_00002,invalid,passed,False,True,correct_reject,0.005521,0.008034,0.007133,0.000486,307,107
Kubernetes---kb_737_Normalized.json,Kubernetes---kb_737_Normalized.json::test_00000,valid,failed,False,True,over_constraint,0.004235,0.027923,0.024885,0.002139,277,237
Kubernetes---kb_737_Normalized.json,Kubernetes---kb_737_Normalized.json::test_00001,invalid,passed,False,True,correct_reject,0.004235,0.000923,0.000859,3.9e-05,212,4
Kubernetes---kb_737_Normalized.json,Kubernetes---kb_737_Normalized.json::test_00002,invalid,passed,False,True,correct_reject,0.004235,0.030162,0.026785,0.002177,276,237
Kubernetes---kb_737_Normalized.json,Kubernetes---kb_737_Normalized.json::test_00003,valid,failed,False,True,over_constraint,0.004235,0.009721,0.008475,0.000734,307,108
Kubernetes---kb_737_Normalized.json,Kubernetes---kb_737_Normalized.json::test_00004,invalid,passed,False,True,correct_reject,0.004235,0.009674,0.008634,0.000563,308,108
Kubernetes---kb_738_Normalized.json,Kubernetes---kb_738_Normalized.json::test_00000,valid,running_compile_grammar,,False,no_decision,,,,,,
Kubernetes---kb_738_Normalized.json,Kubernetes---kb_738_Normalized.json::test_00001,invalid,passed,False,True,correct_reject,0.039069,0.000851,0.000788,3.9e-05,62,6
Kubernetes---kb_738_Normalized.json,Kubernetes---kb_738_Normalized.json::test_00002,invalid,passed,False,True,correct_reject,0.039185,0.001138,0.000961,6.9e-05,74,13
Kubernetes---kb_739_Normalized.json,Kubernetes---kb_739_Normalized.json::test_00000,valid,failed,False,True,over_constraint,0.037289,0.003327,0.002906,0.000284,63,13
Kubernetes---kb_739_Normalized.json,Kubernetes---kb_739_Normalized.json::test_00001,invalid,passed,False,True,correct_reject,0.037289,0.000996,0.000923,4.7e-05,60,6
Kubernetes---kb_740_Normalized.json,Kubernetes---kb_740_Normalized.json::test_00000,valid,failed,False,True,over_constraint,0.053084,0.005612,0.00498,0.000378,127,24
Kubernetes---kb_740_Normalized.json,Kubernetes---kb_740_Normalized.json::test_00001,valid,failed,False,True,over_constraint,0.053084,0.002426,0.002079,0.000169,92,24
Kubernetes---kb_740_Normalized.json,Kubernetes---kb_740_Normalized.json::test_00002,invalid,passed,False,True,correct_reject,0.053084,0.003124,0.002733,0.000198,98,24
Kubernetes---kb_741_Normalized.json,Kubernetes---kb_741_Normalized.json::test_00000,valid,failed,False,True,over_constraint,0.047985,0.005155,0.004536,0.000408,133,24
Kubernetes---kb_741_Normalized.json,Kubernetes---kb_741_Normalized.json::test_00001,valid,failed,False,True,over_constraint,0.047985,0.002881,0.002541,0.000163,95,24
Kubernetes---kb_741_Normalized.json,Kubernetes---kb_741_Normalized.json::test_00002,invalid,passed,False,True,correct_reject,0.047985,0.000903,0.000826,4.9e-05,94,6
Kubernetes---kb_741_Normalized.json,Kubernetes---kb_741_Normalized.json::test_00003,invalid,passed,False,True,correct_reject,0.047985,0.002722,0.002358,0.000181,152,24
Kubernetes---kb_742_Normalized.json,Kubernetes---kb_742_Normalized.json::test_00000,valid,failed,False,True,over_constraint,0.035853,0.004926,0.004266,0.000372,58,12
Kubernetes---kb_742_Normalized.json,Kubernetes---kb_742_Normalized.json::test_00001,invalid,passed,False,True,correct_reject,0.035853,0.003368,0.003055,0.00023,66,17
Kubernetes---kb_742_Normalized.json,Kubernetes---kb_742_Normalized.json::test_00002,invalid,passed,False,True,correct_reject,0.035853,0.002596,0.002369,0.00016,59,17
Kubernetes---kb_743_Normalized.json,Kubernetes---kb_743_Normalized.json::test_00000,valid,failed,False,True,over_constraint,0.041091,0.003514,0.003058,0.000235,58,12
Kubernetes---kb_744_Normalized.json,Kubernetes---kb_744_Normalized.json::test_00000,valid,passed,True,True,correct_accept,0.002774,0.00381,0.003506,0.000219,23,23
Kubernetes---kb_744_Normalized.json,Kubernetes---kb_744_Normalized.json::test_00001,invalid,passed,False,True,correct_reject,0.002774,0.000872,0.000801,4.4e-05,22,5
Kubernetes---kb_745_Normalized.json,Kubernetes---kb_745_Normalized.json::test_00000,valid,passed,True,True,correct_accept,0.001992,0.004154,0.00382,0.000244,23,23
Kubernetes---kb_745_Normalized.json,Kubernetes---kb_745_Normalized.json::test_00001,invalid,passed,False,True,correct_reject,0.001992,0.000931,0.000854,4.8e-05,22,5
Kubernetes---kb_745_Normalized.json,Kubernetes---kb_745_Normalized.json::test_00002,invalid,passed,False,True,correct_reject,0.001992,0.000825,0.000758,4.3e-05,22,5
Kubernetes---kb_746_Normalized.json,Kubernetes---kb_746_Normalized.json::test_00000,valid,compiled,,False,no_decision,0.002211,,,,,
Kubernetes---kb_746_Normalized.json,Kubernetes---kb_746_Normalized.json::test_00001,invalid,compiled,,False,no_decision,0.002211,,,,,
Kubernetes---kb_746_Normalized.json,Kubernetes---kb_746_Normalized.json::test_00002,invalid,passed,False,True,correct_reject,0.002211,0.000989,0.000728,5e-05,50,5
Kubernetes---kb_746_Normalized.json,Kubernetes---kb_746_Normalized.json::test_00003,invalid,passed,False,True,correct_reject,0.002211,0.001097,0.000818,5.5e-05,74,5
Kubernetes---kb_746_Normalized.json,Kubernetes---kb_746_Normalized.json::test_00004,invalid,passed,False,True,correct_reject,0.002211,0.001227,0.000917,5.7e-05,78,5
Kubernetes---kb_746_Normalized.json,Kubernetes---kb_746_Normalized.json::test_00005,invalid,passed,False,True,correct_reject,0.002211,0.001266,0.000944,6.4e-05,79,5
Kubernetes---kb_746_Normalized.json,Kubernetes---kb_746_Normalized.json::test_00006,invalid,passed,False,True,correct_reject,0.002211,0.001104,0.000822,5.4e-05,29,5
Kubernetes---kb_747_Normalized.json,Kubernetes---kb_747_Normalized.json::test_00000,valid,failed,False,True,over_constraint,0.002527,0.001624,0.001121,6e-05,72,5
Kubernetes---kb_747_Normalized.json,Kubernetes---kb_747_Normalized.json::test_00001,invalid,passed,False,True,correct_reject,0.002527,0.001112,0.000835,5.6e-05,75,5
Kubernetes---kb_747_Normalized.json,Kubernetes---kb_747_Normalized.json::test_00002,invalid,passed,False,True,correct_reject,0.002527,0.001177,0.00087,6.1e-05,57,5
Kubernetes---kb_747_Normalized.json,Kubernetes---kb_747_Normalized.json::test_00003,invalid,passed,False,True,correct_reject,0.002527,0.001216,0.000903,6.1e-05,75,5
Kubernetes---kb_747_Normalized.json,Kubernetes---kb_747_Normalized.json::test_00004,valid,failed,False,True,over_constraint,0.002527,0.001282,0.000944,6.7e-05,72,5
Kubernetes---kb_747_Normalized.json,Kubernetes---kb_747_Normalized.json::test_00005,invalid,passed,False,True,correct_reject,0.002527,0.001297,0.000947,6.6e-05,77,5
Kubernetes---kb_747_Normalized.json,Kubernetes---kb_747_Normalized.json::test_00006,invalid,passed,False,True,correct_reject,0.002527,0.001285,0.000924,6.7e-05,75,5
Kubernetes---kb_748_Normalized.json,Kubernetes---kb_748_Normalized.json::test_00000,valid,failed,False,True,over_constraint,0.002551,0.001738,0.001163,6.2e-05,71,5
Kubernetes---kb_748_Normalized.json,Kubernetes---kb_748_Normalized.json::test_00001,invalid,compiled,,False,no_decision,0.002551,,,,,
Kubernetes---kb_748_Normalized.json,Kubernetes---kb_748_Normalized.json::test_00002,invalid,compiled,,False,no_decision,0.002551,,,,,
Kubernetes---kb_748_Normalized.json,Kubernetes---kb_748_Normalized.json::test_00003,invalid,compiled,,False,no_decision,0.002551,,,,,
Kubernetes---kb_748_Normalized.json,Kubernetes---kb_748_Normalized.json::test_00004,invalid,compiled,,False,no_decision,0.002551,,,,,
Kubernetes---kb_748_Normalized.json,Kubernetes---kb_748_Normalized.json::test_00005,invalid,passed,False,True,correct_reject,0.002551,0.001017,0.000744,5e-05,80,5
Kubernetes---kb_749_Normalized.json,Kubernetes---kb_749_Normalized.json::test_00000,valid,compiled,,False,no_decision,0.001975,,,,,
Kubernetes---kb_749_Normalized.json,Kubernetes---kb_749_Normalized.json::test_00001,invalid,compiled,,False,no_decision,0.001975,,,,,
Kubernetes---kb_749_Normalized.json,Kubernetes---kb_749_Normalized.json::test_00002,invalid,compiled,,False,no_decision,0.001975,,,,,
Kubernetes---kb_749_Normalized.json,Kubernetes---kb_749_Normalized.json::test_00003,invalid,compiled,,False,no_decision,0.001975,,,,,
Kubernetes---kb_749_Normalized.json,Kubernetes---kb_749_Normalized.json::test_00004,valid,compiled,,False,no_decision,0.001975,,,,,
Kubernetes---kb_749_Normalized.json,Kubernetes---kb_749_Normalized.json::test_00005,invalid,passed,False,True,correct_reject,0.00248,0.000791,0.000726,4.2e-05,68,6
Kubernetes---kb_750_Normalized.json,Kubernetes---kb_750_Normalized.json::test_00000,valid,failed,False,True,over_constraint,0.004226,0.00823,0.007321,0.000551,137,46
Kubernetes---kb_750_Normalized.json,Kubernetes---kb_750_Normalized.json::test_00001,invalid,passed,False,True,correct_reject,0.00402,0.000764,0.000701,3.8e-05,81,4
Kubernetes---kb_750_Normalized.json,Kubernetes---kb_750_Normalized.json::test_00002,valid,failed,False,True,over_constraint,0.00402,0.002648,0.002247,0.000172,185,35
Kubernetes---kb_750_Normalized.json,Kubernetes---kb_750_Normalized.json::test_00003,invalid,passed,False,True,correct_reject,0.00402,0.004677,0.004014,0.000337,180,44
Kubernetes---kb_751_Normalized.json,Kubernetes---kb_751_Normalized.json::test_00000,valid,failed,False,True,over_constraint,0.003579,0.003999,0.003505,0.000239,170,35
Kubernetes---kb_751_Normalized.json,Kubernetes---kb_751_Normalized.json::test_00001,valid,failed,False,True,over_constraint,0.003579,0.002857,0.002387,0.000204,167,32
Kubernetes---kb_752_Normalized.json,Kubernetes---kb_752_Normalized.json::test_00000,valid,passed,True,True,correct_accept,0.001951,0.004069,0.003739,0.000204,26,26
Kubernetes---kb_752_Normalized.json,Kubernetes---kb_752_Normalized.json::test_00001,invalid,passed,False,True,correct_reject,0.001951,0.000884,0.000802,5e-05,25,6
Kubernetes---kb_752_Normalized.json,Kubernetes---kb_752_Normalized.json::test_00002,invalid,passed,False,True,correct_reject,0.001951,0.00161,0.001445,0.000111,13,13
Kubernetes---kb_752_Normalized.json,Kubernetes---kb_752_Normalized.json::test_00003,invalid,passed,False,True,correct_reject,0.001951,0.001848,0.001655,0.000124,23,19
Kubernetes---kb_752_Normalized.json,Kubernetes---kb_752_Normalized.json::test_00004,valid,passed,True,True,correct_accept,0.001951,0.002312,0.002051,0.000162,26,26
Kubernetes---kb_752_Normalized.json,Kubernetes---kb_752_Normalized.json::test_00005,invalid,passed,False,True,correct_reject,0.001951,0.00325,0.002951,0.000214,25,17
Kubernetes---kb_752_Normalized.json,Kubernetes---kb_752_Normalized.json::test_00006,invalid,passed,False,True,correct_reject,0.001951,0.000993,0.000906,5.5e-05,23,6
Kubernetes---kb_753_Normalized.json,Kubernetes---kb_753_Normalized.json::test_00000,valid,passed,True,True,correct_accept,0.002149,0.00553,0.004941,0.000469,26,26
Kubernetes---kb_753_Normalized.json,Kubernetes---kb_753_Normalized.json::test_00001,invalid,passed,False,True,correct_reject,0.002149,0.002283,0.002064,0.000139,25,17
Kubernetes---kb_753_Normalized.json,Kubernetes---kb_753_Normalized.json::test_00002,invalid,passed,False,True,correct_reject,0.002149,0.000799,0.000733,4.1e-05,23,6
Kubernetes---kb_753_Normalized.json,Kubernetes---kb_753_Normalized.json::test_00003,valid,passed,True,True,correct_accept,0.002149,0.002976,0.002697,0.000183,26,26
Kubernetes---kb_754_Normalized.json,Kubernetes---kb_754_Normalized.json::test_00000,valid,running_validation,,False,no_decision,0.001905,,,,15,
Kubernetes---kb_754_Normalized.json,Kubernetes---kb_754_Normalized.json::test_00001,invalid,compiled,,False,no_decision,0.001905,,,,,
Kubernetes---kb_754_Normalized.json,Kubernetes---kb_754_Normalized.json::test_00002,valid,compiled,,False,no_decision,0.001905,,,,,
Kubernetes---kb_754_Normalized.json,Kubernetes---kb_754_Normalized.json::test_00003,invalid,compiled,,False,no_decision,0.001905,,,,,
Kubernetes---kb_754_Normalized.json,Kubernetes---kb_754_Normalized.json::test_00004,invalid,compiled,,False,no_decision,0.001905,,,,,
Kubernetes---kb_755_Normalized.json,Kubernetes---kb_755_Normalized.json::test_00000,valid,passed,True,True,correct_accept,0.002017,0.005352,0.004798,0.00045,20,20
Kubernetes---kb_755_Normalized.json,Kubernetes---kb_755_Normalized.json::test_00001,invalid,passed,False,True,correct_reject,0.002017,0.001507,0.0014,6.7e-05,20,6
Kubernetes---kb_755_Normalized.json,Kubernetes---kb_755_Normalized.json::test_00002,invalid,passed,False,True,correct_reject,0.002017,0.00098,0.000899,5.2e-05,16,5
Kubernetes---kb_756_Normalized.json,Kubernetes---kb_756_Normalized.json::test_00000,valid,running_compile_grammar,,False,no_decision,,,,,,
Kubernetes---kb_756_Normalized.json,Kubernetes---kb_756_Normalized.json::test_00001,invalid,running_compile_grammar,,False,no_decision,,,,,,
Kubernetes---kb_756_Normalized.json,Kubernetes---kb_756_Normalized.json::test_00002,invalid,compiled,,False,no_decision,0.002712,,,,,
Kubernetes---kb_756_Normalized.json,Kubernetes---kb_756_Normalized.json::test_00003,valid,passed,True,True,correct_accept,0.002712,0.004342,0.00392,0.000267,51,51
Kubernetes---kb_757_Normalized.json,Kubernetes---kb_757_Normalized.json::test_00000,valid,compiled,,False,no_decision,0.003018,,,,,
Kubernetes---kb_757_Normalized.json,Kubernetes---kb_757_Normalized.json::test_00001,invalid,compiled,,False,no_decision,0.003018,,,,,
Kubernetes---kb_757_Normalized.json,Kubernetes---kb_757_Normalized.json::test_00002,invalid,compiled,,False,no_decision,0.003018,,,,,
Kubernetes---kb_757_Normalized.json,Kubernetes---kb_757_Normalized.json::test_00003,invalid,compiled,,False,no_decision,0.003018,,,,,
Kubernetes---kb_757_Normalized.json,Kubernetes---kb_757_Normalized.json::test_00004,valid,compiled,,False,no_decision,0.003018,,,,,
Kubernetes---kb_757_Normalized.json,Kubernetes---kb_757_Normalized.json::test_00005,invalid,running_compile_grammar,,False,no_decision,,,,,,
Kubernetes---kb_758_Normalized.json,Kubernetes---kb_758_Normalized.json::test_00004,invalid,compiled,,False,no_decision,0.004058,,,,,
Kubernetes---kb_758_Normalized.json,Kubernetes---kb_758_Normalized.json::test_00005,invalid,compiled,,False,no_decision,0.004058,,,,,
Kubernetes---kb_758_Normalized.json,Kubernetes---kb_758_Normalized.json::test_00006,invalid,compiled,,False,no_decision,0.004058,,,,,
Kubernetes---kb_758_Normalized.json,Kubernetes---kb_758_Normalized.json::test_00007,valid,compiled,,False,no_decision,0.004058,,,,,
Kubernetes---kb_758_Normalized.json,Kubernetes---kb_758_Normalized.json::test_00008,invalid,compiled,,False,no_decision,0.004058,,,,,
Kubernetes---kb_758_Normalized.json,Kubernetes---kb_758_Normalized.json::test_00009,invalid,compiled,,False,no_decision,0.004058,,,,,
Kubernetes---kb_758_Normalized.json,Kubernetes---kb_758_Normalized.json::test_00000,valid,failed,False,True,over_constraint,0.004058,0.011329,0.009916,0.000855,95,68
Kubernetes---kb_758_Normalized.json,Kubernetes---kb_758_Normalized.json::test_00001,invalid,passed,False,True,correct_reject,0.004058,0.003973,0.003558,0.000277,102,41
Kubernetes---kb_758_Normalized.json,Kubernetes---kb_758_Normalized.json::test_00002,invalid,passed,False,True,correct_reject,0.004058,0.000884,0.000801,5.1e-05,88,6
Kubernetes---kb_758_Normalized.json,Kubernetes---kb_758_Normalized.json::test_00003,invalid,running_validation,,False,no_decision,0.004058,,,,103,
Kubernetes---kb_759_Normalized.json,Kubernetes---kb_759_Normalized.json::test_00004,invalid,passed,False,True,correct_reject,0.00484,0.006676,0.006079,0.000389,101,70
Kubernetes---kb_759_Normalized.json,Kubernetes---kb_759_Normalized.json::test_00000,valid,failed,False,True,over_constraint,0.00484,0.011098,0.010038,0.000658,101,85
Kubernetes---kb_759_Normalized.json,Kubernetes---kb_759_Normalized.json::test_00001,invalid,passed,False,True,correct_reject,0.00484,0.003975,0.003504,0.000307,130,44
Kubernetes---kb_759_Normalized.json,Kubernetes---kb_759_Normalized.json::test_00002,invalid,passed,False,True,correct_reject,0.00484,0.000887,0.000804,5e-05,92,6
Kubernetes---kb_759_Normalized.json,Kubernetes---kb_759_Normalized.json::test_00003,invalid,passed,False,True,correct_reject,0.00484,0.007022,0.00637,0.000432,108,70
Kubernetes---kb_75_Normalized.json,Kubernetes---kb_75_Normalized.json::test_00000,valid,compile_error,,True,over_constraint,0.000942,,,,,
Kubernetes---kb_75_Normalized.json,Kubernetes---kb_75_Normalized.json::test_00001,valid,running_compile_grammar,,False,no_decision,,,,,,
Kubernetes---kb_75_Normalized.json,Kubernetes---kb_75_Normalized.json::test_00002,invalid,running_compile_grammar,,False,no_decision,,,,,,
Kubernetes---kb_760_Normalized.json,Kubernetes---kb_760_Normalized.json::test_00006,invalid,passed,False,True,correct_reject,0.004695,0.00451,0.00401,0.000324,205,62
Kubernetes---kb_760_Normalized.json,Kubernetes---kb_760_Normalized.json::test_00008,invalid,passed,False,True,correct_reject,0.004695,0.005557,0.005007,0.000379,217,74
Kubernetes---kb_760_Normalized.json,Kubernetes---kb_760_Normalized.json::test_00000,valid,failed,False,True,over_constraint,0.005914,0.034713,0.030933,0.002786,418,185
Kubernetes---kb_760_Normalized.json,Kubernetes---kb_760_Normalized.json::test_00001,invalid,passed,False,True,correct_reject,0.005914,0.026693,0.02463,0.001245,418,185
Kubernetes---kb_760_Normalized.json,Kubernetes---kb_760_Normalized.json::test_00002,invalid,passed,False,True,correct_reject,0.004695,0.019989,0.018497,0.000865,418,185
Kubernetes---kb_760_Normalized.json,Kubernetes---kb_760_Normalized.json::test_00003,invalid,passed,False,True,correct_reject,0.004695,0.014714,0.013508,0.000834,420,108
Kubernetes---kb_760_Normalized.json,Kubernetes---kb_760_Normalized.json::test_00004,invalid,passed,False,True,correct_reject,0.004695,0.010837,0.009789,0.000658,420,108
Kubernetes---kb_760_Normalized.json,Kubernetes---kb_760_Normalized.json::test_00005,valid,failed,False,True,over_constraint,0.004695,0.002348,0.002014,0.000161,202,25
Kubernetes---kb_760_Normalized.json,Kubernetes---kb_760_Normalized.json::test_00007,invalid,passed,False,True,correct_reject,0.004695,0.005978,0.005315,0.000454,200,62
Kubernetes---kb_761_Normalized.json,Kubernetes---kb_761_Normalized.json::test_00000,valid,running_compile_grammar,,False,no_decision,,,,,,
Kubernetes---kb_761_Normalized.json,Kubernetes---kb_761_Normalized.json::test_00001,invalid,passed,False,True,correct_reject,0.004961,0.002628,0.002401,0.000101,315,32
Kubernetes---kb_761_Normalized.json,Kubernetes---kb_761_Normalized.json::test_00002,invalid,passed,False,True,correct_reject,0.004961,0.002655,0.002393,0.000117,308,32
Kubernetes---kb_761_Normalized.json,Kubernetes---kb_761_Normalized.json::test_00003,invalid,passed,False,True,correct_reject,0.004961,0.001961,0.001769,8.2e-05,358,32
Kubernetes---kb_761_Normalized.json,Kubernetes---kb_761_Normalized.json::test_00004,invalid,passed,False,True,correct_reject,0.004961,0.002406,0.002117,0.000149,319,32
Kubernetes---kb_761_Normalized.json,Kubernetes---kb_761_Normalized.json::test_00005,invalid,passed,False,True,correct_reject,0.004961,0.001939,0.001761,7.1e-05,357,32
Kubernetes---kb_761_Normalized.json,Kubernetes---kb_761_Normalized.json::test_00006,valid,failed,False,True,over_constraint,0.004961,0.0023,0.002072,0.000112,86,25
Kubernetes---kb_761_Normalized.json,Kubernetes---kb_761_Normalized.json::test_00007,invalid,passed,False,True,correct_reject,0.004961,0.006406,0.005773,0.00045,86,56
Kubernetes---kb_761_Normalized.json,Kubernetes---kb_761_Normalized.json::test_00008,invalid,passed,False,True,correct_reject,0.004961,0.002533,0.002288,0.000147,88,37
Kubernetes---kb_762_Normalized.json,Kubernetes---kb_762_Normalized.json::test_00000,valid,failed,False,True,over_constraint,0.003086,0.005393,0.004761,0.000354,333,47
Kubernetes---kb_762_Normalized.json,Kubernetes---kb_762_Normalized.json::test_00001,invalid,passed,False,True,correct_reject,0.00544,0.004126,0.003596,0.000294,467,47
Kubernetes---kb_762_Normalized.json,Kubernetes---kb_762_Normalized.json::test_00002,invalid,passed,False,True,correct_reject,0.00544,0.004259,0.003779,0.00027,200,47
Kubernetes---kb_762_Normalized.json,Kubernetes---kb_762_Normalized.json::test_00003,invalid,running_validation,,False,no_decision,0.00544,,,,464,
Kubernetes---kb_762_Normalized.json,Kubernetes---kb_762_Normalized.json::test_00004,invalid,passed,False,True,correct_reject,0.003086,0.004558,0.004002,0.00032,147,47
Kubernetes---kb_762_Normalized.json,Kubernetes---kb_762_Normalized.json::test_00005,valid,failed,False,True,over_constraint,0.003086,0.003291,0.002878,0.00022,354,43
Kubernetes---kb_762_Normalized.json,Kubernetes---kb_762_Normalized.json::test_00006,invalid,passed,False,True,correct_reject,0.003086,0.004056,0.003571,0.000268,356,43
Kubernetes---kb_763_Normalized.json,Kubernetes---kb_763_Normalized.json::test_00000,valid,failed,False,True,over_constraint,0.0044,0.003921,0.003507,0.000209,353,51
Kubernetes---kb_763_Normalized.json,Kubernetes---kb_763_Normalized.json::test_00001,invalid,passed,False,True,correct_reject,0.0044,0.00411,0.003684,0.000232,354,51
Kubernetes---kb_763_Normalized.json,Kubernetes---kb_763_Normalized.json::test_00002,invalid,passed,False,True,correct_reject,0.005638,0.003348,0.00296,0.000192,212,51
Kubernetes---kb_763_Normalized.json,Kubernetes---kb_763_Normalized.json::test_00003,invalid,passed,False,True,correct_reject,0.005638,0.000483,0.000445,2.1e-05,343,5
Kubernetes---kb_763_Normalized.json,Kubernetes---kb_763_Normalized.json::test_00004,valid,failed,False,True,over_constraint,0.005638,0.00302,0.002631,0.000199,342,50
Kubernetes---kb_763_Normalized.json,Kubernetes---kb_763_Normalized.json::test_00005,invalid,passed,False,True,correct_reject,0.005638,0.003135,0.002811,0.000157,479,50
Kubernetes---kb_764_Normalized.json,Kubernetes---kb_764_Normalized.json::test_00000,valid,failed,False,True,over_constraint,0.006536,0.004271,0.003825,0.000239,333,47
Kubernetes---kb_764_Normalized.json,Kubernetes---kb_764_Normalized.json::test_00001,invalid,passed,False,True,correct_reject,0.006536,0.003939,0.003521,0.000223,332,47
Kubernetes---kb_764_Normalized.json,Kubernetes---kb_764_Normalized.json::test_00002,invalid,passed,False,True,correct_reject,0.006536,0.004127,0.003609,0.000286,202,47
Kubernetes---kb_764_Normalized.json,Kubernetes---kb_764_Normalized.json::test_00003,invalid,passed,False,True,correct_reject,0.006536,0.006007,0.005531,0.000244,331,47
Kubernetes---kb_764_Normalized.json,Kubernetes---kb_764_Normalized.json::test_00004,valid,failed,False,True,over_constraint,0.006536,0.004691,0.004215,0.000264,356,51
Kubernetes---kb_764_Normalized.json,Kubernetes---kb_764_Normalized.json::test_00005,invalid,passed,False,True,correct_reject,0.006536,0.004722,0.004196,0.000294,357,51
Kubernetes---kb_765_Normalized.json,Kubernetes---kb_765_Normalized.json::test_00000,valid,failed,False,True,over_constraint,0.005782,0.005972,0.005487,0.000266,365,51
Kubernetes---kb_765_Normalized.json,Kubernetes---kb_765_Normalized.json::test_00001,invalid,compiled,,False,no_decision,0.005782,,,,,
Kubernetes---kb_765_Normalized.json,Kubernetes---kb_765_Normalized.json::test_00002,invalid,compiled,,False,no_decision,0.005782,,,,,
Kubernetes---kb_765_Normalized.json,Kubernetes---kb_765_Normalized.json::test_00003,invalid,compiled,,False,no_decision,0.005782,,,,,
Kubernetes---kb_765_Normalized.json,Kubernetes---kb_765_Normalized.json::test_00004,valid,compiled,,False,no_decision,0.005782,,,,,
Kubernetes---kb_765_Normalized.json,Kubernetes---kb_765_Normalized.json::test_00005,invalid,compiled,,False,no_decision,0.005782,,,,,
Kubernetes---kb_767_Normalized.json,Kubernetes---kb_767_Normalized.json::test_00000,valid,failed,False,True,over_constraint,0.006202,0.010575,0.009255,0.000895,164,48
Kubernetes---kb_767_Normalized.json,Kubernetes---kb_767_Normalized.json::test_00001,valid,failed,False,True,over_constraint,0.006202,0.00752,0.006976,0.000263,165,48
Kubernetes---kb_767_Normalized.json,Kubernetes---kb_767_Normalized.json::test_00002,invalid,passed,False,True,correct_reject,0.008097,0.005875,0.005312,0.000272,136,48
Kubernetes---kb_768_Normalized.json,Kubernetes---kb_768_Normalized.json::test_00000,valid,passed,True,True,correct_accept,0.002261,0.008971,0.00803,0.000755,49,49
Kubernetes---kb_768_Normalized.json,Kubernetes---kb_768_Normalized.json::test_00001,invalid,passed,False,True,correct_reject,0.002261,0.004121,0.003852,0.000172,44,25
Kubernetes---kb_768_Normalized.json,Kubernetes---kb_768_Normalized.json::test_00002,valid,passed,True,True,correct_accept,0.002261,0.006559,0.0061,0.000296,51,51
Kubernetes---kb_768_Normalized.json,Kubernetes---kb_768_Normalized.json::test_00003,invalid,passed,False,True,correct_reject,0.002261,0.003629,0.003374,0.000164,47,25
Kubernetes---kb_768_Normalized.json,Kubernetes---kb_768_Normalized.json::test_00004,invalid,passed,False,True,correct_reject,0.002261,0.007142,0.006604,0.000359,48,47
Kubernetes---kb_769_Normalized.json,Kubernetes---kb_769_Normalized.json::test_00000,valid,passed,True,True,correct_accept,0.002208,0.007332,0.006579,0.000594,51,51
Kubernetes---kb_769_Normalized.json,Kubernetes---kb_769_Normalized.json::test_00001,invalid,passed,False,True,correct_reject,0.002208,0.003782,0.003511,0.000177,47,25
Kubernetes---kb_76_Normalized.json,Kubernetes---kb_76_Normalized.json::test_00000,valid,compile_error,,True,over_constraint,0.00078,,,,,
Kubernetes---kb_76_Normalized.json,Kubernetes---kb_76_Normalized.json::test_00001,valid,compile_error,,True,over_constraint,0.00078,,,,,
Kubernetes---kb_76_Normalized.json,Kubernetes---kb_76_Normalized.json::test_00002,invalid,compile_error,,True,correct_reject,0.00078,,,,,
Kubernetes---kb_770_Normalized.json,Kubernetes---kb_770_Normalized.json::test_00000,valid,compiled,,False,no_decision,0.007044,,,,,
Kubernetes---kb_770_Normalized.json,Kubernetes---kb_770_Normalized.json::test_00001,invalid,passed,False,True,correct_reject,0.007044,0.007283,0.006476,0.000416,143,64
Kubernetes---kb_770_Normalized.json,Kubernetes---kb_770_Normalized.json::test_00002,invalid,running_validation,,False,no_decision,0.007044,,,,121,
Kubernetes---kb_770_Normalized.json,Kubernetes---kb_770_Normalized.json::test_00003,invalid,running_compile_grammar,,False,no_decision,,,,,,
Kubernetes---kb_771_Normalized.json,Kubernetes---kb_771_Normalized.json::test_00002,invalid,compiled,,False,no_decision,0.005427,,,,,
Kubernetes---kb_771_Normalized.json,Kubernetes---kb_771_Normalized.json::test_00003,invalid,compiled,,False,no_decision,0.005427,,,,,
Kubernetes---kb_771_Normalized.json,Kubernetes---kb_771_Normalized.json::test_00004,valid,compiled,,False,no_decision,0.005427,,,,,
Kubernetes---kb_771_Normalized.json,Kubernetes---kb_771_Normalized.json::test_00000,valid,running_validation,,False,no_decision,0.005427,,,,159,
Kubernetes---kb_772_Normalized.json,Kubernetes---kb_772_Normalized.json::test_00000,valid,running_compile_grammar,,False,no_decision,,,,,,
Kubernetes---kb_772_Normalized.json,Kubernetes---kb_772_Normalized.json::test_00001,invalid,running_compile_grammar,,False,no_decision,,,,,,
Kubernetes---kb_771_Normalized.json,Kubernetes---kb_771_Normalized.json::test_00001,invalid,compiled,,False,no_decision,0.005427,,,,,
Kubernetes---kb_773_Normalized.json,Kubernetes---kb_773_Normalized.json::test_00000,valid,passed,True,True,correct_accept,0.001245,0.001602,0.001491,7.5e-05,8,8
Kubernetes---kb_773_Normalized.json,Kubernetes---kb_773_Normalized.json::test_00001,invalid,passed,False,True,correct_reject,0.001245,0.000729,0.000669,3.6e-05,6,5
Kubernetes---kb_774_Normalized.json,Kubernetes---kb_774_Normalized.json::test_00000,valid,passed,True,True,correct_accept,0.002437,0.005243,0.004809,0.000291,54,54
Kubernetes---kb_774_Normalized.json,Kubernetes---kb_774_Normalized.json::test_00001,valid,passed,True,True,correct_accept,0.002437,0.006159,0.005185,0.000809,54,54
Kubernetes---kb_774_Normalized.json,Kubernetes---kb_774_Normalized.json::test_00002,invalid,passed,False,True,correct_reject,0.002437,0.000744,0.000688,3.4e-05,58,4
Kubernetes---kb_775_Normalized.json,Kubernetes---kb_775_Normalized.json::test_00000,valid,passed,True,True,correct_accept,0.002922,0.0084,0.00768,0.000516,54,54
Kubernetes---kb_775_Normalized.json,Kubernetes---kb_775_Normalized.json::test_00001,invalid,passed,False,True,correct_reject,0.003296,0.000896,0.000822,4.7e-05,54,5
Kubernetes---kb_775_Normalized.json,Kubernetes---kb_775_Normalized.json::test_00002,valid,passed,True,True,correct_accept,0.003296,0.006065,0.005002,0.000874,54,54
Kubernetes---kb_776_Normalized.json,Kubernetes---kb_776_Normalized.json::test_00000,valid,passed,True,True,correct_accept,0.002721,0.008605,0.007656,0.000768,52,52
Kubernetes---kb_776_Normalized.json,Kubernetes---kb_776_Normalized.json::test_00001,invalid,passed,False,True,correct_reject,0.002721,0.00103,0.000957,4.4e-05,6,4
Kubernetes---kb_776_Normalized.json,Kubernetes---kb_776_Normalized.json::test_00002,valid,passed,True,True,correct_accept,0.002721,0.014101,0.013128,0.000644,103,103
Kubernetes---kb_777_Normalized.json,Kubernetes---kb_777_Normalized.json::test_00001,invalid,compiled,,False,no_decision,0.002567,,,,,
Kubernetes---kb_777_Normalized.json,Kubernetes---kb_777_Normalized.json::test_00002,valid,compiled,,False,no_decision,0.002567,,,,,
Kubernetes---kb_777_Normalized.json,Kubernetes---kb_777_Normalized.json::test_00003,invalid,running_compile_grammar,,False,no_decision,,,,,,
Kubernetes---kb_777_Normalized.json,Kubernetes---kb_777_Normalized.json::test_00004,invalid,running_compile_grammar,,False,no_decision,,,,,,
Kubernetes---kb_777_Normalized.json,Kubernetes---kb_777_Normalized.json::test_00000,valid,compiled,,False,no_decision,0.002567,,,,,
Kubernetes---kb_778_Normalized.json,Kubernetes---kb_778_Normalized.json::test_00002,invalid,passed,False,True,correct_reject,0.004583,0.001163,0.001089,4.6e-05,65,4
Kubernetes---kb_778_Normalized.json,Kubernetes---kb_778_Normalized.json::test_00000,valid,passed,True,True,correct_accept,0.004583,0.009901,0.008613,0.001078,57,57
Kubernetes---kb_778_Normalized.json,Kubernetes---kb_778_Normalized.json::test_00001,valid,passed,True,True,correct_accept,0.004583,0.007754,0.007112,0.000443,58,58
Kubernetes---kb_779_Normalized.json,Kubernetes---kb_779_Normalized.json::test_00000,valid,passed,True,True,correct_accept,0.004583,0.010802,0.009487,0.001076,59,59
Kubernetes---kb_779_Normalized.json,Kubernetes---kb_779_Normalized.json::test_00001,valid,passed,True,True,correct_accept,0.004583,0.005474,0.004948,0.000347,58,58
Kubernetes---kb_779_Normalized.json,Kubernetes---kb_779_Normalized.json::test_00002,invalid,passed,False,True,correct_reject,0.004583,0.00194,0.001795,9.3e-05,58,12
Kubernetes---kb_779_Normalized.json,Kubernetes---kb_779_Normalized.json::test_00003,invalid,passed,False,True,correct_reject,0.004583,0.00349,0.003235,0.000171,59,22
Kubernetes---kb_77_Normalized.json,Kubernetes---kb_77_Normalized.json::test_00000,valid,failed,False,True,over_constraint,0.00277,0.006504,0.005676,0.00048,53,37
Kubernetes---kb_77_Normalized.json,Kubernetes---kb_77_Normalized.json::test_00001,invalid,passed,False,True,correct_reject,0.00277,0.000728,0.000673,3.1e-05,52,6
Kubernetes---kb_77_Normalized.json,Kubernetes---kb_77_Normalized.json::test_00002,invalid,passed,False,True,correct_reject,0.00277,0.002353,0.002126,0.000148,53,22
Kubernetes---kb_77_Normalized.json,Kubernetes---kb_77_Normalized.json::test_00003,invalid,passed,False,True,correct_reject,0.00277,0.000923,0.000843,4.9e-05,48,6
Kubernetes---kb_780_Normalized.json,Kubernetes---kb_780_Normalized.json::test_00000,valid,failed,False,True,over_constraint,0.006244,0.018136,0.015773,0.001628,175,145
Kubernetes---kb_780_Normalized.json,Kubernetes---kb_780_Normalized.json::test_00001,valid,failed,False,True,over_constraint,0.005122,0.016916,0.01488,0.001271,175,145
Kubernetes---kb_780_Normalized.json,Kubernetes---kb_780_Normalized.json::test_00002,invalid,running_validation,,False,no_decision,0.005122,,,,175,
Kubernetes---kb_780_Normalized.json,Kubernetes---kb_780_Normalized.json::test_00003,invalid,passed,False,True,correct_reject,0.005122,0.00073,0.000667,3.8e-05,175,5
Kubernetes---kb_780_Normalized.json,Kubernetes---kb_780_Normalized.json::test_00004,invalid,running_validation,,False,no_decision,0.005122,,,,235,
Kubernetes---kb_780_Normalized.json,Kubernetes---kb_780_Normalized.json::test_00005,invalid,passed,False,True,correct_reject,0.005122,0.007282,0.006429,0.000561,207,84
Kubernetes---kb_781_Normalized.json,Kubernetes---kb_781_Normalized.json::test_00000,valid,compiled,,False,no_decision,0.004045,,,,,
Kubernetes---kb_781_Normalized.json,Kubernetes---kb_781_Normalized.json::test_00001,valid,compiled,,False,no_decision,0.004045,,,,,
Kubernetes---kb_781_Normalized.json,Kubernetes---kb_781_Normalized.json::test_00002,invalid,compiled,,False,no_decision,0.004045,,,,,
Kubernetes---kb_781_Normalized.json,Kubernetes---kb_781_Normalized.json::test_00003,invalid,running_compile_grammar,,False,no_decision,,,,,,
Kubernetes---kb_784_Normalized.json,Kubernetes---kb_784_Normalized.json::test_00000,valid,passed,True,True,correct_accept,0.002497,0.005128,0.00467,0.000382,21,21
Kubernetes---kb_784_Normalized.json,Kubernetes---kb_784_Normalized.json::test_00001,invalid,passed,False,True,correct_reject,0.002497,0.000786,0.000741,2.7e-05,21,5
Kubernetes---kb_784_Normalized.json,Kubernetes---kb_784_Normalized.json::test_00002,valid,passed,True,True,correct_accept,0.002497,0.001995,0.001787,0.000135,21,21
Kubernetes---kb_785_Normalized.json,Kubernetes---kb_785_Normalized.json::test_00000,valid,passed,True,True,correct_accept,0.001965,0.003293,0.002873,0.000356,21,21
Kubernetes---kb_785_Normalized.json,Kubernetes---kb_785_Normalized.json::test_00001,invalid,passed,False,True,correct_reject,0.001965,0.000936,0.000871,4e-05,21,5
Kubernetes---kb_785_Normalized.json,Kubernetes---kb_785_Normalized.json::test_00002,invalid,passed,False,True,correct_reject,0.001965,0.000857,0.000806,3e-05,21,5
Kubernetes---kb_785_Normalized.json,Kubernetes---kb_785_Normalized.json::test_00003,valid,passed,True,True,correct_accept,0.001965,0.002662,0.002418,0.000166,21,21
Kubernetes---kb_786_Normalized.json,Kubernetes---kb_786_Normalized.json::test_00000,valid,failed,False,True,over_constraint,0.002469,0.00153,0.001093,4.6e-05,50,4
Kubernetes---kb_786_Normalized.json,Kubernetes---kb_786_Normalized.json::test_00001,invalid,passed,False,True,correct_reject,0.002469,0.000937,0.000716,4.3e-05,47,4
Kubernetes---kb_786_Normalized.json,Kubernetes---kb_786_Normalized.json::test_00002,invalid,passed,False,True,correct_reject,0.002469,0.000643,0.000506,2.3e-05,49,4
Kubernetes---kb_786_Normalized.json,Kubernetes---kb_786_Normalized.json::test_00003,invalid,passed,False,True,correct_reject,0.001317,0.000702,0.000515,3.4e-05,50,4
Kubernetes---kb_786_Normalized.json,Kubernetes---kb_786_Normalized.json::test_00004,invalid,running_validation,,False,no_decision,0.001317,,,,46,
Kubernetes---kb_786_Normalized.json,Kubernetes---kb_786_Normalized.json::test_00005,valid,failed,False,True,over_constraint,0.002469,0.00184,0.001524,0.000103,50,16
Kubernetes---kb_787_Normalized.json,Kubernetes---kb_787_Normalized.json::test_00000,valid,failed,False,True,over_constraint,0.001889,0.001217,0.000871,3.9e-05,50,4
Kubernetes---kb_787_Normalized.json,Kubernetes---kb_787_Normalized.json::test_00001,invalid,passed,False,True,correct_reject,0.001732,0.000813,0.000601,3.7e-05,47,4
Kubernetes---kb_787_Normalized.json,Kubernetes---kb_787_Normalized.json::test_00002,invalid,passed,False,True,correct_reject,0.001732,0.000595,0.000459,2.4e-05,46,4
Kubernetes---kb_787_Normalized.json,Kubernetes---kb_787_Normalized.json::test_00003,invalid,passed,False,True,correct_reject,0.001732,0.000704,0.000536,2.9e-05,50,4
Kubernetes---kb_787_Normalized.json,Kubernetes---kb_787_Normalized.json::test_00004,valid,failed,False,True,over_constraint,0.001732,0.001371,0.001129,8.2e-05,50,16
Kubernetes---kb_787_Normalized.json,Kubernetes---kb_787_Normalized.json::test_00005,invalid,passed,False,True,correct_reject,0.001732,0.001066,0.000815,4e-05,49,4
Kubernetes---kb_78_Normalized.json,Kubernetes---kb_78_Normalized.json::test_00000,valid,passed,True,True,correct_accept,0.002488,0.005905,0.00529,0.000473,42,42
Kubernetes---kb_78_Normalized.json,Kubernetes---kb_78_Normalized.json::test_00001,invalid,passed,False,True,correct_reject,0.002488,0.001885,0.00174,9.1e-05,42,15
Kubernetes---kb_78_Normalized.json,Kubernetes---kb_78_Normalized.json::test_00004,invalid,passed,False,True,correct_reject,0.002488,0.000765,0.000703,3.9e-05,52,6
Kubernetes---kb_78_Normalized.json,Kubernetes---kb_78_Normalized.json::test_00005,invalid,passed,False,True,correct_reject,0.002488,0.002536,0.002235,0.000201,41,26
Kubernetes---kb_78_Normalized.json,Kubernetes---kb_78_Normalized.json::test_00002,invalid,passed,False,True,correct_reject,0.002488,0.001324,0.001214,7.1e-05,35,10
Kubernetes---kb_78_Normalized.json,Kubernetes---kb_78_Normalized.json::test_00003,valid,failed,False,True,over_constraint,0.002488,0.004232,0.003622,0.00034,53,37
Kubernetes---kb_790_Normalized.json,Kubernetes---kb_790_Normalized.json::test_00000,valid,passed,True,True,correct_accept,0.002693,0.015655,0.014337,0.000952,111,111
Kubernetes---kb_790_Normalized.json,Kubernetes---kb_790_Normalized.json::test_00001,invalid,passed,False,True,correct_reject,0.002693,0.000927,0.000836,5.9e-05,101,6
Kubernetes---kb_790_Normalized.json,Kubernetes---kb_790_Normalized.json::test_00002,invalid,passed,False,True,correct_reject,0.002693,0.000866,0.00079,4.4e-05,110,6
Kubernetes---kb_790_Normalized.json,Kubernetes---kb_790_Normalized.json::test_00003,invalid,passed,False,True,correct_reject,0.002693,0.006976,0.006487,0.000276,109,92
Kubernetes---kb_790_Normalized.json,Kubernetes---kb_790_Normalized.json::test_00004,valid,passed,True,True,correct_accept,0.002693,0.011034,0.010157,0.000581,94,94
Kubernetes---kb_790_Normalized.json,Kubernetes---kb_790_Normalized.json::test_00005,invalid,passed,False,True,correct_reject,0.002693,0.000882,0.000802,4.9e-05,94,6
Kubernetes---kb_790_Normalized.json,Kubernetes---kb_790_Normalized.json::test_00006,invalid,passed,False,True,correct_reject,0.002693,0.009255,0.0085,0.000486,92,79
Kubernetes---kb_791_Normalized.json,Kubernetes---kb_791_Normalized.json::test_00000,valid,passed,True,True,correct_accept,0.002189,0.012509,0.011175,0.000972,103,103
Kubernetes---kb_791_Normalized.json,Kubernetes---kb_791_Normalized.json::test_00001,invalid,passed,False,True,correct_reject,0.002189,0.000703,0.000649,3.2e-05,102,6
Kubernetes---kb_791_Normalized.json,Kubernetes---kb_791_Normalized.json::test_00002,invalid,passed,False,True,correct_reject,0.002189,0.007882,0.007152,0.000456,101,88
Kubernetes---kb_791_Normalized.json,Kubernetes---kb_791_Normalized.json::test_00003,valid,passed,True,True,correct_accept,0.002189,0.00934,0.008595,0.00045,111,111
Kubernetes---kb_791_Normalized.json,Kubernetes---kb_791_Normalized.json::test_00004,invalid,passed,False,True,correct_reject,0.002189,0.011725,0.010904,0.000526,110,100
Kubernetes---kb_791_Normalized.json,Kubernetes---kb_791_Normalized.json::test_00005,invalid,passed,False,True,correct_reject,0.002189,0.000704,0.000642,3.6e-05,110,6
Kubernetes---kb_792_Normalized.json,Kubernetes---kb_792_Normalized.json::test_00005,invalid,passed,False,True,correct_reject,0.002966,0.009512,0.008605,0.000612,84,76
Kubernetes---kb_792_Normalized.json,Kubernetes---kb_792_Normalized.json::test_00000,valid,running_validation,,False,no_decision,0.002482,,,,88,
Kubernetes---kb_792_Normalized.json,Kubernetes---kb_792_Normalized.json::test_00002,invalid,passed,False,True,correct_reject,0.002966,0.008952,0.00827,0.000439,86,79
Kubernetes---kb_792_Normalized.json,Kubernetes---kb_792_Normalized.json::test_00003,valid,passed,True,True,correct_accept,0.002966,0.012288,0.01124,0.000704,97,97
Kubernetes---kb_792_Normalized.json,Kubernetes---kb_792_Normalized.json::test_00004,invalid,passed,False,True,correct_reject,0.002966,0.000996,0.000914,5.1e-05,97,6
Kubernetes---kb_793_Normalized.json,Kubernetes---kb_793_Normalized.json::test_00000,valid,passed,True,True,correct_accept,0.002498,0.011911,0.010634,0.000941,85,85
Kubernetes---kb_793_Normalized.json,Kubernetes---kb_793_Normalized.json::test_00001,invalid,passed,False,True,correct_reject,0.002498,0.000906,0.000831,4.5e-05,84,6
Kubernetes---kb_793_Normalized.json,Kubernetes---kb_793_Normalized.json::test_00002,invalid,passed,False,True,correct_reject,0.002498,0.00945,0.008519,0.000619,83,76
Kubernetes---kb_793_Normalized.json,Kubernetes---kb_793_Normalized.json::test_00003,valid,passed,True,True,correct_accept,0.002498,0.011564,0.010724,0.000541,97,97
Kubernetes---kb_793_Normalized.json,Kubernetes---kb_793_Normalized.json::test_00004,invalid,passed,False,True,correct_reject,0.002498,0.000955,0.000869,5.2e-05,96,6
Kubernetes---kb_793_Normalized.json,Kubernetes---kb_793_Normalized.json::test_00005,invalid,passed,False,True,correct_reject,0.002498,0.000946,0.000867,4.8e-05,93,6
Kubernetes---kb_794_Normalized.json,Kubernetes---kb_794_Normalized.json::test_00000,valid,failed,False,True,over_constraint,0.053785,0.0021,0.001701,0.000194,99,5
Kubernetes---kb_794_Normalized.json,Kubernetes---kb_794_Normalized.json::test_00001,valid,failed,False,True,over_constraint,0.053785,0.001102,0.00089,4.8e-05,101,5
Kubernetes---kb_794_Normalized.json,Kubernetes---kb_794_Normalized.json::test_00002,invalid,passed,False,True,correct_reject,0.053785,0.001183,0.000978,4.8e-05,100,5
Kubernetes---kb_794_Normalized.json,Kubernetes---kb_794_Normalized.json::test_00003,invalid,passed,False,True,correct_reject,0.053785,0.000952,0.000777,4.1e-05,101,5
Kubernetes---kb_797_Normalized.json,Kubernetes---kb_797_Normalized.json::test_00000,valid,failed,False,True,over_constraint,0.026748,0.001587,0.001224,0.000119,102,5
Kubernetes---kb_797_Normalized.json,Kubernetes---kb_797_Normalized.json::test_00001,valid,compiled,,False,no_decision,0.026748,,,,,
Kubernetes---kb_797_Normalized.json,Kubernetes---kb_797_Normalized.json::test_00002,invalid,compiled,,False,no_decision,0.026748,,,,,
Kubernetes---kb_798_Normalized.json,Kubernetes---kb_798_Normalized.json::test_00002,valid,passed,True,True,correct_accept,0.002291,0.005566,0.005157,0.000246,61,61
Kubernetes---kb_798_Normalized.json,Kubernetes---kb_798_Normalized.json::test_00003,invalid,passed,False,True,correct_reject,0.002291,0.000432,0.000404,1.4e-05,33,2
Kubernetes---kb_798_Normalized.json,Kubernetes---kb_798_Normalized.json::test_00000,valid,passed,True,True,correct_accept,0.002291,0.006331,0.005852,0.000312,54,54
Kubernetes---kb_798_Normalized.json,Kubernetes---kb_798_Normalized.json::test_00001,invalid,passed,False,True,correct_reject,0.002291,0.003582,0.003263,0.000197,50,25
Kubernetes---kb_799_Normalized.json,Kubernetes---kb_799_Normalized.json::test_00000,valid,passed,True,True,correct_accept,0.001854,0.006771,0.006152,0.000412,54,54
Kubernetes---kb_799_Normalized.json,Kubernetes---kb_799_Normalized.json::test_00001,invalid,passed,False,True,correct_reject,0.001854,0.002468,0.002264,0.00013,50,25
Kubernetes---kb_799_Normalized.json,Kubernetes---kb_799_Normalized.json::test_00002,invalid,passed,False,True,correct_reject,0.001854,0.005707,0.00514,0.000387,54,44
Kubernetes---kb_799_Normalized.json,Kubernetes---kb_799_Normalized.json::test_00003,valid,passed,True,True,correct_accept,0.001854,0.006983,0.006295,0.000454,58,58
Kubernetes---kb_799_Normalized.json,Kubernetes---kb_799_Normalized.json::test_00004,invalid,passed,False,True,correct_reject,0.001854,0.00062,0.000575,3e-05,52,2
Kubernetes---kb_79_Normalized.json,Kubernetes---kb_79_Normalized.json::test_00000,valid,passed,True,True,correct_accept,0.00233,0.004344,0.003968,0.000264,35,35
Kubernetes---kb_79_Normalized.json,Kubernetes---kb_79_Normalized.json::test_00001,invalid,passed,False,True,correct_reject,0.00233,0.000793,0.000723,4.3e-05,34,6
Kubernetes---kb_79_Normalized.json,Kubernetes---kb_79_Normalized.json::test_00002,invalid,passed,False,True,correct_reject,0.00233,0.002376,0.002091,0.000198,33,22
Kubernetes---kb_79_Normalized.json,Kubernetes---kb_79_Normalized.json::test_00003,valid,passed,True,True,correct_accept,0.00233,0.003816,0.00343,0.000254,36,36
Kubernetes---kb_79_Normalized.json,Kubernetes---kb_79_Normalized.json::test_00004,invalid,passed,False,True,correct_reject,0.00233,0.001361,0.00125,5.4e-05,32,6
Kubernetes---kb_7_Normalized.json,Kubernetes---kb_7_Normalized.json::test_00000,valid,passed,True,True,correct_accept,0.002151,0.001683,0.001572,7.1e-05,8,8
Kubernetes---kb_7_Normalized.json,Kubernetes---kb_7_Normalized.json::test_00001,invalid,passed,False,True,correct_reject,0.002151,0.000677,0.000619,3.5e-05,6,5
Kubernetes---kb_7_Normalized.json,Kubernetes---kb_7_Normalized.json::test_00002,invalid,passed,False,True,correct_reject,0.002151,0.00052,0.000473,2.7e-05,7,5
Kubernetes---kb_800_Normalized.json,Kubernetes---kb_800_Normalized.json::test_00000,valid,passed,True,True,correct_accept,0.001414,0.004751,0.004407,0.000198,54,54
Kubernetes---kb_800_Normalized.json,Kubernetes---kb_800_Normalized.json::test_00001,invalid,passed,False,True,correct_reject,0.001414,0.002047,0.001895,8.5e-05,50,25
Kubernetes---kb_800_Normalized.json,Kubernetes---kb_800_Normalized.json::test_00002,invalid,passed,False,True,correct_reject,0.001414,0.003787,0.003439,0.000213,54,44
Kubernetes---kb_800_Normalized.json,Kubernetes---kb_800_Normalized.json::test_00003,valid,passed,True,True,correct_accept,0.001414,0.003746,0.003448,0.000173,54,54
Kubernetes---kb_800_Normalized.json,Kubernetes---kb_800_Normalized.json::test_00004,invalid,passed,False,True,correct_reject,0.001414,0.000422,0.000393,1.5e-05,50,2
Kubernetes---kb_801_Normalized.json,Kubernetes---kb_801_Normalized.json::test_00000,valid,passed,True,True,correct_accept,0.001328,0.004269,0.003964,0.000178,54,54
Kubernetes---kb_801_Normalized.json,Kubernetes---kb_801_Normalized.json::test_00001,invalid,passed,False,True,correct_reject,0.001328,0.001977,0.001831,8.6e-05,50,25
Kubernetes---kb_801_Normalized.json,Kubernetes---kb_801_Normalized.json::test_00002,valid,passed,True,True,correct_accept,0.001328,0.003738,0.003448,0.00017,54,54
Kubernetes---kb_801_Normalized.json,Kubernetes---kb_801_Normalized.json::test_00003,invalid,passed,False,True,correct_reject,0.001328,0.00042,0.000395,1.4e-05,54,2
Kubernetes---kb_806_Normalized.json,Kubernetes---kb_806_Normalized.json::test_00000,valid,failed,False,True,over_constraint,0.025974,0.004936,0.004295,0.000403,69,48
Kubernetes---kb_806_Normalized.json,Kubernetes---kb_806_Normalized.json::test_00001,valid,failed,False,True,over_constraint,0.025974,0.003486,0.003065,0.000196,69,48
Kubernetes---kb_806_Normalized.json,Kubernetes---kb_806_Normalized.json::test_00002,invalid,passed,False,True,correct_reject,0.025974,0.000619,0.000566,3e-05,69,6
Kubernetes---kb_806_Normalized.json,Kubernetes---kb_806_Normalized.json::test_00003,invalid,passed,False,True,correct_reject,0.025974,0.000854,0.000767,5.5e-05,82,13
Kubernetes---kb_807_Normalized.json,Kubernetes---kb_807_Normalized.json::test_00000,valid,failed,False,True,over_constraint,0.030402,0.004887,0.004267,0.000374,69,48
Kubernetes---kb_807_Normalized.json,Kubernetes---kb_807_Normalized.json::test_00001,valid,failed,False,True,over_constraint,0.030402,0.00351,0.003063,0.000211,69,48
Kubernetes---kb_807_Normalized.json,Kubernetes---kb_807_Normalized.json::test_00002,invalid,passed,False,True,correct_reject,0.030402,0.000846,0.000765,4.9e-05,69,6
Kubernetes---kb_807_Normalized.json,Kubernetes---kb_807_Normalized.json::test_00003,invalid,passed,False,True,correct_reject,0.030402,0.00065,0.000595,3.3e-05,68,6
Kubernetes---kb_808_Normalized.json,Kubernetes---kb_808_Normalized.json::test_00000,valid,failed,False,True,over_constraint,0.028191,0.001521,0.001252,4.1e-05,92,5
Kubernetes---kb_808_Normalized.json,Kubernetes---kb_808_Normalized.json::test_00001,valid,failed,False,True,over_constraint,0.028191,0.000979,0.000794,3.8e-05,103,5
Kubernetes---kb_809_Normalized.json,Kubernetes---kb_809_Normalized.json::test_00000,valid,failed,False,True,over_constraint,0.026632,0.004781,0.004154,0.000384,66,46
Kubernetes---kb_809_Normalized.json,Kubernetes---kb_809_Normalized.json::test_00001,valid,failed,False,True,over_constraint,0.026632,0.003495,0.003074,0.000189,69,48
Kubernetes---kb_809_Normalized.json,Kubernetes---kb_809_Normalized.json::test_00002,invalid,passed,False,True,correct_reject,0.026632,0.000658,0.000605,3.3e-05,51,6
Kubernetes---kb_809_Normalized.json,Kubernetes---kb_809_Normalized.json::test_00003,invalid,passed,False,True,correct_reject,0.026632,0.000542,0.000497,2.5e-05,69,6
Kubernetes---kb_809_Normalized.json,Kubernetes---kb_809_Normalized.json::test_00004,invalid,passed,False,True,correct_reject,0.026632,0.000507,0.000465,2.5e-05,69,6
Kubernetes---kb_80_Normalized.json,Kubernetes---kb_80_Normalized.json::test_00000,valid,failed,False,True,over_constraint,0.001799,0.003017,0.002645,0.00018,48,32
Kubernetes---kb_80_Normalized.json,Kubernetes---kb_80_Normalized.json::test_00001,invalid,passed,False,True,correct_reject,0.001799,0.000645,0.000589,3.2e-05,48,6
Kubernetes---kb_80_Normalized.json,Kubernetes---kb_80_Normalized.json::test_00002,invalid,passed,False,True,correct_reject,0.001799,0.001584,0.001426,9.3e-05,46,22
Kubernetes---kb_80_Normalized.json,Kubernetes---kb_80_Normalized.json::test_00003,invalid,passed,False,True,correct_reject,0.001799,0.00059,0.000544,2.6e-05,47,6
Kubernetes---kb_80_Normalized.json,Kubernetes---kb_80_Normalized.json::test_00004,invalid,passed,False,True,correct_reject,0.001799,0.00051,0.00047,2.4e-05,48,6
Kubernetes---kb_80_Normalized.json,Kubernetes---kb_80_Normalized.json::test_00005,valid,failed,False,True,over_constraint,0.001799,0.001867,0.001581,0.000123,47,31
Kubernetes---kb_80_Normalized.json,Kubernetes---kb_80_Normalized.json::test_00006,invalid,passed,False,True,correct_reject,0.001799,0.000662,0.000609,3.2e-05,45,5
Kubernetes---kb_80_Normalized.json,Kubernetes---kb_80_Normalized.json::test_00007,invalid,passed,False,True,correct_reject,0.001799,0.000749,0.000694,3.4e-05,41,6
Kubernetes---kb_810_Normalized.json,Kubernetes---kb_810_Normalized.json::test_00000,valid,passed,True,True,correct_accept,0.001796,0.012506,0.01113,0.000843,155,155
Kubernetes---kb_810_Normalized.json,Kubernetes---kb_810_Normalized.json::test_00001,invalid,passed,False,True,correct_reject,0.001796,0.000525,0.000482,2.4e-05,155,6
Kubernetes---kb_810_Normalized.json,Kubernetes---kb_810_Normalized.json::test_00002,invalid,passed,False,True,correct_reject,0.001796,0.000598,0.000544,3e-05,146,6
Kubernetes---kb_810_Normalized.json,Kubernetes---kb_810_Normalized.json::test_00003,invalid,passed,False,True,correct_reject,0.001796,0.005444,0.005011,0.000206,146,112
Kubernetes---kb_810_Normalized.json,Kubernetes---kb_810_Normalized.json::test_00004,invalid,passed,False,True,correct_reject,0.001796,0.01143,0.010157,0.000764,206,172
Kubernetes---kb_810_Normalized.json,Kubernetes---kb_810_Normalized.json::test_00005,invalid,passed,False,True,correct_reject,0.001796,0.000713,0.000645,4.3e-05,157,6
Kubernetes---kb_810_Normalized.json,Kubernetes---kb_810_Normalized.json::test_00006,invalid,passed,False,True,correct_reject,0.001796,0.008652,0.007885,0.000404,201,167
Kubernetes---kb_810_Normalized.json,Kubernetes---kb_810_Normalized.json::test_00007,valid,passed,True,True,correct_accept,0.001796,0.008311,0.007383,0.000531,152,152
Kubernetes---kb_813_Normalized.json,Kubernetes---kb_813_Normalized.json::test_00000,valid,passed,True,True,correct_accept,0.001951,0.010603,0.009716,0.000524,157,157
Kubernetes---kb_813_Normalized.json,Kubernetes---kb_813_Normalized.json::test_00001,invalid,passed,False,True,correct_reject,0.001951,0.00066,0.000597,3.9e-05,147,6
Kubernetes---kb_813_Normalized.json,Kubernetes---kb_813_Normalized.json::test_00002,invalid,passed,False,True,correct_reject,0.001951,0.000727,0.000654,4.7e-05,157,6
Kubernetes---kb_813_Normalized.json,Kubernetes---kb_813_Normalized.json::test_00003,invalid,passed,False,True,correct_reject,0.001951,0.007002,0.006436,0.00032,148,114
Kubernetes---kb_813_Normalized.json,Kubernetes---kb_813_Normalized.json::test_00004,valid,passed,True,True,correct_accept,0.001951,0.01135,0.01009,0.000844,104,104
Kubernetes---kb_813_Normalized.json,Kubernetes---kb_813_Normalized.json::test_00005,invalid,passed,False,True,correct_reject,0.001951,0.010008,0.008862,0.000752,106,102
Kubernetes---kb_813_Normalized.json,Kubernetes---kb_813_Normalized.json::test_00006,invalid,passed,False,True,correct_reject,0.001951,0.004527,0.004173,0.000201,113,64
Kubernetes---kb_814_Normalized.json,Kubernetes---kb_814_Normalized.json::test_00000,valid,failed,False,True,over_constraint,0.028468,0.005043,0.004411,0.000402,90,34
Kubernetes---kb_815_Normalized.json,Kubernetes---kb_815_Normalized.json::test_00000,valid,failed,False,True,over_constraint,0.029824,0.005813,0.005086,0.000473,104,37
Kubernetes---kb_815_Normalized.json,Kubernetes---kb_815_Normalized.json::test_00001,valid,failed,False,True,over_constraint,0.029824,0.002549,0.002238,0.000122,84,27
Kubernetes---kb_816_Normalized.json,Kubernetes---kb_816_Normalized.json::test_00000,valid,passed,True,True,correct_accept,0.002214,0.004996,0.004604,0.000251,52,52
Kubernetes---kb_816_Normalized.json,Kubernetes---kb_816_Normalized.json::test_00001,invalid,passed,False,True,correct_reject,0.002214,0.004019,0.003686,0.000224,48,25
Kubernetes---kb_816_Normalized.json,Kubernetes---kb_816_Normalized.json::test_00002,valid,compiled,,False,no_decision,0.002214,,,,,
Kubernetes---kb_816_Normalized.json,Kubernetes---kb_816_Normalized.json::test_00003,invalid,compiled,,False,no_decision,0.002214,,,,,
Kubernetes---kb_818_Normalized.json,Kubernetes---kb_818_Normalized.json::test_00000,valid,failed,False,True,over_constraint,0.033165,0.008238,0.007183,0.000728,126,39
Kubernetes---kb_81_Normalized.json,Kubernetes---kb_81_Normalized.json::test_00000,valid,passed,True,True,correct_accept,0.002639,0.002338,0.001962,0.000342,8,8
Kubernetes---kb_81_Normalized.json,Kubernetes---kb_81_Normalized.json::test_00001,invalid,passed,False,True,correct_reject,0.002639,0.000989,0.000925,4.3e-05,8,5
Kubernetes---kb_820_Normalized.json,Kubernetes---kb_820_Normalized.json::test_00000,valid,failed,False,True,over_constraint,0.034727,0.004599,0.00414,0.000231,59,26
Kubernetes---kb_820_Normalized.json,Kubernetes---kb_820_Normalized.json::test_00001,valid,failed,False,True,over_constraint,0.034727,0.003713,0.003238,0.000229,47,26
Kubernetes---kb_821_Normalized.json,Kubernetes---kb_821_Normalized.json::test_00000,valid,failed,False,True,over_constraint,0.046379,0.004301,0.003889,0.000207,47,26
Kubernetes---kb_821_Normalized.json,Kubernetes---kb_821_Normalized.json::test_00001,valid,failed,False,True,over_constraint,0.046379,0.003728,0.003267,0.000217,59,26
Kubernetes---kb_822_Normalized.json,Kubernetes---kb_822_Normalized.json::test_00000,valid,passed,True,True,correct_accept,0.003664,0.01878,0.016532,0.00173,151,151
Kubernetes---kb_822_Normalized.json,Kubernetes---kb_822_Normalized.json::test_00001,invalid,passed,False,True,correct_reject,0.003664,0.00078,0.000714,4e-05,149,5
Kubernetes---kb_822_Normalized.json,Kubernetes---kb_822_Normalized.json::test_00002,valid,passed,True,True,correct_accept,0.003664,0.015691,0.014154,0.001024,151,151
Kubernetes---kb_822_Normalized.json,Kubernetes---kb_822_Normalized.json::test_00003,invalid,passed,False,True,correct_reject,0.003664,0.015441,0.014112,0.000821,204,202
Kubernetes---kb_822_Normalized.json,Kubernetes---kb_822_Normalized.json::test_00004,invalid,passed,False,True,correct_reject,0.003664,0.000885,0.000783,6.1e-05,18,13
Kubernetes---kb_823_Normalized.json,Kubernetes---kb_823_Normalized.json::test_00000,valid,passed,True,True,correct_accept,0.002801,0.023363,0.021107,0.001753,149,149
Kubernetes---kb_823_Normalized.json,Kubernetes---kb_823_Normalized.json::test_00001,invalid,passed,False,True,correct_reject,0.002801,0.001681,0.001533,9.3e-05,136,12
Kubernetes---kb_823_Normalized.json,Kubernetes---kb_823_Normalized.json::test_00002,invalid,passed,False,True,correct_reject,0.002801,0.001264,0.001168,6.7e-05,147,5
Kubernetes---kb_823_Normalized.json,Kubernetes---kb_823_Normalized.json::test_00003,valid,running_validation,,False,no_decision,0.002801,,,,151,
Kubernetes---kb_823_Normalized.json,Kubernetes---kb_823_Normalized.json::test_00004,invalid,passed,False,True,correct_reject,0.002801,0.00827,0.00752,0.00045,154,118
Kubernetes---kb_823_Normalized.json,Kubernetes---kb_823_Normalized.json::test_00005,invalid,compiled,,False,no_decision,0.002801,,,,,
Kubernetes---kb_825_Normalized.json,Kubernetes---kb_825_Normalized.json::test_00000,valid,failed,False,True,over_constraint,0.002324,0.002473,0.001888,0.00013,45,4
Kubernetes---kb_825_Normalized.json,Kubernetes---kb_825_Normalized.json::test_00001,invalid,passed,False,True,correct_reject,0.002324,0.000927,0.000862,4e-05,45,5
Kubernetes---kb_826_Normalized.json,Kubernetes---kb_826_Normalized.json::test_00000,valid,running_compile_grammar,,False,no_decision,,,,,,
Kubernetes---kb_826_Normalized.json,Kubernetes---kb_826_Normalized.json::test_00001,invalid,compiled,,False,no_decision,0.001803,,,,,
Kubernetes---kb_827_Normalized.json,Kubernetes---kb_827_Normalized.json::test_00000,valid,running_validation,,False,no_decision,0.001337,,,,22,
Kubernetes---kb_827_Normalized.json,Kubernetes---kb_827_Normalized.json::test_00001,valid,failed,False,True,over_constraint,0.001337,0.000865,0.000688,3.8e-05,21,6
Kubernetes---kb_827_Normalized.json,Kubernetes---kb_827_Normalized.json::test_00002,invalid,passed,False,True,correct_reject,0.001337,0.000734,0.000669,3.9e-05,19,5
Kubernetes---kb_827_Normalized.json,Kubernetes---kb_827_Normalized.json::test_00003,invalid,passed,False,True,correct_reject,0.001337,0.000977,0.000764,4.5e-05,20,6
Kubernetes---kb_827_Normalized.json,Kubernetes---kb_827_Normalized.json::test_00004,invalid,passed,False,True,correct_reject,0.001337,0.000803,0.000634,3.8e-05,20,6
Kubernetes---kb_828_Normalized.json,Kubernetes---kb_828_Normalized.json::test_00000,valid,failed,False,True,over_constraint,0.001965,0.001457,0.001248,4.8e-05,22,6
Kubernetes---kb_828_Normalized.json,Kubernetes---kb_828_Normalized.json::test_00001,invalid,passed,False,True,correct_reject,0.001965,0.001224,0.0011,6.3e-05,20,5
Kubernetes---kb_828_Normalized.json,Kubernetes---kb_828_Normalized.json::test_00002,invalid,passed,False,True,correct_reject,0.001965,0.001032,0.000806,5e-05,24,6
Kubernetes---kb_829_Normalized.json,Kubernetes---kb_829_Normalized.json::test_00000,valid,passed,True,True,correct_accept,0.001473,0.003976,0.003485,0.000411,24,24
Kubernetes---kb_829_Normalized.json,Kubernetes---kb_829_Normalized.json::test_00001,invalid,passed,False,True,correct_reject,0.001473,0.000592,0.000549,2.6e-05,23,4
Kubernetes---kb_829_Normalized.json,Kubernetes---kb_829_Normalized.json::test_00002,invalid,passed,False,True,correct_reject,0.001473,0.003017,0.00275,0.000165,26,21
Kubernetes---kb_82_Normalized.json,Kubernetes---kb_82_Normalized.json::test_00000,valid,passed,True,True,correct_accept,0.001656,0.001812,0.001539,0.000236,8,8
Kubernetes---kb_82_Normalized.json,Kubernetes---kb_82_Normalized.json::test_00001,invalid,passed,False,True,correct_reject,0.001656,0.001024,0.000953,4.6e-05,8,5
Kubernetes---kb_830_Normalized.json,Kubernetes---kb_830_Normalized.json::test_00000,valid,passed,True,True,correct_accept,0.002013,0.002344,0.002144,0.000129,24,24
Kubernetes---kb_830_Normalized.json,Kubernetes---kb_830_Normalized.json::test_00001,invalid,passed,False,True,correct_reject,0.002013,0.00271,0.002513,0.000128,21,20
Kubernetes---kb_831_Normalized.json,Kubernetes---kb_831_Normalized.json::test_00000,valid,passed,True,True,correct_accept,0.002226,0.003565,0.003277,0.000193,24,24
Kubernetes---kb_831_Normalized.json,Kubernetes---kb_831_Normalized.json::test_00001,invalid,passed,False,True,correct_reject,0.002226,0.002311,0.002021,0.000209,29,21
Kubernetes---kb_832_Normalized.json,Kubernetes---kb_832_Normalized.json::test_00000,valid,passed,True,True,correct_accept,0.002357,0.002491,0.002288,0.000127,24,24
Kubernetes---kb_832_Normalized.json,Kubernetes---kb_832_Normalized.json::test_00001,invalid,passed,False,True,correct_reject,0.002357,0.000492,0.000462,1.6e-05,22,2
Kubernetes---kb_832_Normalized.json,Kubernetes---kb_832_Normalized.json::test_00002,invalid,passed,False,True,correct_reject,0.002357,0.000538,0.000505,1.8e-05,26,2
Kubernetes---kb_833_Normalized.json,Kubernetes---kb_833_Normalized.json::test_00000,valid,passed,True,True,correct_accept,0.002568,0.005683,0.005078,0.000487,32,32
Kubernetes---kb_833_Normalized.json,Kubernetes---kb_833_Normalized.json::test_00001,valid,passed,True,True,correct_accept,0.002568,0.003301,0.002959,0.000233,32,32
Kubernetes---kb_833_Normalized.json,Kubernetes---kb_833_Normalized.json::test_00002,invalid,passed,False,True,correct_reject,0.002568,0.000619,0.000586,1.9e-05,30,2
Kubernetes---kb_833_Normalized.json,Kubernetes---kb_833_Normalized.json::test_00003,invalid,running_validation,,False,no_decision,0.002568,,,,30,
Kubernetes---kb_834_Normalized.json,Kubernetes---kb_834_Normalized.json::test_00000,valid,passed,True,True,correct_accept,0.002588,0.006579,0.005877,0.000573,32,32
Kubernetes---kb_834_Normalized.json,Kubernetes---kb_834_Normalized.json::test_00001,valid,passed,True,True,correct_accept,0.002588,0.004281,0.003857,0.000293,32,32
Kubernetes---kb_834_Normalized.json,Kubernetes---kb_834_Normalized.json::test_00002,invalid,running_validation,,False,no_decision,0.002588,,,,31,
Kubernetes---kb_834_Normalized.json,Kubernetes---kb_834_Normalized.json::test_00003,invalid,running_compile_grammar,,False,no_decision,,,,,,
Kubernetes---kb_835_Normalized.json,Kubernetes---kb_835_Normalized.json::test_00000,valid,passed,True,True,correct_accept,0.002334,0.007544,0.006724,0.000635,46,46
Kubernetes---kb_835_Normalized.json,Kubernetes---kb_835_Normalized.json::test_00001,invalid,running_compile_grammar,,False,no_decision,,,,,,
Kubernetes---kb_835_Normalized.json,Kubernetes---kb_835_Normalized.json::test_00002,valid,compiled,,False,no_decision,0.002334,,,,,
Kubernetes---kb_835_Normalized.json,Kubernetes---kb_835_Normalized.json::test_00003,invalid,passed,False,True,correct_reject,0.002334,0.001381,0.001278,5.2e-05,48,6
Kubernetes---kb_836_Normalized.json,Kubernetes---kb_836_Normalized.json::test_00000,valid,failed,False,True,over_constraint,0.0024,0.001461,0.000961,5.3e-05,49,5
Kubernetes---kb_836_Normalized.json,Kubernetes---kb_836_Normalized.json::test_00001,invalid,passed,False,True,correct_reject,0.001774,0.000868,0.000779,6.2e-05,46,5
Kubernetes---kb_836_Normalized.json,Kubernetes---kb_836_Normalized.json::test_00003,valid,failed,False,True,over_constraint,0.001774,0.000944,0.000703,4.6e-05,55,5
Kubernetes---kb_836_Normalized.json,Kubernetes---kb_836_Normalized.json::test_00004,invalid,passed,False,True,correct_reject,0.001774,0.000981,0.000738,4.6e-05,58,5
Kubernetes---kb_836_Normalized.json,Kubernetes---kb_836_Normalized.json::test_00002,invalid,passed,False,True,correct_reject,0.001774,0.001441,0.001297,9.2e-05,46,6
Kubernetes---kb_837_Normalized.json,Kubernetes---kb_837_Normalized.json::test_00000,valid,failed,False,True,over_constraint,0.007033,0.007831,0.006801,0.000721,139,36
Kubernetes---kb_837_Normalized.json,Kubernetes---kb_837_Normalized.json::test_00001,invalid,passed,False,True,correct_reject,0.007033,0.004541,0.003981,0.000271,211,36
Kubernetes---kb_838_Normalized.json,Kubernetes---kb_838_Normalized.json::test_00000,valid,failed,False,True,over_constraint,0.006064,0.0084,0.007282,0.00076,142,36
Kubernetes---kb_838_Normalized.json,Kubernetes---kb_838_Normalized.json::test_00001,valid,failed,False,True,over_constraint,0.006064,0.003938,0.00343,0.000255,141,36
Kubernetes---kb_83_Normalized.json,Kubernetes---kb_83_Normalized.json::test_00004,valid,compiled,,False,no_decision,0.004873,,,,,
Kubernetes---kb_83_Normalized.json,Kubernetes---kb_83_Normalized.json::test_00005,invalid,compiled,,False,no_decision,0.004873,,,,,
Kubernetes---kb_838_Normalized.json,Kubernetes---kb_838_Normalized.json::test_00002,invalid,passed,False,True,correct_reject,0.006064,0.004034,0.003489,0.000267,138,36
Kubernetes---kb_838_Normalized.json,Kubernetes---kb_838_Normalized.json::test_00003,invalid,passed,False,True,correct_reject,0.006064,0.003967,0.003433,0.00027,158,36
Kubernetes---kb_83_Normalized.json,Kubernetes---kb_83_Normalized.json::test_00000,valid,running_validation,,False,no_decision,0.004873,,,,96,
Kubernetes---kb_83_Normalized.json,Kubernetes---kb_83_Normalized.json::test_00001,invalid,compiled,,False,no_decision,0.004873,,,,,
Kubernetes---kb_83_Normalized.json,Kubernetes---kb_83_Normalized.json::test_00002,invalid,compiled,,False,no_decision,0.004873,,,,,
Kubernetes---kb_83_Normalized.json,Kubernetes---kb_83_Normalized.json::test_00003,invalid,compiled,,False,no_decision,0.004873,,,,,
Kubernetes---kb_841_Normalized.json,Kubernetes---kb_841_Normalized.json::test_00000,valid,passed,True,True,correct_accept,0.003215,0.011132,0.010019,0.000851,76,76
Kubernetes---kb_841_Normalized.json,Kubernetes---kb_841_Normalized.json::test_00001,invalid,passed,False,True,correct_reject,0.003342,0.001137,0.001039,6.3e-05,73,7
Kubernetes---kb_841_Normalized.json,Kubernetes---kb_841_Normalized.json::test_00002,invalid,passed,False,True,correct_reject,0.003342,0.012031,0.010962,0.000764,81,80
Kubernetes---kb_842_Normalized.json,Kubernetes---kb_842_Normalized.json::test_00000,valid,passed,True,True,correct_accept,0.002058,0.00858,0.007607,0.000748,75,75
Kubernetes---kb_842_Normalized.json,Kubernetes---kb_842_Normalized.json::test_00001,valid,passed,True,True,correct_accept,0.002058,0.008382,0.007706,0.000443,87,87
Kubernetes---kb_842_Normalized.json,Kubernetes---kb_842_Normalized.json::test_00002,invalid,running_validation,,False,no_decision,0.002058,,,,92,
Kubernetes---kb_842_Normalized.json,Kubernetes---kb_842_Normalized.json::test_00003,invalid,compiled,,False,no_decision,0.002058,,,,,
Kubernetes---kb_844_Normalized.json,Kubernetes---kb_844_Normalized.json::test_00001,invalid,passed,False,True,correct_reject,0.002059,0.000655,0.000609,2.8e-05,25,4
Kubernetes---kb_844_Normalized.json,Kubernetes---kb_844_Normalized.json::test_00002,invalid,passed,False,True,correct_reject,0.002059,0.001889,0.001757,8.1e-05,38,20
Kubernetes---kb_844_Normalized.json,Kubernetes---kb_844_Normalized.json::test_00003,invalid,passed,False,True,correct_reject,0.002059,0.002438,0.00226,0.000114,39,21
Kubernetes---kb_844_Normalized.json,Kubernetes---kb_844_Normalized.json::test_00004,invalid,passed,False,True,correct_reject,0.002059,0.001401,0.001269,8.5e-05,31,13
Kubernetes---kb_844_Normalized.json,Kubernetes---kb_844_Normalized.json::test_00000,valid,passed,True,True,correct_accept,0.002059,0.003339,0.003086,0.000176,33,33
Kubernetes---kb_845_Normalized.json,Kubernetes---kb_845_Normalized.json::test_00000,valid,passed,True,True,correct_accept,0.001845,0.003943,0.003507,0.000323,32,32
Kubernetes---kb_845_Normalized.json,Kubernetes---kb_845_Normalized.json::test_00001,valid,passed,True,True,correct_accept,0.001845,0.00389,0.003572,0.000216,32,32
Kubernetes---kb_845_Normalized.json,Kubernetes---kb_845_Normalized.json::test_00002,invalid,running_validation,,False,no_decision,0.001845,,,,21,
Kubernetes---kb_845_Normalized.json,Kubernetes---kb_845_Normalized.json::test_00003,invalid,compiled,,False,no_decision,0.001845,,,,,
Kubernetes---kb_845_Normalized.json,Kubernetes---kb_845_Normalized.json::test_00004,invalid,compiled,,False,no_decision,0.001845,,,,,
Kubernetes---kb_846_Normalized.json,Kubernetes---kb_846_Normalized.json::test_00000,valid,passed,True,True,correct_accept,0.001982,0.004411,0.003957,0.000341,32,32
Kubernetes---kb_846_Normalized.json,Kubernetes---kb_846_Normalized.json::test_00001,valid,passed,True,True,correct_accept,0.001982,0.004058,0.003753,0.0002,33,33
Kubernetes---kb_846_Normalized.json,Kubernetes---kb_846_Normalized.json::test_00002,invalid,passed,False,True,correct_reject,0.002119,0.000761,0.000713,2.8e-05,21,4
Kubernetes---kb_846_Normalized.json,Kubernetes---kb_846_Normalized.json::test_00003,invalid,passed,False,True,correct_reject,0.002119,0.00116,0.001057,6.7e-05,31,7
Kubernetes---kb_846_Normalized.json,Kubernetes---kb_846_Normalized.json::test_00004,invalid,passed,False,True,correct_reject,0.002119,0.00358,0.003296,0.000193,48,27
Kubernetes---kb_846_Normalized.json,Kubernetes---kb_846_Normalized.json::test_00005,invalid,passed,False,True,correct_reject,0.002119,0.002623,0.002367,0.000169,38,21
Kubernetes---kb_847_Normalized.json,Kubernetes---kb_847_Normalized.json::test_00000,valid,failed,False,True,over_constraint,0.002159,0.001477,0.001014,5.5e-05,58,5
Kubernetes---kb_847_Normalized.json,Kubernetes---kb_847_Normalized.json::test_00001,invalid,passed,False,True,correct_reject,0.002159,0.001207,0.000896,5.2e-05,61,5
Kubernetes---kb_847_Normalized.json,Kubernetes---kb_847_Normalized.json::test_00002,invalid,passed,False,True,correct_reject,0.002159,0.000998,0.000742,4.9e-05,43,5
Kubernetes---kb_847_Normalized.json,Kubernetes---kb_847_Normalized.json::test_00003,valid,failed,False,True,over_constraint,0.002159,0.001007,0.000744,5.1e-05,57,5
Kubernetes---kb_847_Normalized.json,Kubernetes---kb_847_Normalized.json::test_00004,invalid,passed,False,True,correct_reject,0.002159,0.000946,0.000725,4.7e-05,56,5
Kubernetes---kb_847_Normalized.json,Kubernetes---kb_847_Normalized.json::test_00005,invalid,passed,False,True,correct_reject,0.002159,0.001003,0.000746,5.9e-05,57,5
Kubernetes---kb_848_Normalized.json,Kubernetes---kb_848_Normalized.json::test_00000,valid,failed,False,True,over_constraint,0.002111,0.007222,0.006398,0.000485,50,47
Kubernetes---kb_848_Normalized.json,Kubernetes---kb_848_Normalized.json::test_00001,invalid,compiled,,False,no_decision,0.002111,,,,,
Kubernetes---kb_848_Normalized.json,Kubernetes---kb_848_Normalized.json::test_00002,invalid,compiled,,False,no_decision,0.002111,,,,,
Kubernetes---kb_848_Normalized.json,Kubernetes---kb_848_Normalized.json::test_00003,valid,compiled,,False,no_decision,0.002111,,,,,
Kubernetes---kb_848_Normalized.json,Kubernetes---kb_848_Normalized.json::test_00004,invalid,compiled,,False,no_decision,0.002111,,,,,
Kubernetes---kb_848_Normalized.json,Kubernetes---kb_848_Normalized.json::test_00005,invalid,compiled,,False,no_decision,0.002111,,,,,
Kubernetes---kb_849_Normalized.json,Kubernetes---kb_849_Normalized.json::test_00000,valid,failed,False,True,over_constraint,0.002046,0.00156,0.001031,5.8e-05,57,5
Kubernetes---kb_849_Normalized.json,Kubernetes---kb_849_Normalized.json::test_00001,invalid,passed,False,True,correct_reject,0.002046,0.001005,0.000753,4.9e-05,58,5
Kubernetes---kb_849_Normalized.json,Kubernetes---kb_849_Normalized.json::test_00002,invalid,passed,False,True,correct_reject,0.002046,0.000998,0.000747,4.6e-05,42,5
Kubernetes---kb_849_Normalized.json,Kubernetes---kb_849_Normalized.json::test_00003,invalid,passed,False,True,correct_reject,0.002046,0.001025,0.000772,4.8e-05,59,5
Kubernetes---kb_849_Normalized.json,Kubernetes---kb_849_Normalized.json::test_00004,valid,passed,True,True,correct_accept,0.002046,0.004741,0.004279,0.000302,54,54
Kubernetes---kb_849_Normalized.json,Kubernetes---kb_849_Normalized.json::test_00005,invalid,passed,False,True,correct_reject,0.002046,0.000999,0.000917,5.3e-05,54,6
Kubernetes---kb_849_Normalized.json,Kubernetes---kb_849_Normalized.json::test_00006,invalid,passed,False,True,correct_reject,0.002046,0.006155,0.00565,0.000326,57,56
Kubernetes---kb_84_Normalized.json,Kubernetes---kb_84_Normalized.json::test_00000,valid,failed,False,True,over_constraint,0.006161,0.010634,0.009258,0.00094,140,59
Kubernetes---kb_84_Normalized.json,Kubernetes---kb_84_Normalized.json::test_00001,invalid,running_validation,,False,no_decision,0.006161,,,,131,
Kubernetes---kb_84_Normalized.json,Kubernetes---kb_84_Normalized.json::test_00002,invalid,passed,False,True,correct_reject,0.006161,0.005013,0.004574,0.00029,143,44
Kubernetes---kb_84_Normalized.json,Kubernetes---kb_84_Normalized.json::test_00003,valid,failed,False,True,over_constraint,0.007239,0.000715,0.000484,1.6e-05,138,1
Kubernetes---kb_84_Normalized.json,Kubernetes---kb_84_Normalized.json::test_00004,invalid,passed,False,True,correct_reject,0.007239,0.006196,0.005502,0.000359,140,58
Kubernetes---kb_84_Normalized.json,Kubernetes---kb_84_Normalized.json::test_00005,invalid,passed,False,True,correct_reject,0.007239,0.00509,0.004652,0.000286,144,44
Kubernetes---kb_850_Normalized.json,Kubernetes---kb_850_Normalized.json::test_00000,valid,failed,False,True,over_constraint,0.005631,0.008005,0.006933,0.000699,94,45
Kubernetes---kb_850_Normalized.json,Kubernetes---kb_850_Normalized.json::test_00001,invalid,passed,False,True,correct_reject,0.005631,0.005589,0.004869,0.000352,97,45
Kubernetes---kb_850_Normalized.json,Kubernetes---kb_850_Normalized.json::test_00002,invalid,passed,False,True,correct_reject,0.005631,0.005304,0.004657,0.000311,82,45
Kubernetes---kb_850_Normalized.json,Kubernetes---kb_850_Normalized.json::test_00003,invalid,passed,False,True,correct_reject,0.005631,0.005528,0.004825,0.000352,61,45
Kubernetes---kb_850_Normalized.json,Kubernetes---kb_850_Normalized.json::test_00004,invalid,passed,False,True,correct_reject,0.005631,0.005652,0.004976,0.000322,87,45
Kubernetes---kb_850_Normalized.json,Kubernetes---kb_850_Normalized.json::test_00005,valid,failed,False,True,over_constraint,0.005631,0.005453,0.004794,0.000322,106,45
Kubernetes---kb_850_Normalized.json,Kubernetes---kb_850_Normalized.json::test_00006,invalid,passed,False,True,correct_reject,0.005631,0.005471,0.004973,0.000331,79,46
Kubernetes---kb_850_Normalized.json,Kubernetes---kb_850_Normalized.json::test_00007,invalid,passed,False,True,correct_reject,0.005631,0.003306,0.003009,0.000188,128,28
Kubernetes---kb_851_Normalized.json,Kubernetes---kb_851_Normalized.json::test_00000,valid,failed,False,True,over_constraint,0.005459,0.009598,0.008217,0.000924,108,47
Kubernetes---kb_851_Normalized.json,Kubernetes---kb_851_Normalized.json::test_00001,invalid,passed,False,True,correct_reject,0.005459,0.006483,0.005742,0.00039,102,47
Kubernetes---kb_851_Normalized.json,Kubernetes---kb_851_Normalized.json::test_00002,invalid,passed,False,True,correct_reject,0.005459,0.005677,0.004975,0.000335,63,47
Kubernetes---kb_851_Normalized.json,Kubernetes---kb_851_Normalized.json::test_00003,invalid,passed,False,True,correct_reject,0.005459,0.005658,0.004969,0.000332,101,47
Kubernetes---kb_851_Normalized.json,Kubernetes---kb_851_Normalized.json::test_00004,valid,failed,False,True,over_constraint,0.005459,0.011917,0.010581,0.000815,115,93
Kubernetes---kb_852_Normalized.json,Kubernetes---kb_852_Normalized.json::test_00000,valid,failed,False,True,over_constraint,0.006163,0.009429,0.008125,0.000884,108,47
Kubernetes---kb_852_Normalized.json,Kubernetes---kb_852_Normalized.json::test_00001,invalid,passed,False,True,correct_reject,0.006163,0.005834,0.005346,0.000331,134,42
Kubernetes---kb_852_Normalized.json,Kubernetes---kb_852_Normalized.json::test_00002,invalid,passed,False,True,correct_reject,0.005543,0.006485,0.005652,0.000404,130,47
Kubernetes---kb_852_Normalized.json,Kubernetes---kb_852_Normalized.json::test_00003,invalid,passed,False,True,correct_reject,0.005543,0.005066,0.004348,0.000381,63,47
Kubernetes---kb_852_Normalized.json,Kubernetes---kb_852_Normalized.json::test_00004,valid,failed,False,True,over_constraint,0.005543,0.00642,0.005637,0.000423,114,56
Kubernetes---kb_852_Normalized.json,Kubernetes---kb_852_Normalized.json::test_00005,invalid,passed,False,True,correct_reject,0.005543,0.006326,0.00556,0.000397,72,56
Kubernetes---kb_852_Normalized.json,Kubernetes---kb_852_Normalized.json::test_00006,invalid,passed,False,True,correct_reject,0.005543,0.003745,0.003351,0.000263,122,31
Kubernetes---kb_853_Normalized.json,Kubernetes---kb_853_Normalized.json::test_00000,valid,failed,False,True,over_constraint,0.005417,0.009522,0.008356,0.000777,108,47
Kubernetes---kb_853_Normalized.json,Kubernetes---kb_853_Normalized.json::test_00001,invalid,passed,False,True,correct_reject,0.005417,0.006468,0.005804,0.000333,103,47
Kubernetes---kb_853_Normalized.json,Kubernetes---kb_853_Normalized.json::test_00002,invalid,passed,False,True,correct_reject,0.005417,0.006311,0.005662,0.000322,96,47
Kubernetes---kb_853_Normalized.json,Kubernetes---kb_853_Normalized.json::test_00003,invalid,passed,False,True,correct_reject,0.005417,0.008115,0.007204,0.000508,110,47
Kubernetes---kb_853_Normalized.json,Kubernetes---kb_853_Normalized.json::test_00004,invalid,passed,False,True,correct_reject,0.005417,0.006189,0.00539,0.000437,103,47
Kubernetes---kb_853_Normalized.json,Kubernetes---kb_853_Normalized.json::test_00005,valid,failed,False,True,over_constraint,0.005417,0.006262,0.005568,0.000362,108,47
Kubernetes---kb_853_Normalized.json,Kubernetes---kb_853_Normalized.json::test_00006,invalid,passed,False,True,correct_reject,0.005417,0.006114,0.005446,0.000339,88,47
Kubernetes---kb_854_Normalized.json,Kubernetes---kb_854_Normalized.json::test_00000,valid,passed,True,True,correct_accept,0.00925,0.018522,0.016807,0.001193,161,161
Kubernetes---kb_854_Normalized.json,Kubernetes---kb_854_Normalized.json::test_00001,invalid,passed,False,True,correct_reject,0.00925,0.015524,0.014082,0.000946,163,161
Kubernetes---kb_854_Normalized.json,Kubernetes---kb_854_Normalized.json::test_00002,invalid,passed,False,True,correct_reject,0.00925,0.004181,0.003735,0.000307,160,42
Kubernetes---kb_854_Normalized.json,Kubernetes---kb_854_Normalized.json::test_00003,valid,passed,True,True,correct_accept,0.00925,0.0108,0.009494,0.000842,125,125
Kubernetes---kb_854_Normalized.json,Kubernetes---kb_854_Normalized.json::test_00004,invalid,passed,False,True,correct_reject,0.00925,0.000922,0.000837,5.3e-05,117,6
Kubernetes---kb_854_Normalized.json,Kubernetes---kb_854_Normalized.json::test_00005,invalid,passed,False,True,correct_reject,0.00925,0.014012,0.012535,0.000995,125,123
Kubernetes---kb_855_Normalized.json,Kubernetes---kb_855_Normalized.json::test_00000,valid,passed,True,True,correct_accept,0.006365,0.016455,0.014835,0.001137,146,146
Kubernetes---kb_855_Normalized.json,Kubernetes---kb_855_Normalized.json::test_00001,invalid,passed,False,True,correct_reject,0.006365,0.013807,0.01245,0.000883,149,147
Kubernetes---kb_855_Normalized.json,Kubernetes---kb_855_Normalized.json::test_00002,invalid,passed,False,True,correct_reject,0.006365,0.005942,0.005315,0.000418,139,64
Kubernetes---kb_855_Normalized.json,Kubernetes---kb_855_Normalized.json::test_00003,valid,passed,True,True,correct_accept,0.006365,0.016734,0.014986,0.001167,156,156
Kubernetes---kb_855_Normalized.json,Kubernetes---kb_855_Normalized.json::test_00004,invalid,passed,False,True,correct_reject,0.006365,0.00673,0.006078,0.00043,101,64
Kubernetes---kb_855_Normalized.json,Kubernetes---kb_855_Normalized.json::test_00005,invalid,passed,False,True,correct_reject,0.006365,0.007784,0.006997,0.000519,155,69
Kubernetes---kb_856_Normalized.json,Kubernetes---kb_856_Normalized.json::test_00000,valid,compiled,,False,no_decision,0.007027,,,,,
Kubernetes---kb_856_Normalized.json,Kubernetes---kb_856_Normalized.json::test_00001,invalid,compiled,,False,no_decision,0.007027,,,,,
Kubernetes---kb_856_Normalized.json,Kubernetes---kb_856_Normalized.json::test_00002,invalid,compiled,,False,no_decision,0.007027,,,,,
Kubernetes---kb_856_Normalized.json,Kubernetes---kb_856_Normalized.json::test_00003,invalid,compiled,,False,no_decision,0.007027,,,,,
Kubernetes---kb_856_Normalized.json,Kubernetes---kb_856_Normalized.json::test_00004,valid,compiled,,False,no_decision,0.007027,,,,,
Kubernetes---kb_856_Normalized.json,Kubernetes---kb_856_Normalized.json::test_00005,invalid,compiled,,False,no_decision,0.007027,,,,,
Kubernetes---kb_856_Normalized.json,Kubernetes---kb_856_Normalized.json::test_00006,invalid,compiled,,False,no_decision,0.007027,,,,,
Kubernetes---kb_857_Normalized.json,Kubernetes---kb_857_Normalized.json::test_00000,valid,passed,True,True,correct_accept,0.005235,0.020842,0.018697,0.001561,137,137
Kubernetes---kb_857_Normalized.json,Kubernetes---kb_857_Normalized.json::test_00001,invalid,passed,False,True,correct_reject,0.005235,0.012151,0.010795,0.000879,140,138
Kubernetes---kb_857_Normalized.json,Kubernetes---kb_857_Normalized.json::test_00002,invalid,passed,False,True,correct_reject,0.005235,0.006308,0.00579,0.000371,136,44
Kubernetes---kb_857_Normalized.json,Kubernetes---kb_857_Normalized.json::test_00003,invalid,passed,False,True,correct_reject,0.005235,0.000952,0.000864,5.5e-05,126,6
Kubernetes---kb_857_Normalized.json,Kubernetes---kb_857_Normalized.json::test_00004,invalid,passed,False,True,correct_reject,0.005235,0.005468,0.004924,0.000372,168,44
Kubernetes---kb_857_Normalized.json,Kubernetes---kb_857_Normalized.json::test_00005,valid,passed,True,True,correct_accept,0.005235,0.013095,0.011891,0.0008,127,127
Kubernetes---kb_857_Normalized.json,Kubernetes---kb_857_Normalized.json::test_00006,invalid,passed,False,True,correct_reject,0.005235,0.000665,0.000613,3.2e-05,131,5
Kubernetes---kb_858_Normalized.json,Kubernetes---kb_858_Normalized.json::test_00000,valid,running_compile_grammar,,False,no_decision,,,,,,
Kubernetes---kb_858_Normalized.json,Kubernetes---kb_858_Normalized.json::test_00001,invalid,running_compile_grammar,,False,no_decision,,,,,,
Kubernetes---kb_858_Normalized.json,Kubernetes---kb_858_Normalized.json::test_00002,invalid,running_compile_grammar,,False,no_decision,,,,,,
Kubernetes---kb_858_Normalized.json,Kubernetes---kb_858_Normalized.json::test_00003,invalid,running_compile_grammar,,False,no_decision,,,,,,
Kubernetes---kb_858_Normalized.json,Kubernetes---kb_858_Normalized.json::test_00004,invalid,passed,False,True,correct_reject,0.004838,0.011076,0.009884,0.000816,147,85
Kubernetes---kb_858_Normalized.json,Kubernetes---kb_858_Normalized.json::test_00005,invalid,passed,False,True,correct_reject,0.004838,0.005407,0.004896,0.000305,145,85
Kubernetes---kb_858_Normalized.json,Kubernetes---kb_858_Normalized.json::test_00006,invalid,passed,False,True,correct_reject,0.004838,0.006213,0.005509,0.000444,88,84
Kubernetes---kb_859_Normalized.json,Kubernetes---kb_859_Normalized.json::test_00000,valid,passed,True,True,correct_accept,0.006442,0.014755,0.01328,0.001001,163,163
Kubernetes---kb_859_Normalized.json,Kubernetes---kb_859_Normalized.json::test_00001,invalid,passed,False,True,correct_reject,0.006442,0.001981,0.001751,0.000145,55,21
Kubernetes---kb_859_Normalized.json,Kubernetes---kb_859_Normalized.json::test_00002,invalid,passed,False,True,correct_reject,0.006442,0.009445,0.008467,0.000606,161,136
Kubernetes---kb_859_Normalized.json,Kubernetes---kb_859_Normalized.json::test_00003,valid,passed,True,True,correct_accept,0.006442,0.016291,0.014652,0.001082,162,162
Kubernetes---kb_859_Normalized.json,Kubernetes---kb_859_Normalized.json::test_00004,invalid,passed,False,True,correct_reject,0.006442,0.011568,0.010512,0.00068,161,122
Kubernetes---kb_85_Normalized.json,Kubernetes---kb_85_Normalized.json::test_00000,valid,failed,False,True,over_constraint,0.006373,0.008575,0.007489,0.00071,98,49
Kubernetes---kb_85_Normalized.json,Kubernetes---kb_85_Normalized.json::test_00001,invalid,passed,False,True,correct_reject,0.006373,0.005345,0.004696,0.000313,101,49
Kubernetes---kb_85_Normalized.json,Kubernetes---kb_85_Normalized.json::test_00002,invalid,passed,False,True,correct_reject,0.006373,0.005295,0.004668,0.00031,100,49
Kubernetes---kb_85_Normalized.json,Kubernetes---kb_85_Normalized.json::test_00003,invalid,passed,False,True,correct_reject,0.006373,0.005439,0.004789,0.000318,91,49
Kubernetes---kb_85_Normalized.json,Kubernetes---kb_85_Normalized.json::test_00004,valid,failed,False,True,over_constraint,0.006373,0.00071,0.000495,1.6e-05,138,1
Kubernetes---kb_85_Normalized.json,Kubernetes---kb_85_Normalized.json::test_00005,invalid,passed,False,True,correct_reject,0.006373,0.005621,0.004992,0.000411,112,54
Kubernetes---kb_85_Normalized.json,Kubernetes---kb_85_Normalized.json::test_00006,invalid,passed,False,True,correct_reject,0.006373,0.005999,0.005419,0.000434,144,44
Kubernetes---kb_860_Normalized.json,Kubernetes---kb_860_Normalized.json::test_00000,valid,passed,True,True,correct_accept,0.006499,0.0139,0.012444,0.001006,154,154
Kubernetes---kb_860_Normalized.json,Kubernetes---kb_860_Normalized.json::test_00001,invalid,passed,False,True,correct_reject,0.006499,0.011212,0.010232,0.000622,152,127
Kubernetes---kb_860_Normalized.json,Kubernetes---kb_860_Normalized.json::test_00002,invalid,passed,False,True,correct_reject,0.006499,0.010616,0.009645,0.00062,153,115
Kubernetes---kb_860_Normalized.json,Kubernetes---kb_860_Normalized.json::test_00003,invalid,passed,False,True,correct_reject,0.006499,0.008759,0.007961,0.000514,153,89
Kubernetes---kb_860_Normalized.json,Kubernetes---kb_860_Normalized.json::test_00004,invalid,passed,False,True,correct_reject,0.006274,0.000744,0.00067,4.4e-05,144,6
Kubernetes---kb_861_Normalized.json,Kubernetes---kb_861_Normalized.json::test_00000,valid,running_compile_grammar,,False,no_decision,,,,,,
Kubernetes---kb_861_Normalized.json,Kubernetes---kb_861_Normalized.json::test_00001,invalid,running_compile_grammar,,False,no_decision,,,,,,
Kubernetes---kb_861_Normalized.json,Kubernetes---kb_861_Normalized.json::test_00002,invalid,running_compile_grammar,,False,no_decision,,,,,,
Kubernetes---kb_861_Normalized.json,Kubernetes---kb_861_Normalized.json::test_00003,invalid,passed,False,True,correct_reject,0.00648,0.013163,0.012048,0.000713,152,127
Kubernetes---kb_861_Normalized.json,Kubernetes---kb_861_Normalized.json::test_00004,invalid,passed,False,True,correct_reject,0.00648,0.011452,0.010509,0.000614,103,101
Kubernetes---kb_861_Normalized.json,Kubernetes---kb_861_Normalized.json::test_00005,invalid,passed,False,True,correct_reject,0.00648,0.011129,0.010185,0.000617,153,89
Kubernetes---kb_861_Normalized.json,Kubernetes---kb_861_Normalized.json::test_00006,invalid,passed,False,True,correct_reject,0.00648,0.015672,0.014332,0.000884,153,127
Kubernetes---kb_862_Normalized.json,Kubernetes---kb_862_Normalized.json::test_00000,valid,passed,True,True,correct_accept,0.008079,0.022295,0.020054,0.00174,122,122
Kubernetes---kb_862_Normalized.json,Kubernetes---kb_862_Normalized.json::test_00001,invalid,passed,False,True,correct_reject,0.008079,0.009366,0.008539,0.000551,122,77
Kubernetes---kb_862_Normalized.json,Kubernetes---kb_862_Normalized.json::test_00002,invalid,passed,False,True,correct_reject,0.007001,0.011668,0.010644,0.000697,125,86
Kubernetes---kb_862_Normalized.json,Kubernetes---kb_862_Normalized.json::test_00003,valid,passed,True,True,correct_accept,0.007001,0.013832,0.012635,0.000808,114,114
Kubernetes---kb_862_Normalized.json,Kubernetes---kb_862_Normalized.json::test_00004,invalid,passed,False,True,correct_reject,0.007001,0.00927,0.008423,0.000569,109,77
Kubernetes---kb_862_Normalized.json,Kubernetes---kb_862_Normalized.json::test_00005,invalid,passed,False,True,correct_reject,0.007001,0.00779,0.007126,0.000448,114,63
Kubernetes---kb_863_Normalized.json,Kubernetes---kb_863_Normalized.json::test_00000,valid,passed,True,True,correct_accept,0.006573,0.019887,0.01779,0.001613,137,137
Kubernetes---kb_863_Normalized.json,Kubernetes---kb_863_Normalized.json::test_00001,invalid,passed,False,True,correct_reject,0.006573,0.007776,0.007043,0.000484,139,90
Kubernetes---kb_863_Normalized.json,Kubernetes---kb_863_Normalized.json::test_00002,invalid,passed,False,True,correct_reject,0.006573,0.012146,0.011015,0.000742,131,99
Kubernetes---kb_863_Normalized.json,Kubernetes---kb_863_Normalized.json::test_00003,invalid,running_compile_grammar,,False,no_decision,,,,,,
Kubernetes---kb_863_Normalized.json,Kubernetes---kb_863_Normalized.json::test_00004,invalid,running_compile_grammar,,False,no_decision,,,,,,
Kubernetes---kb_864_Normalized.json,Kubernetes---kb_864_Normalized.json::test_00004,invalid,passed,False,True,correct_reject,0.006914,0.008873,0.0081,0.000506,114,80
Kubernetes---kb_864_Normalized.json,Kubernetes---kb_864_Normalized.json::test_00000,valid,compiled,,False,no_decision,0.006914,,,,,
Kubernetes---kb_864_Normalized.json,Kubernetes---kb_864_Normalized.json::test_00001,invalid,passed,False,True,correct_reject,0.006914,0.008794,0.007833,0.000512,133,67
Kubernetes---kb_864_Normalized.json,Kubernetes---kb_864_Normalized.json::test_00002,invalid,passed,False,True,correct_reject,0.006914,0.008267,0.007395,0.000447,142,67
Kubernetes---kb_864_Normalized.json,Kubernetes---kb_864_Normalized.json::test_00003,valid,passed,True,True,correct_accept,0.006914,0.015567,0.0141,0.001015,120,120
Kubernetes---kb_865_Normalized.json,Kubernetes---kb_865_Normalized.json::test_00000,valid,failed,False,True,over_constraint,0.00767,0.009544,0.008388,0.000789,151,67
Kubernetes---kb_865_Normalized.json,Kubernetes---kb_865_Normalized.json::test_00001,invalid,passed,False,True,correct_reject,0.00767,0.009889,0.008851,0.000574,154,67
Kubernetes---kb_865_Normalized.json,Kubernetes---kb_865_Normalized.json::test_00002,invalid,passed,False,True,correct_reject,0.00767,0.008994,0.008105,0.000459,155,67
Kubernetes---kb_865_Normalized.json,Kubernetes---kb_865_Normalized.json::test_00003,invalid,passed,False,True,correct_reject,0.00767,0.009322,0.008293,0.000527,134,67
Kubernetes---kb_865_Normalized.json,Kubernetes---kb_865_Normalized.json::test_00004,invalid,passed,False,True,correct_reject,0.00767,0.00956,0.008591,0.000537,135,67
Kubernetes---kb_866_Normalized.json,Kubernetes---kb_866_Normalized.json::test_00000,valid,passed,True,True,correct_accept,0.002062,0.003779,0.003491,0.000194,26,26
Kubernetes---kb_866_Normalized.json,Kubernetes---kb_866_Normalized.json::test_00001,invalid,passed,False,True,correct_reject,0.002062,0.000962,0.000883,4.9e-05,20,6
Kubernetes---kb_866_Normalized.json,Kubernetes---kb_866_Normalized.json::test_00002,invalid,passed,False,True,correct_reject,0.002062,0.003306,0.002968,0.000224,26,25
Kubernetes---kb_866_Normalized.json,Kubernetes---kb_866_Normalized.json::test_00003,invalid,passed,False,True,correct_reject,0.002062,0.000964,0.000895,4.2e-05,19,5
Kubernetes---kb_867_Normalized.json,Kubernetes---kb_867_Normalized.json::test_00000,valid,passed,True,True,correct_accept,0.001917,0.003913,0.003594,0.000212,26,26
Kubernetes---kb_867_Normalized.json,Kubernetes---kb_867_Normalized.json::test_00001,invalid,passed,False,True,correct_reject,0.001917,0.00099,0.000902,5.4e-05,20,6
Kubernetes---kb_867_Normalized.json,Kubernetes---kb_867_Normalized.json::test_00002,invalid,passed,False,True,correct_reject,0.001917,0.003184,0.0029,0.000191,26,25
Kubernetes---kb_867_Normalized.json,Kubernetes---kb_867_Normalized.json::test_00003,invalid,passed,False,True,correct_reject,0.001917,0.000903,0.000827,4.8e-05,19,5
Kubernetes---kb_867_Normalized.json,Kubernetes---kb_867_Normalized.json::test_00004,invalid,passed,False,True,correct_reject,0.001917,0.002666,0.002428,0.000163,20,18
Kubernetes---kb_868_Normalized.json,Kubernetes---kb_868_Normalized.json::test_00000,valid,passed,True,True,correct_accept,0.002358,0.00435,0.003958,0.000268,26,26
Kubernetes---kb_868_Normalized.json,Kubernetes---kb_868_Normalized.json::test_00001,invalid,passed,False,True,correct_reject,0.002358,0.001257,0.001145,6.4e-05,20,6
Kubernetes---kb_868_Normalized.json,Kubernetes---kb_868_Normalized.json::test_00002,invalid,passed,False,True,correct_reject,0.002358,0.002899,0.002657,0.000155,26,25
Kubernetes---kb_868_Normalized.json,Kubernetes---kb_868_Normalized.json::test_00003,invalid,passed,False,True,correct_reject,0.002358,0.000887,0.000815,4.4e-05,19,5
Kubernetes---kb_868_Normalized.json,Kubernetes---kb_868_Normalized.json::test_00004,invalid,passed,False,True,correct_reject,0.002358,0.001879,0.001693,0.000112,25,18
Kubernetes---kb_869_Normalized.json,Kubernetes---kb_869_Normalized.json::test_00000,valid,passed,True,True,correct_accept,0.001528,0.002925,0.002654,0.000176,26,26
Kubernetes---kb_869_Normalized.json,Kubernetes---kb_869_Normalized.json::test_00001,invalid,passed,False,True,correct_reject,0.001528,0.000789,0.00072,4.1e-05,20,6
Kubernetes---kb_869_Normalized.json,Kubernetes---kb_869_Normalized.json::test_00002,invalid,passed,False,True,correct_reject,0.001528,0.003217,0.00293,0.000187,26,25
Kubernetes---kb_869_Normalized.json,Kubernetes---kb_869_Normalized.json::test_00003,invalid,running_validation,,False,no_decision,0.001528,,,,25,
Kubernetes---kb_86_Normalized.json,Kubernetes---kb_86_Normalized.json::test_00002,invalid,passed,False,True,correct_reject,0.006624,0.004967,0.004406,0.000265,101,49
Kubernetes---kb_86_Normalized.json,Kubernetes---kb_86_Normalized.json::test_00003,invalid,passed,False,True,correct_reject,0.006624,0.00561,0.004997,0.000287,91,49
Kubernetes---kb_86_Normalized.json,Kubernetes---kb_86_Normalized.json::test_00004,valid,failed,False,True,over_constraint,0.006624,0.006832,0.006102,0.000354,107,49
Kubernetes---kb_86_Normalized.json,Kubernetes---kb_86_Normalized.json::test_00005,invalid,passed,False,True,correct_reject,0.006624,0.004485,0.003987,0.000249,64,49
Kubernetes---kb_870_Normalized.json,Kubernetes---kb_870_Normalized.json::test_00000,valid,passed,True,True,correct_accept,0.002096,0.001903,0.001639,0.000226,6,6
Kubernetes---kb_870_Normalized.json,Kubernetes---kb_870_Normalized.json::test_00001,invalid,passed,False,True,correct_reject,0.002096,0.000918,0.000857,3.9e-05,6,4
Kubernetes---kb_870_Normalized.json,Kubernetes---kb_870_Normalized.json::test_00002,invalid,passed,False,True,correct_reject,0.002096,0.000993,0.000922,4.5e-05,6,4
Kubernetes---kb_870_Normalized.json,Kubernetes---kb_870_Normalized.json::test_00003,invalid,passed,False,True,correct_reject,0.002096,0.001508,0.001423,6e-05,5,4
Kubernetes---kb_870_Normalized.json,Kubernetes---kb_870_Normalized.json::test_00004,invalid,passed,False,True,correct_reject,0.002096,0.000962,0.000882,5e-05,8,6
Kubernetes---kb_870_Normalized.json,Kubernetes---kb_870_Normalized.json::test_00005,valid,passed,True,True,correct_accept,0.002096,0.001066,0.000977,6e-05,6,6
Kubernetes---kb_871_Normalized.json,Kubernetes---kb_871_Normalized.json::test_00000,valid,passed,True,True,correct_accept,0.00142,0.001846,0.001644,0.000168,6,6
Kubernetes---kb_871_Normalized.json,Kubernetes---kb_871_Normalized.json::test_00001,invalid,passed,False,True,correct_reject,0.00142,0.000963,0.000895,4.4e-05,6,4
Kubernetes---kb_871_Normalized.json,Kubernetes---kb_871_Normalized.json::test_00002,invalid,passed,False,True,correct_reject,0.00142,0.000807,0.000747,3.7e-05,5,4
Kubernetes---kb_871_Normalized.json,Kubernetes---kb_871_Normalized.json::test_00003,invalid,passed,False,True,correct_reject,0.00142,0.000946,0.000865,5.1e-05,8,6
Kubernetes---kb_871_Normalized.json,Kubernetes---kb_871_Normalized.json::test_00004,valid,passed,True,True,correct_accept,0.00142,0.00094,0.000848,6e-05,6,6
Kubernetes---kb_872_Normalized.json,Kubernetes---kb_872_Normalized.json::test_00000,valid,passed,True,True,correct_accept,0.001472,0.001554,0.001337,0.000183,6,6
Kubernetes---kb_872_Normalized.json,Kubernetes---kb_872_Normalized.json::test_00001,invalid,passed,False,True,correct_reject,0.001472,0.000981,0.000913,4.1e-05,6,4
Kubernetes---kb_872_Normalized.json,Kubernetes---kb_872_Normalized.json::test_00002,invalid,passed,False,True,correct_reject,0.001472,0.000954,0.00089,3.9e-05,6,4
Kubernetes---kb_872_Normalized.json,Kubernetes---kb_872_Normalized.json::test_00003,invalid,passed,False,True,correct_reject,0.001472,0.000816,0.000765,3.2e-05,5,4
Kubernetes---kb_872_Normalized.json,Kubernetes---kb_872_Normalized.json::test_00004,invalid,passed,False,True,correct_reject,0.001472,0.001753,0.0016,9.6e-05,8,6
Kubernetes---kb_872_Normalized.json,Kubernetes---kb_872_Normalized.json::test_00005,valid,passed,True,True,correct_accept,0.001472,0.000829,0.000761,4.3e-05,6,6
Kubernetes---kb_872_Normalized.json,Kubernetes---kb_872_Normalized.json::test_00006,invalid,running_validation,,False,no_decision,0.001472,,,,8,
Kubernetes---kb_875_Normalized.json,Kubernetes---kb_875_Normalized.json::test_00001,valid,passed,True,True,correct_accept,0.002146,0.001265,0.00116,6.9e-05,7,7
Kubernetes---kb_875_Normalized.json,Kubernetes---kb_875_Normalized.json::test_00002,invalid,passed,False,True,correct_reject,0.002146,0.00081,0.000759,3.1e-05,10,5
Kubernetes---kb_875_Normalized.json,Kubernetes---kb_875_Normalized.json::test_00000,valid,passed,True,True,correct_accept,0.002146,0.002314,0.001983,0.000288,7,7
Kubernetes---kb_876_Normalized.json,Kubernetes---kb_876_Normalized.json::test_00000,valid,passed,True,True,correct_accept,0.001921,0.002361,0.002065,0.000259,7,7
Kubernetes---kb_876_Normalized.json,Kubernetes---kb_876_Normalized.json::test_00001,invalid,passed,False,True,correct_reject,0.001921,0.000913,0.000849,4e-05,9,7
Kubernetes---kb_877_Normalized.json,Kubernetes---kb_877_Normalized.json::test_00000,valid,passed,True,True,correct_accept,0.001957,0.003604,0.003185,0.00035,15,15
Kubernetes---kb_877_Normalized.json,Kubernetes---kb_877_Normalized.json::test_00001,valid,passed,True,True,correct_accept,0.001957,0.002531,0.002284,0.000173,16,16
Kubernetes---kb_878_Normalized.json,Kubernetes---kb_878_Normalized.json::test_00000,valid,running_compile_grammar,,False,no_decision,,,,,,
Kubernetes---kb_878_Normalized.json,Kubernetes---kb_878_Normalized.json::test_00001,invalid,running_compile_grammar,,False,no_decision,,,,,,
Kubernetes---kb_878_Normalized.json,Kubernetes---kb_878_Normalized.json::test_00002,invalid,passed,False,True,correct_reject,0.002211,0.002089,0.001942,9.6e-05,14,13
Kubernetes---kb_879_Normalized.json,Kubernetes---kb_879_Normalized.json::test_00001,valid,passed,True,True,correct_accept,0.002098,0.002396,0.00221,0.000128,16,16
Kubernetes---kb_879_Normalized.json,Kubernetes---kb_879_Normalized.json::test_00002,invalid,passed,False,True,correct_reject,0.002098,0.001185,0.001113,4.4e-05,15,6
Kubernetes---kb_87_Normalized.json,Kubernetes---kb_87_Normalized.json::test_00000,valid,compiled,,False,no_decision,0.005415,,,,,
Kubernetes---kb_87_Normalized.json,Kubernetes---kb_87_Normalized.json::test_00001,invalid,compiled,,False,no_decision,0.005415,,,,,
Kubernetes---kb_87_Normalized.json,Kubernetes---kb_87_Normalized.json::test_00002,invalid,running_compile_grammar,,False,no_decision,,,,,,
Kubernetes---kb_87_Normalized.json,Kubernetes---kb_87_Normalized.json::test_00003,valid,compiled,,False,no_decision,0.00504,,,,,
Kubernetes---kb_87_Normalized.json,Kubernetes---kb_87_Normalized.json::test_00004,invalid,compiled,,False,no_decision,0.00504,,,,,
Kubernetes---kb_879_Normalized.json,Kubernetes---kb_879_Normalized.json::test_00000,valid,passed,True,True,correct_accept,0.002098,0.003547,0.003125,0.000361,15,15
Kubernetes---kb_880_Normalized.json,Kubernetes---kb_880_Normalized.json::test_00000,valid,passed,True,True,correct_accept,0.002133,0.003606,0.003184,0.000357,16,16
Kubernetes---kb_881_Normalized.json,Kubernetes---kb_881_Normalized.json::test_00000,valid,passed,True,True,correct_accept,0.002072,0.002857,0.002496,0.0003,16,16
Kubernetes---kb_881_Normalized.json,Kubernetes---kb_881_Normalized.json::test_00001,valid,passed,True,True,correct_accept,0.002072,0.002396,0.002172,0.000153,15,15
Kubernetes---kb_881_Normalized.json,Kubernetes---kb_881_Normalized.json::test_00002,invalid,passed,False,True,correct_reject,0.002072,0.001154,0.001084,4.3e-05,13,6
Kubernetes---kb_882_Normalized.json,Kubernetes---kb_882_Normalized.json::test_00000,valid,passed,True,True,correct_accept,0.001864,0.001717,0.001497,0.000188,6,6
Kubernetes---kb_882_Normalized.json,Kubernetes---kb_882_Normalized.json::test_00001,invalid,passed,False,True,correct_reject,0.001864,0.000726,0.000681,2.6e-05,6,4
Kubernetes---kb_882_Normalized.json,Kubernetes---kb_882_Normalized.json::test_00002,invalid,passed,False,True,correct_reject,0.001864,0.000971,0.000897,4.7e-05,5,4
Kubernetes---kb_882_Normalized.json,Kubernetes---kb_882_Normalized.json::test_00003,invalid,passed,False,True,correct_reject,0.001864,0.000657,0.000617,2.3e-05,6,4
Kubernetes---kb_882_Normalized.json,Kubernetes---kb_882_Normalized.json::test_00004,invalid,passed,False,True,correct_reject,0.001864,0.000753,0.000699,3.4e-05,8,6
Kubernetes---kb_883_Normalized.json,Kubernetes---kb_883_Normalized.json::test_00000,valid,passed,True,True,correct_accept,0.003043,0.001384,0.001242,0.000118,6,6
Kubernetes---kb_883_Normalized.json,Kubernetes---kb_883_Normalized.json::test_00001,invalid,passed,False,True,correct_reject,0.001425,0.000604,0.000559,2.8e-05,6,4
Kubernetes---kb_883_Normalized.json,Kubernetes---kb_883_Normalized.json::test_00002,invalid,passed,False,True,correct_reject,0.001425,0.000657,0.000601,3.9e-05,5,4
Kubernetes---kb_884_Normalized.json,Kubernetes---kb_884_Normalized.json::test_00000,valid,passed,True,True,correct_accept,0.001828,0.001162,0.001022,0.000114,6,6
Kubernetes---kb_884_Normalized.json,Kubernetes---kb_884_Normalized.json::test_00001,invalid,passed,False,True,correct_reject,0.001828,0.000748,0.000692,3.5e-05,6,4
Kubernetes---kb_884_Normalized.json,Kubernetes---kb_884_Normalized.json::test_00002,invalid,passed,False,True,correct_reject,0.001828,0.000874,0.000823,3.3e-05,6,4
Kubernetes---kb_884_Normalized.json,Kubernetes---kb_884_Normalized.json::test_00003,invalid,passed,False,True,correct_reject,0.001828,0.000776,0.000726,3.2e-05,5,4
Kubernetes---kb_885_Normalized.json,Kubernetes---kb_885_Normalized.json::test_00000,valid,passed,True,True,correct_accept,0.001511,0.001509,0.001325,0.000157,6,6
Kubernetes---kb_885_Normalized.json,Kubernetes---kb_885_Normalized.json::test_00001,invalid,passed,False,True,correct_reject,0.001511,0.00088,0.000824,3.7e-05,6,4
Kubernetes---kb_885_Normalized.json,Kubernetes---kb_885_Normalized.json::test_00002,invalid,passed,False,True,correct_reject,0.001511,0.000778,0.000724,3.3e-05,6,4
Kubernetes---kb_885_Normalized.json,Kubernetes---kb_885_Normalized.json::test_00003,invalid,passed,False,True,correct_reject,0.001511,0.000831,0.00078,3.1e-05,5,4
Kubernetes---kb_887_Normalized.json,Kubernetes---kb_887_Normalized.json::test_00000,valid,failed,False,True,over_constraint,0.002182,0.004963,0.004019,0.000555,41,16
Kubernetes---kb_887_Normalized.json,Kubernetes---kb_887_Normalized.json::test_00001,invalid,passed,False,True,correct_reject,0.002182,0.00133,0.00123,6.5e-05,41,6
Kubernetes---kb_888_Normalized.json,Kubernetes---kb_888_Normalized.json::test_00000,valid,failed,False,True,over_constraint,0.002406,0.004045,0.003441,0.000341,41,16
Kubernetes---kb_888_Normalized.json,Kubernetes---kb_888_Normalized.json::test_00001,invalid,passed,False,True,correct_reject,0.002406,0.001145,0.001071,4.8e-05,41,6
Kubernetes---kb_889_Normalized.json,Kubernetes---kb_889_Normalized.json::test_00000,valid,failed,False,True,over_constraint,0.00222,0.003315,0.002821,0.00028,41,16
Kubernetes---kb_889_Normalized.json,Kubernetes---kb_889_Normalized.json::test_00001,invalid,passed,False,True,correct_reject,0.00222,0.000953,0.000893,3.7e-05,41,5
Kubernetes---kb_88_Normalized.json,Kubernetes---kb_88_Normalized.json::test_00000,valid,compiled,,False,no_decision,0.0057,,,,,
Kubernetes---kb_88_Normalized.json,Kubernetes---kb_88_Normalized.json::test_00001,invalid,compiled,,False,no_decision,0.0057,,,,,
Kubernetes---kb_88_Normalized.json,Kubernetes---kb_88_Normalized.json::test_00002,invalid,compiled,,False,no_decision,0.0057,,,,,
Kubernetes---kb_88_Normalized.json,Kubernetes---kb_88_Normalized.json::test_00003,invalid,compiled,,False,no_decision,0.0057,,,,,
Kubernetes---kb_88_Normalized.json,Kubernetes---kb_88_Normalized.json::test_00004,invalid,running_compile_grammar,,False,no_decision,,,,,,
Kubernetes---kb_88_Normalized.json,Kubernetes---kb_88_Normalized.json::test_00005,valid,running_compile_grammar,,False,no_decision,,,,,,
Kubernetes---kb_88_Normalized.json,Kubernetes---kb_88_Normalized.json::test_00006,invalid,running_compile_grammar,,False,no_decision,,,,,,
Kubernetes---kb_891_Normalized.json,Kubernetes---kb_891_Normalized.json::test_00001,invalid,passed,False,True,correct_reject,0.001699,0.000563,0.000518,2.4e-05,37,4
Kubernetes---kb_891_Normalized.json,Kubernetes---kb_891_Normalized.json::test_00000,valid,passed,True,True,correct_accept,0.001699,0.002682,0.00241,0.000173,39,39
Kubernetes---kb_892_Normalized.json,Kubernetes---kb_892_Normalized.json::test_00000,valid,passed,True,True,correct_accept,0.002159,0.00423,0.00374,0.000313,39,39
Kubernetes---kb_892_Normalized.json,Kubernetes---kb_892_Normalized.json::test_00001,invalid,passed,False,True,correct_reject,0.002159,0.002094,0.001875,0.00017,14,11
Kubernetes---kb_894_Normalized.json,Kubernetes---kb_894_Normalized.json::test_00000,valid,running_validation,,False,no_decision,0.002217,,,,39,
Kubernetes---kb_894_Normalized.json,Kubernetes---kb_894_Normalized.json::test_00001,invalid,passed,False,True,correct_reject,0.002217,0.000808,0.000743,4.1e-05,39,5
Kubernetes---kb_895_Normalized.json,Kubernetes---kb_895_Normalized.json::test_00000,valid,passed,True,True,correct_accept,0.002311,0.004547,0.004082,0.000328,39,39
Kubernetes---kb_895_Normalized.json,Kubernetes---kb_895_Normalized.json::test_00001,invalid,passed,False,True,correct_reject,0.002311,0.000739,0.000679,3.8e-05,38,5
Kubernetes---kb_896_Normalized.json,Kubernetes---kb_896_Normalized.json::test_00000,valid,failed,False,True,over_constraint,0.00611,0.017202,0.016493,0.000434,129,40
Kubernetes---kb_896_Normalized.json,Kubernetes---kb_896_Normalized.json::test_00001,valid,failed,False,True,over_constraint,0.00611,0.003721,0.003252,0.000241,135,40
Kubernetes---kb_896_Normalized.json,Kubernetes---kb_896_Normalized.json::test_00002,invalid,passed,False,True,correct_reject,0.00611,0.003362,0.002931,0.000211,133,40
Kubernetes---kb_897_Normalized.json,Kubernetes---kb_897_Normalized.json::test_00000,valid,passed,True,True,correct_accept,0.007128,0.018339,0.016431,0.001502,121,121
Kubernetes---kb_897_Normalized.json,Kubernetes---kb_897_Normalized.json::test_00001,invalid,passed,False,True,correct_reject,0.007128,0.001602,0.001415,0.000116,129,17
Kubernetes---kb_897_Normalized.json,Kubernetes---kb_897_Normalized.json::test_00002,invalid,passed,False,True,correct_reject,0.007128,0.001585,0.001402,0.000101,234,17
Kubernetes---kb_899_Normalized.json,Kubernetes---kb_899_Normalized.json::test_00000,valid,failed,False,True,over_constraint,0.007137,0.007784,0.006873,0.000589,195,52
Kubernetes---kb_899_Normalized.json,Kubernetes---kb_899_Normalized.json::test_00001,valid,failed,False,True,over_constraint,0.007137,0.004127,0.003585,0.000287,180,52
Kubernetes---kb_898_Normalized.json,Kubernetes---kb_898_Normalized.json::test_00000,valid,passed,True,True,correct_accept,0.005852,0.020976,0.018636,0.001826,118,118
Kubernetes---kb_898_Normalized.json,Kubernetes---kb_898_Normalized.json::test_00001,valid,passed,True,True,correct_accept,0.005852,0.018863,0.01733,0.001104,126,126
Kubernetes---kb_898_Normalized.json,Kubernetes---kb_898_Normalized.json::test_00002,invalid,passed,False,True,correct_reject,0.005852,0.002246,0.002075,0.000109,125,17
Kubernetes---kb_899_Normalized.json,Kubernetes---kb_899_Normalized.json::test_00002,invalid,passed,False,True,correct_reject,0.007137,0.004852,0.00427,0.000308,177,52
Kubernetes---kb_89_Normalized.json,Kubernetes---kb_89_Normalized.json::test_00000,valid,passed,True,True,correct_accept,0.003814,0.017328,0.015803,0.001049,166,166
Kubernetes---kb_89_Normalized.json,Kubernetes---kb_89_Normalized.json::test_00001,invalid,passed,False,True,correct_reject,0.003814,0.001403,0.001241,9.7e-05,163,22
Kubernetes---kb_89_Normalized.json,Kubernetes---kb_89_Normalized.json::test_00002,invalid,passed,False,True,correct_reject,0.003814,0.011461,0.010297,0.00073,169,167
Kubernetes---kb_89_Normalized.json,Kubernetes---kb_89_Normalized.json::test_00003,invalid,running_validation,,False,no_decision,0.003814,,,,165,
Kubernetes---kb_89_Normalized.json,Kubernetes---kb_89_Normalized.json::test_00004,valid,compiled,,False,no_decision,0.003814,,,,,
Kubernetes---kb_89_Normalized.json,Kubernetes---kb_89_Normalized.json::test_00005,invalid,compiled,,False,no_decision,0.003814,,,,,
Kubernetes---kb_89_Normalized.json,Kubernetes---kb_89_Normalized.json::test_00006,invalid,compiled,,False,no_decision,0.003814,,,,,
Kubernetes---kb_8_Normalized.json,Kubernetes---kb_8_Normalized.json::test_00000,valid,compiled,,False,no_decision,0.001421,,,,,
Kubernetes---kb_8_Normalized.json,Kubernetes---kb_8_Normalized.json::test_00001,invalid,compiled,,False,no_decision,0.001421,,,,,
Kubernetes---kb_900_Normalized.json,Kubernetes---kb_900_Normalized.json::test_00000,valid,passed,True,True,correct_accept,0.006789,0.024282,0.021319,0.002395,152,152
Kubernetes---kb_900_Normalized.json,Kubernetes---kb_900_Normalized.json::test_00001,valid,passed,True,True,correct_accept,0.006789,0.017808,0.015507,0.001655,192,192
Kubernetes---kb_900_Normalized.json,Kubernetes---kb_900_Normalized.json::test_00002,invalid,passed,False,True,correct_reject,0.006789,0.011755,0.010568,0.000751,193,134
Kubernetes---kb_900_Normalized.json,Kubernetes---kb_900_Normalized.json::test_00003,invalid,passed,False,True,correct_reject,0.007053,0.007092,0.006325,0.000528,190,70
Kubernetes---kb_901_Normalized.json,Kubernetes---kb_901_Normalized.json::test_00000,valid,passed,True,True,correct_accept,0.007155,0.025117,0.022144,0.00242,158,158
Kubernetes---kb_901_Normalized.json,Kubernetes---kb_901_Normalized.json::test_00001,valid,passed,True,True,correct_accept,0.007155,0.017126,0.015793,0.00088,150,150
Kubernetes---kb_901_Normalized.json,Kubernetes---kb_901_Normalized.json::test_00002,invalid,passed,False,True,correct_reject,0.007155,0.008439,0.007708,0.000485,148,70
Kubernetes---kb_904_Normalized.json,Kubernetes---kb_904_Normalized.json::test_00000,valid,passed,True,True,correct_accept,0.002401,0.005159,0.004635,0.000412,29,29
Kubernetes---kb_904_Normalized.json,Kubernetes---kb_904_Normalized.json::test_00001,invalid,passed,False,True,correct_reject,0.002401,0.001946,0.001778,0.000107,26,14
Kubernetes---kb_904_Normalized.json,Kubernetes---kb_904_Normalized.json::test_00002,invalid,passed,False,True,correct_reject,0.002401,0.002681,0.002463,0.000142,32,20
Kubernetes---kb_905_Normalized.json,Kubernetes---kb_905_Normalized.json::test_00000,valid,passed,True,True,correct_accept,0.00228,0.005855,0.005165,0.000553,29,29
Kubernetes---kb_905_Normalized.json,Kubernetes---kb_905_Normalized.json::test_00001,invalid,passed,False,True,correct_reject,0.00228,0.001812,0.001659,9.9e-05,26,14
Kubernetes---kb_906_Normalized.json,Kubernetes---kb_906_Normalized.json::test_00000,valid,passed,True,True,correct_accept,0.001881,0.003978,0.003553,0.00034,29,29
Kubernetes---kb_906_Normalized.json,Kubernetes---kb_906_Normalized.json::test_00001,invalid,passed,False,True,correct_reject,0.001881,0.001767,0.001618,9.9e-05,26,14
Kubernetes---kb_909_Normalized.json,Kubernetes---kb_909_Normalized.json::test_00000,valid,failed,False,True,over_constraint,0.00488,0.009408,0.008164,0.000857,70,43
Kubernetes---kb_909_Normalized.json,Kubernetes---kb_909_Normalized.json::test_00004,invalid,passed,False,True,correct_reject,0.00488,0.005758,0.005015,0.000411,69,42
Kubernetes---kb_909_Normalized.json,Kubernetes---kb_909_Normalized.json::test_00005,invalid,passed,False,True,correct_reject,0.00488,0.003304,0.002996,0.00021,67,35
Kubernetes---kb_909_Normalized.json,Kubernetes---kb_909_Normalized.json::test_00006,valid,failed,False,True,over_constraint,0.00488,0.00635,0.005466,0.000503,79,52
Kubernetes---kb_909_Normalized.json,Kubernetes---kb_909_Normalized.json::test_00007,invalid,passed,False,True,correct_reject,0.00488,0.004329,0.003846,0.000241,79,52
Kubernetes---kb_909_Normalized.json,Kubernetes---kb_909_Normalized.json::test_00008,invalid,passed,False,True,correct_reject,0.00488,0.003587,0.003152,0.000222,79,52
Kubernetes---kb_90_Normalized.json,Kubernetes---kb_90_Normalized.json::test_00000,valid,passed,True,True,correct_accept,0.005371,0.017646,0.016005,0.001143,167,167
Kubernetes---kb_90_Normalized.json,Kubernetes---kb_90_Normalized.json::test_00001,invalid,passed,False,True,correct_reject,0.005371,0.012187,0.011101,0.000671,170,168
Kubernetes---kb_909_Normalized.json,Kubernetes---kb_909_Normalized.json::test_00003,invalid,passed,False,True,correct_reject,0.00488,0.003603,0.003304,0.0002,69,35
Kubernetes---kb_90_Normalized.json,Kubernetes---kb_90_Normalized.json::test_00003,invalid,passed,False,True,correct_reject,0.005371,0.013632,0.012426,0.000747,191,189
Kubernetes---kb_909_Normalized.json,Kubernetes---kb_909_Normalized.json::test_00001,invalid,passed,False,True,correct_reject,0.00488,0.004504,0.004086,0.000288,76,35
Kubernetes---kb_909_Normalized.json,Kubernetes---kb_909_Normalized.json::test_00002,invalid,passed,False,True,correct_reject,0.00488,0.002287,0.000803,0.00146,66,6
Kubernetes---kb_90_Normalized.json,Kubernetes---kb_90_Normalized.json::test_00006,invalid,passed,False,True,correct_reject,0.005371,0.010079,0.0092,0.00056,125,123
Kubernetes---kb_90_Normalized.json,Kubernetes---kb_90_Normalized.json::test_00004,invalid,passed,False,True,correct_reject,0.005371,0.003924,0.003601,0.000206,166,46
Kubernetes---kb_90_Normalized.json,Kubernetes---kb_90_Normalized.json::test_00005,valid,passed,True,True,correct_accept,0.005371,0.013408,0.012169,0.000792,178,178
Kubernetes---kb_90_Normalized.json,Kubernetes---kb_90_Normalized.json::test_00007,invalid,passed,False,True,correct_reject,0.005371,0.007582,0.006941,0.000407,176,93
Kubernetes---kb_90_Normalized.json,Kubernetes---kb_90_Normalized.json::test_00002,invalid,passed,False,True,correct_reject,0.005371,0.004903,0.004453,0.000299,166,46
Kubernetes---kb_911_Normalized.json,Kubernetes---kb_911_Normalized.json::test_00000,valid,compiled,,False,no_decision,0.00494,,,,,
Kubernetes---kb_911_Normalized.json,Kubernetes---kb_911_Normalized.json::test_00001,invalid,compiled,,False,no_decision,0.00494,,,,,
Kubernetes---kb_911_Normalized.json,Kubernetes---kb_911_Normalized.json::test_00002,invalid,compiled,,False,no_decision,0.00494,,,,,
Kubernetes---kb_911_Normalized.json,Kubernetes---kb_911_Normalized.json::test_00003,invalid,compiled,,False,no_decision,0.00494,,,,,
Kubernetes---kb_911_Normalized.json,Kubernetes---kb_911_Normalized.json::test_00004,invalid,compiled,,False,no_decision,0.00494,,,,,
Kubernetes---kb_911_Normalized.json,Kubernetes---kb_911_Normalized.json::test_00005,invalid,running_validation,,False,no_decision,0.00494,,,,67,
Kubernetes---kb_911_Normalized.json,Kubernetes---kb_911_Normalized.json::test_00006,valid,compiled,,False,no_decision,0.00494,,,,,
Kubernetes---kb_911_Normalized.json,Kubernetes---kb_911_Normalized.json::test_00007,invalid,compiled,,False,no_decision,0.00494,,,,,
Kubernetes---kb_911_Normalized.json,Kubernetes---kb_911_Normalized.json::test_00008,invalid,running_compile_grammar,,False,no_decision,,,,,,
Kubernetes---kb_912_Normalized.json,Kubernetes---kb_912_Normalized.json::test_00006,invalid,passed,False,True,correct_reject,0.003276,0.002096,0.001896,0.000118,97,14
Kubernetes---kb_912_Normalized.json,Kubernetes---kb_912_Normalized.json::test_00000,valid,failed,False,True,over_constraint,0.002839,0.012415,0.010885,0.0011,99,76
Kubernetes---kb_912_Normalized.json,Kubernetes---kb_912_Normalized.json::test_00001,invalid,passed,False,True,correct_reject,0.002839,0.006183,0.005671,0.000342,85,42
Kubernetes---kb_912_Normalized.json,Kubernetes---kb_912_Normalized.json::test_00002,invalid,passed,False,True,correct_reject,0.002839,0.003624,0.003265,0.00026,97,21
Kubernetes---kb_912_Normalized.json,Kubernetes---kb_912_Normalized.json::test_00003,invalid,passed,False,True,correct_reject,0.002839,0.005158,0.004763,0.000251,84,42
Kubernetes---kb_912_Normalized.json,Kubernetes---kb_912_Normalized.json::test_00004,valid,failed,False,True,over_constraint,0.003276,0.005572,0.004904,0.000327,99,68
Kubernetes---kb_912_Normalized.json,Kubernetes---kb_912_Normalized.json::test_00005,invalid,passed,False,True,correct_reject,0.003276,0.00208,0.001897,0.000112,98,14
Kubernetes---kb_913_Normalized.json,Kubernetes---kb_913_Normalized.json::test_00000,valid,compiled,,False,no_decision,0.002907,,,,,
Kubernetes---kb_913_Normalized.json,Kubernetes---kb_913_Normalized.json::test_00001,invalid,passed,False,True,correct_reject,0.002907,0.005329,0.004917,0.000268,85,42
Kubernetes---kb_913_Normalized.json,Kubernetes---kb_913_Normalized.json::test_00002,invalid,passed,False,True,correct_reject,0.002907,0.002732,0.002508,0.000147,97,21
Kubernetes---kb_913_Normalized.json,Kubernetes---kb_913_Normalized.json::test_00003,invalid,passed,False,True,correct_reject,0.002907,0.005034,0.004604,0.000287,84,42
Kubernetes---kb_913_Normalized.json,Kubernetes---kb_913_Normalized.json::test_00004,invalid,passed,False,True,correct_reject,0.002907,0.005002,0.004612,0.000248,84,42
Kubernetes---kb_913_Normalized.json,Kubernetes---kb_913_Normalized.json::test_00005,valid,failed,False,True,over_constraint,0.002875,0.007307,0.006526,0.000391,99,68
Kubernetes---kb_913_Normalized.json,Kubernetes---kb_913_Normalized.json::test_00006,invalid,running_validation,,False,no_decision,0.002875,,,,97,
Kubernetes---kb_914_Normalized.json,Kubernetes---kb_914_Normalized.json::test_00000,valid,failed,False,True,over_constraint,0.002957,0.010482,0.008952,0.001118,94,70
Kubernetes---kb_914_Normalized.json,Kubernetes---kb_914_Normalized.json::test_00001,invalid,passed,False,True,correct_reject,0.002957,0.003773,0.00339,0.000243,81,36
Kubernetes---kb_914_Normalized.json,Kubernetes---kb_914_Normalized.json::test_00002,invalid,compiled,,False,no_decision,0.003406,,,,,
Kubernetes---kb_914_Normalized.json,Kubernetes---kb_914_Normalized.json::test_00003,invalid,passed,False,True,correct_reject,0.002957,0.004479,0.004122,0.00023,83,36
Kubernetes---kb_914_Normalized.json,Kubernetes---kb_914_Normalized.json::test_00004,valid,running_validation,,False,no_decision,0.002957,,,,94,
Kubernetes---kb_914_Normalized.json,Kubernetes---kb_914_Normalized.json::test_00005,invalid,passed,False,True,correct_reject,0.002957,0.002067,0.001901,0.000108,92,14
Kubernetes---kb_914_Normalized.json,Kubernetes---kb_914_Normalized.json::test_00006,invalid,passed,False,True,correct_reject,0.002957,0.00158,0.00144,8.5e-05,92,14
Kubernetes---kb_915_Normalized.json,Kubernetes---kb_915_Normalized.json::test_00000,valid,failed,False,True,over_constraint,0.003188,0.01353,0.011902,0.001164,94,70
Kubernetes---kb_915_Normalized.json,Kubernetes---kb_915_Normalized.json::test_00001,invalid,passed,False,True,correct_reject,0.003188,0.004949,0.004536,0.000272,80,36
Kubernetes---kb_915_Normalized.json,Kubernetes---kb_915_Normalized.json::test_00002,invalid,passed,False,True,correct_reject,0.003188,0.003226,0.002957,0.000176,92,21
Kubernetes---kb_915_Normalized.json,Kubernetes---kb_915_Normalized.json::test_00003,invalid,passed,False,True,correct_reject,0.003188,0.005977,0.005454,0.000332,78,36
Kubernetes---kb_915_Normalized.json,Kubernetes---kb_915_Normalized.json::test_00004,invalid,passed,False,True,correct_reject,0.003188,0.002909,0.002668,0.000155,92,21
Kubernetes---kb_915_Normalized.json,Kubernetes---kb_915_Normalized.json::test_00005,valid,failed,False,True,over_constraint,0.003188,0.008267,0.007359,0.000463,93,62
Kubernetes---kb_915_Normalized.json,Kubernetes---kb_915_Normalized.json::test_00006,invalid,passed,False,True,correct_reject,0.003188,0.000971,0.00089,5.2e-05,87,5
Kubernetes---kb_916_Normalized.json,Kubernetes---kb_916_Normalized.json::test_00000,valid,passed,True,True,correct_accept,0.002423,0.002163,0.001908,0.000211,7,7
Kubernetes---kb_916_Normalized.json,Kubernetes---kb_916_Normalized.json::test_00001,invalid,passed,False,True,correct_reject,0.002423,0.001279,0.001194,5.6e-05,7,5
Kubernetes---kb_916_Normalized.json,Kubernetes---kb_916_Normalized.json::test_00002,invalid,passed,False,True,correct_reject,0.002423,0.00124,0.001148,6e-05,9,7
Kubernetes---kb_916_Normalized.json,Kubernetes---kb_916_Normalized.json::test_00003,invalid,passed,False,True,correct_reject,0.002423,0.000953,0.000887,3.9e-05,6,5
Kubernetes---kb_916_Normalized.json,Kubernetes---kb_916_Normalized.json::test_00004,invalid,passed,False,True,correct_reject,0.002423,0.001471,0.00137,6.5e-05,9,7
Kubernetes---kb_917_Normalized.json,Kubernetes---kb_917_Normalized.json::test_00000,valid,running_validation,,False,no_decision,0.001932,,,,7,
Kubernetes---kb_917_Normalized.json,Kubernetes---kb_917_Normalized.json::test_00001,invalid,compiled,,False,no_decision,0.001932,,,,,
Kubernetes---kb_917_Normalized.json,Kubernetes---kb_917_Normalized.json::test_00002,invalid,passed,False,True,correct_reject,0.001932,0.001277,0.001182,5.9e-05,9,7
Kubernetes---kb_917_Normalized.json,Kubernetes---kb_917_Normalized.json::test_00003,invalid,running_validation,,False,no_decision,0.001932,,,,7,
Kubernetes---kb_917_Normalized.json,Kubernetes---kb_917_Normalized.json::test_00004,invalid,compiled,,False,no_decision,0.001932,,,,,
Kubernetes---kb_919_Normalized.json,Kubernetes---kb_919_Normalized.json::test_00001,invalid,passed,False,True,correct_reject,0.001669,0.001097,0.001021,4.8e-05,7,5
Kubernetes---kb_919_Normalized.json,Kubernetes---kb_919_Normalized.json::test_00002,invalid,passed,False,True,correct_reject,0.001669,0.001026,0.000938,5.4e-05,9,7
Kubernetes---kb_919_Normalized.json,Kubernetes---kb_919_Normalized.json::test_00003,valid,passed,True,True,correct_accept,0.001669,0.00116,0.001055,7.3e-05,7,7
Kubernetes---kb_919_Normalized.json,Kubernetes---kb_919_Normalized.json::test_00004,invalid,passed,False,True,correct_reject,0.001669,0.000959,0.000884,4.8e-05,9,7
Kubernetes---kb_919_Normalized.json,Kubernetes---kb_919_Normalized.json::test_00000,valid,passed,True,True,correct_accept,0.001669,0.002262,0.001985,0.000239,7,7
Kubernetes---kb_918_Normalized.json,Kubernetes---kb_918_Normalized.json::test_00003,invalid,passed,False,True,correct_reject,0.002036,0.001233,0.001139,6e-05,9,7
Kubernetes---kb_918_Normalized.json,Kubernetes---kb_918_Normalized.json::test_00000,valid,compiled,,False,no_decision,0.002036,,,,,
Kubernetes---kb_918_Normalized.json,Kubernetes---kb_918_Normalized.json::test_00001,invalid,compiled,,False,no_decision,0.002036,,,,,
Kubernetes---kb_918_Normalized.json,Kubernetes---kb_918_Normalized.json::test_00002,invalid,passed,False,True,correct_reject,0.002036,0.001244,0.001149,6e-05,9,7
Kubernetes---kb_91_Normalized.json,Kubernetes---kb_91_Normalized.json::test_00000,valid,passed,True,True,correct_accept,0.00747,0.01786,0.015921,0.001403,147,147
Kubernetes---kb_91_Normalized.json,Kubernetes---kb_91_Normalized.json::test_00001,invalid,passed,False,True,correct_reject,0.00747,0.008799,0.007861,0.000584,144,120
Kubernetes---kb_920_Normalized.json,Kubernetes---kb_920_Normalized.json::test_00000,valid,passed,True,True,correct_accept,0.001702,0.001441,0.001254,0.000159,7,7
Kubernetes---kb_920_Normalized.json,Kubernetes---kb_920_Normalized.json::test_00001,invalid,passed,False,True,correct_reject,0.001702,0.000934,0.000863,4.6e-05,7,5
Kubernetes---kb_920_Normalized.json,Kubernetes---kb_920_Normalized.json::test_00002,invalid,passed,False,True,correct_reject,0.001702,0.000658,0.00061,2.7e-05,7,5
Kubernetes---kb_920_Normalized.json,Kubernetes---kb_920_Normalized.json::test_00003,invalid,passed,False,True,correct_reject,0.001702,0.001077,0.000996,5.2e-05,9,7
Kubernetes---kb_921_Normalized.json,Kubernetes---kb_921_Normalized.json::test_00000,valid,running_validation,,False,no_decision,0.001546,,,,36,
Kubernetes---kb_921_Normalized.json,Kubernetes---kb_921_Normalized.json::test_00001,invalid,compiled,,False,no_decision,0.001546,,,,,
Kubernetes---kb_921_Normalized.json,Kubernetes---kb_921_Normalized.json::test_00002,invalid,compiled,,False,no_decision,0.001546,,,,,
Kubernetes---kb_921_Normalized.json,Kubernetes---kb_921_Normalized.json::test_00003,invalid,compiled,,False,no_decision,0.001546,,,,,
Kubernetes---kb_921_Normalized.json,Kubernetes---kb_921_Normalized.json::test_00004,invalid,compiled,,False,no_decision,0.001546,,,,,
Kubernetes---kb_921_Normalized.json,Kubernetes---kb_921_Normalized.json::test_00005,invalid,compiled,,False,no_decision,0.001546,,,,,
Kubernetes---kb_921_Normalized.json,Kubernetes---kb_921_Normalized.json::test_00006,valid,compiled,,False,no_decision,0.001546,,,,,
Kubernetes---kb_921_Normalized.json,Kubernetes---kb_921_Normalized.json::test_00007,invalid,compiled,,False,no_decision,0.001546,,,,,
Kubernetes---kb_921_Normalized.json,Kubernetes---kb_921_Normalized.json::test_00008,invalid,compiled,,False,no_decision,0.001546,,,,,
Kubernetes---kb_922_Normalized.json,Kubernetes---kb_922_Normalized.json::test_00000,valid,passed,True,True,correct_accept,0.00183,0.00548,0.004861,0.000483,36,36
Kubernetes---kb_922_Normalized.json,Kubernetes---kb_922_Normalized.json::test_00001,invalid,passed,False,True,correct_reject,0.00183,0.003793,0.003401,0.000269,43,29
Kubernetes---kb_922_Normalized.json,Kubernetes---kb_922_Normalized.json::test_00002,invalid,passed,False,True,correct_reject,0.00183,0.000791,0.000721,4.3e-05,36,5
Kubernetes---kb_922_Normalized.json,Kubernetes---kb_922_Normalized.json::test_00003,invalid,passed,False,True,correct_reject,0.00183,0.003596,0.003269,0.000202,43,29
Kubernetes---kb_922_Normalized.json,Kubernetes---kb_922_Normalized.json::test_00004,valid,passed,True,True,correct_accept,0.00183,0.004068,0.003664,0.000268,36,36
Kubernetes---kb_922_Normalized.json,Kubernetes---kb_922_Normalized.json::test_00005,invalid,passed,False,True,correct_reject,0.00183,0.00084,0.000763,4.8e-05,35,5
Kubernetes---kb_922_Normalized.json,Kubernetes---kb_922_Normalized.json::test_00006,invalid,passed,False,True,correct_reject,0.00183,0.004022,0.003634,0.000262,45,31
Kubernetes---kb_922_Normalized.json,Kubernetes---kb_922_Normalized.json::test_00007,invalid,passed,False,True,correct_reject,0.00183,0.000949,0.000876,4.3e-05,40,5
Kubernetes---kb_923_Normalized.json,Kubernetes---kb_923_Normalized.json::test_00000,valid,running_compile_grammar,,False,no_decision,,,,,,
Kubernetes---kb_923_Normalized.json,Kubernetes---kb_923_Normalized.json::test_00001,invalid,running_compile_grammar,,False,no_decision,,,,,,
Kubernetes---kb_923_Normalized.json,Kubernetes---kb_923_Normalized.json::test_00002,invalid,running_compile_grammar,,False,no_decision,,,,,,
Kubernetes---kb_923_Normalized.json,Kubernetes---kb_923_Normalized.json::test_00003,valid,running_compile_grammar,,False,no_decision,,,,,,
Kubernetes---kb_923_Normalized.json,Kubernetes---kb_923_Normalized.json::test_00004,invalid,running_compile_grammar,,False,no_decision,,,,,,
Kubernetes---kb_923_Normalized.json,Kubernetes---kb_923_Normalized.json::test_00005,invalid,running_compile_grammar,,False,no_decision,,,,,,
Kubernetes---kb_924_Normalized.json,Kubernetes---kb_924_Normalized.json::test_00004,invalid,compiled,,False,no_decision,0.002303,,,,,
Kubernetes---kb_924_Normalized.json,Kubernetes---kb_924_Normalized.json::test_00005,invalid,compiled,,False,no_decision,0.002303,,,,,
Kubernetes---kb_924_Normalized.json,Kubernetes---kb_924_Normalized.json::test_00000,valid,passed,True,True,correct_accept,0.002303,0.007097,0.006367,0.000572,36,36
Kubernetes---kb_924_Normalized.json,Kubernetes---kb_924_Normalized.json::test_00001,invalid,passed,False,True,correct_reject,0.002303,0.003473,0.003181,0.000189,43,29
Kubernetes---kb_924_Normalized.json,Kubernetes---kb_924_Normalized.json::test_00002,invalid,passed,False,True,correct_reject,0.002303,0.000757,0.000694,3.7e-05,36,5
Kubernetes---kb_924_Normalized.json,Kubernetes---kb_924_Normalized.json::test_00003,invalid,passed,False,True,correct_reject,0.002303,0.002214,0.002028,0.000118,35,21
Kubernetes---kb_925_Normalized.json,Kubernetes---kb_925_Normalized.json::test_00000,valid,compiled,,False,no_decision,0.001952,,,,,
Kubernetes---kb_925_Normalized.json,Kubernetes---kb_925_Normalized.json::test_00001,invalid,compiled,,False,no_decision,0.001952,,,,,
Kubernetes---kb_925_Normalized.json,Kubernetes---kb_925_Normalized.json::test_00002,invalid,compiled,,False,no_decision,0.001952,,,,,
Kubernetes---kb_925_Normalized.json,Kubernetes---kb_925_Normalized.json::test_00003,valid,compiled,,False,no_decision,0.001952,,,,,
Kubernetes---kb_925_Normalized.json,Kubernetes---kb_925_Normalized.json::test_00004,invalid,running_compile_grammar,,False,no_decision,,,,,,
Kubernetes---kb_925_Normalized.json,Kubernetes---kb_925_Normalized.json::test_00005,invalid,passed,False,True,correct_reject,0.002171,0.001328,0.001209,7.5e-05,21,7
Kubernetes---kb_926_Normalized.json,Kubernetes---kb_926_Normalized.json::test_00000,valid,passed,True,True,correct_accept,0.004193,0.015791,0.014066,0.001398,93,93
Kubernetes---kb_926_Normalized.json,Kubernetes---kb_926_Normalized.json::test_00001,invalid,passed,False,True,correct_reject,0.004193,0.004309,0.003974,0.000221,100,29
Kubernetes---kb_926_Normalized.json,Kubernetes---kb_926_Normalized.json::test_00002,invalid,passed,False,True,correct_reject,0.004193,0.001356,0.001263,6e-05,77,5
Kubernetes---kb_926_Normalized.json,Kubernetes---kb_926_Normalized.json::test_00003,invalid,passed,False,True,correct_reject,0.004193,0.017033,0.015684,0.000912,134,119
Kubernetes---kb_926_Normalized.json,Kubernetes---kb_926_Normalized.json::test_00004,valid,passed,True,True,correct_accept,0.004193,0.013815,0.012813,0.000677,93,93
Kubernetes---kb_926_Normalized.json,Kubernetes---kb_926_Normalized.json::test_00005,invalid,passed,False,True,correct_reject,0.004193,0.00226,0.002095,0.000108,83,12
Kubernetes---kb_927_Normalized.json,Kubernetes---kb_927_Normalized.json::test_00000,valid,passed,True,True,correct_accept,0.003346,0.016957,0.015203,0.001407,93,93
Kubernetes---kb_927_Normalized.json,Kubernetes---kb_927_Normalized.json::test_00001,invalid,passed,False,True,correct_reject,0.003346,0.004221,0.003897,0.000219,100,29
Kubernetes---kb_927_Normalized.json,Kubernetes---kb_927_Normalized.json::test_00002,invalid,passed,False,True,correct_reject,0.003346,0.001292,0.001207,5.4e-05,77,5
Kubernetes---kb_927_Normalized.json,Kubernetes---kb_927_Normalized.json::test_00003,invalid,passed,False,True,correct_reject,0.003346,0.017872,0.016591,0.000859,124,122
Kubernetes---kb_927_Normalized.json,Kubernetes---kb_927_Normalized.json::test_00004,valid,passed,True,True,correct_accept,0.003346,0.011692,0.01081,0.000564,93,93
Kubernetes---kb_927_Normalized.json,Kubernetes---kb_927_Normalized.json::test_00005,invalid,passed,False,True,correct_reject,0.003346,0.011048,0.010159,0.000639,83,74
Kubernetes---kb_927_Normalized.json,Kubernetes---kb_927_Normalized.json::test_00006,invalid,passed,False,True,correct_reject,0.003346,0.004374,0.004035,0.000225,100,29
Kubernetes---kb_927_Normalized.json,Kubernetes---kb_927_Normalized.json::test_00007,invalid,passed,False,True,correct_reject,0.003346,0.010127,0.009353,0.000513,92,74
Kubernetes---kb_928_Normalized.json,Kubernetes---kb_928_Normalized.json::test_00000,valid,passed,True,True,correct_accept,0.00266,0.01624,0.014614,0.001295,93,93
Kubernetes---kb_928_Normalized.json,Kubernetes---kb_928_Normalized.json::test_00001,invalid,passed,False,True,correct_reject,0.00266,0.004773,0.004427,0.000228,100,29
Kubernetes---kb_928_Normalized.json,Kubernetes---kb_928_Normalized.json::test_00002,invalid,passed,False,True,correct_reject,0.00266,0.001289,0.001201,5.5e-05,77,5
Kubernetes---kb_928_Normalized.json,Kubernetes---kb_928_Normalized.json::test_00003,invalid,passed,False,True,correct_reject,0.00266,0.012062,0.011104,0.00064,112,75
Kubernetes---kb_928_Normalized.json,Kubernetes---kb_928_Normalized.json::test_00004,valid,passed,True,True,correct_accept,0.00266,0.013973,0.012911,0.000729,108,108
Kubernetes---kb_928_Normalized.json,Kubernetes---kb_928_Normalized.json::test_00005,invalid,passed,False,True,correct_reject,0.00266,0.001239,0.001152,5.7e-05,93,6
Kubernetes---kb_928_Normalized.json,Kubernetes---kb_928_Normalized.json::test_00006,invalid,passed,False,True,correct_reject,0.00266,0.004782,0.00443,0.000236,114,28
Kubernetes---kb_929_Normalized.json,Kubernetes---kb_929_Normalized.json::test_00000,valid,passed,True,True,correct_accept,0.001887,0.004587,0.004258,0.000225,29,29
Kubernetes---kb_929_Normalized.json,Kubernetes---kb_929_Normalized.json::test_00001,invalid,passed,False,True,correct_reject,0.001887,0.002254,0.002046,0.000137,22,18
Kubernetes---kb_929_Normalized.json,Kubernetes---kb_929_Normalized.json::test_00002,invalid,passed,False,True,correct_reject,0.001887,0.001998,0.001798,0.000128,21,18
Kubernetes---kb_929_Normalized.json,Kubernetes---kb_929_Normalized.json::test_00003,valid,passed,True,True,correct_accept,0.001887,0.003384,0.003098,0.000186,30,30
Kubernetes---kb_929_Normalized.json,Kubernetes---kb_929_Normalized.json::test_00004,invalid,passed,False,True,correct_reject,0.001887,0.001721,0.00157,9.9e-05,23,19
Kubernetes---kb_92_Normalized.json,Kubernetes---kb_92_Normalized.json::test_00000,valid,compiled,,False,no_decision,0.007013,,,,,
Kubernetes---kb_92_Normalized.json,Kubernetes---kb_92_Normalized.json::test_00001,invalid,running_compile_grammar,,False,no_decision,,,,,,
Kubernetes---kb_92_Normalized.json,Kubernetes---kb_92_Normalized.json::test_00002,invalid,running_compile_grammar,,False,no_decision,,,,,,
Kubernetes---kb_92_Normalized.json,Kubernetes---kb_92_Normalized.json::test_00003,invalid,compiled,,False,no_decision,0.007013,,,,,
Kubernetes---kb_92_Normalized.json,Kubernetes---kb_92_Normalized.json::test_00004,invalid,running_compile_grammar,,False,no_decision,,,,,,
Kubernetes---kb_92_Normalized.json,Kubernetes---kb_92_Normalized.json::test_00005,invalid,running_compile_grammar,,False,no_decision,,,,,,
Kubernetes---kb_930_Normalized.json,Kubernetes---kb_930_Normalized.json::test_00000,valid,passed,True,True,correct_accept,0.002137,0.00315,0.002914,0.000158,30,30
Kubernetes---kb_930_Normalized.json,Kubernetes---kb_930_Normalized.json::test_00001,invalid,passed,False,True,correct_reject,0.002137,0.000656,0.000607,3e-05,30,5
Kubernetes---kb_930_Normalized.json,Kubernetes---kb_930_Normalized.json::test_00002,invalid,passed,False,True,correct_reject,0.002137,0.002097,0.001928,0.000109,24,19
Kubernetes---kb_930_Normalized.json,Kubernetes---kb_930_Normalized.json::test_00003,valid,passed,True,True,correct_accept,0.002137,0.010761,0.010524,0.000153,29,29
Kubernetes---kb_930_Normalized.json,Kubernetes---kb_930_Normalized.json::test_00004,invalid,passed,False,True,correct_reject,0.002137,0.001919,0.001727,0.000127,20,18
Kubernetes---kb_931_Normalized.json,Kubernetes---kb_931_Normalized.json::test_00000,valid,passed,True,True,correct_accept,0.002094,0.005527,0.004893,0.000482,48,48
Kubernetes---kb_931_Normalized.json,Kubernetes---kb_931_Normalized.json::test_00001,invalid,passed,False,True,correct_reject,0.002094,0.001006,0.000937,4.6e-05,7,5
Kubernetes---kb_931_Normalized.json,Kubernetes---kb_931_Normalized.json::test_00002,valid,passed,True,True,correct_accept,0.002094,0.008173,0.007346,0.000563,73,73
Kubernetes---kb_931_Normalized.json,Kubernetes---kb_931_Normalized.json::test_00003,invalid,passed,False,True,correct_reject,0.002094,0.000978,0.00091,4.4e-05,7,6
Kubernetes---kb_932_Normalized.json,Kubernetes---kb_932_Normalized.json::test_00000,valid,passed,True,True,correct_accept,0.002184,0.004226,0.003733,0.000382,48,48
Kubernetes---kb_932_Normalized.json,Kubernetes---kb_932_Normalized.json::test_00001,invalid,passed,False,True,correct_reject,0.002184,0.001199,0.001116,4.7e-05,7,5
Kubernetes---kb_932_Normalized.json,Kubernetes---kb_932_Normalized.json::test_00002,valid,running_validation,,False,no_decision,0.002184,,,,74,
Kubernetes---kb_932_Normalized.json,Kubernetes---kb_932_Normalized.json::test_00003,invalid,compiled,,False,no_decision,0.002184,,,,,
Kubernetes---kb_937_Normalized.json,Kubernetes---kb_937_Normalized.json::test_00001,invalid,passed,False,True,correct_reject,0.00159,0.000676,0.000619,3.5e-05,18,5
Kubernetes---kb_938_Normalized.json,Kubernetes---kb_938_Normalized.json::test_00000,valid,passed,True,True,correct_accept,0.001947,0.002889,0.002615,0.000202,20,20
Kubernetes---kb_938_Normalized.json,Kubernetes---kb_938_Normalized.json::test_00001,invalid,passed,False,True,correct_reject,0.001947,0.00073,0.000673,3.4e-05,18,5
Kubernetes---kb_938_Normalized.json,Kubernetes---kb_938_Normalized.json::test_00002,invalid,passed,False,True,correct_reject,0.001947,0.000516,0.000484,1.8e-05,12,2
Kubernetes---kb_939_Normalized.json,Kubernetes---kb_939_Normalized.json::test_00000,valid,failed,False,True,over_constraint,0.005807,0.020947,0.018601,0.001716,179,117
Kubernetes---kb_939_Normalized.json,Kubernetes---kb_939_Normalized.json::test_00001,invalid,passed,False,True,correct_reject,0.005807,0.000935,0.000849,5.2e-05,178,6
Kubernetes---kb_939_Normalized.json,Kubernetes---kb_939_Normalized.json::test_00002,invalid,passed,False,True,correct_reject,0.005807,0.010274,0.009422,0.000442,178,117
Kubernetes---kb_939_Normalized.json,Kubernetes---kb_939_Normalized.json::test_00003,invalid,running_compile_grammar,,False,no_decision,,,,,,
Kubernetes---kb_939_Normalized.json,Kubernetes---kb_939_Normalized.json::test_00004,invalid,running_compile_grammar,,False,no_decision,,,,,,
Kubernetes---kb_939_Normalized.json,Kubernetes---kb_939_Normalized.json::test_00005,valid,passed,True,True,correct_accept,0.005807,0.011356,0.010347,0.000686,93,93
Kubernetes---kb_939_Normalized.json,Kubernetes---kb_939_Normalized.json::test_00006,invalid,passed,False,True,correct_reject,0.005807,0.003027,0.002734,0.000196,87,27
Kubernetes---kb_939_Normalized.json,Kubernetes---kb_939_Normalized.json::test_00007,invalid,passed,False,True,correct_reject,0.005807,0.000866,0.000784,5.1e-05,101,6
Kubernetes---kb_93_Normalized.json,Kubernetes---kb_93_Normalized.json::test_00000,valid,running_compile_grammar,,False,no_decision,,,,,,
Kubernetes---kb_93_Normalized.json,Kubernetes---kb_93_Normalized.json::test_00001,invalid,compiled,,False,no_decision,0.005003,,,,,
Kubernetes---kb_93_Normalized.json,Kubernetes---kb_93_Normalized.json::test_00002,invalid,compiled,,False,no_decision,0.005003,,,,,
Kubernetes---kb_93_Normalized.json,Kubernetes---kb_93_Normalized.json::test_00003,invalid,passed,False,True,correct_reject,0.005003,0.012529,0.011441,0.0007,151,125
Kubernetes---kb_93_Normalized.json,Kubernetes---kb_93_Normalized.json::test_00004,invalid,passed,False,True,correct_reject,0.005003,0.007567,0.006798,0.000483,101,99
Kubernetes---kb_93_Normalized.json,Kubernetes---kb_93_Normalized.json::test_00005,invalid,passed,False,True,correct_reject,0.005003,0.007809,0.007002,0.000497,153,116
Kubernetes---kb_940_Normalized.json,Kubernetes---kb_940_Normalized.json::test_00006,invalid,passed,False,True,correct_reject,0.006175,0.012431,0.011086,0.000783,166,116
Kubernetes---kb_940_Normalized.json,Kubernetes---kb_940_Normalized.json::test_00000,valid,passed,True,True,correct_accept,0.006175,0.051,0.046116,0.003916,296,296
Kubernetes---kb_940_Normalized.json,Kubernetes---kb_940_Normalized.json::test_00001,invalid,passed,False,True,correct_reject,0.006175,0.007339,0.006616,0.000506,303,51
Kubernetes---kb_940_Normalized.json,Kubernetes---kb_940_Normalized.json::test_00002,invalid,passed,False,True,correct_reject,0.006175,0.022045,0.020133,0.001236,295,250
Kubernetes---kb_940_Normalized.json,Kubernetes---kb_940_Normalized.json::test_00003,valid,failed,False,True,over_constraint,0.006175,0.013864,0.012734,0.000621,167,116
Kubernetes---kb_940_Normalized.json,Kubernetes---kb_940_Normalized.json::test_00004,invalid,passed,False,True,correct_reject,0.006175,0.001168,0.001065,6.4e-05,42,12
Kubernetes---kb_940_Normalized.json,Kubernetes---kb_940_Normalized.json::test_00005,invalid,passed,False,True,correct_reject,0.006175,0.007363,0.006826,0.000357,182,59
Kubernetes---kb_941_Normalized.json,Kubernetes---kb_941_Normalized.json::test_00000,valid,compiled,,False,no_decision,0.003097,,,,,
Kubernetes---kb_941_Normalized.json,Kubernetes---kb_941_Normalized.json::test_00001,invalid,compiled,,False,no_decision,0.003097,,,,,
Kubernetes---kb_941_Normalized.json,Kubernetes---kb_941_Normalized.json::test_00002,invalid,passed,False,True,correct_reject,0.002948,0.0061,0.005472,0.000428,53,47
Kubernetes---kb_941_Normalized.json,Kubernetes---kb_941_Normalized.json::test_00003,valid,passed,True,True,correct_accept,0.002948,0.005329,0.004801,0.000353,56,56
Kubernetes---kb_941_Normalized.json,Kubernetes---kb_941_Normalized.json::test_00004,invalid,passed,False,True,correct_reject,0.002948,0.000922,0.000867,3.3e-05,18,5
Kubernetes---kb_942_Normalized.json,Kubernetes---kb_942_Normalized.json::test_00000,valid,compiled,,False,no_decision,0.002687,,,,,
Kubernetes---kb_942_Normalized.json,Kubernetes---kb_942_Normalized.json::test_00001,invalid,compiled,,False,no_decision,0.002687,,,,,
Kubernetes---kb_942_Normalized.json,Kubernetes---kb_942_Normalized.json::test_00002,invalid,compiled,,False,no_decision,0.002687,,,,,
Kubernetes---kb_942_Normalized.json,Kubernetes---kb_942_Normalized.json::test_00003,valid,passed,True,True,correct_accept,0.00182,0.005813,0.005277,0.00036,54,54
Kubernetes---kb_943_Normalized.json,Kubernetes---kb_943_Normalized.json::test_00002,invalid,passed,False,True,correct_reject,0.001637,0.000862,0.000795,4.1e-05,6,5
Kubernetes---kb_943_Normalized.json,Kubernetes---kb_943_Normalized.json::test_00000,valid,passed,True,True,correct_accept,0.001637,0.003292,0.002973,0.000261,13,13
Kubernetes---kb_943_Normalized.json,Kubernetes---kb_943_Normalized.json::test_00001,invalid,passed,False,True,correct_reject,0.001637,0.001217,0.001144,4.5e-05,12,5
Kubernetes---kb_944_Normalized.json,Kubernetes---kb_944_Normalized.json::test_00000,valid,passed,True,True,correct_accept,0.001853,0.0034,0.003066,0.000264,15,15
Kubernetes---kb_944_Normalized.json,Kubernetes---kb_944_Normalized.json::test_00001,invalid,passed,False,True,correct_reject,0.001853,0.000831,0.000764,4.1e-05,14,5
Kubernetes---kb_944_Normalized.json,Kubernetes---kb_944_Normalized.json::test_00002,valid,passed,True,True,correct_accept,0.001853,0.001972,0.001813,0.000104,13,13
Kubernetes---kb_944_Normalized.json,Kubernetes---kb_944_Normalized.json::test_00003,invalid,passed,False,True,correct_reject,0.001853,0.001107,0.00103,4.8e-05,12,5
Kubernetes---kb_944_Normalized.json,Kubernetes---kb_944_Normalized.json::test_00004,invalid,passed,False,True,correct_reject,0.001853,0.000857,0.000796,3.6e-05,13,5
Kubernetes---kb_945_Normalized.json,Kubernetes---kb_945_Normalized.json::test_00000,valid,passed,True,True,correct_accept,0.002442,0.007641,0.006761,0.000688,58,58
Kubernetes---kb_945_Normalized.json,Kubernetes---kb_945_Normalized.json::test_00001,invalid,running_validation,,False,no_decision,0.002499,,,,58,
Kubernetes---kb_945_Normalized.json,Kubernetes---kb_945_Normalized.json::test_00002,valid,passed,True,True,correct_accept,0.002442,0.007815,0.006912,0.00063,62,62
Kubernetes---kb_945_Normalized.json,Kubernetes---kb_945_Normalized.json::test_00003,invalid,passed,False,True,correct_reject,0.002499,0.001602,0.001487,7e-05,62,5
Kubernetes---kb_946_Normalized.json,Kubernetes---kb_946_Normalized.json::test_00000,valid,running_compile_grammar,,False,no_decision,,,,,,
Kubernetes---kb_946_Normalized.json,Kubernetes---kb_946_Normalized.json::test_00001,invalid,running_compile_grammar,,False,no_decision,,,,,,
Kubernetes---kb_946_Normalized.json,Kubernetes---kb_946_Normalized.json::test_00002,invalid,passed,False,True,correct_reject,0.002601,0.000979,0.000913,4e-05,58,5
Kubernetes---kb_947_Normalized.json,Kubernetes---kb_947_Normalized.json::test_00000,valid,running_compile_grammar,,False,no_decision,,,,,,
Kubernetes---kb_947_Normalized.json,Kubernetes---kb_947_Normalized.json::test_00001,invalid,running_compile_grammar,,False,no_decision,,,,,,
Kubernetes---kb_947_Normalized.json,Kubernetes---kb_947_Normalized.json::test_00002,invalid,running_compile_grammar,,False,no_decision,,,,,,
Kubernetes---kb_947_Normalized.json,Kubernetes---kb_947_Normalized.json::test_00003,invalid,running_compile_grammar,,False,no_decision,,,,,,
Kubernetes---kb_947_Normalized.json,Kubernetes---kb_947_Normalized.json::test_00004,invalid,running_compile_grammar,,False,no_decision,,,,,,
Kubernetes---kb_947_Normalized.json,Kubernetes---kb_947_Normalized.json::test_00005,invalid,running_compile_grammar,,False,no_decision,,,,,,
Kubernetes---kb_947_Normalized.json,Kubernetes---kb_947_Normalized.json::test_00006,valid,failed,False,True,over_constraint,0.003109,0.005981,0.005315,0.000343,172,44
Kubernetes---kb_947_Normalized.json,Kubernetes---kb_947_Normalized.json::test_00007,invalid,running_validation,,False,no_decision,0.003109,,,,174,
Kubernetes---kb_947_Normalized.json,Kubernetes---kb_947_Normalized.json::test_00008,invalid,running_compile_grammar,,False,no_decision,,,,,,
Kubernetes---kb_947_Normalized.json,Kubernetes---kb_947_Normalized.json::test_00009,invalid,running_compile_grammar,,False,no_decision,,,,,,
Kubernetes---kb_948_Normalized.json,Kubernetes---kb_948_Normalized.json::test_00002,invalid,passed,False,True,correct_reject,0.003355,0.002141,0.002007,9.2e-05,149,9
Kubernetes---kb_948_Normalized.json,Kubernetes---kb_948_Normalized.json::test_00003,invalid,running_validation,,False,no_decision,0.003355,,,,155,
Kubernetes---kb_948_Normalized.json,Kubernetes---kb_948_Normalized.json::test_00004,invalid,compiled,,False,no_decision,0.003355,,,,,
Kubernetes---kb_948_Normalized.json,Kubernetes---kb_948_Normalized.json::test_00005,invalid,passed,False,True,correct_reject,0.003036,0.00204,0.001883,0.000102,150,23
Kubernetes---kb_948_Normalized.json,Kubernetes---kb_948_Normalized.json::test_00006,valid,failed,False,True,over_constraint,0.003036,0.002732,0.002421,0.000142,155,43
Kubernetes---kb_948_Normalized.json,Kubernetes---kb_948_Normalized.json::test_00007,invalid,passed,False,True,correct_reject,0.003036,0.000844,0.00079,3.2e-05,156,9
Kubernetes---kb_948_Normalized.json,Kubernetes---kb_948_Normalized.json::test_00008,invalid,passed,False,True,correct_reject,0.003036,0.002423,0.002236,0.000119,31,28
Kubernetes---kb_948_Normalized.json,Kubernetes---kb_948_Normalized.json::test_00000,valid,failed,False,True,over_constraint,0.003355,0.005877,0.004891,0.000747,148,36
Kubernetes---kb_948_Normalized.json,Kubernetes---kb_948_Normalized.json::test_00001,invalid,passed,False,True,correct_reject,0.003355,0.003846,0.003329,0.000259,147,36
Kubernetes---kb_949_Normalized.json,Kubernetes---kb_949_Normalized.json::test_00000,valid,failed,False,True,over_constraint,0.003234,0.006941,0.006124,0.000474,110,42
Kubernetes---kb_949_Normalized.json,Kubernetes---kb_949_Normalized.json::test_00001,invalid,passed,False,True,correct_reject,0.003234,0.003352,0.002857,0.000261,111,42
Kubernetes---kb_949_Normalized.json,Kubernetes---kb_949_Normalized.json::test_00002,valid,failed,False,True,over_constraint,0.003234,0.002274,0.001954,0.000149,105,36
Kubernetes---kb_949_Normalized.json,Kubernetes---kb_949_Normalized.json::test_00003,invalid,passed,False,True,correct_reject,0.003234,0.002373,0.002007,0.000178,103,36
Kubernetes---kb_949_Normalized.json,Kubernetes---kb_949_Normalized.json::test_00004,invalid,passed,False,True,correct_reject,0.003234,0.003035,0.002588,0.000245,105,36
Kubernetes---kb_94_Normalized.json,Kubernetes---kb_94_Normalized.json::test_00000,valid,passed,True,True,correct_accept,0.006063,0.014639,0.013104,0.001134,140,140
Kubernetes---kb_94_Normalized.json,Kubernetes---kb_94_Normalized.json::test_00001,invalid,passed,False,True,correct_reject,0.006063,0.013539,0.012352,0.000816,143,120
Kubernetes---kb_94_Normalized.json,Kubernetes---kb_94_Normalized.json::test_00002,invalid,passed,False,True,correct_reject,0.006063,0.013428,0.011958,0.000982,140,138
Kubernetes---kb_94_Normalized.json,Kubernetes---kb_94_Normalized.json::test_00003,invalid,compiled,,False,no_decision,0.006063,,,,,
Kubernetes---kb_94_Normalized.json,Kubernetes---kb_94_Normalized.json::test_00004,invalid,compiled,,False,no_decision,0.006063,,,,,
Kubernetes---kb_94_Normalized.json,Kubernetes---kb_94_Normalized.json::test_00005,invalid,compiled,,False,no_decision,0.006063,,,,,
Kubernetes---kb_951_Normalized.json,Kubernetes---kb_951_Normalized.json::test_00003,invalid,running_compile_grammar,,False,no_decision,,,,,,
Kubernetes---kb_951_Normalized.json,Kubernetes---kb_951_Normalized.json::test_00000,valid,compiled,,False,no_decision,0.007124,,,,,
Kubernetes---kb_951_Normalized.json,Kubernetes---kb_951_Normalized.json::test_00001,invalid,running_compile_grammar,,False,no_decision,,,,,,
Kubernetes---kb_951_Normalized.json,Kubernetes---kb_951_Normalized.json::test_00002,invalid,running_compile_grammar,,False,no_decision,,,,,,
Kubernetes---kb_950_Normalized.json,Kubernetes---kb_950_Normalized.json::test_00001,invalid,passed,False,True,correct_reject,0.003745,0.003318,0.002873,0.000226,108,38
Kubernetes---kb_950_Normalized.json,Kubernetes---kb_950_Normalized.json::test_00002,valid,failed,False,True,over_constraint,0.003745,0.002504,0.002181,0.000162,107,38
Kubernetes---kb_950_Normalized.json,Kubernetes---kb_950_Normalized.json::test_00003,invalid,passed,False,True,correct_reject,0.003745,0.002605,0.002262,0.000176,107,38
Kubernetes---kb_950_Normalized.json,Kubernetes---kb_950_Normalized.json::test_00004,invalid,passed,False,True,correct_reject,0.003745,0.003698,0.003189,0.00026,136,38
Kubernetes---kb_950_Normalized.json,Kubernetes---kb_950_Normalized.json::test_00000,valid,failed,False,True,over_constraint,0.003745,0.004731,0.004174,0.000311,107,38
Kubernetes---kb_953_Normalized.json,Kubernetes---kb_953_Normalized.json::test_00001,invalid,passed,False,True,correct_reject,0.003424,0.00172,0.001557,0.00011,17,10
Kubernetes---kb_953_Normalized.json,Kubernetes---kb_953_Normalized.json::test_00002,invalid,passed,False,True,correct_reject,0.001926,0.000991,0.000912,5e-05,6994,10
Kubernetes---kb_953_Normalized.json,Kubernetes---kb_953_Normalized.json::test_00000,valid,passed,True,True,correct_accept,0.003424,0.00729,0.006428,0.000737,23,23
Kubernetes---kb_954_Normalized.json,Kubernetes---kb_954_Normalized.json::test_00000,valid,passed,True,True,correct_accept,0.001706,0.003638,0.003204,0.000363,23,23
Kubernetes---kb_954_Normalized.json,Kubernetes---kb_954_Normalized.json::test_00001,invalid,passed,False,True,correct_reject,0.001706,0.001458,0.001328,8.9e-05,17,10
Kubernetes---kb_954_Normalized.json,Kubernetes---kb_954_Normalized.json::test_00002,invalid,running_validation,,False,no_decision,0.001706,,,,16,
Kubernetes---kb_955_Normalized.json,Kubernetes---kb_955_Normalized.json::test_00000,valid,failed,False,True,over_constraint,0.005394,0.004944,0.004391,0.000316,131,42
Kubernetes---kb_955_Normalized.json,Kubernetes---kb_955_Normalized.json::test_00001,invalid,passed,False,True,correct_reject,0.005394,0.003899,0.003332,0.000301,138,42
Kubernetes---kb_955_Normalized.json,Kubernetes---kb_955_Normalized.json::test_00002,valid,failed,False,True,over_constraint,0.005394,0.002743,0.002362,0.000174,538,36
Kubernetes---kb_955_Normalized.json,Kubernetes---kb_955_Normalized.json::test_00003,invalid,passed,False,True,correct_reject,0.005394,0.002937,0.002491,0.000227,539,36
Kubernetes---kb_956_Normalized.json,Kubernetes---kb_956_Normalized.json::test_00000,valid,running_compile_grammar,,False,no_decision,,,,,,
Kubernetes---kb_956_Normalized.json,Kubernetes---kb_956_Normalized.json::test_00001,invalid,running_compile_grammar,,False,no_decision,,,,,,
Kubernetes---kb_956_Normalized.json,Kubernetes---kb_956_Normalized.json::test_00002,invalid,passed,False,True,correct_reject,0.004733,0.003132,0.002752,0.000196,151,44
Kubernetes---kb_956_Normalized.json,Kubernetes---kb_956_Normalized.json::test_00003,invalid,passed,False,True,correct_reject,0.004733,0.004167,0.003621,0.0003,164,44
Kubernetes---kb_956_Normalized.json,Kubernetes---kb_956_Normalized.json::test_00004,valid,failed,False,True,over_constraint,0.004733,0.002591,0.002201,0.000189,136,38
Kubernetes---kb_956_Normalized.json,Kubernetes---kb_956_Normalized.json::test_00005,invalid,passed,False,True,correct_reject,0.004733,0.003585,0.003126,0.000222,124,38
Kubernetes---kb_957_Normalized.json,Kubernetes---kb_957_Normalized.json::test_00000,valid,failed,False,True,over_constraint,0.005974,0.003478,0.003128,0.000182,141,39
Kubernetes---kb_957_Normalized.json,Kubernetes---kb_957_Normalized.json::test_00001,invalid,passed,False,True,correct_reject,0.005974,0.00054,0.000497,2.4e-05,133,6
Kubernetes---kb_957_Normalized.json,Kubernetes---kb_957_Normalized.json::test_00002,invalid,passed,False,True,correct_reject,0.005974,0.004068,0.003575,0.000255,148,39
Kubernetes---kb_957_Normalized.json,Kubernetes---kb_957_Normalized.json::test_00003,invalid,running_validation,,False,no_decision,0.005974,,,,141,
Kubernetes---kb_957_Normalized.json,Kubernetes---kb_957_Normalized.json::test_00004,valid,failed,False,True,over_constraint,0.004496,0.003386,0.002959,0.000215,132,38
Kubernetes---kb_957_Normalized.json,Kubernetes---kb_957_Normalized.json::test_00005,invalid,passed,False,True,correct_reject,0.005974,0.003972,0.003453,0.000282,140,38
Kubernetes---kb_958_Normalized.json,Kubernetes---kb_958_Normalized.json::test_00000,valid,running_compile_grammar,,False,no_decision,,,,,,
Kubernetes---kb_958_Normalized.json,Kubernetes---kb_958_Normalized.json::test_00001,invalid,running_compile_grammar,,False,no_decision,,,,,,
Kubernetes---kb_958_Normalized.json,Kubernetes---kb_958_Normalized.json::test_00002,invalid,running_compile_grammar,,False,no_decision,,,,,,
Kubernetes---kb_958_Normalized.json,Kubernetes---kb_958_Normalized.json::test_00003,invalid,running_compile_grammar,,False,no_decision,,,,,,
Kubernetes---kb_959_Normalized.json,Kubernetes---kb_959_Normalized.json::test_00000,valid,passed,True,True,correct_accept,0.001406,0.001997,0.001792,0.000171,8,8
Kubernetes---kb_959_Normalized.json,Kubernetes---kb_959_Normalized.json::test_00001,invalid,passed,False,True,correct_reject,0.001406,0.000769,0.000714,3.4e-05,6,5
Kubernetes---kb_95_Normalized.json,Kubernetes---kb_95_Normalized.json::test_00004,valid,compiled,,False,no_decision,0.006744,,,,,
Kubernetes---kb_95_Normalized.json,Kubernetes---kb_95_Normalized.json::test_00005,invalid,compiled,,False,no_decision,0.006744,,,,,
Kubernetes---kb_95_Normalized.json,Kubernetes---kb_95_Normalized.json::test_00000,valid,compiled,,False,no_decision,0.006744,,,,,
Kubernetes---kb_95_Normalized.json,Kubernetes---kb_95_Normalized.json::test_00001,invalid,compiled,,False,no_decision,0.006744,,,,,
Kubernetes---kb_95_Normalized.json,Kubernetes---kb_95_Normalized.json::test_00002,invalid,compiled,,False,no_decision,0.006744,,,,,
Kubernetes---kb_95_Normalized.json,Kubernetes---kb_95_Normalized.json::test_00003,invalid,compiled,,False,no_decision,0.006744,,,,,
Kubernetes---kb_960_Normalized.json,Kubernetes---kb_960_Normalized.json::test_00000,valid,compiled,,False,no_decision,0.001594,,,,,
Kubernetes---kb_960_Normalized.json,Kubernetes---kb_960_Normalized.json::test_00001,invalid,compiled,,False,no_decision,0.001724,,,,,
Kubernetes---kb_962_Normalized.json,Kubernetes---kb_962_Normalized.json::test_00000,valid,passed,True,True,correct_accept,0.001806,0.004379,0.004055,0.000227,32,32
Kubernetes---kb_962_Normalized.json,Kubernetes---kb_962_Normalized.json::test_00001,invalid,passed,False,True,correct_reject,0.001806,0.000813,0.000752,3.7e-05,27,5
Kubernetes---kb_962_Normalized.json,Kubernetes---kb_962_Normalized.json::test_00002,invalid,passed,False,True,correct_reject,0.001806,0.003034,0.002783,0.000156,32,30
Kubernetes---kb_963_Normalized.json,Kubernetes---kb_963_Normalized.json::test_00000,valid,passed,True,True,correct_accept,0.002365,0.008372,0.007569,0.000627,45,45
Kubernetes---kb_963_Normalized.json,Kubernetes---kb_963_Normalized.json::test_00001,invalid,passed,False,True,correct_reject,0.002365,0.000729,0.000668,3.7e-05,43,5
Kubernetes---kb_963_Normalized.json,Kubernetes---kb_963_Normalized.json::test_00002,invalid,passed,False,True,correct_reject,0.002365,0.00155,0.001398,9.8e-05,40,18
Kubernetes---kb_963_Normalized.json,Kubernetes---kb_963_Normalized.json::test_00004,invalid,passed,False,True,correct_reject,0.002365,0.002034,0.001852,0.000121,37,15
Kubernetes---kb_963_Normalized.json,Kubernetes---kb_963_Normalized.json::test_00003,invalid,passed,False,True,correct_reject,0.002365,0.002123,0.001935,0.000125,39,17
Kubernetes---kb_964_Normalized.json,Kubernetes---kb_964_Normalized.json::test_00000,valid,passed,True,True,correct_accept,0.002253,0.007567,0.006886,0.000523,45,45
Kubernetes---kb_964_Normalized.json,Kubernetes---kb_964_Normalized.json::test_00001,invalid,passed,False,True,correct_reject,0.002253,0.000866,0.000796,4.2e-05,43,5
Kubernetes---kb_964_Normalized.json,Kubernetes---kb_964_Normalized.json::test_00002,invalid,passed,False,True,correct_reject,0.002253,0.002154,0.001935,0.000145,40,18
Kubernetes---kb_964_Normalized.json,Kubernetes---kb_964_Normalized.json::test_00003,invalid,passed,False,True,correct_reject,0.002253,0.002284,0.002106,0.000118,39,17
Kubernetes---kb_965_Normalized.json,Kubernetes---kb_965_Normalized.json::test_00000,valid,passed,True,True,correct_accept,0.002079,0.007417,0.006625,0.000621,45,45
Kubernetes---kb_965_Normalized.json,Kubernetes---kb_965_Normalized.json::test_00001,invalid,passed,False,True,correct_reject,0.002079,0.000974,0.000912,3.8e-05,43,5
Kubernetes---kb_965_Normalized.json,Kubernetes---kb_965_Normalized.json::test_00002,invalid,passed,False,True,correct_reject,0.002079,0.002016,0.001797,0.000126,40,18
Kubernetes---kb_965_Normalized.json,Kubernetes---kb_965_Normalized.json::test_00003,invalid,passed,False,True,correct_reject,0.002079,0.002151,0.001989,0.000105,39,17
Kubernetes---kb_965_Normalized.json,Kubernetes---kb_965_Normalized.json::test_00004,valid,passed,True,True,correct_accept,0.002079,0.006162,0.005526,0.000455,45,45
Kubernetes---kb_965_Normalized.json,Kubernetes---kb_965_Normalized.json::test_00005,invalid,passed,False,True,correct_reject,0.002079,0.005591,0.00516,0.000284,43,42
Kubernetes---kb_966_Normalized.json,Kubernetes---kb_966_Normalized.json::test_00000,valid,running_compile_grammar,,False,no_decision,,,,,,
Kubernetes---kb_966_Normalized.json,Kubernetes---kb_966_Normalized.json::test_00001,invalid,running_compile_grammar,,False,no_decision,,,,,,
Kubernetes---kb_966_Normalized.json,Kubernetes---kb_966_Normalized.json::test_00002,invalid,running_compile_grammar,,False,no_decision,,,,,,
Kubernetes---kb_966_Normalized.json,Kubernetes---kb_966_Normalized.json::test_00003,invalid,running_compile_grammar,,False,no_decision,,,,,,
Kubernetes---kb_968_Normalized.json,Kubernetes---kb_968_Normalized.json::test_00001,valid,failed,False,True,over_constraint,0.009015,0.004978,0.004398,0.000303,115,40
Kubernetes---kb_968_Normalized.json,Kubernetes---kb_968_Normalized.json::test_00002,invalid,compiled,,False,no_decision,0.009015,,,,,
Kubernetes---kb_968_Normalized.json,Kubernetes---kb_968_Normalized.json::test_00003,invalid,compiled,,False,no_decision,0.009015,,,,,
Kubernetes---kb_969_Normalized.json,Kubernetes---kb_969_Normalized.json::test_00000,valid,failed,False,True,over_constraint,0.007526,0.007369,0.00639,0.000654,115,40
Kubernetes---kb_969_Normalized.json,Kubernetes---kb_969_Normalized.json::test_00001,valid,compiled,,False,no_decision,0.007526,,,,,
Kubernetes---kb_967_Normalized.json,Kubernetes---kb_967_Normalized.json::test_00000,valid,failed,False,True,over_constraint,0.001656,0.002224,0.002005,0.000101,27,18
Kubernetes---kb_967_Normalized.json,Kubernetes---kb_967_Normalized.json::test_00001,invalid,passed,False,True,correct_reject,0.001656,0.000712,0.000648,3.7e-05,19,7
Kubernetes---kb_967_Normalized.json,Kubernetes---kb_967_Normalized.json::test_00002,invalid,passed,False,True,correct_reject,0.001656,0.001141,0.001038,6.2e-05,21,7
Kubernetes---kb_968_Normalized.json,Kubernetes---kb_968_Normalized.json::test_00000,valid,failed,False,True,over_constraint,0.009015,0.00717,0.006217,0.000658,104,31
Kubernetes---kb_970_Normalized.json,Kubernetes---kb_970_Normalized.json::test_00000,valid,passed,True,True,correct_accept,0.004568,0.017298,0.01497,0.001946,79,79
Kubernetes---kb_970_Normalized.json,Kubernetes---kb_970_Normalized.json::test_00001,invalid,passed,False,True,correct_reject,0.004568,0.003618,0.003271,0.000236,78,35
Kubernetes---kb_970_Normalized.json,Kubernetes---kb_970_Normalized.json::test_00002,valid,passed,True,True,correct_accept,0.004568,0.012011,0.010894,0.000837,95,95
Kubernetes---kb_970_Normalized.json,Kubernetes---kb_970_Normalized.json::test_00003,invalid,passed,False,True,correct_reject,0.004568,0.006651,0.005829,0.000579,96,59
Kubernetes---kb_970_Normalized.json,Kubernetes---kb_970_Normalized.json::test_00004,invalid,passed,False,True,correct_reject,0.004568,0.003388,0.003113,0.000184,106,35
Kubernetes---kb_971_Normalized.json,Kubernetes---kb_971_Normalized.json::test_00000,valid,passed,True,True,correct_accept,0.005463,0.016104,0.014113,0.00168,79,79
Kubernetes---kb_971_Normalized.json,Kubernetes---kb_971_Normalized.json::test_00001,invalid,passed,False,True,correct_reject,0.005463,0.006409,0.005875,0.000381,79,48
Kubernetes---kb_971_Normalized.json,Kubernetes---kb_971_Normalized.json::test_00002,invalid,passed,False,True,correct_reject,0.005463,0.00462,0.004242,0.000262,74,35
Kubernetes---kb_971_Normalized.json,Kubernetes---kb_971_Normalized.json::test_00003,valid,passed,True,True,correct_accept,0.005463,0.016767,0.015994,0.000563,89,89
Kubernetes---kb_971_Normalized.json,Kubernetes---kb_971_Normalized.json::test_00004,invalid,passed,False,True,correct_reject,0.005463,0.005123,0.004607,0.000343,86,59
Kubernetes---kb_971_Normalized.json,Kubernetes---kb_971_Normalized.json::test_00005,invalid,passed,False,True,correct_reject,0.005463,0.003554,0.003207,0.00024,85,35
Kubernetes---kb_972_Normalized.json,Kubernetes---kb_972_Normalized.json::test_00000,valid,compiled,,False,no_decision,0.00758,,,,,
Kubernetes---kb_972_Normalized.json,Kubernetes---kb_972_Normalized.json::test_00001,invalid,compiled,,False,no_decision,0.00758,,,,,
Kubernetes---kb_972_Normalized.json,Kubernetes---kb_972_Normalized.json::test_00002,invalid,passed,False,True,correct_reject,0.00758,0.000762,0.00069,4.4e-05,399,6
Kubernetes---kb_972_Normalized.json,Kubernetes---kb_972_Normalized.json::test_00003,invalid,passed,False,True,correct_reject,0.00758,0.003904,0.00356,0.000227,394,39
Kubernetes---kb_972_Normalized.json,Kubernetes---kb_972_Normalized.json::test_00004,valid,passed,True,True,correct_accept,0.00758,0.018421,0.016387,0.001426,205,205
Kubernetes---kb_972_Normalized.json,Kubernetes---kb_972_Normalized.json::test_00005,invalid,passed,False,True,correct_reject,0.00758,0.000622,0.00057,3.2e-05,203,5
Kubernetes---kb_972_Normalized.json,Kubernetes---kb_972_Normalized.json::test_00006,invalid,passed,False,True,correct_reject,0.00758,0.004098,0.003647,0.000308,200,39
Kubernetes---kb_973_Normalized.json,Kubernetes---kb_973_Normalized.json::test_00004,valid,failed,False,True,over_constraint,0.004244,0.016275,0.014866,0.000802,526,126
Kubernetes---kb_974_Normalized.json,Kubernetes---kb_974_Normalized.json::test_00000,valid,running_compile_grammar,,False,no_decision,,,,,,
Kubernetes---kb_974_Normalized.json,Kubernetes---kb_974_Normalized.json::test_00001,invalid,running_compile_grammar,,False,no_decision,,,,,,
Kubernetes---kb_974_Normalized.json,Kubernetes---kb_974_Normalized.json::test_00002,invalid,running_compile_grammar,,False,no_decision,,,,,,
Kubernetes---kb_974_Normalized.json,Kubernetes---kb_974_Normalized.json::test_00003,invalid,running_compile_grammar,,False,no_decision,,,,,,
Kubernetes---kb_973_Normalized.json,Kubernetes---kb_973_Normalized.json::test_00000,valid,running_compile_grammar,,False,no_decision,,,,,,
Kubernetes---kb_975_Normalized.json,Kubernetes---kb_975_Normalized.json::test_00000,valid,passed,True,True,correct_accept,0.002059,0.002178,0.002019,0.000106,14,14
Kubernetes---kb_975_Normalized.json,Kubernetes---kb_975_Normalized.json::test_00001,invalid,passed,False,True,correct_reject,0.002059,0.000637,0.000582,3.3e-05,12,5
Kubernetes---kb_975_Normalized.json,Kubernetes---kb_975_Normalized.json::test_00002,invalid,passed,False,True,correct_reject,0.002059,0.000602,0.000556,2.9e-05,11,4
Kubernetes---kb_975_Normalized.json,Kubernetes---kb_975_Normalized.json::test_00003,invalid,passed,False,True,correct_reject,0.002059,0.000884,0.000782,6.8e-05,11,10
Kubernetes---kb_976_Normalized.json,Kubernetes---kb_976_Normalized.json::test_00000,valid,failed,False,True,over_constraint,0.001963,0.003235,0.002763,0.000184,35,25
Kubernetes---kb_976_Normalized.json,Kubernetes---kb_976_Normalized.json::test_00001,invalid,running_validation,,False,no_decision,0.001963,,,,29,
Kubernetes---kb_976_Normalized.json,Kubernetes---kb_976_Normalized.json::test_00002,invalid,passed,False,True,correct_reject,0.00206,0.000749,0.000672,5.4e-05,28,5
Kubernetes---kb_977_Normalized.json,Kubernetes---kb_977_Normalized.json::test_00000,valid,failed,False,True,over_constraint,0.001392,0.003289,0.002833,0.000151,35,25
Kubernetes---kb_977_Normalized.json,Kubernetes---kb_977_Normalized.json::test_00001,invalid,passed,False,True,correct_reject,0.001392,0.000584,0.000537,2.8e-05,28,5
Kubernetes---kb_978_Normalized.json,Kubernetes---kb_978_Normalized.json::test_00000,valid,failed,False,True,over_constraint,0.006793,0.007075,0.006131,0.000609,118,42
Kubernetes---kb_979_Normalized.json,Kubernetes---kb_979_Normalized.json::test_00000,valid,failed,False,True,over_constraint,0.007854,0.006912,0.006095,0.000524,122,42
Kubernetes---kb_97_Normalized.json,Kubernetes---kb_97_Normalized.json::test_00000,valid,passed,True,True,correct_accept,0.004384,0.013284,0.011879,0.001066,97,97
Kubernetes---kb_97_Normalized.json,Kubernetes---kb_97_Normalized.json::test_00001,invalid,passed,False,True,correct_reject,0.004384,0.006907,0.006124,0.000504,95,84
Kubernetes---kb_97_Normalized.json,Kubernetes---kb_97_Normalized.json::test_00002,valid,running_validation,,False,no_decision,0.004384,,,,216,
Kubernetes---kb_97_Normalized.json,Kubernetes---kb_97_Normalized.json::test_00003,invalid,passed,False,True,correct_reject,0.007331,0.006751,0.006,0.000407,258,87
Kubernetes---kb_97_Normalized.json,Kubernetes---kb_97_Normalized.json::test_00004,invalid,passed,False,True,correct_reject,0.007331,0.007782,0.00709,0.000449,242,91
Kubernetes---kb_980_Normalized.json,Kubernetes---kb_980_Normalized.json::test_00000,valid,passed,True,True,correct_accept,0.002807,0.004632,0.004096,0.000406,42,42
Kubernetes---kb_980_Normalized.json,Kubernetes---kb_980_Normalized.json::test_00001,valid,passed,True,True,correct_accept,0.002807,0.003528,0.003127,0.000274,35,35
Kubernetes---kb_980_Normalized.json,Kubernetes---kb_980_Normalized.json::test_00002,invalid,passed,False,True,correct_reject,0.002807,0.000693,0.000635,3.5e-05,35,4
Kubernetes---kb_981_Normalized.json,Kubernetes---kb_981_Normalized.json::test_00000,valid,passed,True,True,correct_accept,0.002951,0.005486,0.004841,0.000486,41,41
Kubernetes---kb_981_Normalized.json,Kubernetes---kb_981_Normalized.json::test_00001,valid,passed,True,True,correct_accept,0.002951,0.002975,0.002669,0.000207,35,35
Kubernetes---kb_981_Normalized.json,Kubernetes---kb_981_Normalized.json::test_00002,invalid,passed,False,True,correct_reject,0.002951,0.000961,0.000896,4.1e-05,33,4
Kubernetes---kb_981_Normalized.json,Kubernetes---kb_981_Normalized.json::test_00003,invalid,passed,False,True,correct_reject,0.002951,0.001565,0.00143,8.8e-05,43,18
Kubernetes---kb_982_Normalized.json,Kubernetes---kb_982_Normalized.json::test_00000,valid,compiled,,False,no_decision,0.002217,,,,,
Kubernetes---kb_982_Normalized.json,Kubernetes---kb_982_Normalized.json::test_00001,invalid,running_compile_grammar,,False,no_decision,,,,,,
Kubernetes---kb_982_Normalized.json,Kubernetes---kb_982_Normalized.json::test_00002,invalid,running_compile_grammar,,False,no_decision,,,,,,
Kubernetes---kb_982_Normalized.json,Kubernetes---kb_982_Normalized.json::test_00003,valid,running_compile_grammar,,False,no_decision,,,,,,
Kubernetes---kb_982_Normalized.json,Kubernetes---kb_982_Normalized.json::test_00004,invalid,running_compile_grammar,,False,no_decision,,,,,,
Kubernetes---kb_984_Normalized.json,Kubernetes---kb_984_Normalized.json::test_00002,invalid,passed,False,True,correct_reject,0.002027,0.000592,0.000546,2.6e-05,25,4
Kubernetes---kb_984_Normalized.json,Kubernetes---kb_984_Normalized.json::test_00003,valid,passed,True,True,correct_accept,0.002027,0.0042,0.003795,0.000258,29,29
Kubernetes---kb_984_Normalized.json,Kubernetes---kb_984_Normalized.json::test_00004,invalid,passed,False,True,correct_reject,0.002027,0.001276,0.001131,8.2e-05,27,4
Kubernetes---kb_984_Normalized.json,Kubernetes---kb_984_Normalized.json::test_00000,valid,passed,True,True,correct_accept,0.002027,0.004209,0.00386,0.000245,27,27
Kubernetes---kb_984_Normalized.json,Kubernetes---kb_984_Normalized.json::test_00001,invalid,passed,False,True,correct_reject,0.002027,0.000848,0.000778,4.3e-05,27,5
Kubernetes---kb_985_Normalized.json,Kubernetes---kb_985_Normalized.json::test_00000,valid,passed,True,True,correct_accept,0.001907,0.004568,0.004174,0.000275,29,29
Kubernetes---kb_985_Normalized.json,Kubernetes---kb_985_Normalized.json::test_00001,invalid,passed,False,True,correct_reject,0.001907,0.000926,0.000866,3.6e-05,27,4
Kubernetes---kb_983_Normalized.json,Kubernetes---kb_983_Normalized.json::test_00000,valid,passed,True,True,correct_accept,0.00203,0.004875,0.004431,0.000316,27,27
Kubernetes---kb_983_Normalized.json,Kubernetes---kb_983_Normalized.json::test_00001,invalid,passed,False,True,correct_reject,0.00203,0.000803,0.000737,3.9e-05,25,4
Kubernetes---kb_983_Normalized.json,Kubernetes---kb_983_Normalized.json::test_00002,valid,passed,True,True,correct_accept,0.00203,0.003179,0.00291,0.00018,27,27
Kubernetes---kb_983_Normalized.json,Kubernetes---kb_983_Normalized.json::test_00003,invalid,passed,False,True,correct_reject,0.00203,0.000602,0.000553,2.9e-05,25,4
Kubernetes---kb_986_Normalized.json,Kubernetes---kb_986_Normalized.json::test_00000,valid,passed,True,True,correct_accept,0.002119,0.003973,0.003538,0.000352,20,20
Kubernetes---kb_986_Normalized.json,Kubernetes---kb_986_Normalized.json::test_00001,invalid,passed,False,True,correct_reject,0.002119,0.001143,0.001067,4.7e-05,19,5
Kubernetes---kb_986_Normalized.json,Kubernetes---kb_986_Normalized.json::test_00002,invalid,passed,False,True,correct_reject,0.002119,0.000785,0.000737,2.9e-05,18,4
Kubernetes---kb_987_Normalized.json,Kubernetes---kb_987_Normalized.json::test_00000,valid,passed,True,True,correct_accept,0.002272,0.002701,0.002447,0.000196,20,20
Kubernetes---kb_987_Normalized.json,Kubernetes---kb_987_Normalized.json::test_00001,invalid,passed,False,True,correct_reject,0.002272,0.000851,0.000791,3.7e-05,18,4
Kubernetes---kb_987_Normalized.json,Kubernetes---kb_987_Normalized.json::test_00002,invalid,passed,False,True,correct_reject,0.002272,0.000908,0.000837,4.2e-05,19,5
Kubernetes---kb_988_Normalized.json,Kubernetes---kb_988_Normalized.json::test_00000,valid,running_compile_grammar,,False,no_decision,,,,,,
Kubernetes---kb_988_Normalized.json,Kubernetes---kb_988_Normalized.json::test_00001,invalid,running_compile_grammar,,False,no_decision,,,,,,
Kubernetes---kb_988_Normalized.json,Kubernetes---kb_988_Normalized.json::test_00002,invalid,running_compile_grammar,,False,no_decision,,,,,,
Kubernetes---kb_988_Normalized.json,Kubernetes---kb_988_Normalized.json::test_00003,valid,running_compile_grammar,,False,no_decision,,,,,,
Kubernetes---kb_988_Normalized.json,Kubernetes---kb_988_Normalized.json::test_00004,invalid,running_compile_grammar,,False,no_decision,,,,,,
Kubernetes---kb_98_Normalized.json,Kubernetes---kb_98_Normalized.json::test_00004,invalid,running_validation,,False,no_decision,0.006975,,,,111,
Kubernetes---kb_98_Normalized.json,Kubernetes---kb_98_Normalized.json::test_00005,invalid,passed,False,True,correct_reject,0.006975,0.006621,0.00617,0.000291,89,52
Kubernetes---kb_990_Normalized.json,Kubernetes---kb_990_Normalized.json::test_00000,valid,failed,False,True,over_constraint,0.004713,0.010185,0.008826,0.00099,240,46
Kubernetes---kb_990_Normalized.json,Kubernetes---kb_990_Normalized.json::test_00001,valid,failed,False,True,over_constraint,0.004713,0.007557,0.00681,0.00041,246,52
Kubernetes---kb_990_Normalized.json,Kubernetes---kb_990_Normalized.json::test_00002,invalid,passed,False,True,correct_reject,0.004713,0.007572,0.006816,0.000403,288,52
Kubernetes---kb_991_Normalized.json,Kubernetes---kb_991_Normalized.json::test_00000,valid,failed,False,True,over_constraint,0.004466,0.012702,0.011175,0.001089,266,61
Kubernetes---kb_991_Normalized.json,Kubernetes---kb_991_Normalized.json::test_00001,valid,failed,False,True,over_constraint,0.004466,0.009121,0.008302,0.000429,268,61
Kubernetes---kb_991_Normalized.json,Kubernetes---kb_991_Normalized.json::test_00002,invalid,passed,False,True,correct_reject,0.004466,0.006687,0.005959,0.000405,271,61
Kubernetes---kb_991_Normalized.json,Kubernetes---kb_991_Normalized.json::test_00003,invalid,passed,False,True,correct_reject,0.004466,0.006883,0.006126,0.000426,255,61
Kubernetes---kb_992_Normalized.json,Kubernetes---kb_992_Normalized.json::test_00000,valid,failed,False,True,over_constraint,0.001764,0.002005,0.001466,0.000257,48,5
Kubernetes---kb_992_Normalized.json,Kubernetes---kb_992_Normalized.json::test_00001,invalid,running_validation,,False,no_decision,0.001764,,,,44,
Kubernetes---kb_992_Normalized.json,Kubernetes---kb_992_Normalized.json::test_00002,invalid,compiled,,False,no_decision,0.001764,,,,,
Kubernetes---kb_98_Normalized.json,Kubernetes---kb_98_Normalized.json::test_00002,invalid,passed,False,True,correct_reject,0.006975,0.008661,0.00797,0.000465,105,71
Kubernetes---kb_98_Normalized.json,Kubernetes---kb_98_Normalized.json::test_00003,invalid,passed,False,True,correct_reject,0.006975,0.00097,0.000888,5.2e-05,101,6
Kubernetes---kb_993_Normalized.json,Kubernetes---kb_993_Normalized.json::test_00000,valid,failed,False,True,over_constraint,0.002388,0.002661,0.002086,0.000234,29,5
Kubernetes---kb_996_Normalized.json,Kubernetes---kb_996_Normalized.json::test_00000,valid,failed,False,True,over_constraint,0.056073,0.002072,0.001695,0.000192,164,5
Kubernetes---kb_996_Normalized.json,Kubernetes---kb_996_Normalized.json::test_00001,valid,failed,False,True,over_constraint,0.056073,0.001038,0.000874,3.8e-05,127,5
Kubernetes---kb_999_Normalized.json,Kubernetes---kb_999_Normalized.json::test_00000,valid,failed,False,True,over_constraint,0.035739,0.002409,0.001843,0.000184,139,5
Kubernetes---kb_999_Normalized.json,Kubernetes---kb_999_Normalized.json::test_00001,valid,failed,False,True,over_constraint,0.035739,0.001275,0.001028,4.7e-05,122,5
Kubernetes---kb_99_Normalized.json,Kubernetes---kb_99_Normalized.json::test_00000,valid,passed,True,True,correct_accept,0.003203,0.004062,0.00375,0.000203,31,31
Kubernetes---kb_99_Normalized.json,Kubernetes---kb_99_Normalized.json::test_00001,invalid,passed,False,True,correct_reject,0.003203,0.000906,0.000832,4.5e-05,30,5
Kubernetes---kb_99_Normalized.json,Kubernetes---kb_99_Normalized.json::test_00002,valid,passed,True,True,correct_accept,0.003203,0.002914,0.002643,0.000175,27,27
Kubernetes---kb_99_Normalized.json,Kubernetes---kb_99_Normalized.json::test_00003,invalid,passed,False,True,correct_reject,0.003203,0.000533,0.0005,1.9e-05,28,2
Kubernetes---kb_993_Normalized.json,Kubernetes---kb_993_Normalized.json::test_00001,invalid,passed,False,True,correct_reject,0.002388,0.001213,0.000973,5e-05,28,5
Kubernetes---kb_993_Normalized.json,Kubernetes---kb_993_Normalized.json::test_00002,valid,failed,False,True,over_constraint,0.002388,0.001535,0.001248,7.1e-05,48,5
Kubernetes---kb_994_Normalized.json,Kubernetes---kb_994_Normalized.json::test_00000,valid,passed,True,True,correct_accept,0.002365,0.002723,0.002237,0.000431,12,12
Kubernetes---kb_995_Normalized.json,Kubernetes---kb_995_Normalized.json::test_00000,valid,passed,True,True,correct_accept,0.001609,0.002392,0.001982,0.000357,12,12
Kubernetes---kb_995_Normalized.json,Kubernetes---kb_995_Normalized.json::test_00001,valid,passed,True,True,correct_accept,0.001609,0.001865,0.001713,0.000103,12,12
Kubernetes---kb_9_Normalized.json,Kubernetes---kb_9_Normalized.json::test_00000,valid,passed,True,True,correct_accept,0.002045,0.001781,0.001664,7.7e-05,8,8
Kubernetes---kb_9_Normalized.json,Kubernetes---kb_9_Normalized.json::test_00001,invalid,passed,False,True,correct_reject,0.002045,0.001232,0.001135,5.9e-05,6,5
