dataset_id,framework_id,schema_id,n_tests,n_valid_tests,n_invalid_tests,n_valid_completed,n_invalid_completed,n_completed,n_timeout,timeout_status,timeout_stage,timeout_elapsed_s,compile_grammar_s,validation_loop_mean_s,compute_mask_mean_s,commit_token_mean_s,schema_file_bytes,schema_json_chars,mean_instance_json_chars,mean_num_tokens,max_num_tokens,n_correct_accept,n_correct_reject,n_under_constraint,n_over_constraint,under_rate,over_rate,timeout_rate,coverage_rate,accuracy_completed,permissive_score,has_additionalProperties,has_allOf,has_anchor,has_anyOf,has_boolean_schema,has_const,has_contains,has_content,has_default,has_defs,has_dependentRequired,has_dependentSchemas,has_dynamicRef,has_enum,has_exclusiveMaximum,has_exclusiveMinimum,has_if_then_else,has_infinite_loop_detection,has_items,has_maxContains,has_maxItems,has_maxLength,has_maxProperties,has_maximum,has_minContains,has_minItems,has_minLength,has_minProperties,has_minimum,has_multipleOf,has_not,has_oneOf,has_pattern,has_patternProperties,has_prefixItems,has_properties,has_propertyNames,has_ref,has_required,has_type,has_unevaluatedItems,has_unevaluatedProperties,has_uniqueItems,nb_keywords,nb_properties,nb_required,schema_depth,nb_branches_combinators,nb_enum_values,nb_regex,large_enum,many_required,many_properties,deep_schema
Kubernetes,outlines,Kubernetes---kb_0_Normalized.json,3,2,1,2,1,3,0,completed,,,23.246,0.398595,0.184783,0.213104,24836,12907,1167.67,310,313,2,1,0,0,0,0,0,1,1,0,true,false,false,false,false,false,false,false,false,true,false,false,false,false,false,false,false,false,true,false,false,false,false,false,false,false,false,false,false,false,false,false,false,false,false,true,false,true,true,true,false,false,false,127,27,10,5,0,0,0,false,true,true,false
Kubernetes,outlines,Kubernetes---kb_1000_Normalized.json,4,2,2,2,2,4,0,completed,,,0.831766,0.165722,0.077488,0.0880313,3929,1130,151.75,51.75,57,2,2,0,0,0,0,0,1,1,0,false,false,false,false,false,false,false,false,false,true,false,false,false,false,false,false,false,false,false,false,false,false,false,false,false,false,false,false,false,false,false,false,false,false,false,true,false,true,true,true,false,false,false,18,5,2,4,0,0,0,false,false,false,false
Kubernetes,outlines,Kubernetes---kb_1001_Normalized.json,7,2,5,2,5,7,0,completed,,,0.787703,0.117164,0.0548644,0.062158,6220,1130,155.714,49.7143,53,2,5,0,0,0,0,0,1,1,0,false,false,false,false,false,false,false,false,false,true,false,false,false,false,false,false,false,false,false,false,false,false,false,false,false,false,false,false,false,false,false,false,false,false,false,true,false,true,true,true,false,false,false,18,5,2,4,0,0,0,false,false,false,false
Kubernetes,outlines,Kubernetes---kb_1002_Normalized.json,6,2,4,2,4,6,0,completed,,,0.786441,0.0895983,0.0416593,0.0478225,5482,1130,146.833,49.1667,58,2,4,0,0,0,0,0,1,1,0,false,false,false,false,false,false,false,false,false,true,false,false,false,false,false,false,false,false,false,false,false,false,false,false,false,false,false,false,false,false,false,false,false,false,false,true,false,true,true,true,false,false,false,18,5,2,4,0,0,0,false,false,false,false
Kubernetes,outlines,Kubernetes---kb_1003_Normalized.json,4,2,2,2,2,4,0,completed,,,0.911537,0.102698,0.0483253,0.0542477,3924,1130,144.25,49.5,52,2,2,0,0,0,0,0,1,1,0,false,false,false,false,false,false,false,false,false,true,false,false,false,false,false,false,false,false,false,false,false,false,false,false,false,false,false,false,false,false,false,false,false,false,false,true,false,true,true,true,false,false,false,18,5,2,4,0,0,0,false,false,false,false
Kubernetes,outlines,Kubernetes---kb_1008_Normalized.json,2,2,0,2,0,2,0,completed,,,215.626,0.343685,0.163638,0.179481,191635,153666,541,153.5,158,2,0,0,0,0,0,0,1,1,0,true,false,false,false,false,false,false,false,false,true,false,false,false,true,false,false,false,false,true,false,false,false,false,false,false,false,false,false,false,false,false,true,false,false,false,true,false,true,true,true,false,false,false,1483,453,80,6,4,1,0,false,true,true,false
Kubernetes,outlines,Kubernetes---kb_100_Normalized.json,5,2,3,2,3,5,0,completed,,,0.712579,0.0365898,0.017369,0.0191672,3831,669,106.8,28.4,31,2,3,0,0,0,0,0,1,1,0,false,false,false,false,false,false,false,false,false,false,false,false,false,false,false,false,false,false,false,false,false,false,false,false,false,false,false,false,false,false,false,false,false,false,false,true,false,false,true,true,false,false,false,12,4,2,4,0,0,0,false,false,false,false
Kubernetes,outlines,Kubernetes---kb_1011_Normalized.json,2,2,0,2,0,2,0,completed,,,210.288,0.311941,0.14603,0.165353,191614,153666,530.5,154,159,2,0,0,0,0,0,0,1,1,0,true,false,false,false,false,false,false,false,false,true,false,false,false,true,false,false,false,false,true,false,false,false,false,false,false,false,false,false,false,false,false,true,false,false,false,true,false,true,true,true,false,false,false,1483,453,80,6,4,1,0,false,true,true,false
Kubernetes,outlines,Kubernetes---kb_1012_Normalized.json,9,2,7,2,7,9,0,completed,,,2.46606,0.164218,0.0771476,0.0868307,16169,3365,422.889,137.556,182,2,7,0,0,0,0,0,1,1,0,false,false,false,false,false,false,false,false,false,true,false,false,false,false,false,false,false,false,true,false,false,false,false,false,false,false,false,false,false,false,false,false,false,false,false,true,false,true,true,true,false,false,false,50,14,3,4,0,0,0,false,false,true,false
Kubernetes,outlines,Kubernetes---kb_1015_Normalized.json,8,2,6,2,6,8,0,completed,,,2.53888,0.326881,0.153356,0.173071,17406,3365,534.375,178.25,219,2,6,0,0,0,0,0,1,1,0,false,false,false,false,false,false,false,false,false,true,false,false,false,false,false,false,false,false,true,false,false,false,false,false,false,false,false,false,false,false,false,false,false,false,false,true,false,true,true,true,false,false,false,50,14,3,4,0,0,0,false,false,true,false
Kubernetes,outlines,Kubernetes---kb_1016_Normalized.json,5,2,3,2,3,5,0,completed,,,0.375782,0.0219462,0.0099174,0.01199,4100,1102,56,17.2,18,1,3,0,1,0,0.5,0,1,0.8,-0.5,false,false,false,false,false,false,false,false,false,true,false,false,false,false,false,false,false,false,false,false,false,false,false,false,false,false,false,false,false,false,false,false,false,false,false,true,false,true,false,true,false,false,false,14,3,0,4,0,0,0,false,false,false,false
Kubernetes,outlines,Kubernetes---kb_1019_Normalized.json,4,2,2,2,2,4,0,completed,,,0.386652,0.0255837,0.0112473,0.0142923,3478,1102,58.25,17.5,18,1,2,0,1,0,0.5,0,1,0.75,-0.5,false,false,false,false,false,false,false,false,false,true,false,false,false,false,false,false,false,false,false,false,false,false,false,false,false,false,false,false,false,false,false,false,false,false,false,true,false,true,false,true,false,false,false,14,3,0,4,0,0,0,false,false,false,false
Kubernetes,outlines,Kubernetes---kb_101_Normalized.json,8,2,6,2,6,8,0,completed,,,28.0945,0.061072,0.0284984,0.0324354,26369,15430,288.125,78.5,95,1,6,0,1,0,0.5,0,1,0.875,-0.5,true,false,false,false,false,false,false,false,false,true,false,false,false,true,false,false,false,false,true,false,false,false,false,false,false,false,false,false,false,false,false,false,false,false,false,true,false,true,true,true,false,false,false,120,36,6,5,0,2,0,false,true,true,false
Kubernetes,outlines,Kubernetes---kb_1020_Normalized.json,10,2,8,2,8,10,0,completed,,,3.1395,0.103696,0.0485064,0.055004,23393,7682,546.4,158.6,164,2,8,0,0,0,0,0,1,1,0,false,false,false,false,false,false,false,false,false,true,false,false,false,true,false,false,false,false,true,false,false,false,false,false,false,false,false,false,false,false,false,false,false,false,false,true,false,true,false,true,false,false,false,66,21,0,5,0,2,0,false,false,true,false
Kubernetes,outlines,Kubernetes---kb_1021_Normalized.json,8,2,6,2,6,8,0,completed,,,2.85534,0.144111,0.0680523,0.0758407,20851,7668,482.125,144.375,215,2,6,0,0,0,0,0,1,1,0,false,false,false,false,false,false,false,false,false,true,false,false,false,true,false,false,false,false,true,false,false,false,false,false,false,false,false,false,false,false,false,false,false,false,false,true,false,true,false,true,false,false,false,65,21,0,5,0,1,0,false,false,true,false
Kubernetes,outlines,Kubernetes---kb_1022_Normalized.json,5,2,3,2,3,5,0,completed,,,0.450556,0.0525494,0.0246898,0.0277888,5645,974,101.4,26.4,32,2,3,0,0,0,0,0,1,1,0,false,false,false,false,false,false,false,false,false,false,false,false,false,false,false,false,false,false,false,false,false,false,false,false,false,false,false,false,false,false,false,false,false,false,false,true,false,false,false,true,false,false,false,9,3,0,4,0,0,0,false,false,false,false
Kubernetes,outlines,Kubernetes---kb_1023_Normalized.json,5,2,3,2,3,5,0,completed,,,0.477524,0.0698192,0.0335272,0.0361956,5728,974,117,30.6,35,2,3,0,0,0,0,0,1,1,0,false,false,false,false,false,false,false,false,false,false,false,false,false,false,false,false,false,false,false,false,false,false,false,false,false,false,false,false,false,false,false,false,false,false,false,true,false,false,false,true,false,false,false,9,3,0,4,0,0,0,false,false,false,false
Kubernetes,outlines,Kubernetes---kb_1024_Normalized.json,7,2,5,2,5,7,0,completed,,,1.61698,0.218776,0.103167,0.115315,10572,2916,275.571,91.7143,105,2,5,0,0,0,0,0,1,1,0,false,false,false,false,false,false,false,false,false,true,false,false,false,false,false,false,false,false,true,false,false,false,false,false,false,false,false,false,false,false,false,false,false,false,false,true,false,true,false,true,false,false,false,28,9,0,4,0,0,0,false,false,false,false
Kubernetes,outlines,Kubernetes---kb_1025_Normalized.json,7,2,5,2,5,7,0,completed,,,1.61014,0.159223,0.0748676,0.0841423,10777,2916,299.571,95.4286,133,2,5,0,0,0,0,0,1,1,0,false,false,false,false,false,false,false,false,false,true,false,false,false,false,false,false,false,false,true,false,false,false,false,false,false,false,false,false,false,false,false,false,false,false,false,true,false,true,false,true,false,false,false,28,9,0,4,0,0,0,false,false,false,false
Kubernetes,outlines,Kubernetes---kb_1026_Normalized.json,9,2,7,2,7,9,0,completed,,,30.8505,0.0835326,0.0390878,0.0442777,31690,17538,441.222,127.778,169,1,7,0,1,0,0.5,0,1,0.888889,-0.5,true,false,false,false,false,false,false,false,false,true,false,false,false,true,false,false,false,false,true,false,false,false,false,false,false,false,false,false,false,false,false,false,false,false,false,true,false,true,true,true,false,false,false,140,41,7,5,0,2,0,false,true,true,false
Kubernetes,outlines,Kubernetes---kb_1027_Normalized.json,8,2,6,2,6,8,0,completed,,,31.5357,0.158826,0.075346,0.0832004,34743,17548,735.25,205.875,654,1,6,0,1,0,0.5,0,1,0.875,-0.5,true,false,false,false,false,false,false,false,false,true,false,false,false,true,false,false,false,false,true,false,false,false,false,false,false,false,false,false,false,false,false,false,false,false,false,true,false,true,true,true,false,false,false,140,41,7,5,0,2,0,false,true,true,false
Kubernetes,outlines,Kubernetes---kb_1028_Normalized.json,9,2,7,2,7,9,0,completed,,,29.9267,0.158012,0.0743249,0.0834481,31709,17514,422.667,126.111,150,1,7,0,1,0,0.5,0,1,0.888889,-0.5,true,false,false,false,false,false,false,false,false,true,false,false,false,true,false,false,false,false,true,false,false,false,false,false,false,false,false,false,false,false,false,false,false,false,false,true,false,true,true,true,false,false,false,139,41,7,5,0,1,0,false,true,true,false
Kubernetes,outlines,Kubernetes---kb_1029_Normalized.json,7,2,5,2,5,7,0,completed,,,56.5049,0.264205,0.125175,0.138594,37592,21373,610.286,183,288,1,5,0,1,0,0.5,0,1,0.857143,-0.5,true,false,false,false,false,false,false,false,false,true,false,false,false,true,false,false,false,false,true,false,false,false,false,false,false,false,false,false,false,false,false,false,false,false,false,true,false,true,true,true,false,false,false,171,49,8,6,0,3,0,false,true,true,false
Kubernetes,outlines,Kubernetes---kb_102_Normalized.json,5,2,3,2,3,5,0,completed,,,28.302,0.0736616,0.0350818,0.0384524,22729,15416,249.2,68,78,1,3,0,1,0,0.5,0,1,0.8,-0.5,true,false,false,false,false,false,false,false,false,true,false,false,false,true,false,false,false,false,true,false,false,false,false,false,false,false,false,false,false,false,false,false,false,false,false,true,false,true,true,true,false,false,false,119,36,6,5,0,1,0,false,true,true,false
Kubernetes,outlines,Kubernetes---kb_1030_Normalized.json,7,2,5,2,5,7,0,completed,,,58.5173,0.417398,0.195774,0.220943,37744,21398,599,182.857,236,1,5,0,1,0,0.5,0,1,0.857143,-0.5,true,false,false,false,false,false,false,false,false,true,false,false,false,true,false,false,false,false,true,false,false,false,false,false,false,false,false,false,false,false,false,false,false,false,false,true,false,true,true,true,false,false,false,171,49,8,6,0,3,0,false,true,true,false
Kubernetes,outlines,Kubernetes---kb_1031_Normalized.json,5,1,4,1,4,5,0,completed,,,56.9681,0.243139,0.114163,0.128657,32087,21364,360,111.4,112,0,4,0,1,0,1,0,1,0.8,-1,true,false,false,false,false,false,false,false,false,true,false,false,false,true,false,false,false,false,true,false,false,false,false,false,false,false,false,false,false,false,false,false,false,false,false,true,false,true,true,true,false,false,false,170,49,8,6,0,2,0,false,true,true,false
Kubernetes,outlines,Kubernetes---kb_1032_Normalized.json,4,1,3,1,3,4,0,completed,,,1.63054,0.0323998,0.0153843,0.0169488,7842,3253,255.75,75.75,76,1,3,0,0,0,0,0,1,1,0,false,false,false,false,false,false,false,false,false,true,false,false,false,false,false,false,false,false,false,false,false,false,false,false,false,false,false,false,false,false,false,false,false,false,false,true,false,true,false,true,false,false,false,31,12,0,4,0,0,0,false,false,true,false
Kubernetes,outlines,Kubernetes---kb_1033_Normalized.json,5,2,3,2,3,5,0,completed,,,1.77784,0.0790312,0.0382838,0.0406236,10262,3253,475.2,137.6,380,2,3,0,0,0,0,0,1,1,0,false,false,false,false,false,false,false,false,false,true,false,false,false,false,false,false,false,false,false,false,false,false,false,false,false,false,false,false,false,false,false,false,false,false,false,true,false,true,false,true,false,false,false,31,12,0,4,0,0,0,false,false,true,false
Kubernetes,outlines,Kubernetes---kb_1034_Normalized.json,4,1,3,1,3,4,0,completed,,,0.818604,0.0310078,0.0145163,0.0164227,5427,1857,135,39.5,41,1,3,0,0,0,0,0,1,1,0,false,false,false,false,false,false,false,false,false,true,false,false,false,false,false,false,false,false,false,false,false,false,false,false,false,false,false,false,false,false,false,false,false,false,false,true,false,true,false,true,false,false,false,19,6,0,4,0,0,0,false,false,false,false
Kubernetes,outlines,Kubernetes---kb_1035_Normalized.json,5,2,3,2,3,5,0,completed,,,0.799132,0.0392096,0.018567,0.0205686,5811,1857,141.6,40.8,42,2,3,0,0,0,0,0,1,1,0,false,false,false,false,false,false,false,false,false,true,false,false,false,false,false,false,false,false,false,false,false,false,false,false,false,false,false,false,false,false,false,false,false,false,false,true,false,true,false,true,false,false,false,19,6,0,4,0,0,0,false,false,false,false
Kubernetes,outlines,Kubernetes---kb_1036_Normalized.json,5,2,3,2,3,5,0,completed,,,0.991196,0.0218526,0.0094254,0.0123762,5349,2259,40.2,15,15,2,3,0,0,0,0,0,1,1,0,false,false,false,false,false,false,false,false,false,true,false,false,false,false,false,false,false,false,false,false,false,false,false,false,false,false,false,false,false,false,false,false,false,false,false,true,false,true,true,true,false,false,false,36,8,5,4,0,0,0,false,true,false,false
Kubernetes,outlines,Kubernetes---kb_1037_Normalized.json,4,1,3,1,3,4,0,completed,,,0.605291,0.0627198,0.0293735,0.0332358,4653,1073,84.5,28.25,32,1,3,0,0,0,0,0,1,1,0,false,false,false,false,false,false,false,false,false,false,false,false,false,false,false,false,false,false,false,false,false,false,false,false,false,false,false,false,false,false,false,false,false,false,false,true,false,false,true,true,false,false,false,12,4,2,4,0,0,0,false,false,false,false
Kubernetes,outlines,Kubernetes---kb_1038_Normalized.json,3,1,2,1,2,3,0,completed,,,0.620478,0.0488167,0.0225987,0.0261473,3748,1100,99.3333,35.6667,45,1,2,0,0,0,0,0,1,1,0,false,false,false,false,false,false,false,false,false,false,false,false,false,false,false,false,false,false,false,false,false,false,false,false,false,false,false,false,false,false,false,false,false,false,false,true,false,false,true,true,false,false,false,12,4,2,4,0,0,0,false,false,false,false
Kubernetes,outlines,Kubernetes---kb_1039_Normalized.json,3,1,2,1,2,3,0,completed,,,0.611821,0.05031,0.023737,0.0264863,3298,1073,85.6667,29.3333,32,1,2,0,0,0,0,0,1,1,0,false,false,false,false,false,false,false,false,false,false,false,false,false,false,false,false,false,false,false,false,false,false,false,false,false,false,false,false,false,false,false,false,false,false,false,true,false,false,true,true,false,false,false,12,4,2,4,0,0,0,false,false,false,false
Kubernetes,outlines,Kubernetes---kb_103_Normalized.json,4,1,3,1,3,4,0,completed,,,49.9401,0.105072,0.0488752,0.055954,29166,19362,397,114.25,116,1,3,0,0,0,0,0,1,1,0,true,false,false,false,false,false,false,false,false,true,false,false,false,true,false,false,false,false,true,false,false,false,false,false,false,false,false,false,false,false,false,false,false,false,false,true,false,true,true,true,false,false,false,151,44,7,6,0,3,0,false,true,true,false
Kubernetes,outlines,Kubernetes---kb_1040_Normalized.json,4,1,3,1,3,4,0,completed,,,0.594541,0.0619095,0.0281837,0.0336308,4113,1073,88,30.25,33,1,3,0,0,0,0,0,1,1,0,false,false,false,false,false,false,false,false,false,false,false,false,false,false,false,false,false,false,false,false,false,false,false,false,false,false,false,false,false,false,false,false,false,false,false,true,false,false,true,true,false,false,false,12,4,2,4,0,0,0,false,false,false,false
Kubernetes,outlines,Kubernetes---kb_1041_Normalized.json,8,2,6,2,6,8,0,completed,,,29.1363,0.251906,0.118902,0.132625,33807,19182,532.625,156.5,204,1,6,0,1,0,0.5,0,1,0.875,-0.5,true,false,false,false,false,false,false,false,false,true,false,false,false,true,false,false,false,false,true,false,false,false,false,false,false,false,false,false,false,false,false,false,false,false,false,true,false,true,true,true,false,false,false,163,52,6,6,0,2,0,false,true,true,false
Kubernetes,outlines,Kubernetes---kb_1042_Normalized.json,4,1,3,1,3,4,0,completed,,,28.3092,0.157292,0.0749448,0.0820647,29235,19230,625.25,178.5,187,1,3,0,0,0,0,0,1,1,0,true,false,false,false,false,false,false,false,false,true,false,false,false,true,false,false,false,false,true,false,false,false,false,false,false,false,false,false,false,false,false,false,false,false,false,true,false,true,true,true,false,false,false,163,52,6,6,0,2,0,false,true,true,false
Kubernetes,outlines,Kubernetes---kb_1043_Normalized.json,4,2,2,2,2,4,0,completed,,,29.1656,0.265766,0.121864,0.143479,27580,19190,431.75,120.5,125,2,2,0,0,0,0,0,1,1,0,true,false,false,false,false,false,false,false,false,true,false,false,false,true,false,false,false,false,true,false,false,false,false,false,false,false,false,false,false,false,false,false,false,false,false,true,false,true,true,true,false,false,false,162,52,6,6,0,1,0,false,true,true,false
Kubernetes,outlines,Kubernetes---kb_1044_Normalized.json,10,2,8,2,8,10,0,completed,,,2.64941,0.150014,0.0695851,0.0802166,14831,3272,347.6,112.2,134,2,8,0,0,0,0,0,1,1,0,true,false,false,false,false,false,false,false,false,true,false,false,false,false,false,false,false,false,true,false,false,false,false,false,false,false,false,false,false,false,false,false,false,false,false,true,false,true,false,true,false,false,false,46,15,0,6,0,0,0,false,false,true,false
Kubernetes,outlines,Kubernetes---kb_1045_Normalized.json,11,2,9,2,9,11,0,completed,,,2.57912,0.161109,0.0738608,0.0870416,16687,3290,391.636,127,147,2,9,0,0,0,0,0,1,1,0,true,false,false,false,false,false,false,false,false,true,false,false,false,false,false,false,false,false,true,false,false,false,false,false,false,false,false,false,false,false,false,false,false,false,false,true,false,true,false,true,false,false,false,46,15,0,6,0,0,0,false,false,true,false
Kubernetes,outlines,Kubernetes---kb_1046_Normalized.json,9,2,7,2,7,9,0,completed,,,2.4601,0.211309,0.0987071,0.112284,14725,3290,390.222,127.444,141,2,7,0,0,0,0,0,1,1,0,true,false,false,false,false,false,false,false,false,true,false,false,false,false,false,false,false,false,true,false,false,false,false,false,false,false,false,false,false,false,false,false,false,false,false,true,false,true,false,true,false,false,false,46,15,0,6,0,0,0,false,false,true,false
Kubernetes,outlines,Kubernetes---kb_1047_Normalized.json,4,1,3,1,3,4,0,completed,,,0.629913,0.0294312,0.0141262,0.015246,4073,1013,132.25,33.75,34,1,3,0,0,0,0,0,1,1,0,false,false,false,false,false,false,false,false,false,false,false,false,false,false,false,false,false,false,false,false,false,false,false,false,false,false,false,false,false,false,false,false,false,false,false,true,false,false,true,true,false,false,false,12,4,1,4,0,0,0,false,false,false,false
Kubernetes,outlines,Kubernetes---kb_1048_Normalized.json,3,2,1,2,1,3,0,completed,,,1.09575,0.0848707,0.038505,0.0462473,2940,1013,131,33.3333,34,2,1,0,0,0,0,0,1,1,0,false,false,false,false,false,false,false,false,false,false,false,false,false,false,false,false,false,false,false,false,false,false,false,false,false,false,false,false,false,false,false,false,false,false,false,true,false,false,true,true,false,false,false,12,4,1,4,0,0,0,false,false,false,false
Kubernetes,outlines,Kubernetes---kb_1049_Normalized.json,5,2,3,2,3,5,0,completed,,,0.933434,0.041848,0.0192866,0.0224904,4314,1013,126.2,33.6,34,2,3,0,0,0,0,0,1,1,0,false,false,false,false,false,false,false,false,false,false,false,false,false,false,false,false,false,false,false,false,false,false,false,false,false,false,false,false,false,false,false,false,false,false,false,true,false,false,true,true,false,false,false,12,4,1,4,0,0,0,false,false,false,false
Kubernetes,outlines,Kubernetes---kb_104_Normalized.json,5,1,4,1,4,5,0,completed,,,73.0449,0.360029,0.167325,0.192239,34913,19348,900,265.6,276,1,4,0,0,0,0,0,1,1,0,true,false,false,false,false,false,false,false,false,true,false,false,false,true,false,false,false,false,true,false,false,false,false,false,false,false,false,false,false,false,false,false,false,false,false,true,false,true,true,true,false,false,false,150,44,7,6,0,2,0,false,true,true,false
Kubernetes,outlines,Kubernetes---kb_1050_Normalized.json,7,2,5,2,5,7,0,completed,,,4.04784,0.241271,0.112672,0.128266,16913,3739,406.571,118.429,161,2,5,0,0,0,0,0,1,1,0,false,false,false,false,false,false,false,false,false,true,false,false,false,false,false,false,false,false,true,false,false,false,false,false,false,false,false,false,false,false,false,false,false,false,false,true,false,true,true,true,false,false,false,49,10,5,5,0,0,0,false,true,true,false
Kubernetes,outlines,Kubernetes---kb_1051_Normalized.json,6,2,4,2,4,6,0,completed,,,4.99312,0.225859,0.106858,0.118664,14078,3759,357.333,108.667,115,2,4,0,0,0,0,0,1,1,0,false,false,false,false,false,false,false,false,false,true,false,false,false,false,false,false,false,false,true,false,false,false,false,false,false,false,false,false,false,false,false,false,false,false,false,true,false,true,true,true,false,false,false,49,10,5,5,0,0,0,false,true,true,false
Kubernetes,outlines,Kubernetes---kb_1052_Normalized.json,4,2,2,2,2,4,0,completed,,,5.09266,0.216211,0.102236,0.113651,10760,3759,353.25,107.25,121,2,2,0,0,0,0,0,1,1,0,false,false,false,false,false,false,false,false,false,true,false,false,false,false,false,false,false,false,true,false,false,false,false,false,false,false,false,false,false,false,false,false,false,false,false,true,false,true,true,true,false,false,false,49,10,5,5,0,0,0,false,true,true,false
Kubernetes,outlines,Kubernetes---kb_1054_Normalized.json,5,2,3,2,3,5,0,completed,,,0.718114,0.0182168,0.0087506,0.0094054,5282,1096,57.4,22.8,35,2,3,0,0,0,0,0,1,1,0,false,false,false,false,false,false,false,false,false,true,false,false,false,false,false,false,false,false,true,false,false,false,false,false,false,false,false,false,false,false,false,false,false,false,false,true,false,true,true,true,false,false,false,20,4,2,4,0,0,0,false,false,false,false
Kubernetes,outlines,Kubernetes---kb_1055_Normalized.json,3,2,1,2,1,3,0,completed,,,0.996547,0.0336857,0.0149223,0.018667,3474,1096,68,28,35,2,1,0,0,0,0,0,1,1,0,false,false,false,false,false,false,false,false,false,true,false,false,false,false,false,false,false,false,true,false,false,false,false,false,false,false,false,false,false,false,false,false,false,false,false,true,false,true,true,true,false,false,false,20,4,2,4,0,0,0,false,false,false,false
Kubernetes,outlines,Kubernetes---kb_1056_Normalized.json,5,1,4,1,4,5,0,completed,,,0.601994,0.0391884,0.0182738,0.0208444,2903,274,36,13.4,17,1,4,0,0,0,0,0,1,1,0,false,false,false,false,false,false,false,false,false,false,false,false,false,false,false,false,false,false,false,false,false,false,false,false,false,false,false,false,false,false,false,false,false,false,false,true,false,false,true,true,false,false,false,8,2,2,4,0,0,0,false,false,false,false
Kubernetes,outlines,Kubernetes---kb_1057_Normalized.json,7,2,5,2,5,7,0,completed,,,0.32589,0.0277243,0.0127886,0.014883,3541,274,36.5714,14.7143,18,2,5,0,0,0,0,0,1,1,0,false,false,false,false,false,false,false,false,false,false,false,false,false,false,false,false,false,false,false,false,false,false,false,false,false,false,false,false,false,false,false,false,false,false,false,true,false,false,true,true,false,false,false,8,2,2,4,0,0,0,false,false,false,false
Kubernetes,outlines,Kubernetes---kb_1058_Normalized.json,4,2,2,2,2,4,0,completed,,,0.616788,0.084551,0.0399603,0.0444703,3900,1156,110.25,41.5,44,2,2,0,0,0,0,0,1,1,0,false,false,false,false,false,false,false,false,false,true,false,false,false,false,false,false,false,false,false,false,false,false,false,false,false,false,false,false,false,false,false,false,false,false,false,true,false,true,true,true,false,false,false,16,4,2,4,0,0,0,false,false,false,false
Kubernetes,outlines,Kubernetes---kb_1059_Normalized.json,4,2,2,2,2,4,0,completed,,,0.699681,0.101565,0.0460785,0.055343,3904,1156,110.5,41.5,44,2,2,0,0,0,0,0,1,1,0,false,false,false,false,false,false,false,false,false,true,false,false,false,false,false,false,false,false,false,false,false,false,false,false,false,false,false,false,false,false,false,false,false,false,false,true,false,true,true,true,false,false,false,16,4,2,4,0,0,0,false,false,false,false
Kubernetes,outlines,Kubernetes---kb_105_Normalized.json,5,2,3,2,3,5,0,completed,,,0.05207,,,,27022,15582,,,,0,3,0,2,0,1,0,1,0.6,-1,true,false,false,false,false,false,false,false,false,true,false,false,false,true,false,false,false,false,true,false,false,false,false,false,false,false,false,false,false,false,false,false,false,false,false,true,false,true,true,true,false,false,false,113,34,4,5,0,2,0,false,false,true,false
Kubernetes,outlines,Kubernetes---kb_1060_Normalized.json,4,2,2,2,2,4,0,completed,,,0.386587,0.02724,0.012874,0.014307,2830,688,37,14,16,2,2,0,0,0,0,0,1,1,0,false,false,false,false,false,false,false,false,false,true,false,false,false,false,false,false,false,false,false,false,false,false,false,false,false,false,false,false,false,false,false,true,false,false,false,true,false,true,true,true,false,false,false,12,2,1,4,2,0,0,false,false,false,false
Kubernetes,outlines,Kubernetes---kb_1061_Normalized.json,3,1,2,1,2,3,0,completed,,,0.453272,0.0307587,0.0141677,0.0165297,2747,688,43.3333,16.6667,23,1,2,0,0,0,0,0,1,1,0,false,false,false,false,false,false,false,false,false,true,false,false,false,false,false,false,false,false,false,false,false,false,false,false,false,false,false,false,false,false,false,true,false,false,false,true,false,true,true,true,false,false,false,12,2,1,4,2,0,0,false,false,false,false
Kubernetes,outlines,Kubernetes---kb_1062_Normalized.json,2,1,1,1,1,2,0,completed,,,0.137778,0.0602645,0.0274595,0.0327415,2247,227,127,33.5,52,1,1,0,0,0,0,0,1,1,0,false,false,false,false,false,false,false,false,false,false,false,false,false,false,false,false,false,false,false,false,false,false,false,false,false,false,false,false,false,false,false,false,false,false,false,false,false,false,false,true,false,false,false,3,0,0,0,0,0,0,false,false,false,false
Kubernetes,outlines,Kubernetes---kb_1063_Normalized.json,2,1,1,1,1,2,0,completed,,,0.149997,0.0819625,0.037422,0.0444425,2247,227,127,33.5,52,1,1,0,0,0,0,0,1,1,0,false,false,false,false,false,false,false,false,false,false,false,false,false,false,false,false,false,false,false,false,false,false,false,false,false,false,false,false,false,false,false,false,false,false,false,false,false,false,false,true,false,false,false,3,0,0,0,0,0,0,false,false,false,false
Kubernetes,outlines,Kubernetes---kb_1064_Normalized.json,6,2,4,2,4,6,0,completed,,,42.4182,0.369889,0.173542,0.195842,27058,17097,373.833,115.167,125,2,4,0,0,0,0,0,1,1,0,true,false,false,false,false,false,false,false,false,true,false,false,false,true,false,false,false,false,true,false,false,false,false,false,false,false,false,false,false,false,false,false,false,false,false,true,false,true,true,true,false,false,false,136,42,8,5,0,2,0,false,true,true,false
Kubernetes,outlines,Kubernetes---kb_1065_Normalized.json,6,2,4,2,4,6,0,completed,,,40.8301,0.406054,0.189454,0.21609,27136,17061,401,123.5,129,2,4,0,0,0,0,0,1,1,0,true,false,false,false,false,false,false,false,false,true,false,false,false,true,false,false,false,false,true,false,false,false,false,false,false,false,false,false,false,false,false,false,false,false,false,true,false,true,true,true,false,false,false,135,42,8,5,0,1,0,false,true,true,false
Kubernetes,outlines,Kubernetes---kb_1066_Normalized.json,4,1,3,1,3,4,0,completed,,,1.4069,0.238913,0.107912,0.13072,6153,1910,254.75,86,123,1,3,0,0,0,0,0,1,1,0,false,false,false,false,false,false,false,false,false,true,false,false,false,false,false,false,false,false,true,false,false,false,false,false,false,false,false,false,false,false,false,false,false,false,false,true,false,true,true,true,false,false,false,25,7,1,5,0,0,0,false,false,false,false
Kubernetes,outlines,Kubernetes---kb_1067_Normalized.json,7,1,6,1,6,7,0,completed,,,1.53588,0.204658,0.0947013,0.109699,9092,1910,290.286,90.8571,133,1,6,0,0,0,0,0,1,1,0,false,false,false,false,false,false,false,false,false,true,false,false,false,false,false,false,false,false,true,false,false,false,false,false,false,false,false,false,false,false,false,false,false,false,false,true,false,true,true,true,false,false,false,25,7,1,5,0,0,0,false,false,false,false
Kubernetes,outlines,Kubernetes---kb_1068_Normalized.json,4,2,2,2,2,4,0,completed,,,0.62445,0.60351,0.278978,0.323918,3156,803,134,75,132,2,2,0,0,0,0,0,1,1,0,false,false,false,false,false,false,false,false,false,true,false,false,false,false,false,false,false,false,false,false,false,false,false,false,false,false,false,false,false,false,false,false,false,false,false,true,false,true,true,true,false,false,false,12,2,2,4,0,0,0,false,false,false,false
Kubernetes,outlines,Kubernetes---kb_1069_Normalized.json,4,2,2,2,2,4,0,completed,,,0.721016,0.577565,0.266595,0.310358,3128,803,128.5,70.75,116,2,2,0,0,0,0,0,1,1,0,false,false,false,false,false,false,false,false,false,true,false,false,false,false,false,false,false,false,false,false,false,false,false,false,false,false,false,false,false,false,false,false,false,false,false,true,false,true,true,true,false,false,false,12,2,2,4,0,0,0,false,false,false,false
Kubernetes,outlines,Kubernetes---kb_106_Normalized.json,4,2,2,2,2,4,0,completed,,,0.05071,,,,22553,15568,,,,0,2,0,2,0,1,0,1,0.5,-1,true,false,false,false,false,false,false,false,false,true,false,false,false,true,false,false,false,false,true,false,false,false,false,false,false,false,false,false,false,false,false,false,false,false,false,true,false,true,true,true,false,false,false,112,34,4,5,0,1,0,false,false,true,false
Kubernetes,outlines,Kubernetes---kb_1070_Normalized.json,7,2,5,2,5,7,0,completed,,,46.5096,0.796585,0.371648,0.424042,30235,17697,486.143,172.571,216,1,5,0,1,0,0.5,0,1,0.857143,-0.5,true,false,false,false,false,false,false,false,false,true,false,false,false,true,false,false,false,false,true,false,false,false,false,false,false,false,false,false,false,false,false,false,false,false,false,true,false,true,true,true,false,false,false,145,43,5,6,0,2,0,false,true,true,false
Kubernetes,outlines,Kubernetes---kb_1071_Normalized.json,9,2,7,2,7,9,0,completed,,,41.1845,0.888774,0.414194,0.473564,33884,17737,638.556,245.444,289,1,7,0,1,0,0.5,0,1,0.888889,-0.5,true,false,false,false,false,false,false,false,false,true,false,false,false,true,false,false,false,false,true,false,false,false,false,false,false,false,false,false,false,false,false,false,false,false,false,true,false,true,true,true,false,false,false,145,43,5,6,0,2,0,false,true,true,false
Kubernetes,outlines,Kubernetes---kb_1072_Normalized.json,10,2,8,2,8,10,0,completed,,,39.4191,0.551739,0.26074,0.290376,33599,17696,481.5,159.6,225,1,8,0,1,0,0.5,0,1,0.9,-0.5,true,false,false,false,false,false,false,false,false,true,false,false,false,true,false,false,false,false,true,false,false,false,false,false,false,false,false,false,false,false,false,false,false,false,false,true,false,true,true,true,false,false,false,144,43,5,6,0,1,0,false,true,true,false
Kubernetes,outlines,Kubernetes---kb_1073_Normalized.json,7,2,5,2,5,7,0,completed,,,0.805855,0.374969,0.173808,0.200768,5427,621,226.143,123.286,133,2,5,0,0,0,0,0,1,1,0,false,false,false,false,false,false,false,false,false,false,false,false,false,false,false,false,false,false,true,false,false,false,false,false,false,false,false,false,false,false,false,false,false,false,false,true,false,false,false,true,false,false,false,9,2,0,5,0,0,0,false,false,false,false
Kubernetes,outlines,Kubernetes---kb_1074_Normalized.json,6,2,4,2,4,6,0,completed,,,0.605708,0.420583,0.19956,0.220567,5800,621,228.5,129.167,137,2,4,0,0,0,0,0,1,1,0,false,false,false,false,false,false,false,false,false,false,false,false,false,false,false,false,false,false,true,false,false,false,false,false,false,false,false,false,false,false,false,false,false,false,false,true,false,false,false,true,false,false,false,9,2,0,5,0,0,0,false,false,false,false
Kubernetes,outlines,Kubernetes---kb_1075_Normalized.json,7,2,5,2,5,7,0,completed,,,0.534576,0.279992,0.129187,0.150491,6462,621,225.429,124,140,2,5,0,0,0,0,0,1,1,0,false,false,false,false,false,false,false,false,false,false,false,false,false,false,false,false,false,false,true,false,false,false,false,false,false,false,false,false,false,false,false,false,false,false,false,true,false,false,false,true,false,false,false,9,2,0,5,0,0,0,false,false,false,false
Kubernetes,outlines,Kubernetes---kb_1076_Normalized.json,10,2,8,2,8,10,0,completed,,,1.98908,0.241416,0.112659,0.12847,12503,2094,281,82.5,95,2,8,0,0,0,0,0,1,1,0,true,false,false,false,false,false,false,false,false,true,false,false,false,false,false,false,false,false,true,false,false,false,false,false,false,false,false,false,false,false,false,false,false,false,false,true,false,true,false,true,false,false,false,31,8,0,6,0,0,0,false,false,false,false
Kubernetes,outlines,Kubernetes---kb_1077_Normalized.json,9,2,7,2,7,9,0,completed,,,2.60208,0.326659,0.149629,0.176626,12571,2104,320.444,97.2222,109,2,7,0,0,0,0,0,1,1,0,true,false,false,false,false,false,false,false,false,true,false,false,false,false,false,false,false,false,true,false,false,false,false,false,false,false,false,false,false,false,false,false,false,false,false,true,false,true,false,true,false,false,false,31,8,0,6,0,0,0,false,false,false,false
Kubernetes,outlines,Kubernetes---kb_1078_Normalized.json,9,2,7,2,7,9,0,completed,,,2.64548,0.309486,0.12647,0.148275,11859,2104,286.667,87.4444,103,2,7,0,0,0,0,0,1,1,0,true,false,false,false,false,false,false,false,false,true,false,false,false,false,false,false,false,false,true,false,false,false,false,false,false,false,false,false,false,false,false,false,false,false,false,true,false,true,false,true,false,false,false,31,8,0,6,0,0,0,false,false,false,false
Kubernetes,outlines,Kubernetes---kb_1079_Normalized.json,5,1,4,1,4,5,0,completed,,,1.22901,0.135719,0.063576,0.0719492,6029,1502,129.2,39.8,41,1,4,0,0,0,0,0,1,1,0,false,false,false,false,false,false,false,false,false,false,false,false,false,false,false,false,false,false,false,false,false,false,false,false,false,false,false,false,false,false,false,false,false,false,false,true,false,false,false,true,false,false,false,14,5,0,4,0,0,0,false,false,false,false
Kubernetes,outlines,Kubernetes---kb_107_Normalized.json,2,1,1,1,1,2,0,completed,,,0.598604,0.0300905,0.013519,0.016511,1791,508,38,12,13,1,1,0,0,0,0,0,1,1,0,false,false,false,false,false,false,false,false,false,false,false,false,false,false,false,false,false,false,false,false,false,false,false,false,false,false,false,false,false,false,false,false,false,false,false,true,false,false,false,true,false,false,false,7,2,0,4,0,0,0,false,false,false,false
Kubernetes,outlines,Kubernetes---kb_1080_Normalized.json,7,2,5,2,5,7,0,completed,,,0.937583,0.14935,0.068595,0.080534,7721,1502,131,39.7143,42,2,5,0,0,0,0,0,1,1,0,false,false,false,false,false,false,false,false,false,false,false,false,false,false,false,false,false,false,false,false,false,false,false,false,false,false,false,false,false,false,false,false,false,false,false,true,false,false,false,true,false,false,false,14,5,0,4,0,0,0,false,false,false,false
Kubernetes,outlines,Kubernetes---kb_1081_Normalized.json,5,1,4,1,4,5,0,completed,,,0.721891,0.0376848,0.017246,0.0203702,3445,486,44,14.75,16,1,4,0,0,0,0,0,1,1,0,false,false,false,false,false,false,false,false,false,false,false,false,false,false,false,false,false,false,true,false,false,false,false,false,false,false,false,false,false,false,false,false,false,false,false,true,false,false,true,true,false,false,false,10,2,2,5,0,0,0,false,false,false,false
Kubernetes,outlines,Kubernetes---kb_1082_Normalized.json,5,1,4,1,4,5,0,completed,,,0.506213,0.039217,0.0178794,0.0212598,3495,486,46.2,15.2,16,1,4,0,0,0,0,0,1,1,0,false,false,false,false,false,false,false,false,false,false,false,false,false,false,false,false,false,false,true,false,false,false,false,false,false,false,false,false,false,false,false,false,false,false,false,true,false,false,true,true,false,false,false,10,2,2,5,0,0,0,false,false,false,false
Kubernetes,outlines,Kubernetes---kb_1083_Normalized.json,6,2,4,2,4,6,0,completed,,,0.982583,0.116915,0.05418,0.0625712,5933,1167,126,39.6667,57,2,4,0,0,0,0,0,1,1,0,false,false,false,false,false,false,false,false,false,true,false,false,false,false,false,false,false,false,true,false,false,false,false,false,false,false,false,false,false,false,false,false,false,false,false,true,false,true,true,true,false,false,false,18,3,2,5,0,0,0,false,false,false,false
Kubernetes,outlines,Kubernetes---kb_1084_Normalized.json,6,2,4,2,4,6,0,completed,,,1.05659,0.163085,0.0772472,0.0855937,5953,1167,141,44.6667,57,2,4,0,0,0,0,0,1,1,0,false,false,false,false,false,false,false,false,false,true,false,false,false,false,false,false,false,false,true,false,false,false,false,false,false,false,false,false,false,false,false,false,false,false,false,true,false,true,true,true,false,false,false,18,3,2,5,0,0,0,false,false,false,false
Kubernetes,outlines,Kubernetes---kb_1085_Normalized.json,6,2,4,2,4,6,0,completed,,,2.53661,0.135081,0.0624647,0.0723478,13038,4411,232.333,71.8333,75,2,4,0,0,0,0,0,1,1,0,true,false,false,false,false,false,false,false,false,true,false,false,false,false,false,false,false,false,true,false,false,false,false,false,false,false,false,false,false,false,false,false,false,false,false,true,false,true,true,true,false,false,false,39,9,5,5,0,0,0,false,true,false,false
Kubernetes,outlines,Kubernetes---kb_1086_Normalized.json,8,2,6,2,6,8,0,completed,,,2.58784,0.126875,0.0586417,0.0679901,15773,4411,232.75,73.375,90,2,6,0,0,0,0,0,1,1,0,true,false,false,false,false,false,false,false,false,true,false,false,false,false,false,false,false,false,true,false,false,false,false,false,false,false,false,false,false,false,false,false,false,false,false,true,false,true,true,true,false,false,false,39,9,5,5,0,0,0,false,true,false,false
Kubernetes,outlines,Kubernetes---kb_1087_Normalized.json,4,1,3,1,3,4,0,completed,,,0.672405,0.032389,0.0150828,0.0172363,3529,640,62.75,20.25,21,1,3,0,0,0,0,0,1,1,0,false,false,false,false,false,false,false,false,false,false,false,false,false,false,false,false,false,false,false,false,false,false,false,false,false,false,false,false,false,false,false,false,false,false,false,true,false,false,true,true,false,false,false,10,3,2,4,0,0,0,false,false,false,false
Kubernetes,outlines,Kubernetes---kb_1088_Normalized.json,4,1,3,1,3,4,0,completed,,,0.550056,0.0348365,0.0158987,0.0188583,3308,640,64.75,20.5,21,1,3,0,0,0,0,0,1,1,0,false,false,false,false,false,false,false,false,false,false,false,false,false,false,false,false,false,false,false,false,false,false,false,false,false,false,false,false,false,false,false,false,false,false,false,true,false,false,true,true,false,false,false,10,3,2,4,0,0,0,false,false,false,false
Kubernetes,outlines,Kubernetes---kb_1089_Normalized.json,10,2,8,2,8,10,0,completed,,,1.33741,0.113268,0.0517759,0.0613186,9275,786,166.2,55,61,2,8,0,0,0,0,0,1,1,0,true,false,false,false,false,false,false,false,false,false,false,false,false,false,false,false,false,false,true,false,false,false,false,false,false,false,false,false,false,false,false,false,false,false,false,true,false,false,false,true,false,false,false,17,4,0,6,0,0,0,false,false,false,false
Kubernetes,outlines,Kubernetes---kb_108_Normalized.json,2,1,1,1,1,2,0,completed,,,0.360813,0.0216255,0.009492,0.0120855,1795,508,40,12,13,1,1,0,0,0,0,0,1,1,0,false,false,false,false,false,false,false,false,false,false,false,false,false,false,false,false,false,false,false,false,false,false,false,false,false,false,false,false,false,false,false,false,false,false,false,true,false,false,false,true,false,false,false,7,2,0,4,0,0,0,false,false,false,false
Kubernetes,outlines,Kubernetes---kb_1090_Normalized.json,9,2,7,2,7,9,0,completed,,,1.5766,0.131816,0.0598116,0.0717987,8581,786,161.778,57.2222,63,2,7,0,0,0,0,0,1,1,0,true,false,false,false,false,false,false,false,false,false,false,false,false,false,false,false,false,false,true,false,false,false,false,false,false,false,false,false,false,false,false,false,false,false,false,true,false,false,false,true,false,false,false,17,4,0,6,0,0,0,false,false,false,false
Kubernetes,outlines,Kubernetes---kb_1091_Normalized.json,10,2,8,2,8,10,0,completed,,,1.51793,0.1406,0.0641874,0.0761936,9033,786,156.9,55.3,66,2,8,0,0,0,0,0,1,1,0,true,false,false,false,false,false,false,false,false,false,false,false,false,false,false,false,false,false,true,false,false,false,false,false,false,false,false,false,false,false,false,false,false,false,false,true,false,false,false,true,false,false,false,17,4,0,6,0,0,0,false,false,false,false
Kubernetes,outlines,Kubernetes---kb_1092_Normalized.json,3,2,1,2,1,3,0,completed,,,0.235699,0.0239933,0.0103973,0.0135423,1537,260,17.3333,7.33333,8,2,1,0,0,0,0,0,1,1,0,false,false,false,false,false,false,false,false,false,false,false,false,false,false,false,false,false,false,false,false,false,false,false,false,false,false,false,false,false,false,false,false,false,false,false,true,false,false,true,true,false,false,false,6,1,1,4,0,0,0,false,false,false,false
Kubernetes,outlines,Kubernetes---kb_1093_Normalized.json,3,1,2,1,2,3,0,completed,,,0.231224,0.0113237,0.00511233,0.00616967,1962,260,15.3333,6.33333,8,1,2,0,0,0,0,0,1,1,0,false,false,false,false,false,false,false,false,false,false,false,false,false,false,false,false,false,false,false,false,false,false,false,false,false,false,false,false,false,false,false,false,false,false,false,true,false,false,true,true,false,false,false,6,1,1,4,0,0,0,false,false,false,false
Kubernetes,outlines,Kubernetes---kb_1094_Normalized.json,5,2,3,2,3,5,0,completed,,,10.3112,0.207003,0.0964694,0.110153,23038,12997,565.4,163.6,180,2,3,0,0,0,0,0,1,1,0,true,false,false,false,false,false,false,false,false,true,false,false,false,false,false,false,false,false,true,false,false,false,false,false,false,false,false,false,false,false,false,false,false,false,false,true,false,true,true,true,false,false,false,99,27,8,5,0,0,0,false,true,true,false
Kubernetes,outlines,Kubernetes---kb_1095_Normalized.json,3,2,1,2,1,3,0,completed,,,10.2555,0.502749,0.233483,0.268386,20409,12981,594.333,168.333,173,2,1,0,0,0,0,0,1,1,0,true,false,false,false,false,false,false,false,false,true,false,false,false,false,false,false,false,false,true,false,false,false,false,false,false,false,false,false,false,false,false,false,false,false,false,true,false,true,true,true,false,false,false,99,27,6,5,0,0,0,false,true,true,false
Kubernetes,outlines,Kubernetes---kb_1096_Normalized.json,7,2,5,2,5,7,0,completed,,,10.4544,0.203267,0.0814043,0.0925191,28081,12981,590.286,170.143,176,2,5,0,0,0,0,0,1,1,0,true,false,false,false,false,false,false,false,false,true,false,false,false,false,false,false,false,false,true,false,false,false,false,false,false,false,false,false,false,false,false,false,false,false,false,true,false,true,true,true,false,false,false,99,27,6,5,0,0,0,false,true,true,false
Kubernetes,outlines,Kubernetes---kb_1097_Normalized.json,4,2,2,2,2,4,0,completed,,,62.3075,0.423786,0.199731,0.223317,42385,27920,882.75,238.5,367,2,2,0,0,0,0,0,1,1,0,true,false,false,false,false,false,false,false,false,true,false,false,false,true,false,false,false,false,true,false,false,false,false,false,false,false,false,false,false,false,false,false,false,false,false,true,false,true,true,true,false,false,false,206,59,12,5,0,2,0,false,true,true,false
Kubernetes,outlines,Kubernetes---kb_1098_Normalized.json,3,2,1,2,1,3,0,completed,,,59.7105,0.275175,0.129732,0.144957,38547,28051,625,174.333,209,2,1,0,0,0,0,0,1,1,0,true,false,false,false,false,false,false,false,false,true,false,false,false,true,false,false,false,false,true,false,false,false,false,false,false,false,false,false,false,false,false,false,false,false,false,true,false,true,true,true,false,false,false,206,59,10,5,0,2,0,false,true,true,false
Kubernetes,outlines,Kubernetes---kb_1099_Normalized.json,3,2,1,2,1,3,0,completed,,,57.8576,0.392873,0.184165,0.208033,38825,28003,670.333,187,224,2,1,0,0,0,0,0,1,1,0,true,false,false,false,false,false,false,false,false,true,false,false,false,true,false,false,false,false,true,false,false,false,false,false,false,false,false,false,false,false,false,false,false,false,false,true,false,true,true,true,false,false,false,205,59,10,5,0,1,0,false,true,true,false
Kubernetes,outlines,Kubernetes---kb_109_Normalized.json,2,1,1,1,1,2,0,completed,,,0.495137,0.0303965,0.0137955,0.016541,1758,441,58.5,19.5,20,1,1,0,0,0,0,0,1,1,0,false,false,false,false,false,false,false,false,false,false,false,false,false,false,false,false,false,false,false,false,false,false,false,false,false,false,false,false,false,false,false,false,false,false,false,true,false,false,true,true,false,false,false,10,3,1,4,0,0,0,false,false,false,false
Kubernetes,outlines,Kubernetes---kb_10_Normalized.json,2,1,1,1,1,2,0,completed,,,0.205666,0.018684,0.0080145,0.0106335,1413,309,27,7.5,9,1,1,0,0,0,0,0,1,1,0,false,false,false,false,false,false,false,false,false,false,false,false,false,false,false,false,false,false,false,false,false,false,false,false,false,false,false,false,false,false,false,false,false,false,false,true,false,false,true,true,false,false,false,6,1,1,4,0,0,0,false,false,false,false
Kubernetes,outlines,Kubernetes---kb_1100_Normalized.json,5,1,4,1,4,5,0,completed,,,112.595,0.516397,0.245445,0.270134,52260,31976,902,252,259,1,4,0,0,0,0,0,1,1,0,true,false,false,false,false,false,false,false,false,true,false,false,false,true,false,false,false,false,true,false,false,false,false,false,false,false,false,false,false,false,false,false,false,false,false,true,false,true,true,true,false,false,false,237,67,13,6,0,3,0,false,true,true,false
Kubernetes,outlines,Kubernetes---kb_1101_Normalized.json,3,1,2,1,2,3,0,completed,,,107.873,0.514068,0.239496,0.273712,46375,32122,921.667,258.333,260,1,2,0,0,0,0,0,1,1,0,true,false,false,false,false,false,false,false,false,true,false,false,false,true,false,false,false,false,true,false,false,false,false,false,false,false,false,false,false,false,false,false,false,false,false,true,false,true,true,true,false,false,false,237,67,11,6,0,3,0,false,true,true,false
Kubernetes,outlines,Kubernetes---kb_1102_Normalized.json,4,1,3,1,3,4,0,completed,,,111.174,0.383852,0.1787,0.204567,49425,32074,950.25,263.75,276,1,3,0,0,0,0,0,1,1,0,true,false,false,false,false,false,false,false,false,true,false,false,false,true,false,false,false,false,true,false,false,false,false,false,false,false,false,false,false,false,false,false,false,false,false,true,false,true,true,true,false,false,false,236,67,11,6,0,2,0,false,true,true,false
Kubernetes,outlines,Kubernetes---kb_1103_Normalized.json,4,1,3,1,3,4,0,completed,,,39.7102,0.0420525,0.0191053,0.0228618,67432,51877,95.25,25.5,27,1,3,0,0,0,0,0,1,1,0,true,false,false,false,false,false,false,false,false,true,false,false,false,false,false,false,false,false,true,false,false,false,false,false,false,false,false,false,false,false,false,true,false,false,false,true,false,true,true,true,false,false,false,539,176,38,5,2,0,0,false,true,true,false
Kubernetes,outlines,Kubernetes---kb_1104_Normalized.json,4,1,3,1,3,4,0,completed,,,39.2382,0.040738,0.0193147,0.021345,67424,51877,94.75,25.5,27,1,3,0,0,0,0,0,1,1,0,true,false,false,false,false,false,false,false,false,true,false,false,false,false,false,false,false,false,true,false,false,false,false,false,false,false,false,false,false,false,false,true,false,false,false,true,false,true,true,true,false,false,false,539,176,38,5,2,0,0,false,true,true,false
Kubernetes,outlines,Kubernetes---kb_1105_Normalized.json,4,2,2,2,2,4,0,completed,,,63.5648,0.165451,0.0762048,0.088959,78988,60961,287.5,78.5,92,2,2,0,0,0,0,0,1,1,0,true,false,false,false,false,false,false,false,false,true,false,false,false,true,false,false,false,false,true,false,false,false,false,false,false,false,false,false,false,false,false,true,false,false,false,true,false,true,true,true,false,false,false,598,199,42,5,2,2,0,false,true,true,false
Kubernetes,outlines,Kubernetes---kb_1106_Normalized.json,3,1,2,1,2,3,0,completed,,,64.9779,0.142516,0.065839,0.0763823,78799,61026,343,92.3333,105,1,2,0,0,0,0,0,1,1,0,true,false,false,false,false,false,false,false,false,true,false,false,false,true,false,false,false,false,true,false,false,false,false,false,false,false,false,false,false,false,false,true,false,false,false,true,false,true,true,true,false,false,false,598,199,42,5,2,2,0,false,true,true,false
Kubernetes,outlines,Kubernetes---kb_1107_Normalized.json,3,2,1,2,1,3,0,completed,,,66.4008,0.162162,0.07543,0.0864283,78026,61016,297.333,81.3333,94,2,1,0,0,0,0,0,1,1,0,true,false,false,false,false,false,false,false,false,true,false,false,false,true,false,false,false,false,true,false,false,false,false,false,false,false,false,false,false,false,false,true,false,false,false,true,false,true,true,true,false,false,false,598,199,42,5,2,2,0,false,true,true,false
Kubernetes,outlines,Kubernetes---kb_1108_Normalized.json,4,2,2,2,2,4,0,completed,,,63.7025,0.272809,0.128808,0.143621,79111,60982,308.75,84,94,2,2,0,0,0,0,0,1,1,0,true,false,false,false,false,false,false,false,false,true,false,false,false,true,false,false,false,false,true,false,false,false,false,false,false,false,false,false,false,false,false,true,false,false,false,true,false,true,true,true,false,false,false,597,199,42,5,2,1,0,false,true,true,false
Kubernetes,outlines,Kubernetes---kb_1109_Normalized.json,3,1,2,1,2,3,0,completed,,,76.6232,0.196683,0.0919673,0.104399,83779,64909,385.333,108.333,110,1,2,0,0,0,0,0,1,1,0,true,false,false,false,false,false,false,false,false,true,false,false,false,true,false,false,false,false,true,false,false,false,false,false,false,false,false,false,false,false,false,true,false,false,false,true,false,true,true,true,false,false,false,629,207,43,6,2,3,0,false,true,true,false
Kubernetes,outlines,Kubernetes---kb_110_Normalized.json,2,1,1,1,1,2,0,completed,,,0.462547,0.0229555,0.010387,0.0125185,1758,441,58.5,19.5,20,1,1,0,0,0,0,0,1,1,0,false,false,false,false,false,false,false,false,false,false,false,false,false,false,false,false,false,false,false,false,false,false,false,false,false,false,false,false,false,false,false,false,false,false,false,true,false,false,true,true,false,false,false,10,3,1,4,0,0,0,false,false,false,false
Kubernetes,outlines,Kubernetes---kb_1111_Normalized.json,1,1,0,1,0,1,0,completed,,,70.202,0.692747,0.319218,0.372584,81900,64979,732,233,233,1,0,0,0,0,0,0,1,1,0,true,false,false,false,false,false,false,false,false,true,false,false,false,true,false,false,false,false,true,false,false,false,false,false,false,false,false,false,false,false,false,true,false,false,false,true,false,true,true,true,false,false,false,629,207,43,6,2,3,0,false,true,true,false
Kubernetes,outlines,Kubernetes---kb_1113_Normalized.json,4,2,2,2,2,4,0,completed,,,30.0355,0.121759,0.0554337,0.06613,58033,43083,300.5,82.25,92,2,2,0,0,0,0,0,1,1,0,true,false,false,false,false,false,false,false,false,true,false,false,false,false,false,false,false,false,true,false,false,false,false,false,false,false,false,false,false,false,false,true,false,false,false,true,false,true,true,true,false,false,false,461,157,33,5,2,0,0,false,true,true,false
Kubernetes,outlines,Kubernetes---kb_1114_Normalized.json,3,2,1,2,1,3,0,completed,,,29.7893,0.134211,0.062193,0.071819,56705,43083,242.667,61.6667,64,2,1,0,0,0,0,0,1,1,0,true,false,false,false,false,false,false,false,false,true,false,false,false,false,false,false,false,false,true,false,false,false,false,false,false,false,false,false,false,false,false,true,false,false,false,true,false,true,true,true,false,false,false,461,157,33,5,2,0,0,false,true,true,false
Kubernetes,outlines,Kubernetes---kb_1115_Normalized.json,3,2,1,2,1,3,0,completed,,,29.5903,0.110437,0.0513843,0.0588857,57516,43083,307.667,80.3333,106,1,1,0,1,0,0.5,0,1,0.666667,-0.5,true,false,false,false,false,false,false,false,false,true,false,false,false,false,false,false,false,false,true,false,false,false,false,false,false,false,false,false,false,false,false,true,false,false,false,true,false,true,true,true,false,false,false,461,157,33,5,2,0,0,false,true,true,false
Kubernetes,outlines,Kubernetes---kb_1116_Normalized.json,2,1,1,1,1,2,0,completed,,,30.1381,0.104826,0.046836,0.0578305,56182,43083,242,62,64,1,1,0,0,0,0,0,1,1,0,true,false,false,false,false,false,false,false,false,true,false,false,false,false,false,false,false,false,true,false,false,false,false,false,false,false,false,false,false,false,false,true,false,false,false,true,false,true,true,true,false,false,false,461,157,33,5,2,0,0,false,true,true,false
Kubernetes,outlines,Kubernetes---kb_1117_Normalized.json,4,2,2,2,2,4,0,completed,,,29.8382,0.114037,0.0519462,0.0619248,58204,43830,160.5,49.5,105,2,2,0,0,0,0,0,1,1,0,true,false,false,false,false,false,false,false,false,true,false,false,false,false,false,false,false,false,true,false,false,false,false,false,false,false,false,false,false,false,false,true,false,false,false,true,false,true,true,true,false,false,false,471,160,36,5,2,0,0,false,true,true,false
Kubernetes,outlines,Kubernetes---kb_1118_Normalized.json,3,2,1,2,1,3,0,completed,,,29.1742,0.398365,0.184222,0.213582,59382,43842,549,173.333,183,2,1,0,0,0,0,0,1,1,0,true,false,false,false,false,false,false,false,false,true,false,false,false,false,false,false,false,false,true,false,false,false,false,false,false,false,false,false,false,false,false,true,false,false,false,true,false,true,true,true,false,false,false,471,160,36,5,2,0,0,false,true,true,false
Kubernetes,outlines,Kubernetes---kb_1119_Normalized.json,2,2,0,2,0,2,0,completed,,,28.6902,0.289762,0.133039,0.156251,57124,43840,330.5,102.5,106,2,0,0,0,0,0,0,1,1,0,true,false,false,false,false,false,false,false,false,true,false,false,false,false,false,false,false,false,true,false,false,false,false,false,false,false,false,false,false,false,false,true,false,false,false,true,false,true,true,true,false,false,false,471,160,36,5,2,0,0,false,true,true,false
Kubernetes,outlines,Kubernetes---kb_111_Normalized.json,10,2,8,2,8,10,0,completed,,,66.3458,0.263112,0.122578,0.140166,36362,19411,466.7,154.4,193,2,8,0,0,0,0,0,1,1,0,true,false,false,false,false,false,false,false,false,true,false,false,false,true,false,false,false,false,true,false,false,false,false,false,false,false,false,false,false,false,false,false,false,false,false,true,false,true,true,true,false,false,false,144,42,5,6,0,3,0,false,true,true,false
Kubernetes,outlines,Kubernetes---kb_1120_Normalized.json,4,2,2,2,2,4,0,completed,,,29.1308,0.181362,0.0834333,0.0976353,59061,43840,295.25,82.25,84,2,2,0,0,0,0,0,1,1,0,true,false,false,false,false,false,false,false,false,true,false,false,false,false,false,false,false,false,true,false,false,false,false,false,false,false,false,false,false,false,false,true,false,false,false,true,false,true,true,true,false,false,false,471,160,36,5,2,0,0,false,true,true,false
Kubernetes,outlines,Kubernetes---kb_1123_Normalized.json,4,1,3,1,3,4,0,completed,,,1.48446,0.0903427,0.0413703,0.0488285,6699,2286,311,93.25,99,1,3,0,0,0,0,0,1,1,0,true,false,false,false,false,false,false,false,false,true,false,false,false,false,false,false,false,false,false,false,false,false,false,false,false,false,false,false,false,false,false,false,false,false,false,true,false,true,true,true,false,false,false,25,6,1,5,0,0,0,false,false,false,false
Kubernetes,outlines,Kubernetes---kb_1125_Normalized.json,6,2,4,2,4,6,0,completed,,,0.36725,0.0407818,0.0191967,0.0215267,3592,407,49.1667,17.1667,21,2,4,0,0,0,0,0,1,1,0,false,false,false,false,false,false,false,false,false,false,false,false,false,false,false,false,false,false,false,false,false,false,false,false,false,false,false,false,false,false,false,false,false,false,false,true,false,false,true,true,false,false,false,8,2,2,4,0,0,0,false,false,false,false
Kubernetes,outlines,Kubernetes---kb_1126_Normalized.json,6,2,4,2,4,6,0,completed,,,0.385878,0.0325082,0.0149973,0.0174515,3585,407,53.6667,17,21,2,4,0,0,0,0,0,1,1,0,false,false,false,false,false,false,false,false,false,false,false,false,false,false,false,false,false,false,false,false,false,false,false,false,false,false,false,false,false,false,false,false,false,false,false,true,false,false,true,true,false,false,false,8,2,2,4,0,0,0,false,false,false,false
Kubernetes,outlines,Kubernetes---kb_1127_Normalized.json,5,2,3,2,3,5,0,completed,,,0.370665,0.0742618,0.0348752,0.039292,3892,841,69.6,26.8,31,2,3,0,0,0,0,0,1,1,0,false,false,false,false,false,false,false,false,false,true,false,false,false,false,false,false,false,false,false,false,false,false,false,false,false,false,false,false,false,false,false,false,false,false,false,true,false,true,false,true,false,false,false,11,2,0,4,0,0,0,false,false,false,false
Kubernetes,outlines,Kubernetes---kb_1128_Normalized.json,4,1,3,1,3,4,0,completed,,,0.415734,0.0616442,0.0277552,0.0338027,3770,840,72.25,25,31,1,3,0,0,0,0,0,1,1,0,false,false,false,false,false,false,false,false,false,true,false,false,false,false,false,false,false,false,false,false,false,false,false,false,false,false,false,false,false,false,false,false,false,false,false,true,false,true,false,true,false,false,false,11,2,0,4,0,0,0,false,false,false,false
Kubernetes,outlines,Kubernetes---kb_1129_Normalized.json,2,1,1,1,1,2,0,completed,,,0.360329,0.0711795,0.032713,0.0383795,2294,841,68,26,28,1,1,0,0,0,0,0,1,1,0,false,false,false,false,false,false,false,false,false,true,false,false,false,false,false,false,false,false,false,false,false,false,false,false,false,false,false,false,false,false,false,false,false,false,false,true,false,true,false,true,false,false,false,11,2,0,4,0,0,0,false,false,false,false
Kubernetes,outlines,Kubernetes---kb_112_Normalized.json,6,1,5,1,5,6,0,completed,,,62.1868,0.494669,0.228622,0.265373,34244,19397,805.667,262.667,283,1,5,0,0,0,0,0,1,1,0,true,false,false,false,false,false,false,false,false,true,false,false,false,true,false,false,false,false,true,false,false,false,false,false,false,false,false,false,false,false,false,false,false,false,false,true,false,true,true,true,false,false,false,143,42,5,6,0,2,0,false,true,true,false
Kubernetes,outlines,Kubernetes---kb_1130_Normalized.json,2,1,1,1,1,2,0,completed,,,0.388634,0.100909,0.0455335,0.0552475,2308,841,75,27.5,31,1,1,0,0,0,0,0,1,1,0,false,false,false,false,false,false,false,false,false,true,false,false,false,false,false,false,false,false,false,false,false,false,false,false,false,false,false,false,false,false,false,false,false,false,false,true,false,true,false,true,false,false,false,11,2,0,4,0,0,0,false,false,false,false
Kubernetes,outlines,Kubernetes---kb_1131_Normalized.json,5,2,3,2,3,5,0,completed,,,0.984591,0.0780518,0.0358602,0.0420724,4839,1275,126.4,37,41,2,3,0,0,0,0,0,1,1,0,false,false,false,false,false,false,false,false,false,false,false,false,false,false,false,false,false,false,false,false,false,false,false,false,false,false,false,false,false,false,false,false,false,false,false,true,false,false,true,true,false,false,false,16,6,2,4,0,0,0,false,false,false,false
Kubernetes,outlines,Kubernetes---kb_1132_Normalized.json,4,2,2,2,2,4,0,completed,,,1.09373,0.0522862,0.025037,0.0271595,3921,1275,93.75,29.25,30,2,2,0,0,0,0,0,1,1,0,false,false,false,false,false,false,false,false,false,false,false,false,false,false,false,false,false,false,false,false,false,false,false,false,false,false,false,false,false,false,false,false,false,false,false,true,false,false,true,true,false,false,false,16,6,2,4,0,0,0,false,false,false,false
Kubernetes,outlines,Kubernetes---kb_1133_Normalized.json,2,2,0,2,0,2,0,completed,,,5.90914,0.255439,0.117789,0.137225,5711,2694,302,89.5,90,2,0,0,0,0,0,0,1,1,0,false,false,false,false,false,false,false,false,false,true,false,false,false,false,false,false,false,false,true,false,false,false,false,false,false,false,false,false,false,false,false,false,false,false,false,true,false,true,true,true,false,false,false,37,7,3,5,0,0,0,false,false,false,false
Kubernetes,outlines,Kubernetes---kb_1134_Normalized.json,2,2,0,2,0,2,0,completed,,,5.48428,0.242121,0.113129,0.128623,5683,2694,288,85,90,2,0,0,0,0,0,0,1,1,0,false,false,false,false,false,false,false,false,false,true,false,false,false,false,false,false,false,false,true,false,false,false,false,false,false,false,false,false,false,false,false,false,false,false,false,true,false,true,true,true,false,false,false,37,7,3,5,0,0,0,false,false,false,false
Kubernetes,outlines,Kubernetes---kb_1135_Normalized.json,3,1,2,1,2,3,0,completed,,,0.18191,0.000242667,6.33333e-05,0.000159333,3220,565,14.3333,6.66667,8,1,2,0,0,0,0,0,1,1,0,false,false,false,false,false,false,false,false,false,false,false,false,false,false,false,false,false,false,false,false,false,false,false,false,false,false,false,false,false,false,false,false,false,false,false,true,false,false,false,true,false,false,false,6,1,0,4,0,0,0,false,false,false,false
Kubernetes,outlines,Kubernetes---kb_1136_Normalized.json,4,1,3,1,3,4,0,completed,,,0.194327,0.00023275,6.6e-05,0.0001475,4171,555,14.75,6.5,8,1,3,0,0,0,0,0,1,1,0,false,false,false,false,false,false,false,false,false,false,false,false,false,false,false,false,false,false,false,false,false,false,false,false,false,false,false,false,false,false,false,false,false,false,false,true,false,false,false,true,false,false,false,6,1,0,4,0,0,0,false,false,false,false
Kubernetes,outlines,Kubernetes---kb_1137_Normalized.json,3,1,2,1,2,3,0,completed,,,0.221267,0.000243333,6.46667e-05,0.000158667,3148,555,14.6667,6.66667,8,1,2,0,0,0,0,0,1,1,0,false,false,false,false,false,false,false,false,false,false,false,false,false,false,false,false,false,false,false,false,false,false,false,false,false,false,false,false,false,false,false,false,false,false,false,true,false,false,false,true,false,false,false,6,1,0,4,0,0,0,false,false,false,false
Kubernetes,outlines,Kubernetes---kb_1138_Normalized.json,2,2,0,2,0,2,0,completed,,,5.60479,0.322986,0.152878,0.1696,14112,9230,496,150.5,163,2,0,0,0,0,0,0,1,1,0,false,false,false,false,false,false,false,false,false,true,false,false,false,false,false,false,false,false,true,false,false,false,false,false,false,false,false,false,false,false,false,true,false,false,false,true,false,true,true,true,false,false,false,97,26,6,5,2,0,0,false,true,true,false
Kubernetes,outlines,Kubernetes---kb_1139_Normalized.json,3,2,1,2,1,3,0,completed,,,5.61671,0.349592,0.162198,0.186828,16408,9230,530.333,162.333,164,2,1,0,0,0,0,0,1,1,0,false,false,false,false,false,false,false,false,false,true,false,false,false,false,false,false,false,false,true,false,false,false,false,false,false,false,false,false,false,false,false,true,false,false,false,true,false,true,true,true,false,false,false,97,26,6,5,2,0,0,false,true,true,false
Kubernetes,outlines,Kubernetes---kb_113_Normalized.json,4,2,2,2,2,4,0,completed,,,0.866152,0.0872895,0.0394263,0.04771,4100,1094,146,47.75,55,2,2,0,0,0,0,0,1,1,0,false,false,false,false,false,false,false,false,false,false,false,false,false,false,false,false,false,false,false,false,false,false,false,false,false,false,false,false,false,false,false,false,false,false,false,true,false,false,true,true,false,false,false,14,5,3,4,0,0,0,false,false,false,false
Kubernetes,outlines,Kubernetes---kb_1140_Normalized.json,7,2,5,2,5,7,0,completed,,,0.876313,0.0762959,0.0351419,0.0410424,5876,703,133.286,44.7143,47,2,5,0,0,0,0,0,1,1,0,false,false,false,false,false,false,false,false,false,false,false,false,false,false,false,false,false,false,false,false,false,false,false,false,false,false,false,false,false,false,false,false,false,false,false,true,false,false,true,true,false,false,false,12,4,1,4,0,0,0,false,false,false,false
Kubernetes,outlines,Kubernetes---kb_1141_Normalized.json,6,2,4,2,4,6,0,completed,,,0.926888,0.103613,0.047901,0.0555463,5080,703,145,47.5,52,2,4,0,0,0,0,0,1,1,0,false,false,false,false,false,false,false,false,false,false,false,false,false,false,false,false,false,false,false,false,false,false,false,false,false,false,false,false,false,false,false,false,false,false,false,true,false,false,true,true,false,false,false,12,4,1,4,0,0,0,false,false,false,false
Kubernetes,outlines,Kubernetes---kb_1142_Normalized.json,5,2,3,2,3,5,0,completed,,,12.0409,0.245148,0.113091,0.13172,11413,5332,205.2,62.8,64,0,3,0,2,0,1,0,1,0.6,-1,false,false,false,false,false,false,false,false,false,true,false,false,false,false,false,false,false,false,false,false,false,false,false,false,false,false,false,false,false,false,false,false,false,false,false,true,false,true,true,true,false,false,false,152,2,2,4,0,0,0,false,false,false,false
Kubernetes,outlines,Kubernetes---kb_1143_Normalized.json,5,2,3,2,3,5,0,completed,,,12.1807,0.140193,0.0641558,0.0758376,11415,5332,205.6,62.4,63,0,3,0,2,0,1,0,1,0.6,-1,false,false,false,false,false,false,false,false,false,true,false,false,false,false,false,false,false,false,false,false,false,false,false,false,false,false,false,false,false,false,false,false,false,false,false,true,false,true,true,true,false,false,false,152,2,2,4,0,0,0,false,false,false,false
Kubernetes,outlines,Kubernetes---kb_1144_Normalized.json,5,2,3,2,3,5,0,completed,,,8.13176,0.245999,0.117034,0.128562,21161,11165,474.6,137.2,153,2,3,0,0,0,0,0,1,1,0,true,false,false,false,false,false,false,false,false,true,false,false,false,false,false,false,false,false,true,false,false,false,false,false,false,false,false,false,false,false,false,false,false,false,false,true,false,true,true,true,false,false,false,95,25,6,5,0,0,0,false,true,true,false
Kubernetes,outlines,Kubernetes---kb_1145_Normalized.json,1,1,0,1,0,1,0,completed,,,1.53823,0.428141,0.195415,0.232138,5635,3888,294,110,110,1,0,0,0,0,0,0,1,1,0,false,false,false,false,false,false,false,false,false,true,false,false,false,false,false,false,false,false,false,false,false,false,false,false,false,false,false,false,false,false,false,false,false,false,false,true,false,true,true,true,false,false,false,41,11,3,4,0,0,0,false,false,true,false
Kubernetes,outlines,Kubernetes---kb_1146_Normalized.json,1,1,0,1,0,1,0,completed,,,1.30732,0.37821,0.172926,0.204783,5633,3888,292,115,115,1,0,0,0,0,0,0,1,1,0,false,false,false,false,false,false,false,false,false,true,false,false,false,false,false,false,false,false,false,false,false,false,false,false,false,false,false,false,false,false,false,false,false,false,false,true,false,true,true,true,false,false,false,41,11,3,4,0,0,0,false,false,true,false
Kubernetes,outlines,Kubernetes---kb_1147_Normalized.json,3,2,1,2,1,3,0,completed,,,0.055076,,,,5876,2699,,,,0,1,0,2,0,1,0,1,0.333333,-1,false,false,false,false,false,false,false,false,false,true,false,false,false,false,false,false,false,false,false,false,false,false,false,false,false,false,false,false,false,false,false,false,false,false,false,true,false,true,true,true,false,false,false,24,7,2,4,0,0,0,false,false,false,false
Kubernetes,outlines,Kubernetes---kb_1149_Normalized.json,2,1,1,1,1,2,0,completed,,,0.071906,,,,4914,2729,,,,0,1,0,1,0,1,0,1,0.5,-1,false,false,false,false,false,false,false,false,false,true,false,false,false,false,false,false,false,false,false,false,false,false,false,false,false,false,false,false,false,false,false,false,false,false,false,true,false,true,true,true,false,false,false,24,7,2,4,0,0,0,false,false,false,false
Kubernetes,outlines,Kubernetes---kb_114_Normalized.json,6,2,4,2,4,6,0,completed,,,1.06717,0.0657703,0.0307443,0.0349132,5651,1094,137.833,43.3333,46,2,4,0,0,0,0,0,1,1,0,false,false,false,false,false,false,false,false,false,false,false,false,false,false,false,false,false,false,false,false,false,false,false,false,false,false,false,false,false,false,false,false,false,false,false,true,false,false,true,true,false,false,false,14,5,3,4,0,0,0,false,false,false,false
Kubernetes,outlines,Kubernetes---kb_1150_Normalized.json,3,2,1,2,1,3,0,completed,,,0.078037,,,,5845,2739,,,,0,1,0,2,0,1,0,1,0.333333,-1,false,false,false,false,false,false,false,false,false,true,false,false,false,false,false,false,false,false,false,false,false,false,false,false,false,false,false,false,false,false,false,false,false,false,false,true,false,true,true,true,false,false,false,24,7,2,4,0,0,0,false,false,false,false
Kubernetes,outlines,Kubernetes---kb_1151_Normalized.json,2,1,1,1,1,2,0,completed,,,0.063363,,,,5671,2699,,,,0,1,0,1,0,1,0,1,0.5,-1,false,false,false,false,false,false,false,false,false,true,false,false,false,false,false,false,false,false,false,false,false,false,false,false,false,false,false,false,false,false,false,false,false,false,false,true,false,true,true,true,false,false,false,24,7,2,4,0,0,0,false,false,false,false
Kubernetes,outlines,Kubernetes---kb_1152_Normalized.json,3,2,1,2,1,3,0,completed,,,0.064392,,,,5431,2739,,,,0,1,0,2,0,1,0,1,0.333333,-1,false,false,false,false,false,false,false,false,false,true,false,false,false,false,false,false,false,false,false,false,false,false,false,false,false,false,false,false,false,false,false,false,false,false,false,true,false,true,true,true,false,false,false,24,7,2,4,0,0,0,false,false,false,false
Kubernetes,outlines,Kubernetes---kb_1153_Normalized.json,4,1,3,1,3,4,0,completed,,,1.69627,0.109339,0.0533567,0.0557428,7695,3833,165.5,50.75,54,1,3,0,0,0,0,0,1,1,0,false,false,false,false,false,false,false,false,false,true,false,false,false,false,false,false,false,false,true,false,false,false,false,false,false,false,false,false,false,false,false,false,false,false,false,true,false,true,true,true,false,false,false,34,9,3,5,0,0,0,false,false,false,false
Kubernetes,outlines,Kubernetes---kb_1154_Normalized.json,5,2,3,2,3,5,0,completed,,,1.63274,0.118957,0.055077,0.0636326,8099,3833,166,50.6,53,2,3,0,0,0,0,0,1,1,0,false,false,false,false,false,false,false,false,false,true,false,false,false,false,false,false,false,false,true,false,false,false,false,false,false,false,false,false,false,false,false,false,false,false,false,true,false,true,true,true,false,false,false,34,9,3,5,0,0,0,false,false,false,false
Kubernetes,outlines,Kubernetes---kb_1155_Normalized.json,5,1,4,1,4,5,0,completed,,,0.299467,0.0003466,9.66e-05,0.0002186,3422,401,25.6,13.8,15,1,4,0,0,0,0,0,1,1,0,false,false,false,false,false,false,false,false,false,false,false,false,false,false,false,false,false,false,false,false,false,false,false,false,false,false,false,false,false,false,false,false,false,false,false,true,false,false,false,true,false,false,false,9,2,0,4,0,0,0,false,false,false,false
Kubernetes,outlines,Kubernetes---kb_1156_Normalized.json,5,1,4,1,4,5,0,completed,,,0.306103,0.0003284,9.62e-05,0.0002058,3511,401,26.4,13.4,15,1,4,0,0,0,0,0,1,1,0,false,false,false,false,false,false,false,false,false,false,false,false,false,false,false,false,false,false,false,false,false,false,false,false,false,false,false,false,false,false,false,false,false,false,false,true,false,false,false,true,false,false,false,9,2,0,4,0,0,0,false,false,false,false
Kubernetes,outlines,Kubernetes---kb_1157_Normalized.json,5,2,3,2,3,5,0,completed,,,2.7964,0.204843,0.0959584,0.108532,10401,3901,243,72.2,76,2,3,0,0,0,0,0,1,1,0,true,false,false,false,false,false,false,false,false,true,false,false,false,false,false,false,false,false,true,false,false,false,false,false,false,false,false,false,false,false,false,false,false,false,false,true,false,true,true,true,false,false,false,47,10,5,5,0,0,0,false,true,true,false
Kubernetes,outlines,Kubernetes---kb_1158_Normalized.json,6,2,4,2,4,6,0,completed,,,2.83963,0.161325,0.07345,0.0875678,10567,3901,204.333,61.5,71,2,4,0,0,0,0,0,1,1,0,true,false,false,false,false,false,false,false,false,true,false,false,false,false,false,false,false,false,true,false,false,false,false,false,false,false,false,false,false,false,false,false,false,false,false,true,false,true,true,true,false,false,false,47,10,5,5,0,0,0,false,true,true,false
Kubernetes,outlines,Kubernetes---kb_1159_Normalized.json,6,2,4,2,4,6,0,completed,,,0.915072,0.0626507,0.0291903,0.0333495,5466,875,126,39.1667,44,2,4,0,0,0,0,0,1,1,0,false,false,false,false,false,false,false,false,false,false,false,false,false,false,false,false,false,false,false,false,false,false,false,false,false,false,false,false,false,false,false,false,false,false,false,true,false,false,false,true,false,false,false,9,3,0,4,0,0,0,false,false,false,false
Kubernetes,outlines,Kubernetes---kb_115_Normalized.json,6,2,4,2,4,6,0,completed,,,1.2782,0.0514125,0.0236677,0.0276483,9521,2284,113.167,38.8333,70,1,4,0,1,0,0.5,0,1,0.833333,-0.5,false,false,false,false,false,false,false,false,false,true,false,false,false,false,false,false,false,false,true,false,false,false,false,false,false,false,false,false,false,false,false,false,false,false,false,true,false,true,true,true,false,false,false,23,6,2,4,0,0,0,false,false,false,false
Kubernetes,outlines,Kubernetes---kb_1160_Normalized.json,5,2,3,2,3,5,0,completed,,,0.68391,0.05236,0.024338,0.027927,4612,875,127.6,37.8,40,2,3,0,0,0,0,0,1,1,0,false,false,false,false,false,false,false,false,false,false,false,false,false,false,false,false,false,false,false,false,false,false,false,false,false,false,false,false,false,false,false,false,false,false,false,true,false,false,false,true,false,false,false,9,3,0,4,0,0,0,false,false,false,false
Kubernetes,outlines,Kubernetes---kb_116_Normalized.json,6,2,4,2,4,6,0,completed,,,1.19426,0.0738705,0.0337223,0.0400253,9367,2284,145.5,47.5,80,1,4,0,1,0,0.5,0,1,0.833333,-0.5,false,false,false,false,false,false,false,false,false,true,false,false,false,false,false,false,false,false,true,false,false,false,false,false,false,false,false,false,false,false,false,false,false,false,false,true,false,true,true,true,false,false,false,23,6,2,4,0,0,0,false,false,false,false
Kubernetes,outlines,Kubernetes---kb_117_Normalized.json,4,2,2,2,2,4,0,completed,,,1.1552,0.0852508,0.0389982,0.046097,7632,2780,174,62,62,2,2,0,0,0,0,0,1,1,0,false,false,false,false,false,false,false,false,false,true,false,false,false,false,false,false,false,false,true,false,false,false,false,false,false,false,false,false,false,false,false,false,false,false,false,true,false,true,true,true,false,false,false,26,7,2,4,0,0,0,false,false,false,false
Kubernetes,outlines,Kubernetes---kb_118_Normalized.json,4,2,2,2,2,4,0,completed,,,1.41495,0.0757505,0.0350492,0.040553,7551,2780,158.25,58.25,59,2,2,0,0,0,0,0,1,1,0,false,false,false,false,false,false,false,false,false,true,false,false,false,false,false,false,false,false,true,false,false,false,false,false,false,false,false,false,false,false,false,false,false,false,false,true,false,true,true,true,false,false,false,26,7,2,4,0,0,0,false,false,false,false
Kubernetes,outlines,Kubernetes---kb_119_Normalized.json,2,2,0,2,0,2,0,completed,,,33.0737,0.788134,0.365804,0.42109,45386,32475,1053,332,456,2,0,0,0,0,0,0,1,1,0,true,false,false,false,false,false,false,false,false,true,false,false,false,false,false,false,false,false,true,false,false,false,false,false,false,false,false,false,false,false,false,true,false,false,false,true,false,true,true,true,false,false,false,347,104,15,5,4,0,0,false,true,true,false
Kubernetes,outlines,Kubernetes---kb_11_Normalized.json,2,1,1,1,1,2,0,completed,,,0.228063,0.017678,0.0084355,0.009207,1348,244,27,7.5,9,1,1,0,0,0,0,0,1,1,0,false,false,false,false,false,false,false,false,false,false,false,false,false,false,false,false,false,false,false,false,false,false,false,false,false,false,false,false,false,false,false,false,false,false,false,true,false,false,true,true,false,false,false,6,1,1,4,0,0,0,false,false,false,false
Kubernetes,outlines,Kubernetes---kb_120_Normalized.json,4,2,2,2,2,4,0,completed,,,32.0033,0.343074,0.158196,0.184238,49791,32475,878.25,278.25,326,2,2,0,0,0,0,0,1,1,0,true,false,false,false,false,false,false,false,false,true,false,false,false,false,false,false,false,false,true,false,false,false,false,false,false,false,false,false,false,false,false,true,false,false,false,true,false,true,true,true,false,false,false,347,104,15,5,4,0,0,false,true,true,false
Kubernetes,outlines,Kubernetes---kb_121_Normalized.json,5,1,4,1,4,5,0,completed,,,0.503857,0.0978634,0.0445704,0.0531644,3730,414,79.4,34.2,46,1,4,0,0,0,0,0,1,1,0,false,false,false,false,false,false,false,false,false,false,false,false,false,false,false,false,false,false,true,false,false,false,false,false,false,false,false,false,false,false,false,false,false,false,false,true,false,false,true,true,false,false,false,11,2,1,5,0,0,0,false,false,false,false
Kubernetes,outlines,Kubernetes---kb_122_Normalized.json,4,1,3,1,3,4,0,completed,,,0.516065,0.0820272,0.0371565,0.0447605,3444,414,73,30.75,46,1,3,0,0,0,0,0,1,1,0,false,false,false,false,false,false,false,false,false,false,false,false,false,false,false,false,false,false,true,false,false,false,false,false,false,false,false,false,false,false,false,false,false,false,false,true,false,false,true,true,false,false,false,11,2,1,5,0,0,0,false,false,false,false
Kubernetes,outlines,Kubernetes---kb_123_Normalized.json,4,1,3,1,3,4,0,completed,,,0.70413,0.053086,0.0245185,0.0284665,4256,1025,103,40.5,41,1,3,0,0,0,0,0,1,1,0,false,false,false,false,false,false,false,false,false,false,false,false,false,false,false,false,false,false,false,false,false,false,false,false,false,false,false,false,false,false,false,false,false,false,false,true,false,false,true,true,false,false,false,16,5,1,4,0,0,0,false,false,false,false
Kubernetes,outlines,Kubernetes---kb_124_Normalized.json,3,1,2,1,2,3,0,completed,,,0.741318,0.0370207,0.0172003,0.0197497,3582,1025,103.667,40.3333,41,1,2,0,0,0,0,0,1,1,0,false,false,false,false,false,false,false,false,false,false,false,false,false,false,false,false,false,false,false,false,false,false,false,false,false,false,false,false,false,false,false,false,false,false,false,true,false,false,true,true,false,false,false,16,5,1,4,0,0,0,false,false,false,false
Kubernetes,outlines,Kubernetes---kb_125_Normalized.json,3,2,1,2,1,3,0,completed,,,1.90044,0.100552,0.0459527,0.054451,5733,3094,104.333,38,81,2,1,0,0,0,0,0,1,1,0,false,false,false,false,false,false,false,false,false,true,false,false,false,false,false,false,false,false,false,false,false,false,false,false,false,false,false,false,false,false,false,false,false,false,false,true,false,true,true,true,false,false,false,45,13,1,4,0,0,0,false,false,true,false
Kubernetes,outlines,Kubernetes---kb_126_Normalized.json,3,2,1,2,1,3,0,completed,,,1.79824,0.148933,0.0677417,0.0809897,5727,3094,102.333,37.6667,80,2,1,0,0,0,0,0,1,1,0,false,false,false,false,false,false,false,false,false,true,false,false,false,false,false,false,false,false,false,false,false,false,false,false,false,false,false,false,false,false,false,false,false,false,false,true,false,true,true,true,false,false,false,45,13,1,4,0,0,0,false,false,true,false
Kubernetes,outlines,Kubernetes---kb_127_Normalized.json,1,1,0,1,0,1,0,completed,,,0.251255,0.092922,0.041367,0.051427,1240,650,37,19,19,1,0,0,0,0,0,0,1,1,0,false,false,false,false,false,false,false,false,false,true,false,false,false,false,false,false,false,false,false,false,false,false,false,false,false,false,false,false,false,false,false,false,false,false,false,true,false,true,false,true,false,false,false,9,1,0,2,0,0,0,false,false,false,false
Kubernetes,outlines,Kubernetes---kb_128_Normalized.json,1,1,0,1,0,1,0,completed,,,0.235402,0.072213,0.032094,0.04002,1240,650,37,19,19,1,0,0,0,0,0,0,1,1,0,false,false,false,false,false,false,false,false,false,true,false,false,false,false,false,false,false,false,false,false,false,false,false,false,false,false,false,false,false,false,false,false,false,false,false,true,false,true,false,true,false,false,false,9,1,0,2,0,0,0,false,false,false,false
Kubernetes,outlines,Kubernetes---kb_129_Normalized.json,4,2,2,2,2,4,0,completed,,,1.26158,0.18297,0.083362,0.0993363,4791,1462,211.5,75.75,78,2,2,0,0,0,0,0,1,1,0,false,false,false,false,false,false,false,false,false,true,false,false,false,false,false,false,false,false,false,false,false,false,false,false,false,false,false,false,false,false,false,false,false,false,false,true,false,true,true,true,false,false,false,24,7,1,4,0,0,0,false,false,false,false
Kubernetes,outlines,Kubernetes---kb_12_Normalized.json,3,1,2,1,2,3,0,completed,,,0.25098,0.0157843,0.00745033,0.00829733,1804,244,22.6667,6.66667,9,1,2,0,0,0,0,0,1,1,0,false,false,false,false,false,false,false,false,false,false,false,false,false,false,false,false,false,false,false,false,false,false,false,false,false,false,false,false,false,false,false,false,false,false,false,true,false,false,true,true,false,false,false,6,1,1,4,0,0,0,false,false,false,false
Kubernetes,outlines,Kubernetes---kb_130_Normalized.json,6,2,4,2,4,6,0,completed,,,1.50057,0.12002,0.0546107,0.0652235,6346,1462,213.5,75,77,2,4,0,0,0,0,0,1,1,0,false,false,false,false,false,false,false,false,false,true,false,false,false,false,false,false,false,false,false,false,false,false,false,false,false,false,false,false,false,false,false,false,false,false,false,true,false,true,true,true,false,false,false,24,7,1,4,0,0,0,false,false,false,false
Kubernetes,outlines,Kubernetes---kb_131_Normalized.json,6,2,4,2,4,6,0,completed,,,0.402237,0.0602828,0.026955,0.0332355,3490,315,77.3333,18.3333,23,2,4,0,0,0,0,0,1,1,0,false,false,false,false,false,false,false,false,false,false,false,false,false,false,false,false,false,false,false,false,false,false,false,false,false,false,false,false,false,false,false,false,false,false,false,true,false,false,false,true,false,false,false,7,2,0,4,0,0,0,false,false,false,false
Kubernetes,outlines,Kubernetes---kb_132_Normalized.json,6,2,4,2,4,6,0,completed,,,0.419777,0.040238,0.0182537,0.0219123,3459,315,66.6667,16.6667,20,2,4,0,0,0,0,0,1,1,0,false,false,false,false,false,false,false,false,false,false,false,false,false,false,false,false,false,false,false,false,false,false,false,false,false,false,false,false,false,false,false,false,false,false,false,true,false,false,false,true,false,false,false,7,2,0,4,0,0,0,false,false,false,false
Kubernetes,outlines,Kubernetes---kb_133_Normalized.json,5,2,3,2,3,5,0,completed,,,4.73219,0.563819,0.258908,0.304134,13264,5061,519.8,198.4,211,2,3,0,0,0,0,0,1,1,0,false,false,false,false,false,false,false,false,false,true,false,false,false,false,false,false,false,false,false,false,false,false,false,false,false,false,false,false,false,false,false,false,false,false,false,true,false,true,true,true,false,false,false,68,22,6,4,0,0,0,false,true,true,false
Kubernetes,outlines,Kubernetes---kb_134_Normalized.json,5,2,3,2,3,5,0,completed,,,4.98292,0.970528,0.435799,0.533585,13963,5061,693.8,363.4,666,2,3,0,0,0,0,0,1,1,0,false,false,false,false,false,false,false,false,false,true,false,false,false,false,false,false,false,false,false,false,false,false,false,false,false,false,false,false,false,false,false,false,false,false,false,true,false,true,true,true,false,false,false,68,22,6,4,0,0,0,false,true,true,false
Kubernetes,outlines,Kubernetes---kb_135_Normalized.json,10,2,8,2,8,10,0,completed,,,45.8295,0.268921,0.125896,0.142622,39119,16941,864.8,238.5,277,1,8,0,1,0,0.5,0,1,0.9,-0.5,true,false,false,false,false,false,false,false,false,true,false,false,false,true,false,false,false,false,true,false,false,false,false,false,false,false,false,false,false,false,false,false,false,false,false,true,false,true,true,true,false,false,false,110,33,5,5,0,2,0,false,true,true,false
Kubernetes,outlines,Kubernetes---kb_136_Normalized.json,3,1,2,1,2,3,0,completed,,,47.9091,0.546337,0.257139,0.288414,24705,17099,590.333,172.667,174,1,2,0,0,0,0,0,1,1,0,true,false,false,false,false,false,false,false,false,true,false,false,false,true,false,false,false,false,true,false,false,false,false,false,false,false,false,false,false,false,false,false,false,false,false,true,false,true,true,true,false,false,false,110,33,5,5,0,2,0,false,true,true,false
Kubernetes,outlines,Kubernetes---kb_137_Normalized.json,8,2,6,2,6,8,0,completed,,,47.5113,0.334973,0.154627,0.179818,33975,17094,652.375,203.25,239,1,6,0,1,0,0.5,0,1,0.875,-0.5,true,false,false,false,false,false,false,false,false,true,false,false,false,true,false,false,false,false,true,false,false,false,false,false,false,false,false,false,false,false,false,false,false,false,false,true,false,true,true,true,false,false,false,110,33,5,5,0,2,0,false,true,true,false
Kubernetes,outlines,Kubernetes---kb_138_Normalized.json,10,2,8,2,8,10,0,completed,,,44.5196,0.257555,0.120856,0.136321,33651,16922,529.3,148.7,234,1,8,0,1,0,0.5,0,1,0.9,-0.5,true,false,false,false,false,false,false,false,false,true,false,false,false,true,false,false,false,false,true,false,false,false,false,false,false,false,false,false,false,false,false,false,false,false,false,true,false,true,true,true,false,false,false,109,33,5,5,0,1,0,false,true,true,false
Kubernetes,outlines,Kubernetes---kb_139_Normalized.json,6,2,4,2,4,6,0,completed,,,81.0401,0.225963,0.1026,0.123033,35670,20872,594.333,167.333,256,0,4,0,2,0,1,0,1,0.666667,-1,true,false,false,false,false,false,false,false,false,true,false,false,false,true,false,false,false,false,true,false,false,false,false,false,false,false,false,false,false,false,false,false,false,false,false,true,false,true,true,true,false,false,false,141,41,6,6,0,3,0,false,true,true,false
Kubernetes,outlines,Kubernetes---kb_13_Normalized.json,2,1,1,1,1,2,0,completed,,,0.468882,0.010366,0.0045365,0.0057845,2355,747,40.5,12,12,1,1,0,0,0,0,0,1,1,0,false,false,false,false,false,false,false,false,false,false,false,false,false,false,false,false,false,false,false,false,false,false,false,false,false,false,false,false,false,false,false,false,false,false,false,true,false,false,false,true,false,false,false,7,2,0,4,0,0,0,false,false,false,false
Kubernetes,outlines,Kubernetes---kb_142_Normalized.json,8,1,7,1,7,8,0,completed,,,86.0411,0.270453,0.125318,0.144787,40520,20853,709.375,207.375,246,0,7,0,1,0,1,0,1,0.875,-1,true,false,false,false,false,false,false,false,false,true,false,false,false,true,false,false,false,false,true,false,false,false,false,false,false,false,false,false,false,false,false,false,false,false,false,true,false,true,true,true,false,false,false,140,41,6,6,0,2,0,false,true,true,false
Kubernetes,outlines,Kubernetes---kb_143_Normalized.json,2,2,0,2,0,2,0,completed,,,62.8131,0.0410075,0.0189605,0.021912,188439,152075,281.5,86,96,0,0,0,2,0,1,0,1,0,-1,true,false,false,false,false,false,false,false,false,true,false,false,false,true,false,false,false,false,true,false,false,false,false,false,false,false,false,false,false,false,false,true,false,false,false,true,false,true,true,true,false,false,false,1464,448,76,6,4,2,0,false,true,true,false
Kubernetes,outlines,Kubernetes---kb_144_Normalized.json,1,1,0,1,0,1,0,completed,,,63.285,0.046162,0.021149,0.024856,187575,152053,251,76,76,0,0,0,1,0,1,0,1,0,-1,true,false,false,false,false,false,false,false,false,true,false,false,false,true,false,false,false,false,true,false,false,false,false,false,false,false,false,false,false,false,false,true,false,false,false,true,false,true,true,true,false,false,false,1464,448,76,6,4,2,0,false,true,true,false
Kubernetes,outlines,Kubernetes---kb_145_Normalized.json,1,1,0,1,0,1,0,completed,,,65.3873,0.098563,0.043715,0.054674,187521,152027,253,78,78,0,0,0,1,0,1,0,1,0,-1,true,false,false,false,false,false,false,false,false,true,false,false,false,true,false,false,false,false,true,false,false,false,false,false,false,false,false,false,false,false,false,true,false,false,false,true,false,true,true,true,false,false,false,1463,448,76,6,4,1,0,false,true,true,false
Kubernetes,outlines,Kubernetes---kb_146_Normalized.json,1,1,0,1,0,1,0,completed,,,91.1571,0.075131,0.035284,0.039664,192527,155958,375,119,119,0,0,0,1,0,1,0,1,0,-1,true,false,false,false,false,false,false,false,false,true,false,false,false,true,false,false,false,false,true,false,false,false,false,false,false,false,false,false,false,false,false,true,false,false,false,true,false,true,true,true,false,false,false,1495,456,77,6,4,3,0,false,true,true,false
Kubernetes,outlines,Kubernetes---kb_149_Normalized.json,4,2,2,2,2,4,0,completed,,,47.7869,0.0001165,2.5e-05,6.1e-05,185853,147736,236,72.5,87,0,2,0,2,0,1,0,1,0.5,-1,true,false,false,false,false,false,false,false,false,true,false,false,false,false,false,false,false,false,true,false,false,false,false,false,false,false,false,false,false,false,false,true,false,false,false,true,false,true,true,true,false,false,false,1419,434,76,6,4,0,0,false,true,true,false
Kubernetes,outlines,Kubernetes---kb_14_Normalized.json,3,2,1,2,1,3,0,completed,,,0.497264,0.0182183,0.009311,0.00885233,2458,684,40.3333,12,12,2,1,0,0,0,0,0,1,1,0,false,false,false,false,false,false,false,false,false,false,false,false,false,false,false,false,false,false,false,false,false,false,false,false,false,false,false,false,false,false,false,false,false,false,false,true,false,false,false,true,false,false,false,7,2,0,4,0,0,0,false,false,false,false
Kubernetes,outlines,Kubernetes---kb_150_Normalized.json,4,2,2,2,2,4,0,completed,,,49.4541,0.0001165,2.575e-05,5.875e-05,186151,147708,253.5,75,83,0,2,0,2,0,1,0,1,0.5,-1,true,false,false,false,false,false,false,false,false,true,false,false,false,false,false,false,false,false,true,false,false,false,false,false,false,false,false,false,false,false,false,true,false,false,false,true,false,true,true,true,false,false,false,1419,434,76,6,4,0,0,false,true,true,false
Kubernetes,outlines,Kubernetes---kb_151_Normalized.json,2,2,0,2,0,2,0,completed,,,46.8387,7.5e-05,1.55e-05,1.9e-05,182925,147708,205,62,65,0,0,0,2,0,1,0,1,0,-1,true,false,false,false,false,false,false,false,false,true,false,false,false,false,false,false,false,false,true,false,false,false,false,false,false,false,false,false,false,false,false,true,false,false,false,true,false,true,true,true,false,false,false,1419,434,76,6,4,0,0,false,true,true,false
Kubernetes,outlines,Kubernetes---kb_152_Normalized.json,6,1,5,1,5,6,0,completed,,,2.86134,0.158786,0.0750527,0.0834777,9371,2717,296.833,104.667,147,1,5,0,0,0,0,0,1,1,0,false,false,false,false,false,false,false,false,false,true,false,false,false,false,false,false,false,false,true,false,false,false,false,false,false,false,false,false,false,false,false,false,false,false,false,true,false,true,false,true,false,false,false,30,9,0,4,0,0,0,false,false,false,false
Kubernetes,outlines,Kubernetes---kb_153_Normalized.json,8,2,6,2,6,8,0,completed,,,2.93872,0.168708,0.0783601,0.0900728,10320,2717,230.5,82,140,2,6,0,0,0,0,0,1,1,0,false,false,false,false,false,false,false,false,false,true,false,false,false,false,false,false,false,false,true,false,false,false,false,false,false,false,false,false,false,false,false,false,false,false,false,true,false,true,false,true,false,false,false,30,9,0,4,0,0,0,false,false,false,false
Kubernetes,outlines,Kubernetes---kb_154_Normalized.json,6,1,5,1,5,6,0,completed,,,2.62865,0.197566,0.0921435,0.105128,10621,2717,312.5,108.333,175,1,5,0,0,0,0,0,1,1,0,false,false,false,false,false,false,false,false,false,true,false,false,false,false,false,false,false,false,true,false,false,false,false,false,false,false,false,false,false,false,false,false,false,false,false,true,false,true,false,true,false,false,false,30,9,0,4,0,0,0,false,false,false,false
Kubernetes,outlines,Kubernetes---kb_155_Normalized.json,3,1,2,1,2,3,0,completed,,,0.572573,0.0425213,0.0192943,0.0231347,2478,577,54.3333,21,22,1,2,0,0,0,0,0,1,1,0,false,false,false,false,false,false,false,false,false,false,false,false,false,false,false,false,false,false,false,false,false,false,false,false,false,false,false,false,false,false,false,false,false,false,false,true,false,false,true,true,false,false,false,10,3,2,4,0,0,0,false,false,false,false
Kubernetes,outlines,Kubernetes---kb_156_Normalized.json,5,1,4,1,4,5,0,completed,,,0.571622,0.0299584,0.013695,0.0161838,3648,577,54.8,21.2,22,1,4,0,0,0,0,0,1,1,0,false,false,false,false,false,false,false,false,false,false,false,false,false,false,false,false,false,false,false,false,false,false,false,false,false,false,false,false,false,false,false,false,false,false,false,true,false,false,true,true,false,false,false,10,3,2,4,0,0,0,false,false,false,false
Kubernetes,outlines,Kubernetes---kb_157_Normalized.json,5,1,4,1,4,5,0,completed,,,0.585706,0.0295266,0.0134992,0.0159542,3694,577,60.6,22.6,30,1,4,0,0,0,0,0,1,1,0,false,false,false,false,false,false,false,false,false,false,false,false,false,false,false,false,false,false,false,false,false,false,false,false,false,false,false,false,false,false,false,false,false,false,false,true,false,false,true,true,false,false,false,10,3,2,4,0,0,0,false,false,false,false
Kubernetes,outlines,Kubernetes---kb_158_Normalized.json,4,1,3,1,3,4,0,completed,,,0.599803,0.0391245,0.0179875,0.021055,3037,577,55.25,20.75,22,1,3,0,0,0,0,0,1,1,0,false,false,false,false,false,false,false,false,false,false,false,false,false,false,false,false,false,false,false,false,false,false,false,false,false,false,false,false,false,false,false,false,false,false,false,true,false,false,true,true,false,false,false,10,3,2,4,0,0,0,false,false,false,false
Kubernetes,outlines,Kubernetes---kb_159_Normalized.json,5,2,3,2,3,5,0,completed,,,35.8634,0.0886388,0.042882,0.0455474,26911,18440,248,75.2,84,2,3,0,0,0,0,0,1,1,0,true,false,false,false,false,false,false,false,false,true,false,false,false,true,false,false,false,false,true,false,false,false,false,false,false,false,false,false,false,false,false,false,false,false,false,true,false,true,true,true,false,false,false,117,35,5,5,0,2,0,false,true,true,false
Kubernetes,outlines,Kubernetes---kb_15_Normalized.json,4,2,2,2,2,4,0,completed,,,0.42014,0.013943,0.0065015,0.00739525,3108,684,40.5,12.25,13,2,2,0,0,0,0,0,1,1,0,false,false,false,false,false,false,false,false,false,false,false,false,false,false,false,false,false,false,false,false,false,false,false,false,false,false,false,false,false,false,false,false,false,false,false,true,false,false,false,true,false,false,false,7,2,0,4,0,0,0,false,false,false,false
Kubernetes,outlines,Kubernetes---kb_160_Normalized.json,6,2,4,2,4,6,0,completed,,,37.1071,0.0810113,0.03847,0.0423643,28489,18644,262.833,80,88,1,4,0,1,0,0.5,0,1,0.833333,-0.5,true,false,false,false,false,false,false,false,false,true,false,false,false,true,false,false,false,false,true,false,false,false,false,false,false,false,false,false,false,false,false,false,false,false,false,true,false,true,true,true,false,false,false,116,35,5,5,0,2,0,false,true,true,false
Kubernetes,outlines,Kubernetes---kb_161_Normalized.json,8,2,6,2,6,8,0,completed,,,35.4481,0.139632,0.0661431,0.0732322,31344,18610,261.875,80.25,88,1,6,0,1,0,0.5,0,1,0.875,-0.5,true,false,false,false,false,false,false,false,false,true,false,false,false,true,false,false,false,false,true,false,false,false,false,false,false,false,false,false,false,false,false,false,false,false,false,true,false,true,true,true,false,false,false,115,35,5,5,0,1,0,false,true,true,false
Kubernetes,outlines,Kubernetes---kb_162_Normalized.json,7,2,5,2,5,7,0,completed,,,72.3504,0.184333,0.0875951,0.096422,33796,22338,322.571,101.286,128,2,5,0,0,0,0,0,1,1,0,true,false,false,false,false,false,false,false,false,true,false,false,false,true,false,false,false,false,true,false,false,false,false,false,false,false,false,false,false,false,false,false,false,false,false,true,false,true,true,true,false,false,false,148,43,6,6,0,3,0,false,true,true,false
Kubernetes,outlines,Kubernetes---kb_163_Normalized.json,5,2,3,2,3,5,0,completed,,,72.6743,0.212479,0.0999282,0.112148,31627,22557,393.2,124.8,139,2,3,0,0,0,0,0,1,1,0,true,false,false,false,false,false,false,false,false,true,false,false,false,true,false,false,false,false,true,false,false,false,false,false,false,false,false,false,false,false,false,false,false,false,false,true,false,true,true,true,false,false,false,147,43,6,6,0,3,0,false,true,true,false
Kubernetes,outlines,Kubernetes---kb_164_Normalized.json,5,1,4,1,4,5,0,completed,,,68.7222,0.266627,0.124745,0.141449,32112,22523,345.2,108.2,112,1,4,0,0,0,0,0,1,1,0,true,false,false,false,false,false,false,false,false,true,false,false,false,true,false,false,false,false,true,false,false,false,false,false,false,false,false,false,false,false,false,false,false,false,false,true,false,true,true,true,false,false,false,146,43,6,6,0,2,0,false,true,true,false
Kubernetes,outlines,Kubernetes---kb_165_Normalized.json,4,1,3,1,3,4,0,completed,,,0.930275,0.0203875,0.00932275,0.0110155,8458,3182,101.75,27.75,28,1,3,0,0,0,0,0,1,1,0,false,false,false,false,false,false,false,false,false,false,false,false,false,false,false,false,false,false,true,false,false,false,false,false,false,false,false,false,false,false,false,false,false,false,false,true,false,false,false,true,false,false,false,12,3,0,5,0,0,0,false,false,false,false
Kubernetes,outlines,Kubernetes---kb_166_Normalized.json,7,1,6,1,6,7,0,completed,,,0.772321,0.0173546,0.00778486,0.00951814,11010,3131,101.286,27.7143,30,1,6,0,0,0,0,0,1,1,0,false,false,false,false,false,false,false,false,false,false,false,false,false,false,false,false,false,false,true,false,false,false,false,false,false,false,false,false,false,false,false,false,false,false,false,true,false,false,false,true,false,false,false,11,3,0,5,0,0,0,false,false,false,false
Kubernetes,outlines,Kubernetes---kb_167_Normalized.json,7,1,6,1,6,7,0,completed,,,0.806482,0.0181484,0.00833243,0.00975614,11041,3131,103.714,28.5714,30,1,6,0,0,0,0,0,1,1,0,false,false,false,false,false,false,false,false,false,false,false,false,false,false,false,false,false,false,true,false,false,false,false,false,false,false,false,false,false,false,false,false,false,false,false,true,false,false,false,true,false,false,false,11,3,0,5,0,0,0,false,false,false,false
Kubernetes,outlines,Kubernetes---kb_168_Normalized.json,3,1,2,1,2,3,0,completed,,,33.7077,0.132279,0.0621643,0.0698757,29816,18391,1178,386.667,397,0,2,0,1,0,1,0,1,0.666667,-1,true,false,false,false,false,false,false,false,false,true,false,false,false,true,false,false,false,false,true,false,false,false,false,false,false,false,false,false,false,false,false,false,false,false,false,true,false,true,true,true,false,false,false,135,38,8,5,0,2,0,false,true,true,false
Kubernetes,outlines,Kubernetes---kb_169_Normalized.json,5,2,3,2,3,5,0,completed,,,34.7238,0.205081,0.0964228,0.108318,30456,18525,475.4,153.4,196,1,3,0,1,0,0.5,0,1,0.8,-0.5,true,false,false,false,false,false,false,false,false,true,false,false,false,true,false,false,false,false,true,false,false,false,false,false,false,false,false,false,false,false,false,false,false,false,false,true,false,true,true,true,false,false,false,135,38,8,5,0,2,0,false,true,true,false
Kubernetes,outlines,Kubernetes---kb_16_Normalized.json,6,2,4,2,4,6,0,completed,,,2.39638,0.18915,0.088883,0.0999858,13550,3757,478.833,155.5,196,2,4,0,0,0,0,0,1,1,0,false,false,false,false,false,false,false,false,false,true,false,false,false,true,false,false,false,false,true,false,false,false,false,false,false,false,false,false,false,false,false,false,false,false,false,true,false,true,true,true,false,false,false,43,10,6,4,0,2,0,false,true,true,false
Kubernetes,outlines,Kubernetes---kb_170_Normalized.json,6,2,4,2,4,6,0,completed,,,32.1229,0.294075,0.138181,0.155483,32445,18491,520.5,170,272,1,4,0,1,0,0.5,0,1,0.833333,-0.5,true,false,false,false,false,false,false,false,false,true,false,false,false,true,false,false,false,false,true,false,false,false,false,false,false,false,false,false,false,false,false,false,false,false,false,true,false,true,true,true,false,false,false,134,38,8,5,0,1,0,false,true,true,false
Kubernetes,outlines,Kubernetes---kb_171_Normalized.json,5,2,3,2,3,5,0,completed,,,0.869007,0.049328,0.0224586,0.0267718,7106,2666,132.4,42.8,44,2,3,0,0,0,0,0,1,1,0,false,false,false,false,false,false,false,false,false,true,false,false,false,false,false,false,false,false,true,false,false,false,false,false,false,false,false,false,false,false,false,false,false,false,false,true,false,true,true,true,false,false,false,21,5,2,5,0,0,0,false,false,false,false
Kubernetes,outlines,Kubernetes---kb_172_Normalized.json,5,2,3,2,3,5,0,completed,,,0.839574,0.0565658,0.0261526,0.0303188,7467,2646,132,43.6,45,2,3,0,0,0,0,0,1,1,0,false,false,false,false,false,false,false,false,false,true,false,false,false,false,false,false,false,false,true,false,false,false,false,false,false,false,false,false,false,false,false,false,false,false,false,true,false,true,true,true,false,false,false,21,5,2,5,0,0,0,false,false,false,false
Kubernetes,outlines,Kubernetes---kb_173_Normalized.json,5,2,3,2,3,5,0,completed,,,0.900888,0.0652838,0.0303736,0.0347974,7070,2646,129.8,42.6,43,2,3,0,0,0,0,0,1,1,0,false,false,false,false,false,false,false,false,false,true,false,false,false,false,false,false,false,false,true,false,false,false,false,false,false,false,false,false,false,false,false,false,false,false,false,true,false,true,true,true,false,false,false,21,5,2,5,0,0,0,false,false,false,false
Kubernetes,outlines,Kubernetes---kb_174_Normalized.json,5,1,4,1,4,5,0,completed,,,74.7727,0.212757,0.0992728,0.113122,42829,22275,1190.6,384.6,424,0,4,0,1,0,1,0,1,0.8,-1,true,false,false,false,false,false,false,false,false,true,false,false,false,true,false,false,false,false,true,false,false,false,false,false,false,false,false,false,false,false,false,false,false,false,false,true,false,true,true,true,false,false,false,166,46,9,6,0,3,0,false,true,true,false
Kubernetes,outlines,Kubernetes---kb_175_Normalized.json,5,1,4,1,4,5,0,completed,,,71.2966,0.288974,0.135932,0.152582,39543,22424,929.2,296.6,326,0,4,0,1,0,1,0,1,0.8,-1,true,false,false,false,false,false,false,false,false,true,false,false,false,true,false,false,false,false,true,false,false,false,false,false,false,false,false,false,false,false,false,false,false,false,false,true,false,true,true,true,false,false,false,166,46,9,6,0,3,0,false,true,true,false
Kubernetes,outlines,Kubernetes---kb_176_Normalized.json,6,1,5,1,5,6,0,completed,,,72.7846,0.460302,0.21597,0.243747,44636,22390,1112.67,367.667,413,0,5,0,1,0,1,0,1,0.833333,-1,true,false,false,false,false,false,false,false,false,true,false,false,false,true,false,false,false,false,true,false,false,false,false,false,false,false,false,false,false,false,false,false,false,false,false,true,false,true,true,true,false,false,false,165,46,9,6,0,2,0,false,true,true,false
Kubernetes,outlines,Kubernetes---kb_177_Normalized.json,6,2,4,2,4,6,0,completed,,,2.21919,0.187396,0.0868862,0.100194,11553,3281,246.5,80,95,1,4,0,1,0,0.5,0,1,0.833333,-0.5,false,false,false,false,false,false,false,false,false,true,false,false,false,false,false,false,false,false,true,false,false,false,false,false,false,false,false,false,false,false,false,false,false,false,false,true,false,true,true,true,false,false,false,31,6,3,5,0,0,0,false,false,false,false
Kubernetes,outlines,Kubernetes---kb_178_Normalized.json,8,2,6,2,6,8,0,completed,,,2.09915,0.13392,0.0605492,0.0731409,15126,3271,250.5,78,153,2,6,0,0,0,0,0,1,1,0,false,false,false,false,false,false,false,false,false,true,false,false,false,false,false,false,false,false,true,false,false,false,false,false,false,false,false,false,false,false,false,false,false,false,false,true,false,true,true,true,false,false,false,31,6,3,5,0,0,0,false,false,false,false
Kubernetes,outlines,Kubernetes---kb_179_Normalized.json,7,2,5,2,5,7,0,completed,,,1.52571,0.11181,0.051523,0.0601139,13598,3271,278.429,90.8571,175,1,5,0,1,0,0.5,0,1,0.857143,-0.5,false,false,false,false,false,false,false,false,false,true,false,false,false,false,false,false,false,false,true,false,false,false,false,false,false,false,false,false,false,false,false,false,false,false,false,true,false,true,true,true,false,false,false,31,6,3,5,0,0,0,false,false,false,false
Kubernetes,outlines,Kubernetes---kb_17_Normalized.json,8,2,6,2,6,8,0,completed,,,2.70105,0.245409,0.11379,0.131226,17668,3743,473.125,152.125,213,2,6,0,0,0,0,0,1,1,0,false,false,false,false,false,false,false,false,false,true,false,false,false,true,false,false,false,false,true,false,false,false,false,false,false,false,false,false,false,false,false,false,false,false,false,true,false,true,true,true,false,false,false,42,10,6,4,0,1,0,false,true,true,false
Kubernetes,outlines,Kubernetes---kb_180_Normalized.json,7,2,5,2,5,7,0,completed,,,3.52571,0.0767703,0.0346911,0.0419197,12729,3494,499.857,136.143,143,1,5,0,1,0,0.5,0,1,0.857143,-0.5,true,false,false,false,false,false,false,false,false,true,false,false,false,false,false,false,false,false,false,false,false,false,false,false,false,false,false,false,false,false,false,false,false,false,false,true,false,true,true,true,false,false,false,32,11,2,5,0,0,0,false,false,true,false
Kubernetes,outlines,Kubernetes---kb_181_Normalized.json,7,2,5,2,5,7,0,completed,,,3.52188,0.086265,0.03946,0.0466326,12477,3494,479.857,131.286,142,1,5,0,1,0,0.5,0,1,0.857143,-0.5,true,false,false,false,false,false,false,false,false,true,false,false,false,false,false,false,false,false,false,false,false,false,false,false,false,false,false,false,false,false,false,false,false,false,false,true,false,true,true,true,false,false,false,32,11,2,5,0,0,0,false,false,true,false
Kubernetes,outlines,Kubernetes---kb_182_Normalized.json,7,2,5,2,5,7,0,completed,,,1.52041,0.119525,0.0551036,0.0642244,7819,1908,181.857,55.4286,62,2,5,0,0,0,0,0,1,1,0,true,false,false,false,false,false,false,false,false,true,false,false,false,false,false,false,false,false,false,false,false,false,false,false,false,false,false,false,false,false,false,false,false,false,false,true,false,true,true,true,false,false,false,22,6,1,5,0,0,0,false,false,false,false
Kubernetes,outlines,Kubernetes---kb_183_Normalized.json,3,1,2,1,2,3,0,completed,,,1.4148,0.131692,0.0606527,0.0708247,4948,1908,183.333,56.3333,62,1,2,0,0,0,0,0,1,1,0,true,false,false,false,false,false,false,false,false,true,false,false,false,false,false,false,false,false,false,false,false,false,false,false,false,false,false,false,false,false,false,false,false,false,false,true,false,true,true,true,false,false,false,22,6,1,5,0,0,0,false,false,false,false
Kubernetes,outlines,Kubernetes---kb_184_Normalized.json,6,2,4,2,4,6,0,completed,,,0.96088,0.13408,0.0619013,0.0719967,6874,1423,167.167,46.1667,48,2,4,0,0,0,0,0,1,1,0,false,false,false,false,false,false,false,false,false,false,false,false,false,false,false,false,false,false,false,false,false,false,false,false,false,false,false,false,false,false,false,false,false,false,false,true,false,false,true,true,false,false,false,17,6,3,4,0,0,0,false,false,false,false
Kubernetes,outlines,Kubernetes---kb_185_Normalized.json,9,2,7,2,7,9,0,completed,,,1.11583,0.0743974,0.0347003,0.0395668,9162,1423,162,45,48,2,7,0,0,0,0,0,1,1,0,false,false,false,false,false,false,false,false,false,false,false,false,false,false,false,false,false,false,false,false,false,false,false,false,false,false,false,false,false,false,false,false,false,false,false,true,false,false,true,true,false,false,false,17,6,3,4,0,0,0,false,false,false,false
Kubernetes,outlines,Kubernetes---kb_186_Normalized.json,10,2,8,2,8,10,0,completed,,,0.964075,0.0873009,0.0406415,0.046497,9821,1423,140,42.3,44,2,8,0,0,0,0,0,1,1,0,false,false,false,false,false,false,false,false,false,false,false,false,false,false,false,false,false,false,false,false,false,false,false,false,false,false,false,false,false,false,false,false,false,false,false,true,false,false,true,true,false,false,false,17,6,3,4,0,0,0,false,false,false,false
Kubernetes,outlines,Kubernetes---kb_187_Normalized.json,2,1,1,1,1,2,0,completed,,,2.07729,0.0863735,0.041104,0.045103,8118,4863,190,58.5,59,1,1,0,0,0,0,0,1,1,0,false,false,false,false,false,false,false,false,false,true,false,false,false,false,false,false,false,false,true,false,false,false,false,false,false,false,false,false,false,false,false,false,false,false,false,true,false,true,true,true,false,false,false,42,11,4,5,0,0,0,false,false,true,false
Kubernetes,outlines,Kubernetes---kb_188_Normalized.json,4,1,3,1,3,4,0,completed,,,1.7593,0.102584,0.0480672,0.0543305,9515,4437,182.5,52,55,0,3,0,1,0,1,0,1,0.75,-1,false,false,false,false,false,false,false,false,false,true,false,false,false,false,false,false,false,false,true,false,false,false,false,false,false,false,false,false,false,false,false,false,false,false,false,true,false,true,true,true,false,false,false,36,10,3,5,0,0,0,false,false,true,false
Kubernetes,outlines,Kubernetes---kb_189_Normalized.json,6,2,4,2,4,6,0,completed,,,1.78868,0.101556,0.0483465,0.053023,10439,4437,187.167,52.5,55,1,4,0,1,0,0.5,0,1,0.833333,-0.5,false,false,false,false,false,false,false,false,false,true,false,false,false,false,false,false,false,false,true,false,false,false,false,false,false,false,false,false,false,false,false,false,false,false,false,true,false,true,true,true,false,false,false,36,10,3,5,0,0,0,false,false,true,false
Kubernetes,outlines,Kubernetes---kb_18_Normalized.json,6,2,4,2,4,6,0,completed,,,5.44646,0.192919,0.0901683,0.102438,15416,4983,409.333,134.833,138,2,4,0,0,0,0,0,1,1,0,false,false,false,false,false,false,false,false,false,true,false,false,false,true,false,false,false,false,true,false,false,false,false,false,false,false,false,false,false,false,false,false,false,false,false,true,false,true,true,true,false,false,false,60,13,7,6,0,3,0,false,true,true,false
Kubernetes,outlines,Kubernetes---kb_190_Normalized.json,4,2,2,2,2,4,0,completed,,,86.3775,0.0924855,0.0431475,0.0491203,61514,45521,500.75,148,151,0,2,0,2,0,1,0,1,0.5,-1,true,false,false,false,false,false,false,false,false,true,false,false,false,true,false,false,false,false,true,false,false,false,false,false,false,false,false,false,false,false,false,false,false,false,false,true,false,true,true,true,false,false,false,363,127,25,5,0,2,0,false,true,true,false
Kubernetes,outlines,Kubernetes---kb_191_Normalized.json,3,2,1,2,1,3,0,completed,,,0.064248,,,,60514,48181,,,,0,1,0,2,0,1,0,1,0.333333,-1,true,false,false,false,false,false,false,false,false,true,false,false,false,true,false,false,false,false,true,false,false,false,false,false,false,false,false,false,false,false,false,false,false,false,false,true,false,true,true,true,false,false,false,367,130,23,5,0,2,0,false,true,true,false
Kubernetes,outlines,Kubernetes---kb_192_Normalized.json,6,2,4,2,4,6,0,completed,,,0.061195,,,,67622,48141,,,,0,4,0,2,0,1,0,1,0.666667,-1,true,false,false,false,false,false,false,false,false,true,false,false,false,true,false,false,false,false,true,false,false,false,false,false,false,false,false,false,false,false,false,false,false,false,false,true,false,true,true,true,false,false,false,366,130,23,5,0,1,0,false,true,true,false
Kubernetes,outlines,Kubernetes---kb_193_Normalized.json,4,2,2,2,2,4,0,completed,,,0.91148,0.154016,0.071331,0.082487,4104,1285,145.5,48.25,52,2,2,0,0,0,0,0,1,1,0,false,false,false,false,false,false,false,false,false,true,false,false,false,false,false,false,false,false,false,false,false,false,false,false,false,false,false,false,false,false,false,false,false,false,false,true,false,true,true,true,false,false,false,18,5,2,4,0,0,0,false,false,false,false
Kubernetes,outlines,Kubernetes---kb_194_Normalized.json,6,2,4,2,4,6,0,completed,,,1.00422,0.11281,0.0517855,0.0608602,5697,1285,151.667,46.1667,49,2,4,0,0,0,0,0,1,1,0,false,false,false,false,false,false,false,false,false,true,false,false,false,false,false,false,false,false,false,false,false,false,false,false,false,false,false,false,false,false,false,false,false,false,false,true,false,true,true,true,false,false,false,18,5,2,4,0,0,0,false,false,false,false
Kubernetes,outlines,Kubernetes---kb_195_Normalized.json,3,1,2,1,2,3,0,completed,,,0.842278,0.120366,0.0541837,0.0660143,3783,1285,147.333,47.6667,49,1,2,0,0,0,0,0,1,1,0,false,false,false,false,false,false,false,false,false,true,false,false,false,false,false,false,false,false,false,false,false,false,false,false,false,false,false,false,false,false,false,false,false,false,false,true,false,true,true,true,false,false,false,18,5,2,4,0,0,0,false,false,false,false
Kubernetes,outlines,Kubernetes---kb_197_Normalized.json,4,1,3,1,3,4,0,completed,,,124.804,0.310418,0.14412,0.1658,69126,52135,566.5,161.75,176,1,3,0,0,0,0,0,1,1,0,true,false,false,false,false,false,false,false,false,true,false,false,false,true,false,false,false,false,true,false,false,false,false,false,false,false,false,false,false,false,false,false,false,false,false,true,false,true,true,true,false,false,false,397,138,24,6,0,3,0,false,true,true,false
Kubernetes,outlines,Kubernetes---kb_199_Normalized.json,5,2,3,2,3,5,0,completed,,,1.26643,0.0557366,0.0258938,0.0297402,5558,1547,169,48.4,53,1,3,0,1,0,0.5,0,1,0.8,-0.5,false,false,false,false,false,false,false,false,false,false,false,false,false,false,false,false,false,false,true,false,false,false,false,false,false,false,false,false,false,false,false,false,false,false,false,true,false,false,true,true,false,false,false,20,6,2,5,0,0,0,false,false,false,false
Kubernetes,outlines,Kubernetes---kb_19_Normalized.json,6,1,5,1,5,6,0,completed,,,6.19533,0.263916,0.122847,0.140644,17259,4969,432.5,142.167,152,1,5,0,0,0,0,0,1,1,0,false,false,false,false,false,false,false,false,false,true,false,false,false,true,false,false,false,false,true,false,false,false,false,false,false,false,false,false,false,false,false,false,false,false,false,true,false,true,true,true,false,false,false,59,13,7,6,0,2,0,false,true,true,false
Kubernetes,outlines,Kubernetes---kb_1_Normalized.json,2,2,0,2,0,2,0,completed,,,30.4816,0.5285,0.2412,0.286187,21621,12907,1157,309,309,2,0,0,0,0,0,0,1,1,0,true,false,false,false,false,false,false,false,false,true,false,false,false,false,false,false,false,false,true,false,false,false,false,false,false,false,false,false,false,false,false,false,false,false,false,true,false,true,true,true,false,false,false,127,27,10,5,0,0,0,false,true,true,false
Kubernetes,outlines,Kubernetes---kb_200_Normalized.json,3,1,2,1,2,3,0,completed,,,1.40964,0.04755,0.0213373,0.0261193,4156,1547,149,44,46,1,2,0,0,0,0,0,1,1,0,false,false,false,false,false,false,false,false,false,false,false,false,false,false,false,false,false,false,true,false,false,false,false,false,false,false,false,false,false,false,false,false,false,false,false,true,false,false,true,true,false,false,false,20,6,2,5,0,0,0,false,false,false,false
Kubernetes,outlines,Kubernetes---kb_201_Normalized.json,6,2,4,2,4,6,0,completed,,,1.22408,0.077829,0.036856,0.0408632,5947,1547,165.333,47.6667,53,2,4,0,0,0,0,0,1,1,0,false,false,false,false,false,false,false,false,false,false,false,false,false,false,false,false,false,false,true,false,false,false,false,false,false,false,false,false,false,false,false,false,false,false,false,true,false,false,true,true,false,false,false,20,6,2,5,0,0,0,false,false,false,false
Kubernetes,outlines,Kubernetes---kb_202_Normalized.json,5,1,4,1,4,5,0,completed,,,0.077779,,,,53542,28047,,,,0,4,0,1,0,1,0,1,0.8,-1,true,false,false,false,false,false,false,false,false,true,false,false,false,false,false,false,false,false,true,false,false,false,false,false,false,false,false,false,false,false,false,false,false,false,false,true,false,true,true,true,false,false,false,231,86,18,5,0,0,0,false,true,true,false
Kubernetes,outlines,Kubernetes---kb_203_Normalized.json,5,1,4,1,4,5,0,completed,,,0.06622,,,,45652,30567,,,,0,4,0,1,0,1,0,1,0.8,-1,true,false,false,false,false,false,false,false,false,true,false,false,false,false,false,false,false,false,true,false,false,false,false,false,false,false,false,false,false,false,false,false,false,false,false,true,false,true,true,true,false,false,false,235,89,16,5,0,0,0,false,true,true,false
Kubernetes,outlines,Kubernetes---kb_204_Normalized.json,6,2,4,2,4,6,0,completed,,,0.071925,,,,44911,30567,,,,0,4,0,2,0,1,0,1,0.666667,-1,true,false,false,false,false,false,false,false,false,true,false,false,false,false,false,false,false,false,true,false,false,false,false,false,false,false,false,false,false,false,false,false,false,false,false,true,false,true,true,true,false,false,false,235,89,16,5,0,0,0,false,true,true,false
Kubernetes,outlines,Kubernetes---kb_205_Normalized.json,4,1,3,1,3,4,0,completed,,,3.09192,0.309899,0.144672,0.164701,11807,4311,459.5,143.5,157,1,3,0,0,0,0,0,1,1,0,false,false,false,false,false,false,false,false,false,true,false,false,false,false,false,false,false,false,true,false,false,false,false,false,false,false,false,false,false,false,false,false,false,false,false,true,false,true,true,true,false,false,false,51,14,4,5,0,0,0,false,false,true,false
Kubernetes,outlines,Kubernetes---kb_206_Normalized.json,6,2,4,2,4,6,0,completed,,,3.54726,0.393944,0.185425,0.207925,13364,4331,520.5,160.333,207,2,4,0,0,0,0,0,1,1,0,false,false,false,false,false,false,false,false,false,true,false,false,false,false,false,false,false,false,true,false,false,false,false,false,false,false,false,false,false,false,false,false,false,false,false,true,false,true,true,true,false,false,false,51,14,4,5,0,0,0,false,false,true,false
Kubernetes,outlines,Kubernetes---kb_207_Normalized.json,7,2,5,2,5,7,0,completed,,,3.35755,0.378295,0.151649,0.172105,15278,4331,495.571,149,174,2,5,0,0,0,0,0,1,1,0,false,false,false,false,false,false,false,false,false,true,false,false,false,false,false,false,false,false,true,false,false,false,false,false,false,false,false,false,false,false,false,false,false,false,false,true,false,true,true,true,false,false,false,51,14,4,5,0,0,0,false,false,true,false
Kubernetes,outlines,Kubernetes---kb_208_Normalized.json,7,2,5,2,5,7,0,completed,,,0.076505,,,,37386,18642,,,,0,5,0,2,0,1,0,1,0.714286,-1,true,false,false,false,false,false,false,false,false,true,false,false,false,false,false,false,false,false,true,false,false,false,false,false,false,false,false,false,false,false,false,false,false,false,false,true,false,true,true,true,false,false,false,152,63,8,5,0,0,0,false,true,true,false
Kubernetes,outlines,Kubernetes---kb_209_Normalized.json,4,2,2,2,2,4,0,completed,,,0.072137,,,,30385,19375,,,,0,2,0,2,0,1,0,1,0.5,-1,true,false,false,false,false,false,false,false,false,true,false,false,false,false,false,false,false,false,true,false,false,false,false,false,false,false,false,false,false,false,false,false,false,false,false,true,false,true,true,true,false,false,false,152,63,8,5,0,0,0,false,true,true,false
Kubernetes,outlines,Kubernetes---kb_20_Normalized.json,7,2,5,2,5,7,0,completed,,,2.2271,0.100558,0.0465371,0.0538476,10060,2390,283,88.2857,107,2,5,0,0,0,0,0,1,1,0,false,false,false,false,false,false,false,false,false,false,false,false,false,false,false,false,false,false,true,false,false,false,false,false,false,false,false,false,false,false,false,false,false,false,false,true,false,false,true,true,false,false,false,30,10,5,5,0,0,0,false,true,true,false
Kubernetes,outlines,Kubernetes---kb_210_Normalized.json,6,2,4,2,4,6,0,completed,,,0.099175,,,,35675,19375,,,,0,4,0,2,0,1,0,1,0.666667,-1,true,false,false,false,false,false,false,false,false,true,false,false,false,false,false,false,false,false,true,false,false,false,false,false,false,false,false,false,false,false,false,false,false,false,false,true,false,true,true,true,false,false,false,152,63,8,5,0,0,0,false,true,true,false
Kubernetes,outlines,Kubernetes---kb_211_Normalized.json,1,1,0,1,0,1,0,completed,,,11.5274,0.107071,0.05068,0.056209,4535,3496,146,39,39,1,0,0,0,0,0,0,1,1,0,false,false,false,false,false,false,false,false,false,true,false,false,false,false,false,false,false,false,false,false,false,false,false,false,false,false,false,false,false,false,false,false,false,false,false,true,false,true,true,true,false,false,false,20,5,2,4,0,0,0,false,false,false,false
Kubernetes,outlines,Kubernetes---kb_212_Normalized.json,2,1,1,1,1,2,0,completed,,,10.4408,0.0615255,0.028452,0.032957,5793,3516,149.5,39.5,40,1,1,0,0,0,0,0,1,1,0,false,false,false,false,false,false,false,false,false,true,false,false,false,false,false,false,false,false,false,false,false,false,false,false,false,false,false,false,false,false,false,false,false,false,false,true,false,true,true,true,false,false,false,20,5,2,4,0,0,0,false,false,false,false
Kubernetes,outlines,Kubernetes---kb_213_Normalized.json,1,1,0,1,0,1,0,completed,,,10.3781,0.092914,0.042511,0.05024,4555,3516,146,39,39,1,0,0,0,0,0,0,1,1,0,false,false,false,false,false,false,false,false,false,true,false,false,false,false,false,false,false,false,false,false,false,false,false,false,false,false,false,false,false,false,false,false,false,false,false,true,false,true,true,true,false,false,false,20,5,2,4,0,0,0,false,false,false,false
Kubernetes,outlines,Kubernetes---kb_214_Normalized.json,4,2,2,2,2,4,0,completed,,,0.735759,0.0364715,0.0168893,0.0195073,5332,1756,114,30.25,31,2,2,0,0,0,0,0,1,1,0,false,false,false,false,false,false,false,false,false,false,false,false,false,false,false,false,false,false,false,false,false,false,false,false,false,false,false,false,false,false,false,false,false,false,false,true,false,false,true,true,false,false,false,10,3,2,4,0,0,0,false,false,false,false
Kubernetes,outlines,Kubernetes---kb_215_Normalized.json,4,2,2,2,2,4,0,completed,,,0.94886,0.0387557,0.0178192,0.0208513,5332,1756,114,30.25,31,2,2,0,0,0,0,0,1,1,0,false,false,false,false,false,false,false,false,false,false,false,false,false,false,false,false,false,false,false,false,false,false,false,false,false,false,false,false,false,false,false,false,false,false,false,true,false,false,true,true,false,false,false,10,3,2,4,0,0,0,false,false,false,false
Kubernetes,outlines,Kubernetes---kb_216_Normalized.json,4,2,2,2,2,4,0,completed,,,0.703607,0.0487883,0.0167645,0.0197577,5333,1756,114.25,30.25,31,1,2,0,1,0,0.5,0,1,0.75,-0.5,false,false,false,false,false,false,false,false,false,false,false,false,false,false,false,false,false,false,false,false,false,false,false,false,false,false,false,false,false,false,false,false,false,false,false,true,false,false,true,true,false,false,false,10,3,2,4,0,0,0,false,false,false,false
Kubernetes,outlines,Kubernetes---kb_21_Normalized.json,6,2,4,2,4,6,0,completed,,,2.19858,0.11082,0.051224,0.0594042,8758,2390,290.667,90.6667,93,2,4,0,0,0,0,0,1,1,0,false,false,false,false,false,false,false,false,false,false,false,false,false,false,false,false,false,false,true,false,false,false,false,false,false,false,false,false,false,false,false,false,false,false,false,true,false,false,true,true,false,false,false,30,10,5,5,0,0,0,false,true,true,false
Kubernetes,outlines,Kubernetes---kb_220_Normalized.json,3,2,1,2,1,3,0,completed,,,0.063826,,,,18045,11557,,,,0,1,0,2,0,1,0,1,0.333333,-1,true,false,false,false,false,false,false,false,false,true,false,false,false,false,false,false,false,false,true,false,false,false,false,false,false,false,false,false,false,false,false,false,false,false,false,true,false,true,false,true,false,false,false,98,46,0,5,0,0,0,false,false,true,false
Kubernetes,outlines,Kubernetes---kb_221_Normalized.json,2,2,0,2,0,2,0,completed,,,0.079355,,,,16791,11717,,,,0,0,0,2,0,1,0,1,0,-1,true,false,false,false,false,false,false,false,false,true,false,false,false,false,false,false,false,false,true,false,false,false,false,false,false,false,false,false,false,false,false,false,false,false,false,true,false,true,false,true,false,false,false,98,46,0,5,0,0,0,false,false,true,false
Kubernetes,outlines,Kubernetes---kb_222_Normalized.json,2,2,0,2,0,2,0,completed,,,0.090418,,,,17221,11717,,,,0,0,0,2,0,1,0,1,0,-1,true,false,false,false,false,false,false,false,false,true,false,false,false,false,false,false,false,false,true,false,false,false,false,false,false,false,false,false,false,false,false,false,false,false,false,true,false,true,false,true,false,false,false,98,46,0,5,0,0,0,false,false,true,false
Kubernetes,outlines,Kubernetes---kb_223_Normalized.json,2,1,1,1,1,2,0,completed,,,0.218644,0.0003275,8.3e-05,0.0002175,1399,239,15,7,7,1,1,0,0,0,0,0,1,1,0,false,false,false,false,false,false,false,false,false,false,false,false,false,false,false,false,false,false,false,false,false,false,false,false,false,false,false,false,false,false,false,false,false,false,false,true,false,false,true,true,false,false,false,7,1,1,4,0,0,0,false,false,false,false
Kubernetes,outlines,Kubernetes---kb_224_Normalized.json,3,1,2,1,2,3,0,completed,,,0.197038,0.000234,4.7e-05,0.00017,1921,239,14.6667,7.33333,8,1,2,0,0,0,0,0,1,1,0,false,false,false,false,false,false,false,false,false,false,false,false,false,false,false,false,false,false,false,false,false,false,false,false,false,false,false,false,false,false,false,false,false,false,false,true,false,false,true,true,false,false,false,7,1,1,4,0,0,0,false,false,false,false
Kubernetes,outlines,Kubernetes---kb_225_Normalized.json,2,2,0,2,0,2,0,completed,,,89.0463,0.187608,0.087748,0.0995115,186931,150514,322.5,94.5,99,2,0,0,0,0,0,0,1,1,0,true,false,false,false,false,false,false,false,false,true,false,false,false,true,false,false,false,false,true,false,false,false,false,false,false,false,false,false,false,false,false,true,false,false,false,true,false,true,true,true,false,false,false,1464,445,81,6,4,2,0,false,true,true,false
Kubernetes,outlines,Kubernetes---kb_228_Normalized.json,2,2,0,2,0,2,0,completed,,,83.636,0.22415,0.105629,0.118107,186814,150495,298.5,88.5,93,2,0,0,0,0,0,0,1,1,0,true,false,false,false,false,false,false,false,false,true,false,false,false,true,false,false,false,false,true,false,false,false,false,false,false,false,false,false,false,false,false,true,false,false,false,true,false,true,true,true,false,false,false,1463,445,81,6,4,1,0,false,true,true,false
Kubernetes,outlines,Kubernetes---kb_229_Normalized.json,5,2,3,2,3,5,0,completed,,,0.886483,0.142211,0.0659416,0.0760612,4619,1124,148.8,48.4,50,2,3,0,0,0,0,0,1,1,0,false,false,false,false,false,false,false,false,false,true,false,false,false,false,false,false,false,false,false,false,false,false,false,false,false,false,false,false,false,false,false,false,false,false,false,true,false,true,true,true,false,false,false,18,5,2,4,0,0,0,false,false,false,false
Kubernetes,outlines,Kubernetes---kb_22_Normalized.json,5,2,3,2,3,5,0,completed,,,4.75068,0.308022,0.150998,0.156517,18049,3859,921,278,350,2,3,0,0,0,0,0,1,1,0,false,false,false,false,false,false,false,false,false,true,false,false,false,true,false,false,false,false,true,false,false,false,false,false,false,false,false,false,false,false,false,false,false,false,false,true,false,true,true,true,false,false,false,51,14,7,5,0,2,0,false,true,true,false
Kubernetes,outlines,Kubernetes---kb_230_Normalized.json,5,1,4,1,4,5,0,completed,,,0.877991,0.115309,0.0532736,0.0618724,5114,1124,143,47,50,1,4,0,0,0,0,0,1,1,0,false,false,false,false,false,false,false,false,false,true,false,false,false,false,false,false,false,false,false,false,false,false,false,false,false,false,false,false,false,false,false,false,false,false,false,true,false,true,true,true,false,false,false,18,5,2,4,0,0,0,false,false,false,false
Kubernetes,outlines,Kubernetes---kb_231_Normalized.json,4,2,2,2,2,4,0,completed,,,1.03421,0.160277,0.076752,0.0832892,3913,1124,142.5,48,50,2,2,0,0,0,0,0,1,1,0,false,false,false,false,false,false,false,false,false,true,false,false,false,false,false,false,false,false,false,false,false,false,false,false,false,false,false,false,false,false,false,false,false,false,false,true,false,true,true,true,false,false,false,18,5,2,4,0,0,0,false,false,false,false
Kubernetes,outlines,Kubernetes---kb_232_Normalized.json,4,1,3,1,3,4,0,completed,,,0.83488,0.154091,0.0729752,0.0809388,4288,1124,143,48,50,1,3,0,0,0,0,0,1,1,0,false,false,false,false,false,false,false,false,false,true,false,false,false,false,false,false,false,false,false,false,false,false,false,false,false,false,false,false,false,false,false,false,false,false,false,true,false,true,true,true,false,false,false,18,5,2,4,0,0,0,false,false,false,false
Kubernetes,outlines,Kubernetes---kb_237_Normalized.json,5,2,3,2,3,5,0,completed,,,173.39,0.0858222,0.0387906,0.0468564,184285,145131,327,95.8,101,2,3,0,0,0,0,0,1,1,0,true,false,false,false,false,false,false,false,false,true,false,false,false,false,false,false,false,false,true,false,false,false,false,false,false,false,false,false,false,false,false,true,false,false,false,true,false,true,true,true,false,false,false,1394,425,75,6,4,0,0,false,true,true,false
Kubernetes,outlines,Kubernetes---kb_23_Normalized.json,4,1,3,1,3,4,0,completed,,,4.84607,0.291745,0.137888,0.153355,13893,3845,724.5,221.5,269,1,3,0,0,0,0,0,1,1,0,false,false,false,false,false,false,false,false,false,true,false,false,false,true,false,false,false,false,true,false,false,false,false,false,false,false,false,false,false,false,false,false,false,false,false,true,false,true,true,true,false,false,false,50,14,7,5,0,1,0,false,true,true,false
Kubernetes,outlines,Kubernetes---kb_240_Normalized.json,4,2,2,2,2,4,0,completed,,,176.983,0.0642885,0.0293948,0.034766,182792,145131,324.25,95.25,97,2,2,0,0,0,0,0,1,1,0,true,false,false,false,false,false,false,false,false,true,false,false,false,false,false,false,false,false,true,false,false,false,false,false,false,false,false,false,false,false,false,true,false,false,false,true,false,true,true,true,false,false,false,1394,425,75,6,4,0,0,false,true,true,false
Kubernetes,outlines,Kubernetes---kb_241_Normalized.json,8,2,6,2,6,8,0,completed,,,3.65592,0.105399,0.0497963,0.0554106,15521,3763,388.125,119,122,2,6,0,0,0,0,0,1,1,0,false,false,false,false,false,false,false,false,false,true,false,false,false,false,false,false,false,false,true,false,false,false,false,false,false,false,false,false,false,false,false,false,false,false,false,true,false,true,true,true,false,false,false,55,15,6,4,0,0,0,false,true,true,false
Kubernetes,outlines,Kubernetes---kb_244_Normalized.json,6,2,4,2,4,6,0,completed,,,2.85336,0.189327,0.0879635,0.101063,13386,3763,495.333,153.167,214,2,4,0,0,0,0,0,1,1,0,false,false,false,false,false,false,false,false,false,true,false,false,false,false,false,false,false,false,true,false,false,false,false,false,false,false,false,false,false,false,false,false,false,false,false,true,false,true,true,true,false,false,false,55,15,6,4,0,0,0,false,true,true,false
Kubernetes,outlines,Kubernetes---kb_245_Normalized.json,3,1,2,1,2,3,0,completed,,,0.51096,0.0176307,0.00754333,0.0100463,4113,1889,61.6667,19,21,1,2,0,0,0,0,0,1,1,0,false,false,false,false,false,false,false,false,false,true,false,false,false,false,false,false,false,false,false,false,false,false,false,false,false,false,false,false,false,false,false,true,false,false,false,true,false,true,false,true,false,false,false,16,3,0,4,2,0,0,false,false,false,false
Kubernetes,outlines,Kubernetes---kb_248_Normalized.json,3,1,2,1,2,3,0,completed,,,0.515743,0.0173927,0.007475,0.00987467,4113,1889,61.6667,19,21,1,2,0,0,0,0,0,1,1,0,false,false,false,false,false,false,false,false,false,true,false,false,false,false,false,false,false,false,false,false,false,false,false,false,false,false,false,false,false,false,false,true,false,false,false,true,false,true,false,true,false,false,false,16,3,0,4,2,0,0,false,false,false,false
Kubernetes,outlines,Kubernetes---kb_249_Normalized.json,7,2,5,2,5,7,0,completed,,,4.28004,0.0733247,0.0327656,0.0404416,22758,7669,214.857,70.5714,78,1,5,0,1,0,0.5,0,1,0.857143,-0.5,false,false,false,false,false,false,false,false,false,true,false,false,false,true,false,false,false,false,true,false,false,false,false,false,false,false,false,false,false,false,false,false,false,false,false,true,false,true,false,true,false,false,false,172,9,0,5,0,48,0,true,false,false,false
Kubernetes,outlines,Kubernetes---kb_24_Normalized.json,5,1,4,1,4,5,0,completed,,,44.0823,0.163292,0.0784028,0.0846586,37239,20128,1247,408.4,459,0,4,0,1,0,1,0,1,0.8,-1,true,false,false,false,false,false,false,false,false,true,false,false,false,true,false,false,false,false,true,false,false,false,false,false,false,false,false,false,false,false,false,false,false,false,false,true,false,true,true,true,false,false,false,159,49,8,5,0,2,0,false,true,true,false
Kubernetes,outlines,Kubernetes---kb_250_Normalized.json,8,2,6,2,6,8,0,completed,,,1.40749,0.0366612,0.0168265,0.0197447,16545,6468,195.875,59.5,64,2,6,0,0,0,0,0,1,1,0,false,false,false,false,false,false,false,false,false,true,false,false,false,true,false,false,false,false,true,false,false,false,false,false,false,false,false,false,false,false,false,false,false,false,false,true,false,true,false,true,false,false,false,171,9,0,5,0,1,0,false,false,false,false
Kubernetes,outlines,Kubernetes---kb_251_Normalized.json,2,2,0,2,0,2,0,completed,,,82.8656,0.112487,0.0521545,0.0600895,187292,150661,326.5,95.5,102,1,0,0,1,0,0.5,0,1,0.5,-0.5,true,false,false,false,false,false,false,false,false,true,false,false,false,true,false,false,false,false,true,false,false,false,false,false,false,false,false,false,false,false,false,true,false,false,false,true,false,true,true,true,false,false,false,1470,448,77,6,4,2,0,false,true,true,false
Kubernetes,outlines,Kubernetes---kb_255_Normalized.json,1,1,0,1,0,1,0,completed,,,84.5317,0.189311,0.087831,0.101161,186473,150642,347,102,102,0,0,0,1,0,1,0,1,0,-1,true,false,false,false,false,false,false,false,false,true,false,false,false,true,false,false,false,false,true,false,false,false,false,false,false,false,false,false,false,false,false,true,false,false,false,true,false,true,true,true,false,false,false,1469,448,77,6,4,1,0,false,true,true,false
Kubernetes,outlines,Kubernetes---kb_256_Normalized.json,4,2,2,2,2,4,0,completed,,,0.991425,0.144736,0.0669005,0.077653,4356,1325,202.75,69,70,2,2,0,0,0,0,0,1,1,0,false,false,false,false,false,false,false,false,false,true,false,false,false,false,false,false,false,false,false,false,false,false,false,false,false,false,false,false,false,false,false,false,false,false,false,true,false,true,true,true,false,false,false,20,6,2,4,0,0,0,false,false,false,false
Kubernetes,outlines,Kubernetes---kb_257_Normalized.json,4,2,2,2,2,4,0,completed,,,0.957489,0.210113,0.10051,0.109342,4349,1325,205.5,69.75,72,2,2,0,0,0,0,0,1,1,0,false,false,false,false,false,false,false,false,false,true,false,false,false,false,false,false,false,false,false,false,false,false,false,false,false,false,false,false,false,false,false,false,false,false,false,true,false,true,true,true,false,false,false,20,6,2,4,0,0,0,false,false,false,false
Kubernetes,outlines,Kubernetes---kb_258_Normalized.json,5,2,3,2,3,5,0,completed,,,0.995005,0.206692,0.0954952,0.110943,5080,1325,202.6,69.8,72,2,3,0,0,0,0,0,1,1,0,false,false,false,false,false,false,false,false,false,true,false,false,false,false,false,false,false,false,false,false,false,false,false,false,false,false,false,false,false,false,false,false,false,false,false,true,false,true,true,true,false,false,false,20,6,2,4,0,0,0,false,false,false,false
Kubernetes,outlines,Kubernetes---kb_259_Normalized.json,6,2,4,2,4,6,0,completed,,,0.939501,0.144286,0.0669068,0.0772107,6006,1325,204.5,67,70,2,4,0,0,0,0,0,1,1,0,false,false,false,false,false,false,false,false,false,true,false,false,false,false,false,false,false,false,false,false,false,false,false,false,false,false,false,false,false,false,false,false,false,false,false,true,false,true,true,true,false,false,false,20,6,2,4,0,0,0,false,false,false,false
Kubernetes,outlines,Kubernetes---kb_25_Normalized.json,7,1,6,1,6,7,0,completed,,,44.5814,0.186187,0.0836903,0.10225,44990,20178,1474.29,473.429,559,0,6,0,1,0,1,0,1,0.857143,-1,true,false,false,false,false,false,false,false,false,true,false,false,false,true,false,false,false,false,true,false,false,false,false,false,false,false,false,false,false,false,false,false,false,false,false,true,false,true,true,true,false,false,false,159,49,8,5,0,2,0,false,true,true,false
Kubernetes,outlines,Kubernetes---kb_260_Normalized.json,6,2,4,2,4,6,0,completed,,,1.23367,0.132924,0.0615958,0.071159,5718,1325,201.833,67.6667,72,2,4,0,0,0,0,0,1,1,0,false,false,false,false,false,false,false,false,false,true,false,false,false,false,false,false,false,false,false,false,false,false,false,false,false,false,false,false,false,false,false,false,false,false,false,true,false,true,true,true,false,false,false,20,6,2,4,0,0,0,false,false,false,false
Kubernetes,outlines,Kubernetes---kb_269_Normalized.json,3,2,1,2,1,3,0,completed,,,167.67,0.106544,0.048882,0.0574133,183329,146164,430.333,130,132,2,1,0,0,0,0,0,1,1,0,true,false,false,false,false,false,false,false,false,true,false,false,false,false,false,false,false,false,true,false,false,false,false,false,false,false,false,false,false,false,false,true,false,false,false,true,false,true,true,true,false,false,false,1405,429,75,6,4,0,0,false,true,true,false
Kubernetes,outlines,Kubernetes---kb_26_Normalized.json,7,1,6,1,6,7,0,completed,,,45.4115,0.286826,0.118756,0.126799,53042,20136,2093.57,692.714,709,0,6,0,1,0,1,0,1,0.857143,-1,true,false,false,false,false,false,false,false,false,true,false,false,false,true,false,false,false,false,true,false,false,false,false,false,false,false,false,false,false,false,false,false,false,false,false,true,false,true,true,true,false,false,false,158,49,8,5,0,1,0,false,true,true,false
Kubernetes,outlines,Kubernetes---kb_273_Normalized.json,2,2,0,2,0,2,0,completed,,,168.56,0.143296,0.0666715,0.076276,181673,146164,434,132,134,2,0,0,0,0,0,0,1,1,0,true,false,false,false,false,false,false,false,false,true,false,false,false,false,false,false,false,false,true,false,false,false,false,false,false,false,false,false,false,false,false,true,false,false,false,true,false,true,true,true,false,false,false,1405,429,75,6,4,0,0,false,true,true,false
Kubernetes,outlines,Kubernetes---kb_274_Normalized.json,9,2,7,2,7,9,0,completed,,,3.43359,0.301952,0.13943,0.162105,18249,3262,661.667,217.667,288,2,7,0,0,0,0,0,1,1,0,false,false,false,false,false,false,false,false,false,true,false,false,false,false,false,false,false,false,true,false,false,false,false,false,false,false,false,false,false,false,false,false,false,false,false,true,false,true,true,true,false,false,false,50,14,2,4,0,0,0,false,false,true,false
Kubernetes,outlines,Kubernetes---kb_278_Normalized.json,7,2,5,2,5,7,0,completed,,,2.67197,0.258558,0.121882,0.136341,14745,3262,603.571,200.286,283,2,5,0,0,0,0,0,1,1,0,false,false,false,false,false,false,false,false,false,true,false,false,false,false,false,false,false,false,true,false,false,false,false,false,false,false,false,false,false,false,false,false,false,false,false,true,false,true,true,true,false,false,false,50,14,2,4,0,0,0,false,false,true,false
Kubernetes,outlines,Kubernetes---kb_279_Normalized.json,3,1,2,1,2,3,0,completed,,,0.612649,0.0231547,0.009795,0.0133153,4831,2492,79.3333,27,29,1,2,0,0,0,0,0,1,1,0,false,false,false,false,false,false,false,false,false,true,false,false,false,false,false,false,false,false,false,false,false,false,false,false,false,false,false,false,false,false,false,true,false,false,false,true,false,true,false,true,false,false,false,18,4,0,4,2,0,0,false,false,false,false
Kubernetes,outlines,Kubernetes---kb_27_Normalized.json,4,2,2,2,2,4,0,completed,,,0.840649,0.0916122,0.042228,0.049268,3980,1172,149.25,48.25,49,2,2,0,0,0,0,0,1,1,0,false,false,false,false,false,false,false,false,false,true,false,false,false,false,false,false,false,false,false,false,false,false,false,false,false,false,false,false,false,false,false,false,false,false,false,true,false,true,true,true,false,false,false,18,5,2,4,0,0,0,false,false,false,false
Kubernetes,outlines,Kubernetes---kb_283_Normalized.json,3,1,2,1,2,3,0,completed,,,0.60658,0.0201157,0.008738,0.0113337,4968,2492,88,29,31,1,2,0,0,0,0,0,1,1,0,false,false,false,false,false,false,false,false,false,true,false,false,false,false,false,false,false,false,false,false,false,false,false,false,false,false,false,false,false,false,false,true,false,false,false,true,false,true,false,true,false,false,false,18,4,0,4,2,0,0,false,false,false,false
Kubernetes,outlines,Kubernetes---kb_284_Normalized.json,3,2,1,2,1,3,0,completed,,,2.64446,0.099948,0.046407,0.0533697,6865,3262,223,71,104,2,1,0,0,0,0,0,1,1,0,false,false,false,false,false,false,false,false,false,true,false,false,false,false,false,false,false,false,true,false,false,false,false,false,false,false,false,false,false,false,false,true,false,false,false,true,false,true,true,true,false,false,false,42,10,3,4,2,0,0,false,false,true,false
Kubernetes,outlines,Kubernetes---kb_285_Normalized.json,3,2,1,2,1,3,0,completed,,,2.31733,0.119018,0.054969,0.063814,7559,3262,228,72.3333,106,2,1,0,0,0,0,0,1,1,0,false,false,false,false,false,false,false,false,false,true,false,false,false,false,false,false,false,false,true,false,false,false,false,false,false,false,false,false,false,false,false,true,false,false,false,true,false,true,true,true,false,false,false,42,10,3,4,2,0,0,false,false,true,false
Kubernetes,outlines,Kubernetes---kb_286_Normalized.json,4,1,3,1,3,4,0,completed,,,1.25441,0.059557,0.0273107,0.032125,7498,2755,203.5,62.25,67,1,3,0,0,0,0,0,1,1,0,false,false,false,false,false,false,false,false,false,true,false,false,false,false,false,false,false,false,false,false,false,false,false,false,false,false,false,false,false,false,false,true,false,false,false,true,false,true,true,true,false,false,false,35,9,3,4,2,0,0,false,false,false,false
Kubernetes,outlines,Kubernetes---kb_287_Normalized.json,3,2,1,2,1,3,0,completed,,,1.37194,0.0619077,0.0286643,0.0331183,6200,2755,199.667,60.6667,62,2,1,0,0,0,0,0,1,1,0,false,false,false,false,false,false,false,false,false,true,false,false,false,false,false,false,false,false,false,false,false,false,false,false,false,false,false,false,false,false,false,true,false,false,false,true,false,true,true,true,false,false,false,35,9,3,4,2,0,0,false,false,false,false
Kubernetes,outlines,Kubernetes---kb_288_Normalized.json,4,2,2,2,2,4,0,completed,,,2.64267,0.116322,0.0539403,0.0621737,10035,3852,322.25,101.25,111,2,2,0,0,0,0,0,1,1,0,false,false,false,false,false,false,false,false,false,true,false,false,false,false,false,false,false,false,true,false,false,false,false,false,false,false,false,false,false,false,false,true,false,false,false,true,false,true,true,true,false,false,false,45,11,3,4,2,0,0,false,false,true,false
Kubernetes,outlines,Kubernetes---kb_289_Normalized.json,5,2,3,2,3,5,0,completed,,,3.11537,0.0731122,0.0339342,0.0390214,11926,3852,337.8,106,109,2,3,0,0,0,0,0,1,1,0,false,false,false,false,false,false,false,false,false,true,false,false,false,false,false,false,false,false,true,false,false,false,false,false,false,false,false,false,false,false,false,true,false,false,false,true,false,true,true,true,false,false,false,45,11,3,4,2,0,0,false,false,true,false
Kubernetes,outlines,Kubernetes---kb_28_Normalized.json,4,2,2,2,2,4,0,completed,,,0.8387,0.0973988,0.0446755,0.0525983,3882,1172,138.5,46.25,47,2,2,0,0,0,0,0,1,1,0,false,false,false,false,false,false,false,false,false,true,false,false,false,false,false,false,false,false,false,false,false,false,false,false,false,false,false,false,false,false,false,false,false,false,false,true,false,true,true,true,false,false,false,18,5,2,4,0,0,0,false,false,false,false
Kubernetes,outlines,Kubernetes---kb_290_Normalized.json,3,1,2,1,2,3,0,completed,,,0.41018,0.00993433,0.00452133,0.005381,3606,1188,37.3333,13.3333,14,1,2,0,0,0,0,0,1,1,0,false,false,false,false,false,false,false,false,false,true,false,false,false,false,false,false,false,false,false,false,false,false,false,false,false,false,false,false,false,false,false,true,false,false,false,true,false,true,false,true,false,false,false,11,2,0,4,2,0,0,false,false,false,false
Kubernetes,outlines,Kubernetes---kb_291_Normalized.json,2,1,1,1,1,2,0,completed,,,0.447599,0.0147105,0.006717,0.0079535,2822,1188,38,13.5,14,1,1,0,0,0,0,0,1,1,0,false,false,false,false,false,false,false,false,false,true,false,false,false,false,false,false,false,false,false,false,false,false,false,false,false,false,false,false,false,false,false,true,false,false,false,true,false,true,false,true,false,false,false,11,2,0,4,2,0,0,false,false,false,false
Kubernetes,outlines,Kubernetes---kb_293_Normalized.json,6,2,4,2,4,6,0,completed,,,2.00421,0.173888,0.079892,0.0937802,11589,4568,394.167,133,143,2,4,0,0,0,0,0,1,1,0,true,false,false,false,false,false,false,false,false,true,false,false,false,false,false,false,false,false,true,false,false,false,false,false,false,false,false,false,false,false,false,false,false,false,false,true,false,true,true,true,false,false,false,42,13,1,5,0,0,0,false,false,true,false
Kubernetes,outlines,Kubernetes---kb_294_Normalized.json,6,2,4,2,4,6,0,completed,,,2.05738,0.22169,0.102401,0.119013,11629,4568,390.833,128.5,134,2,4,0,0,0,0,0,1,1,0,true,false,false,false,false,false,false,false,false,true,false,false,false,false,false,false,false,false,true,false,false,false,false,false,false,false,false,false,false,false,false,false,false,false,false,true,false,true,true,true,false,false,false,42,13,1,5,0,0,0,false,false,true,false
Kubernetes,outlines,Kubernetes---kb_295_Normalized.json,5,2,3,2,3,5,0,completed,,,1.43409,0.123683,0.0568074,0.066686,8058,2697,266.4,94,99,2,3,0,0,0,0,0,1,1,0,false,false,false,false,false,false,false,false,false,true,false,false,false,false,false,false,false,false,false,false,false,false,false,false,false,false,false,false,false,false,false,false,false,false,false,true,false,true,true,true,false,false,false,30,11,1,4,0,0,0,false,false,true,false
Kubernetes,outlines,Kubernetes---kb_296_Normalized.json,6,2,4,2,4,6,0,completed,,,1.45789,0.102817,0.0472522,0.055413,8901,2697,265.167,95.3333,100,2,4,0,0,0,0,0,1,1,0,false,false,false,false,false,false,false,false,false,true,false,false,false,false,false,false,false,false,false,false,false,false,false,false,false,false,false,false,false,false,false,false,false,false,false,true,false,true,true,true,false,false,false,30,11,1,4,0,0,0,false,false,true,false
Kubernetes,outlines,Kubernetes---kb_297_Normalized.json,3,1,2,1,2,3,0,completed,,,0.218547,2.8e-05,6.33333e-06,4.66667e-06,2524,400,14.6667,5.66667,6,1,2,0,0,0,0,0,1,1,0,false,false,false,false,false,false,false,false,false,false,false,false,false,false,false,false,false,false,false,false,false,false,false,false,false,false,false,false,false,false,false,false,false,false,false,true,false,false,false,true,false,false,false,5,1,0,4,0,0,0,false,false,false,false
Kubernetes,outlines,Kubernetes---kb_298_Normalized.json,3,1,2,1,2,3,0,completed,,,0.218367,2.93333e-05,7e-06,5.66667e-06,2524,400,14.6667,5.66667,6,1,2,0,0,0,0,0,1,1,0,false,false,false,false,false,false,false,false,false,false,false,false,false,false,false,false,false,false,false,false,false,false,false,false,false,false,false,false,false,false,false,false,false,false,false,true,false,false,false,true,false,false,false,5,1,0,4,0,0,0,false,false,false,false
Kubernetes,outlines,Kubernetes---kb_299_Normalized.json,4,1,3,1,3,4,0,completed,,,0.25173,2.975e-05,7.5e-06,5.75e-06,3263,400,14.25,5.5,6,1,3,0,0,0,0,0,1,1,0,false,false,false,false,false,false,false,false,false,false,false,false,false,false,false,false,false,false,false,false,false,false,false,false,false,false,false,false,false,false,false,false,false,false,false,true,false,false,false,true,false,false,false,5,1,0,4,0,0,0,false,false,false,false
Kubernetes,outlines,Kubernetes---kb_29_Normalized.json,5,2,3,2,3,5,0,completed,,,0.788327,0.114537,0.0535548,0.060827,4652,1172,138.8,46,47,2,3,0,0,0,0,0,1,1,0,false,false,false,false,false,false,false,false,false,true,false,false,false,false,false,false,false,false,false,false,false,false,false,false,false,false,false,false,false,false,false,false,false,false,false,true,false,true,true,true,false,false,false,18,5,2,4,0,0,0,false,false,false,false
Kubernetes,outlines,Kubernetes---kb_2_Normalized.json,9,2,7,2,7,9,0,completed,,,3.19727,0.0728793,0.0342463,0.0385133,12469,2499,191.667,58.7778,115,2,7,0,0,0,0,0,1,1,0,true,false,false,false,false,false,false,false,false,true,false,false,false,false,false,false,false,false,true,false,false,false,false,false,false,false,false,false,false,false,false,false,false,false,false,true,false,true,true,true,false,false,false,33,6,2,5,0,0,0,false,false,false,false
Kubernetes,outlines,Kubernetes---kb_300_Normalized.json,3,1,2,1,2,3,0,completed,,,0.577497,0.00880233,0.003768,0.00500367,4068,960,45.3333,17.6667,18,1,2,0,0,0,0,0,1,1,0,false,false,false,false,false,false,false,false,false,false,false,false,false,false,false,false,false,false,false,false,false,false,false,false,false,false,false,false,false,false,false,false,false,false,false,true,false,false,false,true,false,false,false,10,3,0,4,0,0,0,false,false,false,false
Kubernetes,outlines,Kubernetes---kb_301_Normalized.json,4,2,2,2,2,4,0,completed,,,0.594483,0.0342133,0.0161377,0.0179975,4086,1303,74.5,26.5,28,2,2,0,0,0,0,0,1,1,0,false,false,false,false,false,false,false,false,false,false,false,false,false,false,false,false,false,false,false,false,false,false,false,false,false,false,false,false,false,false,false,false,false,false,false,true,false,false,false,true,false,false,false,12,4,0,4,0,0,0,false,false,false,false
Kubernetes,outlines,Kubernetes---kb_302_Normalized.json,4,1,3,1,3,4,0,completed,,,0.622752,0.0185385,0.00866525,0.00982475,4688,983,75.25,26,27,1,3,0,0,0,0,0,1,1,0,false,false,false,false,false,false,false,false,false,false,false,false,false,false,false,false,false,false,false,false,false,false,false,false,false,false,false,false,false,false,false,false,false,false,false,true,false,false,true,true,false,false,false,13,4,1,4,0,0,0,false,false,false,false
Kubernetes,outlines,Kubernetes---kb_303_Normalized.json,3,1,2,1,2,3,0,completed,,,0.650422,0.029694,0.0138307,0.0157957,3865,1303,74,25.3333,26,1,2,0,0,0,0,0,1,1,0,false,false,false,false,false,false,false,false,false,false,false,false,false,false,false,false,false,false,false,false,false,false,false,false,false,false,false,false,false,false,false,false,false,false,false,true,false,false,false,true,false,false,false,12,4,0,4,0,0,0,false,false,false,false
Kubernetes,outlines,Kubernetes---kb_304_Normalized.json,5,2,3,2,3,5,0,completed,,,52.7086,0.181236,0.0855102,0.0954206,34736,20714,544,190,206,1,3,0,1,0,0.5,0,1,0.8,-0.5,true,false,false,false,false,false,false,false,false,true,false,false,false,true,false,false,false,false,true,false,false,false,false,false,false,false,false,false,false,false,false,false,false,false,false,true,false,true,true,true,false,false,false,163,50,6,5,0,2,0,false,true,true,false
Kubernetes,outlines,Kubernetes---kb_305_Normalized.json,4,2,2,2,2,4,0,completed,,,53.5735,0.227201,0.110744,0.116086,31748,20700,515.25,180.5,205,1,2,0,1,0,0.5,0,1,0.75,-0.5,true,false,false,false,false,false,false,false,false,true,false,false,false,true,false,false,false,false,true,false,false,false,false,false,false,false,false,false,false,false,false,false,false,false,false,true,false,true,true,true,false,false,false,162,50,6,5,0,1,0,false,true,true,false
Kubernetes,outlines,Kubernetes---kb_307_Normalized.json,6,2,4,2,4,6,0,completed,,,35.9382,0.42466,0.166622,0.186746,42333,21733,1269.33,393.167,443,2,4,0,0,0,0,0,1,1,0,true,false,false,false,false,false,false,false,false,true,false,false,false,true,false,false,false,false,true,false,false,false,false,false,false,false,false,false,false,false,false,false,false,false,false,true,false,true,true,true,false,false,false,168,51,7,5,0,2,0,false,true,true,false
Kubernetes,outlines,Kubernetes---kb_308_Normalized.json,6,2,4,2,4,6,0,completed,,,37.3779,0.629836,0.298656,0.330232,40634,21697,1162.5,363.333,462,2,4,0,0,0,0,0,1,1,0,true,false,false,false,false,false,false,false,false,true,false,false,false,true,false,false,false,false,true,false,false,false,false,false,false,false,false,false,false,false,false,false,false,false,false,true,false,true,true,true,false,false,false,167,51,7,5,0,1,0,false,true,true,false
Kubernetes,outlines,Kubernetes---kb_30_Normalized.json,5,2,3,2,3,5,0,completed,,,73.4172,0.547584,0.258389,0.288374,38902,23902,795.4,261.4,295,2,3,0,0,0,0,0,1,1,0,true,false,false,false,false,false,false,false,false,true,false,false,false,true,false,false,false,false,true,false,false,false,false,false,false,false,false,false,false,false,false,false,false,false,false,true,false,true,true,true,false,false,false,188,57,9,6,0,3,0,false,true,true,false
Kubernetes,outlines,Kubernetes---kb_310_Normalized.json,8,2,6,2,6,8,0,completed,,,74.337,0.560898,0.263147,0.296914,50006,25534,1044,329.125,372,2,6,0,0,0,0,0,1,1,0,true,false,false,false,false,false,false,false,false,true,false,false,false,true,false,false,false,false,true,false,false,false,false,false,false,false,false,false,false,false,false,false,false,false,false,true,false,true,true,true,false,false,false,199,59,8,6,0,3,0,false,true,true,false
Kubernetes,outlines,Kubernetes---kb_311_Normalized.json,4,1,3,1,3,4,0,completed,,,65.1851,0.324962,0.153007,0.171549,48945,25498,2093.75,656.25,664,0,3,0,1,0,1,0,1,0.75,-1,true,false,false,false,false,false,false,false,false,true,false,false,false,true,false,false,false,false,true,false,false,false,false,false,false,false,false,false,false,false,false,false,false,false,false,true,false,true,true,true,false,false,false,198,59,8,6,0,2,0,false,true,true,false
Kubernetes,outlines,Kubernetes---kb_312_Normalized.json,5,1,4,1,4,5,0,completed,,,83.1346,0.24316,0.115438,0.127335,39808,24561,625.6,199.4,218,1,4,0,0,0,0,0,1,1,0,true,false,false,false,false,false,false,false,false,true,false,false,false,true,false,false,false,false,true,false,false,false,false,false,false,false,false,false,false,false,false,false,false,false,false,true,false,true,true,true,false,false,false,194,58,7,6,0,3,0,false,true,true,false
Kubernetes,outlines,Kubernetes---kb_313_Normalized.json,5,1,4,1,4,5,0,completed,,,82.7808,0.215335,0.102262,0.112726,40471,24547,664,206.4,237,1,4,0,0,0,0,0,1,1,0,true,false,false,false,false,false,false,false,false,true,false,false,false,true,false,false,false,false,true,false,false,false,false,false,false,false,false,false,false,false,false,false,false,false,false,true,false,true,true,true,false,false,false,193,58,7,6,0,2,0,false,true,true,false
Kubernetes,outlines,Kubernetes---kb_314_Normalized.json,6,2,4,2,4,6,0,completed,,,7.75262,0.286745,0.136898,0.149472,20425,5263,798.333,267.5,326,2,4,0,0,0,0,0,1,1,0,false,false,false,false,false,false,false,false,false,true,false,false,false,false,false,false,false,false,true,false,false,false,false,false,false,false,false,false,false,false,false,false,false,false,false,true,false,true,true,true,false,false,false,58,18,2,4,0,0,0,false,false,true,false
Kubernetes,outlines,Kubernetes---kb_315_Normalized.json,6,2,4,2,4,6,0,completed,,,7.56586,0.231253,0.110147,0.120781,19658,5263,711.333,247.667,302,2,4,0,0,0,0,0,1,1,0,false,false,false,false,false,false,false,false,false,true,false,false,false,false,false,false,false,false,true,false,false,false,false,false,false,false,false,false,false,false,false,false,false,false,false,true,false,true,true,true,false,false,false,58,18,2,4,0,0,0,false,false,true,false
Kubernetes,outlines,Kubernetes---kb_316_Normalized.json,3,1,2,1,2,3,0,completed,,,0.993429,0.0258853,0.0118863,0.0139347,4485,1771,133,40,41,1,2,0,0,0,0,0,1,1,0,false,false,false,false,false,false,false,false,false,true,false,false,false,false,false,false,false,false,false,false,false,false,false,false,false,false,false,false,false,false,false,false,false,false,false,true,false,true,false,true,false,false,false,24,7,0,4,0,0,0,false,false,false,false
Kubernetes,outlines,Kubernetes---kb_317_Normalized.json,5,2,3,2,3,5,0,completed,,,0.990723,0.026221,0.0120968,0.01406,5572,1771,133.4,40,41,2,3,0,0,0,0,0,1,1,0,false,false,false,false,false,false,false,false,false,true,false,false,false,false,false,false,false,false,false,false,false,false,false,false,false,false,false,false,false,false,false,false,false,false,false,true,false,true,false,true,false,false,false,24,7,0,4,0,0,0,false,false,false,false
Kubernetes,outlines,Kubernetes---kb_318_Normalized.json,2,1,1,1,1,2,0,completed,,,2.50572,0.0268915,0.012583,0.0142485,7593,4621,124.5,39.5,42,1,1,0,0,0,0,0,1,1,0,false,false,false,false,false,false,false,false,false,true,false,false,false,false,false,false,false,false,false,false,false,false,false,false,false,false,false,false,false,false,false,true,false,false,false,true,false,true,true,true,false,false,false,63,18,5,4,2,0,0,false,true,true,false
Kubernetes,outlines,Kubernetes---kb_319_Normalized.json,4,1,3,1,3,4,0,completed,,,2.47637,0.0325125,0.01466,0.0177765,9043,4621,117.25,37.5,41,1,3,0,0,0,0,0,1,1,0,false,false,false,false,false,false,false,false,false,true,false,false,false,false,false,false,false,false,false,false,false,false,false,false,false,false,false,false,false,false,false,true,false,false,false,true,false,true,true,true,false,false,false,63,18,5,4,2,0,0,false,true,true,false
Kubernetes,outlines,Kubernetes---kb_31_Normalized.json,4,2,2,2,2,4,0,completed,,,61.9557,0.493885,0.233759,0.259391,36773,23967,941,301.75,303,2,2,0,0,0,0,0,1,1,0,true,false,false,false,false,false,false,false,false,true,false,false,false,true,false,false,false,false,true,false,false,false,false,false,false,false,false,false,false,false,false,false,false,false,false,true,false,true,true,true,false,false,false,188,57,9,6,0,3,0,false,true,true,false
Kubernetes,outlines,Kubernetes---kb_320_Normalized.json,2,1,1,1,1,2,0,completed,,,2.10628,0.07587,0.0356595,0.0400735,7607,3591,359.5,108,118,1,1,0,0,0,0,0,1,1,0,false,false,false,false,false,false,false,false,false,true,false,false,false,false,false,false,false,false,false,false,false,false,false,false,false,false,false,false,false,false,false,true,false,false,false,true,false,true,true,true,false,false,false,53,15,4,4,2,0,0,false,false,true,false
Kubernetes,outlines,Kubernetes---kb_321_Normalized.json,3,1,2,1,2,3,0,completed,,,2.22097,0.0734947,0.0346253,0.038726,7465,3591,243.333,73,98,1,2,0,0,0,0,0,1,1,0,false,false,false,false,false,false,false,false,false,true,false,false,false,false,false,false,false,false,false,false,false,false,false,false,false,false,false,false,false,false,false,true,false,false,false,true,false,true,true,true,false,false,false,53,15,4,4,2,0,0,false,false,true,false
Kubernetes,outlines,Kubernetes---kb_322_Normalized.json,4,2,2,2,2,4,0,completed,,,28.8192,0.11374,0.0568263,0.056708,45597,31659,497,148.5,159,2,2,0,0,0,0,0,1,1,0,true,false,false,false,false,false,false,false,false,true,false,false,false,false,false,false,false,false,true,false,false,false,false,false,false,false,false,false,false,false,false,true,false,false,false,true,false,true,true,true,false,false,false,345,105,15,5,4,0,0,false,true,true,false
Kubernetes,outlines,Kubernetes---kb_323_Normalized.json,5,2,3,2,3,5,0,completed,,,29.0639,0.0706424,0.0333876,0.0371196,46819,31659,382.4,119.4,163,1,3,0,1,0,0.5,0,1,0.8,-0.5,true,false,false,false,false,false,false,false,false,true,false,false,false,false,false,false,false,false,true,false,false,false,false,false,false,false,false,false,false,false,false,true,false,false,false,true,false,true,true,true,false,false,false,345,105,15,5,4,0,0,false,true,true,false
Kubernetes,outlines,Kubernetes---kb_324_Normalized.json,4,1,3,1,3,4,0,completed,,,32.8921,0.472123,0.222134,0.249391,32554,20258,900.75,296,316,1,3,0,0,0,0,0,1,1,0,true,false,false,false,false,false,false,false,false,true,false,false,false,true,false,false,false,false,true,false,false,false,false,false,false,false,false,false,false,false,false,false,false,false,false,true,false,true,true,true,false,false,false,169,57,8,5,0,2,0,false,true,true,false
Kubernetes,outlines,Kubernetes---kb_325_Normalized.json,5,1,4,1,4,5,0,completed,,,31.6618,0.884989,0.417889,0.465998,38969,19909,1506,467.6,485,1,4,0,0,0,0,0,1,1,0,true,false,false,false,false,false,false,false,false,true,false,false,false,true,false,false,false,false,true,false,false,false,false,false,false,false,false,false,false,false,false,false,false,false,false,true,false,true,true,true,false,false,false,169,57,6,5,0,2,0,false,true,true,false
Kubernetes,outlines,Kubernetes---kb_326_Normalized.json,6,1,5,1,5,6,0,completed,,,33.0242,0.42587,0.201581,0.223725,38731,20225,1241.17,383.833,399,1,5,0,0,0,0,0,1,1,0,true,false,false,false,false,false,false,false,false,true,false,false,false,true,false,false,false,false,true,false,false,false,false,false,false,false,false,false,false,false,false,false,false,false,false,true,false,true,true,true,false,false,false,168,57,8,5,0,1,0,false,true,true,false
Kubernetes,outlines,Kubernetes---kb_327_Normalized.json,5,1,4,1,4,5,0,completed,,,57.1893,0.397862,0.188053,0.209224,40402,24081,936.8,298.4,364,1,4,0,0,0,0,0,1,1,0,true,false,false,false,false,false,false,false,false,true,false,false,false,true,false,false,false,false,true,false,false,false,false,false,false,false,false,false,false,false,false,false,false,false,false,true,false,true,true,true,false,false,false,200,65,9,6,0,3,0,false,true,true,false
Kubernetes,outlines,Kubernetes---kb_328_Normalized.json,8,2,6,2,6,8,0,completed,,,59.9699,0.479503,0.223526,0.255283,47328,23676,996.25,332.75,458,2,6,0,0,0,0,0,1,1,0,true,false,false,false,false,false,false,false,false,true,false,false,false,true,false,false,false,false,true,false,false,false,false,false,false,false,false,false,false,false,false,false,false,false,false,true,false,true,true,true,false,false,false,200,65,7,6,0,3,0,false,true,true,false
Kubernetes,outlines,Kubernetes---kb_329_Normalized.json,5,2,3,2,3,5,0,completed,,,62.8559,0.694537,0.330234,0.363464,40828,24048,1166.2,374,375,2,3,0,0,0,0,0,1,1,0,true,false,false,false,false,false,false,false,false,true,false,false,false,true,false,false,false,false,true,false,false,false,false,false,false,false,false,false,false,false,false,false,false,false,false,true,false,true,true,true,false,false,false,199,65,9,6,0,2,0,false,true,true,false
Kubernetes,outlines,Kubernetes---kb_32_Normalized.json,4,1,3,1,3,4,0,completed,,,63.7422,0.605522,0.287512,0.317258,37443,23925,866,285.5,314,1,3,0,0,0,0,0,1,1,0,true,false,false,false,false,false,false,false,false,true,false,false,false,true,false,false,false,false,true,false,false,false,false,false,false,false,false,false,false,false,false,false,false,false,false,true,false,true,true,true,false,false,false,187,57,9,6,0,2,0,false,true,true,false
Kubernetes,outlines,Kubernetes---kb_330_Normalized.json,6,2,4,2,4,6,0,completed,,,0.55893,0.0423002,0.0195572,0.0226808,4746,962,83.8333,36.8333,37,2,4,0,0,0,0,0,1,1,0,false,false,false,false,false,false,false,false,false,true,false,false,false,false,false,false,false,false,false,false,false,false,false,false,false,false,false,false,false,false,false,false,false,false,false,true,false,true,true,true,false,false,false,15,3,3,4,0,0,0,false,false,false,false
Kubernetes,outlines,Kubernetes---kb_331_Normalized.json,4,1,3,1,3,4,0,completed,,,0.598537,0.0247292,0.0113365,0.0133472,3849,868,91.75,38.75,42,1,3,0,0,0,0,0,1,1,0,false,false,false,false,false,false,false,false,false,true,false,false,false,false,false,false,false,false,false,false,false,false,false,false,false,false,false,false,false,false,false,false,false,false,false,true,false,true,false,true,false,false,false,14,3,0,4,0,0,0,false,false,false,false
Kubernetes,outlines,Kubernetes---kb_332_Normalized.json,4,1,3,1,3,4,0,completed,,,0.559341,0.0232762,0.0107353,0.0124997,3848,962,85.75,37.5,39,1,3,0,0,0,0,0,1,1,0,false,false,false,false,false,false,false,false,false,true,false,false,false,false,false,false,false,false,false,false,false,false,false,false,false,false,false,false,false,false,false,false,false,false,false,true,false,true,true,true,false,false,false,15,3,3,4,0,0,0,false,false,false,false
Kubernetes,outlines,Kubernetes---kb_333_Normalized.json,5,2,3,2,3,5,0,completed,,,0.421524,0.0158714,0.0073798,0.0084514,2686,288,40.8,14,15,2,3,0,0,0,0,0,1,1,0,false,false,false,false,false,false,false,false,false,false,false,false,false,false,false,false,false,false,false,false,false,false,false,false,false,false,false,false,false,false,false,false,false,false,false,true,false,false,false,true,false,false,false,7,2,0,4,0,0,0,false,false,false,false
Kubernetes,outlines,Kubernetes---kb_334_Normalized.json,5,2,3,2,3,5,0,completed,,,0.444755,0.0128944,0.005831,0.0070332,2689,288,41.4,13.4,14,2,3,0,0,0,0,0,1,1,0,false,false,false,false,false,false,false,false,false,false,false,false,false,false,false,false,false,false,false,false,false,false,false,false,false,false,false,false,false,false,false,false,false,false,false,true,false,false,false,true,false,false,false,7,2,0,4,0,0,0,false,false,false,false
Kubernetes,outlines,Kubernetes---kb_335_Normalized.json,4,2,2,2,2,4,0,completed,,,29.2333,0.0496048,0.023228,0.0262568,31448,21161,279.75,87.5,92,1,2,0,1,0,0.5,0,1,0.75,-0.5,true,false,false,false,false,false,false,false,false,true,false,false,false,true,false,false,false,false,true,false,false,false,false,false,false,false,false,false,false,false,false,false,false,false,false,true,false,true,true,true,false,false,false,274,41,4,6,0,3,0,false,false,true,false
Kubernetes,outlines,Kubernetes---kb_336_Normalized.json,4,2,2,2,2,4,0,completed,,,30.3865,0.176441,0.082839,0.0933482,33358,21135,585.75,193.25,408,0,2,0,2,0,1,0,1,0.5,-1,true,false,false,false,false,false,false,false,false,true,false,false,false,true,false,false,false,false,true,false,false,false,false,false,false,false,false,false,false,false,false,false,false,false,false,true,false,true,true,true,false,false,false,273,41,4,6,0,2,0,false,false,true,false
Kubernetes,outlines,Kubernetes---kb_337_Normalized.json,6,2,4,2,4,6,0,completed,,,0.399835,0.0320003,0.0146468,0.0173023,3510,583,48.5,17.1667,19,2,4,0,0,0,0,0,1,1,0,false,false,false,false,false,false,false,false,false,false,false,false,false,false,false,false,false,false,true,false,false,false,false,false,false,false,false,false,false,false,false,false,false,false,false,true,false,false,false,true,false,false,false,7,1,0,5,0,0,0,false,false,false,false
Kubernetes,outlines,Kubernetes---kb_338_Normalized.json,4,1,3,1,3,4,0,completed,,,0.440421,0.0256367,0.0117623,0.0138288,2773,583,46.25,16.25,17,1,3,0,0,0,0,0,1,1,0,false,false,false,false,false,false,false,false,false,false,false,false,false,false,false,false,false,false,true,false,false,false,false,false,false,false,false,false,false,false,false,false,false,false,false,true,false,false,false,true,false,false,false,7,1,0,5,0,0,0,false,false,false,false
Kubernetes,outlines,Kubernetes---kb_339_Normalized.json,4,2,2,2,2,4,0,completed,,,0.453533,0.0458348,0.0208807,0.0248913,2052,212,79.25,19,22,2,2,0,0,0,0,0,1,1,0,false,false,false,false,false,false,false,false,false,false,false,false,false,false,false,false,false,false,false,false,false,false,false,false,false,false,false,false,false,false,false,false,false,false,false,true,false,false,false,true,false,false,false,5,2,0,4,0,0,0,false,false,false,false
Kubernetes,outlines,Kubernetes---kb_33_Normalized.json,3,2,1,2,1,3,0,completed,,,0.110672,,,,6905,3809,,,,0,1,0,2,0,1,0,1,0.333333,-1,false,false,false,false,false,false,false,false,false,true,false,false,false,false,false,false,false,false,false,false,false,false,false,false,false,false,false,false,false,false,false,false,false,false,false,true,false,true,true,true,false,false,false,32,10,2,4,0,0,0,false,false,true,false
Kubernetes,outlines,Kubernetes---kb_340_Normalized.json,6,2,4,2,4,6,0,completed,,,0.46827,0.0274877,0.0127713,0.0146733,2996,212,70.6667,17.8333,22,2,4,0,0,0,0,0,1,1,0,false,false,false,false,false,false,false,false,false,false,false,false,false,false,false,false,false,false,false,false,false,false,false,false,false,false,false,false,false,false,false,false,false,false,false,true,false,false,false,true,false,false,false,5,2,0,4,0,0,0,false,false,false,false
Kubernetes,outlines,Kubernetes---kb_341_Normalized.json,5,2,3,2,3,5,0,completed,,,0.46418,0.0409328,0.0192622,0.0216126,2492,212,75.8,18.4,22,2,3,0,0,0,0,0,1,1,0,false,false,false,false,false,false,false,false,false,false,false,false,false,false,false,false,false,false,false,false,false,false,false,false,false,false,false,false,false,false,false,false,false,false,false,true,false,false,false,true,false,false,false,5,2,0,4,0,0,0,false,false,false,false
Kubernetes,outlines,Kubernetes---kb_342_Normalized.json,3,1,2,1,2,3,0,completed,,,2.46595,0.0305797,0.0144967,0.0160197,6382,3346,114.333,31,32,1,2,0,0,0,0,0,1,1,0,true,false,false,false,false,false,false,false,false,true,false,false,false,false,false,false,false,false,true,false,false,false,false,false,false,false,false,false,false,false,false,true,false,false,false,true,false,true,true,true,false,false,false,41,9,3,5,2,0,0,false,false,false,false
Kubernetes,outlines,Kubernetes---kb_343_Normalized.json,3,2,1,2,1,3,0,completed,,,2.69661,0.065805,0.0308443,0.0348473,8010,4746,126,40.3333,41,2,1,0,0,0,0,0,1,1,0,true,false,false,false,false,false,false,false,false,true,false,false,false,false,false,false,false,false,true,false,false,false,false,false,false,false,false,false,false,false,false,true,false,false,false,true,false,true,true,true,false,false,false,58,13,6,5,2,0,0,false,true,true,false
Kubernetes,outlines,Kubernetes---kb_344_Normalized.json,4,2,2,2,2,4,0,completed,,,2.73579,0.0457127,0.0217367,0.0238878,8818,4746,131.5,41.5,46,2,2,0,0,0,0,0,1,1,0,true,false,false,false,false,false,false,false,false,true,false,false,false,false,false,false,false,false,true,false,false,false,false,false,false,false,false,false,false,false,false,true,false,false,false,true,false,true,true,true,false,false,false,58,13,6,5,2,0,0,false,true,true,false
Kubernetes,outlines,Kubernetes---kb_345_Normalized.json,5,2,3,2,3,5,0,completed,,,2.51862,0.0288164,0.0135322,0.0152258,7625,3167,155.8,45.4,66,2,3,0,0,0,0,0,1,1,0,true,false,false,false,false,false,false,false,false,true,false,false,false,false,false,false,false,false,true,false,false,false,false,false,false,false,false,false,false,false,false,true,false,false,false,true,false,true,true,true,false,false,false,41,9,4,5,2,0,0,false,false,false,false
Kubernetes,outlines,Kubernetes---kb_346_Normalized.json,3,2,1,2,1,3,0,completed,,,2.63719,0.0495497,0.023377,0.0260817,7916,4435,155.333,46,52,2,1,0,0,0,0,0,1,1,0,true,false,false,false,false,false,false,false,false,true,false,false,false,false,false,false,false,false,true,false,false,false,false,false,false,false,false,false,false,false,false,true,false,false,false,true,false,true,true,true,false,false,false,55,12,5,5,2,0,0,false,true,true,false
Kubernetes,outlines,Kubernetes---kb_347_Normalized.json,4,2,2,2,2,4,0,completed,,,2.56423,0.037807,0.0177383,0.0199957,9284,4435,160,48.25,52,2,2,0,0,0,0,0,1,1,0,true,false,false,false,false,false,false,false,false,true,false,false,false,false,false,false,false,false,true,false,false,false,false,false,false,false,false,false,false,false,false,true,false,false,false,true,false,true,true,true,false,false,false,55,12,5,5,2,0,0,false,true,true,false
Kubernetes,outlines,Kubernetes---kb_348_Normalized.json,4,2,2,2,2,4,0,completed,,,1.09609,0.0833653,0.0388397,0.0444045,4166,1067,127.5,52,63,2,2,0,0,0,0,0,1,1,0,false,false,false,false,false,false,false,false,false,false,false,false,false,false,false,false,false,false,true,false,false,false,false,false,false,false,false,false,false,false,false,false,false,false,false,true,false,false,false,true,false,false,false,18,5,0,5,0,0,0,false,false,false,false
Kubernetes,outlines,Kubernetes---kb_349_Normalized.json,3,1,2,1,2,3,0,completed,,,1.06824,0.0278433,0.0128467,0.0149427,4127,1067,120,47,50,1,2,0,0,0,0,0,1,1,0,false,false,false,false,false,false,false,false,false,false,false,false,false,false,false,false,false,false,true,false,false,false,false,false,false,false,false,false,false,false,false,false,false,false,false,true,false,false,false,true,false,false,false,18,5,0,5,0,0,0,false,false,false,false
Kubernetes,outlines,Kubernetes---kb_34_Normalized.json,3,2,1,2,1,3,0,completed,,,0.104882,,,,6728,3819,,,,0,1,0,2,0,1,0,1,0.333333,-1,false,false,false,false,false,false,false,false,false,true,false,false,false,false,false,false,false,false,false,false,false,false,false,false,false,false,false,false,false,false,false,false,false,false,false,true,false,true,true,true,false,false,false,32,10,2,4,0,0,0,false,false,true,false
Kubernetes,outlines,Kubernetes---kb_354_Normalized.json,6,1,5,1,5,6,0,completed,,,1.43905,0.053107,0.024893,0.0281328,7020,1749,175.833,56.8333,63,1,5,0,0,0,0,0,1,1,0,true,false,false,false,false,false,false,false,false,true,false,false,false,false,false,false,false,false,false,false,false,false,false,false,false,false,false,false,false,false,false,false,false,false,false,true,false,true,true,true,false,false,false,24,7,1,5,0,0,0,false,false,false,false
Kubernetes,outlines,Kubernetes---kb_355_Normalized.json,7,1,6,1,6,7,0,completed,,,1.39754,0.0570519,0.0266523,0.0303197,7717,1749,177.571,58,63,1,6,0,0,0,0,0,1,1,0,true,false,false,false,false,false,false,false,false,true,false,false,false,false,false,false,false,false,false,false,false,false,false,false,false,false,false,false,false,false,false,false,false,false,false,true,false,true,true,true,false,false,false,24,7,1,5,0,0,0,false,false,false,false
Kubernetes,outlines,Kubernetes---kb_356_Normalized.json,7,2,5,2,5,7,0,completed,,,1.25161,0.0548216,0.025123,0.029619,7031,1666,152.714,51.5714,57,2,5,0,0,0,0,0,1,1,0,true,false,false,false,false,false,false,false,false,true,false,false,false,false,false,false,false,false,false,false,false,false,false,false,false,false,false,false,false,false,false,false,false,false,false,true,false,true,true,true,false,false,false,22,6,1,5,0,0,0,false,false,false,false
Kubernetes,outlines,Kubernetes---kb_357_Normalized.json,8,2,6,2,6,8,0,completed,,,1.24994,0.060837,0.0277761,0.0329678,7738,1666,151.5,51.125,57,2,6,0,0,0,0,0,1,1,0,true,false,false,false,false,false,false,false,false,true,false,false,false,false,false,false,false,false,false,false,false,false,false,false,false,false,false,false,false,false,false,false,false,false,false,true,false,true,true,true,false,false,false,22,6,1,5,0,0,0,false,false,false,false
Kubernetes,outlines,Kubernetes---kb_358_Normalized.json,3,1,2,1,2,3,0,completed,,,0.520756,0.02882,0.0132297,0.0155467,2353,535,41,15.3333,24,1,2,0,0,0,0,0,1,1,0,false,false,false,false,false,false,false,false,false,false,false,false,false,false,false,false,false,false,false,false,false,false,false,false,false,false,false,false,false,false,false,false,false,false,false,true,false,false,false,true,false,false,false,7,2,0,4,0,0,0,false,false,false,false
Kubernetes,outlines,Kubernetes---kb_359_Normalized.json,3,1,2,1,2,3,0,completed,,,0.507101,0.0288713,0.0133987,0.015429,2275,535,32,12.3333,24,1,2,0,0,0,0,0,1,1,0,false,false,false,false,false,false,false,false,false,false,false,false,false,false,false,false,false,false,false,false,false,false,false,false,false,false,false,false,false,false,false,false,false,false,false,true,false,false,false,true,false,false,false,7,2,0,4,0,0,0,false,false,false,false
Kubernetes,outlines,Kubernetes---kb_35_Normalized.json,3,2,1,2,1,3,0,completed,,,0.115402,,,,6898,3819,,,,0,1,0,2,0,1,0,1,0.333333,-1,false,false,false,false,false,false,false,false,false,true,false,false,false,false,false,false,false,false,false,false,false,false,false,false,false,false,false,false,false,false,false,false,false,false,false,true,false,true,true,true,false,false,false,32,10,2,4,0,0,0,false,false,true,false
Kubernetes,outlines,Kubernetes---kb_360_Normalized.json,3,1,2,1,2,3,0,completed,,,0.286116,0.00567933,0.00248533,0.00317233,2060,302,14,6.33333,7,1,2,0,0,0,0,0,1,1,0,false,false,false,false,false,false,false,false,false,false,false,false,false,false,false,false,false,false,false,false,false,false,false,false,false,false,false,false,false,false,false,false,false,false,false,true,false,false,true,true,false,false,false,6,1,1,4,0,0,0,false,false,false,false
Kubernetes,outlines,Kubernetes---kb_361_Normalized.json,2,1,1,1,1,2,0,completed,,,0.270302,0.0087685,0.003827,0.0049155,1497,302,15.5,6.5,7,1,1,0,0,0,0,0,1,1,0,false,false,false,false,false,false,false,false,false,false,false,false,false,false,false,false,false,false,false,false,false,false,false,false,false,false,false,false,false,false,false,false,false,false,false,true,false,false,true,true,false,false,false,6,1,1,4,0,0,0,false,false,false,false
Kubernetes,outlines,Kubernetes---kb_362_Normalized.json,3,2,1,2,1,3,0,completed,,,49.395,0.224991,0.105824,0.11876,39028,27240,629.667,188.667,224,2,1,0,0,0,0,0,1,1,0,true,false,false,false,false,false,false,false,false,true,false,false,false,true,false,false,false,false,true,false,false,false,false,false,false,false,false,false,false,false,false,false,false,false,false,true,false,true,true,true,false,false,false,250,63,18,6,0,2,0,false,true,true,false
Kubernetes,outlines,Kubernetes---kb_363_Normalized.json,4,2,2,2,2,4,0,completed,,,49.1492,0.238716,0.112606,0.125719,41806,27191,760,224.5,229,2,2,0,0,0,0,0,1,1,0,true,false,false,false,false,false,false,false,false,true,false,false,false,true,false,false,false,false,true,false,false,false,false,false,false,false,false,false,false,false,false,false,false,false,false,true,false,true,true,true,false,false,false,249,63,18,6,0,1,0,false,true,true,false
Kubernetes,outlines,Kubernetes---kb_364_Normalized.json,4,2,2,2,2,4,0,completed,,,0.936385,0.116101,0.0537318,0.062224,4038,1204,158,49,52,2,2,0,0,0,0,0,1,1,0,false,false,false,false,false,false,false,false,false,true,false,false,false,false,false,false,false,false,false,false,false,false,false,false,false,false,false,false,false,false,false,false,false,false,false,true,false,true,false,true,false,false,false,17,5,0,4,0,0,0,false,false,false,false
Kubernetes,outlines,Kubernetes---kb_365_Normalized.json,6,2,4,2,4,6,0,completed,,,0.923779,0.10614,0.0495263,0.0564823,5498,1204,160.167,50.3333,56,2,4,0,0,0,0,0,1,1,0,false,false,false,false,false,false,false,false,false,true,false,false,false,false,false,false,false,false,false,false,false,false,false,false,false,false,false,false,false,false,false,false,false,false,false,true,false,true,false,true,false,false,false,17,5,0,4,0,0,0,false,false,false,false
Kubernetes,outlines,Kubernetes---kb_366_Normalized.json,5,2,3,2,3,5,0,completed,,,77.4436,0.140913,0.0662104,0.0744516,49410,31183,670.6,202.4,228,0,3,0,2,0,1,0,1,0.6,-1,true,false,false,false,false,false,false,false,false,true,false,false,false,true,false,false,false,false,true,false,false,false,false,false,false,false,false,false,false,false,false,false,false,false,false,true,false,true,true,true,false,false,false,281,71,19,6,0,3,0,false,true,true,false
Kubernetes,outlines,Kubernetes---kb_367_Normalized.json,4,1,3,1,3,4,0,completed,,,74.4454,0.184591,0.0849695,0.0993393,47673,31134,675.5,201.25,205,0,3,0,1,0,1,0,1,0.75,-1,true,false,false,false,false,false,false,false,false,true,false,false,false,true,false,false,false,false,true,false,false,false,false,false,false,false,false,false,false,false,false,false,false,false,false,true,false,true,true,true,false,false,false,280,71,19,6,0,2,0,false,true,true,false
Kubernetes,outlines,Kubernetes---kb_368_Normalized.json,3,2,1,2,1,3,0,completed,,,11.4944,0.16706,0.0781463,0.0886047,19116,10466,523,147.667,167,1,1,0,1,0,0.5,0,1,0.666667,-0.5,false,false,false,false,false,false,false,false,false,true,false,false,false,false,false,false,false,false,true,false,false,false,false,false,false,false,false,false,false,false,false,false,false,false,false,true,false,true,true,true,false,false,false,123,24,14,5,0,0,0,false,true,true,false
Kubernetes,outlines,Kubernetes---kb_369_Normalized.json,4,2,2,2,2,4,0,completed,,,11.5997,0.106602,0.049898,0.0565015,21125,10466,520.5,145.75,169,2,2,0,0,0,0,0,1,1,0,false,false,false,false,false,false,false,false,false,true,false,false,false,false,false,false,false,false,true,false,false,false,false,false,false,false,false,false,false,false,false,false,false,false,false,true,false,true,true,true,false,false,false,123,24,14,5,0,0,0,false,true,true,false
Kubernetes,outlines,Kubernetes---kb_36_Normalized.json,5,2,3,2,3,5,0,completed,,,1.78198,0.15,0.070692,0.0791192,7208,1708,199.4,61.2,100,2,3,0,0,0,0,0,1,1,0,false,false,false,false,false,false,false,false,false,true,false,false,false,false,false,false,false,false,true,false,false,false,false,false,false,false,false,false,false,false,false,false,false,false,false,true,false,true,true,true,false,false,false,27,6,2,4,0,0,0,false,false,false,false
Kubernetes,outlines,Kubernetes---kb_370_Normalized.json,5,2,3,2,3,5,0,completed,,,1.74072,0.118012,0.055341,0.0625208,6742,1715,207.2,65.4,107,2,3,0,0,0,0,0,1,1,0,false,false,false,false,false,false,false,false,false,true,false,false,false,false,false,false,false,false,true,false,false,false,false,false,false,false,false,false,false,false,false,false,false,false,false,true,false,true,false,true,false,false,false,26,6,0,4,0,0,0,false,false,false,false
Kubernetes,outlines,Kubernetes---kb_371_Normalized.json,5,2,3,2,3,5,0,completed,,,1.76373,0.10951,0.0510864,0.0582762,6752,1715,203.8,65.2,107,2,3,0,0,0,0,0,1,1,0,false,false,false,false,false,false,false,false,false,true,false,false,false,false,false,false,false,false,true,false,false,false,false,false,false,false,false,false,false,false,false,false,false,false,false,true,false,true,false,true,false,false,false,26,6,0,4,0,0,0,false,false,false,false
Kubernetes,outlines,Kubernetes---kb_373_Normalized.json,5,2,3,2,3,5,0,completed,,,0.700541,0.0093036,0.0043538,0.0049018,5539,1053,69.4,28.4,39,2,3,0,0,0,0,0,1,1,0,false,false,false,false,false,false,false,false,false,true,false,false,false,false,false,false,false,false,true,false,false,false,false,false,false,false,false,false,false,false,false,false,false,false,false,true,false,true,true,true,false,false,false,20,4,2,4,0,0,0,false,false,false,false
Kubernetes,outlines,Kubernetes---kb_374_Normalized.json,5,2,3,2,3,5,0,completed,,,0.698224,0.009284,0.0042566,0.0049886,5173,1053,57.6,22.8,35,2,3,0,0,0,0,0,1,1,0,false,false,false,false,false,false,false,false,false,true,false,false,false,false,false,false,false,false,true,false,false,false,false,false,false,false,false,false,false,false,false,false,false,false,false,true,false,true,true,true,false,false,false,20,4,2,4,0,0,0,false,false,false,false
Kubernetes,outlines,Kubernetes---kb_375_Normalized.json,6,2,4,2,4,6,0,completed,,,0.69274,0.0317842,0.014542,0.0171868,6354,1594,86.5,29.8333,30,1,4,0,1,0,0.5,0,1,0.833333,-0.5,false,false,false,false,false,false,false,false,false,false,false,false,false,false,false,false,false,false,false,false,false,false,false,false,false,false,false,false,false,false,false,false,false,false,false,true,false,false,true,true,false,false,false,13,4,1,4,0,0,0,false,false,false,false
Kubernetes,outlines,Kubernetes---kb_376_Normalized.json,5,2,3,2,3,5,0,completed,,,0.697585,0.0344538,0.0160874,0.0183076,5171,1594,88.6,30.2,31,1,3,0,1,0,0.5,0,1,0.8,-0.5,false,false,false,false,false,false,false,false,false,false,false,false,false,false,false,false,false,false,false,false,false,false,false,false,false,false,false,false,false,false,false,false,false,false,false,true,false,false,true,true,false,false,false,13,4,1,4,0,0,0,false,false,false,false
Kubernetes,outlines,Kubernetes---kb_377_Normalized.json,4,2,2,2,2,4,0,completed,,,0.651583,0.035159,0.0166895,0.0184148,3088,912,86.25,24,27,1,2,0,1,0,0.5,0,1,0.75,-0.5,false,false,false,false,false,false,false,false,false,false,false,false,false,false,false,false,false,false,false,false,false,false,false,false,false,false,false,false,false,false,false,false,false,false,false,true,false,false,true,true,false,false,false,10,3,1,4,0,0,0,false,false,false,false
Kubernetes,outlines,Kubernetes---kb_378_Normalized.json,4,2,2,2,2,4,0,completed,,,0.614678,0.0265845,0.0125915,0.0139472,3036,912,80.75,21.25,27,1,2,0,1,0,0.5,0,1,0.75,-0.5,false,false,false,false,false,false,false,false,false,false,false,false,false,false,false,false,false,false,false,false,false,false,false,false,false,false,false,false,false,false,false,false,false,false,false,true,false,false,true,true,false,false,false,10,3,1,4,0,0,0,false,false,false,false
Kubernetes,outlines,Kubernetes---kb_379_Normalized.json,3,1,2,1,2,3,0,completed,,,0.775312,0.023213,0.0109537,0.0122113,3582,1123,102.333,30,33,1,2,0,0,0,0,0,1,1,0,false,false,false,false,false,false,false,false,false,false,false,false,false,false,false,false,false,false,false,false,false,false,false,false,false,false,false,false,false,false,false,false,false,false,false,true,false,false,true,true,false,false,false,12,4,2,4,0,0,0,false,false,false,false
Kubernetes,outlines,Kubernetes---kb_37_Normalized.json,4,2,2,2,2,4,0,completed,,,1.72738,0.124816,0.0586938,0.0659635,6113,1718,200.75,63,98,2,2,0,0,0,0,0,1,1,0,false,false,false,false,false,false,false,false,false,true,false,false,false,false,false,false,false,false,true,false,false,false,false,false,false,false,false,false,false,false,false,false,false,false,false,true,false,true,true,true,false,false,false,27,6,2,4,0,0,0,false,false,false,false
Kubernetes,outlines,Kubernetes---kb_380_Normalized.json,5,2,3,2,3,5,0,completed,,,0.826493,0.0253302,0.0119274,0.0133518,4558,1123,104.4,30.6,33,2,3,0,0,0,0,0,1,1,0,false,false,false,false,false,false,false,false,false,false,false,false,false,false,false,false,false,false,false,false,false,false,false,false,false,false,false,false,false,false,false,false,false,false,false,true,false,false,true,true,false,false,false,12,4,2,4,0,0,0,false,false,false,false
Kubernetes,outlines,Kubernetes---kb_381_Normalized.json,3,1,2,1,2,3,0,completed,,,0.58206,0.0345707,0.0162183,0.0182923,3131,818,75.3333,24,26,1,2,0,0,0,0,0,1,1,0,false,false,false,false,false,false,false,false,false,false,false,false,false,false,false,false,false,false,false,false,false,false,false,false,false,false,false,false,false,false,false,false,false,false,false,true,false,false,true,true,false,false,false,10,3,2,4,0,0,0,false,false,false,false
Kubernetes,outlines,Kubernetes---kb_382_Normalized.json,3,1,2,1,2,3,0,completed,,,0.588632,0.0204337,0.010222,0.0101683,3033,818,68.6667,21.6667,25,1,2,0,0,0,0,0,1,1,0,false,false,false,false,false,false,false,false,false,false,false,false,false,false,false,false,false,false,false,false,false,false,false,false,false,false,false,false,false,false,false,false,false,false,false,true,false,false,true,true,false,false,false,10,3,2,4,0,0,0,false,false,false,false
Kubernetes,outlines,Kubernetes---kb_383_Normalized.json,4,1,3,1,3,4,0,completed,,,0.289042,0.00565525,0.00262225,0.0030125,3115,385,16.25,6.5,8,1,3,0,0,0,0,0,1,1,0,false,false,false,false,false,false,false,false,false,false,false,false,false,false,false,false,false,false,false,false,false,false,false,false,false,false,false,false,false,false,false,false,false,false,false,true,false,false,true,true,false,false,false,6,1,1,4,0,0,0,false,false,false,false
Kubernetes,outlines,Kubernetes---kb_384_Normalized.json,2,1,1,1,1,2,0,completed,,,0.267873,0.010168,0.004722,0.005417,1701,385,19.5,7,8,1,1,0,0,0,0,0,1,1,0,false,false,false,false,false,false,false,false,false,false,false,false,false,false,false,false,false,false,false,false,false,false,false,false,false,false,false,false,false,false,false,false,false,false,false,true,false,false,true,true,false,false,false,6,1,1,4,0,0,0,false,false,false,false
Kubernetes,outlines,Kubernetes---kb_385_Normalized.json,3,1,2,1,2,3,0,completed,,,0.45253,0.01873,0.00865633,0.0100337,2444,529,41,15,16,1,2,0,0,0,0,0,1,1,0,false,false,false,false,false,false,false,false,false,false,false,false,false,false,false,false,false,false,false,false,false,false,false,false,false,false,false,false,false,false,false,false,false,false,false,true,false,false,true,true,false,false,false,8,2,2,4,0,0,0,false,false,false,false
Kubernetes,outlines,Kubernetes---kb_386_Normalized.json,4,1,3,1,3,4,0,completed,,,0.45979,0.0141158,0.006495,0.0075885,3047,529,40,14.25,16,1,3,0,0,0,0,0,1,1,0,false,false,false,false,false,false,false,false,false,false,false,false,false,false,false,false,false,false,false,false,false,false,false,false,false,false,false,false,false,false,false,false,false,false,false,true,false,false,true,true,false,false,false,8,2,2,4,0,0,0,false,false,false,false
Kubernetes,outlines,Kubernetes---kb_387_Normalized.json,4,2,2,2,2,4,0,completed,,,2.06846,0.0323968,0.0150852,0.0172568,6738,3582,63.25,22.5,25,2,2,0,0,0,0,0,1,1,0,false,false,false,false,false,false,false,false,false,true,false,false,false,false,false,false,false,false,true,false,false,false,false,false,false,false,false,false,false,false,false,true,false,false,false,true,false,true,true,true,false,false,false,52,13,4,5,2,0,0,false,false,true,false
Kubernetes,outlines,Kubernetes---kb_388_Normalized.json,2,1,1,1,1,2,0,completed,,,2.13539,0.0239395,0.010957,0.0129245,6520,3582,51.5,16.5,21,1,1,0,0,0,0,0,1,1,0,false,false,false,false,false,false,false,false,false,true,false,false,false,false,false,false,false,false,true,false,false,false,false,false,false,false,false,false,false,false,false,true,false,false,false,true,false,true,true,true,false,false,false,52,13,4,5,2,0,0,false,false,true,false
Kubernetes,outlines,Kubernetes---kb_389_Normalized.json,5,2,3,2,3,5,0,completed,,,38.2578,0.04792,0.022503,0.0252904,29316,18181,534.8,164.8,185,1,3,0,1,0,0.5,0,1,0.8,-0.5,true,false,false,false,false,false,false,false,false,true,false,false,false,true,false,false,false,false,true,false,false,false,false,false,false,false,false,false,false,false,false,false,false,false,false,true,false,true,true,true,false,false,false,149,45,10,5,0,2,0,false,true,true,false
Kubernetes,outlines,Kubernetes---kb_38_Normalized.json,6,2,4,2,4,6,0,completed,,,1.75051,0.148838,0.0688333,0.0798153,8902,1718,209.667,64.5,100,2,4,0,0,0,0,0,1,1,0,false,false,false,false,false,false,false,false,false,true,false,false,false,false,false,false,false,false,true,false,false,false,false,false,false,false,false,false,false,false,false,false,false,false,false,true,false,true,true,true,false,false,false,27,6,2,4,0,0,0,false,false,false,false
Kubernetes,outlines,Kubernetes---kb_390_Normalized.json,2,1,1,1,1,2,0,completed,,,57.3933,0.153407,0.069838,0.0832445,48928,37454,676,211,213,1,1,0,0,0,0,0,1,1,0,true,false,false,false,false,false,false,false,false,true,false,false,false,true,false,false,false,false,true,false,false,false,false,false,false,false,false,false,false,false,false,true,false,false,false,true,false,true,true,true,false,false,false,319,96,33,5,2,2,0,false,true,true,false
Kubernetes,outlines,Kubernetes---kb_393_Normalized.json,3,2,1,2,1,3,0,completed,,,2.57653,0.0544727,0.0256763,0.0286037,8309,3305,433,139,157,2,1,0,0,0,0,0,1,1,0,false,false,false,false,false,false,false,false,false,true,false,false,false,false,false,false,false,false,true,false,false,false,false,false,false,false,false,false,false,false,false,false,false,false,false,true,false,true,true,true,false,false,false,32,8,3,5,0,0,0,false,false,false,false
Kubernetes,outlines,Kubernetes---kb_394_Normalized.json,1,1,0,1,0,1,0,completed,,,2.50109,0.078046,0.036337,0.041446,5243,3305,384,128,128,1,0,0,0,0,0,0,1,1,0,false,false,false,false,false,false,false,false,false,true,false,false,false,false,false,false,false,false,true,false,false,false,false,false,false,false,false,false,false,false,false,false,false,false,false,true,false,true,true,true,false,false,false,32,8,3,5,0,0,0,false,false,false,false
Kubernetes,outlines,Kubernetes---kb_395_Normalized.json,4,2,2,2,2,4,0,completed,,,0.99854,0.100579,0.04695,0.0534953,4056,1216,148.25,51,56,2,2,0,0,0,0,0,1,1,0,false,false,false,false,false,false,false,false,false,true,false,false,false,false,false,false,false,false,false,false,false,false,false,false,false,false,false,false,false,false,false,false,false,false,false,true,false,true,true,true,false,false,false,18,5,2,4,0,0,0,false,false,false,false
Kubernetes,outlines,Kubernetes---kb_396_Normalized.json,4,2,2,2,2,4,0,completed,,,0.937619,0.0891233,0.0413935,0.0476128,4083,1216,160.5,54,58,2,2,0,0,0,0,0,1,1,0,false,false,false,false,false,false,false,false,false,true,false,false,false,false,false,false,false,false,false,false,false,false,false,false,false,false,false,false,false,false,false,false,false,false,false,true,false,true,true,true,false,false,false,18,5,2,4,0,0,0,false,false,false,false
Kubernetes,outlines,Kubernetes---kb_397_Normalized.json,4,2,2,2,2,4,0,completed,,,0.920753,0.111911,0.051346,0.06042,4083,1216,155,53.5,61,2,2,0,0,0,0,0,1,1,0,false,false,false,false,false,false,false,false,false,true,false,false,false,false,false,false,false,false,false,false,false,false,false,false,false,false,false,false,false,false,false,false,false,false,false,true,false,true,true,true,false,false,false,18,5,2,4,0,0,0,false,false,false,false
Kubernetes,outlines,Kubernetes---kb_398_Normalized.json,7,2,5,2,5,7,0,completed,,,61.4773,0.148515,0.0695016,0.0786591,38985,22040,591.857,182.286,218,2,5,0,0,0,0,0,1,1,0,true,false,false,false,false,false,false,false,false,true,false,false,false,true,false,false,false,false,true,false,false,false,false,false,false,false,false,false,false,false,false,false,false,false,false,true,false,true,true,true,false,false,false,180,53,11,6,0,3,0,false,true,true,false
Kubernetes,outlines,Kubernetes---kb_39_Normalized.json,6,2,4,2,4,6,0,completed,,,1.55699,0.0897372,0.0415723,0.0480215,10830,2729,262.5,94.1667,107,2,4,0,0,0,0,0,1,1,0,false,false,false,false,false,false,false,false,false,true,false,false,false,true,false,false,false,false,true,false,false,false,false,false,false,false,false,false,false,false,false,false,false,false,false,true,false,true,true,true,false,false,false,31,6,4,5,0,2,0,false,false,false,false
Kubernetes,outlines,Kubernetes---kb_3_Normalized.json,10,2,8,2,8,10,0,completed,,,3.45593,0.0437576,0.0203281,0.0233519,13791,2499,202.6,61.5,82,2,8,0,0,0,0,0,1,1,0,true,false,false,false,false,false,false,false,false,true,false,false,false,false,false,false,false,false,true,false,false,false,false,false,false,false,false,false,false,false,false,false,false,false,false,true,false,true,true,true,false,false,false,33,6,2,5,0,0,0,false,false,false,false
Kubernetes,outlines,Kubernetes---kb_402_Normalized.json,7,1,6,1,6,7,0,completed,,,1.13777,0.0159299,0.00731429,0.00855957,10205,1999,153.286,50.2857,56,1,6,0,0,0,0,0,1,1,0,false,false,false,false,false,false,false,false,false,true,false,false,false,false,false,false,false,false,false,false,false,false,false,false,false,false,false,false,false,false,false,false,false,false,false,true,false,true,true,true,false,false,false,26,7,4,4,0,0,0,false,false,false,false
Kubernetes,outlines,Kubernetes---kb_403_Normalized.json,5,2,3,2,3,5,0,completed,,,16.6569,0.086835,0.0395092,0.0471506,24547,12119,651,195,230,1,3,0,1,0,0.5,0,1,0.8,-0.5,true,false,false,false,false,false,false,false,false,true,false,false,false,false,false,false,false,false,true,false,false,false,false,false,false,false,false,false,false,false,false,true,false,false,false,true,false,true,true,true,false,false,false,116,32,14,5,2,0,0,false,true,true,false
Kubernetes,outlines,Kubernetes---kb_404_Normalized.json,3,2,1,2,1,3,0,completed,,,15.8674,0.08493,0.0402227,0.044461,24626,15934,550.667,175,175,2,1,0,0,0,0,0,1,1,0,true,false,false,false,false,false,false,false,false,true,false,false,false,false,false,false,false,false,true,false,false,false,false,false,false,false,false,false,false,false,false,true,false,false,false,true,false,true,true,true,false,false,false,156,41,21,5,2,0,0,false,true,true,false
Kubernetes,outlines,Kubernetes---kb_405_Normalized.json,2,2,0,2,0,2,0,completed,,,15.3932,0.128387,0.0612625,0.0667605,22560,15934,546,175,175,2,0,0,0,0,0,0,1,1,0,true,false,false,false,false,false,false,false,false,true,false,false,false,false,false,false,false,false,true,false,false,false,false,false,false,false,false,false,false,false,false,true,false,false,false,true,false,true,true,true,false,false,false,156,41,21,5,2,0,0,false,true,true,false
Kubernetes,outlines,Kubernetes---kb_406_Normalized.json,6,2,4,2,4,6,0,completed,,,0.972484,0.021466,0.0098215,0.0115862,6757,1461,155.333,54.3333,56,2,4,0,0,0,0,0,1,1,0,false,false,false,false,false,false,false,false,false,true,false,false,false,false,false,false,false,false,false,false,false,false,false,false,false,false,false,false,false,false,false,false,false,false,false,true,false,true,true,true,false,false,false,22,5,2,4,0,0,0,false,false,false,false
Kubernetes,outlines,Kubernetes---kb_407_Normalized.json,3,2,1,2,1,3,0,completed,,,18.414,0.340409,0.16182,0.17813,20659,13140,573.667,188.667,190,2,1,0,0,0,0,0,1,1,0,true,false,false,false,false,false,false,false,false,true,false,false,false,false,false,false,false,false,true,false,false,false,false,false,false,false,false,false,false,false,false,true,false,false,false,true,false,true,true,true,false,false,false,140,39,19,5,2,0,0,false,true,true,false
Kubernetes,outlines,Kubernetes---kb_408_Normalized.json,4,2,2,2,2,4,0,completed,,,13.83,0.387608,0.183066,0.204003,24293,12715,728.75,237,412,2,2,0,0,0,0,0,1,1,0,true,false,false,false,false,false,false,false,false,true,false,false,false,false,false,false,false,false,true,false,false,false,false,false,false,false,false,false,false,false,false,true,false,false,false,true,false,true,true,true,false,false,false,144,38,20,5,2,0,0,false,true,true,false
Kubernetes,outlines,Kubernetes---kb_409_Normalized.json,4,2,2,2,2,4,0,completed,,,13.4566,0.161965,0.0766345,0.0850807,20824,12715,406.5,128,134,2,2,0,0,0,0,0,1,1,0,true,false,false,false,false,false,false,false,false,true,false,false,false,false,false,false,false,false,true,false,false,false,false,false,false,false,false,false,false,false,false,true,false,false,false,true,false,true,true,true,false,false,false,144,38,20,5,2,0,0,false,true,true,false
Kubernetes,outlines,Kubernetes---kb_40_Normalized.json,6,2,4,2,4,6,0,completed,,,1.60785,0.111287,0.0512702,0.059851,10569,2715,264.833,91.8333,112,2,4,0,0,0,0,0,1,1,0,false,false,false,false,false,false,false,false,false,true,false,false,false,true,false,false,false,false,true,false,false,false,false,false,false,false,false,false,false,false,false,false,false,false,false,true,false,true,true,true,false,false,false,30,6,4,5,0,1,0,false,false,false,false
Kubernetes,outlines,Kubernetes---kb_410_Normalized.json,4,2,2,2,2,4,0,completed,,,0.581779,0.0427623,0.0227303,0.0199735,2511,368,65.5,23,25,2,2,0,0,0,0,0,1,1,0,false,false,false,false,false,false,false,false,false,false,false,false,false,false,false,false,false,false,true,false,false,false,false,false,false,false,false,false,false,false,false,false,false,false,false,true,false,false,false,true,false,false,false,9,2,0,5,0,0,0,false,false,false,false
Kubernetes,outlines,Kubernetes---kb_411_Normalized.json,3,1,2,1,2,3,0,completed,,,0.591367,0.0299373,0.0139607,0.015927,2291,368,57,22.3333,25,1,2,0,0,0,0,0,1,1,0,false,false,false,false,false,false,false,false,false,false,false,false,false,false,false,false,false,false,true,false,false,false,false,false,false,false,false,false,false,false,false,false,false,false,false,true,false,false,false,true,false,false,false,9,2,0,5,0,0,0,false,false,false,false
Kubernetes,outlines,Kubernetes---kb_412_Normalized.json,3,1,2,1,2,3,0,completed,,,0.437451,0.008464,0.00395167,0.00448767,3259,576,32.3333,10.3333,13,1,2,0,0,0,0,0,1,1,0,false,false,false,false,false,false,false,false,false,false,false,false,false,false,false,false,false,false,false,false,false,false,false,false,false,false,false,false,false,false,false,false,false,false,false,true,false,false,true,true,false,false,false,8,2,1,4,0,0,0,false,false,false,false
Kubernetes,outlines,Kubernetes---kb_413_Normalized.json,3,1,2,1,2,3,0,completed,,,0.422959,0.00846,0.00390633,0.004528,2719,576,37,12,13,1,2,0,0,0,0,0,1,1,0,false,false,false,false,false,false,false,false,false,false,false,false,false,false,false,false,false,false,false,false,false,false,false,false,false,false,false,false,false,false,false,false,false,false,false,true,false,false,true,true,false,false,false,8,2,1,4,0,0,0,false,false,false,false
Kubernetes,outlines,Kubernetes---kb_414_Normalized.json,4,2,2,2,2,4,0,completed,,,0.310343,0.00031775,8.5e-05,0.000207,2490,495,27,14,14,2,2,0,0,0,0,0,1,1,0,false,false,false,false,false,false,false,false,false,false,false,false,false,false,false,false,false,false,false,false,false,false,false,false,false,false,false,false,false,false,false,false,false,false,false,true,false,false,true,true,false,false,false,10,2,2,4,0,0,0,false,false,false,false
Kubernetes,outlines,Kubernetes---kb_415_Normalized.json,4,2,2,2,2,4,0,completed,,,0.318935,0.0003235,8.55e-05,0.0002115,2383,434,27,14,14,2,2,0,0,0,0,0,1,1,0,false,false,false,false,false,false,false,false,false,false,false,false,false,false,false,false,false,false,false,false,false,false,false,false,false,false,false,false,false,false,false,false,false,false,false,true,false,false,true,true,false,false,false,10,2,2,4,0,0,0,false,false,false,false
Kubernetes,outlines,Kubernetes---kb_416_Normalized.json,5,2,3,2,3,5,0,completed,,,0.327696,0.000262,7.24e-05,0.000168,2928,434,26.8,14.2,15,2,3,0,0,0,0,0,1,1,0,false,false,false,false,false,false,false,false,false,false,false,false,false,false,false,false,false,false,false,false,false,false,false,false,false,false,false,false,false,false,false,false,false,false,false,true,false,false,true,true,false,false,false,10,2,2,4,0,0,0,false,false,false,false
Kubernetes,outlines,Kubernetes---kb_417_Normalized.json,4,1,3,1,3,4,0,completed,,,0.499451,0.0039685,0.00175775,0.00217475,3428,682,48.5,19.5,20,1,3,0,0,0,0,0,1,1,0,false,false,false,false,false,false,false,false,false,false,false,false,false,false,false,false,false,false,false,false,false,false,false,false,false,false,false,false,false,false,false,false,false,false,false,true,false,false,true,true,false,false,false,12,3,3,4,0,0,0,false,false,false,false
Kubernetes,outlines,Kubernetes---kb_418_Normalized.json,3,1,2,1,2,3,0,completed,,,0.525103,0.0104467,0.00494867,0.00545633,2765,682,50.6667,19.6667,20,1,2,0,0,0,0,0,1,1,0,false,false,false,false,false,false,false,false,false,false,false,false,false,false,false,false,false,false,false,false,false,false,false,false,false,false,false,false,false,false,false,false,false,false,false,true,false,false,true,true,false,false,false,12,3,3,4,0,0,0,false,false,false,false
Kubernetes,outlines,Kubernetes---kb_419_Normalized.json,5,2,3,2,3,5,0,completed,,,1.33788,0.0281722,0.0131984,0.0148734,7064,2275,166.4,54.4,63,2,3,0,0,0,0,0,1,1,0,false,false,false,false,false,false,false,false,false,true,false,false,false,false,false,false,false,false,true,false,false,false,false,false,false,false,false,false,false,false,false,false,false,false,false,true,false,true,true,true,false,false,false,25,6,3,4,0,0,0,false,false,false,false
Kubernetes,outlines,Kubernetes---kb_41_Normalized.json,5,2,3,2,3,5,0,completed,,,0.485432,0.0198202,0.0092418,0.0105404,2816,343,46.4,15.8,17,2,3,0,0,0,0,0,1,1,0,false,false,false,false,false,false,false,false,false,false,false,false,false,false,false,false,false,false,false,false,false,false,false,false,false,false,false,false,false,false,false,false,false,false,false,true,false,false,true,true,false,false,false,8,2,2,4,0,0,0,false,false,false,false
Kubernetes,outlines,Kubernetes---kb_420_Normalized.json,5,2,3,2,3,5,0,completed,,,1.31009,0.0284312,0.013342,0.0149926,7128,2275,172,55.4,66,2,3,0,0,0,0,0,1,1,0,false,false,false,false,false,false,false,false,false,true,false,false,false,false,false,false,false,false,true,false,false,false,false,false,false,false,false,false,false,false,false,false,false,false,false,true,false,true,true,true,false,false,false,25,6,3,4,0,0,0,false,false,false,false
Kubernetes,outlines,Kubernetes---kb_421_Normalized.json,4,2,2,2,2,4,0,completed,,,1.44851,0.0421072,0.0200668,0.0219575,5172,1532,194.25,58,59,2,2,0,0,0,0,0,1,1,0,false,false,false,false,false,false,false,false,false,true,false,false,false,false,false,false,false,false,true,false,false,false,false,false,false,false,false,false,false,false,false,true,false,false,false,true,false,true,true,true,false,false,false,28,7,3,4,2,0,0,false,false,false,false
Kubernetes,outlines,Kubernetes---kb_422_Normalized.json,5,2,3,2,3,5,0,completed,,,1.40773,0.0331658,0.0157188,0.017375,6167,1532,183.6,55.2,59,2,3,0,0,0,0,0,1,1,0,false,false,false,false,false,false,false,false,false,true,false,false,false,false,false,false,false,false,true,false,false,false,false,false,false,false,false,false,false,false,false,true,false,false,false,true,false,true,true,true,false,false,false,28,7,3,4,2,0,0,false,false,false,false
Kubernetes,outlines,Kubernetes---kb_423_Normalized.json,5,2,3,2,3,5,0,completed,,,0.436761,0.016429,0.0076434,0.00875,2620,285,41.8,15,20,2,3,0,0,0,0,0,1,1,0,false,false,false,false,false,false,false,false,false,false,false,false,false,false,false,false,false,false,false,false,false,false,false,false,false,false,false,false,false,false,false,false,false,false,false,true,false,false,true,true,false,false,false,8,2,2,4,0,0,0,false,false,false,false
Kubernetes,outlines,Kubernetes---kb_424_Normalized.json,5,2,3,2,3,5,0,completed,,,0.423851,0.016008,0.0073682,0.0086054,2634,285,45.2,15.8,20,2,3,0,0,0,0,0,1,1,0,false,false,false,false,false,false,false,false,false,false,false,false,false,false,false,false,false,false,false,false,false,false,false,false,false,false,false,false,false,false,false,false,false,false,false,true,false,false,true,true,false,false,false,8,2,2,4,0,0,0,false,false,false,false
Kubernetes,outlines,Kubernetes---kb_425_Normalized.json,3,1,2,1,2,3,0,completed,,,1.3479,0.0421047,0.0189167,0.023107,7440,3464,116.667,37.3333,43,1,2,0,0,0,0,0,1,1,0,false,false,false,false,false,false,false,false,false,true,false,false,false,false,false,false,false,false,false,false,false,false,false,false,false,false,false,false,false,false,false,true,false,false,false,true,false,true,true,true,false,false,false,33,9,3,4,2,0,0,false,false,false,false
Kubernetes,outlines,Kubernetes---kb_426_Normalized.json,4,2,2,2,2,4,0,completed,,,1.41718,0.0453202,0.020215,0.0250135,7094,3464,135.25,41.25,42,2,2,0,0,0,0,0,1,1,0,false,false,false,false,false,false,false,false,false,true,false,false,false,false,false,false,false,false,false,false,false,false,false,false,false,false,false,false,false,false,false,true,false,false,false,true,false,true,true,true,false,false,false,33,9,3,4,2,0,0,false,false,false,false
Kubernetes,outlines,Kubernetes---kb_427_Normalized.json,4,1,3,1,3,4,0,completed,,,1.38732,0.028066,0.012967,0.0150315,8279,3464,139.25,41.5,51,1,3,0,0,0,0,0,1,1,0,false,false,false,false,false,false,false,false,false,true,false,false,false,false,false,false,false,false,false,false,false,false,false,false,false,false,false,false,false,false,false,true,false,false,false,true,false,true,true,true,false,false,false,33,9,3,4,2,0,0,false,false,false,false
Kubernetes,outlines,Kubernetes---kb_428_Normalized.json,4,2,2,2,2,4,0,completed,,,2.66863,0.054181,0.02542,0.0286415,8507,4150,190.5,55.75,106,2,2,0,0,0,0,0,1,1,0,false,false,false,false,false,false,false,false,false,true,false,false,false,false,false,false,false,false,true,false,false,false,false,false,false,false,false,false,false,false,false,true,false,false,false,true,false,true,true,true,false,false,false,41,10,4,4,2,0,0,false,false,true,false
Kubernetes,outlines,Kubernetes---kb_429_Normalized.json,4,2,2,2,2,4,0,completed,,,2.58839,0.117537,0.0547118,0.0626172,10127,4150,305.25,94.5,163,2,2,0,0,0,0,0,1,1,0,false,false,false,false,false,false,false,false,false,true,false,false,false,false,false,false,false,false,true,false,false,false,false,false,false,false,false,false,false,false,false,true,false,false,false,true,false,true,true,true,false,false,false,41,10,4,4,2,0,0,false,false,true,false
Kubernetes,outlines,Kubernetes---kb_42_Normalized.json,6,2,4,2,4,6,0,completed,,,0.475686,0.0165732,0.00783317,0.0087075,3368,343,44.3333,16.1667,18,2,4,0,0,0,0,0,1,1,0,false,false,false,false,false,false,false,false,false,false,false,false,false,false,false,false,false,false,false,false,false,false,false,false,false,false,false,false,false,false,false,false,false,false,false,true,false,false,true,true,false,false,false,8,2,2,4,0,0,0,false,false,false,false
Kubernetes,outlines,Kubernetes---kb_430_Normalized.json,3,2,1,2,1,3,0,completed,,,2.58597,0.073074,0.033462,0.0394677,7500,4150,180,53.3333,80,2,1,0,0,0,0,0,1,1,0,false,false,false,false,false,false,false,false,false,true,false,false,false,false,false,false,false,false,true,false,false,false,false,false,false,false,false,false,false,false,false,true,false,false,false,true,false,true,true,true,false,false,false,41,10,4,4,2,0,0,false,false,true,false
Kubernetes,outlines,Kubernetes---kb_431_Normalized.json,5,2,3,2,3,5,0,completed,,,0.3212,0.000295,8.38e-05,0.0001858,2864,399,23.2,12,12,2,3,0,0,0,0,0,1,1,0,false,false,false,false,false,false,false,false,false,false,false,false,false,false,false,false,false,false,false,false,false,false,false,false,false,false,false,false,false,false,false,false,false,false,false,true,false,false,true,true,false,false,false,10,2,2,4,0,0,0,false,false,false,false
Kubernetes,outlines,Kubernetes---kb_432_Normalized.json,6,2,4,2,4,6,0,completed,,,0.329348,0.000243333,5.96667e-05,0.000162667,3351,344,23.3333,12,12,2,4,0,0,0,0,0,1,1,0,false,false,false,false,false,false,false,false,false,false,false,false,false,false,false,false,false,false,false,false,false,false,false,false,false,false,false,false,false,false,false,false,false,false,false,true,false,false,true,true,false,false,false,10,2,2,4,0,0,0,false,false,false,false
Kubernetes,outlines,Kubernetes---kb_433_Normalized.json,5,2,3,2,3,5,0,completed,,,0.30268,0.0002476,5.98e-05,0.000167,2807,344,23,11.8,12,2,3,0,0,0,0,0,1,1,0,false,false,false,false,false,false,false,false,false,false,false,false,false,false,false,false,false,false,false,false,false,false,false,false,false,false,false,false,false,false,false,false,false,false,false,true,false,false,true,true,false,false,false,10,2,2,4,0,0,0,false,false,false,false
Kubernetes,outlines,Kubernetes---kb_434_Normalized.json,3,1,2,1,2,3,0,completed,,,1.57757,0.117472,0.054302,0.0630093,3244,593,200.667,82.3333,86,1,2,0,0,0,0,0,1,1,0,false,false,false,false,false,false,false,false,false,false,false,false,false,false,false,false,false,false,false,false,false,false,false,false,false,false,false,false,false,false,false,false,false,false,false,true,false,false,true,true,false,false,false,13,9,9,4,0,0,0,false,true,false,false
Kubernetes,outlines,Kubernetes---kb_435_Normalized.json,6,1,5,1,5,6,0,completed,,,1.60009,0.0625663,0.0288948,0.0335808,5354,593,206.667,82.1667,89,1,5,0,0,0,0,0,1,1,0,false,false,false,false,false,false,false,false,false,false,false,false,false,false,false,false,false,false,false,false,false,false,false,false,false,false,false,false,false,false,false,false,false,false,false,true,false,false,true,true,false,false,false,13,9,9,4,0,0,0,false,true,false,false
Kubernetes,outlines,Kubernetes---kb_436_Normalized.json,3,2,1,2,1,3,0,completed,,,39.8889,0.0532867,0.0253107,0.0278483,34463,26045,396,116.333,131,0,1,0,2,0,1,0,1,0.333333,-1,true,false,false,false,false,false,false,false,false,true,false,false,false,true,false,false,false,false,true,false,false,false,false,false,false,false,false,false,false,false,false,true,false,false,false,true,false,true,true,true,false,false,false,195,55,8,5,2,2,0,false,true,true,false
Kubernetes,outlines,Kubernetes---kb_437_Normalized.json,3,2,1,2,1,3,0,completed,,,39.7478,0.0710907,0.033626,0.0372993,35303,25925,468,140,147,0,1,0,2,0,1,0,1,0.333333,-1,true,false,false,false,false,false,false,false,false,true,false,false,false,true,false,false,false,false,true,false,false,false,false,false,false,false,false,false,false,false,false,true,false,false,false,true,false,true,true,true,false,false,false,195,55,8,5,2,2,0,false,true,true,false
Kubernetes,outlines,Kubernetes---kb_438_Normalized.json,3,2,1,2,1,3,0,completed,,,40.9758,0.127875,0.060124,0.067544,35234,25888,461.333,138,151,0,1,0,2,0,1,0,1,0.333333,-1,true,false,false,false,false,false,false,false,false,true,false,false,false,true,false,false,false,false,true,false,false,false,false,false,false,false,false,false,false,false,false,true,false,false,false,true,false,true,true,true,false,false,false,194,55,8,5,2,1,0,false,true,true,false
Kubernetes,outlines,Kubernetes---kb_439_Normalized.json,4,1,3,1,3,4,0,completed,,,1.00663,0.0268705,0.012659,0.0141505,4785,1639,102.75,30,46,1,3,0,0,0,0,0,1,1,0,false,false,false,false,false,false,false,false,false,true,false,false,false,false,false,false,false,false,false,false,false,false,false,false,false,false,false,false,false,false,false,true,false,false,false,true,false,true,true,true,false,false,false,23,6,2,4,2,0,0,false,false,false,false
Kubernetes,outlines,Kubernetes---kb_43_Normalized.json,5,2,3,2,3,5,0,completed,,,33.1276,0.056861,0.0267094,0.0300152,30252,19636,380.6,109,125,2,3,0,0,0,0,0,1,1,0,true,false,false,false,false,false,false,false,false,true,false,false,false,true,false,false,false,false,true,false,false,false,false,false,false,false,false,false,false,false,false,false,false,false,false,true,false,true,true,true,false,false,false,161,47,10,5,0,2,0,false,true,true,false
Kubernetes,outlines,Kubernetes---kb_440_Normalized.json,4,1,3,1,3,4,0,completed,,,1.01804,0.0308938,0.014202,0.016623,4866,1639,107.75,31,39,1,3,0,0,0,0,0,1,1,0,false,false,false,false,false,false,false,false,false,true,false,false,false,false,false,false,false,false,false,false,false,false,false,false,false,false,false,false,false,false,false,true,false,false,false,true,false,true,true,true,false,false,false,23,6,2,4,2,0,0,false,false,false,false
Kubernetes,outlines,Kubernetes---kb_441_Normalized.json,3,1,2,1,2,3,0,completed,,,1.06848,0.0263677,0.0120627,0.014247,4279,1639,91.6667,26,30,1,2,0,0,0,0,0,1,1,0,false,false,false,false,false,false,false,false,false,true,false,false,false,false,false,false,false,false,false,false,false,false,false,false,false,false,false,false,false,false,false,true,false,false,false,true,false,true,true,true,false,false,false,23,6,2,4,2,0,0,false,false,false,false
Kubernetes,outlines,Kubernetes---kb_442_Normalized.json,6,2,4,2,4,6,0,completed,,,31.8917,0.0962218,0.0451032,0.0509383,25650,16755,377.333,105,112,1,4,0,1,0,0.5,0,1,0.833333,-0.5,true,false,false,false,false,false,false,false,false,true,false,false,false,true,false,false,false,false,true,false,false,false,false,false,false,false,false,false,false,false,false,false,false,false,false,true,false,true,true,true,false,false,false,121,37,6,5,0,2,0,false,true,true,false
Kubernetes,outlines,Kubernetes---kb_443_Normalized.json,7,2,5,2,5,7,0,completed,,,32.5733,0.135686,0.0633396,0.0721594,27628,16718,379,104.286,112,1,5,0,1,0,0.5,0,1,0.857143,-0.5,true,false,false,false,false,false,false,false,false,true,false,false,false,true,false,false,false,false,true,false,false,false,false,false,false,false,false,false,false,false,false,false,false,false,false,true,false,true,true,true,false,false,false,120,37,6,5,0,1,0,false,true,true,false
Kubernetes,outlines,Kubernetes---kb_444_Normalized.json,8,2,6,2,6,8,0,completed,,,56.1705,0.171101,0.0796276,0.091195,37546,20592,484.125,142.875,171,2,6,0,0,0,0,0,1,1,0,true,false,false,false,false,false,false,false,false,true,false,false,false,true,false,false,false,false,true,false,false,false,false,false,false,false,false,false,false,false,false,false,false,false,false,true,false,true,true,true,false,false,false,152,45,7,6,0,3,0,false,true,true,false
Kubernetes,outlines,Kubernetes---kb_445_Normalized.json,7,2,5,2,5,7,0,completed,,,56.0836,0.199298,0.0926831,0.106332,35647,20555,534.571,157.143,227,2,5,0,0,0,0,0,1,1,0,true,false,false,false,false,false,false,false,false,true,false,false,false,true,false,false,false,false,true,false,false,false,false,false,false,false,false,false,false,false,false,false,false,false,false,true,false,true,true,true,false,false,false,151,45,7,6,0,2,0,false,true,true,false
Kubernetes,outlines,Kubernetes---kb_446_Normalized.json,7,2,5,2,5,7,0,completed,,,0.844095,0.0524633,0.0238049,0.0285773,8889,1627,128.857,36.4286,44,2,5,0,0,0,0,0,1,1,0,false,false,false,false,false,false,false,false,false,true,false,false,false,false,false,false,false,false,false,false,false,false,false,false,false,false,false,false,false,false,false,false,false,false,false,true,false,true,true,true,false,false,false,18,5,2,4,0,0,0,false,false,false,false
Kubernetes,outlines,Kubernetes---kb_447_Normalized.json,3,1,2,1,2,3,0,completed,,,0.818226,0.0598263,0.0275017,0.03223,5347,1627,137.333,39,44,1,2,0,0,0,0,0,1,1,0,false,false,false,false,false,false,false,false,false,true,false,false,false,false,false,false,false,false,false,false,false,false,false,false,false,false,false,false,false,false,false,false,false,false,false,true,false,true,true,true,false,false,false,18,5,2,4,0,0,0,false,false,false,false
Kubernetes,outlines,Kubernetes---kb_448_Normalized.json,1,1,0,1,0,1,0,completed,,,62.4108,0.079283,0.037976,0.04114,37078,29944,539,157,157,0,0,0,1,0,1,0,1,0,-1,true,false,false,false,false,false,false,false,false,true,false,false,false,true,false,false,false,false,true,false,false,false,false,false,false,false,false,false,false,false,false,true,false,false,false,true,false,true,true,true,false,false,false,226,63,9,6,2,3,0,false,true,true,false
Kubernetes,outlines,Kubernetes---kb_449_Normalized.json,3,2,1,2,1,3,0,completed,,,64.3002,0.110853,0.0514143,0.0592193,39691,29831,485,154,161,0,1,0,2,0,1,0,1,0.333333,-1,true,false,false,false,false,false,false,false,false,true,false,false,false,true,false,false,false,false,true,false,false,false,false,false,false,false,false,false,false,false,false,true,false,false,false,true,false,true,true,true,false,false,false,226,63,9,6,2,3,0,false,true,true,false
Kubernetes,outlines,Kubernetes---kb_44_Normalized.json,6,2,4,2,4,6,0,completed,,,32.9473,0.100484,0.0474807,0.052842,31755,19591,360.833,102.667,117,2,4,0,0,0,0,0,1,1,0,true,false,false,false,false,false,false,false,false,true,false,false,false,true,false,false,false,false,true,false,false,false,false,false,false,false,false,false,false,false,false,false,false,false,false,true,false,true,true,true,false,false,false,160,47,10,5,0,1,0,false,true,true,false
Kubernetes,outlines,Kubernetes---kb_451_Normalized.json,4,2,2,2,2,4,0,completed,,,2.80716,0.0477067,0.0225173,0.0250817,12162,6102,276.25,81,84,2,2,0,0,0,0,0,1,1,0,false,false,false,false,false,false,false,false,false,true,false,false,false,false,false,false,false,false,true,false,false,false,false,false,false,false,false,false,false,false,false,true,false,false,false,true,false,true,true,true,false,false,false,47,12,4,5,2,0,0,false,false,true,false
Kubernetes,outlines,Kubernetes---kb_452_Normalized.json,4,2,2,2,2,4,0,completed,,,2.80108,0.0666802,0.0313097,0.0352275,12754,6102,263.5,81.75,87,2,2,0,0,0,0,0,1,1,0,false,false,false,false,false,false,false,false,false,true,false,false,false,false,false,false,false,false,true,false,false,false,false,false,false,false,false,false,false,false,false,true,false,false,false,true,false,true,true,true,false,false,false,47,12,4,5,2,0,0,false,false,true,false
Kubernetes,outlines,Kubernetes---kb_453_Normalized.json,4,2,2,2,2,4,0,completed,,,2.83471,0.066556,0.0314745,0.0349428,12179,6102,278.75,82.75,90,2,2,0,0,0,0,0,1,1,0,false,false,false,false,false,false,false,false,false,true,false,false,false,false,false,false,false,false,true,false,false,false,false,false,false,false,false,false,false,false,false,true,false,false,false,true,false,true,true,true,false,false,false,47,12,4,5,2,0,0,false,false,true,false
Kubernetes,outlines,Kubernetes---kb_454_Normalized.json,5,2,3,2,3,5,0,completed,,,4.86951,0.031566,0.0143702,0.0171172,17496,9128,268.8,78,96,0,3,0,2,0,1,0,1,0.6,-1,false,false,false,false,false,false,false,false,false,true,false,false,false,false,false,false,false,false,true,false,false,false,false,false,false,false,false,false,false,false,false,true,false,false,false,true,false,true,true,true,false,false,false,71,18,4,5,2,0,0,false,false,true,false
Kubernetes,outlines,Kubernetes---kb_455_Normalized.json,4,2,2,2,2,4,0,completed,,,4.92047,0.0255965,0.0119038,0.0136235,16597,9133,282.25,80.75,96,0,2,0,2,0,1,0,1,0.5,-1,false,false,false,false,false,false,false,false,false,true,false,false,false,false,false,false,false,false,true,false,false,false,false,false,false,false,false,false,false,false,false,true,false,false,false,true,false,true,true,true,false,false,false,71,18,4,5,2,0,0,false,false,true,false
Kubernetes,outlines,Kubernetes---kb_456_Normalized.json,2,2,0,2,0,2,0,completed,,,4.92949,0.031337,0.0136355,0.0176065,12893,9133,271,81,82,0,0,0,2,0,1,0,1,0,-1,false,false,false,false,false,false,false,false,false,true,false,false,false,false,false,false,false,false,true,false,false,false,false,false,false,false,false,false,false,false,false,true,false,false,false,true,false,true,true,true,false,false,false,71,18,4,5,2,0,0,false,false,true,false
Kubernetes,outlines,Kubernetes---kb_457_Normalized.json,4,2,2,2,2,4,0,completed,,,0.917783,0.0397455,0.0184295,0.021243,5130,1430,94.5,35,42,2,2,0,0,0,0,0,1,1,0,false,false,false,false,false,false,false,false,false,true,false,false,false,false,false,false,false,false,true,false,false,false,false,false,false,false,false,false,false,false,false,false,false,false,false,true,false,true,false,true,false,false,false,20,4,0,5,0,0,0,false,false,false,false
Kubernetes,outlines,Kubernetes---kb_458_Normalized.json,4,2,2,2,2,4,0,completed,,,0.925549,0.0436897,0.0210133,0.022598,4508,1430,105.25,36.75,48,2,2,0,0,0,0,0,1,1,0,false,false,false,false,false,false,false,false,false,true,false,false,false,false,false,false,false,false,true,false,false,false,false,false,false,false,false,false,false,false,false,false,false,false,false,true,false,true,false,true,false,false,false,20,4,0,5,0,0,0,false,false,false,false
Kubernetes,outlines,Kubernetes---kb_459_Normalized.json,4,2,2,2,2,4,0,completed,,,0.921607,0.053754,0.0250082,0.0286562,4577,1430,116.75,41.5,50,2,2,0,0,0,0,0,1,1,0,false,false,false,false,false,false,false,false,false,true,false,false,false,false,false,false,false,false,true,false,false,false,false,false,false,false,false,false,false,false,false,false,false,false,false,true,false,true,false,true,false,false,false,20,4,0,5,0,0,0,false,false,false,false
Kubernetes,outlines,Kubernetes---kb_45_Normalized.json,5,1,4,1,4,5,0,completed,,,56.7437,0.104159,0.049021,0.054941,36506,23430,468,135.2,160,0,4,0,1,0,1,0,1,0.8,-1,true,false,false,false,false,false,false,false,false,true,false,false,false,true,false,false,false,false,true,false,false,false,false,false,false,false,false,false,false,false,false,false,false,false,false,true,false,true,true,true,false,false,false,191,55,11,6,0,3,0,false,true,true,false
Kubernetes,outlines,Kubernetes---kb_460_Normalized.json,6,2,4,2,4,6,0,completed,,,0.627932,0.0216082,0.00998717,0.0115803,4353,841,70,20.1667,23,2,4,0,0,0,0,0,1,1,0,false,false,false,false,false,false,false,false,false,false,false,false,false,false,false,false,false,false,true,false,false,false,false,false,false,false,false,false,false,false,false,false,false,false,false,true,false,false,false,true,false,false,false,9,2,0,5,0,0,0,false,false,false,false
Kubernetes,outlines,Kubernetes---kb_461_Normalized.json,6,2,4,2,4,6,0,completed,,,0.622637,0.028139,0.0132328,0.0148577,3994,846,74.6667,21.5,25,2,4,0,0,0,0,0,1,1,0,false,false,false,false,false,false,false,false,false,false,false,false,false,false,false,false,false,false,true,false,false,false,false,false,false,false,false,false,false,false,false,false,false,false,false,true,false,false,false,true,false,false,false,9,2,0,5,0,0,0,false,false,false,false
Kubernetes,outlines,Kubernetes---kb_462_Normalized.json,5,2,3,2,3,5,0,completed,,,0.641962,0.025626,0.011833,0.0137436,3445,846,68.6,19.8,22,2,3,0,0,0,0,0,1,1,0,false,false,false,false,false,false,false,false,false,false,false,false,false,false,false,false,false,false,true,false,false,false,false,false,false,false,false,false,false,false,false,false,false,false,false,true,false,false,false,true,false,false,false,9,2,0,5,0,0,0,false,false,false,false
Kubernetes,outlines,Kubernetes---kb_463_Normalized.json,2,1,1,1,1,2,0,completed,,,0.320014,0.0081655,0.0032185,0.004923,1407,264,23.5,6.5,7,1,1,0,0,0,0,0,1,1,0,false,false,false,false,false,false,false,false,false,false,false,false,false,false,false,false,false,false,false,false,false,false,false,false,false,false,false,false,false,false,false,false,false,false,false,true,false,false,true,true,false,false,false,6,1,1,4,0,0,0,false,false,false,false
Kubernetes,outlines,Kubernetes---kb_464_Normalized.json,2,1,1,1,1,2,0,completed,,,0.321175,0.0096055,0.0041985,0.0053785,1407,264,23.5,7,8,1,1,0,0,0,0,0,1,1,0,false,false,false,false,false,false,false,false,false,false,false,false,false,false,false,false,false,false,false,false,false,false,false,false,false,false,false,false,false,false,false,false,false,false,false,true,false,false,true,true,false,false,false,6,1,1,4,0,0,0,false,false,false,false
Kubernetes,outlines,Kubernetes---kb_46_Normalized.json,2,1,1,1,1,2,0,completed,,,54.8322,0.17555,0.0818625,0.0934315,31232,23385,539.5,162,162,0,1,0,1,0,1,0,1,0.5,-1,true,false,false,false,false,false,false,false,false,true,false,false,false,true,false,false,false,false,true,false,false,false,false,false,false,false,false,false,false,false,false,false,false,false,false,true,false,true,true,true,false,false,false,190,55,11,6,0,2,0,false,true,true,false
Kubernetes,outlines,Kubernetes---kb_471_Normalized.json,4,2,2,2,2,4,0,completed,,,0.473682,0.0674623,0.0308893,0.0364882,3140,764,68.75,36.25,40,2,2,0,0,0,0,0,1,1,0,false,false,false,false,false,false,false,false,false,false,false,false,false,false,false,false,false,false,true,false,false,false,false,false,false,false,false,false,false,false,false,false,false,false,false,true,false,false,true,true,false,false,false,10,2,1,5,0,0,0,false,false,false,false
Kubernetes,outlines,Kubernetes---kb_472_Normalized.json,4,2,2,2,2,4,0,completed,,,0.573949,0.0651183,0.0296737,0.035364,3153,737,69,36,40,2,2,0,0,0,0,0,1,1,0,false,false,false,false,false,false,false,false,false,false,false,false,false,false,false,false,false,false,true,false,false,false,false,false,false,false,false,false,false,false,false,false,false,false,false,true,false,false,true,true,false,false,false,10,2,1,5,0,0,0,false,false,false,false
Kubernetes,outlines,Kubernetes---kb_473_Normalized.json,4,2,2,2,2,4,0,completed,,,0.579583,0.064041,0.0293425,0.0346165,3163,737,70,36.25,40,2,2,0,0,0,0,0,1,1,0,false,false,false,false,false,false,false,false,false,false,false,false,false,false,false,false,false,false,true,false,false,false,false,false,false,false,false,false,false,false,false,false,false,false,false,true,false,false,true,true,false,false,false,10,2,1,5,0,0,0,false,false,false,false
Kubernetes,outlines,Kubernetes---kb_474_Normalized.json,5,2,3,2,3,5,0,completed,,,2.2602,0.133664,0.0630828,0.0703962,8250,2636,352.8,134.4,151,2,3,0,0,0,0,0,1,1,0,false,false,false,false,false,false,false,false,false,true,false,false,false,false,false,false,false,false,true,false,false,false,false,false,false,false,false,false,false,false,false,false,false,false,false,true,false,true,true,true,false,false,false,37,13,3,5,0,0,0,false,false,true,false
Kubernetes,outlines,Kubernetes---kb_475_Normalized.json,8,2,6,2,6,8,0,completed,,,2.30264,0.153073,0.0726602,0.0801994,11469,2636,385.625,146.75,154,2,6,0,0,0,0,0,1,1,0,false,false,false,false,false,false,false,false,false,true,false,false,false,false,false,false,false,false,true,false,false,false,false,false,false,false,false,false,false,false,false,false,false,false,false,true,false,true,true,true,false,false,false,37,13,3,5,0,0,0,false,false,true,false
Kubernetes,outlines,Kubernetes---kb_476_Normalized.json,8,2,6,2,6,8,0,completed,,,2.10229,0.107907,0.0510686,0.0566928,10086,2552,239.75,93.875,141,1,6,0,1,0,0.5,0,1,0.875,-0.5,false,false,false,false,false,false,false,false,false,true,false,false,false,false,false,false,false,false,true,false,false,false,false,false,false,false,false,false,false,false,false,false,false,false,false,true,false,true,true,true,false,false,false,35,12,3,5,0,0,0,false,false,true,false
Kubernetes,outlines,Kubernetes---kb_477_Normalized.json,8,2,6,2,6,8,0,completed,,,2.08356,0.130243,0.0615329,0.0685356,10722,2552,314.125,120.25,142,2,6,0,0,0,0,0,1,1,0,false,false,false,false,false,false,false,false,false,true,false,false,false,false,false,false,false,false,true,false,false,false,false,false,false,false,false,false,false,false,false,false,false,false,false,true,false,true,true,true,false,false,false,35,12,3,5,0,0,0,false,false,true,false
Kubernetes,outlines,Kubernetes---kb_478_Normalized.json,2,2,0,2,0,2,0,completed,,,69.7573,0.0506135,0.023958,0.0265145,185039,149489,209.5,61.5,69,2,0,0,0,0,0,0,1,1,0,true,false,false,false,false,false,false,false,false,true,false,false,false,true,false,false,false,false,true,false,false,false,false,false,false,false,false,false,false,false,false,true,false,false,false,true,false,true,true,true,false,false,false,1448,442,76,6,4,2,0,false,true,true,false
Kubernetes,outlines,Kubernetes---kb_479_Normalized.json,2,2,0,2,0,2,0,completed,,,71.5852,0.066171,0.031396,0.0346325,184956,149469,198,57,60,2,0,0,0,0,0,0,1,1,0,true,false,false,false,false,false,false,false,false,true,false,false,false,true,false,false,false,false,true,false,false,false,false,false,false,false,false,false,false,false,false,true,false,false,false,true,false,true,true,true,false,false,false,1447,442,76,6,4,1,0,false,true,true,false
Kubernetes,outlines,Kubernetes---kb_47_Normalized.json,2,2,0,2,0,2,0,completed,,,1.86399,14.5742,6.76565,7.69374,15271,5067,3903.5,3533,6980,1,0,0,1,0,0.5,0,1,0.5,-0.5,false,false,false,false,false,false,false,false,false,true,false,false,false,false,false,false,false,false,true,false,false,false,false,false,false,false,false,false,false,false,false,false,false,false,false,true,false,true,true,true,false,false,false,59,15,6,5,0,0,0,false,true,true,false
Kubernetes,outlines,Kubernetes---kb_480_Normalized.json,3,1,2,1,2,3,0,completed,,,1.14652,0.138203,0.0642543,0.0737777,3932,1301,180.667,66,67,1,2,0,0,0,0,0,1,1,0,false,false,false,false,false,false,false,false,false,true,false,false,false,false,false,false,false,false,false,false,false,false,false,false,false,false,false,false,false,false,false,false,false,false,false,true,false,true,true,true,false,false,false,20,6,2,4,0,0,0,false,false,false,false
Kubernetes,outlines,Kubernetes---kb_481_Normalized.json,4,2,2,2,2,4,0,completed,,,1.13448,0.112446,0.0519052,0.060391,4290,1301,185.5,67,68,2,2,0,0,0,0,0,1,1,0,false,false,false,false,false,false,false,false,false,true,false,false,false,false,false,false,false,false,false,false,false,false,false,false,false,false,false,false,false,false,false,false,false,false,false,true,false,true,true,true,false,false,false,20,6,2,4,0,0,0,false,false,false,false
Kubernetes,outlines,Kubernetes---kb_484_Normalized.json,5,2,3,2,3,5,0,completed,,,144.263,0.0627366,0.0304676,0.0321088,185157,145091,387.8,114.2,115,2,3,0,0,0,0,0,1,1,0,true,false,false,false,false,false,false,false,false,true,false,false,false,false,false,false,false,false,true,false,false,false,false,false,false,false,false,false,false,false,false,true,false,false,false,true,false,true,true,true,false,false,false,1391,425,74,6,4,0,0,false,true,true,false
Kubernetes,outlines,Kubernetes---kb_485_Normalized.json,5,2,3,2,3,5,0,completed,,,143.984,0.0405824,0.0190546,0.0214184,184564,145091,393.2,115.8,121,2,3,0,0,0,0,0,1,1,0,true,false,false,false,false,false,false,false,false,true,false,false,false,false,false,false,false,false,true,false,false,false,false,false,false,false,false,false,false,false,false,true,false,false,false,true,false,true,true,true,false,false,false,1391,425,74,6,4,0,0,false,true,true,false
Kubernetes,outlines,Kubernetes---kb_486_Normalized.json,3,1,2,1,2,3,0,completed,,,2.82089,0.196271,0.090355,0.105642,6839,2895,333,127.667,129,1,2,0,0,0,0,0,1,1,0,false,false,false,false,false,false,false,false,false,true,false,false,false,false,false,false,false,false,true,false,false,false,false,false,false,false,false,false,false,false,false,false,false,false,false,true,false,true,true,true,false,false,false,42,12,2,4,0,0,0,false,false,true,false
Kubernetes,outlines,Kubernetes---kb_487_Normalized.json,8,2,6,2,6,8,0,completed,,,2.78483,0.169282,0.0840829,0.0849945,12446,2895,365.375,135.25,168,2,6,0,0,0,0,0,1,1,0,false,false,false,false,false,false,false,false,false,true,false,false,false,false,false,false,false,false,true,false,false,false,false,false,false,false,false,false,false,false,false,false,false,false,false,true,false,true,true,true,false,false,false,42,12,2,4,0,0,0,false,false,true,false
Kubernetes,outlines,Kubernetes---kb_488_Normalized.json,3,2,1,2,1,3,0,completed,,,60.5182,0.052678,0.0249613,0.0275947,181607,145879,270,79.3333,101,1,1,0,1,0,0.5,0,1,0.666667,-0.5,true,false,false,false,false,false,false,false,false,true,false,false,false,false,false,false,false,false,true,false,false,false,false,false,false,false,false,false,false,false,false,true,false,false,false,true,false,true,true,true,false,false,false,1398,427,74,6,4,0,0,false,true,true,false
Kubernetes,outlines,Kubernetes---kb_489_Normalized.json,5,2,3,2,3,5,0,completed,,,58.4083,0.0211392,0.010077,0.0110102,184578,145879,243.8,69.4,77,0,3,0,2,0,1,0,1,0.6,-1,true,false,false,false,false,false,false,false,false,true,false,false,false,false,false,false,false,false,true,false,false,false,false,false,false,false,false,false,false,false,false,true,false,false,false,true,false,true,true,true,false,false,false,1398,427,74,6,4,0,0,false,true,true,false
Kubernetes,outlines,Kubernetes---kb_48_Normalized.json,3,2,1,2,1,3,0,completed,,,1.88774,0.692322,0.323416,0.368184,10329,5067,726.667,380,529,1,1,0,1,0,0.5,0,1,0.666667,-0.5,false,false,false,false,false,false,false,false,false,true,false,false,false,false,false,false,false,false,true,false,false,false,false,false,false,false,false,false,false,false,false,false,false,false,false,true,false,true,true,true,false,false,false,59,15,6,5,0,0,0,false,true,true,false
Kubernetes,outlines,Kubernetes---kb_490_Normalized.json,3,2,1,2,1,3,0,completed,,,59.3283,0.0492797,0.023427,0.025735,181643,145879,277.667,84.6667,92,0,1,0,2,0,1,0,1,0.333333,-1,true,false,false,false,false,false,false,false,false,true,false,false,false,false,false,false,false,false,true,false,false,false,false,false,false,false,false,false,false,false,false,true,false,false,false,true,false,true,true,true,false,false,false,1398,427,74,6,4,0,0,false,true,true,false
Kubernetes,outlines,Kubernetes---kb_494_Normalized.json,6,2,4,2,4,6,0,completed,,,0.144733,,,,39227,21079,,,,0,4,0,2,0,1,0,1,0.666667,-1,true,false,false,false,false,false,false,false,false,true,false,false,false,false,false,false,false,false,true,false,false,false,false,false,false,false,false,false,false,false,false,false,false,false,false,true,false,true,false,true,false,false,false,176,88,0,5,0,0,0,false,false,true,false
Kubernetes,outlines,Kubernetes---kb_495_Normalized.json,5,2,3,2,3,5,0,completed,,,0.114326,,,,36190,21359,,,,0,3,0,2,0,1,0,1,0.6,-1,true,false,false,false,false,false,false,false,false,true,false,false,false,false,false,false,false,false,true,false,false,false,false,false,false,false,false,false,false,false,false,false,false,false,false,true,false,true,false,true,false,false,false,176,88,0,5,0,0,0,false,false,true,false
Kubernetes,outlines,Kubernetes---kb_496_Normalized.json,5,2,3,2,3,5,0,completed,,,0.135428,,,,37546,21359,,,,0,3,0,2,0,1,0,1,0.6,-1,true,false,false,false,false,false,false,false,false,true,false,false,false,false,false,false,false,false,true,false,false,false,false,false,false,false,false,false,false,false,false,false,false,false,false,true,false,true,false,true,false,false,false,176,88,0,5,0,0,0,false,false,true,false
Kubernetes,outlines,Kubernetes---kb_49_Normalized.json,5,2,3,2,3,5,0,completed,,,0.748009,0.0283364,0.0126204,0.015666,5342,1532,81.8,30,30,1,3,0,1,0,0.5,0,1,0.8,-0.5,false,false,false,false,false,false,false,false,false,false,false,false,false,false,false,false,false,false,false,false,false,false,false,false,false,false,false,false,false,false,false,false,false,false,false,true,false,false,true,true,false,false,false,13,4,1,4,0,0,0,false,false,false,false
Kubernetes,outlines,Kubernetes---kb_4_Normalized.json,9,2,7,2,7,9,0,completed,,,2.97293,0.0378198,0.0170237,0.0207129,13531,2499,238.333,73,111,1,7,0,1,0,0.5,0,1,0.888889,-0.5,true,false,false,false,false,false,false,false,false,true,false,false,false,false,false,false,false,false,true,false,false,false,false,false,false,false,false,false,false,false,false,false,false,false,false,true,false,true,true,true,false,false,false,33,6,2,5,0,0,0,false,false,false,false
Kubernetes,outlines,Kubernetes---kb_506_Normalized.json,5,2,3,2,3,5,0,completed,,,0.45937,0.0107584,0.0049686,0.0057536,3479,872,53.4,19,20,2,3,0,0,0,0,0,1,1,0,false,false,false,false,false,false,false,false,false,false,false,false,false,false,false,false,false,false,false,false,false,false,false,false,false,false,false,false,false,false,false,false,false,false,false,true,false,false,true,true,false,false,false,11,3,2,4,0,0,0,false,false,false,false
Kubernetes,outlines,Kubernetes---kb_507_Normalized.json,5,2,3,2,3,5,0,completed,,,0.544879,0.015222,0.0069326,0.0082512,4082,872,61.2,21,28,2,3,0,0,0,0,0,1,1,0,false,false,false,false,false,false,false,false,false,false,false,false,false,false,false,false,false,false,false,false,false,false,false,false,false,false,false,false,false,false,false,false,false,false,false,true,false,false,true,true,false,false,false,11,3,2,4,0,0,0,false,false,false,false
Kubernetes,outlines,Kubernetes---kb_508_Normalized.json,8,2,6,2,6,8,0,completed,,,1.82251,0.0992996,0.0467243,0.0523918,10395,1887,214,68.25,90,2,6,0,0,0,0,0,1,1,0,true,false,false,false,false,false,false,false,false,true,false,false,false,false,false,false,false,false,true,false,false,false,false,false,false,false,false,false,false,false,false,false,false,false,false,true,false,true,true,true,false,false,false,26,5,2,5,0,0,0,false,false,false,false
Kubernetes,outlines,Kubernetes---kb_509_Normalized.json,8,2,6,2,6,8,0,completed,,,1.81776,0.0722564,0.0339471,0.0381756,9985,1887,219.75,67.5,108,2,6,0,0,0,0,0,1,1,0,true,false,false,false,false,false,false,false,false,true,false,false,false,false,false,false,false,false,true,false,false,false,false,false,false,false,false,false,false,false,false,false,false,false,false,true,false,true,true,true,false,false,false,26,5,2,5,0,0,0,false,false,false,false
Kubernetes,outlines,Kubernetes---kb_50_Normalized.json,6,2,4,2,4,6,0,completed,,,0.723852,0.0272572,0.0128625,0.0143478,6304,1532,80.8333,29.6667,30,1,4,0,1,0,0.5,0,1,0.833333,-0.5,false,false,false,false,false,false,false,false,false,false,false,false,false,false,false,false,false,false,false,false,false,false,false,false,false,false,false,false,false,false,false,false,false,false,false,true,false,false,true,true,false,false,false,13,4,1,4,0,0,0,false,false,false,false
Kubernetes,outlines,Kubernetes---kb_510_Normalized.json,4,2,2,2,2,4,0,completed,,,0.751518,0.0211702,0.0100328,0.011089,3608,866,57,20.25,21,2,2,0,0,0,0,0,1,1,0,false,false,false,false,false,false,false,false,false,false,false,false,false,false,false,false,false,false,true,false,false,false,false,false,false,false,false,false,false,false,false,false,false,false,false,true,false,false,true,true,false,false,false,14,3,2,5,0,0,0,false,false,false,false
Kubernetes,outlines,Kubernetes---kb_511_Normalized.json,4,1,3,1,3,4,0,completed,,,0.796655,0.0229833,0.0107525,0.0121807,3944,866,63,21.75,22,1,3,0,0,0,0,0,1,1,0,false,false,false,false,false,false,false,false,false,false,false,false,false,false,false,false,false,false,true,false,false,false,false,false,false,false,false,false,false,false,false,false,false,false,false,true,false,false,true,true,false,false,false,14,3,2,5,0,0,0,false,false,false,false
Kubernetes,outlines,Kubernetes---kb_512_Normalized.json,5,2,3,2,3,5,0,completed,,,32.4475,0.133017,0.0615946,0.0711872,25320,15992,513,161.4,186,1,3,0,1,0,0.5,0,1,0.8,-0.5,true,false,false,false,false,false,false,false,false,true,false,false,false,true,false,false,false,false,true,false,false,false,false,false,false,false,false,false,false,false,false,false,false,false,false,true,false,true,true,true,false,false,false,122,37,4,5,0,2,0,false,false,true,false
Kubernetes,outlines,Kubernetes---kb_513_Normalized.json,4,2,2,2,2,4,0,completed,,,32.3965,0.198721,0.0931778,0.105273,23561,16012,476.25,163.5,189,1,2,0,1,0,0.5,0,1,0.75,-0.5,true,false,false,false,false,false,false,false,false,true,false,false,false,true,false,false,false,false,true,false,false,false,false,false,false,false,false,false,false,false,false,false,false,false,false,true,false,true,true,true,false,false,false,122,37,4,5,0,2,0,false,false,true,false
Kubernetes,outlines,Kubernetes---kb_514_Normalized.json,6,2,4,2,4,6,0,completed,,,32.8625,0.114063,0.0528502,0.0610467,25766,15973,427.5,138.667,148,1,4,0,1,0,0.5,0,1,0.833333,-0.5,true,false,false,false,false,false,false,false,false,true,false,false,false,true,false,false,false,false,true,false,false,false,false,false,false,false,false,false,false,false,false,false,false,false,false,true,false,true,true,true,false,false,false,121,37,4,5,0,1,0,false,false,true,false
Kubernetes,outlines,Kubernetes---kb_515_Normalized.json,8,2,6,2,6,8,0,completed,,,57.0084,0.156403,0.0721966,0.0839304,35157,19880,445.75,152,164,2,6,0,0,0,0,0,1,1,0,true,false,false,false,false,false,false,false,false,true,false,false,false,true,false,false,false,false,true,false,false,false,false,false,false,false,false,false,false,false,false,false,false,false,false,true,false,true,true,true,false,false,false,153,45,5,6,0,3,0,false,true,true,false
Kubernetes,outlines,Kubernetes---kb_516_Normalized.json,5,1,4,1,4,5,0,completed,,,56.1729,0.179321,0.0835296,0.09549,31032,19915,418.2,145.8,147,1,4,0,0,0,0,0,1,1,0,true,false,false,false,false,false,false,false,false,true,false,false,false,true,false,false,false,false,true,false,false,false,false,false,false,false,false,false,false,false,false,false,false,false,false,true,false,true,true,true,false,false,false,153,45,5,6,0,3,0,false,true,true,false
Kubernetes,outlines,Kubernetes---kb_517_Normalized.json,5,1,4,1,4,5,0,completed,,,52.8561,0.470196,0.224035,0.245534,33589,19876,695.8,256.4,260,1,4,0,0,0,0,0,1,1,0,true,false,false,false,false,false,false,false,false,true,false,false,false,true,false,false,false,false,true,false,false,false,false,false,false,false,false,false,false,false,false,false,false,false,false,true,false,true,true,true,false,false,false,152,45,5,6,0,2,0,false,true,true,false
Kubernetes,outlines,Kubernetes---kb_518_Normalized.json,4,2,2,2,2,4,0,completed,,,1.01543,0.113642,0.052422,0.0610685,4240,1308,166.5,69.5,71,2,2,0,0,0,0,0,1,1,0,false,false,false,false,false,false,false,false,false,true,false,false,false,false,false,false,false,false,false,false,false,false,false,false,false,false,false,false,false,false,false,false,false,false,false,true,false,true,false,true,false,false,false,19,5,0,4,0,0,0,false,false,false,false
Kubernetes,outlines,Kubernetes---kb_519_Normalized.json,4,2,2,2,2,4,0,completed,,,1.02326,0.113531,0.0522193,0.0611573,4240,1308,166.5,69.5,71,2,2,0,0,0,0,0,1,1,0,false,false,false,false,false,false,false,false,false,true,false,false,false,false,false,false,false,false,false,false,false,false,false,false,false,false,false,false,false,false,false,false,false,false,false,true,false,true,false,true,false,false,false,19,5,0,4,0,0,0,false,false,false,false
Kubernetes,outlines,Kubernetes---kb_51_Normalized.json,2,1,1,1,1,2,0,completed,,,1.1134,0.0692915,0.0316675,0.037509,3002,1097,200.5,60.5,61,1,1,0,0,0,0,0,1,1,0,false,false,false,false,false,false,false,false,false,false,false,false,false,false,false,false,false,false,false,false,false,false,false,false,false,false,false,false,false,false,false,false,false,false,false,true,false,false,true,true,false,false,false,16,6,2,4,0,0,0,false,false,false,false
Kubernetes,outlines,Kubernetes---kb_520_Normalized.json,5,2,3,2,3,5,0,completed,,,0.991944,0.105806,0.0490106,0.056662,4997,1308,166.2,69.2,71,2,3,0,0,0,0,0,1,1,0,false,false,false,false,false,false,false,false,false,true,false,false,false,false,false,false,false,false,false,false,false,false,false,false,false,false,false,false,false,false,false,false,false,false,false,true,false,true,false,true,false,false,false,19,5,0,4,0,0,0,false,false,false,false
Kubernetes,outlines,Kubernetes---kb_521_Normalized.json,4,2,2,2,2,4,0,completed,,,4.1924,0.105353,0.049014,0.0561678,10542,5342,268.5,86.5,106,2,2,0,0,0,0,0,1,1,0,false,false,false,false,false,false,false,false,false,true,false,false,false,false,false,false,false,false,true,false,false,false,false,false,false,false,false,false,false,false,false,true,false,false,false,true,false,true,true,true,false,false,false,59,15,4,5,2,0,0,false,false,true,false
Kubernetes,outlines,Kubernetes---kb_522_Normalized.json,2,2,0,2,0,2,0,completed,,,4.14762,0.140236,0.070758,0.069255,8397,5342,260.5,83,85,2,0,0,0,0,0,0,1,1,0,false,false,false,false,false,false,false,false,false,true,false,false,false,false,false,false,false,false,true,false,false,false,false,false,false,false,false,false,false,false,false,true,false,false,false,true,false,true,true,true,false,false,false,59,15,4,5,2,0,0,false,false,true,false
Kubernetes,outlines,Kubernetes---kb_523_Normalized.json,5,2,3,2,3,5,0,completed,,,1.009,0.004138,0.0017716,0.002327,10339,3896,144.6,44.8,46,1,3,0,1,0,0.5,0,1,0.8,-0.5,false,false,false,false,false,false,false,false,false,true,false,false,false,false,false,false,false,false,false,false,false,false,false,false,false,false,false,false,false,false,false,false,false,false,false,true,false,true,true,true,false,false,false,33,7,1,5,0,0,0,false,false,false,false
Kubernetes,outlines,Kubernetes---kb_524_Normalized.json,5,2,3,2,3,5,0,completed,,,1.01104,0.0052934,0.0021172,0.003133,10333,3896,143.6,44.8,46,1,3,0,1,0,0.5,0,1,0.8,-0.5,false,false,false,false,false,false,false,false,false,true,false,false,false,false,false,false,false,false,false,false,false,false,false,false,false,false,false,false,false,false,false,false,false,false,false,true,false,true,true,true,false,false,false,33,7,1,5,0,0,0,false,false,false,false
Kubernetes,outlines,Kubernetes---kb_525_Normalized.json,4,2,2,2,2,4,0,completed,,,35.3388,0.157613,0.0731788,0.0841925,26532,17163,433.25,153,153,2,2,0,0,0,0,0,1,1,0,true,false,false,false,false,false,false,false,false,true,false,false,false,true,false,false,false,false,true,false,false,false,false,false,false,false,false,false,false,false,false,true,false,false,false,true,false,true,true,true,false,false,false,141,39,6,5,2,2,0,false,true,true,false
Kubernetes,outlines,Kubernetes---kb_526_Normalized.json,3,2,1,2,1,3,0,completed,,,36.3474,0.233897,0.107817,0.125737,24909,17149,470,165,171,2,1,0,0,0,0,0,1,1,0,true,false,false,false,false,false,false,false,false,true,false,false,false,true,false,false,false,false,true,false,false,false,false,false,false,false,false,false,false,false,false,true,false,false,false,true,false,true,true,true,false,false,false,140,39,6,5,2,1,0,false,true,true,false
Kubernetes,outlines,Kubernetes---kb_527_Normalized.json,5,1,4,1,4,5,0,completed,,,2.82782,0.052749,0.0239244,0.028744,7566,1989,250.6,93,99,1,4,0,0,0,0,0,1,1,0,true,false,false,false,false,false,false,false,false,true,false,false,false,false,false,false,false,false,false,false,false,false,false,false,false,false,false,false,false,false,false,true,false,false,false,true,false,true,true,true,false,false,false,30,6,1,4,2,0,0,false,false,false,false
Kubernetes,outlines,Kubernetes---kb_528_Normalized.json,5,2,3,2,3,5,0,completed,,,2.89963,0.088274,0.040543,0.0476076,7284,1989,244.8,92,98,2,3,0,0,0,0,0,1,1,0,true,false,false,false,false,false,false,false,false,true,false,false,false,false,false,false,false,false,false,false,false,false,false,false,false,false,false,false,false,false,false,true,false,false,false,true,false,true,true,true,false,false,false,30,6,1,4,2,0,0,false,false,false,false
Kubernetes,outlines,Kubernetes---kb_529_Normalized.json,4,2,2,2,2,4,0,completed,,,65.0604,0.175096,0.0809305,0.0938845,31438,21148,433.5,149.25,153,2,2,0,0,0,0,0,1,1,0,true,false,false,false,false,false,false,false,false,true,false,false,false,true,false,false,false,false,true,false,false,false,false,false,false,false,false,false,false,false,false,true,false,false,false,true,false,true,true,true,false,false,false,172,47,7,6,2,3,0,false,true,true,false
Kubernetes,outlines,Kubernetes---kb_52_Normalized.json,4,2,2,2,2,4,0,completed,,,1.10211,0.067603,0.031584,0.0359175,4105,1097,199.75,60.75,62,2,2,0,0,0,0,0,1,1,0,false,false,false,false,false,false,false,false,false,false,false,false,false,false,false,false,false,false,false,false,false,false,false,false,false,false,false,false,false,false,false,false,false,false,false,true,false,false,true,true,false,false,false,16,6,2,4,0,0,0,false,false,false,false
Kubernetes,outlines,Kubernetes---kb_531_Normalized.json,2,2,0,2,0,2,0,completed,,,5.49559,0.408469,0.187014,0.220914,6300,2415,517.5,188,188,2,0,0,0,0,0,0,1,1,0,true,false,false,false,false,false,false,false,false,true,false,false,false,false,false,false,false,false,true,false,false,false,false,false,false,false,false,false,false,false,false,true,false,false,false,true,false,true,true,true,false,false,false,38,7,2,5,2,0,0,false,false,false,false
Kubernetes,outlines,Kubernetes---kb_532_Normalized.json,3,2,1,2,1,3,0,completed,,,5.66674,0.458928,0.211503,0.246853,8892,2415,543,199,221,2,1,0,0,0,0,0,1,1,0,true,false,false,false,false,false,false,false,false,true,false,false,false,false,false,false,false,false,true,false,false,false,false,false,false,false,false,false,false,false,false,true,false,false,false,true,false,true,true,true,false,false,false,38,7,2,5,2,0,0,false,false,false,false
Kubernetes,outlines,Kubernetes---kb_533_Normalized.json,4,2,2,2,2,4,0,completed,,,0.707959,0.00483225,0.00210375,0.00269625,5788,2472,87.5,31.5,32,1,2,0,1,0,0.5,0,1,0.75,-0.5,false,false,false,false,false,false,false,false,false,true,false,false,false,false,false,false,false,false,false,false,false,false,false,false,false,false,false,false,false,false,false,false,false,false,false,true,false,true,true,true,false,false,false,25,5,1,4,0,0,0,false,false,false,false
Kubernetes,outlines,Kubernetes---kb_534_Normalized.json,3,2,1,2,1,3,0,completed,,,0.713215,0.00603233,0.002524,0.00347167,4825,2472,90.3333,31.6667,32,1,1,0,1,0,0.5,0,1,0.666667,-0.5,false,false,false,false,false,false,false,false,false,true,false,false,false,false,false,false,false,false,false,false,false,false,false,false,false,false,false,false,false,false,false,false,false,false,false,true,false,true,true,true,false,false,false,25,5,1,4,0,0,0,false,false,false,false
Kubernetes,outlines,Kubernetes---kb_535_Normalized.json,7,2,5,2,5,7,0,completed,,,0.851704,0.0858211,0.040142,0.0455676,10880,2338,148,53.7143,92,2,5,0,0,0,0,0,1,1,0,false,false,false,false,false,false,false,false,false,false,false,false,false,false,false,false,false,false,false,false,false,false,false,false,false,false,false,false,false,false,false,false,false,false,false,true,false,false,false,true,false,false,false,12,4,0,4,0,0,0,false,false,false,false
Kubernetes,outlines,Kubernetes---kb_536_Normalized.json,7,2,5,2,5,7,0,completed,,,0.878174,0.0527776,0.0245627,0.0281427,10805,2338,136,45,89,2,5,0,0,0,0,0,1,1,0,false,false,false,false,false,false,false,false,false,false,false,false,false,false,false,false,false,false,false,false,false,false,false,false,false,false,false,false,false,false,false,false,false,false,false,true,false,false,false,true,false,false,false,12,4,0,4,0,0,0,false,false,false,false
Kubernetes,outlines,Kubernetes---kb_537_Normalized.json,5,1,4,1,4,5,0,completed,,,0.502919,0.0163078,0.0074304,0.00884,3550,499,41.6,16.6,19,1,4,0,0,0,0,0,1,1,0,false,false,false,false,false,false,false,false,false,false,false,false,false,false,false,false,false,false,false,false,false,false,false,false,false,false,false,false,false,false,false,false,false,false,false,true,false,false,false,true,false,false,false,7,2,0,4,0,0,0,false,false,false,false
Kubernetes,outlines,Kubernetes---kb_538_Normalized.json,7,2,5,2,5,7,0,completed,,,0.478353,0.0185724,0.00831814,0.0102143,4332,499,41.2857,16.1429,19,2,5,0,0,0,0,0,1,1,0,false,false,false,false,false,false,false,false,false,false,false,false,false,false,false,false,false,false,false,false,false,false,false,false,false,false,false,false,false,false,false,false,false,false,false,true,false,false,false,true,false,false,false,7,2,0,4,0,0,0,false,false,false,false
Kubernetes,outlines,Kubernetes---kb_539_Normalized.json,7,2,5,2,5,7,0,completed,,,0.854075,0.0405671,0.0188271,0.0216737,6395,1024,92.1429,34,46,2,5,0,0,0,0,0,1,1,0,false,false,false,false,false,false,false,false,false,true,false,false,false,false,false,false,false,false,true,false,false,false,false,false,false,false,false,false,false,false,false,false,false,false,false,true,false,true,false,true,false,false,false,15,3,0,4,0,0,0,false,false,false,false
Kubernetes,outlines,Kubernetes---kb_53_Normalized.json,6,1,5,1,5,6,0,completed,,,0.876564,0.011244,0.0051485,0.00606217,4914,683,110.833,29.5,30,1,5,0,0,0,0,0,1,1,0,false,false,false,false,false,false,false,false,false,false,false,false,false,false,false,false,false,false,false,false,false,false,false,false,false,false,false,false,false,false,false,false,false,false,false,true,false,false,true,true,false,false,false,12,4,2,4,0,0,0,false,false,false,false
Kubernetes,outlines,Kubernetes---kb_540_Normalized.json,5,1,4,1,4,5,0,completed,,,0.809865,0.0267476,0.0133784,0.0133194,5165,1024,69,24.2,43,1,4,0,0,0,0,0,1,1,0,false,false,false,false,false,false,false,false,false,true,false,false,false,false,false,false,false,false,true,false,false,false,false,false,false,false,false,false,false,false,false,false,false,false,false,true,false,true,false,true,false,false,false,15,3,0,4,0,0,0,false,false,false,false
Kubernetes,outlines,Kubernetes---kb_541_Normalized.json,2,1,1,1,1,2,0,completed,,,0.316953,0.007362,0.003279,0.0040575,1467,326,19.5,6.5,7,1,1,0,0,0,0,0,1,1,0,false,false,false,false,false,false,false,false,false,false,false,false,false,false,false,false,false,false,false,false,false,false,false,false,false,false,false,false,false,false,false,false,false,false,false,true,false,false,false,true,false,false,false,5,1,0,4,0,0,0,false,false,false,false
Kubernetes,outlines,Kubernetes---kb_542_Normalized.json,2,1,1,1,1,2,0,completed,,,0.30451,0.007192,0.003183,0.003982,1467,326,19.5,6.5,7,1,1,0,0,0,0,0,1,1,0,false,false,false,false,false,false,false,false,false,false,false,false,false,false,false,false,false,false,false,false,false,false,false,false,false,false,false,false,false,false,false,false,false,false,false,true,false,false,false,true,false,false,false,5,1,0,4,0,0,0,false,false,false,false
Kubernetes,outlines,Kubernetes---kb_543_Normalized.json,7,2,5,2,5,7,0,completed,,,30.8536,0.0686237,0.0320579,0.0364151,33744,19449,515.857,145.286,187,2,5,0,0,0,0,0,1,1,0,true,false,false,false,false,false,false,false,false,true,false,false,false,true,false,false,false,false,true,false,false,false,false,false,false,false,false,false,false,false,false,false,false,false,false,true,false,true,true,true,false,false,false,163,52,6,6,0,2,0,false,true,true,false
Kubernetes,outlines,Kubernetes---kb_544_Normalized.json,4,2,2,2,2,4,0,completed,,,30.6479,0.164766,0.0737825,0.0906923,29227,19497,618.25,185,193,2,2,0,0,0,0,0,1,1,0,true,false,false,false,false,false,false,false,false,true,false,false,false,true,false,false,false,false,true,false,false,false,false,false,false,false,false,false,false,false,false,false,false,false,false,true,false,true,true,true,false,false,false,163,52,6,6,0,2,0,false,true,true,false
Kubernetes,outlines,Kubernetes---kb_545_Normalized.json,7,2,5,2,5,7,0,completed,,,30.6194,0.154175,0.0719897,0.0819334,33608,19457,599.286,179,193,2,5,0,0,0,0,0,1,1,0,true,false,false,false,false,false,false,false,false,true,false,false,false,true,false,false,false,false,true,false,false,false,false,false,false,false,false,false,false,false,false,false,false,false,false,true,false,true,true,true,false,false,false,162,52,6,6,0,1,0,false,true,true,false
Kubernetes,outlines,Kubernetes---kb_546_Normalized.json,4,2,2,2,2,4,0,completed,,,0.456083,0.0162323,0.00704575,0.009153,3087,595,38,14.25,15,1,2,0,1,0,0.5,0,1,0.75,-0.5,false,false,false,false,false,false,false,false,false,false,false,false,false,false,false,false,false,false,false,false,false,false,false,false,false,false,false,false,false,false,false,false,false,false,false,true,false,false,true,true,false,false,false,8,2,1,4,0,0,0,false,false,false,false
Kubernetes,outlines,Kubernetes---kb_547_Normalized.json,4,2,2,2,2,4,0,completed,,,0.475051,0.0134042,0.00599575,0.0073765,2852,595,36.5,14.5,15,1,2,0,1,0,0.5,0,1,0.75,-0.5,false,false,false,false,false,false,false,false,false,false,false,false,false,false,false,false,false,false,false,false,false,false,false,false,false,false,false,false,false,false,false,false,false,false,false,true,false,false,true,true,false,false,false,8,2,1,4,0,0,0,false,false,false,false
Kubernetes,outlines,Kubernetes---kb_548_Normalized.json,2,1,1,1,1,2,0,completed,,,10.2604,0.05252,0.024193,0.0282525,5134,2679,208.5,79.5,80,0,1,0,1,0,1,0,1,0.5,-1,false,false,false,false,false,false,false,false,false,true,false,false,false,false,false,false,false,false,false,false,false,false,false,false,false,false,false,false,false,false,false,false,false,false,false,true,false,true,false,true,false,false,false,21,6,0,4,0,0,0,false,false,false,false
Kubernetes,outlines,Kubernetes---kb_549_Normalized.json,5,2,3,2,3,5,0,completed,,,10.371,0.0441672,0.0203214,0.0237726,16322,2679,1377.4,412.2,1685,0,3,0,2,0,1,0,1,0.6,-1,false,false,false,false,false,false,false,false,false,true,false,false,false,false,false,false,false,false,false,false,false,false,false,false,false,false,false,false,false,false,false,false,false,false,false,true,false,true,false,true,false,false,false,21,6,0,4,0,0,0,false,false,false,false
Kubernetes,outlines,Kubernetes---kb_54_Normalized.json,7,2,5,2,5,7,0,completed,,,0.863146,0.0190357,0.00876871,0.0102209,5073,683,106.857,29,30,2,5,0,0,0,0,0,1,1,0,false,false,false,false,false,false,false,false,false,false,false,false,false,false,false,false,false,false,false,false,false,false,false,false,false,false,false,false,false,false,false,false,false,false,false,true,false,false,true,true,false,false,false,12,4,2,4,0,0,0,false,false,false,false
Kubernetes,outlines,Kubernetes---kb_550_Normalized.json,8,2,6,2,6,8,0,completed,,,2.05977,0.0528859,0.0251117,0.027688,11074,2623,238.375,77.375,91,1,6,0,1,0,0.5,0,1,0.875,-0.5,true,false,false,false,false,false,false,false,false,true,false,false,false,false,false,false,false,false,true,false,false,false,false,false,false,false,false,false,false,false,false,false,false,false,false,true,false,true,true,true,false,false,false,34,7,3,5,0,0,0,false,false,false,false
Kubernetes,outlines,Kubernetes---kb_551_Normalized.json,8,2,6,2,6,8,0,completed,,,1.93181,0.0538951,0.0244224,0.0293827,10847,2623,229.75,72.5,80,1,6,0,1,0,0.5,0,1,0.875,-0.5,true,false,false,false,false,false,false,false,false,true,false,false,false,false,false,false,false,false,true,false,false,false,false,false,false,false,false,false,false,false,false,false,false,false,false,true,false,true,true,true,false,false,false,34,7,3,5,0,0,0,false,false,false,false
Kubernetes,outlines,Kubernetes---kb_552_Normalized.json,3,1,2,1,2,3,0,completed,,,8.20379,0.008792,0.003692,0.005066,14996,10221,83.3333,24.3333,25,1,2,0,0,0,0,0,1,1,0,true,false,false,false,false,false,false,false,false,true,false,false,false,false,false,false,false,false,true,false,false,false,false,false,false,false,false,false,false,false,false,true,false,false,false,true,false,true,true,true,false,false,false,100,28,12,5,2,0,0,false,true,true,false
Kubernetes,outlines,Kubernetes---kb_553_Normalized.json,2,1,1,1,1,2,0,completed,,,9.50953,0.014813,0.0067995,0.007964,14428,10170,116,35.5,37,1,1,0,0,0,0,0,1,1,0,true,false,false,false,false,false,false,false,false,true,false,false,false,false,false,false,false,false,true,false,false,false,false,false,false,false,false,false,false,false,false,true,false,false,false,true,false,true,true,true,false,false,false,107,28,16,5,2,0,0,false,true,true,false
Kubernetes,outlines,Kubernetes---kb_554_Normalized.json,3,1,2,1,2,3,0,completed,,,9.68647,0.0241687,0.00985033,0.0142533,16342,10170,235.333,71.6667,149,1,2,0,0,0,0,0,1,1,0,true,false,false,false,false,false,false,false,false,true,false,false,false,false,false,false,false,false,true,false,false,false,false,false,false,false,false,false,false,false,false,true,false,false,false,true,false,true,true,true,false,false,false,107,28,16,5,2,0,0,false,true,true,false
Kubernetes,outlines,Kubernetes---kb_555_Normalized.json,3,2,1,2,1,3,0,completed,,,8.12098,0.020937,0.00981167,0.0110653,14355,10067,113.667,33,33,2,1,0,0,0,0,0,1,1,0,true,false,false,false,false,false,false,false,false,true,false,false,false,false,false,false,false,false,true,false,false,false,false,false,false,false,false,false,false,false,false,true,false,false,false,true,false,true,true,true,false,false,false,100,28,14,5,2,0,0,false,true,true,false
Kubernetes,outlines,Kubernetes---kb_556_Normalized.json,4,2,2,2,2,4,0,completed,,,9.1399,0.0124065,0.0057485,0.006615,14538,9642,89.75,28,33,2,2,0,0,0,0,0,1,1,0,true,false,false,false,false,false,false,false,false,true,false,false,false,false,false,false,false,false,true,false,false,false,false,false,false,false,false,false,false,false,false,true,false,false,false,true,false,true,true,true,false,false,false,104,27,15,5,2,0,0,false,true,true,false
Kubernetes,outlines,Kubernetes---kb_557_Normalized.json,3,2,1,2,1,3,0,completed,,,8.91157,0.0226753,0.010209,0.0124037,13954,9642,114.667,35.3333,41,2,1,0,0,0,0,0,1,1,0,true,false,false,false,false,false,false,false,false,true,false,false,false,false,false,false,false,false,true,false,false,false,false,false,false,false,false,false,false,false,false,true,false,false,false,true,false,true,true,true,false,false,false,104,27,15,5,2,0,0,false,true,true,false
Kubernetes,outlines,Kubernetes---kb_558_Normalized.json,4,2,2,2,2,4,0,completed,,,0.898053,0.0204465,0.00960975,0.0107825,4156,1251,88.5,30.25,34,2,2,0,0,0,0,0,1,1,0,false,false,false,false,false,false,false,false,false,true,false,false,false,false,false,false,false,false,false,false,false,false,false,false,false,false,false,false,false,false,false,true,false,false,false,true,false,true,true,true,false,false,false,17,4,1,4,2,0,0,false,false,false,false
Kubernetes,outlines,Kubernetes---kb_559_Normalized.json,5,2,3,2,3,5,0,completed,,,0.906723,0.0189642,0.0089124,0.0100016,5048,1251,85.6,27.8,31,2,3,0,0,0,0,0,1,1,0,false,false,false,false,false,false,false,false,false,true,false,false,false,false,false,false,false,false,false,false,false,false,false,false,false,false,false,false,false,false,false,true,false,false,false,true,false,true,true,true,false,false,false,17,4,1,4,2,0,0,false,false,false,false
Kubernetes,outlines,Kubernetes---kb_55_Normalized.json,6,2,4,2,4,6,0,completed,,,0.65856,0.0150505,0.00679983,0.00821033,4023,514,83.1667,23.3333,26,2,4,0,0,0,0,0,1,1,0,false,false,false,false,false,false,false,false,false,false,false,false,false,false,false,false,false,false,false,false,false,false,false,false,false,false,false,false,false,false,false,false,false,false,false,true,false,false,true,true,false,false,false,10,3,2,4,0,0,0,false,false,false,false
Kubernetes,outlines,Kubernetes---kb_560_Normalized.json,5,2,3,2,3,5,0,completed,,,0.709078,0.0058762,0.0025974,0.0032456,4363,1016,64.4,21.8,24,2,3,0,0,0,0,0,1,1,0,false,false,false,false,false,false,false,false,false,true,false,false,false,false,false,false,false,false,false,false,false,false,false,false,false,false,false,false,false,false,false,true,false,false,false,true,false,true,false,true,false,false,false,14,3,0,4,2,0,0,false,false,false,false
Kubernetes,outlines,Kubernetes---kb_561_Normalized.json,3,2,1,2,1,3,0,completed,,,0.737131,0.0136967,0.006085,0.00755633,2705,1016,64.6667,22,23,2,1,0,0,0,0,0,1,1,0,false,false,false,false,false,false,false,false,false,true,false,false,false,false,false,false,false,false,false,false,false,false,false,false,false,false,false,false,false,false,false,true,false,false,false,true,false,true,false,true,false,false,false,14,3,0,4,2,0,0,false,false,false,false
Kubernetes,outlines,Kubernetes---kb_562_Normalized.json,3,1,2,1,2,3,0,completed,,,0.262837,0.0246667,0.0112333,0.0134033,2125,118,64.3333,20.3333,30,1,2,0,0,0,0,0,1,1,0,false,false,false,false,false,false,false,false,false,false,false,false,false,false,false,false,false,false,false,false,false,false,false,false,false,false,false,false,false,false,false,false,false,false,false,false,false,false,false,true,false,false,false,3,0,0,0,0,0,0,false,false,false,false
Kubernetes,outlines,Kubernetes---kb_563_Normalized.json,2,1,1,1,1,2,0,completed,,,0.25776,0.037234,0.016851,0.0203375,1503,118,76,24,30,1,1,0,0,0,0,0,1,1,0,false,false,false,false,false,false,false,false,false,false,false,false,false,false,false,false,false,false,false,false,false,false,false,false,false,false,false,false,false,false,false,false,false,false,false,false,false,false,false,true,false,false,false,3,0,0,0,0,0,0,false,false,false,false
Kubernetes,outlines,Kubernetes---kb_564_Normalized.json,4,1,3,1,3,4,0,completed,,,8.30885,0.143095,0.0672555,0.0756008,23777,14076,637.5,183.5,203,1,3,0,0,0,0,0,1,1,0,true,false,false,false,false,false,false,false,false,true,false,false,false,false,false,false,false,false,true,false,false,false,false,false,false,false,false,false,false,false,false,false,false,false,false,true,false,true,true,true,false,false,false,101,28,8,5,0,0,0,false,true,true,false
Kubernetes,outlines,Kubernetes---kb_565_Normalized.json,6,2,4,2,4,6,0,completed,,,8.26695,0.118252,0.0554218,0.0626217,26495,14060,554.667,157.667,163,2,4,0,0,0,0,0,1,1,0,true,false,false,false,false,false,false,false,false,true,false,false,false,false,false,false,false,false,true,false,false,false,false,false,false,false,false,false,false,false,false,false,false,false,false,true,false,true,true,true,false,false,false,101,28,6,5,0,0,0,false,true,true,false
Kubernetes,outlines,Kubernetes---kb_566_Normalized.json,6,2,4,2,4,6,0,completed,,,8.18535,0.0860575,0.0405707,0.0453305,27752,14060,620.167,175.333,223,2,4,0,0,0,0,0,1,1,0,true,false,false,false,false,false,false,false,false,true,false,false,false,false,false,false,false,false,true,false,false,false,false,false,false,false,false,false,false,false,false,false,false,false,false,true,false,true,true,true,false,false,false,101,28,6,5,0,0,0,false,true,true,false
Kubernetes,outlines,Kubernetes---kb_567_Normalized.json,4,2,2,2,2,4,0,completed,,,46.7249,0.169107,0.079,0.089796,42826,28975,766.5,212.25,230,2,2,0,0,0,0,0,1,1,0,true,false,false,false,false,false,false,false,false,true,false,false,false,true,false,false,false,false,true,false,false,false,false,false,false,false,false,false,false,false,false,false,false,false,false,true,false,true,true,true,false,false,false,208,60,12,5,0,2,0,false,true,true,false
Kubernetes,outlines,Kubernetes---kb_568_Normalized.json,5,2,3,2,3,5,0,completed,,,46.7489,0.150619,0.0705916,0.0797246,43604,29104,531.6,148.8,212,2,3,0,0,0,0,0,1,1,0,true,false,false,false,false,false,false,false,false,true,false,false,false,true,false,false,false,false,true,false,false,false,false,false,false,false,false,false,false,false,false,false,false,false,false,true,false,true,true,true,false,false,false,208,60,10,5,0,2,0,false,true,true,false
Kubernetes,outlines,Kubernetes---kb_569_Normalized.json,5,2,3,2,3,5,0,completed,,,47.3707,0.171336,0.0795456,0.0915018,45593,29056,792,221.4,247,2,3,0,0,0,0,0,1,1,0,true,false,false,false,false,false,false,false,false,true,false,false,false,true,false,false,false,false,true,false,false,false,false,false,false,false,false,false,false,false,false,false,false,false,false,true,false,true,true,true,false,false,false,207,60,10,5,0,1,0,false,true,true,false
Kubernetes,outlines,Kubernetes---kb_56_Normalized.json,4,1,3,1,3,4,0,completed,,,0.659462,0.0121175,0.005442,0.0066385,3163,514,78.75,22.25,23,1,3,0,0,0,0,0,1,1,0,false,false,false,false,false,false,false,false,false,false,false,false,false,false,false,false,false,false,false,false,false,false,false,false,false,false,false,false,false,false,false,false,false,false,false,true,false,false,true,true,false,false,false,10,3,2,4,0,0,0,false,false,false,false
Kubernetes,outlines,Kubernetes---kb_570_Normalized.json,2,1,1,1,1,2,0,completed,,,86.0536,0.251727,0.116722,0.134529,45179,33017,1084,302,326,1,1,0,0,0,0,0,1,1,0,true,false,false,false,false,false,false,false,false,true,false,false,false,true,false,false,false,false,true,false,false,false,false,false,false,false,false,false,false,false,false,false,false,false,false,true,false,true,true,true,false,false,false,239,68,13,6,0,3,0,false,true,true,false
Kubernetes,outlines,Kubernetes---kb_571_Normalized.json,2,1,1,1,1,2,0,completed,,,86.7917,0.175911,0.0807975,0.0947705,42396,33161,586.5,166,269,1,1,0,0,0,0,0,1,1,0,true,false,false,false,false,false,false,false,false,true,false,false,false,true,false,false,false,false,true,false,false,false,false,false,false,false,false,false,false,false,false,false,false,false,false,true,false,true,true,true,false,false,false,239,68,11,6,0,3,0,false,true,true,false
Kubernetes,outlines,Kubernetes---kb_572_Normalized.json,3,1,2,1,2,3,0,completed,,,84.2972,0.33762,0.158737,0.178361,47798,33113,1015.67,285,298,1,2,0,0,0,0,0,1,1,0,true,false,false,false,false,false,false,false,false,true,false,false,false,true,false,false,false,false,true,false,false,false,false,false,false,false,false,false,false,false,false,false,false,false,false,true,false,true,true,true,false,false,false,238,68,11,6,0,2,0,false,true,true,false
Kubernetes,outlines,Kubernetes---kb_573_Normalized.json,5,2,3,2,3,5,0,completed,,,35.2134,0.0809036,0.0371638,0.0436034,27167,16757,591.6,166.6,204,1,3,0,1,0,0.5,0,1,0.8,-0.5,true,false,false,false,false,false,false,false,false,true,false,false,false,true,false,false,false,false,true,false,false,false,false,false,false,false,false,false,false,false,false,false,false,false,false,true,false,true,true,true,false,false,false,135,41,6,5,0,2,0,false,true,true,false
Kubernetes,outlines,Kubernetes---kb_574_Normalized.json,6,2,4,2,4,6,0,completed,,,36.6402,0.0767552,0.0356508,0.0409637,28127,16743,575.167,159.167,225,1,4,0,1,0,0.5,0,1,0.833333,-0.5,true,false,false,false,false,false,false,false,false,true,false,false,false,true,false,false,false,false,true,false,false,false,false,false,false,false,false,false,false,false,false,false,false,false,false,true,false,true,true,true,false,false,false,134,41,6,5,0,1,0,false,true,true,false
Kubernetes,outlines,Kubernetes---kb_575_Normalized.json,5,2,3,2,3,5,0,completed,,,0.993091,0.0767908,0.035767,0.0409176,4229,896,157.8,49.8,54,2,3,0,0,0,0,0,1,1,0,false,false,false,false,false,false,false,false,false,true,false,false,false,false,false,false,false,false,false,false,false,false,false,false,false,false,false,false,false,false,false,false,false,false,false,true,false,true,true,true,false,false,false,15,5,2,4,0,0,0,false,false,false,false
Kubernetes,outlines,Kubernetes---kb_576_Normalized.json,5,2,3,2,3,5,0,completed,,,1.00862,0.0869998,0.040364,0.0465104,4852,896,145,46.6,50,2,3,0,0,0,0,0,1,1,0,false,false,false,false,false,false,false,false,false,true,false,false,false,false,false,false,false,false,false,false,false,false,false,false,false,false,false,false,false,false,false,false,false,false,false,true,false,true,true,true,false,false,false,15,5,2,4,0,0,0,false,false,false,false
Kubernetes,outlines,Kubernetes---kb_577_Normalized.json,5,2,3,2,3,5,0,completed,,,60.824,0.328896,0.153785,0.174588,35289,20736,784.4,239.2,366,2,3,0,0,0,0,0,1,1,0,true,false,false,false,false,false,false,false,false,true,false,false,false,true,false,false,false,false,true,false,false,false,false,false,false,false,false,false,false,false,false,false,false,false,false,true,false,true,true,true,false,false,false,166,49,7,6,0,3,0,false,true,true,false
Kubernetes,outlines,Kubernetes---kb_578_Normalized.json,6,1,5,1,5,6,0,completed,,,60.2129,0.241631,0.112781,0.128483,36840,20722,666.667,203.333,207,1,5,0,0,0,0,0,1,1,0,true,false,false,false,false,false,false,false,false,true,false,false,false,true,false,false,false,false,true,false,false,false,false,false,false,false,false,false,false,false,false,false,false,false,false,true,false,true,true,true,false,false,false,165,49,7,6,0,2,0,false,true,true,false
Kubernetes,outlines,Kubernetes---kb_579_Normalized.json,6,2,4,2,4,6,0,completed,,,0.502443,0.022298,0.0102665,0.0119937,3542,369,47.5,14.1667,21,2,4,0,0,0,0,0,1,1,0,false,false,false,false,false,false,false,false,false,false,false,false,false,false,false,false,false,false,true,false,false,false,false,false,false,false,false,false,false,false,false,false,false,false,false,true,false,false,false,true,false,false,false,7,1,0,5,0,0,0,false,false,false,false
Kubernetes,outlines,Kubernetes---kb_57_Normalized.json,8,2,6,2,6,8,0,completed,,,28.535,0.0408491,0.0191896,0.0215648,28122,16517,279,85,97,1,6,0,1,0,0.5,0,1,0.875,-0.5,true,false,false,false,false,false,false,false,false,true,false,false,false,true,false,false,false,false,true,false,false,false,false,false,false,false,false,false,false,false,false,false,false,false,false,true,false,true,true,true,false,false,false,122,39,5,5,0,2,0,false,true,true,false
Kubernetes,outlines,Kubernetes---kb_580_Normalized.json,6,1,5,1,5,6,0,completed,,,0.53012,0.00964017,0.003914,0.00569617,4058,369,32.6667,9.66667,13,1,5,0,0,0,0,0,1,1,0,false,false,false,false,false,false,false,false,false,false,false,false,false,false,false,false,false,false,true,false,false,false,false,false,false,false,false,false,false,false,false,false,false,false,false,true,false,false,false,true,false,false,false,7,1,0,5,0,0,0,false,false,false,false
Kubernetes,outlines,Kubernetes---kb_581_Normalized.json,6,2,4,2,4,6,0,completed,,,1.99292,0.18621,0.0873143,0.0986435,8841,1593,304.833,89.6667,108,2,4,0,0,0,0,0,1,1,0,false,false,false,false,false,false,false,false,false,true,false,false,false,false,false,false,false,false,true,false,false,false,false,false,false,false,false,false,false,false,false,false,false,false,false,true,false,true,true,true,false,false,false,26,7,2,4,0,0,0,false,false,false,false
Kubernetes,outlines,Kubernetes---kb_582_Normalized.json,4,1,3,1,3,4,0,completed,,,1.94616,0.160577,0.075448,0.0849012,7006,1593,273.75,80.75,106,1,3,0,0,0,0,0,1,1,0,false,false,false,false,false,false,false,false,false,true,false,false,false,false,false,false,false,false,true,false,false,false,false,false,false,false,false,false,false,false,false,false,false,false,false,true,false,true,true,true,false,false,false,26,7,2,4,0,0,0,false,false,false,false
Kubernetes,outlines,Kubernetes---kb_584_Normalized.json,2,1,1,1,1,2,0,completed,,,48.5164,0.104754,0.0494835,0.0550265,34067,25743,457,148.5,152,1,1,0,0,0,0,0,1,1,0,true,false,false,false,false,false,false,false,false,true,false,false,false,true,false,false,false,false,true,false,false,false,false,false,false,false,false,false,false,false,false,true,false,false,false,true,false,true,true,true,false,false,false,198,52,8,5,2,2,0,false,true,true,false
Kubernetes,outlines,Kubernetes---kb_585_Normalized.json,2,2,0,2,0,2,0,completed,,,48.9461,0.194839,0.0923905,0.102088,33443,25711,464.5,152.5,153,2,0,0,0,0,0,0,1,1,0,true,false,false,false,false,false,false,false,false,true,false,false,false,true,false,false,false,false,true,false,false,false,false,false,false,false,false,false,false,false,false,true,false,false,false,true,false,true,true,true,false,false,false,197,52,8,5,2,1,0,false,true,true,false
Kubernetes,outlines,Kubernetes---kb_587_Normalized.json,2,1,1,1,1,2,0,completed,,,7.146,0.075451,0.034907,0.040405,10532,6559,264,95.5,96,1,1,0,0,0,0,0,1,1,0,true,false,false,false,false,false,false,false,false,true,false,false,false,false,false,false,false,false,true,false,false,false,false,false,false,false,false,false,false,false,false,true,false,false,false,true,false,true,true,true,false,false,false,66,14,3,5,2,0,0,false,false,true,false
Kubernetes,outlines,Kubernetes---kb_588_Normalized.json,2,1,1,1,1,2,0,completed,,,8.50064,0.080862,0.037339,0.043358,11298,6559,262.5,91.5,96,1,1,0,0,0,0,0,1,1,0,true,false,false,false,false,false,false,false,false,true,false,false,false,false,false,false,false,false,true,false,false,false,false,false,false,false,false,false,false,false,false,true,false,false,false,true,false,true,true,true,false,false,false,66,14,3,5,2,0,0,false,false,true,false
Kubernetes,outlines,Kubernetes---kb_58_Normalized.json,8,2,6,2,6,8,0,completed,,,28.4594,0.0518444,0.0242029,0.0275421,29183,16503,391.125,116.875,136,1,6,0,1,0,0.5,0,1,0.875,-0.5,true,false,false,false,false,false,false,false,false,true,false,false,false,true,false,false,false,false,true,false,false,false,false,false,false,false,false,false,false,false,false,false,false,false,false,true,false,true,true,true,false,false,false,121,39,5,5,0,1,0,false,true,true,false
Kubernetes,outlines,Kubernetes---kb_590_Normalized.json,3,2,1,2,1,3,0,completed,,,8.44695,0.11281,0.0517433,0.0608797,11975,6565,294.333,95.6667,96,2,1,0,0,0,0,0,1,1,0,true,false,false,false,false,false,false,false,false,true,false,false,false,false,false,false,false,false,true,false,false,false,false,false,false,false,false,false,false,false,false,true,false,false,false,true,false,true,true,true,false,false,false,66,14,3,5,2,0,0,false,false,true,false
Kubernetes,outlines,Kubernetes---kb_591_Normalized.json,3,1,2,1,2,3,0,completed,,,8.52374,0.116061,0.0528033,0.063063,11685,6565,220.667,83,117,1,2,0,0,0,0,0,1,1,0,true,false,false,false,false,false,false,false,false,true,false,false,false,false,false,false,false,false,true,false,false,false,false,false,false,false,false,false,false,false,false,true,false,false,false,true,false,true,true,true,false,false,false,66,14,3,5,2,0,0,false,false,true,false
Kubernetes,outlines,Kubernetes---kb_596_Normalized.json,2,2,0,2,0,2,0,completed,,,4.01419,0.128672,0.058702,0.069811,6195,4281,87,45,45,2,0,0,0,0,0,0,1,1,0,true,false,false,false,false,false,false,false,false,true,false,false,false,false,false,false,false,false,true,false,false,false,false,false,false,false,false,false,false,false,false,false,false,false,false,true,false,true,true,true,false,false,false,45,10,3,5,0,0,0,false,false,true,false
Kubernetes,outlines,Kubernetes---kb_597_Normalized.json,2,1,1,1,1,2,0,completed,,,3.99098,0.102353,0.046492,0.0557365,6589,4281,89,38,45,1,1,0,0,0,0,0,1,1,0,true,false,false,false,false,false,false,false,false,true,false,false,false,false,false,false,false,false,true,false,false,false,false,false,false,false,false,false,false,false,false,false,false,false,false,true,false,true,true,true,false,false,false,45,10,3,5,0,0,0,false,false,true,false
Kubernetes,outlines,Kubernetes---kb_598_Normalized.json,4,2,2,2,2,4,0,completed,,,0.506367,0.004645,0.0019925,0.00262575,2868,900,32.5,12.5,14,2,2,0,0,0,0,0,1,1,0,false,false,false,false,false,false,false,false,false,true,false,false,false,false,false,false,false,false,false,false,false,false,false,false,false,false,false,false,false,false,false,true,false,false,false,true,false,true,false,true,false,false,false,11,2,0,4,2,0,0,false,false,false,false
Kubernetes,outlines,Kubernetes---kb_599_Normalized.json,2,1,1,1,1,2,0,completed,,,0.49629,0.005482,0.0025065,0.0029415,2163,744,32.5,12.5,13,1,1,0,0,0,0,0,1,1,0,false,false,false,false,false,false,false,false,false,true,false,false,false,false,false,false,false,false,false,false,false,false,false,false,false,false,false,false,false,false,false,true,false,false,false,true,false,true,false,true,false,false,false,11,2,0,4,2,0,0,false,false,false,false
Kubernetes,outlines,Kubernetes---kb_59_Normalized.json,5,1,4,1,4,5,0,completed,,,0.795438,0.0238318,0.0107976,0.0129876,3715,458,104.6,42.8,44,1,4,0,0,0,0,0,1,1,0,false,false,false,false,false,false,false,false,false,false,false,false,false,false,false,false,false,false,false,false,false,false,false,false,false,false,false,false,false,false,false,false,false,false,false,true,false,false,false,true,false,false,false,11,4,0,4,0,0,0,false,false,false,false
Kubernetes,outlines,Kubernetes---kb_5_Normalized.json,8,2,6,2,6,8,0,completed,,,3.58518,0.0464219,0.0212509,0.0250855,13125,2499,268.25,82.75,110,1,6,0,1,0,0.5,0,1,0.875,-0.5,true,false,false,false,false,false,false,false,false,true,false,false,false,false,false,false,false,false,true,false,false,false,false,false,false,false,false,false,false,false,false,false,false,false,false,true,false,true,true,true,false,false,false,33,6,2,5,0,0,0,false,false,false,false
Kubernetes,outlines,Kubernetes---kb_600_Normalized.json,4,1,3,1,3,4,0,completed,,,0.537267,0.00261975,0.00108925,0.00150775,3179,744,33,13,14,1,3,0,0,0,0,0,1,1,0,false,false,false,false,false,false,false,false,false,true,false,false,false,false,false,false,false,false,false,false,false,false,false,false,false,false,false,false,false,false,false,true,false,false,false,true,false,true,false,true,false,false,false,11,2,0,4,2,0,0,false,false,false,false
Kubernetes,outlines,Kubernetes---kb_602_Normalized.json,3,2,1,2,1,3,0,completed,,,35.2459,0.092214,0.0420793,0.049942,17272,11052,321.667,113.333,115,2,1,0,0,0,0,0,1,1,0,true,false,false,false,false,false,false,false,false,true,false,false,false,false,false,false,false,false,true,false,false,false,false,false,false,false,false,false,false,false,false,true,false,false,false,true,false,true,true,true,false,false,false,95,20,4,5,2,0,0,false,false,true,false
Kubernetes,outlines,Kubernetes---kb_603_Normalized.json,2,2,0,2,0,2,0,completed,,,35.8769,0.13398,0.06185,0.0718445,15732,11052,309,114.5,115,2,0,0,0,0,0,0,1,1,0,true,false,false,false,false,false,false,false,false,true,false,false,false,false,false,false,false,false,true,false,false,false,false,false,false,false,false,false,false,false,false,true,false,false,false,true,false,true,true,true,false,false,false,95,20,4,5,2,0,0,false,false,true,false
Kubernetes,outlines,Kubernetes---kb_604_Normalized.json,6,2,4,2,4,6,0,completed,,,0.634864,0.0175305,0.00819617,0.00929167,4529,762,69.3333,21.1667,24,2,4,0,0,0,0,0,1,1,0,false,false,false,false,false,false,false,false,false,false,false,false,false,false,false,false,false,false,false,false,false,false,false,false,false,false,false,false,false,false,false,false,false,false,false,true,false,false,true,true,false,false,false,10,3,2,4,0,0,0,false,false,false,false
Kubernetes,outlines,Kubernetes---kb_605_Normalized.json,7,2,5,2,5,7,0,completed,,,0.634967,0.0165714,0.00764957,0.00888586,5142,762,65.5714,22.1429,25,2,5,0,0,0,0,0,1,1,0,false,false,false,false,false,false,false,false,false,false,false,false,false,false,false,false,false,false,false,false,false,false,false,false,false,false,false,false,false,false,false,false,false,false,false,true,false,false,true,true,false,false,false,10,3,2,4,0,0,0,false,false,false,false
Kubernetes,outlines,Kubernetes---kb_606_Normalized.json,6,2,4,2,4,6,0,completed,,,53.9068,1.19242,0.591515,0.599488,61027,30730,1945.5,697,869,2,4,0,0,0,0,0,1,1,0,true,false,false,false,false,false,false,false,false,true,false,false,false,true,false,false,false,false,true,false,false,false,false,false,false,false,false,false,false,false,false,true,false,false,false,true,false,true,true,true,false,false,false,295,89,27,5,2,2,0,false,true,true,false
Kubernetes,outlines,Kubernetes---kb_607_Normalized.json,4,2,2,2,2,4,0,completed,,,55.8893,1.76777,0.825856,0.939794,57176,30716,2674,967.5,1038,2,2,0,0,0,0,0,1,1,0,true,false,false,false,false,false,false,false,false,true,false,false,false,true,false,false,false,false,true,false,false,false,false,false,false,false,false,false,false,false,false,true,false,false,false,true,false,true,true,true,false,false,false,294,89,27,5,2,1,0,false,true,true,false
Kubernetes,outlines,Kubernetes---kb_608_Normalized.json,4,1,3,1,3,4,0,completed,,,0.505891,0.0124185,0.005543,0.00684425,2502,318,39,14.25,19,1,3,0,0,0,0,0,1,1,0,false,false,false,false,false,false,false,false,false,false,false,false,false,false,false,false,false,false,false,false,false,false,false,false,false,false,false,false,false,false,false,false,false,false,false,true,false,false,true,true,false,false,false,8,2,2,4,0,0,0,false,false,false,false
Kubernetes,outlines,Kubernetes---kb_609_Normalized.json,4,2,2,2,2,4,0,completed,,,0.503114,0.0236805,0.0105968,0.0130428,2158,318,44,16.25,19,2,2,0,0,0,0,0,1,1,0,false,false,false,false,false,false,false,false,false,false,false,false,false,false,false,false,false,false,false,false,false,false,false,false,false,false,false,false,false,false,false,false,false,false,false,true,false,false,true,true,false,false,false,8,2,2,4,0,0,0,false,false,false,false
Kubernetes,outlines,Kubernetes---kb_60_Normalized.json,4,2,2,2,2,4,0,completed,,,0.815093,0.05875,0.0266915,0.031981,2772,458,102.25,43.25,44,2,2,0,0,0,0,0,1,1,0,false,false,false,false,false,false,false,false,false,false,false,false,false,false,false,false,false,false,false,false,false,false,false,false,false,false,false,false,false,false,false,false,false,false,false,true,false,false,false,true,false,false,false,11,4,0,4,0,0,0,false,false,false,false
Kubernetes,outlines,Kubernetes---kb_610_Normalized.json,5,2,3,2,3,5,0,completed,,,9.96029,6.8e-05,1.22e-05,1.62e-05,14947,4523,412.2,110.6,153,0,3,0,2,0,1,0,1,0.6,-1,false,false,false,false,false,false,false,false,false,true,false,false,false,false,false,false,false,false,true,false,false,false,false,false,false,false,false,false,false,false,false,false,false,false,false,true,false,true,true,true,false,false,false,50,10,5,5,0,0,0,false,true,true,false
Kubernetes,outlines,Kubernetes---kb_611_Normalized.json,4,2,2,2,2,4,0,completed,,,10.2305,0.0443107,0.0210505,0.0231425,12447,4523,423.25,114.75,139,1,2,0,1,0,0.5,0,1,0.75,-0.5,false,false,false,false,false,false,false,false,false,true,false,false,false,false,false,false,false,false,true,false,false,false,false,false,false,false,false,false,false,false,false,false,false,false,false,true,false,true,true,true,false,false,false,50,10,5,5,0,0,0,false,true,true,false
Kubernetes,outlines,Kubernetes---kb_612_Normalized.json,5,2,3,2,3,5,0,completed,,,1.20297,0.0919322,0.0427714,0.049042,4919,1308,176.4,69,72,2,3,0,0,0,0,0,1,1,0,false,false,false,false,false,false,false,false,false,true,false,false,false,false,false,false,false,false,false,false,false,false,false,false,false,false,false,false,false,false,false,false,false,false,false,true,false,true,true,true,false,false,false,20,6,2,4,0,0,0,false,false,false,false
Kubernetes,outlines,Kubernetes---kb_613_Normalized.json,5,2,3,2,3,5,0,completed,,,1.23709,0.150699,0.0695476,0.0809624,4957,1308,175.4,69.2,70,2,3,0,0,0,0,0,1,1,0,false,false,false,false,false,false,false,false,false,true,false,false,false,false,false,false,false,false,false,false,false,false,false,false,false,false,false,false,false,false,false,false,false,false,false,true,false,true,true,true,false,false,false,20,6,2,4,0,0,0,false,false,false,false
Kubernetes,outlines,Kubernetes---kb_614_Normalized.json,3,2,1,2,1,3,0,completed,,,1.08241,0.045404,0.020756,0.0245533,3642,1536,132.333,39.6667,46,2,1,0,0,0,0,0,1,1,0,false,false,false,false,false,false,false,false,false,true,false,false,false,false,false,false,false,false,false,false,false,false,false,false,false,false,false,false,false,false,false,false,false,false,false,true,false,true,true,true,false,false,false,20,6,3,4,0,0,0,false,false,false,false
Kubernetes,outlines,Kubernetes---kb_615_Normalized.json,3,2,1,2,1,3,0,completed,,,1.0838,0.082236,0.037204,0.0448993,3782,1536,170.333,55.6667,61,2,1,0,0,0,0,0,1,1,0,false,false,false,false,false,false,false,false,false,true,false,false,false,false,false,false,false,false,false,false,false,false,false,false,false,false,false,false,false,false,false,false,false,false,false,true,false,true,true,true,false,false,false,20,6,3,4,0,0,0,false,false,false,false
Kubernetes,outlines,Kubernetes---kb_616_Normalized.json,6,2,4,2,4,6,0,completed,,,3.19626,0.155837,0.070024,0.0855537,15668,4925,517,157.5,164,2,4,0,0,0,0,0,1,1,0,false,false,false,false,false,false,false,false,false,true,false,false,false,false,false,false,false,false,false,false,false,false,false,false,false,false,false,false,false,false,false,false,false,false,false,true,false,true,true,true,false,false,false,31,10,3,4,0,0,0,false,false,true,false
Kubernetes,outlines,Kubernetes---kb_617_Normalized.json,6,2,4,2,4,6,0,completed,,,3.20187,0.145479,0.0683935,0.0768315,15492,4925,486,150.5,156,2,4,0,0,0,0,0,1,1,0,false,false,false,false,false,false,false,false,false,true,false,false,false,false,false,false,false,false,false,false,false,false,false,false,false,false,false,false,false,false,false,false,false,false,false,true,false,true,true,true,false,false,false,31,10,3,4,0,0,0,false,false,true,false
Kubernetes,outlines,Kubernetes---kb_618_Normalized.json,3,1,2,1,2,3,0,completed,,,0.37045,0.000267667,3.66667e-05,0.000205667,2476,648,36.3333,11.3333,12,1,2,0,0,0,0,0,1,1,0,false,false,false,false,false,false,false,false,false,true,false,false,false,false,false,false,false,false,false,false,false,false,false,false,false,false,false,false,false,false,false,false,false,false,false,true,false,true,true,true,false,false,false,13,2,1,4,0,0,0,false,false,false,false
Kubernetes,outlines,Kubernetes---kb_619_Normalized.json,2,1,1,1,1,2,0,completed,,,0.374281,0.0002855,4.3e-05,0.0002155,1935,648,37,12,12,1,1,0,0,0,0,0,1,1,0,false,false,false,false,false,false,false,false,false,true,false,false,false,false,false,false,false,false,false,false,false,false,false,false,false,false,false,false,false,false,false,false,false,false,false,true,false,true,true,true,false,false,false,13,2,1,4,0,0,0,false,false,false,false
Kubernetes,outlines,Kubernetes---kb_61_Normalized.json,7,2,5,2,5,7,0,completed,,,0.733404,0.0494197,0.0228284,0.0265256,4751,316,108.857,35.8571,46,2,5,0,0,0,0,0,1,1,0,false,false,false,false,false,false,false,false,false,false,false,false,false,false,false,false,false,false,true,false,false,false,false,false,false,false,false,false,false,false,false,false,false,false,false,true,false,false,false,true,false,false,false,11,2,0,5,0,0,0,false,false,false,false
Kubernetes,outlines,Kubernetes---kb_620_Normalized.json,2,1,1,1,1,2,0,completed,,,79.4158,1.95781,0.913375,1.04223,56652,34603,3473.5,1248,1392,0,1,0,1,0,1,0,1,0.5,-1,true,false,false,false,false,false,false,false,false,true,false,false,false,true,false,false,false,false,true,false,false,false,false,false,false,false,false,false,false,false,false,true,false,false,false,true,false,true,true,true,false,false,false,326,97,28,6,2,3,0,false,true,true,false
Kubernetes,outlines,Kubernetes---kb_621_Normalized.json,2,1,1,1,1,2,0,completed,,,75.3874,0.559917,0.260506,0.298655,49641,34589,1575,546.5,551,1,1,0,0,0,0,0,1,1,0,true,false,false,false,false,false,false,false,false,true,false,false,false,true,false,false,false,false,true,false,false,false,false,false,false,false,false,false,false,false,false,true,false,false,false,true,false,true,true,true,false,false,false,325,97,28,6,2,2,0,false,true,true,false
Kubernetes,outlines,Kubernetes---kb_622_Normalized.json,4,2,2,2,2,4,0,completed,,,4.90056,0.103672,0.0481377,0.0553645,7050,2270,224.75,67.5,90,2,2,0,0,0,0,0,1,1,0,false,false,false,false,false,false,false,false,false,true,false,false,false,false,false,false,false,false,true,false,false,false,false,false,false,false,false,false,false,false,false,false,false,false,false,true,false,true,true,true,false,false,false,32,6,3,5,0,0,0,false,false,false,false
Kubernetes,outlines,Kubernetes---kb_623_Normalized.json,4,2,2,2,2,4,0,completed,,,5.01645,0.0843633,0.0406365,0.0435743,7792,2270,214.25,63.75,86,2,2,0,0,0,0,0,1,1,0,false,false,false,false,false,false,false,false,false,true,false,false,false,false,false,false,false,false,true,false,false,false,false,false,false,false,false,false,false,false,false,false,false,false,false,true,false,true,true,true,false,false,false,32,6,3,5,0,0,0,false,false,false,false
Kubernetes,outlines,Kubernetes---kb_624_Normalized.json,4,2,2,2,2,4,0,completed,,,0.812895,0.0251473,0.0115025,0.0135937,3668,888,62,21,22,2,2,0,0,0,0,0,1,1,0,false,false,false,false,false,false,false,false,false,false,false,false,false,false,false,false,false,false,true,false,false,false,false,false,false,false,false,false,false,false,false,false,false,false,false,true,false,false,true,true,false,false,false,12,3,2,5,0,0,0,false,false,false,false
Kubernetes,outlines,Kubernetes---kb_625_Normalized.json,4,2,2,2,2,4,0,completed,,,0.776235,0.024535,0.0109683,0.0135163,3668,888,61.25,21,22,2,2,0,0,0,0,0,1,1,0,false,false,false,false,false,false,false,false,false,false,false,false,false,false,false,false,false,false,true,false,false,false,false,false,false,false,false,false,false,false,false,false,false,false,false,true,false,false,true,true,false,false,false,12,3,2,5,0,0,0,false,false,false,false
Kubernetes,outlines,Kubernetes---kb_626_Normalized.json,6,2,4,2,4,6,0,completed,,,2.52685,0.0940758,0.0436562,0.0502642,8647,1675,249.667,74.8333,103,2,4,0,0,0,0,0,1,1,0,false,false,false,false,false,false,false,false,false,true,false,false,false,false,false,false,false,false,true,false,false,false,false,false,false,false,false,false,false,false,false,false,false,false,false,true,false,true,true,true,false,false,false,24,5,2,5,0,0,0,false,false,false,false
Kubernetes,outlines,Kubernetes---kb_627_Normalized.json,6,2,4,2,4,6,0,completed,,,2.52712,0.0951122,0.044739,0.050219,7745,1675,208,62.1667,132,2,4,0,0,0,0,0,1,1,0,false,false,false,false,false,false,false,false,false,true,false,false,false,false,false,false,false,false,true,false,false,false,false,false,false,false,false,false,false,false,false,false,false,false,false,true,false,true,true,true,false,false,false,24,5,2,5,0,0,0,false,false,false,false
Kubernetes,outlines,Kubernetes---kb_628_Normalized.json,6,1,5,1,5,6,0,completed,,,3.32517,0.0571783,0.0267038,0.030359,13431,4441,343.167,123.167,127,1,5,0,0,0,0,0,1,1,0,false,false,false,false,false,false,false,false,false,true,false,false,false,false,false,false,false,false,true,false,false,false,false,false,false,false,false,false,false,false,false,false,false,false,false,true,false,true,true,true,false,false,false,57,17,5,5,0,0,0,false,true,true,false
Kubernetes,outlines,Kubernetes---kb_629_Normalized.json,5,2,3,2,3,5,0,completed,,,3.39082,0.159653,0.0738654,0.0855352,11046,4441,366.8,131,145,2,3,0,0,0,0,0,1,1,0,false,false,false,false,false,false,false,false,false,true,false,false,false,false,false,false,false,false,true,false,false,false,false,false,false,false,false,false,false,false,false,false,false,false,false,true,false,true,true,true,false,false,false,57,17,5,5,0,0,0,false,true,true,false
Kubernetes,outlines,Kubernetes---kb_62_Normalized.json,6,2,4,2,4,6,0,completed,,,0.750411,0.309285,0.144134,0.164821,8822,316,615.667,200.333,218,2,4,0,0,0,0,0,1,1,0,false,false,false,false,false,false,false,false,false,false,false,false,false,false,false,false,false,false,true,false,false,false,false,false,false,false,false,false,false,false,false,false,false,false,false,true,false,false,false,true,false,false,false,11,2,0,5,0,0,0,false,false,false,false
Kubernetes,outlines,Kubernetes---kb_630_Normalized.json,5,2,3,2,3,5,0,completed,,,10.7799,0.921528,0.426687,0.49364,38479,13554,2161,725.8,950,2,3,0,0,0,0,0,1,1,0,true,false,false,false,false,false,false,false,false,true,false,false,false,false,false,false,false,false,true,false,false,false,false,false,false,false,false,false,false,false,false,true,false,false,false,true,false,true,true,true,false,false,false,159,45,21,5,2,0,0,false,true,true,false
Kubernetes,outlines,Kubernetes---kb_631_Normalized.json,4,2,2,2,2,4,0,completed,,,10.9382,0.82134,0.381885,0.43832,33166,13554,1956,660,749,2,2,0,0,0,0,0,1,1,0,true,false,false,false,false,false,false,false,false,true,false,false,false,false,false,false,false,false,true,false,false,false,false,false,false,false,false,false,false,false,false,true,false,false,false,true,false,true,true,true,false,false,false,159,45,21,5,2,0,0,false,true,true,false
Kubernetes,outlines,Kubernetes---kb_632_Normalized.json,6,2,4,2,4,6,0,completed,,,2.05187,0.172248,0.0790272,0.0930065,7932,1743,376.167,144.5,148,2,4,0,0,0,0,0,1,1,0,false,false,false,false,false,false,false,false,false,false,false,false,false,false,false,false,false,false,false,false,false,false,false,false,false,false,false,false,false,false,false,false,false,false,false,true,false,false,true,true,false,false,false,24,10,10,4,0,0,0,false,true,true,false
Kubernetes,outlines,Kubernetes---kb_633_Normalized.json,5,1,4,1,4,5,0,completed,,,1.97997,0.125101,0.0582208,0.0667314,7407,1743,380.4,146.4,148,1,4,0,0,0,0,0,1,1,0,false,false,false,false,false,false,false,false,false,false,false,false,false,false,false,false,false,false,false,false,false,false,false,false,false,false,false,false,false,false,false,false,false,false,false,true,false,false,true,true,false,false,false,24,10,10,4,0,0,0,false,true,true,false
Kubernetes,outlines,Kubernetes---kb_634_Normalized.json,3,1,2,1,2,3,0,completed,,,0.493577,0.0167617,0.00772167,0.009001,1965,339,35.3333,14,15,1,2,0,0,0,0,0,1,1,0,false,false,false,false,false,false,false,false,false,false,false,false,false,false,false,false,false,false,false,false,false,false,false,false,false,false,false,false,false,false,false,false,false,false,false,true,false,false,false,true,false,false,false,7,2,0,4,0,0,0,false,false,false,false
Kubernetes,outlines,Kubernetes---kb_635_Normalized.json,3,1,2,1,2,3,0,completed,,,0.457587,0.0166183,0.00766067,0.00891867,1965,339,35.3333,14,15,1,2,0,0,0,0,0,1,1,0,false,false,false,false,false,false,false,false,false,false,false,false,false,false,false,false,false,false,false,false,false,false,false,false,false,false,false,false,false,false,false,false,false,false,false,true,false,false,false,true,false,false,false,7,2,0,4,0,0,0,false,false,false,false
Kubernetes,outlines,Kubernetes---kb_636_Normalized.json,3,1,2,1,2,3,0,completed,,,0.506261,0.0165943,0.007634,0.00892033,1965,339,35.3333,14,15,1,2,0,0,0,0,0,1,1,0,false,false,false,false,false,false,false,false,false,false,false,false,false,false,false,false,false,false,false,false,false,false,false,false,false,false,false,false,false,false,false,false,false,false,false,true,false,false,false,true,false,false,false,7,2,0,4,0,0,0,false,false,false,false
Kubernetes,outlines,Kubernetes---kb_637_Normalized.json,2,1,1,1,1,2,0,completed,,,0.78738,0.03182,0.0143735,0.0173835,2733,1178,68.5,24,25,1,1,0,0,0,0,0,1,1,0,false,false,false,false,false,false,false,false,false,false,false,false,false,false,false,false,false,false,true,false,false,false,false,false,false,false,false,false,false,false,false,false,false,false,false,true,false,false,true,true,false,false,false,14,2,2,5,0,0,0,false,false,false,false
Kubernetes,outlines,Kubernetes---kb_638_Normalized.json,2,1,1,1,1,2,0,completed,,,0.793664,0.025758,0.011836,0.0138725,3449,1178,64,21.5,25,1,1,0,0,0,0,0,1,1,0,false,false,false,false,false,false,false,false,false,false,false,false,false,false,false,false,false,false,true,false,false,false,false,false,false,false,false,false,false,false,false,false,false,false,false,true,false,false,true,true,false,false,false,14,2,2,5,0,0,0,false,false,false,false
Kubernetes,outlines,Kubernetes---kb_639_Normalized.json,5,2,3,2,3,5,0,completed,,,0.820102,0.0889824,0.0417008,0.0471592,4610,606,140.4,48.4,74,2,3,0,0,0,0,0,1,1,0,false,false,false,false,false,false,false,false,false,false,false,false,false,false,false,false,false,false,true,false,false,false,false,false,false,false,false,false,false,false,false,false,false,false,false,true,false,false,true,true,false,false,false,12,2,1,5,0,0,0,false,false,false,false
Kubernetes,outlines,Kubernetes---kb_63_Normalized.json,6,1,5,1,5,6,0,completed,,,1.46395,0.0927272,0.0446772,0.0479293,7257,1992,213.5,80,90,1,5,0,0,0,0,0,1,1,0,false,false,false,false,false,false,false,false,false,true,false,false,false,false,false,false,false,false,true,false,false,false,false,false,false,false,false,false,false,false,false,false,false,false,false,true,false,true,true,true,false,false,false,26,8,1,5,0,0,0,false,false,false,false
Kubernetes,outlines,Kubernetes---kb_640_Normalized.json,5,2,3,2,3,5,0,completed,,,0.81541,0.050928,0.0236956,0.0271526,4474,606,96.2,34.2,50,2,3,0,0,0,0,0,1,1,0,false,false,false,false,false,false,false,false,false,false,false,false,false,false,false,false,false,false,true,false,false,false,false,false,false,false,false,false,false,false,false,false,false,false,false,true,false,false,true,true,false,false,false,12,2,1,5,0,0,0,false,false,false,false
Kubernetes,outlines,Kubernetes---kb_641_Normalized.json,7,2,5,2,5,7,0,completed,,,0.824231,0.0383474,0.0180241,0.0202597,5981,606,96.2857,33.8571,49,2,5,0,0,0,0,0,1,1,0,false,false,false,false,false,false,false,false,false,false,false,false,false,false,false,false,false,false,true,false,false,false,false,false,false,false,false,false,false,false,false,false,false,false,false,true,false,false,true,true,false,false,false,12,2,1,5,0,0,0,false,false,false,false
Kubernetes,outlines,Kubernetes---kb_642_Normalized.json,5,1,4,1,4,5,0,completed,,,0.545036,0.014149,0.0064802,0.0076336,4013,386,46.8,16.8,21,1,4,0,0,0,0,0,1,1,0,false,false,false,false,false,false,false,false,false,false,false,false,false,false,false,false,false,false,false,false,false,false,false,false,false,false,false,false,false,false,false,false,false,false,false,true,false,false,true,true,false,false,false,8,2,1,4,0,0,0,false,false,false,false
Kubernetes,outlines,Kubernetes---kb_643_Normalized.json,5,1,4,1,4,5,0,completed,,,0.54866,0.0143054,0.0065254,0.0077452,3967,386,46.8,16.8,21,1,4,0,0,0,0,0,1,1,0,false,false,false,false,false,false,false,false,false,false,false,false,false,false,false,false,false,false,false,false,false,false,false,false,false,false,false,false,false,false,false,false,false,false,false,true,false,false,true,true,false,false,false,8,2,1,4,0,0,0,false,false,false,false
Kubernetes,outlines,Kubernetes---kb_644_Normalized.json,2,2,0,2,0,2,0,completed,,,32.3327,2.4e-05,8e-06,5.5e-06,26632,13218,2759.5,925.5,1515,0,0,0,2,0,1,0,1,0,-1,true,false,false,false,false,false,false,false,false,true,false,false,false,false,false,false,false,false,true,false,false,false,false,false,false,false,false,false,false,false,false,false,false,false,false,true,false,true,true,true,false,false,false,87,28,4,5,0,0,0,false,false,true,false
Kubernetes,outlines,Kubernetes---kb_645_Normalized.json,2,2,0,2,0,2,0,completed,,,32.9712,2.3e-05,8e-06,5e-06,22757,13218,1808,613.5,853,0,0,0,2,0,1,0,1,0,-1,true,false,false,false,false,false,false,false,false,true,false,false,false,false,false,false,false,false,true,false,false,false,false,false,false,false,false,false,false,false,false,false,false,false,false,true,false,true,true,true,false,false,false,87,28,4,5,0,0,0,false,false,true,false
Kubernetes,outlines,Kubernetes---kb_646_Normalized.json,5,2,3,2,3,5,0,completed,,,2.93575,0.0940144,0.0440358,0.049821,10052,4246,206.8,65.4,73,2,3,0,0,0,0,0,1,1,0,true,false,false,false,false,false,false,false,false,true,false,false,false,false,false,false,false,false,true,false,false,false,false,false,false,false,false,false,false,false,false,true,false,false,false,true,false,true,true,true,false,false,false,53,13,7,5,2,0,0,false,true,true,false
Kubernetes,outlines,Kubernetes---kb_647_Normalized.json,3,1,2,1,2,3,0,completed,,,3.33364,0.0847817,0.0395863,0.0450453,10643,5519,229.333,71,74,1,2,0,0,0,0,0,1,1,0,true,false,false,false,false,false,false,false,false,true,false,false,false,false,false,false,false,false,true,false,false,false,false,false,false,false,false,false,false,false,false,true,false,false,false,true,false,true,true,true,false,false,false,69,17,9,5,2,0,0,false,true,true,false
Kubernetes,outlines,Kubernetes---kb_648_Normalized.json,4,2,2,2,2,4,0,completed,,,3.34657,0.100161,0.0466143,0.0533785,10369,5519,235.25,73.25,78,2,2,0,0,0,0,0,1,1,0,true,false,false,false,false,false,false,false,false,true,false,false,false,false,false,false,false,false,true,false,false,false,false,false,false,false,false,false,false,false,false,true,false,false,false,true,false,true,true,true,false,false,false,69,17,9,5,2,0,0,false,true,true,false
Kubernetes,outlines,Kubernetes---kb_649_Normalized.json,5,1,4,1,4,5,0,completed,,,2.95466,0.0343322,0.0158762,0.018382,10472,4283,202.4,61.4,69,1,4,0,0,0,0,0,1,1,0,true,false,false,false,false,false,false,false,false,true,false,false,false,false,false,false,false,false,true,false,false,false,false,false,false,false,false,false,false,false,false,true,false,false,false,true,false,true,true,true,false,false,false,53,13,7,5,2,0,0,false,true,true,false
Kubernetes,outlines,Kubernetes---kb_64_Normalized.json,6,1,5,1,5,6,0,completed,,,1.46494,0.110953,0.0507527,0.0600697,7449,1992,214.5,82.3333,90,1,5,0,0,0,0,0,1,1,0,false,false,false,false,false,false,false,false,false,true,false,false,false,false,false,false,false,false,true,false,false,false,false,false,false,false,false,false,false,false,false,false,false,false,false,true,false,true,true,true,false,false,false,26,8,1,5,0,0,0,false,false,false,false
Kubernetes,outlines,Kubernetes---kb_650_Normalized.json,4,2,2,2,2,4,0,completed,,,3.254,0.060396,0.0278317,0.0324458,10823,5311,217.25,65.75,85,2,2,0,0,0,0,0,1,1,0,true,false,false,false,false,false,false,false,false,true,false,false,false,false,false,false,false,false,true,false,false,false,false,false,false,false,false,false,false,false,false,true,false,false,false,true,false,true,true,true,false,false,false,66,16,8,5,2,0,0,false,true,true,false
Kubernetes,outlines,Kubernetes---kb_651_Normalized.json,2,2,0,2,0,2,0,completed,,,3.22622,0.114237,0.053374,0.060662,8374,5311,252,76.5,77,2,0,0,0,0,0,0,1,1,0,true,false,false,false,false,false,false,false,false,true,false,false,false,false,false,false,false,false,true,false,false,false,false,false,false,false,false,false,false,false,false,true,false,false,false,true,false,true,true,true,false,false,false,66,16,8,5,2,0,0,false,true,true,false
Kubernetes,outlines,Kubernetes---kb_652_Normalized.json,4,1,3,1,3,4,0,completed,,,1.30915,0.0387002,0.0174382,0.021196,5092,1786,195.75,66.75,68,1,3,0,0,0,0,0,1,1,0,false,false,false,false,false,false,false,false,false,false,false,false,false,false,false,false,false,false,false,false,false,false,false,false,false,false,false,false,false,false,false,false,false,false,false,true,false,false,false,true,false,false,false,17,7,0,4,0,0,0,false,false,false,false
Kubernetes,outlines,Kubernetes---kb_653_Normalized.json,6,2,4,2,4,6,0,completed,,,1.36212,0.0562708,0.0275092,0.0286815,6212,1786,199.667,68.3333,74,2,4,0,0,0,0,0,1,1,0,false,false,false,false,false,false,false,false,false,false,false,false,false,false,false,false,false,false,false,false,false,false,false,false,false,false,false,false,false,false,false,false,false,false,false,true,false,false,false,true,false,false,false,17,7,0,4,0,0,0,false,false,false,false
Kubernetes,outlines,Kubernetes---kb_654_Normalized.json,5,2,3,2,3,5,0,completed,,,0.705443,0.0198576,0.0087848,0.0110294,3546,582,39.2,14.8,18,2,3,0,0,0,0,0,1,1,0,true,false,false,false,false,false,false,false,false,true,false,false,false,false,false,false,false,false,false,false,false,false,false,false,false,false,false,false,false,false,false,true,false,false,false,true,false,true,false,true,false,false,false,11,1,0,4,2,0,0,false,false,false,false
Kubernetes,outlines,Kubernetes---kb_655_Normalized.json,3,1,2,1,2,3,0,completed,,,0.719349,0.0138413,0.00591967,0.00788467,2853,582,38.6667,15,20,1,2,0,0,0,0,0,1,1,0,true,false,false,false,false,false,false,false,false,true,false,false,false,false,false,false,false,false,false,false,false,false,false,false,false,false,false,false,false,false,false,true,false,false,false,true,false,true,false,true,false,false,false,11,1,0,4,2,0,0,false,false,false,false
Kubernetes,outlines,Kubernetes---kb_656_Normalized.json,4,1,3,1,3,4,0,completed,,,0.738197,0.0194567,0.0084765,0.010937,3524,582,47.5,18.75,23,1,3,0,0,0,0,0,1,1,0,true,false,false,false,false,false,false,false,false,true,false,false,false,false,false,false,false,false,false,false,false,false,false,false,false,false,false,false,false,false,false,true,false,false,false,true,false,true,false,true,false,false,false,11,1,0,4,2,0,0,false,false,false,false
Kubernetes,outlines,Kubernetes---kb_657_Normalized.json,4,2,2,2,2,4,0,completed,,,1.08761,0.0866595,0.039009,0.0475355,6674,1313,524.75,181.5,556,1,2,0,1,0,0.5,0,1,0.75,-0.5,false,false,false,false,false,false,false,false,false,false,false,false,false,false,false,false,false,false,false,false,false,false,false,false,false,false,false,false,false,false,false,false,false,false,false,true,false,false,true,true,false,false,false,16,6,4,4,0,0,0,false,false,false,false
Kubernetes,outlines,Kubernetes---kb_658_Normalized.json,7,2,5,2,5,7,0,completed,,,1.11546,0.0513421,0.0232516,0.0280134,6330,1313,179.571,63.1429,113,1,5,0,1,0,0.5,0,1,0.857143,-0.5,false,false,false,false,false,false,false,false,false,false,false,false,false,false,false,false,false,false,false,false,false,false,false,false,false,false,false,false,false,false,false,false,false,false,false,true,false,false,true,true,false,false,false,16,6,4,4,0,0,0,false,false,false,false
Kubernetes,outlines,Kubernetes---kb_65_Normalized.json,7,2,5,2,5,7,0,completed,,,1.34554,0.102903,0.048645,0.054128,7391,1936,192.571,76.2857,84,2,5,0,0,0,0,0,1,1,0,false,false,false,false,false,false,false,false,false,true,false,false,false,false,false,false,false,false,true,false,false,false,false,false,false,false,false,false,false,false,false,false,false,false,false,true,false,true,true,true,false,false,false,24,7,1,5,0,0,0,false,false,false,false
Kubernetes,outlines,Kubernetes---kb_661_Normalized.json,4,2,2,2,2,4,0,completed,,,87.4698,0.0457198,0.0211088,0.0244837,78208,58085,490,139.5,158,0,2,0,2,0,1,0,1,0.5,-1,true,false,false,false,false,false,false,false,false,true,false,false,false,true,false,false,false,false,true,false,false,false,false,false,false,false,false,false,false,false,false,true,false,false,false,true,false,true,true,true,false,false,false,568,191,37,5,2,2,0,false,true,true,false
Kubernetes,outlines,Kubernetes---kb_662_Normalized.json,4,2,2,2,2,4,0,completed,,,88.0958,0.0642802,0.0298438,0.0342978,77676,58071,424.75,122.25,129,0,2,0,2,0,1,0,1,0.5,-1,true,false,false,false,false,false,false,false,false,true,false,false,false,true,false,false,false,false,true,false,false,false,false,false,false,false,false,false,false,false,false,true,false,false,false,true,false,true,true,true,false,false,false,567,191,37,5,2,1,0,false,true,true,false
Kubernetes,outlines,Kubernetes---kb_663_Normalized.json,3,2,1,2,1,3,0,completed,,,43.864,0.181179,0.0830097,0.097877,32729,23741,546,170,197,2,1,0,0,0,0,0,1,1,0,true,false,false,false,false,false,false,false,false,true,false,false,false,true,false,false,false,false,true,false,false,false,false,false,false,false,false,false,false,false,false,true,false,false,false,true,false,true,true,true,false,false,false,207,60,10,5,2,2,0,false,true,true,false
Kubernetes,outlines,Kubernetes---kb_664_Normalized.json,4,2,2,2,2,4,0,completed,,,45.5753,0.161905,0.075525,0.0861288,34067,23727,549,165.25,172,2,2,0,0,0,0,0,1,1,0,true,false,false,false,false,false,false,false,false,true,false,false,false,true,false,false,false,false,true,false,false,false,false,false,false,false,false,false,false,false,false,true,false,false,false,true,false,true,true,true,false,false,false,206,60,10,5,2,1,0,false,true,true,false
Kubernetes,outlines,Kubernetes---kb_665_Normalized.json,3,1,2,1,2,3,0,completed,,,1.18834,0.158692,0.068926,0.089585,3880,1354,193.667,69.3333,71,1,2,0,0,0,0,0,1,1,0,false,false,false,false,false,false,false,false,false,true,false,false,false,false,false,false,false,false,false,false,false,false,false,false,false,false,false,false,false,false,false,false,false,false,false,true,false,true,true,true,false,false,false,18,6,2,4,0,0,0,false,false,false,false
Kubernetes,outlines,Kubernetes---kb_666_Normalized.json,3,1,2,1,2,3,0,completed,,,1.21744,0.150953,0.0698263,0.0809433,3926,1354,193.667,69.3333,71,1,2,0,0,0,0,0,1,1,0,false,false,false,false,false,false,false,false,false,true,false,false,false,false,false,false,false,false,false,false,false,false,false,false,false,false,false,false,false,false,false,false,false,false,false,true,false,true,true,true,false,false,false,18,6,2,4,0,0,0,false,false,false,false
Kubernetes,outlines,Kubernetes---kb_667_Normalized.json,3,1,2,1,2,3,0,completed,,,71.3449,0.0975737,0.0452643,0.0521043,38226,27789,509.333,139,141,1,2,0,0,0,0,0,1,1,0,true,false,false,false,false,false,false,false,false,true,false,false,false,true,false,false,false,false,true,false,false,false,false,false,false,false,false,false,false,false,false,true,false,false,false,true,false,true,true,true,false,false,false,238,68,11,6,2,3,0,false,true,true,false
Kubernetes,outlines,Kubernetes---kb_669_Normalized.json,4,2,2,2,2,4,0,completed,,,4.30057,0.122767,0.0569923,0.065596,12495,6295,448,130.75,148,2,2,0,0,0,0,0,1,1,0,true,false,false,false,false,false,false,false,false,true,false,false,false,false,false,false,false,false,true,false,false,false,false,false,false,false,false,false,false,false,false,true,false,false,false,true,false,true,true,true,false,false,false,69,17,4,5,2,0,0,false,false,true,false
Kubernetes,outlines,Kubernetes---kb_66_Normalized.json,6,2,4,2,4,6,0,completed,,,1.30145,0.109385,0.0516825,0.0575695,6787,1936,188.167,73.1667,86,2,4,0,0,0,0,0,1,1,0,false,false,false,false,false,false,false,false,false,true,false,false,false,false,false,false,false,false,true,false,false,false,false,false,false,false,false,false,false,false,false,false,false,false,false,true,false,true,true,true,false,false,false,24,7,1,5,0,0,0,false,false,false,false
Kubernetes,outlines,Kubernetes---kb_670_Normalized.json,2,1,1,1,1,2,0,completed,,,4.36734,0.122732,0.057348,0.065202,10612,6295,406,120,122,1,1,0,0,0,0,0,1,1,0,true,false,false,false,false,false,false,false,false,true,false,false,false,false,false,false,false,false,true,false,false,false,false,false,false,false,false,false,false,false,false,true,false,false,false,true,false,true,true,true,false,false,false,69,17,4,5,2,0,0,false,false,true,false
Kubernetes,outlines,Kubernetes---kb_671_Normalized.json,4,1,3,1,3,4,0,completed,,,3.16076,0.201587,0.094282,0.107042,10691,2754,635.5,216,351,1,3,0,0,0,0,0,1,1,0,true,false,false,false,false,false,false,false,false,true,false,false,false,false,false,false,false,false,true,false,false,false,false,false,false,false,false,false,false,false,false,true,false,false,false,true,false,true,true,true,false,false,false,40,10,2,5,2,0,0,false,false,true,false
Kubernetes,outlines,Kubernetes---kb_672_Normalized.json,5,2,3,2,3,5,0,completed,,,3.14188,0.133504,0.0624718,0.070846,10269,2754,457.8,152.6,170,2,3,0,0,0,0,0,1,1,0,true,false,false,false,false,false,false,false,false,true,false,false,false,false,false,false,false,false,true,false,false,false,false,false,false,false,false,false,false,false,false,true,false,false,false,true,false,true,true,true,false,false,false,40,10,2,5,2,0,0,false,false,true,false
Kubernetes,outlines,Kubernetes---kb_673_Normalized.json,2,1,1,1,1,2,0,completed,,,0.518225,0.00937,0.004105,0.005233,2198,732,39.5,13,14,1,1,0,0,0,0,0,1,1,0,false,false,false,false,false,false,false,false,false,false,false,false,false,false,false,false,false,false,false,false,false,false,false,false,false,false,false,false,false,false,false,false,false,false,false,true,false,false,true,true,false,false,false,8,2,1,4,0,0,0,false,false,false,false
Kubernetes,outlines,Kubernetes---kb_674_Normalized.json,3,1,2,1,2,3,0,completed,,,0.53114,0.00601733,0.00254733,0.00344333,2927,732,39.3333,13,14,1,2,0,0,0,0,0,1,1,0,false,false,false,false,false,false,false,false,false,false,false,false,false,false,false,false,false,false,false,false,false,false,false,false,false,false,false,false,false,false,false,false,false,false,false,true,false,false,true,true,false,false,false,8,2,1,4,0,0,0,false,false,false,false
Kubernetes,outlines,Kubernetes---kb_675_Normalized.json,3,2,1,2,1,3,0,completed,,,106.845,0.0575597,0.0266203,0.030803,82532,62072,594.333,168.333,171,0,1,0,2,0,1,0,1,0.333333,-1,true,false,false,false,false,false,false,false,false,true,false,false,false,true,false,false,false,false,true,false,false,false,false,false,false,false,false,false,false,false,false,true,false,false,false,true,false,true,true,true,false,false,false,599,199,38,6,2,3,0,false,true,true,false
Kubernetes,outlines,Kubernetes---kb_676_Normalized.json,2,1,1,1,1,2,0,completed,,,107.589,0.06068,0.0297915,0.030769,81957,62058,847,239,308,0,1,0,1,0,1,0,1,0.5,-1,true,false,false,false,false,false,false,false,false,true,false,false,false,true,false,false,false,false,true,false,false,false,false,false,false,false,false,false,false,false,false,true,false,false,false,true,false,true,true,true,false,false,false,598,199,38,6,2,2,0,false,true,true,false
Kubernetes,outlines,Kubernetes---kb_677_Normalized.json,2,2,0,2,0,2,0,completed,,,29.828,0.128277,0.059403,0.0686785,55205,42152,429,127,133,1,0,0,1,0,0.5,0,1,0.5,-0.5,true,false,false,false,false,false,false,false,false,true,false,false,false,false,false,false,false,false,true,false,false,false,false,false,false,false,false,false,false,false,false,true,false,false,false,true,false,true,true,true,false,false,false,454,155,33,5,2,0,0,false,true,true,false
Kubernetes,outlines,Kubernetes---kb_678_Normalized.json,1,1,0,1,0,1,0,completed,,,29.9597,0.295426,0.13796,0.157104,54198,42152,441,139,139,1,0,0,0,0,0,0,1,1,0,true,false,false,false,false,false,false,false,false,true,false,false,false,false,false,false,false,false,true,false,false,false,false,false,false,false,false,false,false,false,false,true,false,false,false,true,false,true,true,true,false,false,false,454,155,33,5,2,0,0,false,true,true,false
Kubernetes,outlines,Kubernetes---kb_679_Normalized.json,5,2,3,2,3,5,0,completed,,,0.673888,0.0282192,0.0129982,0.0151686,3620,644,81.4,21.8,24,2,3,0,0,0,0,0,1,1,0,false,false,false,false,false,false,false,false,false,false,false,false,false,false,false,false,false,false,false,false,false,false,false,false,false,false,false,false,false,false,false,false,false,false,false,true,false,false,false,true,false,false,false,9,3,0,4,0,0,0,false,false,false,false
Kubernetes,outlines,Kubernetes---kb_680_Normalized.json,6,2,4,2,4,6,0,completed,,,0.692132,0.027266,0.0124833,0.0147312,4427,644,80.1667,21.3333,23,2,4,0,0,0,0,0,1,1,0,false,false,false,false,false,false,false,false,false,false,false,false,false,false,false,false,false,false,false,false,false,false,false,false,false,false,false,false,false,false,false,false,false,false,false,true,false,false,false,true,false,false,false,9,3,0,4,0,0,0,false,false,false,false
Kubernetes,outlines,Kubernetes---kb_681_Normalized.json,4,2,2,2,2,4,0,completed,,,0.518164,0.0200707,0.00902125,0.011012,2587,456,38.25,17.5,18,1,2,0,1,0,0.5,0,1,0.75,-0.5,false,false,false,false,false,false,false,false,false,false,false,false,false,false,false,false,false,false,false,false,false,false,false,false,false,false,false,false,false,false,false,false,false,false,false,true,false,false,true,true,false,false,false,8,2,1,4,0,0,0,false,false,false,false
Kubernetes,outlines,Kubernetes---kb_682_Normalized.json,5,2,3,2,3,5,0,completed,,,0.547364,0.0158368,0.0069934,0.0088098,3125,456,37,16.8,18,1,3,0,1,0,0.5,0,1,0.8,-0.5,false,false,false,false,false,false,false,false,false,false,false,false,false,false,false,false,false,false,false,false,false,false,false,false,false,false,false,false,false,false,false,false,false,false,false,true,false,false,true,true,false,false,false,8,2,1,4,0,0,0,false,false,false,false
Kubernetes,outlines,Kubernetes---kb_683_Normalized.json,2,2,0,2,0,2,0,completed,,,238.647,0.0557725,0.024805,0.030815,191185,154358,171,53.5,59,2,0,0,0,0,0,0,1,1,0,true,false,false,false,false,false,false,false,false,true,false,false,false,true,false,false,false,false,true,false,false,false,false,false,false,false,false,false,false,false,false,true,false,false,false,true,false,true,true,true,false,false,false,1506,462,81,6,4,2,0,false,true,true,false
Kubernetes,outlines,Kubernetes---kb_684_Normalized.json,2,2,0,2,0,2,0,completed,,,235.335,0.0568425,0.0264,0.0303135,191142,154344,171.5,53,59,2,0,0,0,0,0,0,1,1,0,true,false,false,false,false,false,false,false,false,true,false,false,false,true,false,false,false,false,true,false,false,false,false,false,false,false,false,false,false,false,false,true,false,false,false,true,false,true,true,true,false,false,false,1505,462,81,6,4,1,0,false,true,true,false
Kubernetes,outlines,Kubernetes---kb_685_Normalized.json,5,2,3,2,3,5,0,completed,,,9.61051,0.0905598,0.0404678,0.0498764,15697,5652,402.4,108.8,168,2,3,0,0,0,0,0,1,1,0,true,false,false,false,false,false,false,false,false,true,false,false,false,false,false,false,false,false,true,false,false,false,false,false,false,false,false,false,false,false,false,false,false,false,false,true,false,true,true,true,false,false,false,58,12,5,5,0,0,0,false,true,true,false
Kubernetes,outlines,Kubernetes---kb_686_Normalized.json,9,2,7,2,7,9,0,completed,,,9.46268,0.0561412,0.0257019,0.0303021,24590,5652,464.556,126,175,2,7,0,0,0,0,0,1,1,0,true,false,false,false,false,false,false,false,false,true,false,false,false,false,false,false,false,false,true,false,false,false,false,false,false,false,false,false,false,false,false,false,false,false,false,true,false,true,true,true,false,false,false,58,12,5,5,0,0,0,false,true,true,false
Kubernetes,outlines,Kubernetes---kb_687_Normalized.json,8,2,6,2,6,8,0,completed,,,2.38043,0.0657925,0.030667,0.0350059,12553,3247,266.5,78.375,91,1,6,0,1,0,0.5,0,1,0.875,-0.5,true,false,false,false,false,false,false,false,false,true,false,false,false,false,false,false,false,false,true,false,false,false,false,false,false,false,false,false,false,false,false,false,false,false,false,true,false,true,true,true,false,false,false,38,8,3,5,0,0,0,false,false,false,false
Kubernetes,outlines,Kubernetes---kb_688_Normalized.json,8,2,6,2,6,8,0,completed,,,2.40058,0.0623274,0.0285545,0.0336565,12283,3247,259.75,78.75,92,1,6,0,1,0,0.5,0,1,0.875,-0.5,true,false,false,false,false,false,false,false,false,true,false,false,false,false,false,false,false,false,true,false,false,false,false,false,false,false,false,false,false,false,false,false,false,false,false,true,false,true,true,true,false,false,false,38,8,3,5,0,0,0,false,false,false,false
Kubernetes,outlines,Kubernetes---kb_689_Normalized.json,5,2,3,2,3,5,0,completed,,,9.44893,0.0843916,0.0390328,0.045175,16600,5682,450.6,123.4,226,2,3,0,0,0,0,0,1,1,0,true,false,false,false,false,false,false,false,false,true,false,false,false,false,false,false,false,false,true,false,false,false,false,false,false,false,false,false,false,false,false,false,false,false,false,true,false,true,true,true,false,false,false,58,12,5,5,0,0,0,false,true,true,false
Kubernetes,outlines,Kubernetes---kb_690_Normalized.json,7,2,5,2,5,7,0,completed,,,9.57776,0.109733,0.0502841,0.0592229,22410,5682,612.857,168.714,231,2,5,0,0,0,0,0,1,1,0,true,false,false,false,false,false,false,false,false,true,false,false,false,false,false,false,false,false,true,false,false,false,false,false,false,false,false,false,false,false,false,false,false,false,false,true,false,true,true,true,false,false,false,58,12,5,5,0,0,0,false,true,true,false
Kubernetes,outlines,Kubernetes---kb_691_Normalized.json,5,2,3,2,3,5,0,completed,,,1.19339,0.138757,0.0643786,0.0741968,5311,1534,169.2,66.2,67,2,3,0,0,0,0,0,1,1,0,false,false,false,false,false,false,false,false,false,true,false,false,false,false,false,false,false,false,false,false,false,false,false,false,false,false,false,false,false,false,false,false,false,false,false,true,false,true,true,true,false,false,false,20,6,2,4,0,0,0,false,false,false,false
Kubernetes,outlines,Kubernetes---kb_692_Normalized.json,5,2,3,2,3,5,0,completed,,,1.19067,0.123523,0.0569288,0.0664388,5309,1534,170,66.6,69,2,3,0,0,0,0,0,1,1,0,false,false,false,false,false,false,false,false,false,true,false,false,false,false,false,false,false,false,false,false,false,false,false,false,false,false,false,false,false,false,false,false,false,false,false,true,false,true,true,true,false,false,false,20,6,2,4,0,0,0,false,false,false,false
Kubernetes,outlines,Kubernetes---kb_693_Normalized.json,2,1,1,1,1,2,0,completed,,,39.4773,0.0656255,0.030189,0.0352435,26526,20292,358,111.5,112,1,1,0,0,0,0,0,1,1,0,true,false,false,false,false,false,false,false,false,true,false,false,false,true,false,false,false,false,true,false,false,false,false,false,false,false,false,false,false,false,false,true,false,false,false,true,false,true,true,true,false,false,false,165,47,10,5,2,2,0,false,true,true,false
Kubernetes,outlines,Kubernetes---kb_694_Normalized.json,4,2,2,2,2,4,0,completed,,,40.8712,0.0862737,0.0400635,0.0460163,28292,20266,357.75,111,112,2,2,0,0,0,0,0,1,1,0,true,false,false,false,false,false,false,false,false,true,false,false,false,true,false,false,false,false,true,false,false,false,false,false,false,false,false,false,false,false,false,true,false,false,false,true,false,true,true,true,false,false,false,164,47,10,5,2,1,0,false,true,true,false
Kubernetes,outlines,Kubernetes---kb_697_Normalized.json,4,2,2,2,2,4,0,completed,,,2.26975,0.0315018,0.0148875,0.0165435,6635,3338,104.25,31.5,56,2,2,0,0,0,0,0,1,1,0,true,false,false,false,false,false,false,false,false,true,false,false,false,false,false,false,false,false,true,false,false,false,false,false,false,false,false,false,false,false,false,true,false,false,false,true,false,true,true,true,false,false,false,38,8,2,5,2,0,0,false,false,false,false
Kubernetes,outlines,Kubernetes---kb_698_Normalized.json,4,2,2,2,2,4,0,completed,,,2.25913,0.0245555,0.011167,0.013322,7034,3338,141,43.25,54,2,2,0,0,0,0,0,1,1,0,true,false,false,false,false,false,false,false,false,true,false,false,false,false,false,false,false,false,true,false,false,false,false,false,false,false,false,false,false,false,false,true,false,false,false,true,false,true,true,true,false,false,false,38,8,2,5,2,0,0,false,false,false,false
Kubernetes,outlines,Kubernetes---kb_699_Normalized.json,6,2,4,2,4,6,0,completed,,,1.39525,0.0253353,0.0113592,0.013887,7899,2392,204.333,86.1667,93,1,4,0,1,0,0.5,0,1,0.833333,-0.5,true,false,false,false,false,false,false,false,false,true,false,false,false,false,false,false,false,false,false,false,false,false,false,false,false,false,false,false,false,false,false,false,false,false,false,true,false,true,true,true,false,false,false,27,6,4,4,0,0,0,false,false,false,false
Kubernetes,outlines,Kubernetes---kb_69_Normalized.json,3,1,2,1,2,3,0,completed,,,0.858297,0.0856363,0.0396733,0.0458467,3212,904,130.667,41,42,1,2,0,0,0,0,0,1,1,0,false,false,false,false,false,false,false,false,false,true,false,false,false,false,false,false,false,false,false,false,false,false,false,false,false,false,false,false,false,false,false,false,false,false,false,true,false,true,true,true,false,false,false,15,4,1,4,0,0,0,false,false,false,false
Kubernetes,outlines,Kubernetes---kb_700_Normalized.json,3,2,1,2,1,3,0,completed,,,1.42274,0.10005,0.0460453,0.053851,5084,2392,199,84,84,2,1,0,0,0,0,0,1,1,0,true,false,false,false,false,false,false,false,false,true,false,false,false,false,false,false,false,false,false,false,false,false,false,false,false,false,false,false,false,false,false,false,false,false,false,true,false,true,true,true,false,false,false,27,6,4,4,0,0,0,false,false,false,false
Kubernetes,outlines,Kubernetes---kb_701_Normalized.json,8,2,6,2,6,8,0,completed,,,1.46195,0.0662757,0.0296501,0.0365235,8122,1342,170.375,62.625,81,2,6,0,0,0,0,0,1,1,0,false,false,false,false,false,false,false,false,false,true,false,false,false,false,false,false,false,false,true,false,false,false,false,false,false,false,false,false,false,false,false,false,false,false,false,true,false,true,false,true,false,false,false,22,5,0,5,0,0,0,false,false,false,false
Kubernetes,outlines,Kubernetes---kb_702_Normalized.json,8,2,6,2,6,8,0,completed,,,1.34237,0.0803741,0.0363324,0.0439335,7943,1342,179.125,65,71,2,6,0,0,0,0,0,1,1,0,false,false,false,false,false,false,false,false,false,true,false,false,false,false,false,false,false,false,true,false,false,false,false,false,false,false,false,false,false,false,false,false,false,false,false,true,false,true,false,true,false,false,false,22,5,0,5,0,0,0,false,false,false,false
Kubernetes,outlines,Kubernetes---kb_703_Normalized.json,2,1,1,1,1,2,0,completed,,,0.519596,0.0113295,0.005366,0.0059295,1302,201,29,12.5,13,1,1,0,0,0,0,0,1,1,0,false,false,false,false,false,false,false,false,false,false,false,false,false,false,false,false,false,false,false,false,false,false,false,false,false,false,false,false,false,false,false,false,false,false,false,true,false,false,false,true,false,false,false,6,2,0,4,0,0,0,false,false,false,false
Kubernetes,outlines,Kubernetes---kb_704_Normalized.json,2,1,1,1,1,2,0,completed,,,0.518048,0.0124845,0.0058865,0.0065625,1302,201,29,12.5,13,1,1,0,0,0,0,0,1,1,0,false,false,false,false,false,false,false,false,false,false,false,false,false,false,false,false,false,false,false,false,false,false,false,false,false,false,false,false,false,false,false,false,false,false,false,true,false,false,false,true,false,false,false,6,2,0,4,0,0,0,false,false,false,false
Kubernetes,outlines,Kubernetes---kb_705_Normalized.json,4,1,3,1,3,4,0,completed,,,0.338211,0.00880125,0.0038565,0.00492,2428,319,15.5,8.25,12,1,3,0,0,0,0,0,1,1,0,false,false,false,false,false,false,false,false,false,false,false,false,false,false,false,false,false,false,false,false,false,false,false,false,false,false,false,false,false,false,false,false,false,false,false,true,false,false,false,true,false,false,false,5,1,0,4,0,0,0,false,false,false,false
Kubernetes,outlines,Kubernetes---kb_706_Normalized.json,5,1,4,1,4,5,0,completed,,,0.359712,0.0071806,0.0031624,0.0039958,3017,319,17.6,9.6,15,1,4,0,0,0,0,0,1,1,0,false,false,false,false,false,false,false,false,false,false,false,false,false,false,false,false,false,false,false,false,false,false,false,false,false,false,false,false,false,false,false,false,false,false,false,true,false,false,false,true,false,false,false,5,1,0,4,0,0,0,false,false,false,false
Kubernetes,outlines,Kubernetes---kb_709_Normalized.json,4,2,2,2,2,4,0,completed,,,84.2351,0.0941967,0.0438653,0.0501178,100790,76214,478.5,142.5,148,2,2,0,0,0,0,0,1,1,0,true,false,false,false,false,false,false,false,false,true,false,false,false,true,false,false,false,false,true,false,false,false,false,false,false,false,false,false,false,false,false,true,false,false,false,true,false,true,true,true,false,false,false,766,244,49,5,2,2,0,false,true,true,false
Kubernetes,outlines,Kubernetes---kb_70_Normalized.json,2,1,1,1,1,2,0,completed,,,0.854446,0.0839325,0.0388445,0.044976,2558,904,129,40.5,42,1,1,0,0,0,0,0,1,1,0,false,false,false,false,false,false,false,false,false,true,false,false,false,false,false,false,false,false,false,false,false,false,false,false,false,false,false,false,false,false,false,false,false,false,false,true,false,true,true,true,false,false,false,15,4,1,4,0,0,0,false,false,false,false
Kubernetes,outlines,Kubernetes---kb_710_Normalized.json,5,2,3,2,3,5,0,completed,,,86.393,0.131229,0.061191,0.0698026,102868,76178,517.6,153.2,180,2,3,0,0,0,0,0,1,1,0,true,false,false,false,false,false,false,false,false,true,false,false,false,true,false,false,false,false,true,false,false,false,false,false,false,false,false,false,false,false,false,true,false,false,false,true,false,true,true,true,false,false,false,765,244,49,5,2,1,0,false,true,true,false
Kubernetes,outlines,Kubernetes---kb_713_Normalized.json,4,2,2,2,2,4,0,completed,,,62.7034,0.0649482,0.0295185,0.0352985,81948,61736,297.5,86,135,2,2,0,0,0,0,0,1,1,0,true,false,false,false,false,false,false,false,false,true,false,false,false,false,false,false,false,false,true,false,false,false,false,false,false,false,false,false,false,false,false,true,false,false,false,true,false,true,true,true,false,false,false,665,212,45,5,2,0,0,false,true,true,false
Kubernetes,outlines,Kubernetes---kb_714_Normalized.json,5,2,3,2,3,5,0,completed,,,62.0315,0.0592086,0.0270818,0.0319998,84320,61736,337.4,107,128,2,3,0,0,0,0,0,1,1,0,true,false,false,false,false,false,false,false,false,true,false,false,false,false,false,false,false,false,true,false,false,false,false,false,false,false,false,false,false,false,false,true,false,false,false,true,false,true,true,true,false,false,false,665,212,45,5,2,0,0,false,true,true,false
Kubernetes,outlines,Kubernetes---kb_715_Normalized.json,3,1,2,1,2,3,0,completed,,,0.421007,0.004443,0.001928,0.002493,2053,279,25.3333,7,8,1,2,0,0,0,0,0,1,1,0,false,false,false,false,false,false,false,false,false,false,false,false,false,false,false,false,false,false,false,false,false,false,false,false,false,false,false,false,false,false,false,false,false,false,false,true,false,false,true,true,false,false,false,6,1,1,4,0,0,0,false,false,false,false
Kubernetes,outlines,Kubernetes---kb_716_Normalized.json,2,1,1,1,1,2,0,completed,,,0.423823,0.0064155,0.002917,0.0034725,1465,279,27.5,7.5,8,1,1,0,0,0,0,0,1,1,0,false,false,false,false,false,false,false,false,false,false,false,false,false,false,false,false,false,false,false,false,false,false,false,false,false,false,false,false,false,false,false,false,false,false,false,true,false,false,true,true,false,false,false,6,1,1,4,0,0,0,false,false,false,false
Kubernetes,outlines,Kubernetes---kb_717_Normalized.json,9,2,7,2,7,9,0,completed,,,3.1349,0.0485893,0.0225556,0.025919,21531,5809,495.333,171.333,182,2,7,0,0,0,0,0,1,1,0,false,false,false,false,false,false,false,false,false,true,false,false,false,false,false,false,false,false,true,false,false,false,false,false,false,false,false,false,false,false,false,false,false,false,false,true,false,true,true,true,false,false,false,58,18,2,5,0,0,0,false,false,true,false
Kubernetes,outlines,Kubernetes---kb_718_Normalized.json,8,2,6,2,6,8,0,completed,,,3.18591,0.0542404,0.0251539,0.0289614,19475,5809,499.625,173.5,180,2,6,0,0,0,0,0,1,1,0,false,false,false,false,false,false,false,false,false,true,false,false,false,false,false,false,false,false,true,false,false,false,false,false,false,false,false,false,false,false,false,false,false,false,false,true,false,true,true,true,false,false,false,58,18,2,5,0,0,0,false,false,true,false
Kubernetes,outlines,Kubernetes---kb_720_Normalized.json,6,2,4,2,4,6,0,completed,,,43.146,0.288336,0.13482,0.152889,53177,29440,1126.83,346.333,424,2,4,0,0,0,0,0,1,1,0,true,false,false,false,false,false,false,false,false,true,false,false,false,true,false,false,false,false,true,false,false,false,false,false,false,false,false,false,false,false,false,false,false,false,false,true,false,true,true,true,false,false,false,284,80,18,5,0,2,0,false,true,true,false
Kubernetes,outlines,Kubernetes---kb_721_Normalized.json,6,2,4,2,4,6,0,completed,,,44.2857,0.390322,0.177746,0.211779,55142,29414,1425.67,431.667,435,2,4,0,0,0,0,0,1,1,0,true,false,false,false,false,false,false,false,false,true,false,false,false,true,false,false,false,false,true,false,false,false,false,false,false,false,false,false,false,false,false,false,false,false,false,true,false,true,true,true,false,false,false,283,80,18,5,0,1,0,false,true,true,false
Kubernetes,outlines,Kubernetes---kb_723_Normalized.json,4,2,2,2,2,4,0,completed,,,71.5273,0.316102,0.14696,0.168409,56138,33390,1500.75,452.25,468,2,2,0,0,0,0,0,1,1,0,true,false,false,false,false,false,false,false,false,true,false,false,false,true,false,false,false,false,true,false,false,false,false,false,false,false,false,false,false,false,false,false,false,false,false,true,false,true,true,true,false,false,false,315,88,19,6,0,3,0,false,true,true,false
Kubernetes,outlines,Kubernetes---kb_724_Normalized.json,6,2,4,2,4,6,0,completed,,,73.7933,0.318346,0.148463,0.169282,63724,33364,1410.17,429,476,2,4,0,0,0,0,0,1,1,0,true,false,false,false,false,false,false,false,false,true,false,false,false,true,false,false,false,false,true,false,false,false,false,false,false,false,false,false,false,false,false,false,false,false,false,true,false,true,true,true,false,false,false,314,88,19,6,0,2,0,false,true,true,false
Kubernetes,outlines,Kubernetes---kb_726_Normalized.json,4,2,2,2,2,4,0,completed,,,9.44559,0.245988,0.114811,0.130666,32308,14901,1470.25,460,487,2,2,0,0,0,0,0,1,1,0,false,false,false,false,false,false,false,false,false,true,false,false,false,false,false,false,false,false,true,false,false,false,false,false,false,false,false,false,false,false,false,false,false,false,false,true,false,true,true,true,false,false,false,181,48,14,5,0,0,0,false,true,true,false
Kubernetes,outlines,Kubernetes---kb_727_Normalized.json,4,2,2,2,2,4,0,completed,,,9.58019,0.296099,0.139502,0.15605,32382,14901,1510.5,474.5,481,2,2,0,0,0,0,0,1,1,0,false,false,false,false,false,false,false,false,false,true,false,false,false,false,false,false,false,false,true,false,false,false,false,false,false,false,false,false,false,false,false,false,false,false,false,true,false,true,true,true,false,false,false,181,48,14,5,0,0,0,false,true,true,false
Kubernetes,outlines,Kubernetes---kb_728_Normalized.json,5,1,4,1,4,5,0,completed,,,2.33747,0.0375564,0.0176102,0.0198746,7652,3251,124.2,34.2,39,1,4,0,0,0,0,0,1,1,0,true,false,false,false,false,false,false,false,false,true,false,false,false,false,false,false,false,false,true,false,false,false,false,false,false,false,false,false,false,false,false,true,false,false,false,true,false,true,true,true,false,false,false,39,8,4,5,2,0,0,false,false,false,false
Kubernetes,outlines,Kubernetes---kb_729_Normalized.json,3,1,2,1,2,3,0,completed,,,2.82967,0.0379667,0.0172427,0.0206417,8414,4767,142.333,41.6667,43,1,2,0,0,0,0,0,1,1,0,true,false,false,false,false,false,false,false,false,true,false,false,false,false,false,false,false,false,true,false,false,false,false,false,false,false,false,false,false,false,false,true,false,false,false,true,false,true,true,true,false,false,false,58,13,6,5,2,0,0,false,true,true,false
Kubernetes,outlines,Kubernetes---kb_730_Normalized.json,2,1,1,1,1,2,0,completed,,,2.75464,0.0582635,0.0268635,0.031291,7727,4767,149,42.5,43,1,1,0,0,0,0,0,1,1,0,true,false,false,false,false,false,false,false,false,true,false,false,false,false,false,false,false,false,true,false,false,false,false,false,false,false,false,false,false,false,false,true,false,false,false,true,false,true,true,true,false,false,false,58,13,6,5,2,0,0,false,true,true,false
Kubernetes,outlines,Kubernetes---kb_731_Normalized.json,6,2,4,2,4,6,0,completed,,,2.33852,0.0226967,0.0105982,0.0120495,9148,3205,205.333,56.3333,67,2,4,0,0,0,0,0,1,1,0,true,false,false,false,false,false,false,false,false,true,false,false,false,false,false,false,false,false,true,false,false,false,false,false,false,false,false,false,false,false,false,true,false,false,false,true,false,true,true,true,false,false,false,39,8,4,5,2,0,0,false,false,false,false
Kubernetes,outlines,Kubernetes---kb_732_Normalized.json,3,2,1,2,1,3,0,completed,,,2.7504,0.0367163,0.0169847,0.0196447,7839,4479,169.667,50,51,2,1,0,0,0,0,0,1,1,0,true,false,false,false,false,false,false,false,false,true,false,false,false,false,false,false,false,false,true,false,false,false,false,false,false,false,false,false,false,false,false,true,false,false,false,true,false,true,true,true,false,false,false,55,12,5,5,2,0,0,false,true,true,false
Kubernetes,outlines,Kubernetes---kb_733_Normalized.json,4,2,2,2,2,4,0,completed,,,2.74028,0.0268185,0.0125988,0.0141545,8574,4479,169.75,47.75,51,2,2,0,0,0,0,0,1,1,0,true,false,false,false,false,false,false,false,false,true,false,false,false,false,false,false,false,false,true,false,false,false,false,false,false,false,false,false,false,false,false,true,false,false,false,true,false,true,true,true,false,false,false,55,12,5,5,2,0,0,false,true,true,false
Kubernetes,outlines,Kubernetes---kb_734_Normalized.json,4,2,2,2,2,4,0,completed,,,233.201,0.0104908,0.0048665,0.0055625,185342,127790,3114.5,934,2350,1,2,0,1,0,0.5,0,1,0.75,-0.5,true,false,false,false,false,false,false,false,false,true,false,false,false,false,false,false,false,false,true,false,false,false,false,false,false,false,false,false,false,false,false,true,false,false,false,true,false,true,true,true,false,false,false,1273,387,69,6,4,0,0,false,true,true,false
Kubernetes,outlines,Kubernetes---kb_735_Normalized.json,5,2,3,2,3,5,0,completed,,,235.698,0.0510578,0.02395,0.026975,163440,127790,209.2,59.8,66,2,3,0,0,0,0,0,1,1,0,true,false,false,false,false,false,false,false,false,true,false,false,false,false,false,false,false,false,true,false,false,false,false,false,false,false,false,false,false,false,false,true,false,false,false,true,false,true,true,true,false,false,false,1273,387,69,6,4,0,0,false,true,true,false
Kubernetes,outlines,Kubernetes---kb_736_Normalized.json,5,2,3,2,3,5,0,completed,,,30.5023,0.442558,0.208988,0.232977,25708,12075,911,335.6,396,2,3,0,0,0,0,0,1,1,0,false,false,false,false,false,false,false,false,false,true,false,false,false,false,false,false,false,false,true,false,false,false,false,false,false,false,false,false,false,false,false,false,false,false,false,true,false,true,true,true,false,false,false,132,42,8,4,0,0,0,false,true,true,false
Kubernetes,outlines,Kubernetes---kb_737_Normalized.json,5,2,3,2,3,5,0,completed,,,29.6071,0.358018,0.166689,0.190838,24443,12075,772.8,276,308,2,3,0,0,0,0,0,1,1,0,false,false,false,false,false,false,false,false,false,true,false,false,false,false,false,false,false,false,true,false,false,false,false,false,false,false,false,false,false,false,false,false,false,false,false,true,false,true,true,true,false,false,false,132,42,8,4,0,0,0,false,true,true,false
Kubernetes,outlines,Kubernetes---kb_738_Normalized.json,3,1,2,1,2,3,0,completed,,,187.012,0.03781,0.018368,0.019343,179161,143086,234.667,66.3333,74,1,2,0,0,0,0,0,1,1,0,true,false,false,false,false,false,false,false,false,true,false,false,false,true,false,false,false,false,true,false,false,false,false,false,false,false,false,false,false,false,false,true,false,false,false,true,false,true,true,true,false,false,false,1383,421,73,6,4,2,0,false,true,true,false
Kubernetes,outlines,Kubernetes---kb_739_Normalized.json,2,1,1,1,1,2,0,completed,,,190.742,0.039793,0.0185035,0.021202,177817,143072,215.5,61.5,63,1,1,0,0,0,0,0,1,1,0,true,false,false,false,false,false,false,false,false,true,false,false,false,true,false,false,false,false,true,false,false,false,false,false,false,false,false,false,false,false,false,true,false,false,false,true,false,true,true,true,false,false,false,1382,421,73,6,4,1,0,false,true,true,false
Kubernetes,outlines,Kubernetes---kb_740_Normalized.json,3,2,1,2,1,3,0,completed,,,110.957,0.0817243,0.03775,0.0437797,184626,146958,344.667,105.667,127,1,1,0,1,0,0.5,0,1,0.666667,-0.5,true,false,false,false,false,false,false,false,false,true,false,false,false,true,false,false,false,false,true,false,false,false,false,false,false,false,false,false,false,false,false,true,false,false,false,true,false,true,true,true,false,false,false,1414,429,74,6,4,3,0,false,true,true,false
Kubernetes,outlines,Kubernetes---kb_741_Normalized.json,4,2,2,2,2,4,0,completed,,,109.834,0.0765595,0.035311,0.0410895,185991,146944,387,118.5,152,1,2,0,1,0,0.5,0,1,0.75,-0.5,true,false,false,false,false,false,false,false,false,true,false,false,false,true,false,false,false,false,true,false,false,false,false,false,false,false,false,false,false,false,false,true,false,false,false,true,false,true,true,true,false,false,false,1413,429,74,6,4,2,0,false,true,true,false
Kubernetes,outlines,Kubernetes---kb_742_Normalized.json,3,1,2,1,2,3,0,completed,,,200.004,0.014669,0.00690733,0.007719,176864,141459,195.667,61,66,0,2,0,1,0,1,0,1,0.666667,-1,true,false,false,false,false,false,false,false,false,true,false,false,false,false,false,false,false,false,true,false,false,false,false,false,false,false,false,false,false,false,false,true,false,false,false,true,false,true,true,true,false,false,false,1366,417,73,6,4,0,0,false,true,true,false
Kubernetes,outlines,Kubernetes---kb_743_Normalized.json,1,1,0,1,0,1,0,completed,,,201.789,0.058142,0.027747,0.03027,174520,141459,188,58,58,0,0,0,1,0,1,0,1,0,-1,true,false,false,false,false,false,false,false,false,true,false,false,false,false,false,false,false,false,true,false,false,false,false,false,false,false,false,false,false,false,false,true,false,false,false,true,false,true,true,true,false,false,false,1366,417,73,6,4,0,0,false,true,true,false
Kubernetes,outlines,Kubernetes---kb_744_Normalized.json,2,1,1,1,1,2,0,completed,,,0.603426,0.0269395,0.012302,0.0145865,2059,441,91,22.5,23,1,1,0,0,0,0,0,1,1,0,false,false,false,false,false,false,false,false,false,false,false,false,false,false,false,false,false,false,true,false,false,false,false,false,false,false,false,false,false,false,false,false,false,false,false,true,false,false,true,true,false,false,false,10,2,1,5,0,0,0,false,false,false,false
Kubernetes,outlines,Kubernetes---kb_745_Normalized.json,3,1,2,1,2,3,0,completed,,,0.60161,0.017149,0.00763133,0.00948067,2789,441,88,22.3333,23,1,2,0,0,0,0,0,1,1,0,false,false,false,false,false,false,false,false,false,false,false,false,false,false,false,false,false,false,true,false,false,false,false,false,false,false,false,false,false,false,false,false,false,false,false,true,false,false,true,true,false,false,false,10,2,1,5,0,0,0,false,false,false,false
Kubernetes,outlines,Kubernetes---kb_746_Normalized.json,7,1,6,1,6,7,0,completed,,,1.64692,0.0458401,0.0210587,0.0247023,9976,1644,205.857,65,79,1,6,0,0,0,0,0,1,1,0,false,false,false,false,false,false,false,false,false,false,false,false,false,false,false,false,false,false,true,false,false,false,false,false,false,false,false,false,false,false,false,false,false,false,false,true,false,false,true,true,false,false,false,24,5,1,5,0,0,0,false,false,false,false
Kubernetes,outlines,Kubernetes---kb_747_Normalized.json,7,2,5,2,5,7,0,completed,,,1.65753,0.0615457,0.028672,0.0327761,8512,1644,229,71.8571,77,2,5,0,0,0,0,0,1,1,0,false,false,false,false,false,false,false,false,false,false,false,false,false,false,false,false,false,false,true,false,false,false,false,false,false,false,false,false,false,false,false,false,false,false,false,true,false,false,true,true,false,false,false,24,5,1,5,0,0,0,false,false,false,false
Kubernetes,outlines,Kubernetes---kb_748_Normalized.json,6,1,5,1,5,6,0,completed,,,1.68111,0.0466925,0.0214642,0.0251473,8012,1750,223.167,71,80,1,5,0,0,0,0,0,1,1,0,false,false,false,false,false,false,false,false,false,false,false,false,false,false,false,false,false,false,true,false,false,false,false,false,false,false,false,false,false,false,false,false,false,false,false,true,false,false,true,true,false,false,false,24,5,1,5,0,0,0,false,false,false,false
Kubernetes,outlines,Kubernetes---kb_749_Normalized.json,6,2,4,2,4,6,0,completed,,,1.67079,0.066532,0.0313553,0.0350647,7907,1750,214.5,68.1667,75,2,4,0,0,0,0,0,1,1,0,false,false,false,false,false,false,false,false,false,false,false,false,false,false,false,false,false,false,true,false,false,false,false,false,false,false,false,false,false,false,false,false,false,false,false,true,false,false,true,true,false,false,false,24,5,1,5,0,0,0,false,false,false,false
Kubernetes,outlines,Kubernetes---kb_750_Normalized.json,4,2,2,2,2,4,0,completed,,,5.52137,0.0862022,0.0401803,0.045853,17521,7705,507.5,145.75,185,1,2,0,1,0,0.5,0,1,0.75,-0.5,false,false,false,false,false,false,false,false,false,true,false,false,false,false,false,false,false,false,true,false,false,false,false,false,false,false,false,false,false,false,false,false,false,false,false,true,false,true,true,true,false,false,false,95,18,11,5,0,0,0,false,true,true,false
Kubernetes,outlines,Kubernetes---kb_751_Normalized.json,2,2,0,2,0,2,0,completed,,,5.58133,0.213646,0.098578,0.114669,13334,7705,585,168.5,170,2,0,0,0,0,0,0,1,1,0,false,false,false,false,false,false,false,false,false,true,false,false,false,false,false,false,false,false,true,false,false,false,false,false,false,false,false,false,false,false,false,false,false,false,false,true,false,true,true,true,false,false,false,95,18,11,5,0,0,0,false,true,true,false
Kubernetes,outlines,Kubernetes---kb_752_Normalized.json,7,2,5,2,5,7,0,completed,,,0.65179,0.0271179,0.0117011,0.0153603,5597,622,60.1429,23,26,2,5,0,0,0,0,0,1,1,0,false,false,false,false,false,false,false,false,false,false,false,false,false,false,false,false,false,false,false,false,false,false,false,false,false,false,false,false,false,false,false,false,false,false,false,true,false,false,true,true,false,false,false,10,3,1,4,0,0,0,false,false,false,false
Kubernetes,outlines,Kubernetes---kb_753_Normalized.json,4,2,2,2,2,4,0,completed,,,0.620623,0.0293965,0.0131863,0.0161563,2957,622,65.25,25,26,1,2,0,1,0,0.5,0,1,0.75,-0.5,false,false,false,false,false,false,false,false,false,false,false,false,false,false,false,false,false,false,false,false,false,false,false,false,false,false,false,false,false,false,false,false,false,false,false,true,false,false,true,true,false,false,false,10,3,1,4,0,0,0,false,false,false,false
Kubernetes,outlines,Kubernetes---kb_754_Normalized.json,5,2,3,2,3,5,0,completed,,,0.537571,0.0155048,0.0069944,0.0084694,2793,312,49,16,18,2,3,0,0,0,0,0,1,1,0,false,false,false,false,false,false,false,false,false,false,false,false,false,false,false,false,false,false,false,false,false,false,false,false,false,false,false,false,false,false,false,false,false,false,false,true,false,false,false,true,false,false,false,7,2,0,4,0,0,0,false,false,false,false
Kubernetes,outlines,Kubernetes---kb_755_Normalized.json,3,1,2,1,2,3,0,completed,,,0.503365,0.0152847,0.00698533,0.00826433,2120,312,55.6667,18.6667,20,1,2,0,0,0,0,0,1,1,0,false,false,false,false,false,false,false,false,false,false,false,false,false,false,false,false,false,false,false,false,false,false,false,false,false,false,false,false,false,false,false,false,false,false,false,true,false,false,false,true,false,false,false,7,2,0,4,0,0,0,false,false,false,false
Kubernetes,outlines,Kubernetes---kb_756_Normalized.json,4,2,2,2,2,4,0,completed,,,2.64931,0.0559117,0.0263813,0.0294032,6518,2378,174,51.25,52,2,2,0,0,0,0,0,1,1,0,false,false,false,false,false,false,false,false,false,true,false,false,false,false,false,false,false,false,true,false,false,false,false,false,false,false,false,false,false,false,false,false,false,false,false,true,false,true,true,true,false,false,false,33,7,4,5,0,0,0,false,false,false,false
Kubernetes,outlines,Kubernetes---kb_757_Normalized.json,6,2,4,2,4,6,0,completed,,,2.70585,0.098614,0.0460188,0.052407,9467,2378,241.5,74.8333,83,2,4,0,0,0,0,0,1,1,0,false,false,false,false,false,false,false,false,false,true,false,false,false,false,false,false,false,false,true,false,false,false,false,false,false,false,false,false,false,false,false,false,false,false,false,true,false,true,true,true,false,false,false,33,7,4,5,0,0,0,false,false,false,false
Kubernetes,outlines,Kubernetes---kb_758_Normalized.json,10,2,8,2,8,10,0,completed,,,28.0096,0.0341325,0.0156164,0.0184146,29032,15645,372,99.6,124,1,8,0,1,0,0.5,0,1,0.9,-0.5,true,false,false,false,false,false,false,false,false,true,false,false,false,true,false,false,false,false,true,false,false,false,false,false,false,false,false,false,false,false,false,false,false,false,false,true,false,true,true,true,false,false,false,112,35,5,5,0,2,0,false,true,true,false
Kubernetes,outlines,Kubernetes---kb_759_Normalized.json,5,1,4,1,4,5,0,completed,,,28.3825,0.0228778,0.0105798,0.0122186,24623,15759,413.8,106.4,130,0,4,0,1,0,1,0,1,0.8,-1,true,false,false,false,false,false,false,false,false,true,false,false,false,true,false,false,false,false,true,false,false,false,false,false,false,false,false,false,false,false,false,false,false,false,false,true,false,true,true,true,false,false,false,112,35,5,5,0,2,0,false,true,true,false
Kubernetes,outlines,Kubernetes---kb_75_Normalized.json,4,2,2,2,2,4,0,completed,,,0.126554,,,,5024,1462,,,,0,2,0,2,0,1,0,1,0.5,-1,false,false,false,false,false,false,false,false,false,true,false,false,false,false,false,false,false,false,true,false,false,false,false,false,false,false,false,false,false,false,false,false,false,false,false,true,false,true,true,true,false,false,false,24,6,1,4,0,0,0,false,false,false,false
Kubernetes,outlines,Kubernetes---kb_760_Normalized.json,9,2,7,2,7,9,0,completed,,,27.6317,0.182463,0.0881896,0.0940276,39568,15757,998.444,324.222,420,0,7,0,2,0,1,0,1,0.777778,-1,true,false,false,false,false,false,false,false,false,true,false,false,false,true,false,false,false,false,true,false,false,false,false,false,false,false,false,false,false,false,false,false,false,false,false,true,false,true,true,true,false,false,false,112,35,5,5,0,2,0,false,true,true,false
Kubernetes,outlines,Kubernetes---kb_761_Normalized.json,9,2,7,2,7,9,0,completed,,,28.4504,0.287627,0.134448,0.152788,35334,15720,817.111,247.222,358,2,7,0,0,0,0,0,1,1,0,true,false,false,false,false,false,false,false,false,true,false,false,false,true,false,false,false,false,true,false,false,false,false,false,false,false,false,false,false,false,false,false,false,false,false,true,false,true,true,true,false,false,false,111,35,5,5,0,1,0,false,true,true,false
Kubernetes,outlines,Kubernetes---kb_762_Normalized.json,7,2,5,2,5,7,0,completed,,,52.2623,0.55302,0.260112,0.292128,38795,19542,1077.29,331.571,467,2,5,0,0,0,0,0,1,1,0,true,false,false,false,false,false,false,false,false,true,false,false,false,true,false,false,false,false,true,false,false,false,false,false,false,false,false,false,false,false,false,false,false,false,false,true,false,true,true,true,false,false,false,143,43,6,6,0,3,0,false,true,true,false
Kubernetes,outlines,Kubernetes---kb_763_Normalized.json,6,2,4,2,4,6,0,completed,,,54.204,0.542475,0.240906,0.30086,36581,19674,1146.33,347.167,479,2,4,0,0,0,0,0,1,1,0,true,false,false,false,false,false,false,false,false,true,false,false,false,true,false,false,false,false,true,false,false,false,false,false,false,false,false,false,false,false,false,false,false,false,false,true,false,true,true,true,false,false,false,143,43,6,6,0,3,0,false,true,true,false
Kubernetes,outlines,Kubernetes---kb_764_Normalized.json,6,2,4,2,4,6,0,completed,,,53.0929,0.408401,0.192496,0.21533,36587,19669,1036.17,318.5,357,2,4,0,0,0,0,0,1,1,0,true,false,false,false,false,false,false,false,false,true,false,false,false,true,false,false,false,false,true,false,false,false,false,false,false,false,false,false,false,false,false,false,false,false,false,true,false,true,true,true,false,false,false,143,43,6,6,0,3,0,false,true,true,false
Kubernetes,outlines,Kubernetes---kb_765_Normalized.json,6,2,4,2,4,6,0,completed,,,53.7215,0.691174,0.326017,0.364315,36825,19632,1157.67,362.333,513,2,4,0,0,0,0,0,1,1,0,true,false,false,false,false,false,false,false,false,true,false,false,false,true,false,false,false,false,true,false,false,false,false,false,false,false,false,false,false,false,false,false,false,false,false,true,false,true,true,true,false,false,false,142,43,6,6,0,2,0,false,true,true,false
Kubernetes,outlines,Kubernetes---kb_766_Normalized.json,2,2,0,2,0,2,0,completed,,,38.1777,0.10282,0.047725,0.0548595,28070,21943,448.5,132.5,160,1,0,0,1,0,0.5,0,1,0.5,-0.5,true,false,false,false,false,false,false,false,false,true,false,false,false,true,false,false,false,false,true,false,false,false,false,false,false,false,false,false,false,false,false,false,false,false,false,true,false,true,true,true,false,false,false,172,48,6,6,0,2,0,false,true,true,false
Kubernetes,outlines,Kubernetes---kb_767_Normalized.json,3,2,1,2,1,3,0,completed,,,38.746,0.19163,0.089225,0.102081,30478,21894,549.333,155,165,2,1,0,0,0,0,0,1,1,0,true,false,false,false,false,false,false,false,false,true,false,false,false,true,false,false,false,false,true,false,false,false,false,false,false,false,false,false,false,false,false,false,false,false,false,true,false,true,true,true,false,false,false,171,48,6,6,0,1,0,false,true,true,false
Kubernetes,outlines,Kubernetes---kb_768_Normalized.json,5,2,3,2,3,5,0,completed,,,0.801674,0.09104,0.042073,0.0488268,4685,1222,156.8,47.8,51,2,3,0,0,0,0,0,1,1,0,false,false,false,false,false,false,false,false,false,true,false,false,false,false,false,false,false,false,false,false,false,false,false,false,false,false,false,false,false,false,false,false,false,false,false,true,false,true,false,true,false,false,false,17,5,0,4,0,0,0,false,false,false,false
Kubernetes,outlines,Kubernetes---kb_769_Normalized.json,2,1,1,1,1,2,0,completed,,,0.963977,0.091034,0.04217,0.0487365,3032,1222,170,49,51,1,1,0,0,0,0,0,1,1,0,false,false,false,false,false,false,false,false,false,true,false,false,false,false,false,false,false,false,false,false,false,false,false,false,false,false,false,false,false,false,false,false,false,false,false,true,false,true,false,true,false,false,false,17,5,0,4,0,0,0,false,false,false,false
Kubernetes,outlines,Kubernetes---kb_76_Normalized.json,3,2,1,2,1,3,0,completed,,,0.114401,,,,4106,1462,,,,0,1,0,2,0,1,0,1,0.333333,-1,false,false,false,false,false,false,false,false,false,true,false,false,false,false,false,false,false,false,true,false,false,false,false,false,false,false,false,false,false,false,false,false,false,false,false,true,false,true,true,true,false,false,false,24,6,1,4,0,0,0,false,false,false,false
Kubernetes,outlines,Kubernetes---kb_770_Normalized.json,4,1,3,1,3,4,0,completed,,,63.2636,0.090242,0.0414955,0.048548,38532,25993,528.5,147,184,0,3,0,1,0,1,0,1,0.75,-1,true,false,false,false,false,false,false,false,false,true,false,false,false,true,false,false,false,false,true,false,false,false,false,false,false,false,false,false,false,false,false,false,false,false,false,true,false,true,true,true,false,false,false,203,56,7,6,0,3,0,false,true,true,false
Kubernetes,outlines,Kubernetes---kb_771_Normalized.json,5,2,3,2,3,5,0,completed,,,60.7775,0.143176,0.0672704,0.0756804,39374,25944,529.6,153,164,0,3,0,2,0,1,0,1,0.6,-1,true,false,false,false,false,false,false,false,false,true,false,false,false,true,false,false,false,false,true,false,false,false,false,false,false,false,false,false,false,false,false,false,false,false,false,true,false,true,true,true,false,false,false,202,56,7,6,0,2,0,false,true,true,false
Kubernetes,outlines,Kubernetes---kb_772_Normalized.json,2,1,1,1,1,2,0,completed,,,0.353093,0.009644,0.004629,0.0049855,1455,309,19,7,8,1,1,0,0,0,0,0,1,1,0,false,false,false,false,false,false,false,false,false,false,false,false,false,false,false,false,false,false,false,false,false,false,false,false,false,false,false,false,false,false,false,false,false,false,false,true,false,false,true,true,false,false,false,6,1,1,4,0,0,0,false,false,false,false
Kubernetes,outlines,Kubernetes---kb_773_Normalized.json,2,1,1,1,1,2,0,completed,,,0.347096,0.009191,0.004167,0.0049955,1455,309,19,7,8,1,1,0,0,0,0,0,1,1,0,false,false,false,false,false,false,false,false,false,false,false,false,false,false,false,false,false,false,false,false,false,false,false,false,false,false,false,false,false,false,false,false,false,false,false,true,false,false,true,true,false,false,false,6,1,1,4,0,0,0,false,false,false,false
Kubernetes,outlines,Kubernetes---kb_774_Normalized.json,3,2,1,2,1,3,0,completed,,,1.21876,0.0117567,0.004785,0.00691167,8837,5126,172.333,55.3333,58,1,1,0,1,0,0.5,0,1,0.666667,-0.5,false,false,false,false,false,false,false,false,false,true,false,false,false,false,false,false,false,false,false,false,false,false,false,false,false,false,false,false,false,false,false,false,false,false,false,true,false,true,true,true,false,false,false,45,9,2,5,0,0,0,false,false,false,false
Kubernetes,outlines,Kubernetes---kb_775_Normalized.json,3,2,1,2,1,3,0,completed,,,1.24057,0.00848233,0.003606,0.004826,8726,5126,164.333,54,54,1,1,0,1,0,0.5,0,1,0.666667,-0.5,false,false,false,false,false,false,false,false,false,true,false,false,false,false,false,false,false,false,false,false,false,false,false,false,false,false,false,false,false,false,false,false,false,false,false,true,false,true,true,true,false,false,false,45,9,2,5,0,0,0,false,false,false,false
Kubernetes,outlines,Kubernetes---kb_776_Normalized.json,3,2,1,2,1,3,0,completed,,,1.86606,0.1121,0.052736,0.0592193,4559,1790,182.333,53.6667,103,2,1,0,0,0,0,0,1,1,0,false,false,false,false,false,false,false,false,false,true,false,false,false,false,false,false,false,false,true,false,false,false,false,false,false,false,false,false,false,false,false,false,false,false,false,true,false,true,false,true,false,false,false,26,6,0,4,0,0,0,false,false,false,false
Kubernetes,outlines,Kubernetes---kb_777_Normalized.json,5,2,3,2,3,5,0,completed,,,1.84404,0.0949866,0.0444204,0.0504328,6972,1790,228,63.4,109,2,3,0,0,0,0,0,1,1,0,false,false,false,false,false,false,false,false,false,true,false,false,false,false,false,false,false,false,true,false,false,false,false,false,false,false,false,false,false,false,false,false,false,false,false,true,false,true,false,true,false,false,false,26,6,0,4,0,0,0,false,false,false,false
Kubernetes,outlines,Kubernetes---kb_778_Normalized.json,3,2,1,2,1,3,0,completed,,,2.82783,0.0296557,0.01364,0.0159267,9246,4799,184,60,65,2,1,0,0,0,0,0,1,1,0,false,false,false,false,false,false,false,false,false,true,false,false,false,false,false,false,false,false,true,false,false,false,false,false,false,false,false,false,false,false,false,true,false,false,false,true,false,true,true,true,false,false,false,67,18,4,5,2,0,0,false,false,true,false
Kubernetes,outlines,Kubernetes---kb_779_Normalized.json,4,2,2,2,2,4,0,completed,,,2.83514,0.037319,0.017311,0.0199125,9262,4799,177.75,58.5,59,2,2,0,0,0,0,0,1,1,0,false,false,false,false,false,false,false,false,false,true,false,false,false,false,false,false,false,false,true,false,false,false,false,false,false,false,false,false,false,false,false,true,false,false,false,true,false,true,true,true,false,false,false,67,18,4,5,2,0,0,false,false,true,false
Kubernetes,outlines,Kubernetes---kb_77_Normalized.json,4,1,3,1,3,4,0,completed,,,1.05669,0.030725,0.0137798,0.0168842,5393,1713,140.5,51.5,53,1,3,0,0,0,0,0,1,1,0,false,false,false,false,false,false,false,false,false,true,false,false,false,false,false,false,false,false,false,false,false,false,false,false,false,false,false,false,false,false,false,false,false,false,false,true,false,true,true,true,false,false,false,20,6,1,4,0,0,0,false,false,false,false
Kubernetes,outlines,Kubernetes---kb_780_Normalized.json,6,2,4,2,4,6,0,completed,,,10.3945,0.0867777,0.0400802,0.0465142,27197,10137,597.5,190.333,235,2,4,0,0,0,0,0,1,1,0,false,false,false,false,false,false,false,false,false,true,false,false,false,false,false,false,false,false,true,false,false,false,false,false,false,false,false,false,false,false,false,true,false,false,false,true,false,true,true,true,false,false,false,108,28,7,5,2,0,0,false,true,true,false
Kubernetes,outlines,Kubernetes---kb_781_Normalized.json,4,2,2,2,2,4,0,completed,,,10.1588,0.140273,0.0635105,0.0764927,21102,10137,581.75,184,203,2,2,0,0,0,0,0,1,1,0,false,false,false,false,false,false,false,false,false,true,false,false,false,false,false,false,false,false,true,false,false,false,false,false,false,false,false,false,false,false,false,true,false,false,false,true,false,true,true,true,false,false,false,108,28,7,5,2,0,0,false,true,true,false
Kubernetes,outlines,Kubernetes---kb_784_Normalized.json,3,2,1,2,1,3,0,completed,,,0.545466,0.000606,0.000166333,0.000398667,3892,1520,54.3333,21,21,2,1,0,0,0,0,0,1,1,0,false,false,false,false,false,false,false,false,false,false,false,false,false,false,false,false,false,false,false,false,false,false,false,false,false,false,false,false,false,false,false,false,false,false,false,true,false,false,false,true,false,false,false,12,3,0,4,0,0,0,false,false,false,false
Kubernetes,outlines,Kubernetes---kb_785_Normalized.json,4,2,2,2,2,4,0,completed,,,0.547738,0.000398,8.2e-05,0.00028575,5292,1520,56.5,21,21,2,2,0,0,0,0,0,1,1,0,false,false,false,false,false,false,false,false,false,false,false,false,false,false,false,false,false,false,false,false,false,false,false,false,false,false,false,false,false,false,false,false,false,false,false,true,false,false,false,true,false,false,false,12,3,0,4,0,0,0,false,false,false,false
Kubernetes,outlines,Kubernetes---kb_786_Normalized.json,6,2,4,2,4,6,0,completed,,,1.06379,0.0643715,0.0297112,0.0345732,5381,1156,142.667,48.6667,50,1,4,0,1,0,0.5,0,1,0.833333,-0.5,false,false,false,false,false,false,false,false,false,false,false,false,false,false,false,false,false,false,false,false,false,false,false,false,false,false,false,false,false,false,false,false,false,false,false,true,false,false,true,true,false,false,false,16,6,2,4,0,0,0,false,false,false,false
Kubernetes,outlines,Kubernetes---kb_787_Normalized.json,6,2,4,2,4,6,0,completed,,,1.07976,0.0674847,0.0309185,0.0364762,5422,1156,142.167,48.6667,50,1,4,0,1,0,0.5,0,1,0.833333,-0.5,false,false,false,false,false,false,false,false,false,false,false,false,false,false,false,false,false,false,false,false,false,false,false,false,false,false,false,false,false,false,false,false,false,false,false,true,false,false,true,true,false,false,false,16,6,2,4,0,0,0,false,false,false,false
Kubernetes,outlines,Kubernetes---kb_78_Normalized.json,6,2,4,2,4,6,0,completed,,,0.997292,0.0296167,0.013264,0.0162968,6418,1713,134,44.1667,53,1,4,0,1,0,0.5,0,1,0.833333,-0.5,false,false,false,false,false,false,false,false,false,true,false,false,false,false,false,false,false,false,false,false,false,false,false,false,false,false,false,false,false,false,false,false,false,false,false,true,false,true,true,true,false,false,false,20,6,1,4,0,0,0,false,false,false,false
Kubernetes,outlines,Kubernetes---kb_790_Normalized.json,7,2,5,2,5,7,0,completed,,,1.7099,0.122615,0.0582241,0.0642301,10177,2434,262.571,101.571,111,2,5,0,0,0,0,0,1,1,0,false,false,false,false,false,false,false,false,false,true,false,false,false,false,false,false,false,false,true,false,false,false,false,false,false,false,false,false,false,false,false,false,false,false,false,true,false,true,true,true,false,false,false,30,10,2,5,0,0,0,false,false,true,false
Kubernetes,outlines,Kubernetes---kb_791_Normalized.json,6,2,4,2,4,6,0,completed,,,1.7123,0.164123,0.0729568,0.0909588,8901,2434,255.667,106.167,111,2,4,0,0,0,0,0,1,1,0,false,false,false,false,false,false,false,false,false,true,false,false,false,false,false,false,false,false,true,false,false,false,false,false,false,false,false,false,false,false,false,false,false,false,false,true,false,true,true,true,false,false,false,30,10,2,5,0,0,0,false,false,true,false
Kubernetes,outlines,Kubernetes---kb_792_Normalized.json,6,2,4,2,4,6,0,completed,,,1.56236,0.122406,0.0574643,0.0647782,8641,2378,227.833,89.8333,97,2,4,0,0,0,0,0,1,1,0,false,false,false,false,false,false,false,false,false,true,false,false,false,false,false,false,false,false,true,false,false,false,false,false,false,false,false,false,false,false,false,false,false,false,false,true,false,true,true,true,false,false,false,28,9,2,5,0,0,0,false,false,false,false
Kubernetes,outlines,Kubernetes---kb_793_Normalized.json,6,2,4,2,4,6,0,completed,,,1.53623,0.0911468,0.0427278,0.048286,8873,2378,222.167,89.6667,97,2,4,0,0,0,0,0,1,1,0,false,false,false,false,false,false,false,false,false,true,false,false,false,false,false,false,false,false,true,false,false,false,false,false,false,false,false,false,false,false,false,false,false,false,false,true,false,true,true,true,false,false,false,28,9,2,5,0,0,0,false,false,false,false
Kubernetes,outlines,Kubernetes---kb_794_Normalized.json,4,2,2,2,2,4,0,completed,,,68.6431,0.063822,0.029699,0.0339665,186851,147551,336.75,100.25,101,2,2,0,0,0,0,0,1,1,0,true,false,false,false,false,false,false,false,false,true,false,false,false,true,false,false,false,false,true,false,false,false,false,false,false,false,false,false,false,false,false,true,false,false,false,true,false,true,true,true,false,false,false,1438,437,77,6,4,2,0,false,true,true,false
Kubernetes,outlines,Kubernetes---kb_797_Normalized.json,3,2,1,2,1,3,0,completed,,,69.7804,0.091179,0.0424317,0.0485547,184859,147532,326.667,100,102,2,1,0,0,0,0,0,1,1,0,true,false,false,false,false,false,false,false,false,true,false,false,false,true,false,false,false,false,true,false,false,false,false,false,false,false,false,false,false,false,false,true,false,false,false,true,false,true,true,true,false,false,false,1437,437,77,6,4,1,0,false,true,true,false
Kubernetes,outlines,Kubernetes---kb_798_Normalized.json,4,2,2,2,2,4,0,completed,,,0.985087,0.087434,0.0413005,0.0460235,3847,1133,143.25,49.5,61,2,2,0,0,0,0,0,1,1,0,false,false,false,false,false,false,false,false,false,true,false,false,false,false,false,false,false,false,false,false,false,false,false,false,false,false,false,false,false,false,false,false,false,false,false,true,false,true,true,true,false,false,false,18,5,2,4,0,0,0,false,false,false,false
Kubernetes,outlines,Kubernetes---kb_799_Normalized.json,5,2,3,2,3,5,0,completed,,,1.04475,0.089551,0.0419132,0.0475152,4616,1133,156.8,53.6,58,2,3,0,0,0,0,0,1,1,0,false,false,false,false,false,false,false,false,false,true,false,false,false,false,false,false,false,false,false,false,false,false,false,false,false,false,false,false,false,false,false,false,false,false,false,true,false,true,true,true,false,false,false,18,5,2,4,0,0,0,false,false,false,false
Kubernetes,outlines,Kubernetes---kb_79_Normalized.json,5,2,3,2,3,5,0,completed,,,0.842396,0.0246348,0.011512,0.0130632,5343,1657,101.4,34,36,2,3,0,0,0,0,0,1,1,0,false,false,false,false,false,false,false,false,false,true,false,false,false,false,false,false,false,false,false,false,false,false,false,false,false,false,false,false,false,false,false,false,false,false,false,true,false,true,true,true,false,false,false,18,5,1,4,0,0,0,false,false,false,false
Kubernetes,outlines,Kubernetes---kb_7_Normalized.json,3,1,2,1,2,3,0,completed,,,0.317383,0.00611367,0.00268967,0.00340133,1792,247,18,7,8,1,2,0,0,0,0,0,1,1,0,false,false,false,false,false,false,false,false,false,false,false,false,false,false,false,false,false,false,false,false,false,false,false,false,false,false,false,false,false,false,false,false,false,false,false,true,false,false,true,true,false,false,false,6,1,1,4,0,0,0,false,false,false,false
Kubernetes,outlines,Kubernetes---kb_800_Normalized.json,5,2,3,2,3,5,0,completed,,,0.988349,0.0845708,0.0398848,0.0445686,4649,1133,153,52.4,54,2,3,0,0,0,0,0,1,1,0,false,false,false,false,false,false,false,false,false,true,false,false,false,false,false,false,false,false,false,false,false,false,false,false,false,false,false,false,false,false,false,false,false,false,false,true,false,true,true,true,false,false,false,18,5,2,4,0,0,0,false,false,false,false
Kubernetes,outlines,Kubernetes---kb_801_Normalized.json,4,2,2,2,2,4,0,completed,,,0.969033,0.0797985,0.0375135,0.0421783,3944,1133,159,53,54,2,2,0,0,0,0,0,1,1,0,false,false,false,false,false,false,false,false,false,true,false,false,false,false,false,false,false,false,false,false,false,false,false,false,false,false,false,false,false,false,false,false,false,false,false,true,false,true,true,true,false,false,false,18,5,2,4,0,0,0,false,false,false,false
Kubernetes,outlines,Kubernetes---kb_806_Normalized.json,4,2,2,2,2,4,0,completed,,,138.948,0.0334753,0.0153493,0.0180322,179885,143114,229.25,72.25,82,2,2,0,0,0,0,0,1,1,0,true,false,false,false,false,false,false,false,false,true,false,false,false,false,false,false,false,false,true,false,false,false,false,false,false,false,false,false,false,false,false,true,false,false,false,true,false,true,true,true,false,false,false,1380,421,74,6,4,0,0,false,true,true,false
Kubernetes,outlines,Kubernetes---kb_807_Normalized.json,4,2,2,2,2,4,0,completed,,,136.819,0.0328293,0.0150192,0.0177218,179763,143114,217.25,68.75,69,2,2,0,0,0,0,0,1,1,0,true,false,false,false,false,false,false,false,false,true,false,false,false,false,false,false,false,false,true,false,false,false,false,false,false,false,false,false,false,false,false,true,false,false,false,true,false,true,true,true,false,false,false,1380,421,74,6,4,0,0,false,true,true,false
Kubernetes,outlines,Kubernetes---kb_808_Normalized.json,2,2,0,2,0,2,0,completed,,,143.98,4.8e-05,1.5e-05,9e-06,177653,143134,316,97.5,103,0,0,0,2,0,1,0,1,0,-1,true,false,false,false,false,false,false,false,false,true,false,false,false,false,false,false,false,false,true,false,false,false,false,false,false,false,false,false,false,false,false,true,false,false,false,true,false,true,true,true,false,false,false,1379,421,73,6,4,0,0,false,true,true,false
Kubernetes,outlines,Kubernetes---kb_809_Normalized.json,5,2,3,2,3,5,0,completed,,,140.962,0.0242456,0.011098,0.0130796,180885,143114,210,64.8,69,2,3,0,0,0,0,0,1,1,0,true,false,false,false,false,false,false,false,false,true,false,false,false,false,false,false,false,false,true,false,false,false,false,false,false,false,false,false,false,false,false,true,false,false,false,true,false,true,true,true,false,false,false,1380,421,74,6,4,0,0,false,true,true,false
Kubernetes,outlines,Kubernetes---kb_80_Normalized.json,8,2,6,2,6,8,0,completed,,,0.873829,0.0280176,0.0124831,0.0154833,8099,1657,121.25,46.25,48,2,6,0,0,0,0,0,1,1,0,false,false,false,false,false,false,false,false,false,true,false,false,false,false,false,false,false,false,false,false,false,false,false,false,false,false,false,false,false,false,false,false,false,false,false,true,false,true,true,true,false,false,false,18,5,1,4,0,0,0,false,false,false,false
Kubernetes,outlines,Kubernetes---kb_810_Normalized.json,8,2,6,2,6,8,0,completed,,,2.49383,0.18964,0.0889649,0.100417,15141,2570,516.75,164.75,206,2,6,0,0,0,0,0,1,1,0,false,false,false,false,false,false,false,false,false,true,false,false,false,false,false,false,false,false,true,false,false,false,false,false,false,false,false,false,false,false,false,false,false,false,false,true,false,true,true,true,false,false,false,43,11,3,4,0,0,0,false,false,true,false
Kubernetes,outlines,Kubernetes---kb_813_Normalized.json,7,2,5,2,5,7,0,completed,,,2.50191,0.139698,0.0653273,0.0741609,12842,2570,422.857,133.143,157,2,5,0,0,0,0,0,1,1,0,false,false,false,false,false,false,false,false,false,true,false,false,false,false,false,false,false,false,true,false,false,false,false,false,false,false,false,false,false,false,false,false,false,false,false,true,false,true,true,true,false,false,false,43,11,3,4,0,0,0,false,false,true,false
Kubernetes,outlines,Kubernetes---kb_814_Normalized.json,1,1,0,1,0,1,0,completed,,,69.4289,0.105228,0.050112,0.054891,182832,147844,301,90,90,1,0,0,0,0,0,0,1,1,0,true,false,false,false,false,false,false,false,false,true,false,false,false,true,false,false,false,false,true,false,false,false,false,false,false,false,false,false,false,false,false,true,false,false,false,true,false,true,true,true,false,false,false,1439,437,76,6,4,2,0,false,true,true,false
Kubernetes,outlines,Kubernetes---kb_815_Normalized.json,2,2,0,2,0,2,0,completed,,,71.1732,0.097394,0.045097,0.052096,183685,147830,318,94,104,1,0,0,1,0,0.5,0,1,0.5,-0.5,true,false,false,false,false,false,false,false,false,true,false,false,false,true,false,false,false,false,true,false,false,false,false,false,false,false,false,false,false,false,false,true,false,false,false,true,false,true,true,true,false,false,false,1438,437,76,6,4,1,0,false,true,true,false
Kubernetes,outlines,Kubernetes---kb_816_Normalized.json,4,2,2,2,2,4,0,completed,,,1.00567,0.0935855,0.0427397,0.050727,4035,1166,162.5,49.5,52,2,2,0,0,0,0,0,1,1,0,false,false,false,false,false,false,false,false,false,true,false,false,false,false,false,false,false,false,false,false,false,false,false,false,false,false,false,false,false,false,false,false,false,false,false,true,false,true,true,true,false,false,false,18,5,2,4,0,0,0,false,false,false,false
Kubernetes,outlines,Kubernetes---kb_817_Normalized.json,3,1,2,1,2,3,0,completed,,,0.99853,0.0935383,0.0434797,0.049929,3693,1166,165.333,49.6667,51,1,2,0,0,0,0,0,1,1,0,false,false,false,false,false,false,false,false,false,true,false,false,false,false,false,false,false,false,false,false,false,false,false,false,false,false,false,false,false,false,false,false,false,false,false,true,false,true,true,true,false,false,false,18,5,2,4,0,0,0,false,false,false,false
Kubernetes,outlines,Kubernetes---kb_818_Normalized.json,1,1,0,1,0,1,0,completed,,,75.0555,0.082134,0.03879,0.043154,187937,151885,436,126,126,0,0,0,1,0,1,0,1,0,-1,true,false,false,false,false,false,false,false,false,true,false,false,false,true,false,false,false,false,true,false,false,false,false,false,false,false,false,false,false,false,false,true,false,false,false,true,false,true,true,true,false,false,false,1470,445,77,6,4,3,0,false,true,true,false
Kubernetes,outlines,Kubernetes---kb_81_Normalized.json,2,1,1,1,1,2,0,completed,,,0.343303,0.000306,4.35e-05,0.00024,1789,399,25,8,8,1,1,0,0,0,0,0,1,1,0,false,false,false,false,false,false,false,false,false,false,false,false,false,false,false,false,false,false,false,false,false,false,false,false,false,false,false,false,false,false,false,false,false,false,false,true,false,false,false,true,false,false,false,6,1,0,4,0,0,0,false,false,false,false
Kubernetes,outlines,Kubernetes---kb_820_Normalized.json,2,2,0,2,0,2,0,completed,,,141.599,2.15e-05,6.5e-06,3.5e-06,177142,143197,171.5,53,59,0,0,0,2,0,1,0,1,0,-1,true,false,false,false,false,false,false,false,false,true,false,false,false,false,false,false,false,false,true,false,false,false,false,false,false,false,false,false,false,false,false,true,false,false,false,true,false,true,true,true,false,false,false,1381,421,73,6,4,0,0,false,true,true,false
Kubernetes,outlines,Kubernetes---kb_821_Normalized.json,2,2,0,2,0,2,0,completed,,,139.131,2.2e-05,7e-06,3.5e-06,177142,143197,171.5,53,59,0,0,0,2,0,1,0,1,0,-1,true,false,false,false,false,false,false,false,false,true,false,false,false,false,false,false,false,false,true,false,false,false,false,false,false,false,false,false,false,false,false,true,false,false,false,true,false,true,true,true,false,false,false,1381,421,73,6,4,0,0,false,true,true,false
Kubernetes,outlines,Kubernetes---kb_822_Normalized.json,5,2,3,2,3,5,0,completed,,,2.551,0.12738,0.060247,0.0669342,10111,2704,419.2,134.6,204,1,3,0,1,0,0.5,0,1,0.8,-0.5,false,false,false,false,false,false,false,false,false,true,false,false,false,false,false,false,false,false,true,false,false,false,false,false,false,false,false,false,false,false,false,false,false,false,false,true,false,true,true,true,false,false,false,43,11,3,4,0,0,0,false,false,true,false
Kubernetes,outlines,Kubernetes---kb_823_Normalized.json,6,2,4,2,4,6,0,completed,,,2.51162,0.100243,0.0473133,0.0527718,12283,2704,467.167,147,154,1,4,0,1,0,0.5,0,1,0.833333,-0.5,false,false,false,false,false,false,false,false,false,true,false,false,false,false,false,false,false,false,true,false,false,false,false,false,false,false,false,false,false,false,false,false,false,false,false,true,false,true,true,true,false,false,false,43,11,3,4,0,0,0,false,false,true,false
Kubernetes,outlines,Kubernetes---kb_824_Normalized.json,2,1,1,1,1,2,0,completed,,,1.2712,0.041921,0.0192795,0.0225615,3217,1372,150.5,47,47,1,1,0,0,0,0,0,1,1,0,false,false,false,false,false,false,false,false,false,false,false,false,false,false,false,false,false,false,false,false,false,false,false,false,false,false,false,false,false,false,false,false,false,false,false,true,false,false,false,true,false,false,false,17,7,0,4,0,0,0,false,false,false,false
Kubernetes,outlines,Kubernetes---kb_825_Normalized.json,2,1,1,1,1,2,0,completed,,,1.29246,0.0391535,0.018097,0.020977,3201,1372,142.5,45,45,1,1,0,0,0,0,0,1,1,0,false,false,false,false,false,false,false,false,false,false,false,false,false,false,false,false,false,false,false,false,false,false,false,false,false,false,false,false,false,false,false,false,false,false,false,true,false,false,false,true,false,false,false,17,7,0,4,0,0,0,false,false,false,false
Kubernetes,outlines,Kubernetes---kb_826_Normalized.json,2,1,1,1,1,2,0,completed,,,1.36571,0.0372025,0.017032,0.020099,3201,1372,142.5,45,45,1,1,0,0,0,0,0,1,1,0,false,false,false,false,false,false,false,false,false,false,false,false,false,false,false,false,false,false,false,false,false,false,false,false,false,false,false,false,false,false,false,false,false,false,false,true,false,false,false,true,false,false,false,17,7,0,4,0,0,0,false,false,false,false
Kubernetes,outlines,Kubernetes---kb_827_Normalized.json,5,2,3,2,3,5,0,completed,,,0.741104,0.0148912,0.0068196,0.0080284,3613,758,66.6,20.4,22,2,3,0,0,0,0,0,1,1,0,false,false,false,false,false,false,false,false,false,true,false,false,false,false,false,false,false,false,false,false,false,false,false,false,false,false,false,false,false,false,false,true,false,false,false,true,false,true,true,true,false,false,false,14,3,1,4,2,0,0,false,false,false,false
Kubernetes,outlines,Kubernetes---kb_828_Normalized.json,3,1,2,1,2,3,0,completed,,,0.754784,0.0156797,0.00641567,0.00921767,2950,758,69.6667,22,24,1,2,0,0,0,0,0,1,1,0,false,false,false,false,false,false,false,false,false,true,false,false,false,false,false,false,false,false,false,false,false,false,false,false,false,false,false,false,false,false,false,true,false,false,false,true,false,true,true,true,false,false,false,14,3,1,4,2,0,0,false,false,false,false
Kubernetes,outlines,Kubernetes---kb_829_Normalized.json,3,1,2,1,2,3,0,completed,,,0.754293,0.0105903,0.00467033,0.00587567,3696,1444,79.3333,24.3333,26,1,2,0,0,0,0,0,1,1,0,false,false,false,false,false,false,false,false,false,true,false,false,false,false,false,false,false,false,false,false,false,false,false,false,false,false,false,false,false,false,false,true,false,false,false,true,false,true,true,true,false,false,false,15,3,1,4,2,0,0,false,false,false,false
Kubernetes,outlines,Kubernetes---kb_82_Normalized.json,2,1,1,1,1,2,0,completed,,,0.326209,0.0003155,4.2e-05,0.000253,1789,399,25,8,8,1,1,0,0,0,0,0,1,1,0,false,false,false,false,false,false,false,false,false,false,false,false,false,false,false,false,false,false,false,false,false,false,false,false,false,false,false,false,false,false,false,false,false,false,false,true,false,false,false,true,false,false,false,6,1,0,4,0,0,0,false,false,false,false
Kubernetes,outlines,Kubernetes---kb_830_Normalized.json,2,1,1,1,1,2,0,completed,,,1.08706,0.0265925,0.0121415,0.014384,4020,2178,70.5,22.5,24,1,1,0,0,0,0,0,1,1,0,false,false,false,false,false,false,false,false,false,true,false,false,false,false,false,false,false,false,false,false,false,false,false,false,false,false,false,false,false,false,false,true,false,false,false,true,false,true,true,true,false,false,false,25,6,3,4,2,0,0,false,false,false,false
Kubernetes,outlines,Kubernetes---kb_831_Normalized.json,2,1,1,1,1,2,0,completed,,,1.07146,0.0223865,0.0102975,0.012029,4056,2178,83.5,26.5,29,1,1,0,0,0,0,0,1,1,0,false,false,false,false,false,false,false,false,false,true,false,false,false,false,false,false,false,false,false,false,false,false,false,false,false,false,false,false,false,false,false,true,false,false,false,true,false,true,true,true,false,false,false,25,6,3,4,2,0,0,false,false,false,false
Kubernetes,outlines,Kubernetes---kb_832_Normalized.json,3,1,2,1,2,3,0,completed,,,0.766297,0.00327,0.00136833,0.00187267,3803,1538,78.3333,24,26,1,2,0,0,0,0,0,1,1,0,false,false,false,false,false,false,false,false,false,true,false,false,false,false,false,false,false,false,false,false,false,false,false,false,false,false,false,false,false,false,false,true,false,false,false,true,false,true,true,true,false,false,false,15,3,2,4,2,0,0,false,false,false,false
Kubernetes,outlines,Kubernetes---kb_833_Normalized.json,4,2,2,2,2,4,0,completed,,,0.96397,0.016525,0.00754625,0.00893175,4640,1854,94,31,32,2,2,0,0,0,0,0,1,1,0,false,false,false,false,false,false,false,false,false,true,false,false,false,false,false,false,false,false,false,false,false,false,false,false,false,false,false,false,false,false,false,true,false,false,false,true,false,true,true,true,false,false,false,22,5,2,4,2,0,0,false,false,false,false
Kubernetes,outlines,Kubernetes---kb_834_Normalized.json,4,2,2,2,2,4,0,completed,,,0.936042,0.0167123,0.0077325,0.0089325,4938,1854,96.5,32.25,34,2,2,0,0,0,0,0,1,1,0,false,false,false,false,false,false,false,false,false,true,false,false,false,false,false,false,false,false,false,false,false,false,false,false,false,false,false,false,false,false,false,true,false,false,false,true,false,true,true,true,false,false,false,22,5,2,4,2,0,0,false,false,false,false
Kubernetes,outlines,Kubernetes---kb_835_Normalized.json,4,2,2,2,2,4,0,completed,,,1.50989,0.0384927,0.017753,0.0206695,6068,2294,167.5,48.5,51,1,2,0,1,0,0.5,0,1,0.75,-0.5,false,false,false,false,false,false,false,false,false,false,false,false,false,false,false,false,false,false,true,false,false,false,false,false,false,false,false,false,false,false,false,false,false,false,false,true,false,false,true,true,false,false,false,26,5,3,5,0,0,0,false,false,false,false
Kubernetes,outlines,Kubernetes---kb_836_Normalized.json,5,2,3,2,3,5,0,completed,,,1.48864,0.0400758,0.0187102,0.0212918,7172,2294,172,50.8,58,2,3,0,0,0,0,0,1,1,0,false,false,false,false,false,false,false,false,false,false,false,false,false,false,false,false,false,false,true,false,false,false,false,false,false,false,false,false,false,false,false,false,false,false,false,true,false,false,true,true,false,false,false,26,5,3,5,0,0,0,false,false,false,false
Kubernetes,outlines,Kubernetes---kb_837_Normalized.json,2,1,1,1,1,2,0,completed,,,38.6111,0.184109,0.084574,0.0992475,25472,18489,551.5,175,211,1,1,0,0,0,0,0,1,1,0,true,false,false,false,false,false,false,false,false,true,false,false,false,true,false,false,false,false,true,false,false,false,false,false,false,false,false,false,false,false,false,true,false,false,false,true,false,true,true,true,false,false,false,152,42,6,5,2,2,0,false,true,true,false
Kubernetes,outlines,Kubernetes---kb_838_Normalized.json,4,2,2,2,2,4,0,completed,,,39.6004,0.182525,0.084935,0.0973192,27169,18475,452,144.75,158,2,2,0,0,0,0,0,1,1,0,true,false,false,false,false,false,false,false,false,true,false,false,false,true,false,false,false,false,true,false,false,false,false,false,false,false,false,false,false,false,false,true,false,false,false,true,false,true,true,true,false,false,false,151,42,6,5,2,1,0,false,true,true,false
Kubernetes,outlines,Kubernetes---kb_83_Normalized.json,6,2,4,2,4,6,0,completed,,,38.0291,0.0787037,0.03679,0.0417365,29689,19211,293.833,88.5,122,2,4,0,0,0,0,0,1,1,0,true,false,false,false,false,false,false,false,false,true,false,false,false,true,false,false,false,false,true,false,false,false,false,false,false,false,false,false,false,false,false,false,false,false,false,true,false,true,true,true,false,false,false,164,44,7,5,0,2,0,false,true,true,false
Kubernetes,outlines,Kubernetes---kb_841_Normalized.json,3,1,2,1,2,3,0,completed,,,2.29133,0.0807027,0.0378893,0.042673,6701,2650,261,76.6667,81,1,2,0,0,0,0,0,1,1,0,true,false,false,false,false,false,false,false,false,true,false,false,false,false,false,false,false,false,true,false,false,false,false,false,false,false,false,false,false,false,false,true,false,false,false,true,false,true,true,true,false,false,false,36,7,2,5,2,0,0,false,false,false,false
Kubernetes,outlines,Kubernetes---kb_842_Normalized.json,4,2,2,2,2,4,0,completed,,,2.27723,0.0987222,0.0453525,0.053226,7627,2650,287,86.25,92,2,2,0,0,0,0,0,1,1,0,true,false,false,false,false,false,false,false,false,true,false,false,false,false,false,false,false,false,true,false,false,false,false,false,false,false,false,false,false,false,false,true,false,false,false,true,false,true,true,true,false,false,false,36,7,2,5,2,0,0,false,false,false,false
Kubernetes,outlines,Kubernetes---kb_843_Normalized.json,4,2,2,2,2,4,0,completed,,,1.20255,0.0485153,0.0220093,0.026428,3545,898,80.75,32.25,33,2,2,0,0,0,0,0,1,1,0,true,false,false,false,false,false,false,false,false,true,false,false,false,false,false,false,false,false,false,false,false,false,false,false,false,false,false,false,false,false,false,true,false,false,false,true,false,true,false,true,false,false,false,15,2,0,4,2,0,0,false,false,false,false
Kubernetes,outlines,Kubernetes---kb_844_Normalized.json,5,1,4,1,4,5,0,completed,,,1.2131,0.0405542,0.0181602,0.0223306,4915,898,85.8,33.2,39,1,4,0,0,0,0,0,1,1,0,true,false,false,false,false,false,false,false,false,true,false,false,false,false,false,false,false,false,false,false,false,false,false,false,false,false,false,false,false,false,false,true,false,false,false,true,false,true,false,true,false,false,false,15,2,0,4,2,0,0,false,false,false,false
Kubernetes,outlines,Kubernetes---kb_845_Normalized.json,5,2,3,2,3,5,0,completed,,,1.22323,0.0392998,0.0174576,0.0217748,4705,1158,79.8,29.2,32,2,3,0,0,0,0,0,1,1,0,true,false,false,false,false,false,false,false,false,true,false,false,false,false,false,false,false,false,false,false,false,false,false,false,false,false,false,false,false,false,false,true,false,false,false,true,false,true,false,true,false,false,false,15,2,0,4,2,0,0,false,false,false,false
Kubernetes,outlines,Kubernetes---kb_846_Normalized.json,6,2,4,2,4,6,0,completed,,,1.23606,0.0414042,0.0188487,0.0224897,5559,1158,92.5,33.8333,48,2,4,0,0,0,0,0,1,1,0,true,false,false,false,false,false,false,false,false,true,false,false,false,false,false,false,false,false,false,false,false,false,false,false,false,false,false,false,false,false,false,true,false,false,false,true,false,true,false,true,false,false,false,15,2,0,4,2,0,0,false,false,false,false
Kubernetes,outlines,Kubernetes---kb_847_Normalized.json,6,2,4,2,4,6,0,completed,,,1.40087,0.079896,0.0370082,0.0427672,6574,1271,189,55.3333,61,2,4,0,0,0,0,0,1,1,0,false,false,false,false,false,false,false,false,false,false,false,false,false,false,false,false,false,false,true,false,false,false,false,false,false,false,false,false,false,false,false,false,false,false,false,true,false,false,true,true,false,false,false,20,4,1,5,0,0,0,false,false,false,false
Kubernetes,outlines,Kubernetes---kb_848_Normalized.json,6,2,4,2,4,6,0,completed,,,1.34826,0.0548402,0.0256028,0.029149,7239,1271,264.667,84.6667,243,1,4,0,1,0,0.5,0,1,0.833333,-0.5,false,false,false,false,false,false,false,false,false,false,false,false,false,false,false,false,false,false,true,false,false,false,false,false,false,false,false,false,false,false,false,false,false,false,false,true,false,false,true,true,false,false,false,20,4,1,5,0,0,0,false,false,false,false
Kubernetes,outlines,Kubernetes---kb_849_Normalized.json,7,2,5,2,5,7,0,completed,,,1.37843,0.064564,0.0300014,0.0344641,7284,1271,178.857,54.4286,59,2,5,0,0,0,0,0,1,1,0,false,false,false,false,false,false,false,false,false,false,false,false,false,false,false,false,false,false,true,false,false,false,false,false,false,false,false,false,false,false,false,false,false,false,false,true,false,false,true,true,false,false,false,20,4,1,5,0,0,0,false,false,false,false
Kubernetes,outlines,Kubernetes---kb_84_Normalized.json,6,2,4,2,4,6,0,completed,,,38.1148,0.06444,0.0325867,0.0317155,32298,19360,479.333,139.333,144,1,4,0,1,0,0.5,0,1,0.833333,-0.5,true,false,false,false,false,false,false,false,false,true,false,false,false,true,false,false,false,false,true,false,false,false,false,false,false,false,false,false,false,false,false,false,false,false,false,true,false,true,true,true,false,false,false,164,44,7,5,0,2,0,false,true,true,false
Kubernetes,outlines,Kubernetes---kb_850_Normalized.json,8,2,6,2,6,8,0,completed,,,32.7717,0.070908,0.0337531,0.0369931,30639,16215,302.25,91.75,128,2,6,0,0,0,0,0,1,1,0,true,false,false,false,false,false,false,false,false,true,false,false,false,true,false,false,false,false,true,false,false,false,false,false,false,false,false,false,false,false,false,false,false,false,false,true,false,true,true,true,false,false,false,130,37,5,5,0,2,0,false,true,true,false
Kubernetes,outlines,Kubernetes---kb_851_Normalized.json,5,2,3,2,3,5,0,completed,,,33.0985,0.113709,0.0535398,0.059941,26273,16345,325,97.8,115,2,3,0,0,0,0,0,1,1,0,true,false,false,false,false,false,false,false,false,true,false,false,false,true,false,false,false,false,true,false,false,false,false,false,false,false,false,false,false,false,false,false,false,false,false,true,false,true,true,true,false,false,false,130,37,5,5,0,2,0,false,true,true,false
Kubernetes,outlines,Kubernetes---kb_852_Normalized.json,7,2,5,2,5,7,0,completed,,,33.7358,0.0812036,0.0383347,0.0426916,28950,16447,340.714,106.143,134,2,5,0,0,0,0,0,1,1,0,true,false,false,false,false,false,false,false,false,true,false,false,false,true,false,false,false,false,true,false,false,false,false,false,false,false,false,false,false,false,false,false,false,false,false,true,false,true,true,true,false,false,false,130,37,5,5,0,2,0,false,true,true,false
Kubernetes,outlines,Kubernetes---kb_853_Normalized.json,7,2,5,2,5,7,0,completed,,,33.9703,0.162651,0.081778,0.0806354,29734,16402,331.714,102.286,110,2,5,0,0,0,0,0,1,1,0,true,false,false,false,false,false,false,false,false,true,false,false,false,true,false,false,false,false,true,false,false,false,false,false,false,false,false,false,false,false,false,false,false,false,false,true,false,true,true,true,false,false,false,129,37,5,5,0,1,0,false,true,true,false
Kubernetes,outlines,Kubernetes---kb_854_Normalized.json,6,2,4,2,4,6,0,completed,,,28.226,0.101026,0.0477697,0.0530582,28761,16768,482.167,141.833,163,1,4,0,1,0,0.5,0,1,0.833333,-0.5,true,false,false,false,false,false,false,false,false,true,false,false,false,true,false,false,false,false,true,false,false,false,false,false,false,false,false,false,false,false,false,false,false,false,false,true,false,true,true,true,false,false,false,131,40,10,5,0,2,0,false,true,true,false
Kubernetes,outlines,Kubernetes---kb_855_Normalized.json,6,2,4,2,4,6,0,completed,,,28.4829,0.127236,0.0601482,0.0668467,29541,16944,468,141,156,2,4,0,0,0,0,0,1,1,0,true,false,false,false,false,false,false,false,false,true,false,false,false,true,false,false,false,false,true,false,false,false,false,false,false,false,false,false,false,false,false,false,false,false,false,true,false,true,true,true,false,false,false,131,40,10,5,0,2,0,false,true,true,false
Kubernetes,outlines,Kubernetes---kb_856_Normalized.json,7,2,5,2,5,7,0,completed,,,28.9495,0.06958,0.032694,0.0367331,29539,16911,493.286,143.857,148,1,5,0,1,0,0.5,0,1,0.857143,-0.5,true,false,false,false,false,false,false,false,false,true,false,false,false,true,false,false,false,false,true,false,false,false,false,false,false,false,false,false,false,false,false,false,false,false,false,true,false,true,true,true,false,false,false,131,40,10,5,0,2,0,false,true,true,false
Kubernetes,outlines,Kubernetes---kb_857_Normalized.json,7,2,5,2,5,7,0,completed,,,28.5843,0.0719566,0.0340766,0.037765,29879,16866,470.714,137.857,168,1,5,0,1,0,0.5,0,1,0.857143,-0.5,true,false,false,false,false,false,false,false,false,true,false,false,false,true,false,false,false,false,true,false,false,false,false,false,false,false,false,false,false,false,false,false,false,false,false,true,false,true,true,true,false,false,false,130,40,10,5,0,1,0,false,true,true,false
Kubernetes,outlines,Kubernetes---kb_858_Normalized.json,7,1,6,1,6,7,0,completed,,,56.0041,0.14914,0.0701639,0.0787109,36403,20568,457.429,138.857,151,1,6,0,0,0,0,0,1,1,0,true,false,false,false,false,false,false,false,false,true,false,false,false,true,false,false,false,false,true,false,false,false,false,false,false,false,false,false,false,false,false,false,false,false,false,true,false,true,true,true,false,false,false,162,48,11,6,0,3,0,false,true,true,false
Kubernetes,outlines,Kubernetes---kb_859_Normalized.json,5,2,3,2,3,5,0,completed,,,54.9214,0.182077,0.0856546,0.0961238,31165,20879,462.4,140.4,163,2,3,0,0,0,0,0,1,1,0,true,false,false,false,false,false,false,false,false,true,false,false,false,true,false,false,false,false,true,false,false,false,false,false,false,false,false,false,false,false,false,false,false,false,false,true,false,true,true,true,false,false,false,162,48,11,6,0,3,0,false,true,true,false
Kubernetes,outlines,Kubernetes---kb_85_Normalized.json,7,2,5,2,5,7,0,completed,,,37.4665,0.0946364,0.044144,0.0502916,33975,19460,381,112,144,2,5,0,0,0,0,0,1,1,0,true,false,false,false,false,false,false,false,false,true,false,false,false,true,false,false,false,false,true,false,false,false,false,false,false,false,false,false,false,false,false,false,false,false,false,true,false,true,true,true,false,false,false,164,44,7,5,0,2,0,false,true,true,false
Kubernetes,outlines,Kubernetes---kb_860_Normalized.json,5,1,4,1,4,5,0,completed,,,55.6685,0.141636,0.0670344,0.0743518,32938,20843,495.6,151.2,154,1,4,0,0,0,0,0,1,1,0,true,false,false,false,false,false,false,false,false,true,false,false,false,true,false,false,false,false,true,false,false,false,false,false,false,false,false,false,false,false,false,false,false,false,false,true,false,true,true,true,false,false,false,162,48,11,6,0,3,0,false,true,true,false
Kubernetes,outlines,Kubernetes---kb_861_Normalized.json,7,1,6,1,6,7,0,completed,,,56.2264,0.215016,0.101732,0.11298,36970,20798,484.286,147.857,183,1,6,0,0,0,0,0,1,1,0,true,false,false,false,false,false,false,false,false,true,false,false,false,true,false,false,false,false,true,false,false,false,false,false,false,false,false,false,false,false,false,false,false,false,false,true,false,true,true,true,false,false,false,161,48,11,6,0,2,0,false,true,true,false
Kubernetes,outlines,Kubernetes---kb_862_Normalized.json,6,2,4,2,4,6,0,completed,,,59.5149,0.10612,0.0498393,0.0560668,31535,19966,374.667,117.667,125,2,4,0,0,0,0,0,1,1,0,true,false,false,false,false,false,false,false,false,true,false,false,false,true,false,false,false,false,true,false,false,false,false,false,false,false,false,false,false,false,false,false,false,false,false,true,false,true,true,true,false,false,false,161,45,6,6,0,3,0,false,true,true,false
Kubernetes,outlines,Kubernetes---kb_863_Normalized.json,5,1,4,1,4,5,0,completed,,,59.0786,0.105657,0.0498874,0.0555658,31845,20225,375.4,119.4,139,1,4,0,0,0,0,0,1,1,0,true,false,false,false,false,false,false,false,false,true,false,false,false,true,false,false,false,false,true,false,false,false,false,false,false,false,false,false,false,false,false,false,false,false,false,true,false,true,true,true,false,false,false,161,45,6,6,0,3,0,false,true,true,false
Kubernetes,outlines,Kubernetes---kb_864_Normalized.json,5,2,3,2,3,5,0,completed,,,59.0648,0.127325,0.0600112,0.0670736,30816,20323,419,129.6,142,2,3,0,0,0,0,0,1,1,0,true,false,false,false,false,false,false,false,false,true,false,false,false,true,false,false,false,false,true,false,false,false,false,false,false,false,false,false,false,false,false,false,false,false,false,true,false,true,true,true,false,false,false,161,45,6,6,0,3,0,false,true,true,false
Kubernetes,outlines,Kubernetes---kb_865_Normalized.json,5,1,4,1,4,5,0,completed,,,60.5004,0.185957,0.08825,0.0974346,32339,20278,489.4,145.8,155,1,4,0,0,0,0,0,1,1,0,true,false,false,false,false,false,false,false,false,true,false,false,false,true,false,false,false,false,true,false,false,false,false,false,false,false,false,false,false,false,false,false,false,false,false,true,false,true,true,true,false,false,false,160,45,6,6,0,2,0,false,true,true,false
Kubernetes,outlines,Kubernetes---kb_866_Normalized.json,4,1,3,1,3,4,0,completed,,,0.637004,0.0278045,0.0124775,0.0152687,3001,452,68.25,22.75,26,1,3,0,0,0,0,0,1,1,0,false,false,false,false,false,false,false,false,false,false,false,false,false,false,false,false,false,false,false,false,false,false,false,false,false,false,false,false,false,false,false,false,false,false,false,true,false,false,true,true,false,false,false,10,3,3,4,0,0,0,false,false,false,false
Kubernetes,outlines,Kubernetes---kb_867_Normalized.json,5,1,4,1,4,5,0,completed,,,0.634457,0.0286302,0.014403,0.0141668,4285,452,65.6,22.2,26,1,4,0,0,0,0,0,1,1,0,false,false,false,false,false,false,false,false,false,false,false,false,false,false,false,false,false,false,false,false,false,false,false,false,false,false,false,false,false,false,false,false,false,false,false,true,false,false,true,true,false,false,false,10,3,3,4,0,0,0,false,false,false,false
Kubernetes,outlines,Kubernetes---kb_868_Normalized.json,5,1,4,1,4,5,0,completed,,,0.627121,0.0271972,0.0129048,0.0142372,3530,452,68.8,23.2,26,1,4,0,0,0,0,0,1,1,0,false,false,false,false,false,false,false,false,false,false,false,false,false,false,false,false,false,false,false,false,false,false,false,false,false,false,false,false,false,false,false,false,false,false,false,true,false,false,true,true,false,false,false,10,3,3,4,0,0,0,false,false,false,false
Kubernetes,outlines,Kubernetes---kb_869_Normalized.json,4,1,3,1,3,4,0,completed,,,0.618559,0.032538,0.015095,0.0173837,2923,452,71.5,24.25,26,1,3,0,0,0,0,0,1,1,0,false,false,false,false,false,false,false,false,false,false,false,false,false,false,false,false,false,false,false,false,false,false,false,false,false,false,false,false,false,false,false,false,false,false,false,true,false,false,true,true,false,false,false,10,3,3,4,0,0,0,false,false,false,false
Kubernetes,outlines,Kubernetes---kb_86_Normalized.json,6,2,4,2,4,6,0,completed,,,37.0163,0.124528,0.0588478,0.0654853,31159,19415,306.833,91.6667,107,2,4,0,0,0,0,0,1,1,0,true,false,false,false,false,false,false,false,false,true,false,false,false,true,false,false,false,false,true,false,false,false,false,false,false,false,false,false,false,false,false,false,false,false,false,true,false,true,true,true,false,false,false,163,44,7,5,0,1,0,false,true,true,false
Kubernetes,outlines,Kubernetes---kb_870_Normalized.json,6,2,4,2,4,6,0,completed,,,0.28966,0.000288167,3.81667e-05,0.0002335,3234,205,17.3333,6.16667,8,2,4,0,0,0,0,0,1,1,0,false,false,false,false,false,false,false,false,false,false,false,false,false,false,false,false,false,false,false,false,false,false,false,false,false,false,false,false,false,false,false,false,false,false,false,true,false,false,false,true,false,false,false,6,1,0,4,0,0,0,false,false,false,false
Kubernetes,outlines,Kubernetes---kb_871_Normalized.json,5,2,3,2,3,5,0,completed,,,0.320849,0.0003012,4.14e-05,0.000242,2680,205,17.4,6.2,8,2,3,0,0,0,0,0,1,1,0,false,false,false,false,false,false,false,false,false,false,false,false,false,false,false,false,false,false,false,false,false,false,false,false,false,false,false,false,false,false,false,false,false,false,false,true,false,false,false,true,false,false,false,6,1,0,4,0,0,0,false,false,false,false
Kubernetes,outlines,Kubernetes---kb_872_Normalized.json,7,2,5,2,5,7,0,completed,,,0.317049,0.000303857,4.25714e-05,0.000243857,3786,205,17.7143,6.42857,8,2,5,0,0,0,0,0,1,1,0,false,false,false,false,false,false,false,false,false,false,false,false,false,false,false,false,false,false,false,false,false,false,false,false,false,false,false,false,false,false,false,false,false,false,false,true,false,false,false,true,false,false,false,6,1,0,4,0,0,0,false,false,false,false
Kubernetes,outlines,Kubernetes---kb_873_Normalized.json,2,1,1,1,1,2,0,completed,,,1.50887,0.0007525,0.000163,0.0005495,2462,1279,22,8,9,1,1,0,0,0,0,0,1,1,0,false,false,false,false,false,false,false,false,false,true,false,false,false,false,false,false,false,false,false,false,false,false,false,false,false,false,false,false,false,false,false,true,false,false,false,true,false,true,false,true,false,false,false,9,1,0,4,2,0,0,false,false,false,false
Kubernetes,outlines,Kubernetes---kb_874_Normalized.json,1,1,0,1,0,1,0,completed,,,0.407265,0.00037,5.5e-05,0.000291,1955,1279,21,7,7,1,0,0,0,0,0,0,1,1,0,false,false,false,false,false,false,false,false,false,true,false,false,false,false,false,false,false,false,false,false,false,false,false,false,false,false,false,false,false,false,false,true,false,false,false,true,false,true,false,true,false,false,false,9,1,0,4,2,0,0,false,false,false,false
Kubernetes,outlines,Kubernetes---kb_875_Normalized.json,3,2,1,2,1,3,0,completed,,,0.376914,0.000342,5.46667e-05,0.000268333,2643,1279,23,8,10,2,1,0,0,0,0,0,1,1,0,false,false,false,false,false,false,false,false,false,true,false,false,false,false,false,false,false,false,false,false,false,false,false,false,false,false,false,false,false,false,false,true,false,false,false,true,false,true,false,true,false,false,false,9,1,0,4,2,0,0,false,false,false,false
Kubernetes,outlines,Kubernetes---kb_876_Normalized.json,2,1,1,1,1,2,0,completed,,,11.7944,0.000375,5.95e-05,0.000294,2462,1279,22,8,9,1,1,0,0,0,0,0,1,1,0,false,false,false,false,false,false,false,false,false,true,false,false,false,false,false,false,false,false,false,false,false,false,false,false,false,false,false,false,false,false,false,true,false,false,false,true,false,true,false,true,false,false,false,9,1,0,4,2,0,0,false,false,false,false
Kubernetes,outlines,Kubernetes---kb_877_Normalized.json,2,2,0,2,0,2,0,completed,,,0.564209,0.017171,0.0065065,0.010599,2794,1889,40.5,15.5,16,2,0,0,0,0,0,0,1,1,0,false,false,false,false,false,false,false,false,false,true,false,false,false,false,false,false,false,false,false,false,false,false,false,false,false,false,false,false,false,false,false,true,false,false,false,true,false,true,false,true,false,false,false,11,2,0,4,2,0,0,false,false,false,false
Kubernetes,outlines,Kubernetes---kb_878_Normalized.json,3,1,2,1,2,3,0,completed,,,0.52732,0.00627,0.00271367,0.00352367,3657,1889,39.6667,15.3333,17,1,2,0,0,0,0,0,1,1,0,false,false,false,false,false,false,false,false,false,true,false,false,false,false,false,false,false,false,false,false,false,false,false,false,false,false,false,false,false,false,false,true,false,false,false,true,false,true,false,true,false,false,false,11,2,0,4,2,0,0,false,false,false,false
Kubernetes,outlines,Kubernetes---kb_879_Normalized.json,3,2,1,2,1,3,0,completed,,,0.546547,0.00775567,0.00331767,0.004396,3320,1889,41.3333,15.3333,16,2,1,0,0,0,0,0,1,1,0,false,false,false,false,false,false,false,false,false,true,false,false,false,false,false,false,false,false,false,false,false,false,false,false,false,false,false,false,false,false,false,true,false,false,false,true,false,true,false,true,false,false,false,11,2,0,4,2,0,0,false,false,false,false
Kubernetes,outlines,Kubernetes---kb_87_Normalized.json,5,2,3,2,3,5,0,completed,,,65.3016,0.146348,0.0682214,0.0778696,26381,16600,480.8,137.6,154,2,3,0,0,0,0,0,1,1,0,true,false,false,false,false,false,false,false,false,true,false,false,false,true,false,false,false,false,true,false,false,false,false,false,false,false,false,false,false,false,false,false,false,false,false,true,false,true,true,true,false,false,false,131,40,10,5,0,2,0,false,true,true,false
Kubernetes,outlines,Kubernetes---kb_880_Normalized.json,1,1,0,1,0,1,0,completed,,,0.866518,0.027621,0.010104,0.017415,2628,1889,41,16,16,1,0,0,0,0,0,0,1,1,0,false,false,false,false,false,false,false,false,false,true,false,false,false,false,false,false,false,false,false,false,false,false,false,false,false,false,false,false,false,false,false,true,false,false,false,true,false,true,false,true,false,false,false,11,2,0,4,2,0,0,false,false,false,false
Kubernetes,outlines,Kubernetes---kb_881_Normalized.json,3,2,1,2,1,3,0,completed,,,0.53707,0.00786967,0.00339667,0.004437,3308,1889,39.3333,14.6667,16,2,1,0,0,0,0,0,1,1,0,false,false,false,false,false,false,false,false,false,true,false,false,false,false,false,false,false,false,false,false,false,false,false,false,false,false,false,false,false,false,false,true,false,false,false,true,false,true,false,true,false,false,false,11,2,0,4,2,0,0,false,false,false,false
Kubernetes,outlines,Kubernetes---kb_882_Normalized.json,5,1,4,1,4,5,0,completed,,,0.327985,0.0003722,4.8e-05,0.0003038,3481,329,18.6,6.2,8,1,4,0,0,0,0,0,1,1,0,false,false,false,false,false,false,false,false,false,false,false,false,false,false,false,false,false,false,false,false,false,false,false,false,false,false,false,false,false,false,false,false,false,false,false,true,false,false,false,true,false,false,false,6,1,0,4,0,0,0,false,false,false,false
Kubernetes,outlines,Kubernetes---kb_883_Normalized.json,3,1,2,1,2,3,0,completed,,,2.31073,0.000292667,3.16667e-05,0.000244,2121,309,18.6667,5.66667,6,1,2,0,0,0,0,0,1,1,0,false,false,false,false,false,false,false,false,false,false,false,false,false,false,false,false,false,false,false,false,false,false,false,false,false,false,false,false,false,false,false,false,false,false,false,true,false,false,false,true,false,false,false,6,1,0,4,0,0,0,false,false,false,false
Kubernetes,outlines,Kubernetes---kb_884_Normalized.json,4,1,3,1,3,4,0,completed,,,0.309156,0.000424,6.175e-05,0.000334,2835,329,18.75,5.75,6,1,3,0,0,0,0,0,1,1,0,false,false,false,false,false,false,false,false,false,false,false,false,false,false,false,false,false,false,false,false,false,false,false,false,false,false,false,false,false,false,false,false,false,false,false,true,false,false,false,true,false,false,false,6,1,0,4,0,0,0,false,false,false,false
Kubernetes,outlines,Kubernetes---kb_885_Normalized.json,4,1,3,1,3,4,0,completed,,,0.310475,0.0002725,3.025e-05,0.0002255,2835,329,18.75,5.75,6,1,3,0,0,0,0,0,1,1,0,false,false,false,false,false,false,false,false,false,false,false,false,false,false,false,false,false,false,false,false,false,false,false,false,false,false,false,false,false,false,false,false,false,false,false,true,false,false,false,true,false,false,false,6,1,0,4,0,0,0,false,false,false,false
Kubernetes,outlines,Kubernetes---kb_887_Normalized.json,2,1,1,1,1,2,0,completed,,,3.55479,0.0388625,0.01787,0.020916,4243,1948,135.5,41,41,1,1,0,0,0,0,0,1,1,0,false,false,false,false,false,false,false,false,false,false,false,false,false,false,false,false,false,false,true,false,false,false,false,false,false,false,false,false,false,false,false,false,false,false,false,true,false,false,false,true,false,false,false,21,5,0,5,0,0,0,false,false,false,false
Kubernetes,outlines,Kubernetes---kb_888_Normalized.json,2,1,1,1,1,2,0,completed,,,1.89553,0.03717,0.0166635,0.020435,4239,1948,135,41,41,1,1,0,0,0,0,0,1,1,0,false,false,false,false,false,false,false,false,false,false,false,false,false,false,false,false,false,false,true,false,false,false,false,false,false,false,false,false,false,false,false,false,false,false,false,true,false,false,false,true,false,false,false,21,5,0,5,0,0,0,false,false,false,false
Kubernetes,outlines,Kubernetes---kb_889_Normalized.json,2,1,1,1,1,2,0,completed,,,2.65277,0.03941,0.017271,0.022061,4269,1948,138.5,41,41,1,1,0,0,0,0,0,1,1,0,false,false,false,false,false,false,false,false,false,false,false,false,false,false,false,false,false,false,true,false,false,false,false,false,false,false,false,false,false,false,false,false,false,false,false,true,false,false,false,true,false,false,false,21,5,0,5,0,0,0,false,false,false,false
Kubernetes,outlines,Kubernetes---kb_88_Normalized.json,7,2,5,2,5,7,0,completed,,,28.8195,0.195577,0.0917899,0.103504,35086,16783,965.571,274,328,1,5,0,1,0,0.5,0,1,0.857143,-0.5,true,false,false,false,false,false,false,false,false,true,false,false,false,true,false,false,false,false,true,false,false,false,false,false,false,false,false,false,false,false,false,false,false,false,false,true,false,true,true,true,false,false,false,131,40,10,5,0,2,0,false,true,true,false
Kubernetes,outlines,Kubernetes---kb_891_Normalized.json,2,1,1,1,1,2,0,completed,,,4.26197,0.010181,0.004592,0.0055315,3032,1090,85.5,38,39,1,1,0,0,0,0,0,1,1,0,false,false,false,false,false,false,false,false,false,true,false,false,false,false,false,false,false,false,true,false,false,false,false,false,false,false,false,false,false,false,false,false,false,false,false,true,false,true,true,true,false,false,false,21,4,3,4,0,0,0,false,false,false,false
Kubernetes,outlines,Kubernetes---kb_892_Normalized.json,2,1,1,1,1,2,0,completed,,,1.86226,0.017812,0.0075475,0.0102035,3172,1090,65,26.5,39,1,1,0,0,0,0,0,1,1,0,false,false,false,false,false,false,false,false,false,true,false,false,false,false,false,false,false,false,true,false,false,false,false,false,false,false,false,false,false,false,false,false,false,false,false,true,false,true,true,true,false,false,false,21,4,3,4,0,0,0,false,false,false,false
Kubernetes,outlines,Kubernetes---kb_894_Normalized.json,2,1,1,1,1,2,0,completed,,,2.01477,0.0138675,0.0057955,0.00799,3033,1088,86,39,39,1,1,0,0,0,0,0,1,1,0,false,false,false,false,false,false,false,false,false,true,false,false,false,false,false,false,false,false,true,false,false,false,false,false,false,false,false,false,false,false,false,false,false,false,false,true,false,true,true,true,false,false,false,21,4,3,4,0,0,0,false,false,false,false
Kubernetes,outlines,Kubernetes---kb_895_Normalized.json,2,1,1,1,1,2,0,completed,,,0.753761,0.009689,0.004286,0.0053475,3025,1088,85,38.5,39,1,1,0,0,0,0,0,1,1,0,false,false,false,false,false,false,false,false,false,true,false,false,false,false,false,false,false,false,true,false,false,false,false,false,false,false,false,false,false,false,false,false,false,false,false,true,false,true,true,true,false,false,false,21,4,3,4,0,0,0,false,false,false,false
Kubernetes,outlines,Kubernetes---kb_896_Normalized.json,3,2,1,2,1,3,0,completed,,,30.2269,0.14719,0.0681723,0.0787347,27417,20235,436,132.333,135,2,1,0,0,0,0,0,1,1,0,true,false,false,false,false,false,false,false,false,true,false,false,false,true,false,false,false,false,true,false,false,false,false,false,false,false,false,false,false,false,false,true,false,false,false,true,false,true,true,true,false,false,false,151,43,6,5,2,2,0,false,true,true,false
Kubernetes,outlines,Kubernetes---kb_897_Normalized.json,3,1,2,1,2,3,0,completed,,,29.3844,0.0564397,0.026001,0.0303187,28301,19453,539,161.333,234,1,2,0,0,0,0,0,1,1,0,true,false,false,false,false,false,false,false,false,true,false,false,false,true,false,false,false,false,true,false,false,false,false,false,false,false,false,false,false,false,false,true,false,false,false,true,false,true,true,true,false,false,false,145,42,5,5,2,2,0,false,true,true,false
Kubernetes,outlines,Kubernetes---kb_898_Normalized.json,3,2,1,2,1,3,0,completed,,,28.7844,0.150446,0.0697087,0.080509,26872,19422,416.667,123,126,2,1,0,0,0,0,0,1,1,0,true,false,false,false,false,false,false,false,false,true,false,false,false,true,false,false,false,false,true,false,false,false,false,false,false,false,false,false,false,false,false,true,false,false,false,true,false,true,true,true,false,false,false,144,42,5,5,2,1,0,false,true,true,false
Kubernetes,outlines,Kubernetes---kb_899_Normalized.json,3,2,1,2,1,3,0,completed,,,56.8599,0.204483,0.0956507,0.108475,33244,24159,604.667,184,195,2,1,0,0,0,0,0,1,1,0,true,false,false,false,false,false,false,false,false,true,false,false,false,true,false,false,false,false,true,false,false,false,false,false,false,false,false,false,false,false,false,true,false,false,false,true,false,true,true,true,false,false,false,182,51,7,6,2,3,0,false,true,true,false
Kubernetes,outlines,Kubernetes---kb_89_Normalized.json,7,2,5,2,5,7,0,completed,,,28.5632,0.104228,0.0485137,0.0555119,31320,16750,632.714,181.286,216,1,5,0,1,0,0.5,0,1,0.857143,-0.5,true,false,false,false,false,false,false,false,false,true,false,false,false,true,false,false,false,false,true,false,false,false,false,false,false,false,false,false,false,false,false,false,false,false,false,true,false,true,true,true,false,false,false,131,40,10,5,0,2,0,false,true,true,false
Kubernetes,outlines,Kubernetes---kb_8_Normalized.json,3,1,2,1,2,3,0,completed,,,0.32761,0.00639767,0.00317033,0.00319833,1842,247,18.3333,7,8,1,2,0,0,0,0,0,1,1,0,false,false,false,false,false,false,false,false,false,false,false,false,false,false,false,false,false,false,false,false,false,false,false,false,false,false,false,false,false,false,false,false,false,false,false,true,false,false,true,true,false,false,false,6,1,1,4,0,0,0,false,false,false,false
Kubernetes,outlines,Kubernetes---kb_900_Normalized.json,4,2,2,2,2,4,0,completed,,,58.9261,0.188989,0.087833,0.100826,34207,23365,586,181.75,193,2,2,0,0,0,0,0,1,1,0,true,false,false,false,false,false,false,false,false,true,false,false,false,true,false,false,false,false,true,false,false,false,false,false,false,false,false,false,false,false,false,true,false,false,false,true,false,true,true,true,false,false,false,176,50,6,6,2,3,0,false,true,true,false
Kubernetes,outlines,Kubernetes---kb_901_Normalized.json,3,2,1,2,1,3,0,completed,,,55.6086,0.203004,0.094235,0.10846,31535,23334,484.667,152,158,2,1,0,0,0,0,0,1,1,0,true,false,false,false,false,false,false,false,false,true,false,false,false,true,false,false,false,false,true,false,false,false,false,false,false,false,false,false,false,false,false,true,false,false,false,true,false,true,true,true,false,false,false,175,50,6,6,2,2,0,false,true,true,false
Kubernetes,outlines,Kubernetes---kb_904_Normalized.json,3,1,2,1,2,3,0,completed,,,0.807624,0.0425367,0.0195443,0.0229243,2937,806,111,29,32,1,2,0,0,0,0,0,1,1,0,false,false,false,false,false,false,false,false,false,false,false,false,false,false,false,false,false,false,true,false,false,false,false,false,false,false,false,false,false,false,false,false,false,false,false,true,false,false,true,true,false,false,false,10,2,1,5,0,0,0,false,false,false,false
Kubernetes,outlines,Kubernetes---kb_905_Normalized.json,2,1,1,1,1,2,0,completed,,,0.805228,0.0419095,0.01925,0.0225855,2300,806,107,27.5,29,1,1,0,0,0,0,0,1,1,0,false,false,false,false,false,false,false,false,false,false,false,false,false,false,false,false,false,false,true,false,false,false,false,false,false,false,false,false,false,false,false,false,false,false,false,true,false,false,true,true,false,false,false,10,2,1,5,0,0,0,false,false,false,false
Kubernetes,outlines,Kubernetes---kb_906_Normalized.json,2,1,1,1,1,2,0,completed,,,0.773784,0.0419575,0.0191125,0.0227725,2300,806,107,27.5,29,1,1,0,0,0,0,0,1,1,0,false,false,false,false,false,false,false,false,false,false,false,false,false,false,false,false,false,false,true,false,false,false,false,false,false,false,false,false,false,false,false,false,false,false,false,true,false,false,true,true,false,false,false,10,2,1,5,0,0,0,false,false,false,false
Kubernetes,outlines,Kubernetes---kb_909_Normalized.json,9,2,7,2,7,9,0,completed,,,34.7986,0.0359089,0.0163442,0.0194612,27335,15995,238.556,72.6667,79,1,7,0,1,0,0.5,0,1,0.888889,-0.5,true,false,false,false,false,false,false,false,false,true,false,false,false,true,false,false,false,false,true,false,false,false,false,false,false,false,false,false,false,false,false,false,false,false,false,true,false,true,true,true,false,false,false,121,36,5,5,0,2,0,false,true,true,false
Kubernetes,outlines,Kubernetes---kb_90_Normalized.json,8,2,6,2,6,8,0,completed,,,28.756,0.17216,0.0811245,0.0907821,31692,16705,582.625,167.375,191,1,6,0,1,0,0.5,0,1,0.875,-0.5,true,false,false,false,false,false,false,false,false,true,false,false,false,true,false,false,false,false,true,false,false,false,false,false,false,false,false,false,false,false,false,false,false,false,false,true,false,true,true,true,false,false,false,130,40,10,5,0,1,0,false,true,true,false
Kubernetes,outlines,Kubernetes---kb_911_Normalized.json,9,2,7,2,7,9,0,completed,,,35.2168,0.0473678,0.0218606,0.025408,27961,15969,238.111,73,82,1,7,0,1,0,0.5,0,1,0.888889,-0.5,true,false,false,false,false,false,false,false,false,true,false,false,false,true,false,false,false,false,true,false,false,false,false,false,false,false,false,false,false,false,false,false,false,false,false,true,false,true,true,true,false,false,false,120,36,5,5,0,1,0,false,true,true,false
Kubernetes,outlines,Kubernetes---kb_912_Normalized.json,7,2,5,2,5,7,0,completed,,,2.04569,0.070602,0.0327549,0.037737,9510,2201,325,94.1429,99,1,5,0,1,0,0.5,0,1,0.857143,-0.5,false,false,false,false,false,false,false,false,false,true,false,false,false,false,false,false,false,false,false,false,false,false,false,false,false,false,false,false,false,false,false,false,false,false,false,true,false,true,true,true,false,false,false,32,12,3,4,0,0,0,false,false,true,false
Kubernetes,outlines,Kubernetes---kb_913_Normalized.json,7,2,5,2,5,7,0,completed,,,2.03766,0.0825161,0.0371756,0.0452104,9421,2201,314.571,92.1429,99,1,5,0,1,0,0.5,0,1,0.857143,-0.5,false,false,false,false,false,false,false,false,false,true,false,false,false,false,false,false,false,false,false,false,false,false,false,false,false,false,false,false,false,false,false,false,false,false,false,true,false,true,true,true,false,false,false,32,12,3,4,0,0,0,false,false,true,false
Kubernetes,outlines,Kubernetes---kb_914_Normalized.json,7,2,5,2,5,7,0,completed,,,1.86607,0.0666554,0.0308669,0.0356847,9164,2136,301.571,89.7143,94,1,5,0,1,0,0.5,0,1,0.857143,-0.5,false,false,false,false,false,false,false,false,false,true,false,false,false,false,false,false,false,false,false,false,false,false,false,false,false,false,false,false,false,false,false,false,false,false,false,true,false,true,true,true,false,false,false,30,11,3,4,0,0,0,false,false,true,false
Kubernetes,outlines,Kubernetes---kb_915_Normalized.json,7,2,5,2,5,7,0,completed,,,1.89555,0.0616424,0.0285219,0.0330219,9139,2136,299.571,88,94,1,5,0,1,0,0.5,0,1,0.857143,-0.5,false,false,false,false,false,false,false,false,false,true,false,false,false,false,false,false,false,false,false,false,false,false,false,false,false,false,false,false,false,false,false,false,false,false,false,true,false,true,true,true,false,false,false,30,11,3,4,0,0,0,false,false,true,false
Kubernetes,outlines,Kubernetes---kb_916_Normalized.json,5,1,4,1,4,5,0,completed,,,0.311098,0.0003104,4.42e-05,0.0002474,2977,229,17.4,7.6,9,1,4,0,0,0,0,0,1,1,0,false,false,false,false,false,false,false,false,false,false,false,false,false,false,false,false,false,false,false,false,false,false,false,false,false,false,false,false,false,false,false,false,false,false,false,true,false,false,false,true,false,false,false,6,1,0,4,0,0,0,false,false,false,false
Kubernetes,outlines,Kubernetes---kb_917_Normalized.json,5,1,4,1,4,5,0,completed,,,0.315316,0.0003074,3.96e-05,0.0002494,2975,229,17.2,7.8,9,1,4,0,0,0,0,0,1,1,0,false,false,false,false,false,false,false,false,false,false,false,false,false,false,false,false,false,false,false,false,false,false,false,false,false,false,false,false,false,false,false,false,false,false,false,true,false,false,false,true,false,false,false,6,1,0,4,0,0,0,false,false,false,false
Kubernetes,outlines,Kubernetes---kb_918_Normalized.json,4,1,3,1,3,4,0,completed,,,0.314065,0.0003085,4.525e-05,0.000244,2432,230,17.5,8,9,1,3,0,0,0,0,0,1,1,0,false,false,false,false,false,false,false,false,false,false,false,false,false,false,false,false,false,false,false,false,false,false,false,false,false,false,false,false,false,false,false,false,false,false,false,true,false,false,false,true,false,false,false,6,1,0,4,0,0,0,false,false,false,false
Kubernetes,outlines,Kubernetes---kb_919_Normalized.json,5,2,3,2,3,5,0,completed,,,0.316945,0.0003158,5.38e-05,0.0002386,2596,219,16.8,7.8,9,2,3,0,0,0,0,0,1,1,0,false,false,false,false,false,false,false,false,false,false,false,false,false,false,false,false,false,false,false,false,false,false,false,false,false,false,false,false,false,false,false,false,false,false,false,true,false,false,false,true,false,false,false,6,1,0,4,0,0,0,false,false,false,false
Kubernetes,outlines,Kubernetes---kb_91_Normalized.json,2,1,1,1,1,2,0,completed,,,56.1456,0.211108,0.098863,0.111886,27387,20449,493.5,145.5,147,1,1,0,0,0,0,0,1,1,0,true,false,false,false,false,false,false,false,false,true,false,false,false,true,false,false,false,false,true,false,false,false,false,false,false,false,false,false,false,false,false,false,false,false,false,true,false,true,true,true,false,false,false,162,48,11,6,0,3,0,false,true,true,false
Kubernetes,outlines,Kubernetes---kb_920_Normalized.json,4,1,3,1,3,4,0,completed,,,0.322236,0.00031125,3.925e-05,0.00025325,2430,230,17.25,7.5,9,1,3,0,0,0,0,0,1,1,0,false,false,false,false,false,false,false,false,false,false,false,false,false,false,false,false,false,false,false,false,false,false,false,false,false,false,false,false,false,false,false,false,false,false,false,true,false,false,false,true,false,false,false,6,1,0,4,0,0,0,false,false,false,false
Kubernetes,outlines,Kubernetes---kb_921_Normalized.json,9,2,7,2,7,9,0,completed,,,0.975406,0.0334294,0.0142442,0.0191261,7140,1047,110.778,37.6667,43,2,7,0,0,0,0,0,1,1,0,true,false,false,false,false,false,false,false,false,false,false,false,false,false,false,false,false,false,false,false,false,false,false,false,false,false,false,false,false,false,false,false,false,false,false,true,false,false,true,true,false,false,false,13,3,1,5,0,0,0,false,false,false,false
Kubernetes,outlines,Kubernetes---kb_922_Normalized.json,8,2,6,2,6,8,0,completed,,,0.969023,0.0394608,0.0179271,0.0214631,7207,1047,126.25,39.25,45,2,6,0,0,0,0,0,1,1,0,true,false,false,false,false,false,false,false,false,false,false,false,false,false,false,false,false,false,false,false,false,false,false,false,false,false,false,false,false,false,false,false,false,false,false,true,false,false,true,true,false,false,false,13,3,1,5,0,0,0,false,false,false,false
Kubernetes,outlines,Kubernetes---kb_923_Normalized.json,6,2,4,2,4,6,0,completed,,,0.506515,0.0119492,0.0055535,0.00636083,3963,635,50.3333,20,21,2,4,0,0,0,0,0,1,1,0,false,false,false,false,false,false,false,false,false,false,false,false,false,false,false,false,false,false,false,false,false,false,false,false,false,false,false,false,false,false,false,false,false,false,false,true,false,false,true,true,false,false,false,9,2,1,4,0,0,0,false,false,false,false
Kubernetes,outlines,Kubernetes---kb_924_Normalized.json,6,1,5,1,5,6,0,completed,,,0.991984,0.0331188,0.0149283,0.0181252,5530,1035,123,37.6667,43,1,5,0,0,0,0,0,1,1,0,true,false,false,false,false,false,false,false,false,false,false,false,false,false,false,false,false,false,false,false,false,false,false,false,false,false,false,false,false,false,false,false,false,false,false,true,false,false,true,true,false,false,false,13,3,1,5,0,0,0,false,false,false,false
Kubernetes,outlines,Kubernetes---kb_925_Normalized.json,6,2,4,2,4,6,0,completed,,,0.489768,0.0116517,0.00529567,0.00632317,4012,635,50.8333,20,21,2,4,0,0,0,0,0,1,1,0,false,false,false,false,false,false,false,false,false,false,false,false,false,false,false,false,false,false,false,false,false,false,false,false,false,false,false,false,false,false,false,false,false,false,false,true,false,false,true,true,false,false,false,9,2,1,4,0,0,0,false,false,false,false
Kubernetes,outlines,Kubernetes---kb_926_Normalized.json,6,2,4,2,4,6,0,completed,,,2.18997,0.101388,0.0460662,0.0551767,9980,2512,338.167,96.6667,134,1,4,0,1,0,0.5,0,1,0.833333,-0.5,true,false,false,false,false,false,false,false,false,true,false,false,false,false,false,false,false,false,true,false,false,false,false,false,false,false,false,false,false,false,false,false,false,false,false,true,false,true,false,true,false,false,false,27,7,0,5,0,0,0,false,false,false,false
Kubernetes,outlines,Kubernetes---kb_927_Normalized.json,8,2,6,2,6,8,0,completed,,,2.23791,0.132214,0.0607533,0.071283,11910,2512,328.5,95.25,124,2,6,0,0,0,0,0,1,1,0,true,false,false,false,false,false,false,false,false,true,false,false,false,false,false,false,false,false,true,false,false,false,false,false,false,false,false,false,false,false,false,false,false,false,false,true,false,true,false,true,false,false,false,27,7,0,5,0,0,0,false,false,false,false
Kubernetes,outlines,Kubernetes---kb_928_Normalized.json,7,2,5,2,5,7,0,completed,,,2.1865,0.0764444,0.035193,0.0411376,11124,2512,341.286,99.5714,114,1,5,0,1,0,0.5,0,1,0.857143,-0.5,true,false,false,false,false,false,false,false,false,true,false,false,false,false,false,false,false,false,true,false,false,false,false,false,false,false,false,false,false,false,false,false,false,false,false,true,false,true,false,true,false,false,false,27,7,0,5,0,0,0,false,false,false,false
Kubernetes,outlines,Kubernetes---kb_929_Normalized.json,5,2,3,2,3,5,0,completed,,,0.818577,0.0370722,0.017122,0.0198816,4809,808,76.8,25,30,2,3,0,0,0,0,0,1,1,0,false,false,false,false,false,false,false,false,false,false,false,false,false,false,false,false,false,false,true,false,false,false,false,false,false,false,false,false,false,false,false,false,false,false,false,true,false,false,true,true,false,false,false,12,3,2,5,0,0,0,false,false,false,false
Kubernetes,outlines,Kubernetes---kb_92_Normalized.json,6,1,5,1,5,6,0,completed,,,55.9319,0.154168,0.0720887,0.0818205,35257,20772,460.333,135,159,1,5,0,0,0,0,0,1,1,0,true,false,false,false,false,false,false,false,false,true,false,false,false,true,false,false,false,false,true,false,false,false,false,false,false,false,false,false,false,false,false,false,false,false,false,true,false,true,true,true,false,false,false,162,48,11,6,0,3,0,false,true,true,false
Kubernetes,outlines,Kubernetes---kb_930_Normalized.json,5,2,3,2,3,5,0,completed,,,0.821532,0.0334124,0.0154384,0.0179076,4614,808,80.2,26.6,30,2,3,0,0,0,0,0,1,1,0,false,false,false,false,false,false,false,false,false,false,false,false,false,false,false,false,false,false,true,false,false,false,false,false,false,false,false,false,false,false,false,false,false,false,false,true,false,false,true,true,false,false,false,12,3,2,5,0,0,0,false,false,false,false
Kubernetes,outlines,Kubernetes---kb_931_Normalized.json,4,2,2,2,2,4,0,completed,,,1.45761,0.0407872,0.018625,0.0220807,4708,1327,113.25,33.75,73,2,2,0,0,0,0,0,1,1,0,false,false,false,false,false,false,false,false,false,true,false,false,false,false,false,false,false,false,true,false,false,false,false,false,false,false,false,false,false,false,false,false,false,false,false,true,false,true,true,true,false,false,false,20,4,2,5,0,0,0,false,false,false,false
Kubernetes,outlines,Kubernetes---kb_932_Normalized.json,4,2,2,2,2,4,0,completed,,,1.48278,0.0397863,0.0188075,0.0208902,4758,1327,117,34.25,74,2,2,0,0,0,0,0,1,1,0,false,false,false,false,false,false,false,false,false,true,false,false,false,false,false,false,false,false,true,false,false,false,false,false,false,false,false,false,false,false,false,false,false,false,false,true,false,true,true,true,false,false,false,20,4,2,5,0,0,0,false,false,false,false
Kubernetes,outlines,Kubernetes---kb_935_Normalized.json,3,1,2,1,2,3,0,completed,,,0.507391,0.00889067,0.003839,0.00501933,2263,496,36,12,13,1,2,0,0,0,0,0,1,1,0,false,false,false,false,false,false,false,false,false,false,false,false,false,false,false,false,false,false,false,false,false,false,false,false,false,false,false,false,false,false,false,false,false,false,false,true,false,false,false,true,false,false,false,7,2,0,4,0,0,0,false,false,false,false
Kubernetes,outlines,Kubernetes---kb_936_Normalized.json,2,1,1,1,1,2,0,completed,,,0.48618,0.0071325,0.0029695,0.004134,1775,496,36,11.5,12,1,1,0,0,0,0,0,1,1,0,false,false,false,false,false,false,false,false,false,false,false,false,false,false,false,false,false,false,false,false,false,false,false,false,false,false,false,false,false,false,false,false,false,false,false,true,false,false,false,true,false,false,false,7,2,0,4,0,0,0,false,false,false,false
Kubernetes,outlines,Kubernetes---kb_937_Normalized.json,2,1,1,1,1,2,0,completed,,,0.642159,0.0153955,0.0067645,0.00859,1893,499,58,19,20,1,1,0,0,0,0,0,1,1,0,false,false,false,false,false,false,false,false,false,false,false,false,false,false,false,false,false,false,false,false,false,false,false,false,false,false,false,false,false,false,false,false,false,false,false,true,false,false,true,true,false,false,false,10,3,1,4,0,0,0,false,false,false,false
Kubernetes,outlines,Kubernetes---kb_938_Normalized.json,3,1,2,1,2,3,0,completed,,,0.647578,0.0100133,0.004426,0.00555767,3249,499,52,16.6667,20,1,2,0,0,0,0,0,1,1,0,false,false,false,false,false,false,false,false,false,false,false,false,false,false,false,false,false,false,false,false,false,false,false,false,false,false,false,false,false,false,false,false,false,false,false,true,false,false,true,true,false,false,false,10,3,1,4,0,0,0,false,false,false,false
Kubernetes,outlines,Kubernetes---kb_939_Normalized.json,8,2,6,2,6,8,0,completed,,,58.6445,0.113701,0.0520531,0.0614772,32607,19518,386.75,131.75,184,2,6,0,0,0,0,0,1,1,0,true,false,false,false,false,false,false,false,false,true,false,false,false,true,false,false,false,false,true,false,false,false,false,false,false,false,false,false,false,false,false,false,false,false,false,true,false,true,true,true,false,false,false,146,43,5,6,0,3,0,false,true,true,false
Kubernetes,outlines,Kubernetes---kb_93_Normalized.json,6,1,5,1,5,6,0,completed,,,56.2237,0.180894,0.0852355,0.095372,34768,20739,488.667,144.333,155,1,5,0,0,0,0,0,1,1,0,true,false,false,false,false,false,false,false,false,true,false,false,false,true,false,false,false,false,true,false,false,false,false,false,false,false,false,false,false,false,false,false,false,false,false,true,false,true,true,true,false,false,false,162,48,11,6,0,3,0,false,true,true,false
Kubernetes,outlines,Kubernetes---kb_940_Normalized.json,7,2,5,2,5,7,0,completed,,,59.2115,0.283969,0.131086,0.152503,33457,19504,617,207.286,303,2,5,0,0,0,0,0,1,1,0,true,false,false,false,false,false,false,false,false,true,false,false,false,true,false,false,false,false,true,false,false,false,false,false,false,false,false,false,false,false,false,false,false,false,false,true,false,true,true,true,false,false,false,145,43,5,6,0,2,0,false,true,true,false
Kubernetes,outlines,Kubernetes---kb_941_Normalized.json,5,2,3,2,3,5,0,completed,,,1.30198,0.0342968,0.015422,0.0188028,7552,2186,111,40.6,56,1,3,0,1,0,0.5,0,1,0.8,-0.5,false,false,false,false,false,false,false,false,false,true,false,false,false,false,false,false,false,false,true,false,false,false,false,false,false,false,false,false,false,false,false,false,false,false,false,true,false,true,true,true,false,false,false,23,6,2,4,0,0,0,false,false,false,false
Kubernetes,outlines,Kubernetes---kb_942_Normalized.json,4,2,2,2,2,4,0,completed,,,1.25698,0.0260538,0.011821,0.0141765,5901,2186,100,36,54,1,2,0,1,0,0.5,0,1,0.75,-0.5,false,false,false,false,false,false,false,false,false,true,false,false,false,false,false,false,false,false,true,false,false,false,false,false,false,false,false,false,false,false,false,false,false,false,false,true,false,true,true,true,false,false,false,23,6,2,4,0,0,0,false,false,false,false
Kubernetes,outlines,Kubernetes---kb_943_Normalized.json,3,1,2,1,2,3,0,completed,,,0.514093,0.00756933,0.00325167,0.00428933,2167,401,31.6667,10.3333,13,1,2,0,0,0,0,0,1,1,0,false,false,false,false,false,false,false,false,false,false,false,false,false,false,false,false,false,false,false,false,false,false,false,false,false,false,false,false,false,false,false,false,false,false,false,true,false,false,false,true,false,false,false,7,2,0,4,0,0,0,false,false,false,false
Kubernetes,outlines,Kubernetes---kb_944_Normalized.json,5,2,3,2,3,5,0,completed,,,0.543639,0.01036,0.0046204,0.0057094,2919,401,42.6,13.4,15,2,3,0,0,0,0,0,1,1,0,false,false,false,false,false,false,false,false,false,false,false,false,false,false,false,false,false,false,false,false,false,false,false,false,false,false,false,false,false,false,false,false,false,false,false,true,false,false,false,true,false,false,false,7,2,0,4,0,0,0,false,false,false,false
Kubernetes,outlines,Kubernetes---kb_945_Normalized.json,4,2,2,2,2,4,0,completed,,,1.44139,0.0359485,0.0165397,0.0193257,7517,2697,166,60,62,2,2,0,0,0,0,0,1,1,0,false,false,false,false,false,false,false,false,false,true,false,false,false,false,false,false,false,false,true,false,false,false,false,false,false,false,false,false,false,false,false,false,false,false,false,true,false,true,true,true,false,false,false,26,7,2,4,0,0,0,false,false,false,false
Kubernetes,outlines,Kubernetes---kb_946_Normalized.json,3,1,2,1,2,3,0,completed,,,1.46146,0.021012,0.00955867,0.0113953,7075,2697,159.333,58,58,1,2,0,0,0,0,0,1,1,0,false,false,false,false,false,false,false,false,false,true,false,false,false,false,false,false,false,false,true,false,false,false,false,false,false,false,false,false,false,false,false,false,false,false,false,true,false,true,true,true,false,false,false,26,7,2,4,0,0,0,false,false,false,false
Kubernetes,outlines,Kubernetes---kb_947_Normalized.json,10,2,8,2,8,10,0,completed,,,3.16757,0.0679041,0.0310373,0.036724,21377,5474,518.6,167.2,176,2,8,0,0,0,0,0,1,1,0,false,false,false,false,false,false,false,false,false,true,false,false,false,false,false,false,false,false,true,false,false,false,false,false,false,false,false,false,false,false,false,false,false,false,false,true,false,true,false,true,false,false,false,57,19,0,5,0,0,0,false,false,true,false
Kubernetes,outlines,Kubernetes---kb_948_Normalized.json,9,2,7,2,7,9,0,completed,,,3.17708,0.0501802,0.0231728,0.0268806,19236,5474,443.889,138,156,2,7,0,0,0,0,0,1,1,0,false,false,false,false,false,false,false,false,false,true,false,false,false,false,false,false,false,false,true,false,false,false,false,false,false,false,false,false,false,false,false,false,false,false,false,true,false,true,false,true,false,false,false,57,19,0,5,0,0,0,false,false,true,false
Kubernetes,outlines,Kubernetes---kb_949_Normalized.json,5,2,3,2,3,5,0,completed,,,29.9779,0.0847338,0.0396132,0.0449254,27544,18763,376.4,106.8,111,2,3,0,0,0,0,0,1,1,0,true,false,false,false,false,false,false,false,false,true,false,false,false,true,false,false,false,false,true,false,false,false,false,false,false,false,false,false,false,false,false,false,false,false,false,true,false,true,true,true,false,false,false,149,48,6,5,0,2,0,false,true,true,false
Kubernetes,outlines,Kubernetes---kb_94_Normalized.json,6,1,5,1,5,6,0,completed,,,56.613,0.212412,0.10072,0.111392,34745,20694,454,133.5,143,1,5,0,0,0,0,0,1,1,0,true,false,false,false,false,false,false,false,false,true,false,false,false,true,false,false,false,false,true,false,false,false,false,false,false,false,false,false,false,false,false,false,false,false,false,true,false,true,true,true,false,false,false,161,48,11,6,0,2,0,false,true,true,false
Kubernetes,outlines,Kubernetes---kb_950_Normalized.json,5,2,3,2,3,5,0,completed,,,29.4267,0.0932044,0.0432748,0.0497084,27871,18813,395.6,113,136,2,3,0,0,0,0,0,1,1,0,true,false,false,false,false,false,false,false,false,true,false,false,false,true,false,false,false,false,true,false,false,false,false,false,false,false,false,false,false,false,false,false,false,false,false,true,false,true,true,true,false,false,false,149,48,6,5,0,2,0,false,true,true,false
Kubernetes,outlines,Kubernetes---kb_951_Normalized.json,4,1,3,1,3,4,0,completed,,,29.2624,0.105443,0.0491257,0.056128,27083,18773,372,105.75,108,1,3,0,0,0,0,0,1,1,0,true,false,false,false,false,false,false,false,false,true,false,false,false,true,false,false,false,false,true,false,false,false,false,false,false,false,false,false,false,false,false,false,false,false,false,true,false,true,true,true,false,false,false,148,48,6,5,0,1,0,false,true,true,false
Kubernetes,outlines,Kubernetes---kb_952_Normalized.json,5,2,3,2,3,5,0,completed,,,1.76433,0.0191546,0.008987,0.0101166,5911,2574,96.8,29.4,66,2,3,0,0,0,0,0,1,1,0,false,false,false,false,false,false,false,false,false,true,false,false,false,false,false,false,false,false,false,false,false,false,false,false,false,false,false,false,false,false,false,false,false,false,false,true,false,true,false,true,false,false,false,32,11,0,4,0,0,0,false,false,true,false
Kubernetes,outlines,Kubernetes---kb_953_Normalized.json,3,1,2,1,2,3,0,completed,,,1.79503,0.0145903,0.00662367,0.00791667,64849,2594,7289.33,2344.67,6994,1,2,0,0,0,0,0,1,1,0,false,false,false,false,false,false,false,false,false,true,false,false,false,false,false,false,false,false,false,false,false,false,false,false,false,false,false,false,false,false,false,false,false,false,false,true,false,true,false,true,false,false,false,32,11,0,4,0,0,0,false,false,true,false
Kubernetes,outlines,Kubernetes---kb_954_Normalized.json,3,1,2,1,2,3,0,completed,,,1.77282,0.0141487,0.006439,0.00766967,4910,2594,63.3333,18.6667,23,1,2,0,0,0,0,0,1,1,0,false,false,false,false,false,false,false,false,false,true,false,false,false,false,false,false,false,false,false,false,false,false,false,false,false,false,false,false,false,false,false,false,false,false,false,true,false,true,false,true,false,false,false,32,11,0,4,0,0,0,false,false,true,false
Kubernetes,outlines,Kubernetes---kb_955_Normalized.json,4,2,2,2,2,4,0,completed,,,30.0561,0.406606,0.191333,0.214732,34786,19400,1169.75,336.5,539,1,2,0,1,0,0.5,0,1,0.75,-0.5,true,false,false,false,false,false,false,false,false,true,false,false,false,true,false,false,false,false,true,false,false,false,false,false,false,false,false,false,false,false,false,false,false,false,false,true,false,true,true,true,false,false,false,158,44,10,5,0,2,0,false,true,true,false
Kubernetes,outlines,Kubernetes---kb_956_Normalized.json,6,2,4,2,4,6,0,completed,,,30.5279,0.125972,0.0595975,0.0661218,32417,19450,495.667,145.667,164,2,4,0,0,0,0,0,1,1,0,true,false,false,false,false,false,false,false,false,true,false,false,false,true,false,false,false,false,true,false,false,false,false,false,false,false,false,false,false,false,false,false,false,false,false,true,false,true,true,true,false,false,false,158,44,10,5,0,2,0,false,true,true,false
Kubernetes,outlines,Kubernetes---kb_957_Normalized.json,6,2,4,2,4,6,0,completed,,,30.4213,0.108596,0.0514363,0.0569735,32654,19410,453.833,139.167,148,1,4,0,1,0,0.5,0,1,0.833333,-0.5,true,false,false,false,false,false,false,false,false,true,false,false,false,true,false,false,false,false,true,false,false,false,false,false,false,false,false,false,false,false,false,false,false,false,false,true,false,true,true,true,false,false,false,157,44,10,5,0,1,0,false,true,true,false
Kubernetes,outlines,Kubernetes---kb_958_Normalized.json,4,1,3,1,3,4,0,completed,,,0.372535,0.00448325,0.002008,0.00245375,2183,130,22.5,6,8,1,3,0,0,0,0,0,1,1,0,false,false,false,false,false,false,false,false,false,false,false,false,false,false,false,false,false,false,false,false,false,false,false,false,false,false,false,false,false,false,false,false,false,false,false,true,false,false,false,true,false,false,false,4,1,0,4,0,0,0,false,false,false,false
Kubernetes,outlines,Kubernetes---kb_959_Normalized.json,2,1,1,1,1,2,0,completed,,,0.380769,0.0087685,0.0039695,0.004772,1195,130,26,7,8,1,1,0,0,0,0,0,1,1,0,false,false,false,false,false,false,false,false,false,false,false,false,false,false,false,false,false,false,false,false,false,false,false,false,false,false,false,false,false,false,false,false,false,false,false,true,false,false,false,true,false,false,false,4,1,0,4,0,0,0,false,false,false,false
Kubernetes,outlines,Kubernetes---kb_95_Normalized.json,6,2,4,2,4,6,0,completed,,,67.0036,0.0964287,0.0444223,0.051805,36305,23011,319,97.3333,112,2,4,0,0,0,0,0,1,1,0,true,false,false,false,false,false,false,false,false,true,false,false,false,true,false,false,false,false,true,false,false,false,false,false,false,false,false,false,false,false,false,false,false,false,false,true,false,true,true,true,false,false,false,195,52,8,6,0,3,0,false,true,true,false
Kubernetes,outlines,Kubernetes---kb_960_Normalized.json,2,1,1,1,1,2,0,completed,,,0.381129,0.015435,0.0059525,0.009439,1195,130,26,7,8,1,1,0,0,0,0,0,1,1,0,false,false,false,false,false,false,false,false,false,false,false,false,false,false,false,false,false,false,false,false,false,false,false,false,false,false,false,false,false,false,false,false,false,false,false,true,false,false,false,true,false,false,false,4,1,0,4,0,0,0,false,false,false,false
Kubernetes,outlines,Kubernetes---kb_961_Normalized.json,3,1,2,1,2,3,0,completed,,,0.838441,0.022019,0.0102007,0.0117733,2671,550,85,30.3333,32,1,2,0,0,0,0,0,1,1,0,false,false,false,false,false,false,false,false,false,false,false,false,false,false,false,false,false,false,false,false,false,false,false,false,false,false,false,false,false,false,false,false,false,false,false,true,false,false,false,true,false,false,false,11,4,0,4,0,0,0,false,false,false,false
Kubernetes,outlines,Kubernetes---kb_962_Normalized.json,3,1,2,1,2,3,0,completed,,,0.829694,0.039885,0.0185543,0.0212613,2607,550,82.6667,30.3333,32,1,2,0,0,0,0,0,1,1,0,false,false,false,false,false,false,false,false,false,false,false,false,false,false,false,false,false,false,false,false,false,false,false,false,false,false,false,false,false,false,false,false,false,false,false,true,false,false,false,true,false,false,false,11,4,0,4,0,0,0,false,false,false,false
Kubernetes,outlines,Kubernetes---kb_963_Normalized.json,5,1,4,1,4,5,0,completed,,,1.05,0.0265168,0.0117982,0.0146586,5119,1274,119,40.8,45,1,4,0,0,0,0,0,1,1,0,false,false,false,false,false,false,false,false,false,true,false,false,false,false,false,false,false,false,false,false,false,false,false,false,false,false,false,false,false,false,false,false,false,false,false,true,false,true,true,true,false,false,false,20,6,1,4,0,0,0,false,false,false,false
Kubernetes,outlines,Kubernetes---kb_964_Normalized.json,4,1,3,1,3,4,0,completed,,,1.04596,0.0332635,0.014813,0.0183827,4380,1204,121.75,41.75,45,1,3,0,0,0,0,0,1,1,0,false,false,false,false,false,false,false,false,false,true,false,false,false,false,false,false,false,false,false,false,false,false,false,false,false,false,false,false,false,false,false,false,false,false,false,true,false,true,true,true,false,false,false,20,6,1,4,0,0,0,false,false,false,false
Kubernetes,outlines,Kubernetes---kb_965_Normalized.json,6,2,4,2,4,6,0,completed,,,0.998549,0.0446415,0.0207302,0.023831,5368,1204,122.833,42.5,45,2,4,0,0,0,0,0,1,1,0,false,false,false,false,false,false,false,false,false,true,false,false,false,false,false,false,false,false,false,false,false,false,false,false,false,false,false,false,false,false,false,false,false,false,false,true,false,true,true,true,false,false,false,20,6,1,4,0,0,0,false,false,false,false
Kubernetes,outlines,Kubernetes---kb_966_Normalized.json,4,1,3,1,3,4,0,completed,,,0.575336,0.0170672,0.007881,0.00914625,3183,578,59.75,21.25,27,1,3,0,0,0,0,0,1,1,0,false,false,false,false,false,false,false,false,false,false,false,false,false,false,false,false,false,false,false,false,false,false,false,false,false,false,false,false,false,false,false,false,false,false,false,true,false,false,true,true,false,false,false,8,2,2,4,0,0,0,false,false,false,false
Kubernetes,outlines,Kubernetes---kb_967_Normalized.json,3,1,2,1,2,3,0,completed,,,0.569722,0.0223267,0.0102033,0.0120767,2593,578,61.6667,22.3333,27,1,2,0,0,0,0,0,1,1,0,false,false,false,false,false,false,false,false,false,false,false,false,false,false,false,false,false,false,false,false,false,false,false,false,false,false,false,false,false,false,false,false,false,false,false,true,false,false,true,true,false,false,false,8,2,2,4,0,0,0,false,false,false,false
Kubernetes,outlines,Kubernetes---kb_968_Normalized.json,4,2,2,2,2,4,0,completed,,,45.6376,0.0783242,0.0365487,0.041591,37508,27866,364.25,113,125,2,2,0,0,0,0,0,1,1,0,true,false,false,false,false,false,false,false,false,true,false,false,false,true,false,false,false,false,true,false,false,false,false,false,false,false,false,false,false,false,false,true,false,false,false,true,false,true,true,true,false,false,false,205,60,5,6,2,2,0,false,true,true,false
Kubernetes,outlines,Kubernetes---kb_969_Normalized.json,2,2,0,2,0,2,0,completed,,,47.1915,0.143364,0.062816,0.080258,34977,27852,423.5,131,147,2,0,0,0,0,0,0,1,1,0,true,false,false,false,false,false,false,false,false,true,false,false,false,true,false,false,false,false,true,false,false,false,false,false,false,false,false,false,false,false,false,true,false,false,false,true,false,true,true,true,false,false,false,204,60,5,6,2,1,0,false,true,true,false
Kubernetes,outlines,Kubernetes---kb_96_Normalized.json,3,2,1,2,1,3,0,completed,,,68.0572,0.0711127,0.0330013,0.0379527,31570,23293,325.333,99.3333,105,2,1,0,0,0,0,0,1,1,0,true,false,false,false,false,false,false,false,false,true,false,false,false,true,false,false,false,false,true,false,false,false,false,false,false,false,false,false,false,false,false,false,false,false,false,true,false,true,true,true,false,false,false,195,52,8,6,0,3,0,false,true,true,false
Kubernetes,outlines,Kubernetes---kb_970_Normalized.json,5,2,3,2,3,5,0,completed,,,35.3599,0.0515122,0.0236354,0.0277464,26265,17983,338,90.8,106,1,3,0,1,0,0.5,0,1,0.8,-0.5,true,false,false,false,false,false,false,false,false,true,false,false,false,true,false,false,false,false,true,false,false,false,false,false,false,false,false,false,false,false,false,false,false,false,false,true,false,true,true,true,false,false,false,136,42,4,5,0,2,0,false,false,true,false
Kubernetes,outlines,Kubernetes---kb_971_Normalized.json,6,2,4,2,4,6,0,completed,,,36.8542,0.058464,0.0272898,0.0310523,27619,17969,299.333,82,89,1,4,0,1,0,0.5,0,1,0.833333,-0.5,true,false,false,false,false,false,false,false,false,true,false,false,false,true,false,false,false,false,true,false,false,false,false,false,false,false,false,false,false,false,false,false,false,false,false,true,false,true,true,true,false,false,false,135,42,4,5,0,1,0,false,false,true,false
Kubernetes,outlines,Kubernetes---kb_972_Normalized.json,7,2,5,2,5,7,0,completed,,,58.8523,0.24613,0.113409,0.132345,42972,21950,1045.14,314,399,2,5,0,0,0,0,0,1,1,0,true,false,false,false,false,false,false,false,false,true,false,false,false,true,false,false,false,false,true,false,false,false,false,false,false,false,false,false,false,false,false,false,false,false,false,true,false,true,true,true,false,false,false,167,50,5,6,0,3,0,false,true,true,false
Kubernetes,outlines,Kubernetes---kb_973_Normalized.json,5,2,3,2,3,5,0,completed,,,61.1327,0.231121,0.106679,0.124105,42287,21936,1420.4,452.8,526,1,3,0,1,0,0.5,0,1,0.8,-0.5,true,false,false,false,false,false,false,false,false,true,false,false,false,true,false,false,false,false,true,false,false,false,false,false,false,false,false,false,false,false,false,false,false,false,false,true,false,true,true,true,false,false,false,166,50,5,6,0,2,0,false,true,true,false
Kubernetes,outlines,Kubernetes---kb_974_Normalized.json,4,1,3,1,3,4,0,completed,,,0.531707,0.006811,0.003047,0.00373975,3018,446,41.75,12,14,1,3,0,0,0,0,0,1,1,0,false,false,false,false,false,false,false,false,false,false,false,false,false,false,false,false,false,false,false,false,false,false,false,false,false,false,false,false,false,false,false,false,false,false,false,true,false,false,true,true,false,false,false,8,2,2,4,0,0,0,false,false,false,false
Kubernetes,outlines,Kubernetes---kb_975_Normalized.json,4,1,3,1,3,4,0,completed,,,0.541446,0.00640575,0.00287775,0.0035015,2967,446,40.25,12,14,1,3,0,0,0,0,0,1,1,0,false,false,false,false,false,false,false,false,false,false,false,false,false,false,false,false,false,false,false,false,false,false,false,false,false,false,false,false,false,false,false,false,false,false,false,true,false,false,true,true,false,false,false,8,2,2,4,0,0,0,false,false,false,false
Kubernetes,outlines,Kubernetes---kb_976_Normalized.json,3,1,2,1,2,3,0,completed,,,0.656314,0.0249127,0.0114073,0.0134527,3978,1220,117,30.6667,35,1,2,0,0,0,0,0,1,1,0,false,false,false,false,false,false,false,false,false,false,false,false,false,false,false,false,false,false,false,false,false,false,false,false,false,false,false,false,false,false,false,false,false,false,false,true,false,false,true,true,false,false,false,11,3,1,4,0,0,0,false,false,false,false
Kubernetes,outlines,Kubernetes---kb_977_Normalized.json,2,1,1,1,1,2,0,completed,,,0.677446,0.0416225,0.0185405,0.023006,3061,1220,122,31.5,35,1,1,0,0,0,0,0,1,1,0,false,false,false,false,false,false,false,false,false,false,false,false,false,false,false,false,false,false,false,false,false,false,false,false,false,false,false,false,false,false,false,false,false,false,false,true,false,false,true,true,false,false,false,11,3,1,4,0,0,0,false,false,false,false
Kubernetes,outlines,Kubernetes---kb_978_Normalized.json,1,1,0,1,0,1,0,completed,,,63.9595,0.125048,0.055831,0.068938,38608,31712,377,118,118,1,0,0,0,0,0,0,1,1,0,true,false,false,false,false,false,false,false,false,true,false,false,false,true,false,false,false,false,true,false,false,false,false,false,false,false,false,false,false,false,false,true,false,false,false,true,false,true,true,true,false,false,false,236,68,6,6,2,3,0,false,true,true,false
Kubernetes,outlines,Kubernetes---kb_979_Normalized.json,1,1,0,1,0,1,0,completed,,,67.6712,0.164324,0.076311,0.087727,38583,31698,396,122,122,1,0,0,0,0,0,0,1,1,0,true,false,false,false,false,false,false,false,false,true,false,false,false,true,false,false,false,false,true,false,false,false,false,false,false,false,false,false,false,false,false,true,false,false,false,true,false,true,true,true,false,false,false,235,68,6,6,2,2,0,false,true,true,false
Kubernetes,outlines,Kubernetes---kb_97_Normalized.json,5,2,3,2,3,5,0,completed,,,66.8444,0.195149,0.0916648,0.103146,37217,23390,602.8,181.6,258,2,3,0,0,0,0,0,1,1,0,true,false,false,false,false,false,false,false,false,true,false,false,false,true,false,false,false,false,true,false,false,false,false,false,false,false,false,false,false,false,false,false,false,false,false,true,false,true,true,true,false,false,false,195,52,8,6,0,3,0,false,true,true,false
Kubernetes,outlines,Kubernetes---kb_980_Normalized.json,3,2,1,2,1,3,0,completed,,,1.08042,0.019305,0.00822267,0.011009,4649,2474,97.3333,37.3333,42,2,1,0,0,0,0,0,1,1,0,false,false,false,false,false,false,false,false,false,true,false,false,false,false,false,false,false,false,false,false,false,false,false,false,false,false,false,false,false,false,false,true,false,false,false,true,false,true,true,true,false,false,false,22,6,1,4,2,0,0,false,false,false,false
Kubernetes,outlines,Kubernetes---kb_981_Normalized.json,4,2,2,2,2,4,0,completed,,,1.07697,0.0133307,0.006012,0.00726075,5378,2474,101.25,38,43,2,2,0,0,0,0,0,1,1,0,false,false,false,false,false,false,false,false,false,true,false,false,false,false,false,false,false,false,false,false,false,false,false,false,false,false,false,false,false,false,false,true,false,false,false,true,false,true,true,true,false,false,false,22,6,1,4,2,0,0,false,false,false,false
Kubernetes,outlines,Kubernetes---kb_982_Normalized.json,5,2,3,2,3,5,0,completed,,,0.748242,0.0168936,0.0077832,0.009069,3707,705,92,28,29,2,3,0,0,0,0,0,1,1,0,false,false,false,false,false,false,false,false,false,false,false,false,false,false,false,false,false,false,false,false,false,false,false,false,false,false,false,false,false,false,false,false,false,false,false,true,false,false,true,true,false,false,false,13,4,2,4,0,0,0,false,false,false,false
Kubernetes,outlines,Kubernetes---kb_983_Normalized.json,4,2,2,2,2,4,0,completed,,,0.754137,0.018842,0.00834425,0.0104505,3056,705,79.75,26,27,2,2,0,0,0,0,0,1,1,0,false,false,false,false,false,false,false,false,false,false,false,false,false,false,false,false,false,false,false,false,false,false,false,false,false,false,false,false,false,false,false,false,false,false,false,true,false,false,true,true,false,false,false,13,4,2,4,0,0,0,false,false,false,false
Kubernetes,outlines,Kubernetes---kb_984_Normalized.json,5,2,3,2,3,5,0,completed,,,0.796297,0.0150668,0.00697,0.008058,3661,702,83.4,27,29,2,3,0,0,0,0,0,1,1,0,false,false,false,false,false,false,false,false,false,false,false,false,false,false,false,false,false,false,false,false,false,false,false,false,false,false,false,false,false,false,false,false,false,false,false,true,false,false,true,true,false,false,false,13,4,2,4,0,0,0,false,false,false,false
Kubernetes,outlines,Kubernetes---kb_985_Normalized.json,2,1,1,1,1,2,0,completed,,,0.763884,0.021304,0.0096075,0.0116435,2264,702,93.5,28,29,1,1,0,0,0,0,0,1,1,0,false,false,false,false,false,false,false,false,false,false,false,false,false,false,false,false,false,false,false,false,false,false,false,false,false,false,false,false,false,false,false,false,false,false,false,true,false,false,true,true,false,false,false,13,4,2,4,0,0,0,false,false,false,false
Kubernetes,outlines,Kubernetes---kb_986_Normalized.json,3,1,2,1,2,3,0,completed,,,0.612782,0.0110023,0.004373,0.006587,2415,517,56,19,20,1,2,0,0,0,0,0,1,1,0,false,false,false,false,false,false,false,false,false,false,false,false,false,false,false,false,false,false,false,false,false,false,false,false,false,false,false,false,false,false,false,false,false,false,false,true,false,false,false,true,false,false,false,10,3,0,4,0,0,0,false,false,false,false
Kubernetes,outlines,Kubernetes---kb_987_Normalized.json,3,1,2,1,2,3,0,completed,,,0.62555,0.007577,0.00337667,0.00416967,2415,517,56,19,20,1,2,0,0,0,0,0,1,1,0,false,false,false,false,false,false,false,false,false,false,false,false,false,false,false,false,false,false,false,false,false,false,false,false,false,false,false,false,false,false,false,false,false,false,false,true,false,false,false,true,false,false,false,10,3,0,4,0,0,0,false,false,false,false
Kubernetes,outlines,Kubernetes---kb_988_Normalized.json,5,2,3,2,3,5,0,completed,,,0.786387,0.01607,0.0070202,0.009,3642,705,79,26,27,2,3,0,0,0,0,0,1,1,0,false,false,false,false,false,false,false,false,false,false,false,false,false,false,false,false,false,false,false,false,false,false,false,false,false,false,false,false,false,false,false,false,false,false,false,true,false,false,true,true,false,false,false,13,4,2,4,0,0,0,false,false,false,false
Kubernetes,outlines,Kubernetes---kb_989_Normalized.json,2,1,1,1,1,2,0,completed,,,0.629762,0.0108455,0.0048495,0.0059575,1874,517,58.5,19,20,1,1,0,0,0,0,0,1,1,0,false,false,false,false,false,false,false,false,false,false,false,false,false,false,false,false,false,false,false,false,false,false,false,false,false,false,false,false,false,false,false,false,false,false,false,true,false,false,false,true,false,false,false,10,3,0,4,0,0,0,false,false,false,false
Kubernetes,outlines,Kubernetes---kb_98_Normalized.json,6,1,5,1,5,6,0,completed,,,65.4728,0.0820842,0.038273,0.0436822,37627,23345,335.5,103.167,111,1,5,0,0,0,0,0,1,1,0,true,false,false,false,false,false,false,false,false,true,false,false,false,true,false,false,false,false,true,false,false,false,false,false,false,false,false,false,false,false,false,false,false,false,false,true,false,true,true,true,false,false,false,194,52,8,6,0,2,0,false,true,true,false
Kubernetes,outlines,Kubernetes---kb_990_Normalized.json,3,2,1,2,1,3,0,completed,,,5.39567,0.292752,0.135549,0.156659,18776,11277,766.333,258,288,2,1,0,0,0,0,0,1,1,0,true,false,false,false,false,false,false,false,false,true,false,false,false,false,false,false,false,false,true,false,false,false,false,false,false,false,false,false,false,false,false,true,false,false,false,true,false,true,true,true,false,false,false,81,23,1,5,2,0,0,false,false,true,false
Kubernetes,outlines,Kubernetes---kb_991_Normalized.json,4,2,2,2,2,4,0,completed,,,5.2649,0.321686,0.148435,0.172761,20943,11277,766,265,271,2,2,0,0,0,0,0,1,1,0,true,false,false,false,false,false,false,false,false,true,false,false,false,false,false,false,false,false,true,false,false,false,false,false,false,false,false,false,false,false,false,true,false,false,false,true,false,true,true,true,false,false,false,81,23,1,5,2,0,0,false,false,true,false
Kubernetes,outlines,Kubernetes---kb_992_Normalized.json,3,1,2,1,2,3,0,completed,,,0.980762,0.0343537,0.0158413,0.0184403,4299,1450,129.333,46,48,1,2,0,0,0,0,0,1,1,0,false,false,false,false,false,false,false,false,false,true,false,false,false,false,false,false,false,false,true,false,false,false,false,false,false,false,false,false,false,false,false,false,false,false,false,true,false,true,false,true,false,false,false,20,4,0,5,0,0,0,false,false,false,false
Kubernetes,outlines,Kubernetes---kb_993_Normalized.json,3,2,1,2,1,3,0,completed,,,0.979311,0.0482173,0.022844,0.0252877,3667,1450,98.3333,35,48,2,1,0,0,0,0,0,1,1,0,false,false,false,false,false,false,false,false,false,true,false,false,false,false,false,false,false,false,true,false,false,false,false,false,false,false,false,false,false,false,false,false,false,false,false,true,false,true,false,true,false,false,false,20,4,0,5,0,0,0,false,false,false,false
Kubernetes,outlines,Kubernetes---kb_994_Normalized.json,1,1,0,1,0,1,0,completed,,,0.441634,0.000415,6.3e-05,0.00032,1523,837,38,12,12,1,0,0,0,0,0,0,1,1,0,false,false,false,false,false,false,false,false,false,true,false,false,false,false,false,false,false,false,false,false,false,false,false,false,false,false,false,false,false,false,false,false,false,false,false,true,false,true,false,true,false,false,false,12,2,0,4,0,0,0,false,false,false,false
Kubernetes,outlines,Kubernetes---kb_995_Normalized.json,2,2,0,2,0,2,0,completed,,,0.424704,0.000388,6.35e-05,0.0002935,1700,837,38.5,12,12,2,0,0,0,0,0,0,1,1,0,false,false,false,false,false,false,false,false,false,true,false,false,false,false,false,false,false,false,false,false,false,false,false,false,false,false,false,false,false,false,false,false,false,false,false,true,false,true,false,true,false,false,false,12,2,0,4,0,0,0,false,false,false,false
Kubernetes,outlines,Kubernetes---kb_996_Normalized.json,2,2,0,2,0,2,0,completed,,,93.6303,0.138214,0.0640945,0.07383,197603,158506,503,145.5,164,1,0,0,1,0,0.5,0,1,0.5,-0.5,true,false,false,false,false,false,false,false,false,true,false,false,false,true,false,false,false,false,true,false,false,false,false,false,false,false,false,false,false,false,false,true,false,false,false,true,false,true,true,true,false,false,false,1547,472,83,6,4,3,0,false,true,true,false
Kubernetes,outlines,Kubernetes---kb_999_Normalized.json,2,2,0,2,0,2,0,completed,,,96.4544,0.122715,0.0571305,0.0653195,197390,158487,436,130.5,139,1,0,0,1,0,0.5,0,1,0.5,-0.5,true,false,false,false,false,false,false,false,false,true,false,false,false,true,false,false,false,false,true,false,false,false,false,false,false,false,false,false,false,false,false,true,false,false,false,true,false,true,true,true,false,false,false,1546,472,83,6,4,2,0,false,true,true,false
Kubernetes,outlines,Kubernetes---kb_99_Normalized.json,4,2,2,2,2,4,0,completed,,,0.835686,0.027627,0.011912,0.0156625,3143,669,107.25,29,31,2,2,0,0,0,0,0,1,1,0,false,false,false,false,false,false,false,false,false,false,false,false,false,false,false,false,false,false,false,false,false,false,false,false,false,false,false,false,false,false,false,false,false,false,false,true,false,false,true,true,false,false,false,12,4,2,4,0,0,0,false,false,false,false
Kubernetes,outlines,Kubernetes---kb_9_Normalized.json,2,1,1,1,1,2,0,completed,,,0.36745,0.009173,0.004323,0.004819,1333,247,20,7,8,1,1,0,0,0,0,0,1,1,0,false,false,false,false,false,false,false,false,false,false,false,false,false,false,false,false,false,false,false,false,false,false,false,false,false,false,false,false,false,false,false,false,false,false,false,true,false,false,true,true,false,false,false,6,1,1,4,0,0,0,false,false,false,false
