schema_id,test_id,expected_validity,actual_result,accepted,result_available,constraint_case,compile_grammar_s,validation_loop_s,compute_mask_s,commit_token_s,num_tokens,tokens_checked
Kubernetes---kb_0_Normalized.json,Kubernetes---kb_0_Normalized.json::test_00000,valid,passed,True,True,correct_accept,23.246,0.555356,0.256866,0.297504,313,313
Kubernetes---kb_0_Normalized.json,Kubernetes---kb_0_Normalized.json::test_00001,valid,passed,True,True,correct_accept,23.246,0.55004,0.255607,0.293455,311,311
Kubernetes---kb_0_Normalized.json,Kubernetes---kb_0_Normalized.json::test_00002,invalid,passed,False,True,correct_reject,23.246,0.090389,0.041876,0.048352,306,48
Kubernetes---kb_1000_Normalized.json,Kubernetes---kb_1000_Normalized.json::test_00000,valid,passed,True,True,correct_accept,0.831766,0.232545,0.107163,0.125111,51,51
Kubernetes---kb_1000_Normalized.json,Kubernetes---kb_1000_Normalized.json::test_00001,invalid,passed,False,True,correct_reject,0.831766,0.09816,0.047201,0.050834,47,25
Kubernetes---kb_1000_Normalized.json,Kubernetes---kb_1000_Normalized.json::test_00002,valid,passed,True,True,correct_accept,0.831766,0.221554,0.102608,0.118665,52,52
Kubernetes---kb_1000_Normalized.json,Kubernetes---kb_1000_Normalized.json::test_00003,invalid,passed,False,True,correct_reject,0.831766,0.110629,0.05298,0.057515,57,35
Kubernetes---kb_1001_Normalized.json,Kubernetes---kb_1001_Normalized.json::test_00000,valid,passed,True,True,correct_accept,0.787703,0.202073,0.093521,0.108309,52,52
Kubernetes---kb_1001_Normalized.json,Kubernetes---kb_1001_Normalized.json::test_00001,invalid,passed,False,True,correct_reject,0.787703,0.070747,0.033448,0.037208,48,25
Kubernetes---kb_1001_Normalized.json,Kubernetes---kb_1001_Normalized.json::test_00002,invalid,passed,False,True,correct_reject,0.787703,0.150428,0.070645,0.079598,52,45
Kubernetes---kb_1001_Normalized.json,Kubernetes---kb_1001_Normalized.json::test_00003,invalid,passed,False,True,correct_reject,0.787703,0.203495,0.098409,0.104842,52,45
Kubernetes---kb_1001_Normalized.json,Kubernetes---kb_1001_Normalized.json::test_00004,valid,passed,True,True,correct_accept,0.787703,0.192138,0.086775,0.105144,53,53
Kubernetes---kb_1001_Normalized.json,Kubernetes---kb_1001_Normalized.json::test_00005,invalid,passed,False,True,correct_reject,0.787703,0.001261,0.001251,3e-06,47,2
Kubernetes---kb_1001_Normalized.json,Kubernetes---kb_1001_Normalized.json::test_00006,invalid,passed,False,True,correct_reject,0.787703,9e-06,2e-06,2e-06,44,2
Kubernetes---kb_1002_Normalized.json,Kubernetes---kb_1002_Normalized.json::test_00000,valid,passed,True,True,correct_accept,0.786441,0.238606,0.109141,0.129176,51,51
Kubernetes---kb_1002_Normalized.json,Kubernetes---kb_1002_Normalized.json::test_00001,invalid,passed,False,True,correct_reject,0.786441,0.09672,0.045924,0.050676,47,25
Kubernetes---kb_1002_Normalized.json,Kubernetes---kb_1002_Normalized.json::test_00002,invalid,passed,False,True,correct_reject,0.786441,0.000127,4.5e-05,5.4e-05,41,7
Kubernetes---kb_1002_Normalized.json,Kubernetes---kb_1002_Normalized.json::test_00003,valid,passed,True,True,correct_accept,0.786441,0.199843,0.092572,0.107024,51,51
Kubernetes---kb_1002_Normalized.json,Kubernetes---kb_1002_Normalized.json::test_00004,invalid,passed,False,True,correct_reject,0.786441,0.002283,0.002272,3e-06,47,2
Kubernetes---kb_1002_Normalized.json,Kubernetes---kb_1002_Normalized.json::test_00005,invalid,passed,False,True,correct_reject,0.786441,1.1e-05,2e-06,2e-06,58,2
Kubernetes---kb_1003_Normalized.json,Kubernetes---kb_1003_Normalized.json::test_00000,valid,passed,True,True,correct_accept,0.911537,0.169936,0.078551,0.091186,51,51
Kubernetes---kb_1003_Normalized.json,Kubernetes---kb_1003_Normalized.json::test_00001,invalid,passed,False,True,correct_reject,0.911537,0.071286,0.034244,0.036958,47,25
Kubernetes---kb_1003_Normalized.json,Kubernetes---kb_1003_Normalized.json::test_00002,valid,passed,True,True,correct_accept,0.911537,0.167569,0.078523,0.08884,52,52
Kubernetes---kb_1003_Normalized.json,Kubernetes---kb_1003_Normalized.json::test_00003,invalid,passed,False,True,correct_reject,0.911537,0.002001,0.001983,7e-06,48,2
Kubernetes---kb_1008_Normalized.json,Kubernetes---kb_1008_Normalized.json::test_00000,valid,passed,True,True,correct_accept,215.626,0.374608,0.179316,0.194695,158,158
Kubernetes---kb_1008_Normalized.json,Kubernetes---kb_1008_Normalized.json::test_00001,valid,passed,True,True,correct_accept,215.626,0.312763,0.14796,0.164267,149,149
Kubernetes---kb_100_Normalized.json,Kubernetes---kb_100_Normalized.json::test_00000,valid,passed,True,True,correct_accept,0.712579,0.11138,0.05182,0.059414,31,31
Kubernetes---kb_100_Normalized.json,Kubernetes---kb_100_Normalized.json::test_00001,invalid,passed,False,True,correct_reject,0.712579,0.002877,0.00281,4.7e-05,30,5
Kubernetes---kb_100_Normalized.json,Kubernetes---kb_100_Normalized.json::test_00002,valid,passed,True,True,correct_accept,0.712579,0.066037,0.029582,0.036368,27,27
Kubernetes---kb_100_Normalized.json,Kubernetes---kb_100_Normalized.json::test_00003,invalid,passed,False,True,correct_reject,0.712579,0.00264,0.002628,4e-06,29,2
Kubernetes---kb_100_Normalized.json,Kubernetes---kb_100_Normalized.json::test_00004,invalid,passed,False,True,correct_reject,0.712579,1.5e-05,5e-06,3e-06,25,2
Kubernetes---kb_1011_Normalized.json,Kubernetes---kb_1011_Normalized.json::test_00000,valid,passed,True,True,correct_accept,210.288,0.357916,0.166825,0.19049,149,149
Kubernetes---kb_1011_Normalized.json,Kubernetes---kb_1011_Normalized.json::test_00001,valid,passed,True,True,correct_accept,210.288,0.265967,0.125235,0.140215,159,159
Kubernetes---kb_1012_Normalized.json,Kubernetes---kb_1012_Normalized.json::test_00000,valid,passed,True,True,correct_accept,2.46606,0.200179,0.093531,0.10631,118,118
Kubernetes---kb_1012_Normalized.json,Kubernetes---kb_1012_Normalized.json::test_00001,invalid,passed,False,True,correct_reject,2.46606,6.4e-05,2.1e-05,3.1e-05,117,5
Kubernetes---kb_1012_Normalized.json,Kubernetes---kb_1012_Normalized.json::test_00002,invalid,passed,False,True,correct_reject,2.46606,6.1e-05,1.9e-05,3e-05,119,5
Kubernetes---kb_1012_Normalized.json,Kubernetes---kb_1012_Normalized.json::test_00003,invalid,passed,False,True,correct_reject,2.46606,0.17141,0.081556,0.089659,112,51
Kubernetes---kb_1012_Normalized.json,Kubernetes---kb_1012_Normalized.json::test_00004,invalid,passed,False,True,correct_reject,2.46606,0.215812,0.100424,0.115038,118,102
Kubernetes---kb_1012_Normalized.json,Kubernetes---kb_1012_Normalized.json::test_00005,invalid,passed,False,True,correct_reject,2.46606,6.4e-05,2.1e-05,3.1e-05,118,5
Kubernetes---kb_1012_Normalized.json,Kubernetes---kb_1012_Normalized.json::test_00006,valid,passed,True,True,correct_accept,2.46606,0.477041,0.223825,0.252509,174,174
Kubernetes---kb_1012_Normalized.json,Kubernetes---kb_1012_Normalized.json::test_00007,invalid,passed,False,True,correct_reject,2.46606,0.411806,0.19346,0.217832,180,112
Kubernetes---kb_1012_Normalized.json,Kubernetes---kb_1012_Normalized.json::test_00008,invalid,passed,False,True,correct_reject,2.46606,0.001521,0.001471,3.6e-05,182,5
Kubernetes---kb_1015_Normalized.json,Kubernetes---kb_1015_Normalized.json::test_00000,valid,passed,True,True,correct_accept,2.53888,0.502001,0.232148,0.269183,174,174
Kubernetes---kb_1015_Normalized.json,Kubernetes---kb_1015_Normalized.json::test_00001,invalid,passed,False,True,correct_reject,2.53888,6.8e-05,2.4e-05,3.2e-05,167,5
Kubernetes---kb_1015_Normalized.json,Kubernetes---kb_1015_Normalized.json::test_00002,invalid,passed,False,True,correct_reject,2.53888,0.334152,0.158993,0.174733,176,114
Kubernetes---kb_1015_Normalized.json,Kubernetes---kb_1015_Normalized.json::test_00003,invalid,passed,False,True,correct_reject,2.53888,0.331046,0.154638,0.17594,168,106
Kubernetes---kb_1015_Normalized.json,Kubernetes---kb_1015_Normalized.json::test_00004,invalid,passed,False,True,correct_reject,2.53888,0.00121,0.001152,4.2e-05,174,5
Kubernetes---kb_1015_Normalized.json,Kubernetes---kb_1015_Normalized.json::test_00005,invalid,passed,False,True,correct_reject,2.53888,0.560844,0.263205,0.296861,219,157
Kubernetes---kb_1015_Normalized.json,Kubernetes---kb_1015_Normalized.json::test_00006,valid,passed,True,True,correct_accept,2.53888,0.482629,0.227138,0.254766,174,174
Kubernetes---kb_1015_Normalized.json,Kubernetes---kb_1015_Normalized.json::test_00007,invalid,passed,False,True,correct_reject,2.53888,0.403098,0.189552,0.213009,174,105
Kubernetes---kb_1016_Normalized.json,Kubernetes---kb_1016_Normalized.json::test_00000,valid,failed,False,True,over_constraint,0.375782,0.034937,0.014464,0.020424,18,8
Kubernetes---kb_1016_Normalized.json,Kubernetes---kb_1016_Normalized.json::test_00001,invalid,passed,False,True,correct_reject,0.375782,0.001718,0.001654,4.4e-05,16,5
Kubernetes---kb_1016_Normalized.json,Kubernetes---kb_1016_Normalized.json::test_00002,invalid,passed,False,True,correct_reject,0.375782,0.034846,0.014847,0.019956,18,8
Kubernetes---kb_1016_Normalized.json,Kubernetes---kb_1016_Normalized.json::test_00003,valid,passed,True,True,correct_accept,0.375782,0.036084,0.016535,0.019484,18,18
Kubernetes---kb_1016_Normalized.json,Kubernetes---kb_1016_Normalized.json::test_00004,invalid,passed,False,True,correct_reject,0.375782,0.002146,0.002087,4.2e-05,16,5
Kubernetes---kb_1019_Normalized.json,Kubernetes---kb_1019_Normalized.json::test_00000,valid,failed,False,True,over_constraint,0.386652,0.035357,0.014386,0.02092,18,8
Kubernetes---kb_1019_Normalized.json,Kubernetes---kb_1019_Normalized.json::test_00001,invalid,passed,False,True,correct_reject,0.386652,0.001589,0.001538,3.4e-05,16,5
Kubernetes---kb_1019_Normalized.json,Kubernetes---kb_1019_Normalized.json::test_00002,invalid,passed,False,True,correct_reject,0.386652,0.029924,0.012774,0.017106,18,8
Kubernetes---kb_1019_Normalized.json,Kubernetes---kb_1019_Normalized.json::test_00003,valid,passed,True,True,correct_accept,0.386652,0.035465,0.016291,0.019109,18,18
Kubernetes---kb_101_Normalized.json,Kubernetes---kb_101_Normalized.json::test_00000,valid,failed,False,True,over_constraint,28.0945,0.061112,0.029134,0.031817,70,33
Kubernetes---kb_101_Normalized.json,Kubernetes---kb_101_Normalized.json::test_00001,invalid,passed,False,True,correct_reject,28.0945,0.057246,0.025272,0.031834,95,33
Kubernetes---kb_101_Normalized.json,Kubernetes---kb_101_Normalized.json::test_00002,invalid,passed,False,True,correct_reject,28.0945,4.9e-05,1.2e-05,1.2e-05,67,6
Kubernetes---kb_101_Normalized.json,Kubernetes---kb_101_Normalized.json::test_00003,invalid,passed,False,True,correct_reject,28.0945,0.047969,0.022611,0.025242,90,33
Kubernetes---kb_101_Normalized.json,Kubernetes---kb_101_Normalized.json::test_00004,invalid,passed,False,True,correct_reject,28.0945,0.048767,0.022803,0.025818,79,33
Kubernetes---kb_101_Normalized.json,Kubernetes---kb_101_Normalized.json::test_00005,invalid,passed,False,True,correct_reject,28.0945,0.048186,0.022675,0.025384,69,33
Kubernetes---kb_101_Normalized.json,Kubernetes---kb_101_Normalized.json::test_00006,valid,passed,True,True,correct_accept,28.0945,0.223361,0.103631,0.119363,79,79
Kubernetes---kb_101_Normalized.json,Kubernetes---kb_101_Normalized.json::test_00007,invalid,passed,False,True,correct_reject,28.0945,0.001886,0.001849,1.3e-05,79,7
Kubernetes---kb_1020_Normalized.json,Kubernetes---kb_1020_Normalized.json::test_00000,valid,passed,True,True,correct_accept,3.1395,0.373022,0.172403,0.200006,155,155
Kubernetes---kb_1020_Normalized.json,Kubernetes---kb_1020_Normalized.json::test_00001,invalid,passed,False,True,correct_reject,3.1395,0.001933,0.001852,5.3e-05,159,12
Kubernetes---kb_1020_Normalized.json,Kubernetes---kb_1020_Normalized.json::test_00002,invalid,passed,False,True,correct_reject,3.1395,6.1e-05,3.6e-05,7e-06,154,6
Kubernetes---kb_1020_Normalized.json,Kubernetes---kb_1020_Normalized.json::test_00003,invalid,passed,False,True,correct_reject,3.1395,9.4e-05,1.7e-05,1e-05,155,7
Kubernetes---kb_1020_Normalized.json,Kubernetes---kb_1020_Normalized.json::test_00004,invalid,passed,False,True,correct_reject,3.1395,0.143566,0.067754,0.075516,155,84
Kubernetes---kb_1020_Normalized.json,Kubernetes---kb_1020_Normalized.json::test_00005,invalid,passed,False,True,correct_reject,3.1395,8.9e-05,1.5e-05,4.7e-05,155,12
Kubernetes---kb_1020_Normalized.json,Kubernetes---kb_1020_Normalized.json::test_00006,invalid,passed,False,True,correct_reject,3.1395,5.3e-05,2.9e-05,5e-06,163,7
Kubernetes---kb_1020_Normalized.json,Kubernetes---kb_1020_Normalized.json::test_00007,valid,passed,True,True,correct_accept,3.1395,0.515317,0.240341,0.274258,163,163
Kubernetes---kb_1020_Normalized.json,Kubernetes---kb_1020_Normalized.json::test_00008,invalid,passed,False,True,correct_reject,3.1395,0.002637,0.002551,5.6e-05,163,12
Kubernetes---kb_1020_Normalized.json,Kubernetes---kb_1020_Normalized.json::test_00009,invalid,passed,False,True,correct_reject,3.1395,0.000184,6.6e-05,8.2e-05,164,12
Kubernetes---kb_1021_Normalized.json,Kubernetes---kb_1021_Normalized.json::test_00000,valid,passed,True,True,correct_accept,2.85534,0.403383,0.189619,0.213192,163,163
Kubernetes---kb_1021_Normalized.json,Kubernetes---kb_1021_Normalized.json::test_00001,invalid,passed,False,True,correct_reject,2.85534,0.027317,0.011709,0.01556,163,12
Kubernetes---kb_1021_Normalized.json,Kubernetes---kb_1021_Normalized.json::test_00002,invalid,passed,False,True,correct_reject,2.85534,0.00019,0.00012,4.9e-05,162,6
Kubernetes---kb_1021_Normalized.json,Kubernetes---kb_1021_Normalized.json::test_00003,invalid,passed,False,True,correct_reject,2.85534,0.146363,0.070097,0.076046,215,69
Kubernetes---kb_1021_Normalized.json,Kubernetes---kb_1021_Normalized.json::test_00004,invalid,passed,False,True,correct_reject,2.85534,0.227726,0.106655,0.120755,105,98
Kubernetes---kb_1021_Normalized.json,Kubernetes---kb_1021_Normalized.json::test_00005,valid,passed,True,True,correct_accept,2.85534,0.252818,0.121338,0.131081,136,136
Kubernetes---kb_1021_Normalized.json,Kubernetes---kb_1021_Normalized.json::test_00006,invalid,passed,False,True,correct_reject,2.85534,0.026328,0.012776,0.013509,75,12
Kubernetes---kb_1021_Normalized.json,Kubernetes---kb_1021_Normalized.json::test_00007,invalid,passed,False,True,correct_reject,2.85534,0.068762,0.032104,0.036534,136,41
Kubernetes---kb_1022_Normalized.json,Kubernetes---kb_1022_Normalized.json::test_00000,valid,passed,True,True,correct_accept,0.450556,0.168802,0.077797,0.090826,32,32
Kubernetes---kb_1022_Normalized.json,Kubernetes---kb_1022_Normalized.json::test_00001,invalid,passed,False,True,correct_reject,0.450556,0.001461,0.00142,2.9e-05,28,5
Kubernetes---kb_1022_Normalized.json,Kubernetes---kb_1022_Normalized.json::test_00002,valid,passed,True,True,correct_accept,0.450556,0.091188,0.043025,0.048026,27,27
Kubernetes---kb_1022_Normalized.json,Kubernetes---kb_1022_Normalized.json::test_00003,invalid,passed,False,True,correct_reject,0.450556,0.001221,0.001182,2.7e-05,22,4
Kubernetes---kb_1022_Normalized.json,Kubernetes---kb_1022_Normalized.json::test_00004,invalid,passed,False,True,correct_reject,0.450556,7.5e-05,2.5e-05,3.6e-05,23,5
Kubernetes---kb_1023_Normalized.json,Kubernetes---kb_1023_Normalized.json::test_00000,valid,passed,True,True,correct_accept,0.477524,0.133273,0.061665,0.071416,31,31
Kubernetes---kb_1023_Normalized.json,Kubernetes---kb_1023_Normalized.json::test_00001,invalid,passed,False,True,correct_reject,0.477524,0.001446,0.001382,4.8e-05,27,5
Kubernetes---kb_1023_Normalized.json,Kubernetes---kb_1023_Normalized.json::test_00002,invalid,passed,False,True,correct_reject,0.477524,0.000108,3.9e-05,5.1e-05,35,5
Kubernetes---kb_1023_Normalized.json,Kubernetes---kb_1023_Normalized.json::test_00003,valid,passed,True,True,correct_accept,0.477524,0.211194,0.101557,0.1094,32,32
Kubernetes---kb_1023_Normalized.json,Kubernetes---kb_1023_Normalized.json::test_00004,invalid,passed,False,True,correct_reject,0.477524,0.003075,0.002993,6.3e-05,28,5
Kubernetes---kb_1024_Normalized.json,Kubernetes---kb_1024_Normalized.json::test_00000,valid,passed,True,True,correct_accept,1.61698,0.573822,0.266537,0.306608,105,105
Kubernetes---kb_1024_Normalized.json,Kubernetes---kb_1024_Normalized.json::test_00001,invalid,passed,False,True,correct_reject,1.61698,0.00313,0.003093,1.2e-05,59,5
Kubernetes---kb_1024_Normalized.json,Kubernetes---kb_1024_Normalized.json::test_00002,invalid,passed,False,True,correct_reject,1.61698,0.257613,0.125856,0.131423,104,53
Kubernetes---kb_1024_Normalized.json,Kubernetes---kb_1024_Normalized.json::test_00003,invalid,passed,False,True,correct_reject,1.61698,0.289914,0.136343,0.153193,104,59
Kubernetes---kb_1024_Normalized.json,Kubernetes---kb_1024_Normalized.json::test_00004,invalid,passed,False,True,correct_reject,1.61698,0.068122,0.032412,0.035588,104,26
Kubernetes---kb_1024_Normalized.json,Kubernetes---kb_1024_Normalized.json::test_00005,valid,passed,True,True,correct_accept,1.61698,0.33634,0.155465,0.180371,98,98
Kubernetes---kb_1024_Normalized.json,Kubernetes---kb_1024_Normalized.json::test_00006,invalid,passed,False,True,correct_reject,1.61698,0.002493,0.002463,1.1e-05,68,5
Kubernetes---kb_1025_Normalized.json,Kubernetes---kb_1025_Normalized.json::test_00000,valid,passed,True,True,correct_accept,1.61014,0.427202,0.198442,0.22825,105,105
Kubernetes---kb_1025_Normalized.json,Kubernetes---kb_1025_Normalized.json::test_00001,invalid,passed,False,True,correct_reject,1.61014,0.003177,0.003144,1.2e-05,57,5
Kubernetes---kb_1025_Normalized.json,Kubernetes---kb_1025_Normalized.json::test_00002,invalid,passed,False,True,correct_reject,1.61014,0.153167,0.071684,0.081248,104,53
Kubernetes---kb_1025_Normalized.json,Kubernetes---kb_1025_Normalized.json::test_00003,invalid,passed,False,True,correct_reject,1.61014,0.159959,0.075548,0.084179,105,60
Kubernetes---kb_1025_Normalized.json,Kubernetes---kb_1025_Normalized.json::test_00004,invalid,passed,False,True,correct_reject,1.61014,5.2e-05,1.1e-05,2.4e-05,133,8
Kubernetes---kb_1025_Normalized.json,Kubernetes---kb_1025_Normalized.json::test_00005,valid,passed,True,True,correct_accept,1.61014,0.368216,0.172487,0.195273,107,107
Kubernetes---kb_1025_Normalized.json,Kubernetes---kb_1025_Normalized.json::test_00006,invalid,passed,False,True,correct_reject,1.61014,0.002785,0.002757,1e-05,57,5
Kubernetes---kb_1026_Normalized.json,Kubernetes---kb_1026_Normalized.json::test_00000,valid,failed,False,True,over_constraint,30.8505,0.079512,0.037259,0.042102,135,52
Kubernetes---kb_1026_Normalized.json,Kubernetes---kb_1026_Normalized.json::test_00001,invalid,passed,False,True,correct_reject,30.8505,0.040506,0.019033,0.021374,169,39
Kubernetes---kb_1026_Normalized.json,Kubernetes---kb_1026_Normalized.json::test_00002,invalid,passed,False,True,correct_reject,30.8505,0.0806,0.037391,0.043064,132,52
Kubernetes---kb_1026_Normalized.json,Kubernetes---kb_1026_Normalized.json::test_00003,invalid,passed,False,True,correct_reject,30.8505,0.078682,0.037155,0.041377,136,52
Kubernetes---kb_1026_Normalized.json,Kubernetes---kb_1026_Normalized.json::test_00004,invalid,passed,False,True,correct_reject,30.8505,0.077612,0.036734,0.040728,136,52
Kubernetes---kb_1026_Normalized.json,Kubernetes---kb_1026_Normalized.json::test_00005,invalid,passed,False,True,correct_reject,30.8505,0.085804,0.041033,0.044598,132,52
Kubernetes---kb_1026_Normalized.json,Kubernetes---kb_1026_Normalized.json::test_00006,valid,passed,True,True,correct_accept,30.8505,0.160436,0.07316,0.086987,91,91
Kubernetes---kb_1026_Normalized.json,Kubernetes---kb_1026_Normalized.json::test_00007,invalid,passed,False,True,correct_reject,30.8505,0.071104,0.033438,0.037523,92,52
Kubernetes---kb_1026_Normalized.json,Kubernetes---kb_1026_Normalized.json::test_00008,invalid,passed,False,True,correct_reject,30.8505,0.077537,0.036587,0.040746,127,52
Kubernetes---kb_1027_Normalized.json,Kubernetes---kb_1027_Normalized.json::test_00000,valid,failed,False,True,over_constraint,31.5357,0.126872,0.061355,0.065279,137,54
Kubernetes---kb_1027_Normalized.json,Kubernetes---kb_1027_Normalized.json::test_00001,invalid,passed,False,True,correct_reject,31.5357,0.124782,0.056554,0.068016,138,54
Kubernetes---kb_1027_Normalized.json,Kubernetes---kb_1027_Normalized.json::test_00002,invalid,passed,False,True,correct_reject,31.5357,0.119875,0.059761,0.059878,138,54
Kubernetes---kb_1027_Normalized.json,Kubernetes---kb_1027_Normalized.json::test_00003,invalid,passed,False,True,correct_reject,31.5357,0.140768,0.067669,0.072849,143,54
Kubernetes---kb_1027_Normalized.json,Kubernetes---kb_1027_Normalized.json::test_00004,valid,passed,True,True,correct_accept,31.5357,0.500985,0.232946,0.267285,146,146
Kubernetes---kb_1027_Normalized.json,Kubernetes---kb_1027_Normalized.json::test_00005,invalid,passed,False,True,correct_reject,31.5357,0.188263,0.093867,0.094088,139,63
Kubernetes---kb_1027_Normalized.json,Kubernetes---kb_1027_Normalized.json::test_00006,invalid,passed,False,True,correct_reject,31.5357,0.068908,0.030583,0.038159,152,41
Kubernetes---kb_1027_Normalized.json,Kubernetes---kb_1027_Normalized.json::test_00007,invalid,passed,False,True,correct_reject,31.5357,0.000156,3.3e-05,4.9e-05,654,27
Kubernetes---kb_1028_Normalized.json,Kubernetes---kb_1028_Normalized.json::test_00000,valid,failed,False,True,over_constraint,29.9267,0.141318,0.065382,0.075706,119,54
Kubernetes---kb_1028_Normalized.json,Kubernetes---kb_1028_Normalized.json::test_00001,invalid,passed,False,True,correct_reject,29.9267,0.102592,0.050561,0.051863,145,41
Kubernetes---kb_1028_Normalized.json,Kubernetes---kb_1028_Normalized.json::test_00002,invalid,passed,False,True,correct_reject,29.9267,0.132497,0.063162,0.069124,109,54
Kubernetes---kb_1028_Normalized.json,Kubernetes---kb_1028_Normalized.json::test_00003,invalid,passed,False,True,correct_reject,29.9267,0.140762,0.065537,0.075014,150,54
Kubernetes---kb_1028_Normalized.json,Kubernetes---kb_1028_Normalized.json::test_00004,invalid,passed,False,True,correct_reject,29.9267,0.143476,0.066221,0.077047,115,54
Kubernetes---kb_1028_Normalized.json,Kubernetes---kb_1028_Normalized.json::test_00005,invalid,passed,False,True,correct_reject,29.9267,0.134306,0.063856,0.070249,116,54
Kubernetes---kb_1028_Normalized.json,Kubernetes---kb_1028_Normalized.json::test_00006,valid,passed,True,True,correct_accept,29.9267,0.346566,0.161719,0.184343,130,130
Kubernetes---kb_1028_Normalized.json,Kubernetes---kb_1028_Normalized.json::test_00007,invalid,passed,False,True,correct_reject,29.9267,0.146007,0.068985,0.076814,133,54
Kubernetes---kb_1028_Normalized.json,Kubernetes---kb_1028_Normalized.json::test_00008,invalid,passed,False,True,correct_reject,29.9267,0.134586,0.063501,0.070873,118,54
Kubernetes---kb_1029_Normalized.json,Kubernetes---kb_1029_Normalized.json::test_00000,valid,failed,False,True,over_constraint,56.5049,0.109627,0.051303,0.058125,131,62
Kubernetes---kb_1029_Normalized.json,Kubernetes---kb_1029_Normalized.json::test_00001,invalid,passed,False,True,correct_reject,56.5049,0.110794,0.0523,0.058299,135,62
Kubernetes---kb_1029_Normalized.json,Kubernetes---kb_1029_Normalized.json::test_00002,invalid,passed,False,True,correct_reject,56.5049,0.107248,0.050506,0.056553,130,62
Kubernetes---kb_1029_Normalized.json,Kubernetes---kb_1029_Normalized.json::test_00003,invalid,passed,False,True,correct_reject,56.5049,4e-05,4e-06,5e-06,38,17
Kubernetes---kb_1029_Normalized.json,Kubernetes---kb_1029_Normalized.json::test_00004,valid,passed,True,True,correct_accept,56.5049,0.618399,0.290102,0.327331,288,288
Kubernetes---kb_1029_Normalized.json,Kubernetes---kb_1029_Normalized.json::test_00005,invalid,passed,False,True,correct_reject,56.5049,0.609398,0.289425,0.319026,286,266
Kubernetes---kb_1029_Normalized.json,Kubernetes---kb_1029_Normalized.json::test_00006,invalid,passed,False,True,correct_reject,56.5049,0.293926,0.142588,0.150818,273,164
Kubernetes---kb_102_Normalized.json,Kubernetes---kb_102_Normalized.json::test_00000,valid,failed,False,True,over_constraint,28.302,0.05679,0.026539,0.03014,65,33
Kubernetes---kb_102_Normalized.json,Kubernetes---kb_102_Normalized.json::test_00001,invalid,passed,False,True,correct_reject,28.302,0.000109,3.7e-05,5.2e-05,63,6
Kubernetes---kb_102_Normalized.json,Kubernetes---kb_102_Normalized.json::test_00002,invalid,passed,False,True,correct_reject,28.302,0.056075,0.026961,0.029009,64,33
Kubernetes---kb_102_Normalized.json,Kubernetes---kb_102_Normalized.json::test_00003,invalid,passed,False,True,correct_reject,28.302,0.077096,0.036204,0.040766,70,33
Kubernetes---kb_102_Normalized.json,Kubernetes---kb_102_Normalized.json::test_00004,valid,passed,True,True,correct_accept,28.302,0.178238,0.085668,0.092295,78,78
Kubernetes---kb_1030_Normalized.json,Kubernetes---kb_1030_Normalized.json::test_00000,valid,failed,False,True,over_constraint,58.5173,0.491982,0.226068,0.265145,171,163
Kubernetes---kb_1030_Normalized.json,Kubernetes---kb_1030_Normalized.json::test_00001,invalid,passed,False,True,correct_reject,58.5173,0.348566,0.165286,0.182697,157,119
Kubernetes---kb_1030_Normalized.json,Kubernetes---kb_1030_Normalized.json::test_00002,invalid,passed,False,True,correct_reject,58.5173,0.398535,0.187951,0.209884,178,140
Kubernetes---kb_1030_Normalized.json,Kubernetes---kb_1030_Normalized.json::test_00003,invalid,passed,False,True,correct_reject,58.5173,0.662309,0.310477,0.350786,236,221
Kubernetes---kb_1030_Normalized.json,Kubernetes---kb_1030_Normalized.json::test_00004,valid,passed,True,True,correct_accept,58.5173,0.430137,0.202429,0.227008,153,153
Kubernetes---kb_1030_Normalized.json,Kubernetes---kb_1030_Normalized.json::test_00005,invalid,passed,False,True,correct_reject,58.5173,0.493108,0.232686,0.259647,204,184
Kubernetes---kb_1030_Normalized.json,Kubernetes---kb_1030_Normalized.json::test_00006,invalid,passed,False,True,correct_reject,58.5173,0.097151,0.045524,0.051437,181,58
Kubernetes---kb_1031_Normalized.json,Kubernetes---kb_1031_Normalized.json::test_00000,valid,failed,False,True,over_constraint,56.9681,0.338131,0.157268,0.180434,112,104
Kubernetes---kb_1031_Normalized.json,Kubernetes---kb_1031_Normalized.json::test_00001,invalid,passed,False,True,correct_reject,56.9681,0.20389,0.09577,0.107841,111,59
Kubernetes---kb_1031_Normalized.json,Kubernetes---kb_1031_Normalized.json::test_00002,invalid,passed,False,True,correct_reject,56.9681,0.310106,0.146237,0.163482,112,104
Kubernetes---kb_1031_Normalized.json,Kubernetes---kb_1031_Normalized.json::test_00003,invalid,passed,False,True,correct_reject,56.9681,0.210067,0.099341,0.110434,111,80
Kubernetes---kb_1031_Normalized.json,Kubernetes---kb_1031_Normalized.json::test_00004,invalid,passed,False,True,correct_reject,56.9681,0.153503,0.0722,0.081095,111,59
Kubernetes---kb_1032_Normalized.json,Kubernetes---kb_1032_Normalized.json::test_00000,valid,passed,True,True,correct_accept,1.63054,0.128256,0.060309,0.067723,76,76
Kubernetes---kb_1032_Normalized.json,Kubernetes---kb_1032_Normalized.json::test_00001,invalid,passed,False,True,correct_reject,1.63054,0.001246,0.001201,2.9e-05,75,6
Kubernetes---kb_1032_Normalized.json,Kubernetes---kb_1032_Normalized.json::test_00002,invalid,passed,False,True,correct_reject,1.63054,5e-05,1.4e-05,2.2e-05,76,6
Kubernetes---kb_1032_Normalized.json,Kubernetes---kb_1032_Normalized.json::test_00003,invalid,passed,False,True,correct_reject,1.63054,4.7e-05,1.3e-05,2.1e-05,76,6
Kubernetes---kb_1033_Normalized.json,Kubernetes---kb_1033_Normalized.json::test_00000,valid,passed,True,True,correct_accept,1.77784,0.171862,0.081127,0.090479,76,76
Kubernetes---kb_1033_Normalized.json,Kubernetes---kb_1033_Normalized.json::test_00001,invalid,passed,False,True,correct_reject,1.77784,0.00278,0.002717,4.4e-05,75,6
Kubernetes---kb_1033_Normalized.json,Kubernetes---kb_1033_Normalized.json::test_00002,valid,passed,True,True,correct_accept,1.77784,0.217682,0.104847,0.112523,79,79
Kubernetes---kb_1033_Normalized.json,Kubernetes---kb_1033_Normalized.json::test_00003,invalid,passed,False,True,correct_reject,1.77784,0.002774,0.002712,4.4e-05,78,6
Kubernetes---kb_1033_Normalized.json,Kubernetes---kb_1033_Normalized.json::test_00004,invalid,passed,False,True,correct_reject,1.77784,5.8e-05,1.6e-05,2.8e-05,380,6
Kubernetes---kb_1034_Normalized.json,Kubernetes---kb_1034_Normalized.json::test_00000,valid,passed,True,True,correct_accept,0.818604,0.088123,0.040696,0.047276,41,41
Kubernetes---kb_1034_Normalized.json,Kubernetes---kb_1034_Normalized.json::test_00001,invalid,passed,False,True,correct_reject,0.818604,0.002758,0.002655,7.6e-05,40,6
Kubernetes---kb_1034_Normalized.json,Kubernetes---kb_1034_Normalized.json::test_00002,invalid,passed,False,True,correct_reject,0.818604,0.033069,0.014693,0.018298,39,22
Kubernetes---kb_1034_Normalized.json,Kubernetes---kb_1034_Normalized.json::test_00003,invalid,passed,False,True,correct_reject,0.818604,8.1e-05,2.1e-05,4.1e-05,38,6
Kubernetes---kb_1035_Normalized.json,Kubernetes---kb_1035_Normalized.json::test_00000,valid,passed,True,True,correct_accept,0.799132,0.086794,0.040123,0.046527,42,42
Kubernetes---kb_1035_Normalized.json,Kubernetes---kb_1035_Normalized.json::test_00001,invalid,passed,False,True,correct_reject,0.799132,0.001276,0.001229,3e-05,41,6
Kubernetes---kb_1035_Normalized.json,Kubernetes---kb_1035_Normalized.json::test_00002,invalid,passed,False,True,correct_reject,0.799132,0.019485,0.009059,0.010371,40,22
Kubernetes---kb_1035_Normalized.json,Kubernetes---kb_1035_Normalized.json::test_00003,valid,passed,True,True,correct_accept,0.799132,0.087205,0.041183,0.045885,41,41
Kubernetes---kb_1035_Normalized.json,Kubernetes---kb_1035_Normalized.json::test_00004,invalid,passed,False,True,correct_reject,0.799132,0.001288,0.001241,3e-05,40,6
Kubernetes---kb_1036_Normalized.json,Kubernetes---kb_1036_Normalized.json::test_00000,valid,passed,True,True,correct_accept,0.991196,0.046476,0.017372,0.029025,15,15
Kubernetes---kb_1036_Normalized.json,Kubernetes---kb_1036_Normalized.json::test_00001,invalid,passed,False,True,correct_reject,0.991196,0.00154,0.001466,5.5e-05,15,5
Kubernetes---kb_1036_Normalized.json,Kubernetes---kb_1036_Normalized.json::test_00002,invalid,passed,False,True,correct_reject,0.991196,0.017769,0.008319,0.009388,15,14
Kubernetes---kb_1036_Normalized.json,Kubernetes---kb_1036_Normalized.json::test_00003,valid,passed,True,True,correct_accept,0.991196,0.041938,0.018502,0.023358,15,15
Kubernetes---kb_1036_Normalized.json,Kubernetes---kb_1036_Normalized.json::test_00004,invalid,passed,False,True,correct_reject,0.991196,0.00154,0.001468,5.5e-05,15,5
Kubernetes---kb_1037_Normalized.json,Kubernetes---kb_1037_Normalized.json::test_00000,valid,passed,True,True,correct_accept,0.605291,0.105387,0.049235,0.055968,32,32
Kubernetes---kb_1037_Normalized.json,Kubernetes---kb_1037_Normalized.json::test_00001,invalid,passed,False,True,correct_reject,0.605291,0.000114,3.3e-05,5.8e-05,26,6
Kubernetes---kb_1037_Normalized.json,Kubernetes---kb_1037_Normalized.json::test_00002,invalid,passed,False,True,correct_reject,0.605291,0.073247,0.034545,0.038579,30,24
Kubernetes---kb_1037_Normalized.json,Kubernetes---kb_1037_Normalized.json::test_00003,invalid,passed,False,True,correct_reject,0.605291,0.072131,0.033681,0.038338,25,21
Kubernetes---kb_1038_Normalized.json,Kubernetes---kb_1038_Normalized.json::test_00000,valid,passed,True,True,correct_accept,0.620478,0.146322,0.06776,0.078378,36,36
Kubernetes---kb_1038_Normalized.json,Kubernetes---kb_1038_Normalized.json::test_00001,invalid,passed,False,True,correct_reject,0.620478,8.7e-05,2.6e-05,4.4e-05,26,6
Kubernetes---kb_1038_Normalized.json,Kubernetes---kb_1038_Normalized.json::test_00002,invalid,passed,False,True,correct_reject,0.620478,4.1e-05,1e-05,2e-05,45,5
Kubernetes---kb_1039_Normalized.json,Kubernetes---kb_1039_Normalized.json::test_00000,valid,passed,True,True,correct_accept,0.611821,0.092672,0.043649,0.04888,32,32
Kubernetes---kb_1039_Normalized.json,Kubernetes---kb_1039_Normalized.json::test_00001,invalid,passed,False,True,correct_reject,0.611821,9.2e-05,2.6e-05,4.6e-05,26,6
Kubernetes---kb_1039_Normalized.json,Kubernetes---kb_1039_Normalized.json::test_00002,invalid,passed,False,True,correct_reject,0.611821,0.058166,0.027536,0.030533,30,24
Kubernetes---kb_103_Normalized.json,Kubernetes---kb_103_Normalized.json::test_00000,valid,passed,True,True,correct_accept,49.9401,0.17942,0.083878,0.095172,116,116
Kubernetes---kb_103_Normalized.json,Kubernetes---kb_103_Normalized.json::test_00001,invalid,passed,False,True,correct_reject,49.9401,0.106131,0.050423,0.055463,115,75
Kubernetes---kb_103_Normalized.json,Kubernetes---kb_103_Normalized.json::test_00002,invalid,passed,False,True,correct_reject,49.9401,0.113674,0.050717,0.062719,110,70
Kubernetes---kb_103_Normalized.json,Kubernetes---kb_103_Normalized.json::test_00003,invalid,passed,False,True,correct_reject,49.9401,0.021065,0.010483,0.010462,116,27
Kubernetes---kb_1040_Normalized.json,Kubernetes---kb_1040_Normalized.json::test_00000,valid,passed,True,True,correct_accept,0.594541,0.095752,0.042481,0.053131,32,32
Kubernetes---kb_1040_Normalized.json,Kubernetes---kb_1040_Normalized.json::test_00001,invalid,passed,False,True,correct_reject,0.594541,5.2e-05,1.1e-05,2.6e-05,26,6
Kubernetes---kb_1040_Normalized.json,Kubernetes---kb_1040_Normalized.json::test_00002,invalid,passed,False,True,correct_reject,0.594541,0.067666,0.030773,0.036794,30,24
Kubernetes---kb_1040_Normalized.json,Kubernetes---kb_1040_Normalized.json::test_00003,invalid,passed,False,True,correct_reject,0.594541,0.084168,0.03947,0.044572,33,32
Kubernetes---kb_1041_Normalized.json,Kubernetes---kb_1041_Normalized.json::test_00000,valid,failed,False,True,over_constraint,29.1363,0.182275,0.084521,0.097438,124,99
Kubernetes---kb_1041_Normalized.json,Kubernetes---kb_1041_Normalized.json::test_00001,invalid,passed,False,True,correct_reject,29.1363,0.189562,0.087462,0.101745,123,97
Kubernetes---kb_1041_Normalized.json,Kubernetes---kb_1041_Normalized.json::test_00002,invalid,passed,False,True,correct_reject,29.1363,0.276585,0.130397,0.145757,122,99
Kubernetes---kb_1041_Normalized.json,Kubernetes---kb_1041_Normalized.json::test_00003,invalid,passed,False,True,correct_reject,29.1363,0.256322,0.123081,0.132861,122,99
Kubernetes---kb_1041_Normalized.json,Kubernetes---kb_1041_Normalized.json::test_00004,valid,passed,True,True,correct_accept,29.1363,0.616476,0.290538,0.325113,185,185
Kubernetes---kb_1041_Normalized.json,Kubernetes---kb_1041_Normalized.json::test_00005,invalid,passed,False,True,correct_reject,29.1363,0.120439,0.05805,0.062186,188,56
Kubernetes---kb_1041_Normalized.json,Kubernetes---kb_1041_Normalized.json::test_00006,invalid,passed,False,True,correct_reject,29.1363,0.245849,0.116211,0.129322,204,67
Kubernetes---kb_1041_Normalized.json,Kubernetes---kb_1041_Normalized.json::test_00007,invalid,passed,False,True,correct_reject,29.1363,0.127741,0.060956,0.066576,184,52
Kubernetes---kb_1042_Normalized.json,Kubernetes---kb_1042_Normalized.json::test_00000,valid,passed,True,True,correct_accept,28.3092,0.383495,0.182948,0.199928,180,180
Kubernetes---kb_1042_Normalized.json,Kubernetes---kb_1042_Normalized.json::test_00001,invalid,passed,False,True,correct_reject,28.3092,0.072044,0.035641,0.036253,179,53
Kubernetes---kb_1042_Normalized.json,Kubernetes---kb_1042_Normalized.json::test_00002,invalid,passed,False,True,correct_reject,28.3092,0.105034,0.048825,0.055999,187,61
Kubernetes---kb_1042_Normalized.json,Kubernetes---kb_1042_Normalized.json::test_00003,invalid,passed,False,True,correct_reject,28.3092,0.068596,0.032365,0.036079,168,53
Kubernetes---kb_1043_Normalized.json,Kubernetes---kb_1043_Normalized.json::test_00000,valid,passed,True,True,correct_accept,29.1656,0.322175,0.147019,0.174665,125,125
Kubernetes---kb_1043_Normalized.json,Kubernetes---kb_1043_Normalized.json::test_00001,valid,passed,True,True,correct_accept,29.1656,0.303494,0.141145,0.161863,119,119
Kubernetes---kb_1043_Normalized.json,Kubernetes---kb_1043_Normalized.json::test_00002,invalid,passed,False,True,correct_reject,29.1656,0.311393,0.140528,0.170351,120,109
Kubernetes---kb_1043_Normalized.json,Kubernetes---kb_1043_Normalized.json::test_00003,invalid,passed,False,True,correct_reject,29.1656,0.126001,0.058763,0.067036,118,54
Kubernetes---kb_1044_Normalized.json,Kubernetes---kb_1044_Normalized.json::test_00000,valid,passed,True,True,correct_accept,2.64941,0.326097,0.152887,0.172756,121,121
Kubernetes---kb_1044_Normalized.json,Kubernetes---kb_1044_Normalized.json::test_00001,invalid,passed,False,True,correct_reject,2.64941,0.105862,0.048695,0.056982,128,28
Kubernetes---kb_1044_Normalized.json,Kubernetes---kb_1044_Normalized.json::test_00002,invalid,passed,False,True,correct_reject,2.64941,0.041673,0.018838,0.022765,119,13
Kubernetes---kb_1044_Normalized.json,Kubernetes---kb_1044_Normalized.json::test_00003,invalid,passed,False,True,correct_reject,2.64941,0.312257,0.147844,0.16397,120,112
Kubernetes---kb_1044_Normalized.json,Kubernetes---kb_1044_Normalized.json::test_00004,invalid,passed,False,True,correct_reject,2.64941,0.107458,0.050067,0.057256,134,28
Kubernetes---kb_1044_Normalized.json,Kubernetes---kb_1044_Normalized.json::test_00005,invalid,passed,False,True,correct_reject,2.64941,0.038468,0.017465,0.02094,120,13
Kubernetes---kb_1044_Normalized.json,Kubernetes---kb_1044_Normalized.json::test_00006,valid,passed,True,True,correct_accept,2.64941,0.343361,0.157452,0.185462,120,120
Kubernetes---kb_1044_Normalized.json,Kubernetes---kb_1044_Normalized.json::test_00007,invalid,passed,False,True,correct_reject,2.64941,0.017915,0.008621,0.00926,102,8
Kubernetes---kb_1044_Normalized.json,Kubernetes---kb_1044_Normalized.json::test_00008,invalid,passed,False,True,correct_reject,2.64941,0.09902,0.044597,0.054287,127,28
Kubernetes---kb_1044_Normalized.json,Kubernetes---kb_1044_Normalized.json::test_00009,invalid,passed,False,True,correct_reject,2.64941,0.108025,0.049385,0.058488,31,28
Kubernetes---kb_1045_Normalized.json,Kubernetes---kb_1045_Normalized.json::test_00000,valid,passed,True,True,correct_accept,2.57912,0.435556,0.188774,0.246295,121,121
Kubernetes---kb_1045_Normalized.json,Kubernetes---kb_1045_Normalized.json::test_00001,invalid,passed,False,True,correct_reject,2.57912,0.060679,0.028523,0.032071,130,17
Kubernetes---kb_1045_Normalized.json,Kubernetes---kb_1045_Normalized.json::test_00002,invalid,passed,False,True,correct_reject,2.57912,0.017933,0.007899,0.01,116,8
Kubernetes---kb_1045_Normalized.json,Kubernetes---kb_1045_Normalized.json::test_00003,invalid,passed,False,True,correct_reject,2.57912,0.185892,0.08644,0.099159,120,89
Kubernetes---kb_1045_Normalized.json,Kubernetes---kb_1045_Normalized.json::test_00004,invalid,passed,False,True,correct_reject,2.57912,0.030553,0.014185,0.016326,120,8
Kubernetes---kb_1045_Normalized.json,Kubernetes---kb_1045_Normalized.json::test_00005,invalid,passed,False,True,correct_reject,2.57912,0.028068,0.014478,0.013547,119,9
Kubernetes---kb_1045_Normalized.json,Kubernetes---kb_1045_Normalized.json::test_00006,invalid,passed,False,True,correct_reject,2.57912,0.129665,0.062014,0.067466,121,41
Kubernetes---kb_1045_Normalized.json,Kubernetes---kb_1045_Normalized.json::test_00007,valid,passed,True,True,correct_accept,2.57912,0.641758,0.298991,0.341988,133,133
Kubernetes---kb_1045_Normalized.json,Kubernetes---kb_1045_Normalized.json::test_00008,invalid,passed,False,True,correct_reject,2.57912,0.034651,0.017441,0.017159,129,8
Kubernetes---kb_1045_Normalized.json,Kubernetes---kb_1045_Normalized.json::test_00009,invalid,passed,False,True,correct_reject,2.57912,0.165149,0.075484,0.089465,147,28
Kubernetes---kb_1045_Normalized.json,Kubernetes---kb_1045_Normalized.json::test_00010,invalid,passed,False,True,correct_reject,2.57912,0.042292,0.01824,0.023982,141,13
Kubernetes---kb_1046_Normalized.json,Kubernetes---kb_1046_Normalized.json::test_00000,valid,passed,True,True,correct_accept,2.4601,0.359255,0.17,0.188757,120,120
Kubernetes---kb_1046_Normalized.json,Kubernetes---kb_1046_Normalized.json::test_00001,invalid,passed,False,True,correct_reject,2.4601,0.099461,0.046782,0.052518,127,28
Kubernetes---kb_1046_Normalized.json,Kubernetes---kb_1046_Normalized.json::test_00002,invalid,passed,False,True,correct_reject,2.4601,0.278132,0.128514,0.149124,120,108
Kubernetes---kb_1046_Normalized.json,Kubernetes---kb_1046_Normalized.json::test_00003,invalid,passed,False,True,correct_reject,2.4601,0.268152,0.125141,0.142539,119,101
Kubernetes---kb_1046_Normalized.json,Kubernetes---kb_1046_Normalized.json::test_00004,invalid,passed,False,True,correct_reject,2.4601,0.046667,0.022377,0.024206,119,13
Kubernetes---kb_1046_Normalized.json,Kubernetes---kb_1046_Normalized.json::test_00005,valid,passed,True,True,correct_accept,2.4601,0.468725,0.217516,0.250496,132,132
Kubernetes---kb_1046_Normalized.json,Kubernetes---kb_1046_Normalized.json::test_00006,invalid,passed,False,True,correct_reject,2.4601,0.129206,0.062373,0.0667,131,20
Kubernetes---kb_1046_Normalized.json,Kubernetes---kb_1046_Normalized.json::test_00007,invalid,passed,False,True,correct_reject,2.4601,0.168229,0.074523,0.093511,138,28
Kubernetes---kb_1046_Normalized.json,Kubernetes---kb_1046_Normalized.json::test_00008,invalid,passed,False,True,correct_reject,2.4601,0.083955,0.041138,0.042703,141,19
Kubernetes---kb_1047_Normalized.json,Kubernetes---kb_1047_Normalized.json::test_00000,valid,passed,True,True,correct_accept,0.629913,0.117617,0.056477,0.06096,33,33
Kubernetes---kb_1047_Normalized.json,Kubernetes---kb_1047_Normalized.json::test_00001,invalid,passed,False,True,correct_reject,0.629913,3.1e-05,8e-06,6e-06,34,4
Kubernetes---kb_1047_Normalized.json,Kubernetes---kb_1047_Normalized.json::test_00002,invalid,passed,False,True,correct_reject,0.629913,4e-05,1.1e-05,9e-06,34,5
Kubernetes---kb_1047_Normalized.json,Kubernetes---kb_1047_Normalized.json::test_00003,invalid,passed,False,True,correct_reject,0.629913,3.7e-05,9e-06,9e-06,34,5
Kubernetes---kb_1048_Normalized.json,Kubernetes---kb_1048_Normalized.json::test_00000,valid,passed,True,True,correct_accept,1.09575,0.111097,0.050447,0.060492,33,33
Kubernetes---kb_1048_Normalized.json,Kubernetes---kb_1048_Normalized.json::test_00001,invalid,passed,False,True,correct_reject,1.09575,3.5e-05,8e-06,8e-06,34,4
Kubernetes---kb_1048_Normalized.json,Kubernetes---kb_1048_Normalized.json::test_00002,valid,passed,True,True,correct_accept,1.09575,0.14348,0.06506,0.078242,33,33
Kubernetes---kb_1049_Normalized.json,Kubernetes---kb_1049_Normalized.json::test_00000,valid,passed,True,True,correct_accept,0.933434,0.099026,0.045954,0.05292,33,33
Kubernetes---kb_1049_Normalized.json,Kubernetes---kb_1049_Normalized.json::test_00001,invalid,passed,False,True,correct_reject,0.933434,2.7e-05,5e-06,6e-06,34,4
Kubernetes---kb_1049_Normalized.json,Kubernetes---kb_1049_Normalized.json::test_00002,invalid,passed,False,True,correct_reject,0.933434,4.4e-05,1.3e-05,1e-05,34,5
Kubernetes---kb_1049_Normalized.json,Kubernetes---kb_1049_Normalized.json::test_00003,valid,passed,True,True,correct_accept,0.933434,0.110112,0.050452,0.059507,33,33
Kubernetes---kb_1049_Normalized.json,Kubernetes---kb_1049_Normalized.json::test_00004,invalid,passed,False,True,correct_reject,0.933434,3.1e-05,9e-06,9e-06,34,5
Kubernetes---kb_104_Normalized.json,Kubernetes---kb_104_Normalized.json::test_00000,valid,passed,True,True,correct_accept,73.0449,1.07641,0.500129,0.57488,264,264
Kubernetes---kb_104_Normalized.json,Kubernetes---kb_104_Normalized.json::test_00001,invalid,passed,False,True,correct_reject,73.0449,0.00238,0.00229,6.9e-05,263,6
Kubernetes---kb_104_Normalized.json,Kubernetes---kb_104_Normalized.json::test_00002,invalid,passed,False,True,correct_reject,73.0449,0.000124,3.9e-05,6.5e-05,263,6
Kubernetes---kb_104_Normalized.json,Kubernetes---kb_104_Normalized.json::test_00003,invalid,passed,False,True,correct_reject,73.0449,8.7e-05,2.3e-05,4.9e-05,262,5
Kubernetes---kb_104_Normalized.json,Kubernetes---kb_104_Normalized.json::test_00004,invalid,passed,False,True,correct_reject,73.0449,0.721151,0.334143,0.386132,276,147
Kubernetes---kb_1050_Normalized.json,Kubernetes---kb_1050_Normalized.json::test_00000,valid,passed,True,True,correct_accept,4.04784,0.361044,0.167364,0.193193,102,102
Kubernetes---kb_1050_Normalized.json,Kubernetes---kb_1050_Normalized.json::test_00001,invalid,passed,False,True,correct_reject,4.04784,9.5e-05,2.1e-05,5.5e-05,103,6
Kubernetes---kb_1050_Normalized.json,Kubernetes---kb_1050_Normalized.json::test_00002,invalid,passed,False,True,correct_reject,4.04784,0.088041,0.041832,0.046062,93,38
Kubernetes---kb_1050_Normalized.json,Kubernetes---kb_1050_Normalized.json::test_00003,invalid,passed,False,True,correct_reject,4.04784,0.333836,0.15539,0.178039,87,85
Kubernetes---kb_1050_Normalized.json,Kubernetes---kb_1050_Normalized.json::test_00004,invalid,passed,False,True,correct_reject,4.04784,0.224199,0.105519,0.118388,123,68
Kubernetes---kb_1050_Normalized.json,Kubernetes---kb_1050_Normalized.json::test_00005,valid,passed,True,True,correct_accept,4.04784,0.68155,0.318559,0.362032,160,160
Kubernetes---kb_1050_Normalized.json,Kubernetes---kb_1050_Normalized.json::test_00006,invalid,passed,False,True,correct_reject,4.04784,0.000129,2.2e-05,9.1e-05,161,6
Kubernetes---kb_1051_Normalized.json,Kubernetes---kb_1051_Normalized.json::test_00000,valid,passed,True,True,correct_accept,4.99312,0.322245,0.152535,0.16917,112,112
Kubernetes---kb_1051_Normalized.json,Kubernetes---kb_1051_Normalized.json::test_00001,invalid,passed,False,True,correct_reject,4.99312,0.000113,3e-05,6.1e-05,113,6
Kubernetes---kb_1051_Normalized.json,Kubernetes---kb_1051_Normalized.json::test_00002,invalid,passed,False,True,correct_reject,4.99312,0.101244,0.046626,0.05444,106,48
Kubernetes---kb_1051_Normalized.json,Kubernetes---kb_1051_Normalized.json::test_00003,invalid,passed,False,True,correct_reject,4.99312,0.398866,0.189067,0.209258,115,113
Kubernetes---kb_1051_Normalized.json,Kubernetes---kb_1051_Normalized.json::test_00004,valid,passed,True,True,correct_accept,4.99312,0.349627,0.166423,0.182724,100,100
Kubernetes---kb_1051_Normalized.json,Kubernetes---kb_1051_Normalized.json::test_00005,invalid,passed,False,True,correct_reject,4.99312,0.183057,0.086465,0.096329,106,52
Kubernetes---kb_1052_Normalized.json,Kubernetes---kb_1052_Normalized.json::test_00000,valid,passed,True,True,correct_accept,5.09266,0.473399,0.225082,0.247708,93,93
Kubernetes---kb_1052_Normalized.json,Kubernetes---kb_1052_Normalized.json::test_00001,invalid,passed,False,True,correct_reject,5.09266,8.9e-05,1.7e-05,5.4e-05,94,6
Kubernetes---kb_1052_Normalized.json,Kubernetes---kb_1052_Normalized.json::test_00002,valid,passed,True,True,correct_accept,5.09266,0.391259,0.183827,0.206778,121,121
Kubernetes---kb_1052_Normalized.json,Kubernetes---kb_1052_Normalized.json::test_00003,invalid,passed,False,True,correct_reject,5.09266,9.6e-05,1.7e-05,6.2e-05,121,5
Kubernetes---kb_1054_Normalized.json,Kubernetes---kb_1054_Normalized.json::test_00000,valid,passed,True,True,correct_accept,0.718114,0.042321,0.018415,0.023783,35,35
Kubernetes---kb_1054_Normalized.json,Kubernetes---kb_1054_Normalized.json::test_00003,valid,passed,True,True,correct_accept,0.718114,0.043708,0.02036,0.023217,35,35
Kubernetes---kb_1054_Normalized.json,Kubernetes---kb_1054_Normalized.json::test_00004,invalid,passed,False,True,correct_reject,0.822229,0.002308,0.002276,1.2e-05,14,4
Kubernetes---kb_1054_Normalized.json,Kubernetes---kb_1054_Normalized.json::test_00001,invalid,passed,False,True,correct_reject,0.822229,0.002719,0.002695,8e-06,16,4
Kubernetes---kb_1054_Normalized.json,Kubernetes---kb_1054_Normalized.json::test_00002,invalid,passed,False,True,correct_reject,0.822229,2.8e-05,7e-06,7e-06,14,5
Kubernetes---kb_1055_Normalized.json,Kubernetes---kb_1055_Normalized.json::test_00000,valid,passed,True,True,correct_accept,0.996547,0.049861,0.021059,0.028652,35,35
Kubernetes---kb_1055_Normalized.json,Kubernetes---kb_1055_Normalized.json::test_00001,invalid,passed,False,True,correct_reject,0.996547,0.002491,0.002457,1.1e-05,14,4
Kubernetes---kb_1055_Normalized.json,Kubernetes---kb_1055_Normalized.json::test_00002,valid,passed,True,True,correct_accept,0.996547,0.048705,0.021251,0.027338,35,35
Kubernetes---kb_1056_Normalized.json,Kubernetes---kb_1056_Normalized.json::test_00000,valid,passed,True,True,correct_accept,0.601994,0.10711,0.048779,0.058156,17,17
Kubernetes---kb_1056_Normalized.json,Kubernetes---kb_1056_Normalized.json::test_00001,invalid,passed,False,True,correct_reject,0.601994,0.002759,0.002634,9.7e-05,12,5
Kubernetes---kb_1056_Normalized.json,Kubernetes---kb_1056_Normalized.json::test_00002,invalid,passed,False,True,correct_reject,0.601994,0.085799,0.039889,0.045807,17,16
Kubernetes---kb_1056_Normalized.json,Kubernetes---kb_1056_Normalized.json::test_00003,invalid,passed,False,True,correct_reject,0.601994,0.00011,2.1e-05,7.1e-05,11,4
Kubernetes---kb_1056_Normalized.json,Kubernetes---kb_1056_Normalized.json::test_00004,invalid,passed,False,True,correct_reject,0.601994,0.000164,4.6e-05,9.1e-05,10,9
Kubernetes---kb_1057_Normalized.json,Kubernetes---kb_1057_Normalized.json::test_00000,valid,passed,True,True,correct_accept,0.32589,0.066654,0.029814,0.036733,18,18
Kubernetes---kb_1057_Normalized.json,Kubernetes---kb_1057_Normalized.json::test_00001,invalid,passed,False,True,correct_reject,0.32589,0.001532,0.001444,6.9e-05,13,5
Kubernetes---kb_1057_Normalized.json,Kubernetes---kb_1057_Normalized.json::test_00002,invalid,passed,False,True,correct_reject,0.32589,0.049776,0.023497,0.026199,18,16
Kubernetes---kb_1057_Normalized.json,Kubernetes---kb_1057_Normalized.json::test_00003,invalid,passed,False,True,correct_reject,0.32589,0.000108,2.7e-05,6.1e-05,12,10
Kubernetes---kb_1057_Normalized.json,Kubernetes---kb_1057_Normalized.json::test_00004,valid,passed,True,True,correct_accept,0.32589,0.074183,0.033094,0.040983,17,17
Kubernetes---kb_1057_Normalized.json,Kubernetes---kb_1057_Normalized.json::test_00005,invalid,passed,False,True,correct_reject,0.32589,0.001691,0.001604,7e-05,12,5
Kubernetes---kb_1057_Normalized.json,Kubernetes---kb_1057_Normalized.json::test_00006,invalid,passed,False,True,correct_reject,0.32589,0.000126,4e-05,6.6e-05,13,5
Kubernetes---kb_1058_Normalized.json,Kubernetes---kb_1058_Normalized.json::test_00000,valid,passed,True,True,correct_accept,0.616788,0.174782,0.080643,0.093915,44,44
Kubernetes---kb_1058_Normalized.json,Kubernetes---kb_1058_Normalized.json::test_00001,invalid,passed,False,True,correct_reject,0.616788,0.001722,0.001666,4.1e-05,43,5
Kubernetes---kb_1058_Normalized.json,Kubernetes---kb_1058_Normalized.json::test_00002,valid,passed,True,True,correct_accept,0.616788,0.159062,0.07499,0.083849,40,40
Kubernetes---kb_1058_Normalized.json,Kubernetes---kb_1058_Normalized.json::test_00003,invalid,passed,False,True,correct_reject,0.616788,0.002638,0.002542,7.6e-05,39,5
Kubernetes---kb_1059_Normalized.json,Kubernetes---kb_1059_Normalized.json::test_00000,valid,passed,True,True,correct_accept,0.699681,0.203635,0.093056,0.110335,40,40
Kubernetes---kb_1059_Normalized.json,Kubernetes---kb_1059_Normalized.json::test_00001,invalid,passed,False,True,correct_reject,0.699681,0.003125,0.003007,9.4e-05,39,5
Kubernetes---kb_1059_Normalized.json,Kubernetes---kb_1059_Normalized.json::test_00002,valid,passed,True,True,correct_accept,0.699681,0.197925,0.086764,0.110872,44,44
Kubernetes---kb_1059_Normalized.json,Kubernetes---kb_1059_Normalized.json::test_00003,invalid,passed,False,True,correct_reject,0.699681,0.001575,0.001487,7.1e-05,43,5
Kubernetes---kb_105_Normalized.json,Kubernetes---kb_105_Normalized.json::test_00000,valid,compile_error,,True,over_constraint,0.05207,,,,,
Kubernetes---kb_105_Normalized.json,Kubernetes---kb_105_Normalized.json::test_00001,valid,compile_error,,True,over_constraint,0.05207,,,,,
Kubernetes---kb_105_Normalized.json,Kubernetes---kb_105_Normalized.json::test_00002,invalid,compile_error,,True,correct_reject,0.05207,,,,,
Kubernetes---kb_105_Normalized.json,Kubernetes---kb_105_Normalized.json::test_00003,invalid,compile_error,,True,correct_reject,0.05207,,,,,
Kubernetes---kb_105_Normalized.json,Kubernetes---kb_105_Normalized.json::test_00004,invalid,compile_error,,True,correct_reject,0.05207,,,,,
Kubernetes---kb_1060_Normalized.json,Kubernetes---kb_1060_Normalized.json::test_00000,valid,passed,True,True,correct_accept,0.386587,0.028784,0.013204,0.015509,13,13
Kubernetes---kb_1060_Normalized.json,Kubernetes---kb_1060_Normalized.json::test_00001,valid,passed,True,True,correct_accept,0.386587,0.045812,0.022209,0.023517,14,14
Kubernetes---kb_1060_Normalized.json,Kubernetes---kb_1060_Normalized.json::test_00002,invalid,passed,False,True,correct_reject,0.386587,0.000143,4.7e-05,7.8e-05,13,5
Kubernetes---kb_1060_Normalized.json,Kubernetes---kb_1060_Normalized.json::test_00003,invalid,passed,False,True,correct_reject,0.386587,0.034221,0.016036,0.018124,16,11
Kubernetes---kb_1061_Normalized.json,Kubernetes---kb_1061_Normalized.json::test_00000,valid,passed,True,True,correct_accept,0.453272,0.046599,0.021021,0.025494,14,14
Kubernetes---kb_1061_Normalized.json,Kubernetes---kb_1061_Normalized.json::test_00001,invalid,passed,False,True,correct_reject,0.453272,0.0001,2.9e-05,5.5e-05,13,5
Kubernetes---kb_1061_Normalized.json,Kubernetes---kb_1061_Normalized.json::test_00002,invalid,passed,False,True,correct_reject,0.453272,0.045577,0.021453,0.02404,23,11
Kubernetes---kb_1062_Normalized.json,Kubernetes---kb_1062_Normalized.json::test_00000,valid,passed,True,True,correct_accept,0.137778,0.117961,0.052366,0.06548,15,15
Kubernetes---kb_1062_Normalized.json,Kubernetes---kb_1062_Normalized.json::test_00001,invalid,passed,False,True,correct_reject,0.137778,0.002568,0.002553,3e-06,52,1
Kubernetes---kb_1063_Normalized.json,Kubernetes---kb_1063_Normalized.json::test_00000,valid,passed,True,True,correct_accept,0.149997,0.160252,0.0712,0.088869,15,15
Kubernetes---kb_1063_Normalized.json,Kubernetes---kb_1063_Normalized.json::test_00001,invalid,passed,False,True,correct_reject,0.149997,0.003673,0.003644,1.6e-05,52,1
Kubernetes---kb_1064_Normalized.json,Kubernetes---kb_1064_Normalized.json::test_00000,valid,passed,True,True,correct_accept,42.4182,0.5024,0.232197,0.269572,122,122
Kubernetes---kb_1064_Normalized.json,Kubernetes---kb_1064_Normalized.json::test_00001,invalid,passed,False,True,correct_reject,42.4182,0.322018,0.15377,0.167787,122,90
Kubernetes---kb_1064_Normalized.json,Kubernetes---kb_1064_Normalized.json::test_00002,invalid,passed,False,True,correct_reject,42.4182,0.442172,0.206767,0.234825,122,120
Kubernetes---kb_1064_Normalized.json,Kubernetes---kb_1064_Normalized.json::test_00003,valid,passed,True,True,correct_accept,42.4182,0.545311,0.255405,0.289183,125,125
Kubernetes---kb_1064_Normalized.json,Kubernetes---kb_1064_Normalized.json::test_00004,invalid,passed,False,True,correct_reject,42.4182,0.407183,0.193055,0.213571,96,93
Kubernetes---kb_1064_Normalized.json,Kubernetes---kb_1064_Normalized.json::test_00005,invalid,passed,False,True,correct_reject,42.4182,0.000247,5.8e-05,0.000116,104,28
Kubernetes---kb_1065_Normalized.json,Kubernetes---kb_1065_Normalized.json::test_00000,valid,passed,True,True,correct_accept,40.8301,0.627525,0.289175,0.337554,125,125
Kubernetes---kb_1065_Normalized.json,Kubernetes---kb_1065_Normalized.json::test_00001,invalid,passed,False,True,correct_reject,40.8301,0.236587,0.110518,0.125764,129,55
Kubernetes---kb_1065_Normalized.json,Kubernetes---kb_1065_Normalized.json::test_00002,invalid,passed,False,True,correct_reject,40.8301,0.363649,0.173244,0.189908,125,93
Kubernetes---kb_1065_Normalized.json,Kubernetes---kb_1065_Normalized.json::test_00003,valid,passed,True,True,correct_accept,40.8301,0.570508,0.261947,0.307909,122,122
Kubernetes---kb_1065_Normalized.json,Kubernetes---kb_1065_Normalized.json::test_00004,invalid,passed,False,True,correct_reject,40.8301,0.452354,0.214381,0.237413,122,90
Kubernetes---kb_1065_Normalized.json,Kubernetes---kb_1065_Normalized.json::test_00005,invalid,passed,False,True,correct_reject,40.8301,0.185699,0.087458,0.097994,118,46
Kubernetes---kb_1066_Normalized.json,Kubernetes---kb_1066_Normalized.json::test_00000,valid,passed,True,True,correct_accept,1.4069,0.397175,0.180211,0.216494,73,73
Kubernetes---kb_1066_Normalized.json,Kubernetes---kb_1066_Normalized.json::test_00001,invalid,passed,False,True,correct_reject,1.4069,0.06479,0.030471,0.034232,71,12
Kubernetes---kb_1066_Normalized.json,Kubernetes---kb_1066_Normalized.json::test_00002,invalid,passed,False,True,correct_reject,1.4069,0.388331,0.171844,0.216051,123,57
Kubernetes---kb_1066_Normalized.json,Kubernetes---kb_1066_Normalized.json::test_00003,invalid,passed,False,True,correct_reject,1.4069,0.105355,0.049121,0.056104,77,18
Kubernetes---kb_1067_Normalized.json,Kubernetes---kb_1067_Normalized.json::test_00000,valid,passed,True,True,correct_accept,1.53588,0.363791,0.167276,0.196031,76,76
Kubernetes---kb_1067_Normalized.json,Kubernetes---kb_1067_Normalized.json::test_00001,invalid,passed,False,True,correct_reject,1.53588,0.06911,0.03293,0.036087,72,13
Kubernetes---kb_1067_Normalized.json,Kubernetes---kb_1067_Normalized.json::test_00002,invalid,passed,False,True,correct_reject,1.53588,0.298237,0.137439,0.160419,119,60
Kubernetes---kb_1067_Normalized.json,Kubernetes---kb_1067_Normalized.json::test_00003,invalid,passed,False,True,correct_reject,1.53588,0.157967,0.074197,0.083598,78,20
Kubernetes---kb_1067_Normalized.json,Kubernetes---kb_1067_Normalized.json::test_00004,invalid,passed,False,True,correct_reject,1.53588,0.167336,0.077004,0.090156,79,21
Kubernetes---kb_1067_Normalized.json,Kubernetes---kb_1067_Normalized.json::test_00005,invalid,passed,False,True,correct_reject,1.53588,0.221885,0.102627,0.118914,133,40
Kubernetes---kb_1067_Normalized.json,Kubernetes---kb_1067_Normalized.json::test_00006,invalid,passed,False,True,correct_reject,1.53588,0.15428,0.071436,0.082688,79,21
Kubernetes---kb_1068_Normalized.json,Kubernetes---kb_1068_Normalized.json::test_00000,valid,passed,True,True,correct_accept,0.62445,1.05285,0.485927,0.565852,116,116
Kubernetes---kb_1068_Normalized.json,Kubernetes---kb_1068_Normalized.json::test_00001,invalid,passed,False,True,correct_reject,0.62445,0.15777,0.073466,0.084139,26,24
Kubernetes---kb_1068_Normalized.json,Kubernetes---kb_1068_Normalized.json::test_00002,valid,passed,True,True,correct_accept,0.62445,1.06016,0.490439,0.568658,132,132
Kubernetes---kb_1068_Normalized.json,Kubernetes---kb_1068_Normalized.json::test_00003,invalid,passed,False,True,correct_reject,0.62445,0.143263,0.066079,0.077023,26,24
Kubernetes---kb_1069_Normalized.json,Kubernetes---kb_1069_Normalized.json::test_00000,valid,passed,True,True,correct_accept,0.721016,0.97768,0.451107,0.525562,116,116
Kubernetes---kb_1069_Normalized.json,Kubernetes---kb_1069_Normalized.json::test_00001,invalid,passed,False,True,correct_reject,0.721016,0.1416,0.066262,0.075182,26,24
Kubernetes---kb_1069_Normalized.json,Kubernetes---kb_1069_Normalized.json::test_00002,valid,passed,True,True,correct_accept,0.623467,1.06248,0.489217,0.572179,116,116
Kubernetes---kb_1069_Normalized.json,Kubernetes---kb_1069_Normalized.json::test_00003,invalid,passed,False,True,correct_reject,0.623467,0.128504,0.059792,0.068511,25,24
Kubernetes---kb_106_Normalized.json,Kubernetes---kb_106_Normalized.json::test_00000,valid,compile_error,,True,over_constraint,0.05071,,,,,
Kubernetes---kb_106_Normalized.json,Kubernetes---kb_106_Normalized.json::test_00001,valid,compile_error,,True,over_constraint,0.05071,,,,,
Kubernetes---kb_106_Normalized.json,Kubernetes---kb_106_Normalized.json::test_00002,invalid,compile_error,,True,correct_reject,0.05071,,,,,
Kubernetes---kb_106_Normalized.json,Kubernetes---kb_106_Normalized.json::test_00003,invalid,compile_error,,True,correct_reject,0.05071,,,,,
Kubernetes---kb_1070_Normalized.json,Kubernetes---kb_1070_Normalized.json::test_00000,valid,failed,False,True,over_constraint,46.5096,1.18433,0.544704,0.638225,213,153
Kubernetes---kb_1070_Normalized.json,Kubernetes---kb_1070_Normalized.json::test_00001,invalid,passed,False,True,correct_reject,46.5096,1.29918,0.605594,0.692191,216,153
Kubernetes---kb_1070_Normalized.json,Kubernetes---kb_1070_Normalized.json::test_00002,invalid,passed,False,True,correct_reject,46.5096,1.32216,0.619178,0.701604,206,153
Kubernetes---kb_1070_Normalized.json,Kubernetes---kb_1070_Normalized.json::test_00003,invalid,passed,False,True,correct_reject,46.5096,1.05204,0.486707,0.564319,205,153
Kubernetes---kb_1070_Normalized.json,Kubernetes---kb_1070_Normalized.json::test_00004,valid,passed,True,True,correct_accept,46.5096,0.486976,0.234382,0.251948,115,115
Kubernetes---kb_1070_Normalized.json,Kubernetes---kb_1070_Normalized.json::test_00005,invalid,passed,False,True,correct_reject,46.5096,0.161678,0.078667,0.082743,116,64
Kubernetes---kb_1070_Normalized.json,Kubernetes---kb_1070_Normalized.json::test_00006,invalid,passed,False,True,correct_reject,46.5096,0.06973,0.032301,0.037261,137,39
Kubernetes---kb_1071_Normalized.json,Kubernetes---kb_1071_Normalized.json::test_00000,valid,failed,False,True,over_constraint,41.1845,1.05984,0.4932,0.56541,283,155
Kubernetes---kb_1071_Normalized.json,Kubernetes---kb_1071_Normalized.json::test_00001,invalid,passed,False,True,correct_reject,41.1845,1.07624,0.503733,0.571268,289,194
Kubernetes---kb_1071_Normalized.json,Kubernetes---kb_1071_Normalized.json::test_00002,invalid,passed,False,True,correct_reject,41.1845,0.888794,0.415487,0.472281,287,155
Kubernetes---kb_1071_Normalized.json,Kubernetes---kb_1071_Normalized.json::test_00003,invalid,passed,False,True,correct_reject,41.1845,0.065567,0.034769,0.03063,177,47
Kubernetes---kb_1071_Normalized.json,Kubernetes---kb_1071_Normalized.json::test_00004,invalid,passed,False,True,correct_reject,41.1845,0.919828,0.427093,0.491733,285,155
Kubernetes---kb_1071_Normalized.json,Kubernetes---kb_1071_Normalized.json::test_00005,invalid,passed,False,True,correct_reject,41.1845,0.96808,0.449866,0.517098,275,155
Kubernetes---kb_1071_Normalized.json,Kubernetes---kb_1071_Normalized.json::test_00006,valid,passed,True,True,correct_accept,41.1845,1.3636,0.638667,0.723365,204,204
Kubernetes---kb_1071_Normalized.json,Kubernetes---kb_1071_Normalized.json::test_00007,invalid,passed,False,True,correct_reject,41.1845,0.872963,0.401035,0.471051,207,139
Kubernetes---kb_1071_Normalized.json,Kubernetes---kb_1071_Normalized.json::test_00008,invalid,passed,False,True,correct_reject,41.1845,0.784053,0.3639,0.419239,202,139
Kubernetes---kb_1072_Normalized.json,Kubernetes---kb_1072_Normalized.json::test_00000,valid,failed,False,True,over_constraint,39.4191,0.240654,0.111975,0.128395,108,49
Kubernetes---kb_1072_Normalized.json,Kubernetes---kb_1072_Normalized.json::test_00001,invalid,passed,False,True,correct_reject,39.4191,0.341223,0.160127,0.180665,116,77
Kubernetes---kb_1072_Normalized.json,Kubernetes---kb_1072_Normalized.json::test_00002,invalid,passed,False,True,correct_reject,39.4191,0.210125,0.098855,0.110987,110,49
Kubernetes---kb_1072_Normalized.json,Kubernetes---kb_1072_Normalized.json::test_00003,invalid,passed,False,True,correct_reject,39.4191,0.123685,0.059816,0.063652,106,47
Kubernetes---kb_1072_Normalized.json,Kubernetes---kb_1072_Normalized.json::test_00004,invalid,passed,False,True,correct_reject,39.4191,0.133573,0.06456,0.068803,107,47
Kubernetes---kb_1072_Normalized.json,Kubernetes---kb_1072_Normalized.json::test_00005,invalid,passed,False,True,correct_reject,39.4191,0.144433,0.069094,0.075143,166,47
Kubernetes---kb_1072_Normalized.json,Kubernetes---kb_1072_Normalized.json::test_00006,valid,passed,True,True,correct_accept,39.4191,1.40395,0.668008,0.734467,217,217
Kubernetes---kb_1072_Normalized.json,Kubernetes---kb_1072_Normalized.json::test_00007,invalid,passed,False,True,correct_reject,39.4191,0.178795,0.087834,0.090704,225,48
Kubernetes---kb_1072_Normalized.json,Kubernetes---kb_1072_Normalized.json::test_00008,invalid,passed,False,True,correct_reject,39.4191,1.55322,0.728292,0.82339,224,195
Kubernetes---kb_1072_Normalized.json,Kubernetes---kb_1072_Normalized.json::test_00009,invalid,passed,False,True,correct_reject,39.4191,1.18774,0.55884,0.627554,217,204
Kubernetes---kb_1073_Normalized.json,Kubernetes---kb_1073_Normalized.json::test_00000,valid,passed,True,True,correct_accept,0.805855,1.06655,0.492337,0.573164,121,121
Kubernetes---kb_1073_Normalized.json,Kubernetes---kb_1073_Normalized.json::test_00001,invalid,passed,False,True,correct_reject,0.805855,0.067681,0.0321,0.035473,125,15
Kubernetes---kb_1073_Normalized.json,Kubernetes---kb_1073_Normalized.json::test_00002,invalid,passed,False,True,correct_reject,0.805855,0.085905,0.039358,0.046443,114,15
Kubernetes---kb_1073_Normalized.json,Kubernetes---kb_1073_Normalized.json::test_00003,invalid,passed,False,True,correct_reject,0.805855,0.129702,0.060792,0.068805,113,15
Kubernetes---kb_1073_Normalized.json,Kubernetes---kb_1073_Normalized.json::test_00004,valid,passed,True,True,correct_accept,0.805855,1.14357,0.530497,0.611867,130,130
Kubernetes---kb_1073_Normalized.json,Kubernetes---kb_1073_Normalized.json::test_00005,invalid,passed,False,True,correct_reject,0.805855,0.07427,0.03579,0.038387,127,13
Kubernetes---kb_1073_Normalized.json,Kubernetes---kb_1073_Normalized.json::test_00006,invalid,passed,False,True,correct_reject,0.805855,0.057108,0.02578,0.03124,133,13
Kubernetes---kb_1074_Normalized.json,Kubernetes---kb_1074_Normalized.json::test_00000,valid,passed,True,True,correct_accept,0.605708,1.17917,0.557852,0.62008,134,134
Kubernetes---kb_1074_Normalized.json,Kubernetes---kb_1074_Normalized.json::test_00001,invalid,passed,False,True,correct_reject,0.605708,0.086586,0.041665,0.044811,129,14
Kubernetes---kb_1074_Normalized.json,Kubernetes---kb_1074_Normalized.json::test_00002,invalid,passed,False,True,correct_reject,0.605708,0.086658,0.040293,0.04626,128,14
Kubernetes---kb_1074_Normalized.json,Kubernetes---kb_1074_Normalized.json::test_00003,valid,passed,True,True,correct_accept,0.605708,1.16831,0.554839,0.612226,137,137
Kubernetes---kb_1074_Normalized.json,Kubernetes---kb_1074_Normalized.json::test_00004,invalid,passed,False,True,correct_reject,0.605708,0.002743,0.002699,1.7e-05,121,6
Kubernetes---kb_1074_Normalized.json,Kubernetes---kb_1074_Normalized.json::test_00005,invalid,passed,False,True,correct_reject,0.605708,3.4e-05,1e-05,8e-06,126,5
Kubernetes---kb_1075_Normalized.json,Kubernetes---kb_1075_Normalized.json::test_00000,valid,passed,True,True,correct_accept,0.534576,0.890226,0.409613,0.479655,137,137
Kubernetes---kb_1075_Normalized.json,Kubernetes---kb_1075_Normalized.json::test_00001,invalid,passed,False,True,correct_reject,0.534576,0.065919,0.032281,0.03354,140,15
Kubernetes---kb_1075_Normalized.json,Kubernetes---kb_1075_Normalized.json::test_00002,invalid,passed,False,True,correct_reject,0.534576,0.080832,0.037326,0.043408,130,15
Kubernetes---kb_1075_Normalized.json,Kubernetes---kb_1075_Normalized.json::test_00003,invalid,passed,False,True,correct_reject,0.534576,3.2e-05,1e-05,6e-06,120,6
Kubernetes---kb_1075_Normalized.json,Kubernetes---kb_1075_Normalized.json::test_00004,valid,passed,True,True,correct_accept,0.534576,0.853727,0.392734,0.460072,121,121
Kubernetes---kb_1075_Normalized.json,Kubernetes---kb_1075_Normalized.json::test_00005,invalid,passed,False,True,correct_reject,0.534576,0.00204,0.002009,1.2e-05,106,5
Kubernetes---kb_1075_Normalized.json,Kubernetes---kb_1075_Normalized.json::test_00006,invalid,passed,False,True,correct_reject,0.534576,0.067165,0.030335,0.036745,114,15
Kubernetes---kb_1076_Normalized.json,Kubernetes---kb_1076_Normalized.json::test_00000,valid,passed,True,True,correct_accept,1.98908,0.468257,0.219461,0.248312,88,88
Kubernetes---kb_1076_Normalized.json,Kubernetes---kb_1076_Normalized.json::test_00001,invalid,passed,False,True,correct_reject,1.98908,0.293172,0.135087,0.157733,95,64
Kubernetes---kb_1076_Normalized.json,Kubernetes---kb_1076_Normalized.json::test_00002,invalid,passed,False,True,correct_reject,1.98908,0.161418,0.076771,0.08439,92,21
Kubernetes---kb_1076_Normalized.json,Kubernetes---kb_1076_Normalized.json::test_00003,invalid,passed,False,True,correct_reject,1.98908,0.208715,0.097556,0.110887,87,45
Kubernetes---kb_1076_Normalized.json,Kubernetes---kb_1076_Normalized.json::test_00004,invalid,passed,False,True,correct_reject,1.98908,0.393416,0.1818,0.211159,95,64
Kubernetes---kb_1076_Normalized.json,Kubernetes---kb_1076_Normalized.json::test_00005,invalid,passed,False,True,correct_reject,1.98908,0.068678,0.031188,0.037402,79,13
Kubernetes---kb_1076_Normalized.json,Kubernetes---kb_1076_Normalized.json::test_00006,valid,passed,True,True,correct_accept,1.98908,0.505104,0.236938,0.267603,75,75
Kubernetes---kb_1076_Normalized.json,Kubernetes---kb_1076_Normalized.json::test_00007,invalid,passed,False,True,correct_reject,1.98908,0.069068,0.033323,0.035663,69,12
Kubernetes---kb_1076_Normalized.json,Kubernetes---kb_1076_Normalized.json::test_00008,invalid,passed,False,True,correct_reject,1.98908,0.160994,0.073797,0.086994,84,35
Kubernetes---kb_1076_Normalized.json,Kubernetes---kb_1076_Normalized.json::test_00009,invalid,passed,False,True,correct_reject,1.98908,0.085339,0.040665,0.04456,61,13
Kubernetes---kb_1077_Normalized.json,Kubernetes---kb_1077_Normalized.json::test_00000,valid,passed,True,True,correct_accept,2.60208,0.517451,0.235809,0.280998,89,89
Kubernetes---kb_1077_Normalized.json,Kubernetes---kb_1077_Normalized.json::test_00001,invalid,passed,False,True,correct_reject,2.60208,0.390519,0.177643,0.212415,100,67
Kubernetes---kb_1077_Normalized.json,Kubernetes---kb_1077_Normalized.json::test_00002,invalid,passed,False,True,correct_reject,2.60208,0.11868,0.054429,0.064033,93,21
Kubernetes---kb_1077_Normalized.json,Kubernetes---kb_1077_Normalized.json::test_00003,invalid,passed,False,True,correct_reject,2.60208,0.419256,0.192713,0.226055,89,79
Kubernetes---kb_1077_Normalized.json,Kubernetes---kb_1077_Normalized.json::test_00004,invalid,passed,False,True,correct_reject,2.60208,0.200536,0.089312,0.11098,86,44
Kubernetes---kb_1077_Normalized.json,Kubernetes---kb_1077_Normalized.json::test_00005,valid,passed,True,True,correct_accept,2.60208,0.613121,0.28511,0.327332,100,100
Kubernetes---kb_1077_Normalized.json,Kubernetes---kb_1077_Normalized.json::test_00006,invalid,passed,False,True,correct_reject,2.60208,0.143042,0.066687,0.076199,103,21
Kubernetes---kb_1077_Normalized.json,Kubernetes---kb_1077_Normalized.json::test_00007,invalid,passed,False,True,correct_reject,2.60208,0.404863,0.18508,0.219192,109,60
Kubernetes---kb_1077_Normalized.json,Kubernetes---kb_1077_Normalized.json::test_00008,invalid,passed,False,True,correct_reject,2.60208,0.132459,0.059875,0.072431,106,21
Kubernetes---kb_1078_Normalized.json,Kubernetes---kb_1078_Normalized.json::test_00000,valid,passed,True,True,correct_accept,2.64548,0.535037,0.247437,0.286976,88,88
Kubernetes---kb_1078_Normalized.json,Kubernetes---kb_1078_Normalized.json::test_00001,invalid,passed,False,True,correct_reject,2.64548,0.348049,0.158964,0.188607,95,64
Kubernetes---kb_1078_Normalized.json,Kubernetes---kb_1078_Normalized.json::test_00002,invalid,passed,False,True,correct_reject,2.64548,0.133378,0.061107,0.072021,92,21
Kubernetes---kb_1078_Normalized.json,Kubernetes---kb_1078_Normalized.json::test_00003,invalid,running_validation,,False,no_decision,2.64548,,,,87,
Kubernetes---kb_1078_Normalized.json,Kubernetes---kb_1078_Normalized.json::test_00004,invalid,passed,False,True,correct_reject,2.64548,0.395609,0.180551,0.21457,103,64
Kubernetes---kb_1078_Normalized.json,Kubernetes---kb_1078_Normalized.json::test_00005,valid,passed,True,True,correct_accept,2.64548,0.53351,0.246342,0.286508,80,80
Kubernetes---kb_1078_Normalized.json,Kubernetes---kb_1078_Normalized.json::test_00006,invalid,passed,False,True,correct_reject,2.64548,0.16804,0.081203,0.086648,84,21
Kubernetes---kb_1078_Normalized.json,Kubernetes---kb_1078_Normalized.json::test_00007,invalid,passed,False,True,correct_reject,2.64548,0.362149,0.162609,0.199061,86,56
Kubernetes---kb_1078_Normalized.json,Kubernetes---kb_1078_Normalized.json::test_00008,invalid,passed,False,True,correct_reject,2.64548,0.00012,1.8e-05,8.3e-05,72,6
Kubernetes---kb_1079_Normalized.json,Kubernetes---kb_1079_Normalized.json::test_00000,valid,passed,True,True,correct_accept,1.22901,0.209422,0.096709,0.112435,40,40
Kubernetes---kb_1079_Normalized.json,Kubernetes---kb_1079_Normalized.json::test_00001,invalid,passed,False,True,correct_reject,1.22901,0.003362,0.00321,0.000125,39,5
Kubernetes---kb_1079_Normalized.json,Kubernetes---kb_1079_Normalized.json::test_00002,invalid,passed,False,True,correct_reject,1.22901,0.1677,0.076985,0.090483,40,39
Kubernetes---kb_1079_Normalized.json,Kubernetes---kb_1079_Normalized.json::test_00003,invalid,passed,False,True,correct_reject,1.22901,0.146705,0.069039,0.077454,39,38
Kubernetes---kb_1079_Normalized.json,Kubernetes---kb_1079_Normalized.json::test_00004,invalid,passed,False,True,correct_reject,1.22901,0.151406,0.071937,0.079249,41,33
Kubernetes---kb_107_Normalized.json,Kubernetes---kb_107_Normalized.json::test_00000,valid,passed,True,True,correct_accept,0.598604,0.060026,0.027002,0.032926,13,13
Kubernetes---kb_107_Normalized.json,Kubernetes---kb_107_Normalized.json::test_00001,invalid,passed,False,True,correct_reject,0.598604,0.000155,3.6e-05,9.6e-05,11,5
Kubernetes---kb_1080_Normalized.json,Kubernetes---kb_1080_Normalized.json::test_00000,valid,passed,True,True,correct_accept,0.937583,0.179634,0.081183,0.098213,40,40
Kubernetes---kb_1080_Normalized.json,Kubernetes---kb_1080_Normalized.json::test_00001,invalid,passed,False,True,correct_reject,0.937583,0.166496,0.078722,0.087559,42,34
Kubernetes---kb_1080_Normalized.json,Kubernetes---kb_1080_Normalized.json::test_00002,invalid,passed,False,True,correct_reject,1.33393,0.000184,3.5e-05,0.000115,39,5
Kubernetes---kb_1080_Normalized.json,Kubernetes---kb_1080_Normalized.json::test_00003,invalid,passed,False,True,correct_reject,1.33393,0.189871,0.086691,0.1029,40,31
Kubernetes---kb_1080_Normalized.json,Kubernetes---kb_1080_Normalized.json::test_00004,invalid,passed,False,True,correct_reject,1.33393,0.176232,0.080061,0.09586,39,38
Kubernetes---kb_1080_Normalized.json,Kubernetes---kb_1080_Normalized.json::test_00005,valid,passed,True,True,correct_accept,1.33393,0.189127,0.086801,0.10207,39,39
Kubernetes---kb_1080_Normalized.json,Kubernetes---kb_1080_Normalized.json::test_00006,invalid,passed,False,True,correct_reject,1.33393,0.143903,0.066672,0.077021,39,31
Kubernetes---kb_1081_Normalized.json,Kubernetes---kb_1081_Normalized.json::test_00000,valid,compiled,,False,no_decision,0.721891,,,,,
Kubernetes---kb_1081_Normalized.json,Kubernetes---kb_1081_Normalized.json::test_00001,invalid,passed,False,True,correct_reject,0.721891,0.002581,0.002428,0.000123,15,5
Kubernetes---kb_1081_Normalized.json,Kubernetes---kb_1081_Normalized.json::test_00002,invalid,passed,False,True,correct_reject,0.721891,0.029847,0.013543,0.016241,16,12
Kubernetes---kb_1081_Normalized.json,Kubernetes---kb_1081_Normalized.json::test_00003,invalid,passed,False,True,correct_reject,0.721891,0.072565,0.031902,0.040555,16,15
Kubernetes---kb_1081_Normalized.json,Kubernetes---kb_1081_Normalized.json::test_00004,invalid,passed,False,True,correct_reject,0.721891,0.045746,0.021111,0.024562,12,11
Kubernetes---kb_1082_Normalized.json,Kubernetes---kb_1082_Normalized.json::test_00000,valid,passed,True,True,correct_accept,0.506213,0.068593,0.030842,0.037622,16,16
Kubernetes---kb_1082_Normalized.json,Kubernetes---kb_1082_Normalized.json::test_00001,invalid,passed,False,True,correct_reject,0.506213,0.001764,0.001634,0.000104,15,5
Kubernetes---kb_1082_Normalized.json,Kubernetes---kb_1082_Normalized.json::test_00002,invalid,passed,False,True,correct_reject,0.506213,0.048928,0.022716,0.026116,16,15
Kubernetes---kb_1082_Normalized.json,Kubernetes---kb_1082_Normalized.json::test_00003,invalid,passed,False,True,correct_reject,0.506213,0.02949,0.013634,0.015791,13,12
Kubernetes---kb_1082_Normalized.json,Kubernetes---kb_1082_Normalized.json::test_00004,invalid,passed,False,True,correct_reject,0.506213,0.04731,0.020571,0.026666,16,12
Kubernetes---kb_1083_Normalized.json,Kubernetes---kb_1083_Normalized.json::test_00000,valid,passed,True,True,correct_accept,0.982583,0.259972,0.121465,0.138194,57,57
Kubernetes---kb_1083_Normalized.json,Kubernetes---kb_1083_Normalized.json::test_00001,invalid,passed,False,True,correct_reject,0.982583,3.7e-05,9e-06,7e-06,8,6
Kubernetes---kb_1083_Normalized.json,Kubernetes---kb_1083_Normalized.json::test_00002,invalid,passed,False,True,correct_reject,1.01432,0.107626,0.048857,0.058601,52,29
Kubernetes---kb_1083_Normalized.json,Kubernetes---kb_1083_Normalized.json::test_00003,valid,passed,True,True,correct_accept,1.01432,0.266413,0.124279,0.141772,57,57
Kubernetes---kb_1083_Normalized.json,Kubernetes---kb_1083_Normalized.json::test_00004,invalid,passed,False,True,correct_reject,1.01432,2.5e-05,5e-06,5e-06,10,6
Kubernetes---kb_1083_Normalized.json,Kubernetes---kb_1083_Normalized.json::test_00005,invalid,passed,False,True,correct_reject,1.01432,0.067415,0.030465,0.036848,54,23
Kubernetes---kb_1084_Normalized.json,Kubernetes---kb_1084_Normalized.json::test_00000,valid,passed,True,True,correct_accept,1.05659,0.23297,0.109578,0.123034,51,51
Kubernetes---kb_1084_Normalized.json,Kubernetes---kb_1084_Normalized.json::test_00001,invalid,passed,False,True,correct_reject,1.05659,5e-05,1.3e-05,1e-05,8,6
Kubernetes---kb_1084_Normalized.json,Kubernetes---kb_1084_Normalized.json::test_00002,invalid,passed,False,True,correct_reject,1.05659,0.197535,0.092069,0.105188,50,44
Kubernetes---kb_1084_Normalized.json,Kubernetes---kb_1084_Normalized.json::test_00003,invalid,passed,False,True,correct_reject,1.05659,0.082527,0.039578,0.042808,49,24
Kubernetes---kb_1084_Normalized.json,Kubernetes---kb_1084_Normalized.json::test_00004,valid,passed,True,True,correct_accept,1.05659,0.284867,0.136069,0.148412,57,57
Kubernetes---kb_1084_Normalized.json,Kubernetes---kb_1084_Normalized.json::test_00005,invalid,passed,False,True,correct_reject,1.05659,0.180563,0.086176,0.09411,53,44
Kubernetes---kb_1085_Normalized.json,Kubernetes---kb_1085_Normalized.json::test_00000,valid,passed,True,True,correct_accept,2.53661,0.190329,0.085078,0.104907,70,70
Kubernetes---kb_1085_Normalized.json,Kubernetes---kb_1085_Normalized.json::test_00001,invalid,passed,False,True,correct_reject,2.53661,0.108712,0.051116,0.057377,75,42
Kubernetes---kb_1085_Normalized.json,Kubernetes---kb_1085_Normalized.json::test_00002,invalid,passed,False,True,correct_reject,2.53661,0.099816,0.046019,0.053562,70,44
Kubernetes---kb_1085_Normalized.json,Kubernetes---kb_1085_Normalized.json::test_00003,invalid,passed,False,True,correct_reject,2.53661,0.095431,0.044585,0.050641,70,44
Kubernetes---kb_1085_Normalized.json,Kubernetes---kb_1085_Normalized.json::test_00004,valid,passed,True,True,correct_accept,2.53661,0.196905,0.090904,0.105613,73,73
Kubernetes---kb_1085_Normalized.json,Kubernetes---kb_1085_Normalized.json::test_00005,invalid,passed,False,True,correct_reject,2.64908,0.119293,0.057086,0.061987,73,47
Kubernetes---kb_1086_Normalized.json,Kubernetes---kb_1086_Normalized.json::test_00000,valid,passed,True,True,correct_accept,2.58784,0.180726,0.081707,0.098675,70,70
Kubernetes---kb_1086_Normalized.json,Kubernetes---kb_1086_Normalized.json::test_00001,invalid,passed,False,True,correct_reject,2.58784,0.113962,0.053724,0.060016,76,43
Kubernetes---kb_1086_Normalized.json,Kubernetes---kb_1086_Normalized.json::test_00002,invalid,passed,False,True,correct_reject,2.64518,0.095518,0.04413,0.051192,70,44
Kubernetes---kb_1086_Normalized.json,Kubernetes---kb_1086_Normalized.json::test_00003,invalid,passed,False,True,correct_reject,2.64518,0.093944,0.043996,0.049765,70,44
Kubernetes---kb_1086_Normalized.json,Kubernetes---kb_1086_Normalized.json::test_00004,invalid,passed,False,True,correct_reject,2.64518,0.094229,0.044232,0.049808,70,44
Kubernetes---kb_1086_Normalized.json,Kubernetes---kb_1086_Normalized.json::test_00005,invalid,passed,False,True,correct_reject,2.64518,0.116658,0.052875,0.06357,75,42
Kubernetes---kb_1086_Normalized.json,Kubernetes---kb_1086_Normalized.json::test_00006,valid,passed,True,True,correct_accept,2.64518,0.240261,0.110804,0.12904,90,90
Kubernetes---kb_1086_Normalized.json,Kubernetes---kb_1086_Normalized.json::test_00007,invalid,passed,False,True,correct_reject,2.64518,0.079698,0.037666,0.041855,66,38
Kubernetes---kb_1087_Normalized.json,Kubernetes---kb_1087_Normalized.json::test_00000,valid,passed,True,True,correct_accept,0.672405,0.081916,0.038614,0.043162,21,21
Kubernetes---kb_1087_Normalized.json,Kubernetes---kb_1087_Normalized.json::test_00001,invalid,passed,False,True,correct_reject,0.672405,0.002332,0.002198,0.000107,21,6
Kubernetes---kb_1087_Normalized.json,Kubernetes---kb_1087_Normalized.json::test_00002,invalid,passed,False,True,correct_reject,0.68199,0.045159,0.019478,0.02559,19,18
Kubernetes---kb_1087_Normalized.json,Kubernetes---kb_1087_Normalized.json::test_00003,invalid,passed,False,True,correct_reject,0.672405,0.000149,4.1e-05,8.6e-05,20,5
Kubernetes---kb_1088_Normalized.json,Kubernetes---kb_1088_Normalized.json::test_00000,valid,passed,True,True,correct_accept,0.550056,0.078728,0.035442,0.043145,21,21
Kubernetes---kb_1088_Normalized.json,Kubernetes---kb_1088_Normalized.json::test_00001,invalid,passed,False,True,correct_reject,0.550056,0.001778,0.001647,0.000104,21,6
Kubernetes---kb_1088_Normalized.json,Kubernetes---kb_1088_Normalized.json::test_00002,invalid,passed,False,True,correct_reject,0.550056,0.038921,0.017335,0.021493,19,18
Kubernetes---kb_1088_Normalized.json,Kubernetes---kb_1088_Normalized.json::test_00003,invalid,passed,False,True,correct_reject,0.550056,0.019919,0.009171,0.010691,21,12
Kubernetes---kb_1089_Normalized.json,Kubernetes---kb_1089_Normalized.json::test_00000,valid,passed,True,True,correct_accept,1.33741,0.220962,0.100539,0.120132,53,53
Kubernetes---kb_1089_Normalized.json,Kubernetes---kb_1089_Normalized.json::test_00001,invalid,passed,False,True,correct_reject,1.33741,0.115378,0.0533,0.061912,61,28
Kubernetes---kb_1089_Normalized.json,Kubernetes---kb_1089_Normalized.json::test_00002,invalid,passed,False,True,correct_reject,1.33741,0.070913,0.031937,0.038752,54,13
Kubernetes---kb_1089_Normalized.json,Kubernetes---kb_1089_Normalized.json::test_00003,invalid,passed,False,True,correct_reject,1.33741,0.053733,0.024748,0.028912,53,12
Kubernetes---kb_1089_Normalized.json,Kubernetes---kb_1089_Normalized.json::test_00004,invalid,passed,False,True,correct_reject,1.33741,0.132098,0.059743,0.072173,60,30
Kubernetes---kb_1089_Normalized.json,Kubernetes---kb_1089_Normalized.json::test_00005,invalid,passed,False,True,correct_reject,1.33741,0.047773,0.022266,0.025437,55,13
Kubernetes---kb_1089_Normalized.json,Kubernetes---kb_1089_Normalized.json::test_00006,valid,passed,True,True,correct_accept,1.33741,0.239022,0.109303,0.129417,54,54
Kubernetes---kb_1089_Normalized.json,Kubernetes---kb_1089_Normalized.json::test_00007,invalid,passed,False,True,correct_reject,1.33741,0.031906,0.015551,0.016199,40,7
Kubernetes---kb_1089_Normalized.json,Kubernetes---kb_1089_Normalized.json::test_00008,invalid,passed,False,True,correct_reject,1.33741,0.151947,0.068749,0.083024,60,30
Kubernetes---kb_1089_Normalized.json,Kubernetes---kb_1089_Normalized.json::test_00009,invalid,passed,False,True,correct_reject,1.33741,0.068949,0.031623,0.037228,60,15
Kubernetes---kb_108_Normalized.json,Kubernetes---kb_108_Normalized.json::test_00000,valid,passed,True,True,correct_accept,0.360813,0.04309,0.018948,0.02407,13,13
Kubernetes---kb_108_Normalized.json,Kubernetes---kb_108_Normalized.json::test_00001,invalid,passed,False,True,correct_reject,0.360813,0.000161,3.6e-05,0.000101,11,5
Kubernetes---kb_1090_Normalized.json,Kubernetes---kb_1090_Normalized.json::test_00000,valid,passed,True,True,correct_accept,1.5766,0.253947,0.11361,0.139919,55,55
Kubernetes---kb_1090_Normalized.json,Kubernetes---kb_1090_Normalized.json::test_00001,invalid,passed,False,True,correct_reject,1.52785,0.170563,0.075521,0.094785,63,30
Kubernetes---kb_1090_Normalized.json,Kubernetes---kb_1090_Normalized.json::test_00002,invalid,passed,False,True,correct_reject,1.52785,0.057206,0.026826,0.030286,56,13
Kubernetes---kb_1090_Normalized.json,Kubernetes---kb_1090_Normalized.json::test_00003,invalid,passed,False,True,correct_reject,1.52785,0.069585,0.031485,0.03799,58,13
Kubernetes---kb_1090_Normalized.json,Kubernetes---kb_1090_Normalized.json::test_00004,invalid,passed,False,True,correct_reject,1.52785,0.152932,0.069893,0.082798,62,32
Kubernetes---kb_1090_Normalized.json,Kubernetes---kb_1090_Normalized.json::test_00005,invalid,passed,False,True,correct_reject,1.52785,0.054404,0.025109,0.029208,55,13
Kubernetes---kb_1090_Normalized.json,Kubernetes---kb_1090_Normalized.json::test_00006,valid,passed,True,True,correct_accept,1.52785,0.250833,0.114171,0.136309,54,54
Kubernetes---kb_1090_Normalized.json,Kubernetes---kb_1090_Normalized.json::test_00007,invalid,passed,False,True,correct_reject,1.52785,0.054085,0.026621,0.027361,57,13
Kubernetes---kb_1090_Normalized.json,Kubernetes---kb_1090_Normalized.json::test_00008,invalid,passed,False,True,correct_reject,1.52785,0.122787,0.055068,0.067532,55,24
Kubernetes---kb_1091_Normalized.json,Kubernetes---kb_1091_Normalized.json::test_00000,valid,passed,True,True,correct_accept,1.51793,0.25545,0.115604,0.139474,50,50
Kubernetes---kb_1091_Normalized.json,Kubernetes---kb_1091_Normalized.json::test_00001,invalid,passed,False,True,correct_reject,1.51793,0.176269,0.081088,0.094929,66,26
Kubernetes---kb_1091_Normalized.json,Kubernetes---kb_1091_Normalized.json::test_00002,invalid,passed,False,True,correct_reject,1.51793,0.054392,0.024947,0.02926,54,13
Kubernetes---kb_1091_Normalized.json,Kubernetes---kb_1091_Normalized.json::test_00003,invalid,passed,False,True,correct_reject,1.51793,0.07866,0.03573,0.042806,49,15
Kubernetes---kb_1091_Normalized.json,Kubernetes---kb_1091_Normalized.json::test_00004,invalid,passed,False,True,correct_reject,1.51793,0.140504,0.064241,0.076064,55,24
Kubernetes---kb_1091_Normalized.json,Kubernetes---kb_1091_Normalized.json::test_00005,invalid,passed,False,True,correct_reject,1.51793,0.158082,0.07161,0.086245,55,27
Kubernetes---kb_1091_Normalized.json,Kubernetes---kb_1091_Normalized.json::test_00006,invalid,passed,False,True,correct_reject,1.51793,0.073214,0.033454,0.039644,53,13
Kubernetes---kb_1091_Normalized.json,Kubernetes---kb_1091_Normalized.json::test_00007,valid,passed,True,True,correct_accept,1.51793,0.253682,0.115861,0.137438,53,53
Kubernetes---kb_1091_Normalized.json,Kubernetes---kb_1091_Normalized.json::test_00008,invalid,passed,False,True,correct_reject,1.51793,0.068601,0.032205,0.036272,57,16
Kubernetes---kb_1091_Normalized.json,Kubernetes---kb_1091_Normalized.json::test_00009,invalid,passed,False,True,correct_reject,1.51793,0.147151,0.067134,0.079804,61,30
Kubernetes---kb_1092_Normalized.json,Kubernetes---kb_1092_Normalized.json::test_00000,valid,passed,True,True,correct_accept,0.235699,0.035866,0.014749,0.021048,8,8
Kubernetes---kb_1092_Normalized.json,Kubernetes---kb_1092_Normalized.json::test_00001,invalid,passed,False,True,correct_reject,0.235699,0.001848,0.00171,0.000111,6,5
Kubernetes---kb_1092_Normalized.json,Kubernetes---kb_1092_Normalized.json::test_00002,valid,passed,True,True,correct_accept,0.235699,0.034266,0.014733,0.019468,8,8
Kubernetes---kb_1093_Normalized.json,Kubernetes---kb_1093_Normalized.json::test_00000,valid,passed,True,True,correct_accept,0.231224,0.031442,0.013045,0.018317,8,8
Kubernetes---kb_1093_Normalized.json,Kubernetes---kb_1093_Normalized.json::test_00001,invalid,passed,False,True,correct_reject,0.231224,0.002435,0.002279,0.000127,6,5
Kubernetes---kb_1093_Normalized.json,Kubernetes---kb_1093_Normalized.json::test_00002,invalid,passed,False,True,correct_reject,0.231224,9.4e-05,1.3e-05,6.5e-05,5,4
Kubernetes---kb_1094_Normalized.json,Kubernetes---kb_1094_Normalized.json::test_00000,valid,passed,True,True,correct_accept,10.3112,0.570865,0.268091,0.301785,177,177
Kubernetes---kb_1094_Normalized.json,Kubernetes---kb_1094_Normalized.json::test_00001,invalid,passed,False,True,correct_reject,10.3112,0.062971,0.029703,0.033144,180,18
Kubernetes---kb_1094_Normalized.json,Kubernetes---kb_1094_Normalized.json::test_00002,invalid,passed,False,True,correct_reject,10.3112,0.027241,0.012568,0.014598,174,12
Kubernetes---kb_1094_Normalized.json,Kubernetes---kb_1094_Normalized.json::test_00003,valid,passed,True,True,correct_accept,10.3112,0.3739,0.171963,0.201235,144,144
Kubernetes---kb_1094_Normalized.json,Kubernetes---kb_1094_Normalized.json::test_00004,invalid,passed,False,True,correct_reject,10.3112,3.7e-05,2.2e-05,3e-06,143,2
Kubernetes---kb_1095_Normalized.json,Kubernetes---kb_1095_Normalized.json::test_00000,valid,passed,True,True,correct_accept,10.2555,0.530844,0.247514,0.282384,173,173
Kubernetes---kb_1095_Normalized.json,Kubernetes---kb_1095_Normalized.json::test_00001,invalid,passed,False,True,correct_reject,10.2555,0.532587,0.246277,0.285406,173,171
Kubernetes---kb_1095_Normalized.json,Kubernetes---kb_1095_Normalized.json::test_00002,valid,passed,True,True,correct_accept,10.2555,0.444815,0.206657,0.237369,159,159
Kubernetes---kb_1096_Normalized.json,Kubernetes---kb_1096_Normalized.json::test_00000,valid,running_validation,,False,no_decision,10.4544,,,,173,
Kubernetes---kb_1096_Normalized.json,Kubernetes---kb_1096_Normalized.json::test_00001,invalid,passed,False,True,correct_reject,10.4544,0.157103,0.07489,0.081935,174,45
Kubernetes---kb_1096_Normalized.json,Kubernetes---kb_1096_Normalized.json::test_00002,invalid,passed,False,True,correct_reject,10.4544,0.562822,0.261696,0.300186,173,171
Kubernetes---kb_1096_Normalized.json,Kubernetes---kb_1096_Normalized.json::test_00003,invalid,passed,False,True,correct_reject,10.4544,0.046433,0.022159,0.024193,176,14
Kubernetes---kb_1096_Normalized.json,Kubernetes---kb_1096_Normalized.json::test_00004,valid,passed,True,True,correct_accept,10.4544,0.453165,0.211038,0.241313,158,158
Kubernetes---kb_1096_Normalized.json,Kubernetes---kb_1096_Normalized.json::test_00005,invalid,passed,False,True,correct_reject,10.4544,5.8e-05,4.1e-05,4e-06,165,2
Kubernetes---kb_1096_Normalized.json,Kubernetes---kb_1096_Normalized.json::test_00006,invalid,passed,False,True,correct_reject,10.4544,2.2e-05,6e-06,3e-06,172,2
Kubernetes---kb_1097_Normalized.json,Kubernetes---kb_1097_Normalized.json::test_00000,valid,passed,True,True,correct_accept,62.3075,0.591926,0.27276,0.31817,213,213
Kubernetes---kb_1097_Normalized.json,Kubernetes---kb_1097_Normalized.json::test_00001,invalid,passed,False,True,correct_reject,62.3075,0.579779,0.276498,0.302282,213,210
Kubernetes---kb_1097_Normalized.json,Kubernetes---kb_1097_Normalized.json::test_00002,valid,passed,True,True,correct_accept,62.3075,0.458388,0.218556,0.23904,161,161
Kubernetes---kb_1097_Normalized.json,Kubernetes---kb_1097_Normalized.json::test_00003,invalid,passed,False,True,correct_reject,62.3075,0.065051,0.031111,0.033776,367,48
Kubernetes---kb_1098_Normalized.json,Kubernetes---kb_1098_Normalized.json::test_00000,valid,passed,True,True,correct_accept,59.7105,0.561121,0.264288,0.29587,209,209
Kubernetes---kb_1098_Normalized.json,Kubernetes---kb_1098_Normalized.json::test_00001,invalid,passed,False,True,correct_reject,59.7105,2.6e-05,6e-06,3e-06,200,6
Kubernetes---kb_1098_Normalized.json,Kubernetes---kb_1098_Normalized.json::test_00002,valid,passed,True,True,correct_accept,59.7105,0.264377,0.124901,0.138997,114,114
Kubernetes---kb_1099_Normalized.json,Kubernetes---kb_1099_Normalized.json::test_00000,valid,passed,True,True,correct_accept,57.8576,0.628721,0.294314,0.333367,217,217
Kubernetes---kb_1099_Normalized.json,Kubernetes---kb_1099_Normalized.json::test_00001,invalid,passed,False,True,correct_reject,57.8576,0.243043,0.114055,0.128553,224,98
Kubernetes---kb_1099_Normalized.json,Kubernetes---kb_1099_Normalized.json::test_00002,valid,passed,True,True,correct_accept,57.8576,0.306856,0.144125,0.16218,120,120
Kubernetes---kb_109_Normalized.json,Kubernetes---kb_109_Normalized.json::test_00000,valid,passed,True,True,correct_accept,0.495137,0.060685,0.027576,0.033007,20,20
Kubernetes---kb_109_Normalized.json,Kubernetes---kb_109_Normalized.json::test_00001,invalid,passed,False,True,correct_reject,0.495137,0.000108,1.5e-05,7.5e-05,19,5
Kubernetes---kb_10_Normalized.json,Kubernetes---kb_10_Normalized.json::test_00000,valid,passed,True,True,correct_accept,0.205666,0.035761,0.01453,0.021178,9,9
Kubernetes---kb_10_Normalized.json,Kubernetes---kb_10_Normalized.json::test_00001,invalid,passed,False,True,correct_reject,0.205666,0.001607,0.001499,8.9e-05,6,5
Kubernetes---kb_1100_Normalized.json,Kubernetes---kb_1100_Normalized.json::test_00000,valid,passed,True,True,correct_accept,112.595,0.646289,0.300934,0.344323,251,251
Kubernetes---kb_1100_Normalized.json,Kubernetes---kb_1100_Normalized.json::test_00001,invalid,passed,False,True,correct_reject,112.595,0.540507,0.256451,0.283202,251,211
Kubernetes---kb_1100_Normalized.json,Kubernetes---kb_1100_Normalized.json::test_00002,invalid,passed,False,True,correct_reject,112.595,0.601836,0.289838,0.311012,254,188
Kubernetes---kb_1100_Normalized.json,Kubernetes---kb_1100_Normalized.json::test_00003,invalid,passed,False,True,correct_reject,112.595,0.696293,0.334626,0.360624,245,219
Kubernetes---kb_1100_Normalized.json,Kubernetes---kb_1100_Normalized.json::test_00004,invalid,passed,False,True,correct_reject,112.595,0.09706,0.045375,0.051509,259,43
Kubernetes---kb_1101_Normalized.json,Kubernetes---kb_1101_Normalized.json::test_00000,valid,passed,True,True,correct_accept,107.873,0.480723,0.220994,0.258898,260,260
Kubernetes---kb_1101_Normalized.json,Kubernetes---kb_1101_Normalized.json::test_00001,invalid,passed,False,True,correct_reject,107.873,0.502094,0.236699,0.264547,260,220
Kubernetes---kb_1101_Normalized.json,Kubernetes---kb_1101_Normalized.json::test_00002,invalid,passed,False,True,correct_reject,107.873,0.559386,0.260795,0.297691,255,229
Kubernetes---kb_1102_Normalized.json,Kubernetes---kb_1102_Normalized.json::test_00000,valid,passed,True,True,correct_accept,111.174,0.849773,0.388737,0.459839,263,263
Kubernetes---kb_1102_Normalized.json,Kubernetes---kb_1102_Normalized.json::test_00001,invalid,passed,False,True,correct_reject,111.174,0.001899,0.001778,9.8e-05,276,5
Kubernetes---kb_1102_Normalized.json,Kubernetes---kb_1102_Normalized.json::test_00002,invalid,passed,False,True,correct_reject,111.174,0.683603,0.324252,0.358249,263,220
Kubernetes---kb_1102_Normalized.json,Kubernetes---kb_1102_Normalized.json::test_00003,invalid,passed,False,True,correct_reject,111.174,0.000134,3.2e-05,8.4e-05,253,6
Kubernetes---kb_1103_Normalized.json,Kubernetes---kb_1103_Normalized.json::test_00000,valid,passed,True,True,correct_accept,39.7102,0.058,0.026246,0.031639,26,26
Kubernetes---kb_1103_Normalized.json,Kubernetes---kb_1103_Normalized.json::test_00001,invalid,passed,False,True,correct_reject,39.7102,0.000128,1.8e-05,8.1e-05,25,5
Kubernetes---kb_1103_Normalized.json,Kubernetes---kb_1103_Normalized.json::test_00002,invalid,passed,False,True,correct_reject,39.7102,0.082074,0.03713,0.044833,27,25
Kubernetes---kb_1103_Normalized.json,Kubernetes---kb_1103_Normalized.json::test_00003,invalid,passed,False,True,correct_reject,39.7102,0.028008,0.013027,0.014894,24,18
Kubernetes---kb_1104_Normalized.json,Kubernetes---kb_1104_Normalized.json::test_00000,valid,passed,True,True,correct_accept,39.2382,0.053393,0.024299,0.028985,26,26
Kubernetes---kb_1104_Normalized.json,Kubernetes---kb_1104_Normalized.json::test_00001,invalid,passed,False,True,correct_reject,39.2382,0.000105,1.7e-05,7.4e-05,25,5
Kubernetes---kb_1104_Normalized.json,Kubernetes---kb_1104_Normalized.json::test_00002,invalid,passed,False,True,correct_reject,39.2382,0.083255,0.040517,0.042608,27,25
Kubernetes---kb_1104_Normalized.json,Kubernetes---kb_1104_Normalized.json::test_00003,invalid,passed,False,True,correct_reject,39.2382,0.026199,0.012426,0.013713,24,18
Kubernetes---kb_1105_Normalized.json,Kubernetes---kb_1105_Normalized.json::test_00000,valid,passed,True,True,correct_accept,63.5648,0.264008,0.120392,0.143202,92,92
Kubernetes---kb_1105_Normalized.json,Kubernetes---kb_1105_Normalized.json::test_00001,valid,passed,True,True,correct_accept,63.5648,0.202959,0.092726,0.1099,75,75
Kubernetes---kb_1105_Normalized.json,Kubernetes---kb_1105_Normalized.json::test_00002,invalid,passed,False,True,correct_reject,63.5648,0.101869,0.047225,0.054436,72,62
Kubernetes---kb_1105_Normalized.json,Kubernetes---kb_1105_Normalized.json::test_00003,invalid,passed,False,True,correct_reject,63.5648,0.092968,0.044476,0.048298,75,50
Kubernetes---kb_1106_Normalized.json,Kubernetes---kb_1106_Normalized.json::test_00000,valid,passed,True,True,correct_accept,64.9779,0.220389,0.101617,0.11837,94,94
Kubernetes---kb_1106_Normalized.json,Kubernetes---kb_1106_Normalized.json::test_00001,invalid,passed,False,True,correct_reject,64.9779,0.141553,0.066334,0.074956,105,69
Kubernetes---kb_1106_Normalized.json,Kubernetes---kb_1106_Normalized.json::test_00002,invalid,passed,False,True,correct_reject,64.9779,0.065607,0.029566,0.035821,78,62
Kubernetes---kb_1107_Normalized.json,Kubernetes---kb_1107_Normalized.json::test_00000,valid,passed,True,True,correct_accept,66.4008,0.201734,0.09286,0.108524,94,94
Kubernetes---kb_1107_Normalized.json,Kubernetes---kb_1107_Normalized.json::test_00001,valid,passed,True,True,correct_accept,66.4008,0.170899,0.080125,0.090442,77,77
Kubernetes---kb_1107_Normalized.json,Kubernetes---kb_1107_Normalized.json::test_00002,invalid,passed,False,True,correct_reject,66.4008,0.113854,0.053305,0.060319,73,64
Kubernetes---kb_1108_Normalized.json,Kubernetes---kb_1108_Normalized.json::test_00000,valid,passed,True,True,correct_accept,63.7025,0.428651,0.202119,0.225964,94,94
Kubernetes---kb_1108_Normalized.json,Kubernetes---kb_1108_Normalized.json::test_00001,valid,passed,True,True,correct_accept,63.7025,0.302918,0.141245,0.161266,77,77
Kubernetes---kb_1108_Normalized.json,Kubernetes---kb_1108_Normalized.json::test_00002,invalid,passed,False,True,correct_reject,63.7025,0.116848,0.054747,0.061907,73,42
Kubernetes---kb_1108_Normalized.json,Kubernetes---kb_1108_Normalized.json::test_00003,invalid,passed,False,True,correct_reject,63.7025,0.24282,0.117123,0.125346,92,64
Kubernetes---kb_1109_Normalized.json,Kubernetes---kb_1109_Normalized.json::test_00000,valid,passed,True,True,correct_accept,76.6232,0.230953,0.106196,0.124375,110,110
Kubernetes---kb_1109_Normalized.json,Kubernetes---kb_1109_Normalized.json::test_00001,invalid,passed,False,True,correct_reject,76.6232,0.165497,0.079641,0.085582,106,78
Kubernetes---kb_1109_Normalized.json,Kubernetes---kb_1109_Normalized.json::test_00002,invalid,passed,False,True,correct_reject,76.6232,0.193599,0.090065,0.103239,109,66
Kubernetes---kb_110_Normalized.json,Kubernetes---kb_110_Normalized.json::test_00000,valid,passed,True,True,correct_accept,0.462547,0.045807,0.020759,0.024963,20,20
Kubernetes---kb_110_Normalized.json,Kubernetes---kb_110_Normalized.json::test_00001,invalid,passed,False,True,correct_reject,0.462547,0.000104,1.5e-05,7.4e-05,19,5
Kubernetes---kb_1111_Normalized.json,Kubernetes---kb_1111_Normalized.json::test_00000,valid,passed,True,True,correct_accept,70.202,0.692747,0.319218,0.372584,233,233
Kubernetes---kb_1113_Normalized.json,Kubernetes---kb_1113_Normalized.json::test_00000,valid,passed,True,True,correct_accept,30.0355,0.182606,0.082588,0.099742,64,64
Kubernetes---kb_1113_Normalized.json,Kubernetes---kb_1113_Normalized.json::test_00001,valid,passed,True,True,correct_accept,30.0355,0.263892,0.121137,0.142335,88,88
Kubernetes---kb_1113_Normalized.json,Kubernetes---kb_1113_Normalized.json::test_00002,invalid,passed,False,True,correct_reject,30.0355,0.001646,0.0015,0.000121,85,7
Kubernetes---kb_1113_Normalized.json,Kubernetes---kb_1113_Normalized.json::test_00003,invalid,passed,False,True,correct_reject,30.0355,0.038893,0.01651,0.022322,92,11
Kubernetes---kb_1114_Normalized.json,Kubernetes---kb_1114_Normalized.json::test_00000,valid,passed,True,True,correct_accept,29.7893,0.188569,0.088208,0.100078,64,64
Kubernetes---kb_1114_Normalized.json,Kubernetes---kb_1114_Normalized.json::test_00001,valid,passed,True,True,correct_accept,29.7893,0.170957,0.079347,0.09135,63,63
Kubernetes---kb_1114_Normalized.json,Kubernetes---kb_1114_Normalized.json::test_00002,invalid,passed,False,True,correct_reject,29.7893,0.043107,0.019024,0.024029,58,10
Kubernetes---kb_1115_Normalized.json,Kubernetes---kb_1115_Normalized.json::test_00000,valid,failed,False,True,over_constraint,29.5903,0.096594,0.044973,0.051447,106,47
Kubernetes---kb_1115_Normalized.json,Kubernetes---kb_1115_Normalized.json::test_00001,valid,passed,True,True,correct_accept,29.5903,0.198199,0.092506,0.105423,64,64
Kubernetes---kb_1115_Normalized.json,Kubernetes---kb_1115_Normalized.json::test_00002,invalid,passed,False,True,correct_reject,29.5903,0.036519,0.016674,0.019787,71,11
Kubernetes---kb_1116_Normalized.json,Kubernetes---kb_1116_Normalized.json::test_00000,valid,passed,True,True,correct_accept,30.1381,0.208022,0.092163,0.115563,64,64
Kubernetes---kb_1116_Normalized.json,Kubernetes---kb_1116_Normalized.json::test_00001,invalid,passed,False,True,correct_reject,30.1381,0.001629,0.001509,9.8e-05,60,6
Kubernetes---kb_1117_Normalized.json,Kubernetes---kb_1117_Normalized.json::test_00000,valid,passed,True,True,correct_accept,29.8382,0.30484,0.135376,0.169027,105,105
Kubernetes---kb_1117_Normalized.json,Kubernetes---kb_1117_Normalized.json::test_00001,valid,passed,True,True,correct_accept,29.8382,0.148707,0.070095,0.078434,34,34
Kubernetes---kb_1117_Normalized.json,Kubernetes---kb_1117_Normalized.json::test_00002,invalid,passed,False,True,correct_reject,29.8382,0.002396,0.002265,0.000109,30,6
Kubernetes---kb_1117_Normalized.json,Kubernetes---kb_1117_Normalized.json::test_00003,invalid,passed,False,True,correct_reject,29.8382,0.000206,4.9e-05,0.000129,29,6
Kubernetes---kb_1118_Normalized.json,Kubernetes---kb_1118_Normalized.json::test_00000,valid,passed,True,True,correct_accept,29.1742,0.601861,0.275183,0.325829,183,183
Kubernetes---kb_1118_Normalized.json,Kubernetes---kb_1118_Normalized.json::test_00001,valid,passed,True,True,correct_accept,29.1742,0.591465,0.275838,0.31481,170,170
Kubernetes---kb_1118_Normalized.json,Kubernetes---kb_1118_Normalized.json::test_00002,invalid,passed,False,True,correct_reject,29.1742,0.00177,0.001645,0.000106,167,6
Kubernetes---kb_1119_Normalized.json,Kubernetes---kb_1119_Normalized.json::test_00000,valid,passed,True,True,correct_accept,28.6902,0.313062,0.142958,0.169659,99,99
Kubernetes---kb_1119_Normalized.json,Kubernetes---kb_1119_Normalized.json::test_00001,valid,passed,True,True,correct_accept,28.6902,0.266461,0.123119,0.142843,106,106
Kubernetes---kb_111_Normalized.json,Kubernetes---kb_111_Normalized.json::test_00000,valid,passed,True,True,correct_accept,66.3458,0.395129,0.183394,0.211162,146,146
Kubernetes---kb_111_Normalized.json,Kubernetes---kb_111_Normalized.json::test_00001,invalid,passed,False,True,correct_reject,66.3458,0.158494,0.07572,0.082569,164,44
Kubernetes---kb_111_Normalized.json,Kubernetes---kb_111_Normalized.json::test_00002,invalid,passed,False,True,correct_reject,66.3458,0.456024,0.213701,0.241732,178,130
Kubernetes---kb_111_Normalized.json,Kubernetes---kb_111_Normalized.json::test_00003,invalid,passed,False,True,correct_reject,66.3458,0.392091,0.182517,0.209022,152,123
Kubernetes---kb_111_Normalized.json,Kubernetes---kb_111_Normalized.json::test_00004,invalid,passed,False,True,correct_reject,66.3458,0.363796,0.169891,0.193429,151,102
Kubernetes---kb_111_Normalized.json,Kubernetes---kb_111_Normalized.json::test_00005,invalid,passed,False,True,correct_reject,66.3458,0.116401,0.054254,0.061954,153,44
Kubernetes---kb_111_Normalized.json,Kubernetes---kb_111_Normalized.json::test_00006,valid,passed,True,True,correct_accept,66.3458,0.412909,0.192548,0.219778,154,154
Kubernetes---kb_111_Normalized.json,Kubernetes---kb_111_Normalized.json::test_00007,invalid,passed,False,True,correct_reject,66.3458,0.092583,0.043367,0.04907,92,36
Kubernetes---kb_111_Normalized.json,Kubernetes---kb_111_Normalized.json::test_00008,invalid,passed,False,True,correct_reject,66.3458,0.14247,0.065333,0.076945,161,44
Kubernetes---kb_111_Normalized.json,Kubernetes---kb_111_Normalized.json::test_00009,invalid,passed,False,True,correct_reject,66.3458,0.101222,0.045059,0.056003,193,36
Kubernetes---kb_1120_Normalized.json,Kubernetes---kb_1120_Normalized.json::test_00000,valid,passed,True,True,correct_accept,29.1308,0.268326,0.122879,0.145023,84,84
Kubernetes---kb_1120_Normalized.json,Kubernetes---kb_1120_Normalized.json::test_00001,valid,passed,True,True,correct_accept,29.1308,0.26651,0.123251,0.142819,84,84
Kubernetes---kb_1120_Normalized.json,Kubernetes---kb_1120_Normalized.json::test_00002,invalid,passed,False,True,correct_reject,29.1308,0.128154,0.059054,0.068893,83,33
Kubernetes---kb_1120_Normalized.json,Kubernetes---kb_1120_Normalized.json::test_00003,invalid,passed,False,True,correct_reject,29.1308,0.062458,0.028549,0.033806,78,17
Kubernetes---kb_1123_Normalized.json,Kubernetes---kb_1123_Normalized.json::test_00000,valid,passed,True,True,correct_accept,1.48446,0.358637,0.162838,0.195284,92,92
Kubernetes---kb_1123_Normalized.json,Kubernetes---kb_1123_Normalized.json::test_00001,invalid,passed,False,True,correct_reject,1.48446,0.002664,0.002631,1.1e-05,93,5
Kubernetes---kb_1123_Normalized.json,Kubernetes---kb_1123_Normalized.json::test_00002,invalid,passed,False,True,correct_reject,1.48446,3.4e-05,6e-06,9e-06,99,8
Kubernetes---kb_1123_Normalized.json,Kubernetes---kb_1123_Normalized.json::test_00003,invalid,passed,False,True,correct_reject,1.48446,3.6e-05,6e-06,1e-05,89,8
Kubernetes---kb_1125_Normalized.json,Kubernetes---kb_1125_Normalized.json::test_00000,valid,passed,True,True,correct_accept,0.36725,0.094489,0.043447,0.050927,21,21
Kubernetes---kb_1125_Normalized.json,Kubernetes---kb_1125_Normalized.json::test_00001,invalid,passed,False,True,correct_reject,0.36725,0.00314,0.002997,0.000118,18,6
Kubernetes---kb_1125_Normalized.json,Kubernetes---kb_1125_Normalized.json::test_00002,invalid,passed,False,True,correct_reject,0.36725,0.061211,0.027991,0.033134,16,15
Kubernetes---kb_1125_Normalized.json,Kubernetes---kb_1125_Normalized.json::test_00003,valid,passed,True,True,correct_accept,0.36725,0.082534,0.037461,0.044973,18,18
Kubernetes---kb_1125_Normalized.json,Kubernetes---kb_1125_Normalized.json::test_00004,invalid,passed,False,True,correct_reject,0.36725,0.003296,0.003277,5e-06,15,2
Kubernetes---kb_1125_Normalized.json,Kubernetes---kb_1125_Normalized.json::test_00005,invalid,passed,False,True,correct_reject,0.36725,2.1e-05,7e-06,3e-06,15,2
Kubernetes---kb_1126_Normalized.json,Kubernetes---kb_1126_Normalized.json::test_00000,valid,passed,True,True,correct_accept,0.385878,0.099684,0.044094,0.055457,21,21
Kubernetes---kb_1126_Normalized.json,Kubernetes---kb_1126_Normalized.json::test_00001,invalid,passed,False,True,correct_reject,0.385878,0.001544,0.001414,0.000109,18,6
Kubernetes---kb_1126_Normalized.json,Kubernetes---kb_1126_Normalized.json::test_00002,invalid,passed,False,True,correct_reject,0.385878,0.031771,0.01498,0.016721,16,15
Kubernetes---kb_1126_Normalized.json,Kubernetes---kb_1126_Normalized.json::test_00003,valid,passed,True,True,correct_accept,0.385878,0.058655,0.02614,0.032411,17,17
Kubernetes---kb_1126_Normalized.json,Kubernetes---kb_1126_Normalized.json::test_00004,invalid,passed,False,True,correct_reject,0.385878,0.003374,0.003349,8e-06,15,2
Kubernetes---kb_1126_Normalized.json,Kubernetes---kb_1126_Normalized.json::test_00005,invalid,passed,False,True,correct_reject,0.385878,2.1e-05,7e-06,3e-06,15,2
Kubernetes---kb_1127_Normalized.json,Kubernetes---kb_1127_Normalized.json::test_00000,valid,passed,True,True,correct_accept,0.370665,0.173882,0.080788,0.092897,31,31
Kubernetes---kb_1127_Normalized.json,Kubernetes---kb_1127_Normalized.json::test_00001,invalid,passed,False,True,correct_reject,0.370665,0.002347,0.002192,0.00013,24,5
Kubernetes---kb_1127_Normalized.json,Kubernetes---kb_1127_Normalized.json::test_00002,valid,passed,True,True,correct_accept,0.370665,0.192044,0.088647,0.103189,31,31
Kubernetes---kb_1127_Normalized.json,Kubernetes---kb_1127_Normalized.json::test_00003,invalid,passed,False,True,correct_reject,0.370665,0.002888,0.00272,0.000141,24,5
Kubernetes---kb_1127_Normalized.json,Kubernetes---kb_1127_Normalized.json::test_00004,invalid,passed,False,True,correct_reject,0.370665,0.000148,2.9e-05,0.000103,24,5
Kubernetes---kb_1128_Normalized.json,Kubernetes---kb_1128_Normalized.json::test_00000,valid,passed,True,True,correct_accept,0.415734,0.156396,0.070286,0.085916,31,31
Kubernetes---kb_1128_Normalized.json,Kubernetes---kb_1128_Normalized.json::test_00001,invalid,passed,False,True,correct_reject,0.415734,0.002876,0.002711,0.000137,24,5
Kubernetes---kb_1128_Normalized.json,Kubernetes---kb_1128_Normalized.json::test_00002,invalid,passed,False,True,correct_reject,0.415734,0.000123,1.9e-05,8.7e-05,23,4
Kubernetes---kb_1128_Normalized.json,Kubernetes---kb_1128_Normalized.json::test_00003,invalid,passed,False,True,correct_reject,0.415734,0.087182,0.038005,0.049071,22,18
Kubernetes---kb_1129_Normalized.json,Kubernetes---kb_1129_Normalized.json::test_00000,valid,passed,True,True,correct_accept,0.360329,0.140224,0.063405,0.076663,28,28
Kubernetes---kb_1129_Normalized.json,Kubernetes---kb_1129_Normalized.json::test_00001,invalid,passed,False,True,correct_reject,0.360329,0.002135,0.002021,9.6e-05,24,5
Kubernetes---kb_112_Normalized.json,Kubernetes---kb_112_Normalized.json::test_00000,valid,passed,True,True,correct_accept,62.1868,0.934604,0.423784,0.509419,276,276
Kubernetes---kb_112_Normalized.json,Kubernetes---kb_112_Normalized.json::test_00001,invalid,passed,False,True,correct_reject,62.1868,0.167739,0.077634,0.089843,283,44
Kubernetes---kb_112_Normalized.json,Kubernetes---kb_112_Normalized.json::test_00002,invalid,passed,False,True,correct_reject,62.1868,0.000154,2.8e-05,0.000107,276,6
Kubernetes---kb_112_Normalized.json,Kubernetes---kb_112_Normalized.json::test_00003,invalid,passed,False,True,correct_reject,62.1868,1.01619,0.475293,0.539644,274,240
Kubernetes---kb_112_Normalized.json,Kubernetes---kb_112_Normalized.json::test_00004,invalid,passed,False,True,correct_reject,62.1868,0.670164,0.312044,0.357258,271,147
Kubernetes---kb_112_Normalized.json,Kubernetes---kb_112_Normalized.json::test_00005,invalid,passed,False,True,correct_reject,62.1868,0.179161,0.08295,0.095965,196,44
Kubernetes---kb_1130_Normalized.json,Kubernetes---kb_1130_Normalized.json::test_00000,valid,passed,True,True,correct_accept,0.388634,0.200085,0.089471,0.110375,31,31
Kubernetes---kb_1130_Normalized.json,Kubernetes---kb_1130_Normalized.json::test_00001,invalid,passed,False,True,correct_reject,0.388634,0.001733,0.001596,0.00012,24,5
Kubernetes---kb_1131_Normalized.json,Kubernetes---kb_1131_Normalized.json::test_00000,valid,passed,True,True,correct_accept,0.984591,0.142611,0.065312,0.077115,38,38
Kubernetes---kb_1131_Normalized.json,Kubernetes---kb_1131_Normalized.json::test_00001,invalid,passed,False,True,correct_reject,0.984591,0.092284,0.042843,0.049306,39,28
Kubernetes---kb_1131_Normalized.json,Kubernetes---kb_1131_Normalized.json::test_00002,invalid,passed,False,True,correct_reject,0.984591,0.069889,0.031337,0.038434,41,27
Kubernetes---kb_1131_Normalized.json,Kubernetes---kb_1131_Normalized.json::test_00003,valid,passed,True,True,correct_accept,0.984591,0.083814,0.038168,0.045501,29,29
Kubernetes---kb_1131_Normalized.json,Kubernetes---kb_1131_Normalized.json::test_00004,invalid,passed,False,True,correct_reject,0.984591,0.001661,0.001641,6e-06,38,2
Kubernetes---kb_1132_Normalized.json,Kubernetes---kb_1132_Normalized.json::test_00000,valid,passed,True,True,correct_accept,1.09373,0.084125,0.038086,0.045893,30,30
Kubernetes---kb_1132_Normalized.json,Kubernetes---kb_1132_Normalized.json::test_00001,invalid,passed,False,True,correct_reject,1.09373,0.003078,0.002891,0.000155,29,6
Kubernetes---kb_1132_Normalized.json,Kubernetes---kb_1132_Normalized.json::test_00002,valid,passed,True,True,correct_accept,1.09373,0.119927,0.057172,0.062584,30,30
Kubernetes---kb_1132_Normalized.json,Kubernetes---kb_1132_Normalized.json::test_00003,invalid,passed,False,True,correct_reject,1.09373,0.002015,0.001999,6e-06,28,2
Kubernetes---kb_1133_Normalized.json,Kubernetes---kb_1133_Normalized.json::test_00000,valid,passed,True,True,correct_accept,5.90914,0.259003,0.119115,0.139458,90,90
Kubernetes---kb_1133_Normalized.json,Kubernetes---kb_1133_Normalized.json::test_00001,valid,passed,True,True,correct_accept,5.90914,0.251874,0.116463,0.134992,89,89
Kubernetes---kb_1134_Normalized.json,Kubernetes---kb_1134_Normalized.json::test_00000,valid,passed,True,True,correct_accept,5.48428,0.27405,0.128227,0.145423,90,90
Kubernetes---kb_1134_Normalized.json,Kubernetes---kb_1134_Normalized.json::test_00001,valid,passed,True,True,correct_accept,5.48428,0.210191,0.09803,0.111823,80,80
Kubernetes---kb_1135_Normalized.json,Kubernetes---kb_1135_Normalized.json::test_00000,valid,passed,True,True,correct_accept,0.18191,0.000259,5.7e-05,0.000179,6,6
Kubernetes---kb_1135_Normalized.json,Kubernetes---kb_1135_Normalized.json::test_00001,invalid,passed,False,True,correct_reject,0.18191,0.000212,6.2e-05,0.000133,6,4
Kubernetes---kb_1135_Normalized.json,Kubernetes---kb_1135_Normalized.json::test_00002,invalid,passed,False,True,correct_reject,0.18191,0.000257,7.1e-05,0.000166,8,6
Kubernetes---kb_1136_Normalized.json,Kubernetes---kb_1136_Normalized.json::test_00000,valid,passed,True,True,correct_accept,0.194327,0.000349,9.5e-05,0.000224,6,6
Kubernetes---kb_1136_Normalized.json,Kubernetes---kb_1136_Normalized.json::test_00001,invalid,passed,False,True,correct_reject,0.194327,0.000156,4.4e-05,9.6e-05,6,4
Kubernetes---kb_1136_Normalized.json,Kubernetes---kb_1136_Normalized.json::test_00002,invalid,passed,False,True,correct_reject,0.194327,0.000137,3.5e-05,8.8e-05,6,4
Kubernetes---kb_1136_Normalized.json,Kubernetes---kb_1136_Normalized.json::test_00003,invalid,passed,False,True,correct_reject,0.194327,0.000289,9e-05,0.000182,8,6
Kubernetes---kb_1137_Normalized.json,Kubernetes---kb_1137_Normalized.json::test_00000,valid,passed,True,True,correct_accept,0.221267,0.000302,7.8e-05,0.000198,6,6
Kubernetes---kb_1137_Normalized.json,Kubernetes---kb_1137_Normalized.json::test_00001,invalid,passed,False,True,correct_reject,0.221267,0.000133,2.8e-05,9.1e-05,6,4
Kubernetes---kb_1137_Normalized.json,Kubernetes---kb_1137_Normalized.json::test_00002,invalid,passed,False,True,correct_reject,0.221267,0.000295,8.8e-05,0.000187,8,6
Kubernetes---kb_1138_Normalized.json,Kubernetes---kb_1138_Normalized.json::test_00000,valid,passed,True,True,correct_accept,5.60479,0.352923,0.166032,0.18634,163,163
Kubernetes---kb_1138_Normalized.json,Kubernetes---kb_1138_Normalized.json::test_00001,valid,passed,True,True,correct_accept,5.60479,0.29305,0.139724,0.152859,138,138
Kubernetes---kb_1139_Normalized.json,Kubernetes---kb_1139_Normalized.json::test_00000,valid,passed,True,True,correct_accept,5.61671,0.41109,0.189306,0.221126,159,159
Kubernetes---kb_1139_Normalized.json,Kubernetes---kb_1139_Normalized.json::test_00001,valid,passed,True,True,correct_accept,5.61671,0.340014,0.159497,0.179966,164,164
Kubernetes---kb_1139_Normalized.json,Kubernetes---kb_1139_Normalized.json::test_00002,invalid,passed,False,True,correct_reject,5.61671,0.297672,0.137792,0.159393,164,145
Kubernetes---kb_113_Normalized.json,Kubernetes---kb_113_Normalized.json::test_00000,valid,passed,True,True,correct_accept,0.866152,0.212886,0.094449,0.118097,55,55
Kubernetes---kb_113_Normalized.json,Kubernetes---kb_113_Normalized.json::test_00001,invalid,passed,False,True,correct_reject,0.866152,0.001381,0.001251,0.000102,53,8
Kubernetes---kb_113_Normalized.json,Kubernetes---kb_113_Normalized.json::test_00002,valid,passed,True,True,correct_accept,0.866152,0.13337,0.06062,0.072526,42,42
Kubernetes---kb_113_Normalized.json,Kubernetes---kb_113_Normalized.json::test_00003,invalid,passed,False,True,correct_reject,0.866152,0.001521,0.001385,0.000115,41,8
Kubernetes---kb_1140_Normalized.json,Kubernetes---kb_1140_Normalized.json::test_00000,valid,passed,True,True,correct_accept,0.876313,0.197616,0.090624,0.106755,47,47
Kubernetes---kb_1140_Normalized.json,Kubernetes---kb_1140_Normalized.json::test_00001,invalid,passed,False,True,correct_reject,0.876313,0.002448,0.002284,0.000133,47,6
Kubernetes---kb_1140_Normalized.json,Kubernetes---kb_1140_Normalized.json::test_00002,invalid,passed,False,True,correct_reject,0.839825,0.153371,0.07095,0.082212,38,36
Kubernetes---kb_1140_Normalized.json,Kubernetes---kb_1140_Normalized.json::test_00003,invalid,passed,False,True,correct_reject,0.839825,0.000174,3.1e-05,0.000118,46,6
Kubernetes---kb_1140_Normalized.json,Kubernetes---kb_1140_Normalized.json::test_00004,valid,passed,True,True,correct_accept,0.839825,0.178602,0.080484,0.097872,46,46
Kubernetes---kb_1140_Normalized.json,Kubernetes---kb_1140_Normalized.json::test_00005,invalid,passed,False,True,correct_reject,0.839825,0.001738,0.001599,0.000121,44,5
Kubernetes---kb_1140_Normalized.json,Kubernetes---kb_1140_Normalized.json::test_00006,invalid,passed,False,True,correct_reject,0.839825,0.000122,2.1e-05,8.6e-05,45,6
Kubernetes---kb_1141_Normalized.json,Kubernetes---kb_1141_Normalized.json::test_00000,valid,passed,True,True,correct_accept,0.926888,0.23093,0.105355,0.125226,52,52
Kubernetes---kb_1141_Normalized.json,Kubernetes---kb_1141_Normalized.json::test_00001,invalid,passed,False,True,correct_reject,0.926888,0.001996,0.001825,0.000143,51,6
Kubernetes---kb_1141_Normalized.json,Kubernetes---kb_1141_Normalized.json::test_00002,invalid,passed,False,True,correct_reject,0.979426,0.144699,0.066929,0.077528,40,39
Kubernetes---kb_1141_Normalized.json,Kubernetes---kb_1141_Normalized.json::test_00003,valid,passed,True,True,correct_accept,0.979426,0.242018,0.111535,0.130152,48,48
Kubernetes---kb_1141_Normalized.json,Kubernetes---kb_1141_Normalized.json::test_00004,invalid,passed,False,True,correct_reject,0.979426,0.00189,0.001739,0.000128,47,6
Kubernetes---kb_1141_Normalized.json,Kubernetes---kb_1141_Normalized.json::test_00005,invalid,passed,False,True,correct_reject,0.979426,0.000143,2.3e-05,0.000101,47,6
Kubernetes---kb_1142_Normalized.json,Kubernetes---kb_1142_Normalized.json::test_00000,valid,failed,False,True,over_constraint,12.0409,0.237303,0.110267,0.126687,64,41
Kubernetes---kb_1142_Normalized.json,Kubernetes---kb_1142_Normalized.json::test_00001,invalid,passed,False,True,correct_reject,12.0409,0.254178,0.118556,0.135273,63,41
Kubernetes---kb_1142_Normalized.json,Kubernetes---kb_1142_Normalized.json::test_00002,valid,failed,False,True,over_constraint,12.0409,0.252875,0.118102,0.134429,63,41
Kubernetes---kb_1142_Normalized.json,Kubernetes---kb_1142_Normalized.json::test_00003,invalid,passed,False,True,correct_reject,12.0409,0.260231,0.115755,0.144141,62,41
Kubernetes---kb_1142_Normalized.json,Kubernetes---kb_1142_Normalized.json::test_00004,invalid,passed,False,True,correct_reject,12.0409,0.221151,0.102773,0.118071,62,41
Kubernetes---kb_1143_Normalized.json,Kubernetes---kb_1143_Normalized.json::test_00000,valid,failed,False,True,over_constraint,12.1807,0.256582,0.114565,0.141664,63,41
Kubernetes---kb_1143_Normalized.json,Kubernetes---kb_1143_Normalized.json::test_00001,invalid,passed,False,True,correct_reject,12.1807,0.222396,0.102579,0.119513,62,41
Kubernetes---kb_1143_Normalized.json,Kubernetes---kb_1143_Normalized.json::test_00002,valid,failed,False,True,over_constraint,12.1807,0.221751,0.103427,0.118003,63,41
Kubernetes---kb_1143_Normalized.json,Kubernetes---kb_1143_Normalized.json::test_00003,invalid,passed,False,True,correct_reject,12.1807,0.000217,0.000202,5e-06,62,2
Kubernetes---kb_1143_Normalized.json,Kubernetes---kb_1143_Normalized.json::test_00004,invalid,passed,False,True,correct_reject,12.1807,2.1e-05,6e-06,3e-06,62,2
Kubernetes---kb_1144_Normalized.json,Kubernetes---kb_1144_Normalized.json::test_00000,valid,passed,True,True,correct_accept,8.13176,0.452808,0.213912,0.238137,150,150
Kubernetes---kb_1144_Normalized.json,Kubernetes---kb_1144_Normalized.json::test_00001,invalid,passed,False,True,correct_reject,8.13176,0.432716,0.207324,0.224714,150,142
Kubernetes---kb_1144_Normalized.json,Kubernetes---kb_1144_Normalized.json::test_00002,invalid,passed,False,True,correct_reject,8.13176,0.0434,0.020306,0.023014,153,14
Kubernetes---kb_1144_Normalized.json,Kubernetes---kb_1144_Normalized.json::test_00003,valid,passed,True,True,correct_accept,8.13176,0.30104,0.14361,0.156941,116,116
Kubernetes---kb_1144_Normalized.json,Kubernetes---kb_1144_Normalized.json::test_00004,invalid,passed,False,True,correct_reject,8.13176,3.2e-05,1.9e-05,3e-06,117,2
Kubernetes---kb_1145_Normalized.json,Kubernetes---kb_1145_Normalized.json::test_00000,valid,passed,True,True,correct_accept,1.53823,0.428141,0.195415,0.232138,110,110
Kubernetes---kb_1146_Normalized.json,Kubernetes---kb_1146_Normalized.json::test_00000,valid,passed,True,True,correct_accept,1.30732,0.37821,0.172926,0.204783,115,115
Kubernetes---kb_1147_Normalized.json,Kubernetes---kb_1147_Normalized.json::test_00000,valid,compile_error,,True,over_constraint,0.055076,,,,,
Kubernetes---kb_1147_Normalized.json,Kubernetes---kb_1147_Normalized.json::test_00001,valid,compile_error,,True,over_constraint,0.055076,,,,,
Kubernetes---kb_1147_Normalized.json,Kubernetes---kb_1147_Normalized.json::test_00002,invalid,compile_error,,True,correct_reject,0.055076,,,,,
Kubernetes---kb_1149_Normalized.json,Kubernetes---kb_1149_Normalized.json::test_00000,valid,compile_error,,True,over_constraint,0.071906,,,,,
Kubernetes---kb_1149_Normalized.json,Kubernetes---kb_1149_Normalized.json::test_00001,invalid,compile_error,,True,correct_reject,0.071906,,,,,
Kubernetes---kb_114_Normalized.json,Kubernetes---kb_114_Normalized.json::test_00000,valid,passed,True,True,correct_accept,1.06717,0.194406,0.087117,0.107006,46,46
Kubernetes---kb_114_Normalized.json,Kubernetes---kb_114_Normalized.json::test_00001,invalid,passed,False,True,correct_reject,1.06717,0.002899,0.002696,0.000164,46,8
Kubernetes---kb_114_Normalized.json,Kubernetes---kb_114_Normalized.json::test_00002,invalid,passed,False,True,correct_reject,1.11894,0.000181,2.7e-05,0.000118,45,8
Kubernetes---kb_114_Normalized.json,Kubernetes---kb_114_Normalized.json::test_00003,valid,passed,True,True,correct_accept,1.11894,0.194959,0.092727,0.101964,42,42
Kubernetes---kb_114_Normalized.json,Kubernetes---kb_114_Normalized.json::test_00004,invalid,passed,False,True,correct_reject,1.11894,0.00203,0.001876,0.000127,40,8
Kubernetes---kb_114_Normalized.json,Kubernetes---kb_114_Normalized.json::test_00005,invalid,passed,False,True,correct_reject,1.11894,0.000147,2.3e-05,0.0001,41,8
Kubernetes---kb_1150_Normalized.json,Kubernetes---kb_1150_Normalized.json::test_00000,valid,compile_error,,True,over_constraint,0.078037,,,,,
Kubernetes---kb_1150_Normalized.json,Kubernetes---kb_1150_Normalized.json::test_00001,valid,compile_error,,True,over_constraint,0.078037,,,,,
Kubernetes---kb_1150_Normalized.json,Kubernetes---kb_1150_Normalized.json::test_00002,invalid,compile_error,,True,correct_reject,0.078037,,,,,
Kubernetes---kb_1151_Normalized.json,Kubernetes---kb_1151_Normalized.json::test_00000,valid,compile_error,,True,over_constraint,0.063363,,,,,
Kubernetes---kb_1151_Normalized.json,Kubernetes---kb_1151_Normalized.json::test_00001,invalid,compile_error,,True,correct_reject,0.063363,,,,,
Kubernetes---kb_1152_Normalized.json,Kubernetes---kb_1152_Normalized.json::test_00000,valid,compile_error,,True,over_constraint,0.064392,,,,,
Kubernetes---kb_1152_Normalized.json,Kubernetes---kb_1152_Normalized.json::test_00001,valid,compile_error,,True,over_constraint,0.064392,,,,,
Kubernetes---kb_1152_Normalized.json,Kubernetes---kb_1152_Normalized.json::test_00002,invalid,compile_error,,True,correct_reject,0.064392,,,,,
Kubernetes---kb_1153_Normalized.json,Kubernetes---kb_1153_Normalized.json::test_00000,valid,passed,True,True,correct_accept,1.69627,0.155732,0.074987,0.080477,51,51
Kubernetes---kb_1153_Normalized.json,Kubernetes---kb_1153_Normalized.json::test_00001,invalid,passed,False,True,correct_reject,1.69627,0.100443,0.050697,0.049547,54,47
Kubernetes---kb_1153_Normalized.json,Kubernetes---kb_1153_Normalized.json::test_00002,invalid,passed,False,True,correct_reject,1.69627,0.101983,0.049384,0.05229,48,47
Kubernetes---kb_1153_Normalized.json,Kubernetes---kb_1153_Normalized.json::test_00003,invalid,passed,False,True,correct_reject,1.69627,0.079197,0.038359,0.040657,50,43
Kubernetes---kb_1154_Normalized.json,Kubernetes---kb_1154_Normalized.json::test_00000,valid,passed,True,True,correct_accept,1.63274,0.170578,0.077771,0.092503,50,50
Kubernetes---kb_1154_Normalized.json,Kubernetes---kb_1154_Normalized.json::test_00001,invalid,passed,False,True,correct_reject,1.63274,0.10006,0.046738,0.053095,53,46
Kubernetes---kb_1154_Normalized.json,Kubernetes---kb_1154_Normalized.json::test_00002,invalid,passed,False,True,correct_reject,1.63274,0.086426,0.039726,0.046436,49,42
Kubernetes---kb_1154_Normalized.json,Kubernetes---kb_1154_Normalized.json::test_00003,valid,passed,True,True,correct_accept,1.63274,0.154527,0.07107,0.083192,51,51
Kubernetes---kb_1154_Normalized.json,Kubernetes---kb_1154_Normalized.json::test_00004,invalid,passed,False,True,correct_reject,1.63274,0.083192,0.04008,0.042937,50,43
Kubernetes---kb_1155_Normalized.json,Kubernetes---kb_1155_Normalized.json::test_00000,valid,passed,True,True,correct_accept,0.299467,0.000478,0.000141,0.000292,13,13
Kubernetes---kb_1155_Normalized.json,Kubernetes---kb_1155_Normalized.json::test_00001,invalid,passed,False,True,correct_reject,0.299467,0.000285,7.7e-05,0.000184,15,6
Kubernetes---kb_1155_Normalized.json,Kubernetes---kb_1155_Normalized.json::test_00002,invalid,passed,False,True,correct_reject,0.299467,0.000352,0.0001,0.000218,13,11
Kubernetes---kb_1155_Normalized.json,Kubernetes---kb_1155_Normalized.json::test_00003,invalid,passed,False,True,correct_reject,0.299467,0.000166,2.9e-05,0.00012,13,4
Kubernetes---kb_1155_Normalized.json,Kubernetes---kb_1155_Normalized.json::test_00004,invalid,passed,False,True,correct_reject,0.299467,0.000452,0.000136,0.000279,15,13
Kubernetes---kb_1156_Normalized.json,Kubernetes---kb_1156_Normalized.json::test_00000,valid,passed,True,True,correct_accept,0.306103,0.000397,0.000117,0.00024,13,13
Kubernetes---kb_1156_Normalized.json,Kubernetes---kb_1156_Normalized.json::test_00001,invalid,passed,False,True,correct_reject,0.306103,0.000413,0.000138,0.000247,15,6
Kubernetes---kb_1156_Normalized.json,Kubernetes---kb_1156_Normalized.json::test_00002,invalid,passed,False,True,correct_reject,0.306103,0.00014,2.9e-05,9.7e-05,13,4
Kubernetes---kb_1156_Normalized.json,Kubernetes---kb_1156_Normalized.json::test_00003,invalid,passed,False,True,correct_reject,0.306103,0.000461,0.000153,0.000276,13,11
Kubernetes---kb_1156_Normalized.json,Kubernetes---kb_1156_Normalized.json::test_00004,invalid,passed,False,True,correct_reject,0.306103,0.000231,4.4e-05,0.000169,13,4
Kubernetes---kb_1157_Normalized.json,Kubernetes---kb_1157_Normalized.json::test_00000,valid,passed,True,True,correct_accept,2.7964,0.233262,0.107668,0.12518,75,75
Kubernetes---kb_1157_Normalized.json,Kubernetes---kb_1157_Normalized.json::test_00001,invalid,passed,False,True,correct_reject,2.7964,0.247964,0.116263,0.131298,75,73
Kubernetes---kb_1157_Normalized.json,Kubernetes---kb_1157_Normalized.json::test_00002,invalid,passed,False,True,correct_reject,2.7964,0.23156,0.106226,0.124941,76,73
Kubernetes---kb_1157_Normalized.json,Kubernetes---kb_1157_Normalized.json::test_00003,valid,passed,True,True,correct_accept,2.7964,0.181243,0.0873,0.093635,70,70
Kubernetes---kb_1157_Normalized.json,Kubernetes---kb_1157_Normalized.json::test_00004,invalid,passed,False,True,correct_reject,2.7964,0.130187,0.062335,0.067604,65,58
Kubernetes---kb_1158_Normalized.json,Kubernetes---kb_1158_Normalized.json::test_00000,valid,passed,True,True,correct_accept,2.83963,0.179834,0.081936,0.097536,70,70
Kubernetes---kb_1158_Normalized.json,Kubernetes---kb_1158_Normalized.json::test_00001,invalid,passed,False,True,correct_reject,2.83963,0.207219,0.093325,0.113518,70,68
Kubernetes---kb_1158_Normalized.json,Kubernetes---kb_1158_Normalized.json::test_00002,invalid,passed,False,True,correct_reject,2.83963,0.19947,0.090386,0.108726,71,68
Kubernetes---kb_1158_Normalized.json,Kubernetes---kb_1158_Normalized.json::test_00003,invalid,passed,False,True,correct_reject,2.83963,0.194734,0.090007,0.104386,70,68
Kubernetes---kb_1158_Normalized.json,Kubernetes---kb_1158_Normalized.json::test_00004,valid,passed,True,True,correct_accept,2.83963,0.116862,0.05219,0.064424,47,47
Kubernetes---kb_1158_Normalized.json,Kubernetes---kb_1158_Normalized.json::test_00005,invalid,passed,False,True,correct_reject,2.83963,0.06983,0.032856,0.036817,41,40
Kubernetes---kb_1159_Normalized.json,Kubernetes---kb_1159_Normalized.json::test_00000,valid,passed,True,True,correct_accept,0.915072,0.165609,0.0753,0.090034,44,44
Kubernetes---kb_1159_Normalized.json,Kubernetes---kb_1159_Normalized.json::test_00001,invalid,passed,False,True,correct_reject,0.93711,0.002527,0.002368,0.00013,37,9
Kubernetes---kb_1159_Normalized.json,Kubernetes---kb_1159_Normalized.json::test_00002,invalid,passed,False,True,correct_reject,0.93711,0.000143,1.6e-05,0.000105,36,8
Kubernetes---kb_1159_Normalized.json,Kubernetes---kb_1159_Normalized.json::test_00003,valid,passed,True,True,correct_accept,0.93711,0.205494,0.095677,0.109545,44,44
Kubernetes---kb_1159_Normalized.json,Kubernetes---kb_1159_Normalized.json::test_00004,invalid,passed,False,True,correct_reject,0.93711,0.001948,0.001756,0.000153,37,9
Kubernetes---kb_1159_Normalized.json,Kubernetes---kb_1159_Normalized.json::test_00005,invalid,passed,False,True,correct_reject,0.93711,0.000183,2.5e-05,0.00013,37,9
Kubernetes---kb_115_Normalized.json,Kubernetes---kb_115_Normalized.json::test_00000,valid,failed,False,True,over_constraint,1.2782,0.061054,0.027174,0.033768,51,17
Kubernetes---kb_115_Normalized.json,Kubernetes---kb_115_Normalized.json::test_00001,invalid,passed,False,True,correct_reject,1.2782,0.002664,0.002626,1.3e-05,19,4
Kubernetes---kb_115_Normalized.json,Kubernetes---kb_115_Normalized.json::test_00002,invalid,passed,False,True,correct_reject,1.2782,3.4e-05,8e-06,7e-06,19,5
Kubernetes---kb_115_Normalized.json,Kubernetes---kb_115_Normalized.json::test_00003,valid,passed,True,True,correct_accept,1.2782,0.184834,0.085866,0.098674,55,55
Kubernetes---kb_115_Normalized.json,Kubernetes---kb_115_Normalized.json::test_00004,invalid,passed,False,True,correct_reject,1.2782,3.2e-05,6e-06,8e-06,19,5
Kubernetes---kb_115_Normalized.json,Kubernetes---kb_115_Normalized.json::test_00005,invalid,passed,False,True,correct_reject,1.2782,0.059857,0.026326,0.03342,70,25
Kubernetes---kb_1160_Normalized.json,Kubernetes---kb_1160_Normalized.json::test_00000,valid,passed,True,True,correct_accept,0.68391,0.144124,0.066139,0.077773,39,39
Kubernetes---kb_1160_Normalized.json,Kubernetes---kb_1160_Normalized.json::test_00001,invalid,passed,False,True,correct_reject,0.68391,0.002443,0.002314,0.000109,36,9
Kubernetes---kb_1160_Normalized.json,Kubernetes---kb_1160_Normalized.json::test_00002,valid,passed,True,True,correct_accept,0.675353,0.113073,0.051284,0.061596,40,40
Kubernetes---kb_1160_Normalized.json,Kubernetes---kb_1160_Normalized.json::test_00003,invalid,passed,False,True,correct_reject,0.675353,0.002016,0.001918,7.5e-05,37,9
Kubernetes---kb_1160_Normalized.json,Kubernetes---kb_1160_Normalized.json::test_00004,invalid,passed,False,True,correct_reject,0.675353,0.000144,3.5e-05,8.2e-05,37,9
Kubernetes---kb_116_Normalized.json,Kubernetes---kb_116_Normalized.json::test_00000,valid,failed,False,True,over_constraint,1.19426,0.071832,0.030803,0.040917,55,19
Kubernetes---kb_116_Normalized.json,Kubernetes---kb_116_Normalized.json::test_00001,invalid,passed,False,True,correct_reject,1.19426,0.002712,0.002681,1e-05,23,4
Kubernetes---kb_116_Normalized.json,Kubernetes---kb_116_Normalized.json::test_00002,invalid,passed,False,True,correct_reject,1.19426,0.126112,0.057823,0.068086,53,47
Kubernetes---kb_116_Normalized.json,Kubernetes---kb_116_Normalized.json::test_00003,valid,passed,True,True,correct_accept,1.3367,0.158284,0.072051,0.085956,55,55
Kubernetes---kb_116_Normalized.json,Kubernetes---kb_116_Normalized.json::test_00004,invalid,passed,False,True,correct_reject,1.3367,2.9e-05,5e-06,6e-06,19,5
Kubernetes---kb_116_Normalized.json,Kubernetes---kb_116_Normalized.json::test_00005,invalid,passed,False,True,correct_reject,1.3367,0.084254,0.038971,0.045177,80,20
Kubernetes---kb_117_Normalized.json,Kubernetes---kb_117_Normalized.json::test_00000,valid,passed,True,True,correct_accept,1.1552,0.181152,0.083538,0.097312,62,62
Kubernetes---kb_117_Normalized.json,Kubernetes---kb_117_Normalized.json::test_00001,invalid,passed,False,True,correct_reject,1.1552,0.000169,1.7e-05,0.000131,62,5
Kubernetes---kb_117_Normalized.json,Kubernetes---kb_117_Normalized.json::test_00002,valid,passed,True,True,correct_accept,1.1552,0.159489,0.072408,0.086803,62,62
Kubernetes---kb_117_Normalized.json,Kubernetes---kb_117_Normalized.json::test_00003,invalid,passed,False,True,correct_reject,1.1552,0.000193,3e-05,0.000142,62,5
Kubernetes---kb_118_Normalized.json,Kubernetes---kb_118_Normalized.json::test_00000,valid,passed,True,True,correct_accept,1.41495,0.151169,0.068411,0.082487,58,58
Kubernetes---kb_118_Normalized.json,Kubernetes---kb_118_Normalized.json::test_00001,invalid,passed,False,True,correct_reject,1.41495,0.000204,2.9e-05,0.000153,58,5
Kubernetes---kb_118_Normalized.json,Kubernetes---kb_118_Normalized.json::test_00002,valid,passed,True,True,correct_accept,1.41495,0.151412,0.071724,0.079411,58,58
Kubernetes---kb_118_Normalized.json,Kubernetes---kb_118_Normalized.json::test_00003,invalid,passed,False,True,correct_reject,1.41495,0.000217,3.3e-05,0.000161,59,5
Kubernetes---kb_119_Normalized.json,Kubernetes---kb_119_Normalized.json::test_00000,valid,passed,True,True,correct_accept,33.0737,1.13559,0.524925,0.608939,456,456
Kubernetes---kb_119_Normalized.json,Kubernetes---kb_119_Normalized.json::test_00001,valid,passed,True,True,correct_accept,33.0737,0.440677,0.206684,0.23324,208,208
Kubernetes---kb_11_Normalized.json,Kubernetes---kb_11_Normalized.json::test_00000,valid,passed,True,True,correct_accept,0.228063,0.032286,0.013934,0.0183,9,9
Kubernetes---kb_11_Normalized.json,Kubernetes---kb_11_Normalized.json::test_00001,invalid,passed,False,True,correct_reject,0.228063,0.00307,0.002937,0.000114,6,5
Kubernetes---kb_120_Normalized.json,Kubernetes---kb_120_Normalized.json::test_00000,valid,passed,True,True,correct_accept,32.0033,0.348826,0.159107,0.189008,211,211
Kubernetes---kb_120_Normalized.json,Kubernetes---kb_120_Normalized.json::test_00001,valid,passed,True,True,correct_accept,32.0033,0.670632,0.311313,0.358029,289,289
Kubernetes---kb_120_Normalized.json,Kubernetes---kb_120_Normalized.json::test_00002,invalid,passed,False,True,correct_reject,32.0033,0.181424,0.083493,0.097642,287,44
Kubernetes---kb_120_Normalized.json,Kubernetes---kb_120_Normalized.json::test_00003,invalid,passed,False,True,correct_reject,32.0033,0.171413,0.078872,0.092274,326,44
Kubernetes---kb_121_Normalized.json,Kubernetes---kb_121_Normalized.json::test_00000,valid,passed,True,True,correct_accept,0.503857,0.201377,0.091484,0.109627,46,46
Kubernetes---kb_121_Normalized.json,Kubernetes---kb_121_Normalized.json::test_00001,invalid,passed,False,True,correct_reject,0.503857,0.080446,0.036856,0.043485,33,22
Kubernetes---kb_121_Normalized.json,Kubernetes---kb_121_Normalized.json::test_00002,invalid,passed,False,True,correct_reject,0.503857,2.2e-05,8e-06,3e-06,29,4
Kubernetes---kb_121_Normalized.json,Kubernetes---kb_121_Normalized.json::test_00003,invalid,passed,False,True,correct_reject,0.503857,0.112327,0.052021,0.060166,31,21
Kubernetes---kb_121_Normalized.json,Kubernetes---kb_121_Normalized.json::test_00004,invalid,passed,False,True,correct_reject,0.503857,0.095145,0.042483,0.052541,32,22
Kubernetes---kb_122_Normalized.json,Kubernetes---kb_122_Normalized.json::test_00000,valid,passed,True,True,correct_accept,0.516065,0.217392,0.098489,0.118627,46,46
Kubernetes---kb_122_Normalized.json,Kubernetes---kb_122_Normalized.json::test_00001,invalid,passed,False,True,correct_reject,0.516065,0.11066,0.050121,0.060405,33,22
Kubernetes---kb_122_Normalized.json,Kubernetes---kb_122_Normalized.json::test_00002,invalid,passed,False,True,correct_reject,0.516065,2.7e-05,9e-06,4e-06,29,4
Kubernetes---kb_122_Normalized.json,Kubernetes---kb_122_Normalized.json::test_00003,invalid,passed,False,True,correct_reject,0.516065,3e-05,7e-06,6e-06,15,5
Kubernetes---kb_123_Normalized.json,Kubernetes---kb_123_Normalized.json::test_00000,valid,passed,True,True,correct_accept,0.70413,0.134473,0.0619,0.072354,41,41
Kubernetes---kb_123_Normalized.json,Kubernetes---kb_123_Normalized.json::test_00001,invalid,passed,False,True,correct_reject,0.70413,0.001569,0.00141,0.00014,41,5
Kubernetes---kb_123_Normalized.json,Kubernetes---kb_123_Normalized.json::test_00002,invalid,passed,False,True,correct_reject,0.70413,0.076089,0.034727,0.041216,41,40
Kubernetes---kb_123_Normalized.json,Kubernetes---kb_123_Normalized.json::test_00003,invalid,passed,False,True,correct_reject,0.70413,0.000213,3.7e-05,0.000156,39,5
Kubernetes---kb_124_Normalized.json,Kubernetes---kb_124_Normalized.json::test_00000,valid,passed,True,True,correct_accept,0.741318,0.110726,0.051548,0.059006,41,41
Kubernetes---kb_124_Normalized.json,Kubernetes---kb_124_Normalized.json::test_00001,invalid,passed,False,True,correct_reject,0.814012,0.000169,2.2e-05,0.000124,41,5
Kubernetes---kb_124_Normalized.json,Kubernetes---kb_124_Normalized.json::test_00002,invalid,passed,False,True,correct_reject,0.814012,0.000167,3.1e-05,0.000119,39,5
Kubernetes---kb_125_Normalized.json,Kubernetes---kb_125_Normalized.json::test_00000,valid,passed,True,True,correct_accept,1.90044,0.098423,0.045399,0.052886,22,22
Kubernetes---kb_125_Normalized.json,Kubernetes---kb_125_Normalized.json::test_00001,invalid,passed,False,True,correct_reject,1.81527,0.000105,1.5e-05,6.7e-05,11,9
Kubernetes---kb_125_Normalized.json,Kubernetes---kb_125_Normalized.json::test_00002,valid,passed,True,True,correct_accept,1.81527,0.203129,0.092444,0.1104,81,81
Kubernetes---kb_126_Normalized.json,Kubernetes---kb_126_Normalized.json::test_00000,valid,passed,True,True,correct_accept,1.79824,0.136393,0.059717,0.076522,22,22
Kubernetes---kb_126_Normalized.json,Kubernetes---kb_126_Normalized.json::test_00001,invalid,passed,False,True,correct_reject,1.79824,0.00321,0.00303,0.000149,11,9
Kubernetes---kb_126_Normalized.json,Kubernetes---kb_126_Normalized.json::test_00002,valid,passed,True,True,correct_accept,1.79824,0.307197,0.140478,0.166298,80,80
Kubernetes---kb_127_Normalized.json,Kubernetes---kb_127_Normalized.json::test_00000,valid,passed,True,True,correct_accept,0.251255,0.092922,0.041367,0.051427,19,19
Kubernetes---kb_128_Normalized.json,Kubernetes---kb_128_Normalized.json::test_00000,valid,passed,True,True,correct_accept,0.235402,0.072213,0.032094,0.04002,19,19
Kubernetes---kb_129_Normalized.json,Kubernetes---kb_129_Normalized.json::test_00000,valid,passed,True,True,correct_accept,1.26158,0.354681,0.160758,0.193397,78,78
Kubernetes---kb_129_Normalized.json,Kubernetes---kb_129_Normalized.json::test_00001,invalid,passed,False,True,correct_reject,1.26158,0.002907,0.002717,0.000159,71,5
Kubernetes---kb_129_Normalized.json,Kubernetes---kb_129_Normalized.json::test_00002,invalid,passed,False,True,correct_reject,1.26158,0.070209,0.031476,0.038622,77,18
Kubernetes---kb_129_Normalized.json,Kubernetes---kb_129_Normalized.json::test_00003,valid,passed,True,True,correct_accept,1.26158,0.304081,0.138497,0.165167,77,77
Kubernetes---kb_12_Normalized.json,Kubernetes---kb_12_Normalized.json::test_00000,valid,passed,True,True,correct_accept,0.25098,0.044552,0.019869,0.024619,9,9
Kubernetes---kb_12_Normalized.json,Kubernetes---kb_12_Normalized.json::test_00001,invalid,passed,False,True,correct_reject,0.25098,0.002641,0.002456,0.000158,6,5
Kubernetes---kb_12_Normalized.json,Kubernetes---kb_12_Normalized.json::test_00002,invalid,passed,False,True,correct_reject,0.25098,0.00016,2.6e-05,0.000115,5,4
Kubernetes---kb_130_Normalized.json,Kubernetes---kb_130_Normalized.json::test_00000,valid,passed,True,True,correct_accept,1.50057,0.333669,0.149812,0.183386,77,77
Kubernetes---kb_130_Normalized.json,Kubernetes---kb_130_Normalized.json::test_00001,invalid,passed,False,True,correct_reject,1.50057,0.001792,0.001651,0.000123,71,5
Kubernetes---kb_130_Normalized.json,Kubernetes---kb_130_Normalized.json::test_00002,invalid,passed,False,True,correct_reject,1.50057,0.061244,0.027521,0.033639,77,17
Kubernetes---kb_130_Normalized.json,Kubernetes---kb_130_Normalized.json::test_00003,valid,passed,True,True,correct_accept,1.50057,0.270143,0.123513,0.14621,77,77
Kubernetes---kb_130_Normalized.json,Kubernetes---kb_130_Normalized.json::test_00004,invalid,passed,False,True,correct_reject,1.50057,0.001541,0.001414,0.000108,71,5
Kubernetes---kb_130_Normalized.json,Kubernetes---kb_130_Normalized.json::test_00005,invalid,passed,False,True,correct_reject,1.50057,0.051728,0.023753,0.027875,77,17
Kubernetes---kb_131_Normalized.json,Kubernetes---kb_131_Normalized.json::test_00000,valid,passed,True,True,correct_accept,0.402237,0.088774,0.03999,0.048646,20,20
Kubernetes---kb_131_Normalized.json,Kubernetes---kb_131_Normalized.json::test_00001,invalid,passed,False,True,correct_reject,0.402237,0.001627,0.001471,0.000132,13,5
Kubernetes---kb_131_Normalized.json,Kubernetes---kb_131_Normalized.json::test_00002,invalid,passed,False,True,correct_reject,0.38324,0.073002,0.031548,0.041343,19,18
Kubernetes---kb_131_Normalized.json,Kubernetes---kb_131_Normalized.json::test_00003,valid,passed,True,True,correct_accept,0.38324,0.129182,0.056888,0.072131,23,23
Kubernetes---kb_131_Normalized.json,Kubernetes---kb_131_Normalized.json::test_00004,invalid,passed,False,True,correct_reject,0.38324,0.002936,0.002759,0.000154,16,5
Kubernetes---kb_131_Normalized.json,Kubernetes---kb_131_Normalized.json::test_00005,invalid,passed,False,True,correct_reject,0.38324,0.066176,0.029074,0.037007,19,18
Kubernetes---kb_132_Normalized.json,Kubernetes---kb_132_Normalized.json::test_00000,valid,passed,True,True,correct_accept,0.419777,0.089718,0.03958,0.049999,20,20
Kubernetes---kb_132_Normalized.json,Kubernetes---kb_132_Normalized.json::test_00001,invalid,passed,False,True,correct_reject,0.419777,0.001605,0.001451,0.000131,13,5
Kubernetes---kb_132_Normalized.json,Kubernetes---kb_132_Normalized.json::test_00002,invalid,passed,False,True,correct_reject,0.419777,0.066164,0.029991,0.036063,19,18
Kubernetes---kb_132_Normalized.json,Kubernetes---kb_132_Normalized.json::test_00003,valid,passed,True,True,correct_accept,0.419777,0.082105,0.036948,0.045035,20,20
Kubernetes---kb_132_Normalized.json,Kubernetes---kb_132_Normalized.json::test_00004,invalid,passed,False,True,correct_reject,0.419777,0.00168,0.001529,0.00013,14,5
Kubernetes---kb_132_Normalized.json,Kubernetes---kb_132_Normalized.json::test_00005,invalid,passed,False,True,correct_reject,0.419777,0.000156,2.3e-05,0.000116,14,5
Kubernetes---kb_133_Normalized.json,Kubernetes---kb_133_Normalized.json::test_00000,valid,passed,True,True,correct_accept,4.73219,0.89862,0.410792,0.486624,211,211
Kubernetes---kb_133_Normalized.json,Kubernetes---kb_133_Normalized.json::test_00001,invalid,passed,False,True,correct_reject,4.73219,0.739434,0.339496,0.398916,211,178
Kubernetes---kb_133_Normalized.json,Kubernetes---kb_133_Normalized.json::test_00002,invalid,passed,False,True,correct_reject,4.73219,0.000207,6.1e-05,0.000122,208,6
Kubernetes---kb_133_Normalized.json,Kubernetes---kb_133_Normalized.json::test_00003,invalid,passed,False,True,correct_reject,4.73219,0.65461,0.300716,0.352978,199,197
Kubernetes---kb_133_Normalized.json,Kubernetes---kb_133_Normalized.json::test_00004,valid,passed,True,True,correct_accept,4.73219,0.526225,0.243474,0.28203,163,163
Kubernetes---kb_134_Normalized.json,Kubernetes---kb_134_Normalized.json::test_00000,valid,passed,True,True,correct_accept,4.98292,3.77373,1.68019,2.08944,666,666
Kubernetes---kb_134_Normalized.json,Kubernetes---kb_134_Normalized.json::test_00001,invalid,passed,False,True,correct_reject,4.98292,0.000179,2.5e-05,0.000129,587,6
Kubernetes---kb_134_Normalized.json,Kubernetes---kb_134_Normalized.json::test_00002,valid,passed,True,True,correct_accept,4.98292,0.563252,0.261307,0.301157,165,165
Kubernetes---kb_134_Normalized.json,Kubernetes---kb_134_Normalized.json::test_00003,invalid,passed,False,True,correct_reject,4.98292,0.352541,0.163294,0.18871,155,151
Kubernetes---kb_134_Normalized.json,Kubernetes---kb_134_Normalized.json::test_00004,invalid,passed,False,True,correct_reject,4.98292,0.16294,0.074175,0.088494,244,56
Kubernetes---kb_135_Normalized.json,Kubernetes---kb_135_Normalized.json::test_00000,valid,failed,False,True,over_constraint,45.8295,0.065895,0.031018,0.034756,264,36
Kubernetes---kb_135_Normalized.json,Kubernetes---kb_135_Normalized.json::test_00001,invalid,passed,False,True,correct_reject,45.8295,0.050788,0.024426,0.02625,277,36
Kubernetes---kb_135_Normalized.json,Kubernetes---kb_135_Normalized.json::test_00002,invalid,passed,False,True,correct_reject,45.8295,0.538613,0.251473,0.286304,264,180
Kubernetes---kb_135_Normalized.json,Kubernetes---kb_135_Normalized.json::test_00003,invalid,passed,False,True,correct_reject,45.8295,3.4e-05,1.6e-05,3e-06,262,6
Kubernetes---kb_135_Normalized.json,Kubernetes---kb_135_Normalized.json::test_00004,invalid,passed,False,True,correct_reject,45.8295,0.06319,0.028439,0.034623,264,36
Kubernetes---kb_135_Normalized.json,Kubernetes---kb_135_Normalized.json::test_00005,invalid,passed,False,True,correct_reject,46.5689,0.078915,0.036121,0.042653,264,36
Kubernetes---kb_135_Normalized.json,Kubernetes---kb_135_Normalized.json::test_00006,invalid,passed,False,True,correct_reject,45.8295,0.069585,0.032797,0.036662,264,36
Kubernetes---kb_135_Normalized.json,Kubernetes---kb_135_Normalized.json::test_00007,valid,passed,True,True,correct_accept,45.8295,0.571853,0.264297,0.306742,173,173
Kubernetes---kb_135_Normalized.json,Kubernetes---kb_135_Normalized.json::test_00008,invalid,passed,False,True,correct_reject,45.8295,0.605849,0.287937,0.317084,173,158
Kubernetes---kb_135_Normalized.json,Kubernetes---kb_135_Normalized.json::test_00009,invalid,passed,False,True,correct_reject,45.8295,0.644492,0.302438,0.34114,180,165
Kubernetes---kb_136_Normalized.json,Kubernetes---kb_136_Normalized.json::test_00000,valid,passed,True,True,correct_accept,47.9091,0.491383,0.229192,0.261373,172,172
Kubernetes---kb_136_Normalized.json,Kubernetes---kb_136_Normalized.json::test_00001,invalid,passed,False,True,correct_reject,47.9091,0.733778,0.348913,0.383978,174,157
Kubernetes---kb_136_Normalized.json,Kubernetes---kb_136_Normalized.json::test_00002,invalid,passed,False,True,correct_reject,47.9091,0.413851,0.193312,0.219891,172,157
Kubernetes---kb_137_Normalized.json,Kubernetes---kb_137_Normalized.json::test_00000,valid,failed,False,True,over_constraint,47.5113,0.061184,0.028063,0.032963,197,38
Kubernetes---kb_137_Normalized.json,Kubernetes---kb_137_Normalized.json::test_00001,invalid,passed,False,True,correct_reject,47.5113,0.060018,0.028045,0.031808,217,38
Kubernetes---kb_137_Normalized.json,Kubernetes---kb_137_Normalized.json::test_00002,invalid,passed,False,True,correct_reject,47.5113,0.059773,0.027906,0.031711,197,38
Kubernetes---kb_137_Normalized.json,Kubernetes---kb_137_Normalized.json::test_00003,invalid,passed,False,True,correct_reject,47.5113,0.499057,0.229311,0.269021,218,128
Kubernetes---kb_137_Normalized.json,Kubernetes---kb_137_Normalized.json::test_00004,invalid,passed,False,True,correct_reject,47.5113,0.500631,0.232997,0.266885,239,135
Kubernetes---kb_137_Normalized.json,Kubernetes---kb_137_Normalized.json::test_00005,valid,passed,True,True,correct_accept,47.5113,0.783952,0.362835,0.419961,190,190
Kubernetes---kb_137_Normalized.json,Kubernetes---kb_137_Normalized.json::test_00006,invalid,passed,False,True,correct_reject,47.5113,0.655284,0.299963,0.354345,184,177
Kubernetes---kb_137_Normalized.json,Kubernetes---kb_137_Normalized.json::test_00007,invalid,passed,False,True,correct_reject,47.5113,0.059887,0.027897,0.031852,184,38
Kubernetes---kb_138_Normalized.json,Kubernetes---kb_138_Normalized.json::test_00000,valid,failed,False,True,over_constraint,44.5196,0.091068,0.041203,0.049703,96,36
Kubernetes---kb_138_Normalized.json,Kubernetes---kb_138_Normalized.json::test_00001,invalid,passed,False,True,correct_reject,44.5196,0.118022,0.058308,0.059542,114,36
Kubernetes---kb_138_Normalized.json,Kubernetes---kb_138_Normalized.json::test_00002,invalid,passed,False,True,correct_reject,44.5196,0.000197,3.5e-05,0.000139,94,6
Kubernetes---kb_138_Normalized.json,Kubernetes---kb_138_Normalized.json::test_00003,invalid,passed,False,True,correct_reject,44.5196,0.296795,0.143304,0.153081,95,80
Kubernetes---kb_138_Normalized.json,Kubernetes---kb_138_Normalized.json::test_00004,invalid,passed,False,True,correct_reject,44.5196,0.027956,0.013048,0.014854,100,14
Kubernetes---kb_138_Normalized.json,Kubernetes---kb_138_Normalized.json::test_00005,invalid,passed,False,True,correct_reject,44.5196,0.122489,0.055936,0.066375,112,36
Kubernetes---kb_138_Normalized.json,Kubernetes---kb_138_Normalized.json::test_00006,valid,passed,True,True,correct_accept,44.5196,0.833153,0.391039,0.440904,214,214
Kubernetes---kb_138_Normalized.json,Kubernetes---kb_138_Normalized.json::test_00007,invalid,passed,False,True,correct_reject,44.5196,0.433699,0.201545,0.231569,214,135
Kubernetes---kb_138_Normalized.json,Kubernetes---kb_138_Normalized.json::test_00008,invalid,passed,False,True,correct_reject,44.5196,0.537375,0.250669,0.285922,214,135
Kubernetes---kb_138_Normalized.json,Kubernetes---kb_138_Normalized.json::test_00009,invalid,passed,False,True,correct_reject,44.5196,0.114791,0.053475,0.061119,234,36
Kubernetes---kb_139_Normalized.json,Kubernetes---kb_139_Normalized.json::test_00000,valid,failed,False,True,over_constraint,81.0401,0.287952,0.131919,0.155608,176,68
Kubernetes---kb_139_Normalized.json,Kubernetes---kb_139_Normalized.json::test_00001,invalid,passed,False,True,correct_reject,81.0401,0.000271,0.000229,1.4e-05,48,13
Kubernetes---kb_139_Normalized.json,Kubernetes---kb_139_Normalized.json::test_00002,invalid,passed,False,True,correct_reject,81.0401,0.271341,0.122878,0.148004,171,68
Kubernetes---kb_139_Normalized.json,Kubernetes---kb_139_Normalized.json::test_00003,invalid,passed,False,True,correct_reject,81.0401,0.3015,0.135761,0.165364,176,68
Kubernetes---kb_139_Normalized.json,Kubernetes---kb_139_Normalized.json::test_00004,invalid,passed,False,True,correct_reject,81.0401,0.252952,0.114675,0.137917,177,68
Kubernetes---kb_139_Normalized.json,Kubernetes---kb_139_Normalized.json::test_00005,valid,failed,False,True,over_constraint,81.0401,0.241762,0.11014,0.131288,256,68
Kubernetes---kb_13_Normalized.json,Kubernetes---kb_13_Normalized.json::test_00000,valid,passed,True,True,correct_accept,0.468882,0.020567,0.009052,0.011444,12,12
Kubernetes---kb_13_Normalized.json,Kubernetes---kb_13_Normalized.json::test_00001,invalid,passed,False,True,correct_reject,0.468882,0.000165,2.1e-05,0.000125,12,6
Kubernetes---kb_142_Normalized.json,Kubernetes---kb_142_Normalized.json::test_00000,valid,failed,False,True,over_constraint,86.0411,0.250514,0.114343,0.135787,229,74
Kubernetes---kb_142_Normalized.json,Kubernetes---kb_142_Normalized.json::test_00001,invalid,passed,False,True,correct_reject,86.0411,0.031946,0.014957,0.016924,50,14
Kubernetes---kb_142_Normalized.json,Kubernetes---kb_142_Normalized.json::test_00002,invalid,passed,False,True,correct_reject,86.0411,0.409424,0.192622,0.216298,229,74
Kubernetes---kb_142_Normalized.json,Kubernetes---kb_142_Normalized.json::test_00003,invalid,passed,False,True,correct_reject,86.0411,0.000491,0.000325,0.000143,226,6
Kubernetes---kb_142_Normalized.json,Kubernetes---kb_142_Normalized.json::test_00004,invalid,passed,False,True,correct_reject,86.0411,0.372979,0.170965,0.201528,229,74
Kubernetes---kb_142_Normalized.json,Kubernetes---kb_142_Normalized.json::test_00005,invalid,passed,False,True,correct_reject,86.0411,0.402353,0.184947,0.21694,231,74
Kubernetes---kb_142_Normalized.json,Kubernetes---kb_142_Normalized.json::test_00006,invalid,passed,False,True,correct_reject,86.0411,0.324041,0.147777,0.175817,246,74
Kubernetes---kb_142_Normalized.json,Kubernetes---kb_142_Normalized.json::test_00007,invalid,passed,False,True,correct_reject,86.0411,0.371878,0.176607,0.194857,219,74
Kubernetes---kb_143_Normalized.json,Kubernetes---kb_143_Normalized.json::test_00000,valid,failed,False,True,over_constraint,62.8131,0.041438,0.018934,0.022366,76,45
Kubernetes---kb_143_Normalized.json,Kubernetes---kb_143_Normalized.json::test_00001,valid,failed,False,True,over_constraint,62.8131,0.040577,0.018987,0.021458,96,45
Kubernetes---kb_144_Normalized.json,Kubernetes---kb_144_Normalized.json::test_00000,valid,failed,False,True,over_constraint,63.285,0.046162,0.021149,0.024856,76,45
Kubernetes---kb_145_Normalized.json,Kubernetes---kb_145_Normalized.json::test_00000,valid,failed,False,True,over_constraint,65.3873,0.098563,0.043715,0.054674,78,45
Kubernetes---kb_146_Normalized.json,Kubernetes---kb_146_Normalized.json::test_00000,valid,failed,False,True,over_constraint,91.1571,0.075131,0.035284,0.039664,119,57
Kubernetes---kb_149_Normalized.json,Kubernetes---kb_149_Normalized.json::test_00000,valid,failed,False,True,over_constraint,47.7869,0.000354,7.6e-05,0.000218,87,24
Kubernetes---kb_149_Normalized.json,Kubernetes---kb_149_Normalized.json::test_00001,valid,failed,False,True,over_constraint,47.7869,6.1e-05,8e-06,1.7e-05,65,15
Kubernetes---kb_149_Normalized.json,Kubernetes---kb_149_Normalized.json::test_00002,invalid,passed,False,True,correct_reject,47.7869,2.3e-05,7e-06,4e-06,65,2
Kubernetes---kb_149_Normalized.json,Kubernetes---kb_149_Normalized.json::test_00003,invalid,passed,False,True,correct_reject,47.7869,2.8e-05,9e-06,5e-06,73,2
Kubernetes---kb_14_Normalized.json,Kubernetes---kb_14_Normalized.json::test_00000,valid,passed,True,True,correct_accept,0.497264,0.027402,0.014976,0.01235,12,12
Kubernetes---kb_14_Normalized.json,Kubernetes---kb_14_Normalized.json::test_00001,invalid,passed,False,True,correct_reject,0.497264,0.000214,2.9e-05,0.000156,12,6
Kubernetes---kb_14_Normalized.json,Kubernetes---kb_14_Normalized.json::test_00002,valid,passed,True,True,correct_accept,0.497264,0.027039,0.012928,0.014051,12,12
Kubernetes---kb_150_Normalized.json,Kubernetes---kb_150_Normalized.json::test_00000,valid,failed,False,True,over_constraint,49.4541,9.6e-05,2.3e-05,2.3e-05,59,15
Kubernetes---kb_150_Normalized.json,Kubernetes---kb_150_Normalized.json::test_00001,valid,failed,False,True,over_constraint,49.4541,0.000328,6.7e-05,0.000205,83,24
Kubernetes---kb_150_Normalized.json,Kubernetes---kb_150_Normalized.json::test_00002,invalid,passed,False,True,correct_reject,49.4541,2.4e-05,8e-06,4e-06,81,2
Kubernetes---kb_150_Normalized.json,Kubernetes---kb_150_Normalized.json::test_00003,invalid,passed,False,True,correct_reject,49.4541,1.8e-05,5e-06,3e-06,77,2
Kubernetes---kb_151_Normalized.json,Kubernetes---kb_151_Normalized.json::test_00000,valid,failed,False,True,over_constraint,46.8387,9.1e-05,2.3e-05,2.2e-05,65,15
Kubernetes---kb_151_Normalized.json,Kubernetes---kb_151_Normalized.json::test_00001,valid,failed,False,True,over_constraint,46.8387,5.9e-05,8e-06,1.6e-05,59,15
Kubernetes---kb_152_Normalized.json,Kubernetes---kb_152_Normalized.json::test_00000,valid,passed,True,True,correct_accept,2.86134,0.511399,0.238839,0.271784,140,140
Kubernetes---kb_152_Normalized.json,Kubernetes---kb_152_Normalized.json::test_00001,invalid,passed,False,True,correct_reject,2.86134,0.002812,0.002771,1.3e-05,28,4
Kubernetes---kb_152_Normalized.json,Kubernetes---kb_152_Normalized.json::test_00002,invalid,passed,False,True,correct_reject,2.86134,0.43811,0.208646,0.228801,137,113
Kubernetes---kb_152_Normalized.json,Kubernetes---kb_152_Normalized.json::test_00003,invalid,passed,False,True,correct_reject,2.86134,0.000177,2.3e-05,0.000129,147,9
Kubernetes---kb_152_Normalized.json,Kubernetes---kb_152_Normalized.json::test_00004,invalid,passed,False,True,correct_reject,2.86134,4.5e-05,1.7e-05,9e-06,30,4
Kubernetes---kb_152_Normalized.json,Kubernetes---kb_152_Normalized.json::test_00005,invalid,passed,False,True,correct_reject,2.86134,0.000176,2e-05,0.00013,146,9
Kubernetes---kb_153_Normalized.json,Kubernetes---kb_153_Normalized.json::test_00000,valid,passed,True,True,correct_accept,2.93872,0.52074,0.24157,0.278409,140,140
Kubernetes---kb_153_Normalized.json,Kubernetes---kb_153_Normalized.json::test_00001,invalid,passed,False,True,correct_reject,2.93872,0.001645,0.001618,9e-06,30,4
Kubernetes---kb_153_Normalized.json,Kubernetes---kb_153_Normalized.json::test_00002,invalid,passed,False,True,correct_reject,2.93872,0.156655,0.07138,0.084994,139,54
Kubernetes---kb_153_Normalized.json,Kubernetes---kb_153_Normalized.json::test_00003,invalid,passed,False,True,correct_reject,2.93872,3.1e-05,1.1e-05,6e-06,28,4
Kubernetes---kb_153_Normalized.json,Kubernetes---kb_153_Normalized.json::test_00004,invalid,passed,False,True,correct_reject,2.85931,0.383101,0.178924,0.203525,137,113
Kubernetes---kb_153_Normalized.json,Kubernetes---kb_153_Normalized.json::test_00005,valid,passed,True,True,correct_accept,2.93872,0.285817,0.131867,0.153516,80,80
Kubernetes---kb_153_Normalized.json,Kubernetes---kb_153_Normalized.json::test_00006,invalid,passed,False,True,correct_reject,2.93872,0.001526,0.001501,9e-06,25,4
Kubernetes---kb_153_Normalized.json,Kubernetes---kb_153_Normalized.json::test_00007,invalid,passed,False,True,correct_reject,2.93872,0.000148,1e-05,0.000114,77,8
Kubernetes---kb_154_Normalized.json,Kubernetes---kb_154_Normalized.json::test_00000,valid,passed,True,True,correct_accept,2.62865,0.533286,0.246479,0.286096,140,140
Kubernetes---kb_154_Normalized.json,Kubernetes---kb_154_Normalized.json::test_00001,invalid,passed,False,True,correct_reject,2.62865,0.001369,0.001349,6e-06,26,4
Kubernetes---kb_154_Normalized.json,Kubernetes---kb_154_Normalized.json::test_00002,invalid,passed,False,True,correct_reject,2.62865,0.132279,0.060262,0.071797,175,47
Kubernetes---kb_154_Normalized.json,Kubernetes---kb_154_Normalized.json::test_00003,invalid,passed,False,True,correct_reject,2.62865,0.395641,0.186836,0.208214,143,121
Kubernetes---kb_154_Normalized.json,Kubernetes---kb_154_Normalized.json::test_00004,invalid,passed,False,True,correct_reject,2.62865,2.5e-05,6e-06,5e-06,27,4
Kubernetes---kb_154_Normalized.json,Kubernetes---kb_154_Normalized.json::test_00005,invalid,passed,False,True,correct_reject,2.62865,0.122798,0.057929,0.06465,139,47
Kubernetes---kb_155_Normalized.json,Kubernetes---kb_155_Normalized.json::test_00000,valid,passed,True,True,correct_accept,0.572573,0.084317,0.03718,0.046986,22,22
Kubernetes---kb_155_Normalized.json,Kubernetes---kb_155_Normalized.json::test_00001,invalid,passed,False,True,correct_reject,0.572573,0.002144,0.001909,0.000203,21,6
Kubernetes---kb_155_Normalized.json,Kubernetes---kb_155_Normalized.json::test_00002,invalid,passed,False,True,correct_reject,0.572573,0.041103,0.018794,0.022215,20,19
Kubernetes---kb_156_Normalized.json,Kubernetes---kb_156_Normalized.json::test_00000,valid,passed,True,True,correct_accept,0.571622,0.077802,0.03519,0.042461,22,22
Kubernetes---kb_156_Normalized.json,Kubernetes---kb_156_Normalized.json::test_00001,invalid,passed,False,True,correct_reject,0.571622,0.001756,0.00157,0.000161,21,6
Kubernetes---kb_156_Normalized.json,Kubernetes---kb_156_Normalized.json::test_00002,invalid,passed,False,True,correct_reject,0.571622,0.044816,0.020402,0.024294,20,19
Kubernetes---kb_156_Normalized.json,Kubernetes---kb_156_Normalized.json::test_00003,invalid,passed,False,True,correct_reject,0.571622,0.000315,4.7e-05,0.000236,21,6
Kubernetes---kb_156_Normalized.json,Kubernetes---kb_156_Normalized.json::test_00004,invalid,passed,False,True,correct_reject,0.571622,0.025103,0.011266,0.013767,22,13
Kubernetes---kb_157_Normalized.json,Kubernetes---kb_157_Normalized.json::test_00000,valid,passed,True,True,correct_accept,0.585706,0.077137,0.034407,0.042578,22,22
Kubernetes---kb_157_Normalized.json,Kubernetes---kb_157_Normalized.json::test_00001,invalid,passed,False,True,correct_reject,0.585706,0.002416,0.002228,0.000159,21,6
Kubernetes---kb_157_Normalized.json,Kubernetes---kb_157_Normalized.json::test_00002,invalid,passed,False,True,correct_reject,0.585706,0.04243,0.019553,0.02278,20,19
Kubernetes---kb_157_Normalized.json,Kubernetes---kb_157_Normalized.json::test_00003,invalid,passed,False,True,correct_reject,0.585706,0.000165,1.6e-05,0.00013,20,5
Kubernetes---kb_157_Normalized.json,Kubernetes---kb_157_Normalized.json::test_00004,invalid,passed,False,True,correct_reject,0.585706,0.025485,0.011292,0.014124,30,13
Kubernetes---kb_158_Normalized.json,Kubernetes---kb_158_Normalized.json::test_00000,valid,passed,True,True,correct_accept,0.599803,0.111259,0.0504,0.060677,22,22
Kubernetes---kb_158_Normalized.json,Kubernetes---kb_158_Normalized.json::test_00001,invalid,passed,False,True,correct_reject,0.599803,0.001803,0.001607,0.000167,21,6
Kubernetes---kb_158_Normalized.json,Kubernetes---kb_158_Normalized.json::test_00002,invalid,passed,False,True,correct_reject,0.599803,0.043246,0.019927,0.023221,20,19
Kubernetes---kb_158_Normalized.json,Kubernetes---kb_158_Normalized.json::test_00003,invalid,passed,False,True,correct_reject,0.599803,0.00019,1.6e-05,0.000155,20,5
Kubernetes---kb_159_Normalized.json,Kubernetes---kb_159_Normalized.json::test_00000,valid,passed,True,True,correct_accept,35.8634,0.086277,0.041316,0.04474,69,69
Kubernetes---kb_159_Normalized.json,Kubernetes---kb_159_Normalized.json::test_00001,invalid,passed,False,True,correct_reject,35.8634,0.082381,0.040097,0.042085,72,70
Kubernetes---kb_159_Normalized.json,Kubernetes---kb_159_Normalized.json::test_00002,invalid,passed,False,True,correct_reject,35.8634,0.035055,0.017045,0.017892,70,46
Kubernetes---kb_159_Normalized.json,Kubernetes---kb_159_Normalized.json::test_00003,valid,passed,True,True,correct_accept,35.8634,0.148599,0.071983,0.07633,81,81
Kubernetes---kb_159_Normalized.json,Kubernetes---kb_159_Normalized.json::test_00004,invalid,passed,False,True,correct_reject,35.8634,0.090882,0.043969,0.04669,84,58
Kubernetes---kb_15_Normalized.json,Kubernetes---kb_15_Normalized.json::test_00000,valid,passed,True,True,correct_accept,0.42014,0.018664,0.008638,0.009974,12,12
Kubernetes---kb_15_Normalized.json,Kubernetes---kb_15_Normalized.json::test_00001,invalid,passed,False,True,correct_reject,0.42014,0.000169,1.7e-05,0.00013,12,6
Kubernetes---kb_15_Normalized.json,Kubernetes---kb_15_Normalized.json::test_00002,valid,passed,True,True,correct_accept,0.42014,0.018033,0.008576,0.009405,12,12
Kubernetes---kb_15_Normalized.json,Kubernetes---kb_15_Normalized.json::test_00003,invalid,passed,False,True,correct_reject,0.42014,0.018906,0.008775,0.010072,13,12
Kubernetes---kb_160_Normalized.json,Kubernetes---kb_160_Normalized.json::test_00000,valid,failed,False,True,over_constraint,37.1071,0.040073,0.01892,0.021035,83,41
Kubernetes---kb_160_Normalized.json,Kubernetes---kb_160_Normalized.json::test_00001,invalid,passed,False,True,correct_reject,37.1071,0.117707,0.055791,0.061668,86,79
Kubernetes---kb_160_Normalized.json,Kubernetes---kb_160_Normalized.json::test_00002,invalid,passed,False,True,correct_reject,37.1071,0.039626,0.019026,0.020487,88,41
Kubernetes---kb_160_Normalized.json,Kubernetes---kb_160_Normalized.json::test_00003,valid,passed,True,True,correct_accept,37.1071,0.153529,0.072861,0.080374,83,83
Kubernetes---kb_160_Normalized.json,Kubernetes---kb_160_Normalized.json::test_00004,invalid,passed,False,True,correct_reject,37.1071,6.1e-05,7e-06,1.3e-05,81,20
Kubernetes---kb_160_Normalized.json,Kubernetes---kb_160_Normalized.json::test_00005,invalid,passed,False,True,correct_reject,37.1071,0.135072,0.064215,0.070609,59,53
Kubernetes---kb_161_Normalized.json,Kubernetes---kb_161_Normalized.json::test_00000,valid,failed,False,True,over_constraint,35.4481,0.115219,0.054467,0.060549,83,41
Kubernetes---kb_161_Normalized.json,Kubernetes---kb_161_Normalized.json::test_00001,invalid,passed,False,True,correct_reject,35.4481,0.115789,0.054929,0.060639,86,41
Kubernetes---kb_161_Normalized.json,Kubernetes---kb_161_Normalized.json::test_00002,invalid,passed,False,True,correct_reject,35.4481,0.186631,0.088268,0.098047,88,60
Kubernetes---kb_161_Normalized.json,Kubernetes---kb_161_Normalized.json::test_00003,invalid,passed,False,True,correct_reject,35.4481,0.188497,0.089513,0.09865,84,60
Kubernetes---kb_161_Normalized.json,Kubernetes---kb_161_Normalized.json::test_00004,invalid,passed,False,True,correct_reject,35.4481,0.11739,0.055966,0.0612,83,41
Kubernetes---kb_161_Normalized.json,Kubernetes---kb_161_Normalized.json::test_00005,valid,passed,True,True,correct_accept,35.4481,0.167254,0.079147,0.087776,71,71
Kubernetes---kb_161_Normalized.json,Kubernetes---kb_161_Normalized.json::test_00006,invalid,passed,False,True,correct_reject,35.4481,0.11324,0.053358,0.059671,77,48
Kubernetes---kb_161_Normalized.json,Kubernetes---kb_161_Normalized.json::test_00007,invalid,passed,False,True,correct_reject,35.4481,0.113037,0.053497,0.059326,70,49
Kubernetes---kb_162_Normalized.json,Kubernetes---kb_162_Normalized.json::test_00000,valid,passed,True,True,correct_accept,72.3504,0.191882,0.089048,0.102479,100,100
Kubernetes---kb_162_Normalized.json,Kubernetes---kb_162_Normalized.json::test_00001,invalid,passed,False,True,correct_reject,72.3504,0.232726,0.11468,0.117675,103,81
Kubernetes---kb_162_Normalized.json,Kubernetes---kb_162_Normalized.json::test_00002,invalid,passed,False,True,correct_reject,72.3504,0.000103,3e-05,2.3e-05,39,17
Kubernetes---kb_162_Normalized.json,Kubernetes---kb_162_Normalized.json::test_00003,invalid,passed,False,True,correct_reject,72.3504,0.160094,0.076834,0.082959,102,80
Kubernetes---kb_162_Normalized.json,Kubernetes---kb_162_Normalized.json::test_00004,valid,passed,True,True,correct_accept,72.3504,0.386056,0.181123,0.204386,125,125
Kubernetes---kb_162_Normalized.json,Kubernetes---kb_162_Normalized.json::test_00005,invalid,passed,False,True,correct_reject,72.3504,0.199864,0.096063,0.103446,128,87
Kubernetes---kb_162_Normalized.json,Kubernetes---kb_162_Normalized.json::test_00006,invalid,passed,False,True,correct_reject,72.3504,0.119606,0.055388,0.063986,112,63
Kubernetes---kb_163_Normalized.json,Kubernetes---kb_163_Normalized.json::test_00000,valid,passed,True,True,correct_accept,72.6743,0.31204,0.144799,0.166698,131,131
Kubernetes---kb_163_Normalized.json,Kubernetes---kb_163_Normalized.json::test_00001,invalid,passed,False,True,correct_reject,72.6743,0.174029,0.083175,0.090509,135,91
Kubernetes---kb_163_Normalized.json,Kubernetes---kb_163_Normalized.json::test_00002,invalid,passed,False,True,correct_reject,72.6743,0.204444,0.095517,0.108519,139,95
Kubernetes---kb_163_Normalized.json,Kubernetes---kb_163_Normalized.json::test_00003,valid,passed,True,True,correct_accept,72.6743,0.196727,0.091325,0.105027,105,105
Kubernetes---kb_163_Normalized.json,Kubernetes---kb_163_Normalized.json::test_00004,invalid,passed,False,True,correct_reject,72.6743,0.175155,0.084825,0.089987,114,85
Kubernetes---kb_164_Normalized.json,Kubernetes---kb_164_Normalized.json::test_00000,valid,passed,True,True,correct_accept,68.7222,0.306958,0.1373,0.169128,105,105
Kubernetes---kb_164_Normalized.json,Kubernetes---kb_164_Normalized.json::test_00001,invalid,passed,False,True,correct_reject,68.7222,0.295662,0.140547,0.154674,108,80
Kubernetes---kb_164_Normalized.json,Kubernetes---kb_164_Normalized.json::test_00002,invalid,passed,False,True,correct_reject,68.7222,0.227829,0.108319,0.119082,109,85
Kubernetes---kb_164_Normalized.json,Kubernetes---kb_164_Normalized.json::test_00003,invalid,passed,False,True,correct_reject,68.7222,0.230599,0.11041,0.119804,107,84
Kubernetes---kb_164_Normalized.json,Kubernetes---kb_164_Normalized.json::test_00004,invalid,passed,False,True,correct_reject,68.7222,0.272089,0.12715,0.144559,112,80
Kubernetes---kb_165_Normalized.json,Kubernetes---kb_165_Normalized.json::test_00000,valid,passed,True,True,correct_accept,0.930275,0.079558,0.035407,0.044026,27,27
Kubernetes---kb_165_Normalized.json,Kubernetes---kb_165_Normalized.json::test_00001,invalid,passed,False,True,correct_reject,0.930275,0.001904,0.001863,1.5e-05,28,5
Kubernetes---kb_165_Normalized.json,Kubernetes---kb_165_Normalized.json::test_00002,invalid,passed,False,True,correct_reject,0.930275,4.9e-05,1.2e-05,1.3e-05,28,5
Kubernetes---kb_165_Normalized.json,Kubernetes---kb_165_Normalized.json::test_00003,invalid,passed,False,True,correct_reject,0.930275,3.9e-05,9e-06,8e-06,28,6
Kubernetes---kb_166_Normalized.json,Kubernetes---kb_166_Normalized.json::test_00000,valid,passed,True,True,correct_accept,0.772321,0.056639,0.023968,0.03254,27,27
Kubernetes---kb_166_Normalized.json,Kubernetes---kb_166_Normalized.json::test_00001,invalid,passed,False,True,correct_reject,0.772321,0.001561,0.001532,9e-06,28,5
Kubernetes---kb_166_Normalized.json,Kubernetes---kb_166_Normalized.json::test_00002,invalid,passed,False,True,correct_reject,0.772321,2.8e-05,7e-06,6e-06,28,5
Kubernetes---kb_166_Normalized.json,Kubernetes---kb_166_Normalized.json::test_00003,invalid,passed,False,True,correct_reject,0.772321,3e-05,7e-06,7e-06,28,6
Kubernetes---kb_166_Normalized.json,Kubernetes---kb_166_Normalized.json::test_00004,invalid,passed,False,True,correct_reject,0.772321,0.046381,0.02132,0.024964,30,29
Kubernetes---kb_166_Normalized.json,Kubernetes---kb_166_Normalized.json::test_00005,invalid,passed,False,True,correct_reject,0.772321,3.4e-05,1.1e-05,7e-06,28,5
Kubernetes---kb_166_Normalized.json,Kubernetes---kb_166_Normalized.json::test_00006,invalid,passed,False,True,correct_reject,0.772321,0.016809,0.007649,0.009094,25,24
Kubernetes---kb_167_Normalized.json,Kubernetes---kb_167_Normalized.json::test_00000,valid,passed,True,True,correct_accept,0.806482,0.052341,0.023399,0.028819,27,27
Kubernetes---kb_167_Normalized.json,Kubernetes---kb_167_Normalized.json::test_00001,invalid,passed,False,True,correct_reject,0.806482,0.001746,0.001705,1.2e-05,28,6
Kubernetes---kb_167_Normalized.json,Kubernetes---kb_167_Normalized.json::test_00002,invalid,passed,False,True,correct_reject,0.806482,3.2e-05,7e-06,7e-06,28,5
Kubernetes---kb_167_Normalized.json,Kubernetes---kb_167_Normalized.json::test_00003,invalid,passed,False,True,correct_reject,0.806482,3.6e-05,8e-06,8e-06,28,6
Kubernetes---kb_167_Normalized.json,Kubernetes---kb_167_Normalized.json::test_00004,invalid,passed,False,True,correct_reject,0.806482,0.052051,0.024012,0.027919,30,29
Kubernetes---kb_167_Normalized.json,Kubernetes---kb_167_Normalized.json::test_00005,invalid,passed,False,True,correct_reject,0.852687,5.3e-05,1.7e-05,1e-05,29,5
Kubernetes---kb_167_Normalized.json,Kubernetes---kb_167_Normalized.json::test_00006,invalid,passed,False,True,correct_reject,0.852687,0.02078,0.009179,0.011518,30,24
Kubernetes---kb_168_Normalized.json,Kubernetes---kb_168_Normalized.json::test_00000,valid,failed,False,True,over_constraint,33.7077,0.128406,0.059572,0.068613,397,57
Kubernetes---kb_168_Normalized.json,Kubernetes---kb_168_Normalized.json::test_00001,invalid,passed,False,True,correct_reject,33.7077,0.136383,0.063289,0.072819,395,57
Kubernetes---kb_168_Normalized.json,Kubernetes---kb_168_Normalized.json::test_00002,invalid,passed,False,True,correct_reject,33.7077,0.132047,0.063632,0.068195,368,57
Kubernetes---kb_169_Normalized.json,Kubernetes---kb_169_Normalized.json::test_00000,valid,failed,False,True,over_constraint,34.7238,0.030631,0.014154,0.016372,150,41
Kubernetes---kb_169_Normalized.json,Kubernetes---kb_169_Normalized.json::test_00001,invalid,passed,False,True,correct_reject,34.7238,0.157599,0.077415,0.079929,133,78
Kubernetes---kb_169_Normalized.json,Kubernetes---kb_169_Normalized.json::test_00002,invalid,passed,False,True,correct_reject,34.7238,0.361519,0.169443,0.191549,196,123
Kubernetes---kb_169_Normalized.json,Kubernetes---kb_169_Normalized.json::test_00003,valid,passed,True,True,correct_accept,34.7238,0.349833,0.164413,0.18485,144,144
Kubernetes---kb_169_Normalized.json,Kubernetes---kb_169_Normalized.json::test_00004,invalid,passed,False,True,correct_reject,34.7238,0.125821,0.056689,0.068892,144,73
Kubernetes---kb_16_Normalized.json,Kubernetes---kb_16_Normalized.json::test_00000,valid,passed,True,True,correct_accept,2.39638,0.472157,0.222852,0.248672,151,151
Kubernetes---kb_16_Normalized.json,Kubernetes---kb_16_Normalized.json::test_00001,invalid,passed,False,True,correct_reject,2.39638,2.7e-05,5e-06,5e-06,150,6
Kubernetes---kb_16_Normalized.json,Kubernetes---kb_16_Normalized.json::test_00002,invalid,passed,False,True,correct_reject,2.39638,2.8e-05,5e-06,5e-06,151,7
Kubernetes---kb_16_Normalized.json,Kubernetes---kb_16_Normalized.json::test_00003,invalid,passed,False,True,correct_reject,2.39638,0.141665,0.066232,0.075192,196,69
Kubernetes---kb_16_Normalized.json,Kubernetes---kb_16_Normalized.json::test_00004,valid,passed,True,True,correct_accept,2.39638,0.407955,0.191397,0.215976,143,143
Kubernetes---kb_16_Normalized.json,Kubernetes---kb_16_Normalized.json::test_00005,invalid,passed,False,True,correct_reject,2.39638,0.113068,0.052807,0.060065,142,60
Kubernetes---kb_170_Normalized.json,Kubernetes---kb_170_Normalized.json::test_00000,valid,failed,False,True,over_constraint,32.1229,0.107321,0.050468,0.056696,151,41
Kubernetes---kb_170_Normalized.json,Kubernetes---kb_170_Normalized.json::test_00001,invalid,passed,False,True,correct_reject,32.1229,0.206323,0.098553,0.107466,153,78
Kubernetes---kb_170_Normalized.json,Kubernetes---kb_170_Normalized.json::test_00002,invalid,passed,False,True,correct_reject,32.1229,0.375093,0.176103,0.198467,272,123
Kubernetes---kb_170_Normalized.json,Kubernetes---kb_170_Normalized.json::test_00003,valid,passed,True,True,correct_accept,32.1229,0.571203,0.268066,0.302401,150,150
Kubernetes---kb_170_Normalized.json,Kubernetes---kb_170_Normalized.json::test_00004,invalid,passed,False,True,correct_reject,32.1229,0.187068,0.086449,0.100323,150,78
Kubernetes---kb_170_Normalized.json,Kubernetes---kb_170_Normalized.json::test_00005,invalid,passed,False,True,correct_reject,32.1229,0.317439,0.149449,0.167545,144,118
Kubernetes---kb_171_Normalized.json,Kubernetes---kb_171_Normalized.json::test_00000,valid,passed,True,True,correct_accept,0.869007,0.12244,0.054777,0.067458,43,43
Kubernetes---kb_171_Normalized.json,Kubernetes---kb_171_Normalized.json::test_00001,invalid,passed,False,True,correct_reject,0.869007,0.001422,0.001204,0.000187,42,15
Kubernetes---kb_171_Normalized.json,Kubernetes---kb_171_Normalized.json::test_00002,invalid,passed,False,True,correct_reject,0.869007,0.000601,2.3e-05,0.000554,43,8
Kubernetes---kb_171_Normalized.json,Kubernetes---kb_171_Normalized.json::test_00003,valid,passed,True,True,correct_accept,0.869007,0.119874,0.054157,0.065512,44,44
Kubernetes---kb_171_Normalized.json,Kubernetes---kb_171_Normalized.json::test_00004,invalid,passed,False,True,correct_reject,0.869007,0.002303,0.002132,0.000148,42,8
Kubernetes---kb_172_Normalized.json,Kubernetes---kb_172_Normalized.json::test_00000,valid,passed,True,True,correct_accept,0.839574,0.139956,0.065555,0.074197,45,45
Kubernetes---kb_172_Normalized.json,Kubernetes---kb_172_Normalized.json::test_00001,invalid,passed,False,True,correct_reject,0.839574,0.001463,0.00123,0.000199,42,15
Kubernetes---kb_172_Normalized.json,Kubernetes---kb_172_Normalized.json::test_00002,invalid,passed,False,True,correct_reject,0.839574,0.000171,1.7e-05,0.000134,45,8
Kubernetes---kb_172_Normalized.json,Kubernetes---kb_172_Normalized.json::test_00003,valid,passed,True,True,correct_accept,0.839574,0.13997,0.062851,0.076926,43,43
Kubernetes---kb_172_Normalized.json,Kubernetes---kb_172_Normalized.json::test_00004,invalid,passed,False,True,correct_reject,0.839574,0.001269,0.00111,0.000138,43,8
Kubernetes---kb_173_Normalized.json,Kubernetes---kb_173_Normalized.json::test_00000,valid,passed,True,True,correct_accept,0.900888,0.183108,0.082462,0.100388,43,43
Kubernetes---kb_173_Normalized.json,Kubernetes---kb_173_Normalized.json::test_00001,invalid,passed,False,True,correct_reject,0.900888,0.003626,0.003323,0.00026,42,15
Kubernetes---kb_173_Normalized.json,Kubernetes---kb_173_Normalized.json::test_00002,invalid,passed,False,True,correct_reject,0.940968,0.000215,2.5e-05,0.000161,43,8
Kubernetes---kb_173_Normalized.json,Kubernetes---kb_173_Normalized.json::test_00003,valid,passed,True,True,correct_accept,0.940968,0.137776,0.064633,0.072945,43,43
Kubernetes---kb_173_Normalized.json,Kubernetes---kb_173_Normalized.json::test_00004,invalid,passed,False,True,correct_reject,0.940968,0.001694,0.001425,0.000233,42,15
Kubernetes---kb_174_Normalized.json,Kubernetes---kb_174_Normalized.json::test_00000,valid,failed,False,True,over_constraint,74.7727,0.270508,0.124896,0.145165,390,81
Kubernetes---kb_174_Normalized.json,Kubernetes---kb_174_Normalized.json::test_00001,invalid,passed,False,True,correct_reject,74.7727,0.26606,0.123879,0.141761,406,81
Kubernetes---kb_174_Normalized.json,Kubernetes---kb_174_Normalized.json::test_00002,invalid,passed,False,True,correct_reject,74.7727,0.237198,0.110249,0.126528,358,81
Kubernetes---kb_174_Normalized.json,Kubernetes---kb_174_Normalized.json::test_00003,invalid,passed,False,True,correct_reject,74.7727,0.230143,0.108472,0.121277,345,81
Kubernetes---kb_174_Normalized.json,Kubernetes---kb_174_Normalized.json::test_00004,invalid,passed,False,True,correct_reject,74.7727,0.059876,0.028868,0.030878,424,34
Kubernetes---kb_175_Normalized.json,Kubernetes---kb_175_Normalized.json::test_00000,valid,failed,False,True,over_constraint,71.2966,0.292638,0.138293,0.153855,311,87
Kubernetes---kb_175_Normalized.json,Kubernetes---kb_175_Normalized.json::test_00001,invalid,passed,False,True,correct_reject,71.2966,0.290734,0.138342,0.151934,326,87
Kubernetes---kb_175_Normalized.json,Kubernetes---kb_175_Normalized.json::test_00002,invalid,passed,False,True,correct_reject,71.2966,0.29377,0.137367,0.155944,237,87
Kubernetes---kb_175_Normalized.json,Kubernetes---kb_175_Normalized.json::test_00003,invalid,passed,False,True,correct_reject,71.2966,0.297374,0.139148,0.157778,300,87
Kubernetes---kb_175_Normalized.json,Kubernetes---kb_175_Normalized.json::test_00004,invalid,passed,False,True,correct_reject,71.2966,0.270356,0.12651,0.143399,309,87
Kubernetes---kb_176_Normalized.json,Kubernetes---kb_176_Normalized.json::test_00000,valid,failed,False,True,over_constraint,72.7846,0.480181,0.224557,0.255039,401,87
Kubernetes---kb_176_Normalized.json,Kubernetes---kb_176_Normalized.json::test_00001,invalid,passed,False,True,correct_reject,72.7846,0.471707,0.220973,0.250164,317,87
Kubernetes---kb_176_Normalized.json,Kubernetes---kb_176_Normalized.json::test_00002,invalid,passed,False,True,correct_reject,72.7846,0.472089,0.221236,0.25027,378,87
Kubernetes---kb_176_Normalized.json,Kubernetes---kb_176_Normalized.json::test_00003,invalid,passed,False,True,correct_reject,72.7846,0.552576,0.261411,0.290525,378,87
Kubernetes---kb_176_Normalized.json,Kubernetes---kb_176_Normalized.json::test_00004,invalid,passed,False,True,correct_reject,72.7846,0.39769,0.184577,0.212557,319,87
Kubernetes---kb_176_Normalized.json,Kubernetes---kb_176_Normalized.json::test_00005,invalid,passed,False,True,correct_reject,72.7846,0.387569,0.183065,0.203928,413,87
Kubernetes---kb_177_Normalized.json,Kubernetes---kb_177_Normalized.json::test_00000,valid,failed,False,True,over_constraint,2.21919,0.161024,0.072405,0.088365,94,38
Kubernetes---kb_177_Normalized.json,Kubernetes---kb_177_Normalized.json::test_00001,invalid,passed,False,True,correct_reject,2.21919,0.002712,0.002676,1.1e-05,6,4
Kubernetes---kb_177_Normalized.json,Kubernetes---kb_177_Normalized.json::test_00002,invalid,passed,False,True,correct_reject,2.21919,0.151165,0.068745,0.082195,95,38
Kubernetes---kb_177_Normalized.json,Kubernetes---kb_177_Normalized.json::test_00003,invalid,passed,False,True,correct_reject,2.21919,0.306316,0.142682,0.163141,95,84
Kubernetes---kb_177_Normalized.json,Kubernetes---kb_177_Normalized.json::test_00004,valid,passed,True,True,correct_accept,2.21919,0.334443,0.158482,0.175435,95,95
Kubernetes---kb_177_Normalized.json,Kubernetes---kb_177_Normalized.json::test_00005,invalid,passed,False,True,correct_reject,2.21919,0.168718,0.076327,0.092019,95,38
Kubernetes---kb_178_Normalized.json,Kubernetes---kb_178_Normalized.json::test_00000,valid,passed,True,True,correct_accept,2.09915,0.321608,0.146116,0.174964,95,95
Kubernetes---kb_178_Normalized.json,Kubernetes---kb_178_Normalized.json::test_00001,invalid,passed,False,True,correct_reject,2.09915,2.8e-05,6e-06,5e-06,8,4
Kubernetes---kb_178_Normalized.json,Kubernetes---kb_178_Normalized.json::test_00002,invalid,passed,False,True,correct_reject,2.09915,0.000224,1.9e-05,0.000178,86,11
Kubernetes---kb_178_Normalized.json,Kubernetes---kb_178_Normalized.json::test_00003,invalid,passed,False,True,correct_reject,2.05746,0.186597,0.084308,0.101946,89,83
Kubernetes---kb_178_Normalized.json,Kubernetes---kb_178_Normalized.json::test_00004,invalid,passed,False,True,correct_reject,2.09915,0.203434,0.091748,0.11136,92,73
Kubernetes---kb_178_Normalized.json,Kubernetes---kb_178_Normalized.json::test_00005,valid,passed,True,True,correct_accept,2.09915,0.317193,0.143089,0.173609,95,95
Kubernetes---kb_178_Normalized.json,Kubernetes---kb_178_Normalized.json::test_00006,invalid,passed,False,True,correct_reject,2.09915,2.9e-05,6e-06,5e-06,6,4
Kubernetes---kb_178_Normalized.json,Kubernetes---kb_178_Normalized.json::test_00007,invalid,passed,False,True,correct_reject,2.09915,0.04225,0.019102,0.02306,153,18
Kubernetes---kb_179_Normalized.json,Kubernetes---kb_179_Normalized.json::test_00000,valid,failed,False,True,over_constraint,1.52571,0.09457,0.042838,0.051602,95,23
Kubernetes---kb_179_Normalized.json,Kubernetes---kb_179_Normalized.json::test_00001,invalid,passed,False,True,correct_reject,1.52571,3.3e-05,8e-06,6e-06,6,4
Kubernetes---kb_179_Normalized.json,Kubernetes---kb_179_Normalized.json::test_00002,invalid,passed,False,True,correct_reject,1.52571,0.060198,0.027907,0.032198,37,23
Kubernetes---kb_179_Normalized.json,Kubernetes---kb_179_Normalized.json::test_00003,invalid,passed,False,True,correct_reject,1.52571,0.164207,0.076039,0.087913,175,69
Kubernetes---kb_179_Normalized.json,Kubernetes---kb_179_Normalized.json::test_00004,valid,passed,True,True,correct_accept,1.52571,0.22872,0.105011,0.123379,95,95
Kubernetes---kb_179_Normalized.json,Kubernetes---kb_179_Normalized.json::test_00005,invalid,passed,False,True,correct_reject,1.52571,0.000148,1.3e-05,0.000113,93,11
Kubernetes---kb_179_Normalized.json,Kubernetes---kb_179_Normalized.json::test_00006,invalid,passed,False,True,correct_reject,1.52571,0.234791,0.108845,0.125586,135,89
Kubernetes---kb_17_Normalized.json,Kubernetes---kb_17_Normalized.json::test_00000,valid,passed,True,True,correct_accept,2.70105,0.460715,0.213645,0.246398,139,139
Kubernetes---kb_17_Normalized.json,Kubernetes---kb_17_Normalized.json::test_00001,invalid,passed,False,True,correct_reject,2.70105,0.000185,1.8e-05,0.000147,138,6
Kubernetes---kb_17_Normalized.json,Kubernetes---kb_17_Normalized.json::test_00002,invalid,passed,False,True,correct_reject,2.70105,0.088541,0.040346,0.04803,132,36
Kubernetes---kb_17_Normalized.json,Kubernetes---kb_17_Normalized.json::test_00003,invalid,passed,False,True,correct_reject,2.70105,0.249626,0.116837,0.132347,136,97
Kubernetes---kb_17_Normalized.json,Kubernetes---kb_17_Normalized.json::test_00004,invalid,passed,False,True,correct_reject,2.70105,0.349162,0.161988,0.186605,213,118
Kubernetes---kb_17_Normalized.json,Kubernetes---kb_17_Normalized.json::test_00005,valid,passed,True,True,correct_accept,2.70105,0.462199,0.214273,0.24721,148,148
Kubernetes---kb_17_Normalized.json,Kubernetes---kb_17_Normalized.json::test_00006,invalid,passed,False,True,correct_reject,2.70105,0.000186,2e-05,0.000146,147,6
Kubernetes---kb_17_Normalized.json,Kubernetes---kb_17_Normalized.json::test_00007,invalid,passed,False,True,correct_reject,2.70105,0.35266,0.163194,0.188923,164,108
Kubernetes---kb_180_Normalized.json,Kubernetes---kb_180_Normalized.json::test_00000,valid,failed,False,True,over_constraint,3.52571,0.081501,0.036532,0.044836,141,18
Kubernetes---kb_180_Normalized.json,Kubernetes---kb_180_Normalized.json::test_00001,invalid,passed,False,True,correct_reject,3.52571,0.002952,0.002708,0.000211,137,5
Kubernetes---kb_180_Normalized.json,Kubernetes---kb_180_Normalized.json::test_00002,invalid,passed,False,True,correct_reject,3.52571,0.083359,0.036301,0.046924,139,18
Kubernetes---kb_180_Normalized.json,Kubernetes---kb_180_Normalized.json::test_00003,invalid,passed,False,True,correct_reject,3.52571,0.001783,0.001569,0.00019,138,5
Kubernetes---kb_180_Normalized.json,Kubernetes---kb_180_Normalized.json::test_00004,valid,passed,True,True,correct_accept,3.52571,0.31324,0.141356,0.171215,128,128
Kubernetes---kb_180_Normalized.json,Kubernetes---kb_180_Normalized.json::test_00005,invalid,passed,False,True,correct_reject,3.52571,0.001713,0.00152,0.000171,127,5
Kubernetes---kb_180_Normalized.json,Kubernetes---kb_180_Normalized.json::test_00006,invalid,passed,False,True,correct_reject,3.52571,0.052844,0.022852,0.029891,143,17
Kubernetes---kb_181_Normalized.json,Kubernetes---kb_181_Normalized.json::test_00000,valid,failed,False,True,over_constraint,3.52188,0.068381,0.029876,0.03838,127,16
Kubernetes---kb_181_Normalized.json,Kubernetes---kb_181_Normalized.json::test_00001,invalid,passed,False,True,correct_reject,3.52188,0.064057,0.029544,0.034399,134,16
Kubernetes---kb_181_Normalized.json,Kubernetes---kb_181_Normalized.json::test_00002,invalid,passed,False,True,correct_reject,3.52188,0.001869,0.001657,0.000183,126,5
Kubernetes---kb_181_Normalized.json,Kubernetes---kb_181_Normalized.json::test_00003,invalid,passed,False,True,correct_reject,3.52188,0.053827,0.024083,0.029641,142,16
Kubernetes---kb_181_Normalized.json,Kubernetes---kb_181_Normalized.json::test_00004,valid,passed,True,True,correct_accept,3.52188,0.354905,0.162544,0.191662,133,133
Kubernetes---kb_181_Normalized.json,Kubernetes---kb_181_Normalized.json::test_00005,invalid,passed,False,True,correct_reject,3.52188,0.05916,0.027054,0.031992,132,18
Kubernetes---kb_181_Normalized.json,Kubernetes---kb_181_Normalized.json::test_00006,invalid,passed,False,True,correct_reject,3.52188,0.001656,0.001462,0.000171,125,5
Kubernetes---kb_182_Normalized.json,Kubernetes---kb_182_Normalized.json::test_00000,valid,passed,True,True,correct_accept,1.52041,0.175145,0.079906,0.09494,53,53
Kubernetes---kb_182_Normalized.json,Kubernetes---kb_182_Normalized.json::test_00001,invalid,passed,False,True,correct_reject,1.52041,0.187411,0.088121,0.098967,60,59
Kubernetes---kb_182_Normalized.json,Kubernetes---kb_182_Normalized.json::test_00002,invalid,passed,False,True,correct_reject,1.52041,0.000184,2.1e-05,0.000142,52,5
Kubernetes---kb_182_Normalized.json,Kubernetes---kb_182_Normalized.json::test_00003,valid,passed,True,True,correct_accept,1.58417,0.205534,0.094174,0.111073,55,55
Kubernetes---kb_182_Normalized.json,Kubernetes---kb_182_Normalized.json::test_00004,invalid,passed,False,True,correct_reject,1.58417,0.002636,0.00241,0.000196,52,5
Kubernetes---kb_182_Normalized.json,Kubernetes---kb_182_Normalized.json::test_00005,invalid,passed,False,True,correct_reject,1.58417,0.203512,0.092315,0.110894,62,61
Kubernetes---kb_182_Normalized.json,Kubernetes---kb_182_Normalized.json::test_00006,invalid,passed,False,True,correct_reject,1.58417,0.062253,0.028778,0.033359,54,28
Kubernetes---kb_183_Normalized.json,Kubernetes---kb_183_Normalized.json::test_00000,valid,passed,True,True,correct_accept,1.4148,0.197869,0.089921,0.107627,55,55
Kubernetes---kb_183_Normalized.json,Kubernetes---kb_183_Normalized.json::test_00001,invalid,passed,False,True,correct_reject,1.4148,0.196979,0.092008,0.104671,62,61
Kubernetes---kb_183_Normalized.json,Kubernetes---kb_183_Normalized.json::test_00002,invalid,passed,False,True,correct_reject,1.4148,0.000227,2.9e-05,0.000176,52,5
Kubernetes---kb_184_Normalized.json,Kubernetes---kb_184_Normalized.json::test_00000,valid,passed,True,True,correct_accept,0.96088,0.143345,0.065845,0.077304,46,46
Kubernetes---kb_184_Normalized.json,Kubernetes---kb_184_Normalized.json::test_00001,invalid,passed,False,True,correct_reject,0.96088,0.131814,0.062252,0.069376,46,38
Kubernetes---kb_184_Normalized.json,Kubernetes---kb_184_Normalized.json::test_00002,invalid,passed,False,True,correct_reject,0.96088,0.132421,0.061489,0.070734,46,45
Kubernetes---kb_184_Normalized.json,Kubernetes---kb_184_Normalized.json::test_00003,valid,passed,True,True,correct_accept,0.96088,0.195883,0.089647,0.105986,46,46
Kubernetes---kb_184_Normalized.json,Kubernetes---kb_184_Normalized.json::test_00004,invalid,passed,False,True,correct_reject,0.96088,0.072848,0.033716,0.039051,45,16
Kubernetes---kb_184_Normalized.json,Kubernetes---kb_184_Normalized.json::test_00005,invalid,passed,False,True,correct_reject,0.96088,0.12817,0.058459,0.069529,48,40
Kubernetes---kb_185_Normalized.json,Kubernetes---kb_185_Normalized.json::test_00000,valid,passed,True,True,correct_accept,1.11583,0.139362,0.06451,0.074611,44,44
Kubernetes---kb_185_Normalized.json,Kubernetes---kb_185_Normalized.json::test_00001,invalid,passed,False,True,correct_reject,1.11583,0.003108,0.002859,0.000214,43,6
Kubernetes---kb_185_Normalized.json,Kubernetes---kb_185_Normalized.json::test_00002,invalid,passed,False,True,correct_reject,1.11583,0.133369,0.061999,0.071149,44,36
Kubernetes---kb_185_Normalized.json,Kubernetes---kb_185_Normalized.json::test_00003,invalid,passed,False,True,correct_reject,1.11583,0.107544,0.050373,0.057,43,30
Kubernetes---kb_185_Normalized.json,Kubernetes---kb_185_Normalized.json::test_00004,invalid,passed,False,True,correct_reject,1.11583,0.000194,1.7e-05,0.000154,42,5
Kubernetes---kb_185_Normalized.json,Kubernetes---kb_185_Normalized.json::test_00005,invalid,passed,False,True,correct_reject,1.11583,0.126308,0.058816,0.067281,46,36
Kubernetes---kb_185_Normalized.json,Kubernetes---kb_185_Normalized.json::test_00006,valid,passed,True,True,correct_accept,1.11583,0.158016,0.072085,0.085682,48,48
Kubernetes---kb_185_Normalized.json,Kubernetes---kb_185_Normalized.json::test_00007,invalid,passed,False,True,correct_reject,1.11583,0.001657,0.001637,7e-06,47,2
Kubernetes---kb_185_Normalized.json,Kubernetes---kb_185_Normalized.json::test_00008,invalid,passed,False,True,correct_reject,1.11583,1.9e-05,7e-06,3e-06,48,2
Kubernetes---kb_186_Normalized.json,Kubernetes---kb_186_Normalized.json::test_00000,valid,passed,True,True,correct_accept,0.964075,0.135976,0.06251,0.073191,42,42
Kubernetes---kb_186_Normalized.json,Kubernetes---kb_186_Normalized.json::test_00001,invalid,passed,False,True,correct_reject,0.964075,0.118601,0.056427,0.06194,42,34
Kubernetes---kb_186_Normalized.json,Kubernetes---kb_186_Normalized.json::test_00002,invalid,passed,False,True,correct_reject,0.964075,0.000296,7.3e-05,0.000195,41,6
Kubernetes---kb_186_Normalized.json,Kubernetes---kb_186_Normalized.json::test_00003,invalid,passed,False,True,correct_reject,0.964075,0.116084,0.056136,0.059775,42,29
Kubernetes---kb_186_Normalized.json,Kubernetes---kb_186_Normalized.json::test_00004,invalid,passed,False,True,correct_reject,0.964075,0.121829,0.054841,0.06678,42,34
Kubernetes---kb_186_Normalized.json,Kubernetes---kb_186_Normalized.json::test_00005,invalid,passed,False,True,correct_reject,0.964075,0.119806,0.055836,0.063766,44,36
Kubernetes---kb_186_Normalized.json,Kubernetes---kb_186_Normalized.json::test_00006,valid,passed,True,True,correct_accept,0.964075,0.145076,0.065759,0.079063,43,43
Kubernetes---kb_186_Normalized.json,Kubernetes---kb_186_Normalized.json::test_00007,invalid,passed,False,True,correct_reject,0.964075,0.002823,0.002606,0.000188,42,6
Kubernetes---kb_186_Normalized.json,Kubernetes---kb_186_Normalized.json::test_00008,invalid,passed,False,True,correct_reject,0.964075,0.112314,0.052193,0.059922,43,35
Kubernetes---kb_186_Normalized.json,Kubernetes---kb_186_Normalized.json::test_00009,invalid,passed,False,True,correct_reject,0.964075,0.000204,3.4e-05,0.00015,42,6
Kubernetes---kb_187_Normalized.json,Kubernetes---kb_187_Normalized.json::test_00000,valid,passed,True,True,correct_accept,2.07729,0.172494,0.082186,0.09,59,59
Kubernetes---kb_187_Normalized.json,Kubernetes---kb_187_Normalized.json::test_00001,invalid,passed,False,True,correct_reject,2.07729,0.000253,2.2e-05,0.000206,58,5
Kubernetes---kb_188_Normalized.json,Kubernetes---kb_188_Normalized.json::test_00000,valid,failed,False,True,over_constraint,1.7593,0.111416,0.051833,0.059368,54,43
Kubernetes---kb_188_Normalized.json,Kubernetes---kb_188_Normalized.json::test_00001,invalid,passed,False,True,correct_reject,1.7593,0.105338,0.049253,0.055884,51,43
Kubernetes---kb_188_Normalized.json,Kubernetes---kb_188_Normalized.json::test_00002,invalid,passed,False,True,correct_reject,1.7593,0.086399,0.041135,0.045129,48,27
Kubernetes---kb_188_Normalized.json,Kubernetes---kb_188_Normalized.json::test_00003,invalid,passed,False,True,correct_reject,1.7593,0.107183,0.050048,0.056941,55,41
Kubernetes---kb_189_Normalized.json,Kubernetes---kb_189_Normalized.json::test_00000,valid,failed,False,True,over_constraint,1.78868,0.108305,0.051119,0.056983,54,43
Kubernetes---kb_189_Normalized.json,Kubernetes---kb_189_Normalized.json::test_00001,invalid,passed,False,True,correct_reject,1.78868,0.115607,0.055628,0.059768,51,43
Kubernetes---kb_189_Normalized.json,Kubernetes---kb_189_Normalized.json::test_00002,invalid,passed,False,True,correct_reject,1.78868,0.088544,0.041672,0.046724,48,27
Kubernetes---kb_189_Normalized.json,Kubernetes---kb_189_Normalized.json::test_00003,valid,passed,True,True,correct_accept,1.78868,0.171965,0.081993,0.089686,55,55
Kubernetes---kb_189_Normalized.json,Kubernetes---kb_189_Normalized.json::test_00004,invalid,passed,False,True,correct_reject,1.78868,0.102851,0.04911,0.053546,53,42
Kubernetes---kb_189_Normalized.json,Kubernetes---kb_189_Normalized.json::test_00005,invalid,passed,False,True,correct_reject,1.78868,0.022062,0.010557,0.011431,54,21
Kubernetes---kb_18_Normalized.json,Kubernetes---kb_18_Normalized.json::test_00000,valid,passed,True,True,correct_accept,5.44646,0.328662,0.153106,0.175023,138,138
Kubernetes---kb_18_Normalized.json,Kubernetes---kb_18_Normalized.json::test_00001,invalid,passed,False,True,correct_reject,5.44646,2.7e-05,5e-06,5e-06,137,6
Kubernetes---kb_18_Normalized.json,Kubernetes---kb_18_Normalized.json::test_00002,invalid,passed,False,True,correct_reject,5.44646,0.303754,0.141334,0.161942,131,121
Kubernetes---kb_18_Normalized.json,Kubernetes---kb_18_Normalized.json::test_00003,invalid,passed,False,True,correct_reject,5.44646,0.191994,0.092219,0.099481,132,84
Kubernetes---kb_18_Normalized.json,Kubernetes---kb_18_Normalized.json::test_00004,valid,passed,True,True,correct_accept,5.44646,0.333045,0.154339,0.17817,136,136
Kubernetes---kb_18_Normalized.json,Kubernetes---kb_18_Normalized.json::test_00005,invalid,passed,False,True,correct_reject,5.44646,3.5e-05,7e-06,8e-06,135,6
Kubernetes---kb_190_Normalized.json,Kubernetes---kb_190_Normalized.json::test_00000,valid,failed,False,True,over_constraint,86.3775,0.033325,0.015481,0.017704,146,35
Kubernetes---kb_190_Normalized.json,Kubernetes---kb_190_Normalized.json::test_00001,valid,failed,False,True,over_constraint,86.3775,0.146449,0.067377,0.078754,146,93
Kubernetes---kb_190_Normalized.json,Kubernetes---kb_190_Normalized.json::test_00002,invalid,passed,False,True,correct_reject,86.3775,0.114122,0.05501,0.058874,149,95
Kubernetes---kb_190_Normalized.json,Kubernetes---kb_190_Normalized.json::test_00003,invalid,passed,False,True,correct_reject,86.3775,0.076046,0.034722,0.041149,151,64
Kubernetes---kb_191_Normalized.json,Kubernetes---kb_191_Normalized.json::test_00000,valid,compile_error,,True,over_constraint,0.064248,,,,,
Kubernetes---kb_191_Normalized.json,Kubernetes---kb_191_Normalized.json::test_00001,valid,compile_error,,True,over_constraint,0.064248,,,,,
Kubernetes---kb_191_Normalized.json,Kubernetes---kb_191_Normalized.json::test_00002,invalid,compile_error,,True,correct_reject,0.064248,,,,,
Kubernetes---kb_192_Normalized.json,Kubernetes---kb_192_Normalized.json::test_00000,valid,compile_error,,True,over_constraint,0.061195,,,,,
Kubernetes---kb_192_Normalized.json,Kubernetes---kb_192_Normalized.json::test_00001,invalid,compile_error,,True,correct_reject,0.061195,,,,,
Kubernetes---kb_192_Normalized.json,Kubernetes---kb_192_Normalized.json::test_00002,invalid,compile_error,,True,correct_reject,0.061195,,,,,
Kubernetes---kb_192_Normalized.json,Kubernetes---kb_192_Normalized.json::test_00003,invalid,compile_error,,True,correct_reject,0.061195,,,,,
Kubernetes---kb_192_Normalized.json,Kubernetes---kb_192_Normalized.json::test_00004,valid,compile_error,,True,over_constraint,0.061195,,,,,
Kubernetes---kb_192_Normalized.json,Kubernetes---kb_192_Normalized.json::test_00005,invalid,compile_error,,True,correct_reject,0.061195,,,,,
Kubernetes---kb_193_Normalized.json,Kubernetes---kb_193_Normalized.json::test_00000,valid,passed,True,True,correct_accept,0.91148,0.259059,0.119687,0.139061,52,52
Kubernetes---kb_193_Normalized.json,Kubernetes---kb_193_Normalized.json::test_00001,invalid,passed,False,True,correct_reject,0.91148,0.122871,0.056313,0.066419,46,25
Kubernetes---kb_193_Normalized.json,Kubernetes---kb_193_Normalized.json::test_00002,valid,passed,True,True,correct_accept,0.91148,0.159996,0.074782,0.084983,49,49
Kubernetes---kb_193_Normalized.json,Kubernetes---kb_193_Normalized.json::test_00003,invalid,passed,False,True,correct_reject,0.91148,0.074138,0.034542,0.039485,46,25
Kubernetes---kb_194_Normalized.json,Kubernetes---kb_194_Normalized.json::test_00000,valid,passed,True,True,correct_accept,1.00422,0.224282,0.102017,0.121936,49,49
Kubernetes---kb_194_Normalized.json,Kubernetes---kb_194_Normalized.json::test_00001,invalid,passed,False,True,correct_reject,1.00422,0.114018,0.053231,0.060619,46,25
Kubernetes---kb_194_Normalized.json,Kubernetes---kb_194_Normalized.json::test_00002,invalid,passed,False,True,correct_reject,1.00422,0.181654,0.083559,0.097836,49,41
Kubernetes---kb_194_Normalized.json,Kubernetes---kb_194_Normalized.json::test_00003,valid,passed,True,True,correct_accept,1.00422,0.155038,0.070068,0.08476,48,48
Kubernetes---kb_194_Normalized.json,Kubernetes---kb_194_Normalized.json::test_00004,invalid,passed,False,True,correct_reject,1.00422,0.001852,0.001833,7e-06,48,2
Kubernetes---kb_194_Normalized.json,Kubernetes---kb_194_Normalized.json::test_00005,invalid,passed,False,True,correct_reject,1.00422,1.6e-05,5e-06,3e-06,37,2
Kubernetes---kb_195_Normalized.json,Kubernetes---kb_195_Normalized.json::test_00000,valid,passed,True,True,correct_accept,0.842278,0.171218,0.075512,0.095472,49,49
Kubernetes---kb_195_Normalized.json,Kubernetes---kb_195_Normalized.json::test_00001,invalid,passed,False,True,correct_reject,0.826267,0.068149,0.031066,0.036977,46,25
Kubernetes---kb_195_Normalized.json,Kubernetes---kb_195_Normalized.json::test_00002,invalid,passed,False,True,correct_reject,0.826267,0.121732,0.055973,0.065594,48,47
Kubernetes---kb_197_Normalized.json,Kubernetes---kb_197_Normalized.json::test_00000,valid,passed,True,True,correct_accept,124.804,0.429643,0.198594,0.230372,145,145
Kubernetes---kb_197_Normalized.json,Kubernetes---kb_197_Normalized.json::test_00001,invalid,passed,False,True,correct_reject,124.804,0.281933,0.133008,0.14849,176,111
Kubernetes---kb_197_Normalized.json,Kubernetes---kb_197_Normalized.json::test_00002,invalid,passed,False,True,correct_reject,124.804,0.27547,0.129147,0.145872,176,111
Kubernetes---kb_197_Normalized.json,Kubernetes---kb_197_Normalized.json::test_00003,invalid,passed,False,True,correct_reject,124.804,0.254624,0.11573,0.138467,150,106
Kubernetes---kb_199_Normalized.json,Kubernetes---kb_199_Normalized.json::test_00000,valid,failed,False,True,over_constraint,1.26643,0.051192,0.023397,0.027685,43,16
Kubernetes---kb_199_Normalized.json,Kubernetes---kb_199_Normalized.json::test_00001,invalid,passed,False,True,correct_reject,1.26643,0.000214,2.1e-05,0.000171,42,5
Kubernetes---kb_199_Normalized.json,Kubernetes---kb_199_Normalized.json::test_00002,valid,passed,True,True,correct_accept,1.26643,0.209524,0.096998,0.112211,53,53
Kubernetes---kb_199_Normalized.json,Kubernetes---kb_199_Normalized.json::test_00003,invalid,passed,False,True,correct_reject,1.26643,0.001715,0.001528,0.000163,53,5
Kubernetes---kb_199_Normalized.json,Kubernetes---kb_199_Normalized.json::test_00004,invalid,passed,False,True,correct_reject,1.26643,0.016038,0.007525,0.008471,51,8
Kubernetes---kb_19_Normalized.json,Kubernetes---kb_19_Normalized.json::test_00000,valid,passed,True,True,correct_accept,6.19533,0.315945,0.146878,0.168518,136,136
Kubernetes---kb_19_Normalized.json,Kubernetes---kb_19_Normalized.json::test_00001,invalid,passed,False,True,correct_reject,6.19533,0.0002,2.6e-05,0.000153,135,6
Kubernetes---kb_19_Normalized.json,Kubernetes---kb_19_Normalized.json::test_00002,invalid,passed,False,True,correct_reject,6.19533,0.298714,0.138172,0.160053,146,136
Kubernetes---kb_19_Normalized.json,Kubernetes---kb_19_Normalized.json::test_00003,invalid,passed,False,True,correct_reject,6.19533,0.319577,0.150472,0.168611,138,128
Kubernetes---kb_19_Normalized.json,Kubernetes---kb_19_Normalized.json::test_00004,invalid,passed,False,True,correct_reject,6.19533,0.372018,0.17275,0.198689,152,141
Kubernetes---kb_19_Normalized.json,Kubernetes---kb_19_Normalized.json::test_00005,invalid,passed,False,True,correct_reject,6.19533,0.27704,0.128785,0.147838,146,136
Kubernetes---kb_1_Normalized.json,Kubernetes---kb_1_Normalized.json::test_00000,valid,passed,True,True,correct_accept,30.4816,0.496306,0.227774,0.267493,309,309
Kubernetes---kb_1_Normalized.json,Kubernetes---kb_1_Normalized.json::test_00001,valid,passed,True,True,correct_accept,30.4816,0.560694,0.254625,0.30488,309,309
Kubernetes---kb_200_Normalized.json,Kubernetes---kb_200_Normalized.json::test_00000,valid,passed,True,True,correct_accept,1.40964,0.122,0.054294,0.067491,43,43
Kubernetes---kb_200_Normalized.json,Kubernetes---kb_200_Normalized.json::test_00001,invalid,passed,False,True,correct_reject,1.40964,0.002074,0.001882,0.000165,43,5
Kubernetes---kb_200_Normalized.json,Kubernetes---kb_200_Normalized.json::test_00002,invalid,passed,False,True,correct_reject,1.40964,0.018576,0.007836,0.010702,46,8
Kubernetes---kb_201_Normalized.json,Kubernetes---kb_201_Normalized.json::test_00000,valid,passed,True,True,correct_accept,1.22408,0.204944,0.092845,0.111813,43,43
Kubernetes---kb_201_Normalized.json,Kubernetes---kb_201_Normalized.json::test_00001,invalid,passed,False,True,correct_reject,1.22408,0.001387,0.001224,0.000143,43,5
Kubernetes---kb_201_Normalized.json,Kubernetes---kb_201_Normalized.json::test_00002,invalid,passed,False,True,correct_reject,1.22408,0.000144,1.3e-05,0.000118,43,5
Kubernetes---kb_201_Normalized.json,Kubernetes---kb_201_Normalized.json::test_00003,valid,passed,True,True,correct_accept,1.22408,0.223535,0.106252,0.117015,53,53
Kubernetes---kb_201_Normalized.json,Kubernetes---kb_201_Normalized.json::test_00004,invalid,passed,False,True,correct_reject,1.22408,0.023231,0.013365,0.009827,53,8
Kubernetes---kb_201_Normalized.json,Kubernetes---kb_201_Normalized.json::test_00005,invalid,passed,False,True,correct_reject,1.22408,0.013733,0.007437,0.006263,51,8
Kubernetes---kb_202_Normalized.json,Kubernetes---kb_202_Normalized.json::test_00000,valid,compile_error,,True,over_constraint,0.077779,,,,,
Kubernetes---kb_202_Normalized.json,Kubernetes---kb_202_Normalized.json::test_00001,invalid,compile_error,,True,correct_reject,0.077779,,,,,
Kubernetes---kb_202_Normalized.json,Kubernetes---kb_202_Normalized.json::test_00002,invalid,compile_error,,True,correct_reject,0.077779,,,,,
Kubernetes---kb_202_Normalized.json,Kubernetes---kb_202_Normalized.json::test_00003,invalid,compile_error,,True,correct_reject,0.077779,,,,,
Kubernetes---kb_202_Normalized.json,Kubernetes---kb_202_Normalized.json::test_00004,invalid,compile_error,,True,correct_reject,0.077779,,,,,
Kubernetes---kb_203_Normalized.json,Kubernetes---kb_203_Normalized.json::test_00000,valid,compile_error,,True,over_constraint,0.06622,,,,,
Kubernetes---kb_203_Normalized.json,Kubernetes---kb_203_Normalized.json::test_00001,invalid,compile_error,,True,correct_reject,0.06622,,,,,
Kubernetes---kb_203_Normalized.json,Kubernetes---kb_203_Normalized.json::test_00002,invalid,compile_error,,True,correct_reject,0.06622,,,,,
Kubernetes---kb_203_Normalized.json,Kubernetes---kb_203_Normalized.json::test_00003,invalid,compile_error,,True,correct_reject,0.06622,,,,,
Kubernetes---kb_203_Normalized.json,Kubernetes---kb_203_Normalized.json::test_00004,invalid,compile_error,,True,correct_reject,0.06622,,,,,
Kubernetes---kb_204_Normalized.json,Kubernetes---kb_204_Normalized.json::test_00000,valid,compile_error,,True,over_constraint,0.071925,,,,,
Kubernetes---kb_204_Normalized.json,Kubernetes---kb_204_Normalized.json::test_00001,invalid,compile_error,,True,correct_reject,0.071925,,,,,
Kubernetes---kb_204_Normalized.json,Kubernetes---kb_204_Normalized.json::test_00002,valid,compile_error,,True,over_constraint,0.071925,,,,,
Kubernetes---kb_204_Normalized.json,Kubernetes---kb_204_Normalized.json::test_00003,invalid,compile_error,,True,correct_reject,0.071925,,,,,
Kubernetes---kb_204_Normalized.json,Kubernetes---kb_204_Normalized.json::test_00004,invalid,compile_error,,True,correct_reject,0.071925,,,,,
Kubernetes---kb_204_Normalized.json,Kubernetes---kb_204_Normalized.json::test_00005,invalid,compile_error,,True,correct_reject,0.071925,,,,,
Kubernetes---kb_205_Normalized.json,Kubernetes---kb_205_Normalized.json::test_00000,valid,passed,True,True,correct_accept,3.09192,0.492977,0.226986,0.265203,157,157
Kubernetes---kb_205_Normalized.json,Kubernetes---kb_205_Normalized.json::test_00001,invalid,passed,False,True,correct_reject,3.09192,0.155058,0.073717,0.081072,109,51
Kubernetes---kb_205_Normalized.json,Kubernetes---kb_205_Normalized.json::test_00002,invalid,passed,False,True,correct_reject,3.09192,0.372072,0.174849,0.196593,152,151
Kubernetes---kb_205_Normalized.json,Kubernetes---kb_205_Normalized.json::test_00003,invalid,passed,False,True,correct_reject,3.09192,0.21949,0.103137,0.115935,156,89
Kubernetes---kb_206_Normalized.json,Kubernetes---kb_206_Normalized.json::test_00000,valid,passed,True,True,correct_accept,3.54726,0.605627,0.278293,0.326434,164,164
Kubernetes---kb_206_Normalized.json,Kubernetes---kb_206_Normalized.json::test_00001,invalid,passed,False,True,correct_reject,3.54726,0.118068,0.056425,0.061403,67,51
Kubernetes---kb_206_Normalized.json,Kubernetes---kb_206_Normalized.json::test_00002,invalid,passed,False,True,correct_reject,3.54726,0.244428,0.114758,0.129278,167,92
Kubernetes---kb_206_Normalized.json,Kubernetes---kb_206_Normalized.json::test_00003,valid,passed,True,True,correct_accept,3.54726,0.414527,0.193626,0.220223,157,157
Kubernetes---kb_206_Normalized.json,Kubernetes---kb_206_Normalized.json::test_00004,invalid,passed,False,True,correct_reject,3.54726,0.879151,0.420945,0.457078,200,184
Kubernetes---kb_206_Normalized.json,Kubernetes---kb_206_Normalized.json::test_00005,invalid,passed,False,True,correct_reject,3.54726,0.10186,0.048501,0.053137,207,49
Kubernetes---kb_207_Normalized.json,Kubernetes---kb_207_Normalized.json::test_00000,valid,running_validation,,False,no_decision,3.35755,,,,157,
Kubernetes---kb_207_Normalized.json,Kubernetes---kb_207_Normalized.json::test_00001,invalid,passed,False,True,correct_reject,3.35755,0.142849,0.069953,0.072613,66,51
Kubernetes---kb_207_Normalized.json,Kubernetes---kb_207_Normalized.json::test_00002,invalid,passed,False,True,correct_reject,3.35755,0.438124,0.203925,0.233499,150,137
Kubernetes---kb_207_Normalized.json,Kubernetes---kb_207_Normalized.json::test_00003,invalid,passed,False,True,correct_reject,3.35755,0.259747,0.123096,0.136233,157,89
Kubernetes---kb_207_Normalized.json,Kubernetes---kb_207_Normalized.json::test_00004,valid,passed,True,True,correct_accept,3.35755,0.648857,0.30144,0.346482,168,168
Kubernetes---kb_207_Normalized.json,Kubernetes---kb_207_Normalized.json::test_00005,invalid,passed,False,True,correct_reject,3.35755,0.283891,0.13286,0.150609,171,94
Kubernetes---kb_207_Normalized.json,Kubernetes---kb_207_Normalized.json::test_00006,invalid,passed,False,True,correct_reject,3.35755,0.4963,0.230266,0.265297,174,155
Kubernetes---kb_208_Normalized.json,Kubernetes---kb_208_Normalized.json::test_00000,valid,compile_error,,True,over_constraint,0.076505,,,,,
Kubernetes---kb_208_Normalized.json,Kubernetes---kb_208_Normalized.json::test_00001,invalid,compile_error,,True,correct_reject,0.076505,,,,,
Kubernetes---kb_208_Normalized.json,Kubernetes---kb_208_Normalized.json::test_00002,invalid,compile_error,,True,correct_reject,0.076505,,,,,
Kubernetes---kb_208_Normalized.json,Kubernetes---kb_208_Normalized.json::test_00003,invalid,compile_error,,True,correct_reject,0.076505,,,,,
Kubernetes---kb_208_Normalized.json,Kubernetes---kb_208_Normalized.json::test_00004,valid,compile_error,,True,over_constraint,0.076505,,,,,
Kubernetes---kb_208_Normalized.json,Kubernetes---kb_208_Normalized.json::test_00005,invalid,compile_error,,True,correct_reject,0.076505,,,,,
Kubernetes---kb_208_Normalized.json,Kubernetes---kb_208_Normalized.json::test_00006,invalid,compile_error,,True,correct_reject,0.076505,,,,,
Kubernetes---kb_209_Normalized.json,Kubernetes---kb_209_Normalized.json::test_00000,valid,compile_error,,True,over_constraint,0.072137,,,,,
Kubernetes---kb_209_Normalized.json,Kubernetes---kb_209_Normalized.json::test_00001,valid,compile_error,,True,over_constraint,0.072137,,,,,
Kubernetes---kb_209_Normalized.json,Kubernetes---kb_209_Normalized.json::test_00002,invalid,compile_error,,True,correct_reject,0.072137,,,,,
Kubernetes---kb_209_Normalized.json,Kubernetes---kb_209_Normalized.json::test_00003,invalid,compile_error,,True,correct_reject,0.072137,,,,,
Kubernetes---kb_20_Normalized.json,Kubernetes---kb_20_Normalized.json::test_00000,valid,passed,True,True,correct_accept,2.2271,0.286478,0.132636,0.153353,89,89
Kubernetes---kb_20_Normalized.json,Kubernetes---kb_20_Normalized.json::test_00001,invalid,passed,False,True,correct_reject,2.27873,0.018226,0.008062,0.010109,92,8
Kubernetes---kb_20_Normalized.json,Kubernetes---kb_20_Normalized.json::test_00002,invalid,passed,False,True,correct_reject,2.27873,0.151051,0.070114,0.080676,89,59
Kubernetes---kb_20_Normalized.json,Kubernetes---kb_20_Normalized.json::test_00003,invalid,passed,False,True,correct_reject,2.27873,0.000205,1.8e-05,0.00017,89,5
Kubernetes---kb_20_Normalized.json,Kubernetes---kb_20_Normalized.json::test_00004,valid,passed,True,True,correct_accept,2.27873,0.246571,0.113588,0.132615,87,87
Kubernetes---kb_20_Normalized.json,Kubernetes---kb_20_Normalized.json::test_00005,invalid,passed,False,True,correct_reject,2.27873,0.001355,0.001336,7e-06,65,2
Kubernetes---kb_20_Normalized.json,Kubernetes---kb_20_Normalized.json::test_00006,invalid,passed,False,True,correct_reject,2.27873,1.7e-05,6e-06,3e-06,107,2
Kubernetes---kb_210_Normalized.json,Kubernetes---kb_210_Normalized.json::test_00000,valid,compile_error,,True,over_constraint,0.099175,,,,,
Kubernetes---kb_210_Normalized.json,Kubernetes---kb_210_Normalized.json::test_00001,invalid,compile_error,,True,correct_reject,0.099175,,,,,
Kubernetes---kb_210_Normalized.json,Kubernetes---kb_210_Normalized.json::test_00002,invalid,compile_error,,True,correct_reject,0.099175,,,,,
Kubernetes---kb_210_Normalized.json,Kubernetes---kb_210_Normalized.json::test_00003,valid,compile_error,,True,over_constraint,0.099175,,,,,
Kubernetes---kb_210_Normalized.json,Kubernetes---kb_210_Normalized.json::test_00004,invalid,compile_error,,True,correct_reject,0.099175,,,,,
Kubernetes---kb_210_Normalized.json,Kubernetes---kb_210_Normalized.json::test_00005,invalid,compile_error,,True,correct_reject,0.099175,,,,,
Kubernetes---kb_211_Normalized.json,Kubernetes---kb_211_Normalized.json::test_00000,valid,passed,True,True,correct_accept,11.5274,0.107071,0.05068,0.056209,39,39
Kubernetes---kb_212_Normalized.json,Kubernetes---kb_212_Normalized.json::test_00000,valid,passed,True,True,correct_accept,10.4408,0.061501,0.028433,0.03295,39,39
Kubernetes---kb_212_Normalized.json,Kubernetes---kb_212_Normalized.json::test_00001,invalid,passed,False,True,correct_reject,10.4408,0.06155,0.028471,0.032964,40,38
Kubernetes---kb_213_Normalized.json,Kubernetes---kb_213_Normalized.json::test_00000,valid,passed,True,True,correct_accept,10.3781,0.092914,0.042511,0.05024,39,39
Kubernetes---kb_214_Normalized.json,Kubernetes---kb_214_Normalized.json::test_00000,valid,passed,True,True,correct_accept,0.735759,0.071832,0.032616,0.039087,31,31
Kubernetes---kb_214_Normalized.json,Kubernetes---kb_214_Normalized.json::test_00001,invalid,passed,False,True,correct_reject,0.735759,0.002173,0.001976,0.000171,30,7
Kubernetes---kb_214_Normalized.json,Kubernetes---kb_214_Normalized.json::test_00002,valid,passed,True,True,correct_accept,0.735759,0.070423,0.031682,0.038618,31,31
Kubernetes---kb_214_Normalized.json,Kubernetes---kb_214_Normalized.json::test_00003,invalid,passed,False,True,correct_reject,0.735759,0.001458,0.001283,0.000153,29,8
Kubernetes---kb_215_Normalized.json,Kubernetes---kb_215_Normalized.json::test_00000,valid,passed,True,True,correct_accept,0.94886,0.06629,0.02977,0.036387,31,31
Kubernetes---kb_215_Normalized.json,Kubernetes---kb_215_Normalized.json::test_00001,invalid,passed,False,True,correct_reject,0.735678,0.000237,3e-05,0.000177,30,7
Kubernetes---kb_215_Normalized.json,Kubernetes---kb_215_Normalized.json::test_00002,valid,passed,True,True,correct_accept,0.735678,0.085707,0.038851,0.046703,31,31
Kubernetes---kb_215_Normalized.json,Kubernetes---kb_215_Normalized.json::test_00003,invalid,passed,False,True,correct_reject,0.735678,0.002789,0.002626,0.000138,29,8
Kubernetes---kb_216_Normalized.json,Kubernetes---kb_216_Normalized.json::test_00000,valid,failed,False,True,over_constraint,0.703607,0.062085,0.02838,0.033594,31,22
Kubernetes---kb_216_Normalized.json,Kubernetes---kb_216_Normalized.json::test_00001,invalid,running_validation,,False,no_decision,0.703607,,,,29,
Kubernetes---kb_216_Normalized.json,Kubernetes---kb_216_Normalized.json::test_00002,valid,passed,True,True,correct_accept,0.759006,0.082687,0.03727,0.045276,31,31
Kubernetes---kb_216_Normalized.json,Kubernetes---kb_216_Normalized.json::test_00003,invalid,passed,False,True,correct_reject,0.759006,0.001593,0.001408,0.000161,30,7
Kubernetes---kb_21_Normalized.json,Kubernetes---kb_21_Normalized.json::test_00000,valid,passed,True,True,correct_accept,2.19858,0.28161,0.128876,0.152278,89,89
Kubernetes---kb_21_Normalized.json,Kubernetes---kb_21_Normalized.json::test_00001,invalid,passed,False,True,correct_reject,2.19858,0.017401,0.009197,0.008158,92,8
Kubernetes---kb_21_Normalized.json,Kubernetes---kb_21_Normalized.json::test_00002,invalid,passed,False,True,correct_reject,2.19858,0.113172,0.052552,0.060394,89,59
Kubernetes---kb_21_Normalized.json,Kubernetes---kb_21_Normalized.json::test_00003,invalid,passed,False,True,correct_reject,2.19858,0.000176,1.9e-05,0.00014,89,5
Kubernetes---kb_21_Normalized.json,Kubernetes---kb_21_Normalized.json::test_00004,valid,passed,True,True,correct_accept,2.19858,0.207583,0.09587,0.1114,92,92
Kubernetes---kb_21_Normalized.json,Kubernetes---kb_21_Normalized.json::test_00005,invalid,passed,False,True,correct_reject,2.19858,0.04498,0.02083,0.024055,93,30
Kubernetes---kb_220_Normalized.json,Kubernetes---kb_220_Normalized.json::test_00000,valid,compile_error,,True,over_constraint,0.063826,,,,,
Kubernetes---kb_220_Normalized.json,Kubernetes---kb_220_Normalized.json::test_00001,valid,compile_error,,True,over_constraint,0.063826,,,,,
Kubernetes---kb_220_Normalized.json,Kubernetes---kb_220_Normalized.json::test_00002,invalid,compile_error,,True,correct_reject,0.063826,,,,,
Kubernetes---kb_221_Normalized.json,Kubernetes---kb_221_Normalized.json::test_00000,valid,compile_error,,True,over_constraint,0.079355,,,,,
Kubernetes---kb_221_Normalized.json,Kubernetes---kb_221_Normalized.json::test_00001,valid,compile_error,,True,over_constraint,0.079355,,,,,
Kubernetes---kb_222_Normalized.json,Kubernetes---kb_222_Normalized.json::test_00000,valid,compile_error,,True,over_constraint,0.090418,,,,,
Kubernetes---kb_222_Normalized.json,Kubernetes---kb_222_Normalized.json::test_00001,valid,compile_error,,True,over_constraint,0.090418,,,,,
Kubernetes---kb_223_Normalized.json,Kubernetes---kb_223_Normalized.json::test_00000,valid,passed,True,True,correct_accept,0.218644,0.000423,0.000132,0.000257,7,7
Kubernetes---kb_223_Normalized.json,Kubernetes---kb_223_Normalized.json::test_00001,invalid,passed,False,True,correct_reject,0.218644,0.000232,3.4e-05,0.000178,7,4
Kubernetes---kb_224_Normalized.json,Kubernetes---kb_224_Normalized.json::test_00000,valid,passed,True,True,correct_accept,0.197038,0.00029,6.3e-05,0.000206,7,7
Kubernetes---kb_224_Normalized.json,Kubernetes---kb_224_Normalized.json::test_00001,invalid,passed,False,True,correct_reject,0.197038,0.000171,2.4e-05,0.000134,7,4
Kubernetes---kb_224_Normalized.json,Kubernetes---kb_224_Normalized.json::test_00002,invalid,passed,False,True,correct_reject,0.197038,0.000241,5.4e-05,0.00017,8,6
Kubernetes---kb_225_Normalized.json,Kubernetes---kb_225_Normalized.json::test_00000,valid,passed,True,True,correct_accept,89.0463,0.213933,0.101101,0.112474,99,99
Kubernetes---kb_225_Normalized.json,Kubernetes---kb_225_Normalized.json::test_00001,valid,passed,True,True,correct_accept,89.0463,0.161282,0.074395,0.086549,90,90
Kubernetes---kb_228_Normalized.json,Kubernetes---kb_228_Normalized.json::test_00000,valid,passed,True,True,correct_accept,83.636,0.191038,0.089527,0.101125,84,84
Kubernetes---kb_228_Normalized.json,Kubernetes---kb_228_Normalized.json::test_00001,valid,passed,True,True,correct_accept,83.636,0.257261,0.12173,0.135088,93,93
Kubernetes---kb_229_Normalized.json,Kubernetes---kb_229_Normalized.json::test_00000,valid,passed,True,True,correct_accept,0.886483,0.186838,0.085875,0.100684,50,50
Kubernetes---kb_229_Normalized.json,Kubernetes---kb_229_Normalized.json::test_00001,invalid,passed,False,True,correct_reject,0.886483,0.093114,0.043253,0.049719,47,25
Kubernetes---kb_229_Normalized.json,Kubernetes---kb_229_Normalized.json::test_00002,invalid,passed,False,True,correct_reject,0.886483,0.15696,0.073217,0.08352,50,42
Kubernetes---kb_229_Normalized.json,Kubernetes---kb_229_Normalized.json::test_00003,valid,passed,True,True,correct_accept,0.886483,0.185879,0.08615,0.099462,49,49
Kubernetes---kb_229_Normalized.json,Kubernetes---kb_229_Normalized.json::test_00004,invalid,passed,False,True,correct_reject,0.886483,0.088266,0.041213,0.046921,46,25
Kubernetes---kb_22_Normalized.json,Kubernetes---kb_22_Normalized.json::test_00000,valid,passed,True,True,correct_accept,4.75068,0.599599,0.294531,0.304129,257,257
Kubernetes---kb_22_Normalized.json,Kubernetes---kb_22_Normalized.json::test_00001,invalid,passed,False,True,correct_reject,4.75068,3.8e-05,9e-06,6e-06,256,6
Kubernetes---kb_22_Normalized.json,Kubernetes---kb_22_Normalized.json::test_00002,valid,passed,True,True,correct_accept,4.75068,0.654119,0.32072,0.332301,264,264
Kubernetes---kb_22_Normalized.json,Kubernetes---kb_22_Normalized.json::test_00003,invalid,passed,False,True,correct_reject,4.75068,2.8e-05,6e-06,4e-06,263,7
Kubernetes---kb_22_Normalized.json,Kubernetes---kb_22_Normalized.json::test_00004,invalid,passed,False,True,correct_reject,4.75068,0.286324,0.139726,0.146146,350,103
Kubernetes---kb_230_Normalized.json,Kubernetes---kb_230_Normalized.json::test_00000,valid,passed,True,True,correct_accept,0.877991,0.196175,0.090029,0.105874,50,50
Kubernetes---kb_230_Normalized.json,Kubernetes---kb_230_Normalized.json::test_00001,invalid,passed,False,True,correct_reject,0.968468,0.111575,0.051428,0.059992,47,25
Kubernetes---kb_230_Normalized.json,Kubernetes---kb_230_Normalized.json::test_00002,invalid,passed,False,True,correct_reject,0.968468,0.151984,0.070849,0.080921,50,43
Kubernetes---kb_230_Normalized.json,Kubernetes---kb_230_Normalized.json::test_00003,invalid,passed,False,True,correct_reject,0.968468,0.116614,0.05404,0.062421,47,34
Kubernetes---kb_230_Normalized.json,Kubernetes---kb_230_Normalized.json::test_00004,invalid,passed,False,True,correct_reject,0.968468,0.000196,2.2e-05,0.000154,41,7
Kubernetes---kb_231_Normalized.json,Kubernetes---kb_231_Normalized.json::test_00000,valid,passed,True,True,correct_accept,1.03421,0.208726,0.09548,0.112944,49,49
Kubernetes---kb_231_Normalized.json,Kubernetes---kb_231_Normalized.json::test_00001,invalid,passed,False,True,correct_reject,1.03421,0.098532,0.04602,0.052361,46,25
Kubernetes---kb_231_Normalized.json,Kubernetes---kb_231_Normalized.json::test_00002,valid,passed,True,True,correct_accept,1.12576,0.230557,0.114373,0.115844,50,50
Kubernetes---kb_231_Normalized.json,Kubernetes---kb_231_Normalized.json::test_00003,invalid,passed,False,True,correct_reject,1.12576,0.103293,0.051135,0.052008,47,25
Kubernetes---kb_232_Normalized.json,Kubernetes---kb_232_Normalized.json::test_00000,valid,passed,True,True,correct_accept,0.83488,0.182844,0.084363,0.098219,50,50
Kubernetes---kb_232_Normalized.json,Kubernetes---kb_232_Normalized.json::test_00001,invalid,passed,False,True,correct_reject,1.01141,0.137585,0.065868,0.071581,47,25
Kubernetes---kb_232_Normalized.json,Kubernetes---kb_232_Normalized.json::test_00002,invalid,passed,False,True,correct_reject,1.01141,0.199501,0.095618,0.103681,50,43
Kubernetes---kb_232_Normalized.json,Kubernetes---kb_232_Normalized.json::test_00003,invalid,passed,False,True,correct_reject,1.01141,0.096432,0.046052,0.050274,45,24
Kubernetes---kb_237_Normalized.json,Kubernetes---kb_237_Normalized.json::test_00000,valid,passed,True,True,correct_accept,173.39,0.230797,0.103821,0.126559,101,101
Kubernetes---kb_237_Normalized.json,Kubernetes---kb_237_Normalized.json::test_00001,valid,passed,True,True,correct_accept,173.39,0.195827,0.088362,0.107062,93,93
Kubernetes---kb_237_Normalized.json,Kubernetes---kb_237_Normalized.json::test_00002,invalid,passed,False,True,correct_reject,173.39,0.001962,0.001704,0.000236,98,6
Kubernetes---kb_237_Normalized.json,Kubernetes---kb_237_Normalized.json::test_00003,invalid,passed,False,True,correct_reject,173.39,0.000262,3.2e-05,0.000213,93,6
Kubernetes---kb_237_Normalized.json,Kubernetes---kb_237_Normalized.json::test_00004,invalid,passed,False,True,correct_reject,173.39,0.000263,3.4e-05,0.000212,94,6
Kubernetes---kb_23_Normalized.json,Kubernetes---kb_23_Normalized.json::test_00000,valid,passed,True,True,correct_accept,4.84607,0.775313,0.367156,0.406898,257,257
Kubernetes---kb_23_Normalized.json,Kubernetes---kb_23_Normalized.json::test_00001,invalid,passed,False,True,correct_reject,4.84607,0.000219,2e-05,0.000175,256,6
Kubernetes---kb_23_Normalized.json,Kubernetes---kb_23_Normalized.json::test_00002,invalid,passed,False,True,correct_reject,4.84607,0.000284,4.8e-05,0.00021,104,6
Kubernetes---kb_23_Normalized.json,Kubernetes---kb_23_Normalized.json::test_00003,invalid,passed,False,True,correct_reject,4.84607,0.391166,0.18433,0.206138,269,153
Kubernetes---kb_240_Normalized.json,Kubernetes---kb_240_Normalized.json::test_00000,valid,passed,True,True,correct_accept,176.983,0.13465,0.060977,0.073425,97,97
Kubernetes---kb_240_Normalized.json,Kubernetes---kb_240_Normalized.json::test_00001,valid,passed,True,True,correct_accept,176.983,0.121069,0.055388,0.065451,95,95
Kubernetes---kb_240_Normalized.json,Kubernetes---kb_240_Normalized.json::test_00002,invalid,passed,False,True,correct_reject,176.983,0.0013,0.001191,9.2e-05,94,6
Kubernetes---kb_240_Normalized.json,Kubernetes---kb_240_Normalized.json::test_00003,invalid,passed,False,True,correct_reject,176.983,0.000135,2.3e-05,9.6e-05,95,6
Kubernetes---kb_241_Normalized.json,Kubernetes---kb_241_Normalized.json::test_00000,valid,passed,True,True,correct_accept,3.65592,0.143328,0.066248,0.076752,121,121
Kubernetes---kb_241_Normalized.json,Kubernetes---kb_241_Normalized.json::test_00001,invalid,passed,False,True,correct_reject,3.65592,0.000154,2.4e-05,0.000115,121,5
Kubernetes---kb_241_Normalized.json,Kubernetes---kb_241_Normalized.json::test_00002,invalid,passed,False,True,correct_reject,3.65592,0.143885,0.067404,0.076285,115,49
Kubernetes---kb_241_Normalized.json,Kubernetes---kb_241_Normalized.json::test_00003,invalid,passed,False,True,correct_reject,3.65592,0.0002,2.2e-05,0.000161,121,5
Kubernetes---kb_241_Normalized.json,Kubernetes---kb_241_Normalized.json::test_00004,invalid,passed,False,True,correct_reject,3.65592,0.166725,0.079849,0.086669,115,53
Kubernetes---kb_241_Normalized.json,Kubernetes---kb_241_Normalized.json::test_00005,valid,passed,True,True,correct_accept,3.65592,0.169576,0.080822,0.088406,122,122
Kubernetes---kb_241_Normalized.json,Kubernetes---kb_241_Normalized.json::test_00006,invalid,passed,False,True,correct_reject,3.65592,0.219105,0.103969,0.114728,122,120
Kubernetes---kb_241_Normalized.json,Kubernetes---kb_241_Normalized.json::test_00007,invalid,passed,False,True,correct_reject,3.65592,0.000221,3.2e-05,0.000169,115,5
Kubernetes---kb_244_Normalized.json,Kubernetes---kb_244_Normalized.json::test_00000,valid,passed,True,True,correct_accept,2.85336,0.34764,0.162377,0.184698,171,171
Kubernetes---kb_244_Normalized.json,Kubernetes---kb_244_Normalized.json::test_00001,invalid,passed,False,True,correct_reject,2.85336,0.00026,5.3e-05,0.000184,171,5
Kubernetes---kb_244_Normalized.json,Kubernetes---kb_244_Normalized.json::test_00002,invalid,passed,False,True,correct_reject,2.85336,0.509491,0.236378,0.27248,214,152
Kubernetes---kb_244_Normalized.json,Kubernetes---kb_244_Normalized.json::test_00003,valid,passed,True,True,correct_accept,2.85336,0.137867,0.064882,0.072706,121,121
Kubernetes---kb_244_Normalized.json,Kubernetes---kb_244_Normalized.json::test_00004,invalid,passed,False,True,correct_reject,2.85336,0.000164,4.7e-05,0.0001,121,5
Kubernetes---kb_244_Normalized.json,Kubernetes---kb_244_Normalized.json::test_00005,invalid,passed,False,True,correct_reject,2.85336,0.140537,0.064044,0.07621,121,119
Kubernetes---kb_245_Normalized.json,Kubernetes---kb_245_Normalized.json::test_00000,valid,passed,True,True,correct_accept,0.51096,0.028347,0.011793,0.016487,19,19
Kubernetes---kb_245_Normalized.json,Kubernetes---kb_245_Normalized.json::test_00001,invalid,passed,False,True,correct_reject,0.51096,0.001369,0.001208,0.000144,17,5
Kubernetes---kb_245_Normalized.json,Kubernetes---kb_245_Normalized.json::test_00002,invalid,passed,False,True,correct_reject,0.51096,0.023176,0.009629,0.013508,21,8
Kubernetes---kb_248_Normalized.json,Kubernetes---kb_248_Normalized.json::test_00000,valid,passed,True,True,correct_accept,0.515743,0.023409,0.009678,0.013662,19,19
Kubernetes---kb_248_Normalized.json,Kubernetes---kb_248_Normalized.json::test_00001,invalid,passed,False,True,correct_reject,0.515743,0.001472,0.001314,0.000141,17,5
Kubernetes---kb_248_Normalized.json,Kubernetes---kb_248_Normalized.json::test_00002,invalid,passed,False,True,correct_reject,0.515743,0.027297,0.011433,0.015821,21,8
Kubernetes---kb_249_Normalized.json,Kubernetes---kb_249_Normalized.json::test_00000,valid,failed,False,True,over_constraint,4.28004,0.144449,0.064248,0.079978,67,52
Kubernetes---kb_249_Normalized.json,Kubernetes---kb_249_Normalized.json::test_00001,invalid,passed,False,True,correct_reject,4.28004,0.115083,0.050537,0.064368,67,52
Kubernetes---kb_249_Normalized.json,Kubernetes---kb_249_Normalized.json::test_00002,invalid,passed,False,True,correct_reject,4.28004,2.3e-05,4e-06,5e-06,66,6
Kubernetes---kb_249_Normalized.json,Kubernetes---kb_249_Normalized.json::test_00003,invalid,passed,False,True,correct_reject,4.28004,0.106517,0.048052,0.05831,68,52
Kubernetes---kb_249_Normalized.json,Kubernetes---kb_249_Normalized.json::test_00004,valid,passed,True,True,correct_accept,4.28004,0.144688,0.064057,0.080411,74,74
Kubernetes---kb_249_Normalized.json,Kubernetes---kb_249_Normalized.json::test_00005,invalid,passed,False,True,correct_reject,4.28004,0.002469,0.00245,7e-06,78,5
Kubernetes---kb_249_Normalized.json,Kubernetes---kb_249_Normalized.json::test_00006,invalid,passed,False,True,correct_reject,4.28004,4.4e-05,1.1e-05,1.2e-05,74,7
Kubernetes---kb_24_Normalized.json,Kubernetes---kb_24_Normalized.json::test_00000,valid,failed,False,True,over_constraint,44.0823,0.332941,0.157085,0.175422,397,96
Kubernetes---kb_24_Normalized.json,Kubernetes---kb_24_Normalized.json::test_00001,invalid,passed,False,True,correct_reject,44.0823,0.001434,0.001402,1.1e-05,389,6
Kubernetes---kb_24_Normalized.json,Kubernetes---kb_24_Normalized.json::test_00002,invalid,passed,False,True,correct_reject,44.0823,9.4e-05,2.1e-05,2.1e-05,399,16
Kubernetes---kb_24_Normalized.json,Kubernetes---kb_24_Normalized.json::test_00003,invalid,passed,False,True,correct_reject,44.0823,0.249443,0.120394,0.128699,398,96
Kubernetes---kb_24_Normalized.json,Kubernetes---kb_24_Normalized.json::test_00004,invalid,passed,False,True,correct_reject,44.0823,0.232547,0.113112,0.11914,459,96
Kubernetes---kb_250_Normalized.json,Kubernetes---kb_250_Normalized.json::test_00000,valid,passed,True,True,correct_accept,1.40749,0.073686,0.032941,0.040586,58,58
Kubernetes---kb_250_Normalized.json,Kubernetes---kb_250_Normalized.json::test_00001,invalid,passed,False,True,correct_reject,1.40749,0.028457,0.013958,0.014435,58,22
Kubernetes---kb_250_Normalized.json,Kubernetes---kb_250_Normalized.json::test_00002,invalid,passed,False,True,correct_reject,1.40749,0.000141,2.2e-05,0.000104,57,6
Kubernetes---kb_250_Normalized.json,Kubernetes---kb_250_Normalized.json::test_00003,invalid,passed,False,True,correct_reject,1.40749,0.0289,0.013086,0.015751,59,22
Kubernetes---kb_250_Normalized.json,Kubernetes---kb_250_Normalized.json::test_00004,invalid,passed,False,True,correct_reject,1.40749,0.032703,0.014949,0.017655,60,42
Kubernetes---kb_250_Normalized.json,Kubernetes---kb_250_Normalized.json::test_00005,valid,passed,True,True,correct_accept,1.40749,0.086068,0.039126,0.046768,60,60
Kubernetes---kb_250_Normalized.json,Kubernetes---kb_250_Normalized.json::test_00006,invalid,passed,False,True,correct_reject,1.40749,0.022726,0.011114,0.01154,60,25
Kubernetes---kb_250_Normalized.json,Kubernetes---kb_250_Normalized.json::test_00007,invalid,passed,False,True,correct_reject,1.40749,0.020609,0.009416,0.011119,64,25
Kubernetes---kb_251_Normalized.json,Kubernetes---kb_251_Normalized.json::test_00000,valid,passed,True,True,correct_accept,82.8656,0.114606,0.052772,0.061583,89,89
Kubernetes---kb_251_Normalized.json,Kubernetes---kb_251_Normalized.json::test_00001,valid,failed,False,True,over_constraint,82.8656,0.110368,0.051537,0.058596,102,90
Kubernetes---kb_255_Normalized.json,Kubernetes---kb_255_Normalized.json::test_00000,valid,failed,False,True,over_constraint,84.5317,0.189311,0.087831,0.101161,102,90
Kubernetes---kb_256_Normalized.json,Kubernetes---kb_256_Normalized.json::test_00000,valid,passed,True,True,correct_accept,0.991425,0.267245,0.122448,0.144451,70,70
Kubernetes---kb_256_Normalized.json,Kubernetes---kb_256_Normalized.json::test_00001,invalid,passed,False,True,correct_reject,0.991425,0.119797,0.055898,0.063756,68,44
Kubernetes---kb_256_Normalized.json,Kubernetes---kb_256_Normalized.json::test_00002,valid,passed,True,True,correct_accept,0.991425,0.190807,0.088178,0.102401,69,69
Kubernetes---kb_256_Normalized.json,Kubernetes---kb_256_Normalized.json::test_00003,invalid,passed,False,True,correct_reject,0.991425,0.001093,0.001078,4e-06,69,2
Kubernetes---kb_257_Normalized.json,Kubernetes---kb_257_Normalized.json::test_00000,valid,passed,True,True,correct_accept,0.957489,0.221954,0.105668,0.116014,70,70
Kubernetes---kb_257_Normalized.json,Kubernetes---kb_257_Normalized.json::test_00001,invalid,passed,False,True,correct_reject,0.957489,0.13725,0.066544,0.070541,67,44
Kubernetes---kb_257_Normalized.json,Kubernetes---kb_257_Normalized.json::test_00002,invalid,passed,False,True,correct_reject,0.957489,0.197603,0.094969,0.102369,70,63
Kubernetes---kb_257_Normalized.json,Kubernetes---kb_257_Normalized.json::test_00003,valid,passed,True,True,correct_accept,0.957489,0.283644,0.134859,0.148442,72,72
Kubernetes---kb_258_Normalized.json,Kubernetes---kb_258_Normalized.json::test_00000,valid,passed,True,True,correct_accept,0.995005,0.272371,0.125262,0.146778,72,72
Kubernetes---kb_258_Normalized.json,Kubernetes---kb_258_Normalized.json::test_00001,invalid,passed,False,True,correct_reject,0.961593,0.183939,0.084124,0.099581,67,44
Kubernetes---kb_258_Normalized.json,Kubernetes---kb_258_Normalized.json::test_00002,valid,passed,True,True,correct_accept,0.961593,0.240808,0.110338,0.130177,70,70
Kubernetes---kb_258_Normalized.json,Kubernetes---kb_258_Normalized.json::test_00003,invalid,passed,False,True,correct_reject,0.961593,0.168764,0.079413,0.089142,70,62
Kubernetes---kb_258_Normalized.json,Kubernetes---kb_258_Normalized.json::test_00004,invalid,passed,False,True,correct_reject,0.961593,0.167579,0.078339,0.089037,70,62
Kubernetes---kb_259_Normalized.json,Kubernetes---kb_259_Normalized.json::test_00000,valid,passed,True,True,correct_accept,0.939501,0.299674,0.137691,0.161624,70,70
Kubernetes---kb_259_Normalized.json,Kubernetes---kb_259_Normalized.json::test_00001,invalid,passed,False,True,correct_reject,0.939501,0.172835,0.080697,0.09192,67,44
Kubernetes---kb_259_Normalized.json,Kubernetes---kb_259_Normalized.json::test_00002,invalid,passed,False,True,correct_reject,0.939501,0.185989,0.087341,0.098452,70,63
Kubernetes---kb_259_Normalized.json,Kubernetes---kb_259_Normalized.json::test_00003,valid,passed,True,True,correct_accept,0.939501,0.206069,0.094585,0.111261,69,69
Kubernetes---kb_259_Normalized.json,Kubernetes---kb_259_Normalized.json::test_00004,invalid,passed,False,True,correct_reject,0.939501,0.001136,0.001122,5e-06,68,2
Kubernetes---kb_259_Normalized.json,Kubernetes---kb_259_Normalized.json::test_00005,invalid,passed,False,True,correct_reject,0.939501,1.4e-05,5e-06,2e-06,58,2
Kubernetes---kb_25_Normalized.json,Kubernetes---kb_25_Normalized.json::test_00000,valid,failed,False,True,over_constraint,44.5814,0.303016,0.135673,0.166933,462,109
Kubernetes---kb_25_Normalized.json,Kubernetes---kb_25_Normalized.json::test_00001,invalid,passed,False,True,correct_reject,44.5814,0.001239,0.001214,8e-06,451,6
Kubernetes---kb_25_Normalized.json,Kubernetes---kb_25_Normalized.json::test_00002,invalid,passed,False,True,correct_reject,44.5814,4.1e-05,5e-06,6e-06,460,16
Kubernetes---kb_25_Normalized.json,Kubernetes---kb_25_Normalized.json::test_00003,invalid,passed,False,True,correct_reject,44.5814,2.2e-05,4e-06,4e-06,451,6
Kubernetes---kb_25_Normalized.json,Kubernetes---kb_25_Normalized.json::test_00004,invalid,passed,False,True,correct_reject,44.5814,0.316832,0.142911,0.1735,468,109
Kubernetes---kb_25_Normalized.json,Kubernetes---kb_25_Normalized.json::test_00005,invalid,passed,False,True,correct_reject,44.5814,0.391659,0.175526,0.21566,559,109
Kubernetes---kb_25_Normalized.json,Kubernetes---kb_25_Normalized.json::test_00006,invalid,passed,False,True,correct_reject,44.5814,0.2905,0.130499,0.159638,463,109
Kubernetes---kb_260_Normalized.json,Kubernetes---kb_260_Normalized.json::test_00000,valid,passed,True,True,correct_accept,1.23367,0.22964,0.105696,0.12366,72,72
Kubernetes---kb_260_Normalized.json,Kubernetes---kb_260_Normalized.json::test_00001,invalid,passed,False,True,correct_reject,1.23367,0.143311,0.067896,0.075226,67,44
Kubernetes---kb_260_Normalized.json,Kubernetes---kb_260_Normalized.json::test_00002,invalid,passed,False,True,correct_reject,1.23367,0.204969,0.095287,0.109431,72,65
Kubernetes---kb_260_Normalized.json,Kubernetes---kb_260_Normalized.json::test_00003,valid,passed,True,True,correct_accept,1.23367,0.218126,0.099225,0.11863,69,69
Kubernetes---kb_260_Normalized.json,Kubernetes---kb_260_Normalized.json::test_00004,invalid,passed,False,True,correct_reject,1.23367,0.001479,0.001465,4e-06,69,2
Kubernetes---kb_260_Normalized.json,Kubernetes---kb_260_Normalized.json::test_00005,invalid,passed,False,True,correct_reject,1.23367,1.8e-05,6e-06,3e-06,57,2
Kubernetes---kb_269_Normalized.json,Kubernetes---kb_269_Normalized.json::test_00000,valid,passed,True,True,correct_accept,167.67,0.196918,0.089489,0.107002,132,132
Kubernetes---kb_269_Normalized.json,Kubernetes---kb_269_Normalized.json::test_00001,valid,passed,True,True,correct_accept,167.67,0.122548,0.057134,0.065115,129,129
Kubernetes---kb_269_Normalized.json,Kubernetes---kb_269_Normalized.json::test_00002,invalid,passed,False,True,correct_reject,167.67,0.000167,2.3e-05,0.000123,129,6
Kubernetes---kb_26_Normalized.json,Kubernetes---kb_26_Normalized.json::test_00000,valid,failed,False,True,over_constraint,45.4115,0.321268,0.154473,0.166395,700,99
Kubernetes---kb_26_Normalized.json,Kubernetes---kb_26_Normalized.json::test_00001,invalid,passed,False,True,correct_reject,45.4115,0.001407,0.001229,0.000158,689,6
Kubernetes---kb_26_Normalized.json,Kubernetes---kb_26_Normalized.json::test_00002,invalid,passed,False,True,correct_reject,45.4115,0.323461,0.156067,0.166992,707,99
Kubernetes---kb_26_Normalized.json,Kubernetes---kb_26_Normalized.json::test_00003,invalid,passed,False,True,correct_reject,45.4115,0.330303,0.160082,0.169822,709,99
Kubernetes---kb_26_Normalized.json,Kubernetes---kb_26_Normalized.json::test_00004,invalid,running_validation,,False,no_decision,45.4115,,,,691,
Kubernetes---kb_26_Normalized.json,Kubernetes---kb_26_Normalized.json::test_00005,invalid,passed,False,True,correct_reject,45.4115,0.325525,0.156945,0.168178,708,99
Kubernetes---kb_26_Normalized.json,Kubernetes---kb_26_Normalized.json::test_00006,invalid,passed,False,True,correct_reject,45.4115,0.41899,0.202499,0.216046,645,99
Kubernetes---kb_273_Normalized.json,Kubernetes---kb_273_Normalized.json::test_00000,valid,passed,True,True,correct_accept,168.56,0.13324,0.062105,0.070795,130,130
Kubernetes---kb_273_Normalized.json,Kubernetes---kb_273_Normalized.json::test_00001,valid,passed,True,True,correct_accept,168.56,0.153353,0.071238,0.081757,134,134
Kubernetes---kb_274_Normalized.json,Kubernetes---kb_274_Normalized.json::test_00000,valid,passed,True,True,correct_accept,3.43359,0.488019,0.2247,0.262615,209,209
Kubernetes---kb_274_Normalized.json,Kubernetes---kb_274_Normalized.json::test_00001,invalid,passed,False,True,correct_reject,3.43359,0.000188,2.4e-05,0.000147,209,6
Kubernetes---kb_274_Normalized.json,Kubernetes---kb_274_Normalized.json::test_00002,invalid,passed,False,True,correct_reject,3.53088,0.000147,2.3e-05,0.000109,209,6
Kubernetes---kb_274_Normalized.json,Kubernetes---kb_274_Normalized.json::test_00003,invalid,passed,False,True,correct_reject,3.53088,0.480743,0.221318,0.258812,202,161
Kubernetes---kb_274_Normalized.json,Kubernetes---kb_274_Normalized.json::test_00004,invalid,passed,False,True,correct_reject,3.53088,0.749609,0.347348,0.401292,288,247
Kubernetes---kb_274_Normalized.json,Kubernetes---kb_274_Normalized.json::test_00005,valid,passed,True,True,correct_accept,3.53088,0.500194,0.230805,0.26868,211,211
Kubernetes---kb_274_Normalized.json,Kubernetes---kb_274_Normalized.json::test_00006,invalid,passed,False,True,correct_reject,3.53088,0.000222,4.8e-05,0.000155,210,6
Kubernetes---kb_274_Normalized.json,Kubernetes---kb_274_Normalized.json::test_00007,invalid,passed,False,True,correct_reject,3.53088,0.000299,6.7e-05,0.000204,212,13
Kubernetes---kb_274_Normalized.json,Kubernetes---kb_274_Normalized.json::test_00008,invalid,passed,False,True,correct_reject,3.53088,0.498145,0.230534,0.266927,209,168
Kubernetes---kb_278_Normalized.json,Kubernetes---kb_278_Normalized.json::test_00000,valid,passed,True,True,correct_accept,2.67197,0.587154,0.286853,0.299494,209,209
Kubernetes---kb_278_Normalized.json,Kubernetes---kb_278_Normalized.json::test_00001,invalid,passed,False,True,correct_reject,2.67197,0.000228,3.4e-05,0.000173,209,6
Kubernetes---kb_278_Normalized.json,Kubernetes---kb_278_Normalized.json::test_00002,invalid,passed,False,True,correct_reject,2.67197,0.000209,3.2e-05,0.000161,209,6
Kubernetes---kb_278_Normalized.json,Kubernetes---kb_278_Normalized.json::test_00003,invalid,passed,False,True,correct_reject,2.88076,0.750314,0.347483,0.401987,283,242
Kubernetes---kb_278_Normalized.json,Kubernetes---kb_278_Normalized.json::test_00004,valid,passed,True,True,correct_accept,2.88076,0.471685,0.218712,0.252345,207,207
Kubernetes---kb_278_Normalized.json,Kubernetes---kb_278_Normalized.json::test_00005,invalid,passed,False,True,correct_reject,2.88076,0.000193,4.5e-05,0.000133,78,8
Kubernetes---kb_278_Normalized.json,Kubernetes---kb_278_Normalized.json::test_00006,invalid,passed,False,True,correct_reject,2.88076,0.000124,1.3e-05,9.7e-05,207,6
Kubernetes---kb_279_Normalized.json,Kubernetes---kb_279_Normalized.json::test_00000,valid,passed,True,True,correct_accept,0.612649,0.035,0.015003,0.019918,27,27
Kubernetes---kb_279_Normalized.json,Kubernetes---kb_279_Normalized.json::test_00001,invalid,passed,False,True,correct_reject,0.612649,0.001362,0.00121,0.000136,25,5
Kubernetes---kb_279_Normalized.json,Kubernetes---kb_279_Normalized.json::test_00002,invalid,passed,False,True,correct_reject,0.612649,0.033102,0.013172,0.019892,29,8
Kubernetes---kb_27_Normalized.json,Kubernetes---kb_27_Normalized.json::test_00000,valid,passed,True,True,correct_accept,0.840649,0.158098,0.071449,0.086463,49,49
Kubernetes---kb_27_Normalized.json,Kubernetes---kb_27_Normalized.json::test_00001,invalid,passed,False,True,correct_reject,0.840649,0.067763,0.031948,0.035729,46,25
Kubernetes---kb_27_Normalized.json,Kubernetes---kb_27_Normalized.json::test_00002,valid,passed,True,True,correct_accept,0.840649,0.139366,0.064309,0.074875,49,49
Kubernetes---kb_27_Normalized.json,Kubernetes---kb_27_Normalized.json::test_00003,invalid,passed,False,True,correct_reject,0.840649,0.001222,0.001206,5e-06,49,2
Kubernetes---kb_283_Normalized.json,Kubernetes---kb_283_Normalized.json::test_00000,valid,passed,True,True,correct_accept,0.60658,0.035769,0.015312,0.020374,27,27
Kubernetes---kb_283_Normalized.json,Kubernetes---kb_283_Normalized.json::test_00001,invalid,passed,False,True,correct_reject,0.60658,0.001345,0.001193,0.000138,31,4
Kubernetes---kb_283_Normalized.json,Kubernetes---kb_283_Normalized.json::test_00002,invalid,passed,False,True,correct_reject,0.60658,0.023233,0.009709,0.013489,29,8
Kubernetes---kb_284_Normalized.json,Kubernetes---kb_284_Normalized.json::test_00000,valid,passed,True,True,correct_accept,2.64446,0.152238,0.070642,0.081341,104,104
Kubernetes---kb_284_Normalized.json,Kubernetes---kb_284_Normalized.json::test_00001,valid,passed,True,True,correct_accept,2.64446,0.147587,0.068574,0.078765,103,103
Kubernetes---kb_284_Normalized.json,Kubernetes---kb_284_Normalized.json::test_00002,invalid,passed,False,True,correct_reject,2.64446,1.9e-05,5e-06,3e-06,6,4
Kubernetes---kb_285_Normalized.json,Kubernetes---kb_285_Normalized.json::test_00000,valid,passed,True,True,correct_accept,2.31733,0.190241,0.088203,0.101683,106,106
Kubernetes---kb_285_Normalized.json,Kubernetes---kb_285_Normalized.json::test_00001,valid,passed,True,True,correct_accept,2.31733,0.166789,0.076698,0.089755,105,105
Kubernetes---kb_285_Normalized.json,Kubernetes---kb_285_Normalized.json::test_00002,invalid,passed,False,True,correct_reject,2.31733,2.5e-05,6e-06,4e-06,6,5
Kubernetes---kb_286_Normalized.json,Kubernetes---kb_286_Normalized.json::test_00000,valid,passed,True,True,correct_accept,1.25441,0.115725,0.052113,0.063397,62,62
Kubernetes---kb_286_Normalized.json,Kubernetes---kb_286_Normalized.json::test_00001,invalid,passed,False,True,correct_reject,1.25441,0.035999,0.017348,0.018567,67,24
Kubernetes---kb_286_Normalized.json,Kubernetes---kb_286_Normalized.json::test_00002,invalid,passed,False,True,correct_reject,1.4386,0.070434,0.032406,0.037886,60,52
Kubernetes---kb_286_Normalized.json,Kubernetes---kb_286_Normalized.json::test_00003,invalid,passed,False,True,correct_reject,1.4386,0.01607,0.007376,0.00865,60,17
Kubernetes---kb_287_Normalized.json,Kubernetes---kb_287_Normalized.json::test_00000,valid,passed,True,True,correct_accept,1.37194,0.085219,0.038568,0.046487,62,62
Kubernetes---kb_287_Normalized.json,Kubernetes---kb_287_Normalized.json::test_00001,valid,passed,True,True,correct_accept,1.37194,0.072491,0.033952,0.038393,61,61
Kubernetes---kb_287_Normalized.json,Kubernetes---kb_287_Normalized.json::test_00002,invalid,passed,False,True,correct_reject,1.37194,0.028013,0.013473,0.014475,59,24
Kubernetes---kb_288_Normalized.json,Kubernetes---kb_288_Normalized.json::test_00000,valid,passed,True,True,correct_accept,2.64267,0.107125,0.049379,0.05754,78,78
Kubernetes---kb_288_Normalized.json,Kubernetes---kb_288_Normalized.json::test_00001,valid,passed,True,True,correct_accept,2.64267,0.143932,0.06692,0.076758,107,107
Kubernetes---kb_288_Normalized.json,Kubernetes---kb_288_Normalized.json::test_00002,invalid,passed,False,True,correct_reject,2.64267,0.166603,0.077352,0.088982,111,108
Kubernetes---kb_288_Normalized.json,Kubernetes---kb_288_Normalized.json::test_00003,invalid,passed,False,True,correct_reject,2.64267,0.04763,0.02211,0.025415,109,45
Kubernetes---kb_289_Normalized.json,Kubernetes---kb_289_Normalized.json::test_00000,valid,passed,True,True,correct_accept,3.11537,0.139556,0.064584,0.074677,105,105
Kubernetes---kb_289_Normalized.json,Kubernetes---kb_289_Normalized.json::test_00001,valid,passed,True,True,correct_accept,3.11537,0.158724,0.073864,0.084562,106,106
Kubernetes---kb_289_Normalized.json,Kubernetes---kb_289_Normalized.json::test_00002,invalid,passed,False,True,correct_reject,3.11537,0.000206,2.3e-05,0.000166,106,5
Kubernetes---kb_289_Normalized.json,Kubernetes---kb_289_Normalized.json::test_00003,invalid,passed,False,True,correct_reject,3.11537,0.000211,4.4e-05,0.000151,109,5
Kubernetes---kb_289_Normalized.json,Kubernetes---kb_289_Normalized.json::test_00004,invalid,passed,False,True,correct_reject,3.11537,0.066864,0.031156,0.035551,104,45
Kubernetes---kb_28_Normalized.json,Kubernetes---kb_28_Normalized.json::test_00000,valid,passed,True,True,correct_accept,0.8387,0.159449,0.07239,0.086844,47,47
Kubernetes---kb_28_Normalized.json,Kubernetes---kb_28_Normalized.json::test_00001,invalid,passed,False,True,correct_reject,0.951914,0.06746,0.030667,0.036699,44,25
Kubernetes---kb_28_Normalized.json,Kubernetes---kb_28_Normalized.json::test_00002,valid,passed,True,True,correct_accept,0.951914,0.161412,0.074385,0.086846,47,47
Kubernetes---kb_28_Normalized.json,Kubernetes---kb_28_Normalized.json::test_00003,invalid,passed,False,True,correct_reject,0.951914,0.001274,0.00126,4e-06,47,2
Kubernetes---kb_290_Normalized.json,Kubernetes---kb_290_Normalized.json::test_00000,valid,passed,True,True,correct_accept,0.41018,0.028087,0.012202,0.015822,14,14
Kubernetes---kb_290_Normalized.json,Kubernetes---kb_290_Normalized.json::test_00001,invalid,passed,False,True,correct_reject,0.41018,0.001533,0.001346,0.000169,13,4
Kubernetes---kb_290_Normalized.json,Kubernetes---kb_290_Normalized.json::test_00002,invalid,passed,False,True,correct_reject,0.41018,0.000183,1.6e-05,0.000152,13,4
Kubernetes---kb_291_Normalized.json,Kubernetes---kb_291_Normalized.json::test_00000,valid,passed,True,True,correct_accept,0.447599,0.028042,0.012221,0.015758,14,14
Kubernetes---kb_291_Normalized.json,Kubernetes---kb_291_Normalized.json::test_00001,invalid,passed,False,True,correct_reject,0.447599,0.001379,0.001213,0.000149,13,4
Kubernetes---kb_293_Normalized.json,Kubernetes---kb_293_Normalized.json::test_00000,valid,passed,True,True,correct_accept,2.00421,0.578836,0.26262,0.315534,139,139
Kubernetes---kb_293_Normalized.json,Kubernetes---kb_293_Normalized.json::test_00001,invalid,passed,False,True,correct_reject,2.00421,0.053027,0.025739,0.027209,134,14
Kubernetes---kb_293_Normalized.json,Kubernetes---kb_293_Normalized.json::test_00002,invalid,passed,False,True,correct_reject,2.00421,0.043538,0.020404,0.023059,143,14
Kubernetes---kb_293_Normalized.json,Kubernetes---kb_293_Normalized.json::test_00003,invalid,passed,False,True,correct_reject,2.00421,9.6e-05,1e-05,7.3e-05,134,5
Kubernetes---kb_293_Normalized.json,Kubernetes---kb_293_Normalized.json::test_00004,valid,passed,True,True,correct_accept,2.00421,0.332527,0.153659,0.178475,127,127
Kubernetes---kb_293_Normalized.json,Kubernetes---kb_293_Normalized.json::test_00005,invalid,passed,False,True,correct_reject,2.00421,0.035303,0.01692,0.018331,121,14
Kubernetes---kb_294_Normalized.json,Kubernetes---kb_294_Normalized.json::test_00000,valid,passed,True,True,correct_accept,2.05738,0.434546,0.19878,0.235222,127,127
Kubernetes---kb_294_Normalized.json,Kubernetes---kb_294_Normalized.json::test_00001,invalid,passed,False,True,correct_reject,2.05738,0.10606,0.050023,0.055907,131,23
Kubernetes---kb_294_Normalized.json,Kubernetes---kb_294_Normalized.json::test_00002,invalid,passed,False,True,correct_reject,2.05738,0.052518,0.024321,0.028122,131,14
Kubernetes---kb_294_Normalized.json,Kubernetes---kb_294_Normalized.json::test_00003,invalid,passed,False,True,correct_reject,2.05738,0.367755,0.170343,0.196955,134,133
Kubernetes---kb_294_Normalized.json,Kubernetes---kb_294_Normalized.json::test_00004,invalid,passed,False,True,correct_reject,2.05738,0.036222,0.017078,0.019087,122,14
Kubernetes---kb_294_Normalized.json,Kubernetes---kb_294_Normalized.json::test_00005,valid,passed,True,True,correct_accept,2.05738,0.333037,0.153862,0.178783,126,126
Kubernetes---kb_295_Normalized.json,Kubernetes---kb_295_Normalized.json::test_00000,valid,passed,True,True,correct_accept,1.43409,0.381846,0.174319,0.207037,99,99
Kubernetes---kb_295_Normalized.json,Kubernetes---kb_295_Normalized.json::test_00001,invalid,passed,False,True,correct_reject,1.43409,0.001668,0.001468,0.000179,98,5
Kubernetes---kb_295_Normalized.json,Kubernetes---kb_295_Normalized.json::test_00002,invalid,passed,False,True,correct_reject,1.43409,0.01634,0.007368,0.008932,87,9
Kubernetes---kb_295_Normalized.json,Kubernetes---kb_295_Normalized.json::test_00003,valid,passed,True,True,correct_accept,1.43409,0.217494,0.09991,0.117202,94,94
Kubernetes---kb_295_Normalized.json,Kubernetes---kb_295_Normalized.json::test_00004,invalid,passed,False,True,correct_reject,1.43409,0.001065,0.000972,8e-05,92,4
Kubernetes---kb_296_Normalized.json,Kubernetes---kb_296_Normalized.json::test_00000,valid,passed,True,True,correct_accept,1.45789,0.382849,0.174756,0.207582,100,100
Kubernetes---kb_296_Normalized.json,Kubernetes---kb_296_Normalized.json::test_00001,invalid,passed,False,True,correct_reject,1.45789,0.001486,0.001303,0.000164,98,4
Kubernetes---kb_296_Normalized.json,Kubernetes---kb_296_Normalized.json::test_00002,invalid,passed,False,True,correct_reject,1.45789,0.013901,0.006277,0.007594,88,9
Kubernetes---kb_296_Normalized.json,Kubernetes---kb_296_Normalized.json::test_00003,invalid,passed,False,True,correct_reject,1.45789,0.000189,1.4e-05,9.5e-05,99,5
Kubernetes---kb_296_Normalized.json,Kubernetes---kb_296_Normalized.json::test_00004,valid,passed,True,True,correct_accept,1.45789,0.217284,0.10008,0.116946,94,94
Kubernetes---kb_296_Normalized.json,Kubernetes---kb_296_Normalized.json::test_00005,invalid,passed,False,True,correct_reject,1.45789,0.001195,0.001083,9.7e-05,93,5
Kubernetes---kb_297_Normalized.json,Kubernetes---kb_297_Normalized.json::test_00000,valid,passed,True,True,correct_accept,0.218547,3.6e-05,8e-06,6e-06,5,5
Kubernetes---kb_297_Normalized.json,Kubernetes---kb_297_Normalized.json::test_00001,invalid,passed,False,True,correct_reject,0.218547,2.3e-05,5e-06,4e-06,6,4
Kubernetes---kb_297_Normalized.json,Kubernetes---kb_297_Normalized.json::test_00002,invalid,passed,False,True,correct_reject,0.218547,2.5e-05,6e-06,4e-06,6,5
Kubernetes---kb_298_Normalized.json,Kubernetes---kb_298_Normalized.json::test_00000,valid,passed,True,True,correct_accept,0.218367,3.8e-05,1e-05,7e-06,5,5
Kubernetes---kb_298_Normalized.json,Kubernetes---kb_298_Normalized.json::test_00001,invalid,passed,False,True,correct_reject,0.218367,2.6e-05,5e-06,5e-06,6,4
Kubernetes---kb_298_Normalized.json,Kubernetes---kb_298_Normalized.json::test_00002,invalid,passed,False,True,correct_reject,0.218367,2.4e-05,6e-06,5e-06,6,5
Kubernetes---kb_299_Normalized.json,Kubernetes---kb_299_Normalized.json::test_00000,valid,passed,True,True,correct_accept,0.25173,5.4e-05,1.4e-05,1.2e-05,5,5
Kubernetes---kb_299_Normalized.json,Kubernetes---kb_299_Normalized.json::test_00001,invalid,passed,False,True,correct_reject,0.25173,2.2e-05,5e-06,3e-06,6,4
Kubernetes---kb_299_Normalized.json,Kubernetes---kb_299_Normalized.json::test_00002,invalid,passed,False,True,correct_reject,0.25173,2.4e-05,6e-06,5e-06,6,5
Kubernetes---kb_299_Normalized.json,Kubernetes---kb_299_Normalized.json::test_00003,invalid,passed,False,True,correct_reject,0.25173,1.9e-05,5e-06,3e-06,5,4
Kubernetes---kb_29_Normalized.json,Kubernetes---kb_29_Normalized.json::test_00000,valid,passed,True,True,correct_accept,0.788327,0.138864,0.064778,0.073883,47,47
Kubernetes---kb_29_Normalized.json,Kubernetes---kb_29_Normalized.json::test_00001,invalid,passed,False,True,correct_reject,0.788327,0.093068,0.04364,0.049302,44,25
Kubernetes---kb_29_Normalized.json,Kubernetes---kb_29_Normalized.json::test_00002,invalid,passed,False,True,correct_reject,0.788327,0.141536,0.066466,0.074881,47,40
Kubernetes---kb_29_Normalized.json,Kubernetes---kb_29_Normalized.json::test_00003,valid,passed,True,True,correct_accept,0.788327,0.134262,0.062193,0.071895,47,47
Kubernetes---kb_29_Normalized.json,Kubernetes---kb_29_Normalized.json::test_00004,invalid,passed,False,True,correct_reject,0.788327,0.064953,0.030697,0.034174,45,25
Kubernetes---kb_2_Normalized.json,Kubernetes---kb_2_Normalized.json::test_00000,valid,passed,True,True,correct_accept,3.19727,0.151725,0.072755,0.07869,64,64
Kubernetes---kb_2_Normalized.json,Kubernetes---kb_2_Normalized.json::test_00001,invalid,passed,False,True,correct_reject,3.19727,0.054356,0.025054,0.0292,23,21
Kubernetes---kb_2_Normalized.json,Kubernetes---kb_2_Normalized.json::test_00002,invalid,passed,False,True,correct_reject,3.19727,3.4e-05,1e-05,6e-06,8,6
Kubernetes---kb_2_Normalized.json,Kubernetes---kb_2_Normalized.json::test_00003,invalid,passed,False,True,correct_reject,3.19727,0.056199,0.025838,0.030265,70,21
Kubernetes---kb_2_Normalized.json,Kubernetes---kb_2_Normalized.json::test_00004,invalid,passed,False,True,correct_reject,3.19727,0.062811,0.028994,0.033719,69,27
Kubernetes---kb_2_Normalized.json,Kubernetes---kb_2_Normalized.json::test_00005,invalid,passed,False,True,correct_reject,3.19727,0.038614,0.017874,0.020675,63,21
Kubernetes---kb_2_Normalized.json,Kubernetes---kb_2_Normalized.json::test_00006,valid,passed,True,True,correct_accept,3.19727,0.224953,0.10677,0.117873,109,109
Kubernetes---kb_2_Normalized.json,Kubernetes---kb_2_Normalized.json::test_00007,invalid,passed,False,True,correct_reject,3.19727,2.4e-05,4e-06,4e-06,8,7
Kubernetes---kb_2_Normalized.json,Kubernetes---kb_2_Normalized.json::test_00008,invalid,passed,False,True,correct_reject,3.19727,0.067198,0.030918,0.036188,115,28
Kubernetes---kb_300_Normalized.json,Kubernetes---kb_300_Normalized.json::test_00000,valid,passed,True,True,correct_accept,0.577497,0.024893,0.01008,0.014748,18,18
Kubernetes---kb_300_Normalized.json,Kubernetes---kb_300_Normalized.json::test_00001,invalid,passed,False,True,correct_reject,0.569511,0.001368,0.001213,0.000138,18,5
Kubernetes---kb_300_Normalized.json,Kubernetes---kb_300_Normalized.json::test_00002,invalid,passed,False,True,correct_reject,0.569511,0.000146,1.1e-05,0.000125,17,4
Kubernetes---kb_301_Normalized.json,Kubernetes---kb_301_Normalized.json::test_00000,valid,passed,True,True,correct_accept,0.594483,0.038862,0.017663,0.021118,26,26
Kubernetes---kb_301_Normalized.json,Kubernetes---kb_301_Normalized.json::test_00001,invalid,passed,False,True,correct_reject,0.594483,0.001751,0.001568,0.000166,25,5
Kubernetes---kb_301_Normalized.json,Kubernetes---kb_301_Normalized.json::test_00002,valid,passed,True,True,correct_accept,0.594483,0.054396,0.024851,0.02943,27,27
Kubernetes---kb_301_Normalized.json,Kubernetes---kb_301_Normalized.json::test_00003,invalid,passed,False,True,correct_reject,0.594483,0.041844,0.020469,0.021276,28,26
Kubernetes---kb_302_Normalized.json,Kubernetes---kb_302_Normalized.json::test_00000,valid,passed,True,True,correct_accept,0.622752,0.038329,0.017424,0.020811,26,26
Kubernetes---kb_302_Normalized.json,Kubernetes---kb_302_Normalized.json::test_00001,invalid,passed,False,True,correct_reject,0.622752,0.001268,0.001103,0.000147,26,6
Kubernetes---kb_302_Normalized.json,Kubernetes---kb_302_Normalized.json::test_00002,invalid,passed,False,True,correct_reject,0.622752,0.034366,0.016109,0.018191,27,18
Kubernetes---kb_302_Normalized.json,Kubernetes---kb_302_Normalized.json::test_00003,invalid,passed,False,True,correct_reject,0.622752,0.000191,2.5e-05,0.00015,25,5
Kubernetes---kb_303_Normalized.json,Kubernetes---kb_303_Normalized.json::test_00000,valid,passed,True,True,correct_accept,0.650422,0.054267,0.026095,0.028067,26,26
Kubernetes---kb_303_Normalized.json,Kubernetes---kb_303_Normalized.json::test_00001,invalid,passed,False,True,correct_reject,0.650422,0.001233,0.001125,9.3e-05,25,5
Kubernetes---kb_303_Normalized.json,Kubernetes---kb_303_Normalized.json::test_00002,invalid,passed,False,True,correct_reject,0.763601,0.033582,0.014272,0.019227,25,24
Kubernetes---kb_304_Normalized.json,Kubernetes---kb_304_Normalized.json::test_00000,valid,failed,False,True,over_constraint,52.7086,0.047485,0.022301,0.025062,205,33
Kubernetes---kb_304_Normalized.json,Kubernetes---kb_304_Normalized.json::test_00001,invalid,passed,False,True,correct_reject,52.7086,0.047807,0.022336,0.025358,193,33
Kubernetes---kb_304_Normalized.json,Kubernetes---kb_304_Normalized.json::test_00002,invalid,passed,False,True,correct_reject,52.7086,0.348821,0.16442,0.18381,206,203
Kubernetes---kb_304_Normalized.json,Kubernetes---kb_304_Normalized.json::test_00003,valid,passed,True,True,correct_accept,52.7086,0.28645,0.135443,0.150562,173,173
Kubernetes---kb_304_Normalized.json,Kubernetes---kb_304_Normalized.json::test_00004,invalid,passed,False,True,correct_reject,52.7086,0.175617,0.083051,0.092311,173,99
Kubernetes---kb_305_Normalized.json,Kubernetes---kb_305_Normalized.json::test_00000,valid,failed,False,True,over_constraint,53.5735,0.051948,0.025249,0.026585,205,33
Kubernetes---kb_305_Normalized.json,Kubernetes---kb_305_Normalized.json::test_00001,invalid,passed,False,True,correct_reject,53.5735,0.338122,0.165528,0.172004,204,193
Kubernetes---kb_305_Normalized.json,Kubernetes---kb_305_Normalized.json::test_00002,valid,passed,True,True,correct_accept,53.5735,0.305184,0.148365,0.156362,152,152
Kubernetes---kb_305_Normalized.json,Kubernetes---kb_305_Normalized.json::test_00003,invalid,passed,False,True,correct_reject,53.5735,0.213549,0.103836,0.109393,161,90
Kubernetes---kb_307_Normalized.json,Kubernetes---kb_307_Normalized.json::test_00000,valid,passed,True,True,correct_accept,35.9382,0.969587,0.456272,0.511801,433,433
Kubernetes---kb_307_Normalized.json,Kubernetes---kb_307_Normalized.json::test_00001,invalid,passed,False,True,correct_reject,35.9382,0.000182,1.3e-05,0.000152,432,6
Kubernetes---kb_307_Normalized.json,Kubernetes---kb_307_Normalized.json::test_00002,invalid,running_validation,,False,no_decision,35.9382,,,,433,
Kubernetes---kb_307_Normalized.json,Kubernetes---kb_307_Normalized.json::test_00003,invalid,passed,False,True,correct_reject,35.9382,0.377867,0.178066,0.199262,443,129
Kubernetes---kb_307_Normalized.json,Kubernetes---kb_307_Normalized.json::test_00004,valid,passed,True,True,correct_accept,35.9382,0.77565,0.365378,0.409261,309,309
Kubernetes---kb_307_Normalized.json,Kubernetes---kb_307_Normalized.json::test_00005,invalid,passed,False,True,correct_reject,35.9382,1.4e-05,4e-06,2e-06,309,2
Kubernetes---kb_308_Normalized.json,Kubernetes---kb_308_Normalized.json::test_00000,valid,passed,True,True,correct_accept,37.3779,1.41991,0.67503,0.74285,454,454
Kubernetes---kb_308_Normalized.json,Kubernetes---kb_308_Normalized.json::test_00001,invalid,passed,False,True,correct_reject,37.3779,0.000301,2.4e-05,0.000246,453,6
Kubernetes---kb_308_Normalized.json,Kubernetes---kb_308_Normalized.json::test_00002,invalid,passed,False,True,correct_reject,37.3779,1.22699,0.577421,0.647574,454,452
Kubernetes---kb_308_Normalized.json,Kubernetes---kb_308_Normalized.json::test_00003,invalid,passed,False,True,correct_reject,37.3779,0.485673,0.232601,0.252396,462,139
Kubernetes---kb_308_Normalized.json,Kubernetes---kb_308_Normalized.json::test_00004,valid,passed,True,True,correct_accept,37.3779,0.646124,0.306855,0.338326,178,178
Kubernetes---kb_308_Normalized.json,Kubernetes---kb_308_Normalized.json::test_00005,invalid,passed,False,True,correct_reject,37.3779,2e-05,6e-06,3e-06,179,2
Kubernetes---kb_30_Normalized.json,Kubernetes---kb_30_Normalized.json::test_00000,valid,passed,True,True,correct_accept,73.4172,0.600427,0.282599,0.316908,273,273
Kubernetes---kb_30_Normalized.json,Kubernetes---kb_30_Normalized.json::test_00001,invalid,passed,False,True,correct_reject,73.4172,0.406764,0.192459,0.2137,175,169
Kubernetes---kb_30_Normalized.json,Kubernetes---kb_30_Normalized.json::test_00002,invalid,passed,False,True,correct_reject,73.4172,0.515653,0.242975,0.271934,271,229
Kubernetes---kb_30_Normalized.json,Kubernetes---kb_30_Normalized.json::test_00003,valid,passed,True,True,correct_accept,73.4172,0.711783,0.335325,0.375365,293,293
Kubernetes---kb_30_Normalized.json,Kubernetes---kb_30_Normalized.json::test_00004,invalid,passed,False,True,correct_reject,73.4172,0.503291,0.238586,0.263964,295,264
Kubernetes---kb_310_Normalized.json,Kubernetes---kb_310_Normalized.json::test_00000,valid,passed,True,True,correct_accept,74.337,0.748184,0.350381,0.396647,333,333
Kubernetes---kb_310_Normalized.json,Kubernetes---kb_310_Normalized.json::test_00001,invalid,passed,False,True,correct_reject,74.337,0.635132,0.29788,0.336316,333,269
Kubernetes---kb_310_Normalized.json,Kubernetes---kb_310_Normalized.json::test_00002,invalid,passed,False,True,correct_reject,74.337,0.719178,0.339511,0.378664,331,284
Kubernetes---kb_310_Normalized.json,Kubernetes---kb_310_Normalized.json::test_00003,invalid,passed,False,True,correct_reject,74.337,0.239432,0.112092,0.126906,263,124
Kubernetes---kb_310_Normalized.json,Kubernetes---kb_310_Normalized.json::test_00004,invalid,passed,False,True,correct_reject,74.337,0.399941,0.189261,0.210115,341,158
Kubernetes---kb_310_Normalized.json,Kubernetes---kb_310_Normalized.json::test_00005,valid,passed,True,True,correct_accept,74.337,0.984164,0.461588,0.521155,347,347
Kubernetes---kb_310_Normalized.json,Kubernetes---kb_310_Normalized.json::test_00006,invalid,passed,False,True,correct_reject,74.337,0.666233,0.310035,0.3552,372,308
Kubernetes---kb_310_Normalized.json,Kubernetes---kb_310_Normalized.json::test_00007,invalid,passed,False,True,correct_reject,74.337,0.094921,0.044432,0.05031,313,67
Kubernetes---kb_311_Normalized.json,Kubernetes---kb_311_Normalized.json::test_00000,valid,failed,False,True,over_constraint,65.1851,0.74192,0.34905,0.391957,656,313
Kubernetes---kb_311_Normalized.json,Kubernetes---kb_311_Normalized.json::test_00001,invalid,passed,False,True,correct_reject,65.1851,0.000149,2.5e-05,0.000107,648,6
Kubernetes---kb_311_Normalized.json,Kubernetes---kb_311_Normalized.json::test_00002,invalid,passed,False,True,correct_reject,65.1851,0.395175,0.186655,0.208031,664,158
Kubernetes---kb_311_Normalized.json,Kubernetes---kb_311_Normalized.json::test_00003,invalid,passed,False,True,correct_reject,65.1851,0.162606,0.076296,0.086101,657,67
Kubernetes---kb_312_Normalized.json,Kubernetes---kb_312_Normalized.json::test_00000,valid,passed,True,True,correct_accept,83.1346,0.323395,0.152207,0.170681,193,193
Kubernetes---kb_312_Normalized.json,Kubernetes---kb_312_Normalized.json::test_00001,invalid,passed,False,True,correct_reject,83.1346,0.300653,0.143828,0.156346,218,189
Kubernetes---kb_312_Normalized.json,Kubernetes---kb_312_Normalized.json::test_00002,invalid,passed,False,True,correct_reject,83.1346,0.06434,0.030576,0.033621,181,58
Kubernetes---kb_312_Normalized.json,Kubernetes---kb_312_Normalized.json::test_00003,invalid,passed,False,True,correct_reject,83.1346,0.296952,0.141266,0.155227,218,182
Kubernetes---kb_312_Normalized.json,Kubernetes---kb_312_Normalized.json::test_00004,invalid,passed,False,True,correct_reject,83.1346,0.230459,0.109314,0.120798,187,132
Kubernetes---kb_313_Normalized.json,Kubernetes---kb_313_Normalized.json::test_00000,valid,passed,True,True,correct_accept,82.7808,0.354421,0.16721,0.186647,212,212
Kubernetes---kb_313_Normalized.json,Kubernetes---kb_313_Normalized.json::test_00001,invalid,passed,False,True,correct_reject,82.7808,0.248378,0.11866,0.129339,212,132
Kubernetes---kb_313_Normalized.json,Kubernetes---kb_313_Normalized.json::test_00002,invalid,passed,False,True,correct_reject,82.7808,0.080101,0.038122,0.041829,200,58
Kubernetes---kb_313_Normalized.json,Kubernetes---kb_313_Normalized.json::test_00003,invalid,passed,False,True,correct_reject,82.7808,0.314289,0.149657,0.164144,237,182
Kubernetes---kb_313_Normalized.json,Kubernetes---kb_313_Normalized.json::test_00004,invalid,passed,False,True,correct_reject,82.7808,0.079488,0.037663,0.041671,171,58
Kubernetes---kb_314_Normalized.json,Kubernetes---kb_314_Normalized.json::test_00000,valid,passed,True,True,correct_accept,7.75262,0.594709,0.283056,0.310861,293,293
Kubernetes---kb_314_Normalized.json,Kubernetes---kb_314_Normalized.json::test_00001,invalid,passed,False,True,correct_reject,7.75262,2.1e-05,5e-06,4e-06,143,4
Kubernetes---kb_314_Normalized.json,Kubernetes---kb_314_Normalized.json::test_00002,invalid,passed,False,True,correct_reject,7.75262,0.015742,0.007327,0.008378,281,12
Kubernetes---kb_314_Normalized.json,Kubernetes---kb_314_Normalized.json::test_00003,invalid,passed,False,True,correct_reject,7.75262,0.054386,0.025796,0.028515,263,24
Kubernetes---kb_314_Normalized.json,Kubernetes---kb_314_Normalized.json::test_00004,valid,passed,True,True,correct_accept,7.75262,0.623397,0.299176,0.323401,299,299
Kubernetes---kb_314_Normalized.json,Kubernetes---kb_314_Normalized.json::test_00005,invalid,passed,False,True,correct_reject,7.75262,0.432218,0.206028,0.225671,326,184
Kubernetes---kb_315_Normalized.json,Kubernetes---kb_315_Normalized.json::test_00000,valid,passed,True,True,correct_accept,7.56586,0.645042,0.30765,0.336513,302,302
Kubernetes---kb_315_Normalized.json,Kubernetes---kb_315_Normalized.json::test_00001,invalid,passed,False,True,correct_reject,7.56586,2.4e-05,5e-06,5e-06,147,4
Kubernetes---kb_315_Normalized.json,Kubernetes---kb_315_Normalized.json::test_00002,invalid,passed,False,True,correct_reject,7.56586,0.016392,0.007547,0.008808,290,12
Kubernetes---kb_315_Normalized.json,Kubernetes---kb_315_Normalized.json::test_00003,valid,passed,True,True,correct_accept,7.56586,0.558886,0.26641,0.291719,274,274
Kubernetes---kb_315_Normalized.json,Kubernetes---kb_315_Normalized.json::test_00004,invalid,passed,False,True,correct_reject,7.56586,0.15199,0.072357,0.079413,204,72
Kubernetes---kb_315_Normalized.json,Kubernetes---kb_315_Normalized.json::test_00005,invalid,passed,False,True,correct_reject,7.56586,0.015185,0.006914,0.008231,269,12
Kubernetes---kb_316_Normalized.json,Kubernetes---kb_316_Normalized.json::test_00000,valid,passed,True,True,correct_accept,0.993429,0.054917,0.025118,0.029687,41,41
Kubernetes---kb_316_Normalized.json,Kubernetes---kb_316_Normalized.json::test_00001,invalid,passed,False,True,correct_reject,0.993429,0.02262,0.010525,0.012037,40,23
Kubernetes---kb_316_Normalized.json,Kubernetes---kb_316_Normalized.json::test_00002,invalid,passed,False,True,correct_reject,0.993429,0.000119,1.6e-05,8e-05,39,10
Kubernetes---kb_317_Normalized.json,Kubernetes---kb_317_Normalized.json::test_00000,valid,passed,True,True,correct_accept,0.990723,0.054916,0.025004,0.029806,41,41
Kubernetes---kb_317_Normalized.json,Kubernetes---kb_317_Normalized.json::test_00001,invalid,passed,False,True,correct_reject,0.990723,0.022075,0.010322,0.011691,40,23
Kubernetes---kb_317_Normalized.json,Kubernetes---kb_317_Normalized.json::test_00002,invalid,passed,False,True,correct_reject,0.990723,0.000134,1.6e-05,9.6e-05,39,10
Kubernetes---kb_317_Normalized.json,Kubernetes---kb_317_Normalized.json::test_00003,valid,passed,True,True,correct_accept,0.990723,0.05384,0.025129,0.028604,41,41
Kubernetes---kb_317_Normalized.json,Kubernetes---kb_317_Normalized.json::test_00004,invalid,passed,False,True,correct_reject,0.990723,0.00014,1.3e-05,0.000103,39,10
Kubernetes---kb_318_Normalized.json,Kubernetes---kb_318_Normalized.json::test_00000,valid,passed,True,True,correct_accept,2.50572,0.053674,0.025159,0.028408,37,37
Kubernetes---kb_318_Normalized.json,Kubernetes---kb_318_Normalized.json::test_00001,invalid,passed,False,True,correct_reject,2.50572,0.000109,7e-06,8.9e-05,42,4
Kubernetes---kb_319_Normalized.json,Kubernetes---kb_319_Normalized.json::test_00000,valid,passed,True,True,correct_accept,2.47637,0.066503,0.028775,0.037594,37,37
Kubernetes---kb_319_Normalized.json,Kubernetes---kb_319_Normalized.json::test_00001,invalid,passed,False,True,correct_reject,2.47637,0.016344,0.007559,0.008736,36,22
Kubernetes---kb_319_Normalized.json,Kubernetes---kb_319_Normalized.json::test_00002,invalid,passed,False,True,correct_reject,2.47637,0.031095,0.01471,0.016315,41,29
Kubernetes---kb_319_Normalized.json,Kubernetes---kb_319_Normalized.json::test_00003,invalid,passed,False,True,correct_reject,2.47637,0.016108,0.007596,0.008461,36,22
Kubernetes---kb_31_Normalized.json,Kubernetes---kb_31_Normalized.json::test_00000,valid,passed,True,True,correct_accept,61.9557,0.570508,0.270271,0.299436,301,301
Kubernetes---kb_31_Normalized.json,Kubernetes---kb_31_Normalized.json::test_00001,invalid,passed,False,True,correct_reject,61.9557,0.456286,0.216568,0.239041,300,255
Kubernetes---kb_31_Normalized.json,Kubernetes---kb_31_Normalized.json::test_00002,valid,passed,True,True,correct_accept,61.9557,0.525225,0.247293,0.277112,303,303
Kubernetes---kb_31_Normalized.json,Kubernetes---kb_31_Normalized.json::test_00003,invalid,passed,False,True,correct_reject,61.9557,0.423519,0.200905,0.221976,303,242
Kubernetes---kb_320_Normalized.json,Kubernetes---kb_320_Normalized.json::test_00000,valid,passed,True,True,correct_accept,2.10628,0.151597,0.071306,0.08004,98,98
Kubernetes---kb_320_Normalized.json,Kubernetes---kb_320_Normalized.json::test_00001,invalid,passed,False,True,correct_reject,2.10628,0.000143,1.3e-05,0.000107,118,11
Kubernetes---kb_321_Normalized.json,Kubernetes---kb_321_Normalized.json::test_00000,valid,passed,True,True,correct_accept,2.22097,0.151175,0.071323,0.079598,98,98
Kubernetes---kb_321_Normalized.json,Kubernetes---kb_321_Normalized.json::test_00001,invalid,passed,False,True,correct_reject,2.22097,0.016007,0.00742,0.008539,30,18
Kubernetes---kb_321_Normalized.json,Kubernetes---kb_321_Normalized.json::test_00002,invalid,passed,False,True,correct_reject,2.22097,0.053302,0.025133,0.028041,91,59
Kubernetes---kb_322_Normalized.json,Kubernetes---kb_322_Normalized.json::test_00000,valid,passed,True,True,correct_accept,28.8192,0.182443,0.090856,0.091218,143,143
Kubernetes---kb_322_Normalized.json,Kubernetes---kb_322_Normalized.json::test_00001,valid,passed,True,True,correct_accept,28.8192,0.199905,0.100073,0.099477,146,146
Kubernetes---kb_322_Normalized.json,Kubernetes---kb_322_Normalized.json::test_00002,invalid,passed,False,True,correct_reject,28.8192,0.036671,0.018424,0.018198,146,13
Kubernetes---kb_322_Normalized.json,Kubernetes---kb_322_Normalized.json::test_00003,invalid,passed,False,True,correct_reject,28.8192,0.035942,0.017952,0.017939,159,13
Kubernetes---kb_323_Normalized.json,Kubernetes---kb_323_Normalized.json::test_00000,valid,failed,False,True,over_constraint,29.0639,0.107021,0.049433,0.05738,142,78
Kubernetes---kb_323_Normalized.json,Kubernetes---kb_323_Normalized.json::test_00001,valid,passed,True,True,correct_accept,29.0639,0.176567,0.084107,0.09211,143,143
Kubernetes---kb_323_Normalized.json,Kubernetes---kb_323_Normalized.json::test_00002,invalid,passed,False,True,correct_reject,29.0639,0.034582,0.016527,0.018002,163,13
Kubernetes---kb_323_Normalized.json,Kubernetes---kb_323_Normalized.json::test_00003,invalid,passed,False,True,correct_reject,29.0639,0.035025,0.016866,0.018103,143,13
Kubernetes---kb_323_Normalized.json,Kubernetes---kb_323_Normalized.json::test_00004,invalid,passed,False,True,correct_reject,29.0639,1.7e-05,5e-06,3e-06,6,2
Kubernetes---kb_324_Normalized.json,Kubernetes---kb_324_Normalized.json::test_00000,valid,passed,True,True,correct_accept,32.8921,0.659344,0.309791,0.348741,292,292
Kubernetes---kb_324_Normalized.json,Kubernetes---kb_324_Normalized.json::test_00001,invalid,passed,False,True,correct_reject,32.8921,0.647828,0.306129,0.340883,292,291
Kubernetes---kb_324_Normalized.json,Kubernetes---kb_324_Normalized.json::test_00002,invalid,passed,False,True,correct_reject,32.8921,0.581286,0.272598,0.307936,316,256
Kubernetes---kb_324_Normalized.json,Kubernetes---kb_324_Normalized.json::test_00003,invalid,passed,False,True,correct_reject,32.8921,3.5e-05,1.7e-05,3e-06,284,6
Kubernetes---kb_325_Normalized.json,Kubernetes---kb_325_Normalized.json::test_00000,valid,passed,True,True,correct_accept,31.6618,1.00018,0.471735,0.52722,464,464
Kubernetes---kb_325_Normalized.json,Kubernetes---kb_325_Normalized.json::test_00001,invalid,passed,False,True,correct_reject,31.6618,0.882578,0.417695,0.463821,464,411
Kubernetes---kb_325_Normalized.json,Kubernetes---kb_325_Normalized.json::test_00002,invalid,passed,False,True,correct_reject,31.6618,0.828724,0.391344,0.436357,462,383
Kubernetes---kb_325_Normalized.json,Kubernetes---kb_325_Normalized.json::test_00003,invalid,passed,False,True,correct_reject,31.6618,0.882989,0.416503,0.46536,485,411
Kubernetes---kb_325_Normalized.json,Kubernetes---kb_325_Normalized.json::test_00004,invalid,passed,False,True,correct_reject,31.6618,0.830473,0.392168,0.437232,463,383
Kubernetes---kb_326_Normalized.json,Kubernetes---kb_326_Normalized.json::test_00000,valid,passed,True,True,correct_accept,33.0242,0.804919,0.380336,0.42354,380,380
Kubernetes---kb_326_Normalized.json,Kubernetes---kb_326_Normalized.json::test_00001,invalid,passed,False,True,correct_reject,33.0242,0.183398,0.086816,0.096355,394,68
Kubernetes---kb_326_Normalized.json,Kubernetes---kb_326_Normalized.json::test_00002,invalid,passed,False,True,correct_reject,33.0242,0.000125,1.5e-05,9.7e-05,380,5
Kubernetes---kb_326_Normalized.json,Kubernetes---kb_326_Normalized.json::test_00003,invalid,passed,False,True,correct_reject,33.0242,0.713513,0.338291,0.374257,399,344
Kubernetes---kb_326_Normalized.json,Kubernetes---kb_326_Normalized.json::test_00004,invalid,passed,False,True,correct_reject,33.0242,0.794274,0.376051,0.417171,381,379
Kubernetes---kb_326_Normalized.json,Kubernetes---kb_326_Normalized.json::test_00005,invalid,passed,False,True,correct_reject,33.0242,0.058993,0.027977,0.030932,369,27
Kubernetes---kb_327_Normalized.json,Kubernetes---kb_327_Normalized.json::test_00000,valid,passed,True,True,correct_accept,57.1893,0.757285,0.358848,0.397416,364,364
Kubernetes---kb_327_Normalized.json,Kubernetes---kb_327_Normalized.json::test_00001,invalid,passed,False,True,correct_reject,57.1893,0.596792,0.282303,0.313603,363,320
Kubernetes---kb_327_Normalized.json,Kubernetes---kb_327_Normalized.json::test_00002,invalid,passed,False,True,correct_reject,57.1893,0.58516,0.275183,0.309095,357,308
Kubernetes---kb_327_Normalized.json,Kubernetes---kb_327_Normalized.json::test_00003,invalid,passed,False,True,correct_reject,57.1893,0.001008,0.000965,8e-06,63,19
Kubernetes---kb_327_Normalized.json,Kubernetes---kb_327_Normalized.json::test_00004,invalid,passed,False,True,correct_reject,57.1893,0.049065,0.022965,0.025996,345,41
Kubernetes---kb_328_Normalized.json,Kubernetes---kb_328_Normalized.json::test_00000,valid,passed,True,True,correct_accept,59.9699,0.913276,0.429252,0.482693,443,443
Kubernetes---kb_328_Normalized.json,Kubernetes---kb_328_Normalized.json::test_00001,invalid,passed,False,True,correct_reject,59.9699,0.734672,0.344916,0.388698,442,398
Kubernetes---kb_328_Normalized.json,Kubernetes---kb_328_Normalized.json::test_00002,invalid,passed,False,True,correct_reject,59.9699,3.4e-05,1.3e-05,6e-06,441,5
Kubernetes---kb_328_Normalized.json,Kubernetes---kb_328_Normalized.json::test_00003,invalid,passed,False,True,correct_reject,59.9699,0.228202,0.105381,0.122469,137,125
Kubernetes---kb_328_Normalized.json,Kubernetes---kb_328_Normalized.json::test_00004,valid,passed,True,True,correct_accept,59.9699,0.906715,0.419793,0.485605,458,458
Kubernetes---kb_328_Normalized.json,Kubernetes---kb_328_Normalized.json::test_00005,invalid,passed,False,True,correct_reject,59.9699,0.8007,0.372074,0.427522,457,413
Kubernetes---kb_328_Normalized.json,Kubernetes---kb_328_Normalized.json::test_00006,invalid,passed,False,True,correct_reject,59.9699,0.25145,0.115823,0.135268,184,132
Kubernetes---kb_328_Normalized.json,Kubernetes---kb_328_Normalized.json::test_00007,invalid,passed,False,True,correct_reject,59.9699,0.000977,0.000954,4e-06,100,7
Kubernetes---kb_329_Normalized.json,Kubernetes---kb_329_Normalized.json::test_00000,valid,passed,True,True,correct_accept,62.8559,0.86547,0.410845,0.453589,374,374
Kubernetes---kb_329_Normalized.json,Kubernetes---kb_329_Normalized.json::test_00001,invalid,passed,False,True,correct_reject,62.8559,0.79601,0.380106,0.414966,373,329
Kubernetes---kb_329_Normalized.json,Kubernetes---kb_329_Normalized.json::test_00002,invalid,passed,False,True,correct_reject,62.8559,0.799169,0.380556,0.417639,373,336
Kubernetes---kb_329_Normalized.json,Kubernetes---kb_329_Normalized.json::test_00003,valid,passed,True,True,correct_accept,62.8559,0.858748,0.407016,0.450684,375,375
Kubernetes---kb_329_Normalized.json,Kubernetes---kb_329_Normalized.json::test_00004,invalid,passed,False,True,correct_reject,62.8559,0.153289,0.072648,0.080444,375,62
Kubernetes---kb_32_Normalized.json,Kubernetes---kb_32_Normalized.json::test_00000,valid,passed,True,True,correct_accept,63.7422,0.701103,0.331053,0.369163,314,314
Kubernetes---kb_32_Normalized.json,Kubernetes---kb_32_Normalized.json::test_00001,invalid,passed,False,True,correct_reject,63.7422,0.609357,0.29009,0.318532,313,268
Kubernetes---kb_32_Normalized.json,Kubernetes---kb_32_Normalized.json::test_00002,invalid,passed,False,True,correct_reject,63.7422,0.477807,0.227265,0.24998,214,195
Kubernetes---kb_32_Normalized.json,Kubernetes---kb_32_Normalized.json::test_00003,invalid,passed,False,True,correct_reject,63.7422,0.633823,0.30164,0.331358,301,299
Kubernetes---kb_330_Normalized.json,Kubernetes---kb_330_Normalized.json::test_00000,valid,passed,True,True,correct_accept,0.55893,0.093564,0.042992,0.050454,37,37
Kubernetes---kb_330_Normalized.json,Kubernetes---kb_330_Normalized.json::test_00001,invalid,passed,False,True,correct_reject,0.55893,0.001151,0.000998,0.000138,37,4
Kubernetes---kb_330_Normalized.json,Kubernetes---kb_330_Normalized.json::test_00002,invalid,passed,False,True,correct_reject,0.55893,0.071679,0.032951,0.038627,36,35
Kubernetes---kb_330_Normalized.json,Kubernetes---kb_330_Normalized.json::test_00003,valid,passed,True,True,correct_accept,0.55893,0.086086,0.039329,0.046644,37,37
Kubernetes---kb_330_Normalized.json,Kubernetes---kb_330_Normalized.json::test_00004,invalid,passed,False,True,correct_reject,0.55893,0.001172,0.00105,0.000108,37,4
Kubernetes---kb_330_Normalized.json,Kubernetes---kb_330_Normalized.json::test_00005,invalid,passed,False,True,correct_reject,0.55893,0.000149,2.3e-05,0.000114,37,4
Kubernetes---kb_331_Normalized.json,Kubernetes---kb_331_Normalized.json::test_00000,valid,passed,True,True,correct_accept,0.598537,0.097269,0.044206,0.052929,37,37
Kubernetes---kb_331_Normalized.json,Kubernetes---kb_331_Normalized.json::test_00001,invalid,passed,False,True,correct_reject,0.598537,0.001155,0.001028,0.000113,37,4
Kubernetes---kb_331_Normalized.json,Kubernetes---kb_331_Normalized.json::test_00002,invalid,passed,False,True,correct_reject,0.598537,0.000346,8.7e-05,0.000238,39,6
Kubernetes---kb_331_Normalized.json,Kubernetes---kb_331_Normalized.json::test_00003,invalid,passed,False,True,correct_reject,0.598537,0.000147,2.5e-05,0.000109,42,4
Kubernetes---kb_332_Normalized.json,Kubernetes---kb_332_Normalized.json::test_00000,valid,passed,True,True,correct_accept,0.559341,0.091568,0.041847,0.049599,37,37
Kubernetes---kb_332_Normalized.json,Kubernetes---kb_332_Normalized.json::test_00001,invalid,passed,False,True,correct_reject,0.559341,0.001164,0.001018,0.000131,37,4
Kubernetes---kb_332_Normalized.json,Kubernetes---kb_332_Normalized.json::test_00002,invalid,passed,False,True,correct_reject,0.559341,0.00015,2.4e-05,0.000114,37,4
Kubernetes---kb_332_Normalized.json,Kubernetes---kb_332_Normalized.json::test_00003,invalid,passed,False,True,correct_reject,0.559341,0.000223,5.2e-05,0.000155,39,6
Kubernetes---kb_333_Normalized.json,Kubernetes---kb_333_Normalized.json::test_00000,valid,passed,True,True,correct_accept,0.421524,0.034612,0.015376,0.019152,14,14
Kubernetes---kb_333_Normalized.json,Kubernetes---kb_333_Normalized.json::test_00001,invalid,passed,False,True,correct_reject,0.421524,0.001197,0.001044,0.000136,13,5
Kubernetes---kb_333_Normalized.json,Kubernetes---kb_333_Normalized.json::test_00002,valid,passed,True,True,correct_accept,0.421524,0.042229,0.019411,0.022751,15,15
Kubernetes---kb_333_Normalized.json,Kubernetes---kb_333_Normalized.json::test_00003,invalid,passed,False,True,correct_reject,0.421524,0.001167,0.001036,0.000116,14,5
Kubernetes---kb_333_Normalized.json,Kubernetes---kb_333_Normalized.json::test_00004,invalid,passed,False,True,correct_reject,0.421524,0.000152,3.2e-05,0.000102,14,5
Kubernetes---kb_334_Normalized.json,Kubernetes---kb_334_Normalized.json::test_00000,valid,passed,True,True,correct_accept,0.444755,0.032929,0.014238,0.018636,14,14
Kubernetes---kb_334_Normalized.json,Kubernetes---kb_334_Normalized.json::test_00001,invalid,passed,False,True,correct_reject,0.444755,0.001179,0.001055,0.000107,13,5
Kubernetes---kb_334_Normalized.json,Kubernetes---kb_334_Normalized.json::test_00002,valid,passed,True,True,correct_accept,0.444755,0.029045,0.012784,0.016214,14,14
Kubernetes---kb_334_Normalized.json,Kubernetes---kb_334_Normalized.json::test_00003,invalid,passed,False,True,correct_reject,0.444755,0.001191,0.001062,0.000111,13,5
Kubernetes---kb_334_Normalized.json,Kubernetes---kb_334_Normalized.json::test_00004,invalid,passed,False,True,correct_reject,0.444755,0.000128,1.6e-05,9.8e-05,13,5
Kubernetes---kb_335_Normalized.json,Kubernetes---kb_335_Normalized.json::test_00000,valid,failed,False,True,over_constraint,29.2333,0.033048,0.01468,0.01828,86,35
Kubernetes---kb_335_Normalized.json,Kubernetes---kb_335_Normalized.json::test_00001,invalid,passed,False,True,correct_reject,29.2333,0.033927,0.016043,0.017801,92,35
Kubernetes---kb_335_Normalized.json,Kubernetes---kb_335_Normalized.json::test_00002,valid,passed,True,True,correct_accept,29.2333,0.097123,0.046146,0.050754,86,86
Kubernetes---kb_335_Normalized.json,Kubernetes---kb_335_Normalized.json::test_00003,invalid,passed,False,True,correct_reject,29.2333,0.034321,0.016043,0.018192,86,35
Kubernetes---kb_336_Normalized.json,Kubernetes---kb_336_Normalized.json::test_00000,valid,failed,False,True,over_constraint,30.3865,0.063235,0.029268,0.033858,117,35
Kubernetes---kb_336_Normalized.json,Kubernetes---kb_336_Normalized.json::test_00001,invalid,passed,False,True,correct_reject,30.3865,0.063833,0.030382,0.033342,124,35
Kubernetes---kb_336_Normalized.json,Kubernetes---kb_336_Normalized.json::test_00002,invalid,passed,False,True,correct_reject,30.3865,0.063845,0.03037,0.033371,124,35
Kubernetes---kb_336_Normalized.json,Kubernetes---kb_336_Normalized.json::test_00003,valid,failed,False,True,over_constraint,30.3865,0.514851,0.241336,0.272822,408,244
Kubernetes---kb_337_Normalized.json,Kubernetes---kb_337_Normalized.json::test_00000,valid,passed,True,True,correct_accept,0.399835,0.058972,0.026734,0.032159,19,19
Kubernetes---kb_337_Normalized.json,Kubernetes---kb_337_Normalized.json::test_00001,invalid,passed,False,True,correct_reject,0.399835,0.01644,0.008182,0.008221,19,10
Kubernetes---kb_337_Normalized.json,Kubernetes---kb_337_Normalized.json::test_00002,invalid,passed,False,True,correct_reject,0.399835,0.024858,0.011538,0.013278,14,13
Kubernetes---kb_337_Normalized.json,Kubernetes---kb_337_Normalized.json::test_00003,valid,passed,True,True,correct_accept,0.399835,0.045645,0.020665,0.024919,17,17
Kubernetes---kb_337_Normalized.json,Kubernetes---kb_337_Normalized.json::test_00004,invalid,passed,False,True,correct_reject,0.399835,0.032267,0.014491,0.017717,17,9
Kubernetes---kb_337_Normalized.json,Kubernetes---kb_337_Normalized.json::test_00005,invalid,passed,False,True,correct_reject,0.399835,0.01382,0.006271,0.00752,17,9
Kubernetes---kb_338_Normalized.json,Kubernetes---kb_338_Normalized.json::test_00000,valid,passed,True,True,correct_accept,0.440421,0.05031,0.022821,0.02742,17,17
Kubernetes---kb_338_Normalized.json,Kubernetes---kb_338_Normalized.json::test_00001,invalid,passed,False,True,correct_reject,0.440421,0.015324,0.007351,0.007939,17,10
Kubernetes---kb_338_Normalized.json,Kubernetes---kb_338_Normalized.json::test_00002,invalid,passed,False,True,correct_reject,0.440421,0.022764,0.010592,0.012124,14,13
Kubernetes---kb_338_Normalized.json,Kubernetes---kb_338_Normalized.json::test_00003,invalid,passed,False,True,correct_reject,0.440421,0.014149,0.006285,0.007832,17,9
Kubernetes---kb_339_Normalized.json,Kubernetes---kb_339_Normalized.json::test_00000,valid,passed,True,True,correct_accept,0.453533,0.070896,0.032329,0.038476,22,22
Kubernetes---kb_339_Normalized.json,Kubernetes---kb_339_Normalized.json::test_00001,invalid,passed,False,True,correct_reject,0.453533,0.001321,0.001187,0.000118,16,5
Kubernetes---kb_339_Normalized.json,Kubernetes---kb_339_Normalized.json::test_00002,invalid,passed,False,True,correct_reject,0.453533,0.040824,0.018725,0.022042,18,17
Kubernetes---kb_339_Normalized.json,Kubernetes---kb_339_Normalized.json::test_00003,valid,passed,True,True,correct_accept,0.453533,0.070298,0.031282,0.038929,20,20
Kubernetes---kb_33_Normalized.json,Kubernetes---kb_33_Normalized.json::test_00000,valid,compile_error,,True,over_constraint,0.110672,,,,,
Kubernetes---kb_33_Normalized.json,Kubernetes---kb_33_Normalized.json::test_00001,valid,compile_error,,True,over_constraint,0.110672,,,,,
Kubernetes---kb_33_Normalized.json,Kubernetes---kb_33_Normalized.json::test_00002,invalid,compile_error,,True,correct_reject,0.110672,,,,,
Kubernetes---kb_340_Normalized.json,Kubernetes---kb_340_Normalized.json::test_00000,valid,passed,True,True,correct_accept,0.46827,0.071438,0.032668,0.038683,22,22
Kubernetes---kb_340_Normalized.json,Kubernetes---kb_340_Normalized.json::test_00001,invalid,passed,False,True,correct_reject,0.46827,0.001248,0.001124,0.000108,16,5
Kubernetes---kb_340_Normalized.json,Kubernetes---kb_340_Normalized.json::test_00002,invalid,passed,False,True,correct_reject,0.46827,0.040454,0.018497,0.021897,18,17
Kubernetes---kb_340_Normalized.json,Kubernetes---kb_340_Normalized.json::test_00003,valid,passed,True,True,correct_accept,0.46827,0.050448,0.023236,0.027144,18,18
Kubernetes---kb_340_Normalized.json,Kubernetes---kb_340_Normalized.json::test_00004,invalid,passed,False,True,correct_reject,0.46827,0.001216,0.001086,0.000116,16,4
Kubernetes---kb_340_Normalized.json,Kubernetes---kb_340_Normalized.json::test_00005,invalid,passed,False,True,correct_reject,0.46827,0.000122,1.7e-05,9.2e-05,17,5
Kubernetes---kb_341_Normalized.json,Kubernetes---kb_341_Normalized.json::test_00000,valid,passed,True,True,correct_accept,0.46418,0.061355,0.028418,0.032857,20,20
Kubernetes---kb_341_Normalized.json,Kubernetes---kb_341_Normalized.json::test_00001,invalid,passed,False,True,correct_reject,0.46418,0.001259,0.001131,0.00011,16,5
Kubernetes---kb_341_Normalized.json,Kubernetes---kb_341_Normalized.json::test_00002,invalid,passed,False,True,correct_reject,0.46418,0.031063,0.014713,0.016301,16,15
Kubernetes---kb_341_Normalized.json,Kubernetes---kb_341_Normalized.json::test_00003,valid,passed,True,True,correct_accept,0.46418,0.070013,0.032368,0.037561,22,22
Kubernetes---kb_341_Normalized.json,Kubernetes---kb_341_Normalized.json::test_00004,invalid,passed,False,True,correct_reject,0.46418,0.040974,0.019681,0.021234,18,17
Kubernetes---kb_342_Normalized.json,Kubernetes---kb_342_Normalized.json::test_00000,valid,passed,True,True,correct_accept,2.46595,0.045628,0.021545,0.023992,32,32
Kubernetes---kb_342_Normalized.json,Kubernetes---kb_342_Normalized.json::test_00001,invalid,passed,False,True,correct_reject,2.46595,0.000161,2.7e-05,0.000116,30,5
Kubernetes---kb_342_Normalized.json,Kubernetes---kb_342_Normalized.json::test_00002,invalid,passed,False,True,correct_reject,2.46595,0.04595,0.021918,0.023951,31,30
Kubernetes---kb_343_Normalized.json,Kubernetes---kb_343_Normalized.json::test_00000,valid,passed,True,True,correct_accept,2.69661,0.063692,0.029575,0.033998,40,40
Kubernetes---kb_343_Normalized.json,Kubernetes---kb_343_Normalized.json::test_00001,valid,passed,True,True,correct_accept,2.69661,0.071995,0.033656,0.038223,41,41
Kubernetes---kb_343_Normalized.json,Kubernetes---kb_343_Normalized.json::test_00002,invalid,passed,False,True,correct_reject,2.69661,0.061728,0.029302,0.032321,40,39
Kubernetes---kb_344_Normalized.json,Kubernetes---kb_344_Normalized.json::test_00000,valid,passed,True,True,correct_accept,2.73579,0.063493,0.029457,0.033917,40,40
Kubernetes---kb_344_Normalized.json,Kubernetes---kb_344_Normalized.json::test_00001,valid,passed,True,True,correct_accept,2.73579,0.064506,0.030751,0.03364,40,40
Kubernetes---kb_344_Normalized.json,Kubernetes---kb_344_Normalized.json::test_00002,invalid,passed,False,True,correct_reject,2.73579,0.054717,0.026712,0.027905,46,38
Kubernetes---kb_344_Normalized.json,Kubernetes---kb_344_Normalized.json::test_00003,invalid,passed,False,True,correct_reject,2.73579,0.000135,2.7e-05,8.9e-05,40,8
Kubernetes---kb_345_Normalized.json,Kubernetes---kb_345_Normalized.json::test_00000,valid,passed,True,True,correct_accept,2.51862,0.094714,0.044592,0.049954,66,66
Kubernetes---kb_345_Normalized.json,Kubernetes---kb_345_Normalized.json::test_00001,valid,passed,True,True,correct_accept,2.51862,0.049328,0.023056,0.026169,40,40
Kubernetes---kb_345_Normalized.json,Kubernetes---kb_345_Normalized.json::test_00002,invalid,passed,False,True,correct_reject,2.51862,1.3e-05,4e-06,2e-06,37,2
Kubernetes---kb_345_Normalized.json,Kubernetes---kb_345_Normalized.json::test_00003,invalid,passed,False,True,correct_reject,2.51862,1.4e-05,5e-06,2e-06,39,2
Kubernetes---kb_345_Normalized.json,Kubernetes---kb_345_Normalized.json::test_00004,invalid,passed,False,True,correct_reject,2.51862,1.3e-05,4e-06,2e-06,45,2
Kubernetes---kb_346_Normalized.json,Kubernetes---kb_346_Normalized.json::test_00000,valid,passed,True,True,correct_accept,2.63719,0.067482,0.032015,0.035339,49,49
Kubernetes---kb_346_Normalized.json,Kubernetes---kb_346_Normalized.json::test_00001,valid,passed,True,True,correct_accept,2.63719,0.081151,0.038111,0.042904,52,52
Kubernetes---kb_346_Normalized.json,Kubernetes---kb_346_Normalized.json::test_00002,invalid,passed,False,True,correct_reject,2.63719,1.6e-05,5e-06,2e-06,37,2
Kubernetes---kb_347_Normalized.json,Kubernetes---kb_347_Normalized.json::test_00000,valid,passed,True,True,correct_accept,2.56423,0.080389,0.037508,0.042736,52,52
Kubernetes---kb_347_Normalized.json,Kubernetes---kb_347_Normalized.json::test_00001,valid,passed,True,True,correct_accept,2.56423,0.070809,0.033436,0.037243,50,50
Kubernetes---kb_347_Normalized.json,Kubernetes---kb_347_Normalized.json::test_00002,invalid,passed,False,True,correct_reject,2.56423,1.4e-05,4e-06,2e-06,49,2
Kubernetes---kb_347_Normalized.json,Kubernetes---kb_347_Normalized.json::test_00003,invalid,passed,False,True,correct_reject,2.56423,1.6e-05,5e-06,2e-06,42,2
Kubernetes---kb_348_Normalized.json,Kubernetes---kb_348_Normalized.json::test_00000,valid,passed,True,True,correct_accept,1.09609,0.099655,0.04637,0.053136,50,50
Kubernetes---kb_348_Normalized.json,Kubernetes---kb_348_Normalized.json::test_00001,invalid,passed,False,True,correct_reject,1.09609,0.00013,1.3e-05,9.9e-05,49,6
Kubernetes---kb_348_Normalized.json,Kubernetes---kb_348_Normalized.json::test_00002,valid,passed,True,True,correct_accept,1.09609,0.08338,0.03875,0.044499,46,46
Kubernetes---kb_348_Normalized.json,Kubernetes---kb_348_Normalized.json::test_00003,invalid,passed,False,True,correct_reject,1.09609,0.150296,0.070226,0.079884,63,62
Kubernetes---kb_349_Normalized.json,Kubernetes---kb_349_Normalized.json::test_00000,valid,passed,True,True,correct_accept,1.06824,0.083292,0.038516,0.044641,46,46
Kubernetes---kb_349_Normalized.json,Kubernetes---kb_349_Normalized.json::test_00001,invalid,passed,False,True,correct_reject,1.06824,0.000122,1.3e-05,9.4e-05,45,6
Kubernetes---kb_349_Normalized.json,Kubernetes---kb_349_Normalized.json::test_00002,invalid,passed,False,True,correct_reject,1.06824,0.000116,1.1e-05,9.3e-05,50,5
Kubernetes---kb_34_Normalized.json,Kubernetes---kb_34_Normalized.json::test_00000,valid,compile_error,,True,over_constraint,0.104882,,,,,
Kubernetes---kb_34_Normalized.json,Kubernetes---kb_34_Normalized.json::test_00001,valid,compile_error,,True,over_constraint,0.104882,,,,,
Kubernetes---kb_34_Normalized.json,Kubernetes---kb_34_Normalized.json::test_00002,invalid,compile_error,,True,correct_reject,0.104882,,,,,
Kubernetes---kb_354_Normalized.json,Kubernetes---kb_354_Normalized.json::test_00000,valid,passed,True,True,correct_accept,1.43905,0.116865,0.054419,0.062272,56,56
Kubernetes---kb_354_Normalized.json,Kubernetes---kb_354_Normalized.json::test_00001,invalid,passed,False,True,correct_reject,1.43905,0.107122,0.050795,0.056189,63,40
Kubernetes---kb_354_Normalized.json,Kubernetes---kb_354_Normalized.json::test_00002,invalid,passed,False,True,correct_reject,1.43905,0.000158,1.6e-05,0.000126,55,5
Kubernetes---kb_354_Normalized.json,Kubernetes---kb_354_Normalized.json::test_00003,invalid,passed,False,True,correct_reject,1.43905,0.077623,0.036469,0.041051,55,32
Kubernetes---kb_354_Normalized.json,Kubernetes---kb_354_Normalized.json::test_00004,invalid,passed,False,True,correct_reject,1.43905,0.016732,0.007642,0.009048,57,13
Kubernetes---kb_354_Normalized.json,Kubernetes---kb_354_Normalized.json::test_00005,invalid,passed,False,True,correct_reject,1.43905,0.000142,1.7e-05,0.000111,55,5
Kubernetes---kb_355_Normalized.json,Kubernetes---kb_355_Normalized.json::test_00000,valid,passed,True,True,correct_accept,1.39754,0.117764,0.054868,0.06273,56,56
Kubernetes---kb_355_Normalized.json,Kubernetes---kb_355_Normalized.json::test_00001,invalid,passed,False,True,correct_reject,1.39754,0.001288,0.001162,0.00011,55,5
Kubernetes---kb_355_Normalized.json,Kubernetes---kb_355_Normalized.json::test_00002,invalid,passed,False,True,correct_reject,1.39754,0.075851,0.035671,0.040079,55,32
Kubernetes---kb_355_Normalized.json,Kubernetes---kb_355_Normalized.json::test_00003,invalid,passed,False,True,correct_reject,1.39754,0.104995,0.049223,0.055647,63,40
Kubernetes---kb_355_Normalized.json,Kubernetes---kb_355_Normalized.json::test_00004,invalid,passed,False,True,correct_reject,1.39754,0.000114,1.3e-05,9.1e-05,54,4
Kubernetes---kb_355_Normalized.json,Kubernetes---kb_355_Normalized.json::test_00005,invalid,passed,False,True,correct_reject,1.39754,0.09922,0.045611,0.053482,63,40
Kubernetes---kb_355_Normalized.json,Kubernetes---kb_355_Normalized.json::test_00006,invalid,passed,False,True,correct_reject,1.39754,0.000131,1.8e-05,9.9e-05,60,5
Kubernetes---kb_356_Normalized.json,Kubernetes---kb_356_Normalized.json::test_00000,valid,passed,True,True,correct_accept,1.25161,0.106469,0.049186,0.057136,50,50
Kubernetes---kb_356_Normalized.json,Kubernetes---kb_356_Normalized.json::test_00001,invalid,passed,False,True,correct_reject,1.25161,0.093537,0.043264,0.050151,57,40
Kubernetes---kb_356_Normalized.json,Kubernetes---kb_356_Normalized.json::test_00002,invalid,passed,False,True,correct_reject,1.25161,0.000127,1.6e-05,9.9e-05,49,5
Kubernetes---kb_356_Normalized.json,Kubernetes---kb_356_Normalized.json::test_00003,valid,passed,True,True,correct_accept,1.25161,0.093426,0.041915,0.051379,50,50
Kubernetes---kb_356_Normalized.json,Kubernetes---kb_356_Normalized.json::test_00004,invalid,passed,False,True,correct_reject,1.25161,0.001172,0.001044,0.000113,49,5
Kubernetes---kb_356_Normalized.json,Kubernetes---kb_356_Normalized.json::test_00005,invalid,passed,False,True,correct_reject,1.25161,0.088887,0.040419,0.048353,57,40
Kubernetes---kb_356_Normalized.json,Kubernetes---kb_356_Normalized.json::test_00006,invalid,passed,False,True,correct_reject,1.25161,0.000133,1.7e-05,0.000102,49,5
Kubernetes---kb_357_Normalized.json,Kubernetes---kb_357_Normalized.json::test_00000,valid,passed,True,True,correct_accept,1.24994,0.105301,0.048579,0.056568,50,50
Kubernetes---kb_357_Normalized.json,Kubernetes---kb_357_Normalized.json::test_00001,invalid,passed,False,True,correct_reject,1.24994,0.09272,0.04273,0.049861,57,40
Kubernetes---kb_357_Normalized.json,Kubernetes---kb_357_Normalized.json::test_00002,invalid,passed,False,True,correct_reject,1.24994,0.000134,1.6e-05,0.000103,49,5
Kubernetes---kb_357_Normalized.json,Kubernetes---kb_357_Normalized.json::test_00003,invalid,passed,False,True,correct_reject,1.24994,0.066127,0.03026,0.03577,49,32
Kubernetes---kb_357_Normalized.json,Kubernetes---kb_357_Normalized.json::test_00004,valid,passed,True,True,correct_accept,1.24994,0.093392,0.041723,0.051524,50,50
Kubernetes---kb_357_Normalized.json,Kubernetes---kb_357_Normalized.json::test_00005,invalid,passed,False,True,correct_reject,1.24994,0.001175,0.001036,0.000122,49,5
Kubernetes---kb_357_Normalized.json,Kubernetes---kb_357_Normalized.json::test_00006,invalid,passed,False,True,correct_reject,1.24994,0.088903,0.04041,0.048375,57,40
Kubernetes---kb_357_Normalized.json,Kubernetes---kb_357_Normalized.json::test_00007,invalid,passed,False,True,correct_reject,1.24994,0.038944,0.017455,0.021419,48,24
Kubernetes---kb_358_Normalized.json,Kubernetes---kb_358_Normalized.json::test_00000,valid,passed,True,True,correct_accept,0.520756,0.085117,0.038616,0.046407,24,24
Kubernetes---kb_358_Normalized.json,Kubernetes---kb_358_Normalized.json::test_00001,invalid,passed,False,True,correct_reject,0.520756,0.0012,0.001057,0.000122,7,6
Kubernetes---kb_358_Normalized.json,Kubernetes---kb_358_Normalized.json::test_00002,invalid,passed,False,True,correct_reject,0.520756,0.000143,1.6e-05,0.000111,15,6
Kubernetes---kb_359_Normalized.json,Kubernetes---kb_359_Normalized.json::test_00000,valid,passed,True,True,correct_accept,0.507101,0.085341,0.039166,0.046073,24,24
Kubernetes---kb_359_Normalized.json,Kubernetes---kb_359_Normalized.json::test_00001,invalid,passed,False,True,correct_reject,0.507101,0.00115,0.001019,0.000115,7,6
Kubernetes---kb_359_Normalized.json,Kubernetes---kb_359_Normalized.json::test_00002,invalid,passed,False,True,correct_reject,0.507101,0.000123,1.1e-05,9.9e-05,6,5
Kubernetes---kb_35_Normalized.json,Kubernetes---kb_35_Normalized.json::test_00000,valid,compile_error,,True,over_constraint,0.115402,,,,,
Kubernetes---kb_35_Normalized.json,Kubernetes---kb_35_Normalized.json::test_00001,valid,compile_error,,True,over_constraint,0.115402,,,,,
Kubernetes---kb_35_Normalized.json,Kubernetes---kb_35_Normalized.json::test_00002,invalid,compile_error,,True,correct_reject,0.115402,,,,,
Kubernetes---kb_360_Normalized.json,Kubernetes---kb_360_Normalized.json::test_00000,valid,passed,True,True,correct_accept,0.286116,0.015717,0.006373,0.00931,7,7
Kubernetes---kb_360_Normalized.json,Kubernetes---kb_360_Normalized.json::test_00001,invalid,passed,False,True,correct_reject,0.286116,0.001202,0.001067,0.000118,6,5
Kubernetes---kb_360_Normalized.json,Kubernetes---kb_360_Normalized.json::test_00002,invalid,passed,False,True,correct_reject,0.286116,0.000119,1.6e-05,8.9e-05,6,5
Kubernetes---kb_361_Normalized.json,Kubernetes---kb_361_Normalized.json::test_00000,valid,passed,True,True,correct_accept,0.270302,0.016357,0.006618,0.009704,7,7
Kubernetes---kb_361_Normalized.json,Kubernetes---kb_361_Normalized.json::test_00001,invalid,passed,False,True,correct_reject,0.270302,0.00118,0.001036,0.000127,6,5
Kubernetes---kb_362_Normalized.json,Kubernetes---kb_362_Normalized.json::test_00000,valid,passed,True,True,correct_accept,49.395,0.318421,0.149909,0.167972,224,224
Kubernetes---kb_362_Normalized.json,Kubernetes---kb_362_Normalized.json::test_00001,valid,passed,True,True,correct_accept,49.395,0.308182,0.144926,0.162708,221,221
Kubernetes---kb_362_Normalized.json,Kubernetes---kb_362_Normalized.json::test_00002,invalid,passed,False,True,correct_reject,49.395,0.04837,0.022638,0.025601,121,60
Kubernetes---kb_363_Normalized.json,Kubernetes---kb_363_Normalized.json::test_00000,valid,passed,True,True,correct_accept,49.1492,0.38871,0.182337,0.205728,229,229
Kubernetes---kb_363_Normalized.json,Kubernetes---kb_363_Normalized.json::test_00001,invalid,passed,False,True,correct_reject,49.1492,0.094631,0.044878,0.049594,228,57
Kubernetes---kb_363_Normalized.json,Kubernetes---kb_363_Normalized.json::test_00002,valid,passed,True,True,correct_accept,49.1492,0.376419,0.178006,0.197822,221,221
Kubernetes---kb_363_Normalized.json,Kubernetes---kb_363_Normalized.json::test_00003,invalid,passed,False,True,correct_reject,49.1492,0.095103,0.045204,0.049731,220,57
Kubernetes---kb_364_Normalized.json,Kubernetes---kb_364_Normalized.json::test_00000,valid,passed,True,True,correct_accept,0.936385,0.159607,0.072369,0.087033,52,52
Kubernetes---kb_364_Normalized.json,Kubernetes---kb_364_Normalized.json::test_00001,invalid,passed,False,True,correct_reject,0.936385,0.068085,0.031574,0.036421,48,25
Kubernetes---kb_364_Normalized.json,Kubernetes---kb_364_Normalized.json::test_00002,valid,passed,True,True,correct_accept,0.936385,0.128511,0.059651,0.068705,48,48
Kubernetes---kb_364_Normalized.json,Kubernetes---kb_364_Normalized.json::test_00003,invalid,passed,False,True,correct_reject,0.936385,0.108201,0.051333,0.056737,48,41
Kubernetes---kb_365_Normalized.json,Kubernetes---kb_365_Normalized.json::test_00000,valid,passed,True,True,correct_accept,0.923779,0.150447,0.06956,0.080706,52,52
Kubernetes---kb_365_Normalized.json,Kubernetes---kb_365_Normalized.json::test_00001,invalid,passed,False,True,correct_reject,0.923779,0.065655,0.03104,0.034522,48,25
Kubernetes---kb_365_Normalized.json,Kubernetes---kb_365_Normalized.json::test_00002,invalid,passed,False,True,correct_reject,0.923779,0.117688,0.054877,0.062671,52,43
Kubernetes---kb_365_Normalized.json,Kubernetes---kb_365_Normalized.json::test_00003,valid,passed,True,True,correct_accept,0.923779,0.129532,0.0602,0.069176,48,48
Kubernetes---kb_365_Normalized.json,Kubernetes---kb_365_Normalized.json::test_00004,invalid,passed,False,True,correct_reject,0.923779,0.066933,0.031703,0.035147,46,25
Kubernetes---kb_365_Normalized.json,Kubernetes---kb_365_Normalized.json::test_00005,invalid,passed,False,True,correct_reject,0.923779,0.106588,0.049778,0.056672,56,41
Kubernetes---kb_366_Normalized.json,Kubernetes---kb_366_Normalized.json::test_00000,valid,failed,False,True,over_constraint,77.4436,0.236606,0.11127,0.124926,222,173
Kubernetes---kb_366_Normalized.json,Kubernetes---kb_366_Normalized.json::test_00001,invalid,passed,False,True,correct_reject,77.4436,0.087188,0.042221,0.044792,227,72
Kubernetes---kb_366_Normalized.json,Kubernetes---kb_366_Normalized.json::test_00002,invalid,passed,False,True,correct_reject,77.4436,2.6e-05,9e-06,3e-06,209,5
Kubernetes---kb_366_Normalized.json,Kubernetes---kb_366_Normalized.json::test_00003,valid,failed,False,True,over_constraint,77.4436,0.23703,0.109424,0.127172,228,179
Kubernetes---kb_366_Normalized.json,Kubernetes---kb_366_Normalized.json::test_00004,invalid,passed,False,True,correct_reject,77.4436,0.143716,0.068128,0.075365,126,89
Kubernetes---kb_367_Normalized.json,Kubernetes---kb_367_Normalized.json::test_00000,valid,failed,False,True,over_constraint,74.4454,0.293266,0.134555,0.158251,205,173
Kubernetes---kb_367_Normalized.json,Kubernetes---kb_367_Normalized.json::test_00001,invalid,passed,False,True,correct_reject,74.4454,0.152663,0.071201,0.081259,204,73
Kubernetes---kb_367_Normalized.json,Kubernetes---kb_367_Normalized.json::test_00002,invalid,passed,False,True,correct_reject,74.4454,0.000131,1.5e-05,0.000101,193,6
Kubernetes---kb_367_Normalized.json,Kubernetes---kb_367_Normalized.json::test_00003,invalid,passed,False,True,correct_reject,74.4454,0.292303,0.134107,0.157746,203,173
Kubernetes---kb_368_Normalized.json,Kubernetes---kb_368_Normalized.json::test_00000,valid,failed,False,True,over_constraint,11.4944,0.172216,0.080592,0.091297,167,133
Kubernetes---kb_368_Normalized.json,Kubernetes---kb_368_Normalized.json::test_00001,invalid,passed,False,True,correct_reject,11.4944,0.171817,0.08065,0.090846,162,133
Kubernetes---kb_368_Normalized.json,Kubernetes---kb_368_Normalized.json::test_00002,valid,passed,True,True,correct_accept,11.4944,0.157147,0.073197,0.083671,114,114
Kubernetes---kb_369_Normalized.json,Kubernetes---kb_369_Normalized.json::test_00000,valid,passed,True,True,correct_accept,11.5997,0.152646,0.070967,0.081376,123,123
Kubernetes---kb_369_Normalized.json,Kubernetes---kb_369_Normalized.json::test_00001,invalid,passed,False,True,correct_reject,11.5997,0.016617,0.007524,0.009039,122,20
Kubernetes---kb_369_Normalized.json,Kubernetes---kb_369_Normalized.json::test_00002,valid,passed,True,True,correct_accept,11.5997,0.240771,0.113638,0.126727,169,169
Kubernetes---kb_369_Normalized.json,Kubernetes---kb_369_Normalized.json::test_00003,invalid,passed,False,True,correct_reject,11.5997,0.016375,0.007463,0.008864,169,20
Kubernetes---kb_36_Normalized.json,Kubernetes---kb_36_Normalized.json::test_00000,valid,passed,True,True,correct_accept,1.78198,0.255294,0.120134,0.134827,100,100
Kubernetes---kb_36_Normalized.json,Kubernetes---kb_36_Normalized.json::test_00001,invalid,passed,False,True,correct_reject,1.78198,2.1e-05,5e-06,4e-06,6,4
Kubernetes---kb_36_Normalized.json,Kubernetes---kb_36_Normalized.json::test_00002,invalid,passed,False,True,correct_reject,1.78198,0.243401,0.113931,0.129176,94,93
Kubernetes---kb_36_Normalized.json,Kubernetes---kb_36_Normalized.json::test_00003,valid,passed,True,True,correct_accept,1.78198,0.251261,0.119385,0.131586,99,99
Kubernetes---kb_36_Normalized.json,Kubernetes---kb_36_Normalized.json::test_00004,invalid,passed,False,True,correct_reject,1.78198,2.1e-05,5e-06,3e-06,7,4
Kubernetes---kb_370_Normalized.json,Kubernetes---kb_370_Normalized.json::test_00000,valid,passed,True,True,correct_accept,1.74072,0.295717,0.138729,0.156639,107,107
Kubernetes---kb_370_Normalized.json,Kubernetes---kb_370_Normalized.json::test_00001,invalid,passed,False,True,correct_reject,1.74072,2.4e-05,5e-06,4e-06,6,4
Kubernetes---kb_370_Normalized.json,Kubernetes---kb_370_Normalized.json::test_00002,valid,passed,True,True,correct_accept,1.74072,0.294158,0.137953,0.155855,107,107
Kubernetes---kb_370_Normalized.json,Kubernetes---kb_370_Normalized.json::test_00003,invalid,passed,False,True,correct_reject,1.74072,2.1e-05,5e-06,3e-06,7,4
Kubernetes---kb_370_Normalized.json,Kubernetes---kb_370_Normalized.json::test_00004,invalid,passed,False,True,correct_reject,1.74072,0.000139,1.3e-05,0.000103,100,10
Kubernetes---kb_371_Normalized.json,Kubernetes---kb_371_Normalized.json::test_00000,valid,passed,True,True,correct_accept,1.76373,0.273936,0.127673,0.145918,107,107
Kubernetes---kb_371_Normalized.json,Kubernetes---kb_371_Normalized.json::test_00001,invalid,passed,False,True,correct_reject,1.76373,6.4e-05,1.7e-05,1.5e-05,10,4
Kubernetes---kb_371_Normalized.json,Kubernetes---kb_371_Normalized.json::test_00002,invalid,passed,False,True,correct_reject,1.76373,2e-05,5e-06,4e-06,6,4
Kubernetes---kb_371_Normalized.json,Kubernetes---kb_371_Normalized.json::test_00003,valid,passed,True,True,correct_accept,1.76373,0.27339,0.127724,0.14534,107,107
Kubernetes---kb_371_Normalized.json,Kubernetes---kb_371_Normalized.json::test_00004,invalid,passed,False,True,correct_reject,1.76373,0.00014,1.3e-05,0.000104,96,10
Kubernetes---kb_373_Normalized.json,Kubernetes---kb_373_Normalized.json::test_00000,valid,passed,True,True,correct_accept,0.700541,0.02181,0.009586,0.012143,35,35
Kubernetes---kb_373_Normalized.json,Kubernetes---kb_373_Normalized.json::test_00001,invalid,passed,False,True,correct_reject,0.700541,0.001168,0.001148,6e-06,14,4
Kubernetes---kb_373_Normalized.json,Kubernetes---kb_373_Normalized.json::test_00002,invalid,passed,False,True,correct_reject,0.700541,0.000554,0.000176,0.000326,38,29
Kubernetes---kb_373_Normalized.json,Kubernetes---kb_373_Normalized.json::test_00003,valid,passed,True,True,correct_accept,0.700541,0.02179,0.009681,0.012029,39,39
Kubernetes---kb_373_Normalized.json,Kubernetes---kb_373_Normalized.json::test_00004,invalid,passed,False,True,correct_reject,0.700541,0.001196,0.001178,5e-06,16,4
Kubernetes---kb_374_Normalized.json,Kubernetes---kb_374_Normalized.json::test_00000,valid,passed,True,True,correct_accept,0.698224,0.022088,0.009446,0.012557,35,35
Kubernetes---kb_374_Normalized.json,Kubernetes---kb_374_Normalized.json::test_00001,invalid,passed,False,True,correct_reject,0.698224,0.001117,0.001097,7e-06,16,4
Kubernetes---kb_374_Normalized.json,Kubernetes---kb_374_Normalized.json::test_00002,invalid,passed,False,True,correct_reject,0.698224,1.8e-05,5e-06,3e-06,14,4
Kubernetes---kb_374_Normalized.json,Kubernetes---kb_374_Normalized.json::test_00003,valid,passed,True,True,correct_accept,0.698224,0.022076,0.009633,0.012369,35,35
Kubernetes---kb_374_Normalized.json,Kubernetes---kb_374_Normalized.json::test_00004,invalid,passed,False,True,correct_reject,0.698224,0.001121,0.001102,7e-06,14,5
Kubernetes---kb_375_Normalized.json,Kubernetes---kb_375_Normalized.json::test_00000,valid,failed,False,True,over_constraint,0.69274,0.028517,0.013028,0.015436,30,13
Kubernetes---kb_375_Normalized.json,Kubernetes---kb_375_Normalized.json::test_00001,invalid,passed,False,True,correct_reject,0.69274,0.035535,0.01519,0.020287,30,13
Kubernetes---kb_375_Normalized.json,Kubernetes---kb_375_Normalized.json::test_00002,invalid,passed,False,True,correct_reject,0.69274,0.02795,0.013016,0.014887,30,13
Kubernetes---kb_375_Normalized.json,Kubernetes---kb_375_Normalized.json::test_00003,valid,passed,True,True,correct_accept,0.69274,0.042446,0.019841,0.022524,30,30
Kubernetes---kb_375_Normalized.json,Kubernetes---kb_375_Normalized.json::test_00004,invalid,passed,False,True,correct_reject,0.69274,0.028038,0.013041,0.01495,29,13
Kubernetes---kb_375_Normalized.json,Kubernetes---kb_375_Normalized.json::test_00005,invalid,passed,False,True,correct_reject,0.69274,0.028219,0.013136,0.015037,30,13
Kubernetes---kb_376_Normalized.json,Kubernetes---kb_376_Normalized.json::test_00000,valid,failed,False,True,over_constraint,0.697585,0.031706,0.014723,0.016925,30,13
Kubernetes---kb_376_Normalized.json,Kubernetes---kb_376_Normalized.json::test_00001,invalid,passed,False,True,correct_reject,0.697585,0.031492,0.01479,0.016651,30,13
Kubernetes---kb_376_Normalized.json,Kubernetes---kb_376_Normalized.json::test_00002,invalid,passed,False,True,correct_reject,0.697585,0.031477,0.014784,0.016638,30,13
Kubernetes---kb_376_Normalized.json,Kubernetes---kb_376_Normalized.json::test_00003,valid,passed,True,True,correct_accept,0.697585,0.047851,0.022547,0.025223,30,30
Kubernetes---kb_376_Normalized.json,Kubernetes---kb_376_Normalized.json::test_00004,invalid,passed,False,True,correct_reject,0.697585,0.029743,0.013593,0.016101,31,13
Kubernetes---kb_377_Normalized.json,Kubernetes---kb_377_Normalized.json::test_00000,valid,failed,False,True,over_constraint,0.651583,0.040265,0.018871,0.02133,27,15
Kubernetes---kb_377_Normalized.json,Kubernetes---kb_377_Normalized.json::test_00001,invalid,passed,False,True,correct_reject,0.651583,0.000134,1.5e-05,0.000104,20,5
Kubernetes---kb_377_Normalized.json,Kubernetes---kb_377_Normalized.json::test_00002,valid,passed,True,True,correct_accept,0.651583,0.059441,0.027846,0.031515,25,25
Kubernetes---kb_377_Normalized.json,Kubernetes---kb_377_Normalized.json::test_00003,invalid,passed,False,True,correct_reject,0.651583,0.040796,0.020026,0.02071,24,17
Kubernetes---kb_378_Normalized.json,Kubernetes---kb_378_Normalized.json::test_00000,valid,failed,False,True,over_constraint,0.614678,0.054687,0.025166,0.029445,27,19
Kubernetes---kb_378_Normalized.json,Kubernetes---kb_378_Normalized.json::test_00001,invalid,passed,False,True,correct_reject,0.614678,0.001281,0.00114,0.000123,20,5
Kubernetes---kb_378_Normalized.json,Kubernetes---kb_378_Normalized.json::test_00002,valid,passed,True,True,correct_accept,0.614678,0.04911,0.022944,0.026093,22,22
Kubernetes---kb_378_Normalized.json,Kubernetes---kb_378_Normalized.json::test_00003,invalid,passed,False,True,correct_reject,0.614678,0.00126,0.001116,0.000128,16,5
Kubernetes---kb_379_Normalized.json,Kubernetes---kb_379_Normalized.json::test_00000,valid,passed,True,True,correct_accept,0.775312,0.069327,0.032828,0.036392,33,33
Kubernetes---kb_379_Normalized.json,Kubernetes---kb_379_Normalized.json::test_00001,invalid,passed,False,True,correct_reject,0.775312,0.000191,2.1e-05,0.000148,29,6
Kubernetes---kb_379_Normalized.json,Kubernetes---kb_379_Normalized.json::test_00002,invalid,passed,False,True,correct_reject,0.775312,0.000121,1.2e-05,9.4e-05,28,5
Kubernetes---kb_37_Normalized.json,Kubernetes---kb_37_Normalized.json::test_00000,valid,passed,True,True,correct_accept,1.72738,0.251302,0.118352,0.132651,98,98
Kubernetes---kb_37_Normalized.json,Kubernetes---kb_37_Normalized.json::test_00001,invalid,passed,False,True,correct_reject,1.72738,2e-05,5e-06,3e-06,6,4
Kubernetes---kb_37_Normalized.json,Kubernetes---kb_37_Normalized.json::test_00002,valid,passed,True,True,correct_accept,1.72738,0.247922,0.116414,0.131197,98,98
Kubernetes---kb_37_Normalized.json,Kubernetes---kb_37_Normalized.json::test_00003,invalid,passed,False,True,correct_reject,1.72738,1.9e-05,4e-06,3e-06,50,4
Kubernetes---kb_380_Normalized.json,Kubernetes---kb_380_Normalized.json::test_00000,valid,passed,True,True,correct_accept,0.826493,0.063473,0.029825,0.033543,33,33
Kubernetes---kb_380_Normalized.json,Kubernetes---kb_380_Normalized.json::test_00001,invalid,passed,False,True,correct_reject,0.826493,0.000141,1.4e-05,0.000109,29,6
Kubernetes---kb_380_Normalized.json,Kubernetes---kb_380_Normalized.json::test_00002,valid,passed,True,True,correct_accept,0.826493,0.062759,0.029768,0.03289,33,33
Kubernetes---kb_380_Normalized.json,Kubernetes---kb_380_Normalized.json::test_00003,invalid,passed,False,True,correct_reject,0.826493,0.000135,1.4e-05,0.000105,29,6
Kubernetes---kb_380_Normalized.json,Kubernetes---kb_380_Normalized.json::test_00004,invalid,passed,False,True,correct_reject,0.826493,0.000143,1.6e-05,0.000112,29,6
Kubernetes---kb_381_Normalized.json,Kubernetes---kb_381_Normalized.json::test_00000,valid,passed,True,True,correct_accept,0.58206,0.052158,0.02436,0.02771,25,25
Kubernetes---kb_381_Normalized.json,Kubernetes---kb_381_Normalized.json::test_00001,invalid,passed,False,True,correct_reject,0.58206,0.000135,1.3e-05,0.000106,21,6
Kubernetes---kb_381_Normalized.json,Kubernetes---kb_381_Normalized.json::test_00002,invalid,passed,False,True,correct_reject,0.58206,0.051419,0.024282,0.027061,26,24
Kubernetes---kb_382_Normalized.json,Kubernetes---kb_382_Normalized.json::test_00000,valid,passed,True,True,correct_accept,0.588632,0.060935,0.030629,0.030216,25,25
Kubernetes---kb_382_Normalized.json,Kubernetes---kb_382_Normalized.json::test_00001,invalid,passed,False,True,correct_reject,0.588632,0.000239,2.5e-05,0.00019,21,6
Kubernetes---kb_382_Normalized.json,Kubernetes---kb_382_Normalized.json::test_00002,invalid,passed,False,True,correct_reject,0.588632,0.000127,1.2e-05,9.9e-05,19,5
Kubernetes---kb_383_Normalized.json,Kubernetes---kb_383_Normalized.json::test_00000,valid,passed,True,True,correct_accept,0.289042,0.02108,0.009329,0.011712,8,8
Kubernetes---kb_383_Normalized.json,Kubernetes---kb_383_Normalized.json::test_00001,invalid,passed,False,True,correct_reject,0.289042,0.00127,0.001132,0.000121,6,5
Kubernetes---kb_383_Normalized.json,Kubernetes---kb_383_Normalized.json::test_00002,invalid,passed,False,True,correct_reject,0.289042,0.000127,1.1e-05,0.000105,5,4
Kubernetes---kb_383_Normalized.json,Kubernetes---kb_383_Normalized.json::test_00003,invalid,passed,False,True,correct_reject,0.289042,0.000144,1.7e-05,0.000112,7,5
Kubernetes---kb_384_Normalized.json,Kubernetes---kb_384_Normalized.json::test_00000,valid,passed,True,True,correct_accept,0.267873,0.019131,0.008378,0.010712,8,8
Kubernetes---kb_384_Normalized.json,Kubernetes---kb_384_Normalized.json::test_00001,invalid,passed,False,True,correct_reject,0.267873,0.001205,0.001066,0.000122,6,5
Kubernetes---kb_385_Normalized.json,Kubernetes---kb_385_Normalized.json::test_00000,valid,passed,True,True,correct_accept,0.45253,0.037067,0.016717,0.020288,16,16
Kubernetes---kb_385_Normalized.json,Kubernetes---kb_385_Normalized.json::test_00001,invalid,passed,False,True,correct_reject,0.45253,0.001165,0.00103,0.000117,14,6
Kubernetes---kb_385_Normalized.json,Kubernetes---kb_385_Normalized.json::test_00002,invalid,passed,False,True,correct_reject,0.45253,0.017958,0.008222,0.009696,15,14
Kubernetes---kb_386_Normalized.json,Kubernetes---kb_386_Normalized.json::test_00000,valid,passed,True,True,correct_accept,0.45979,0.037087,0.01671,0.020316,16,16
Kubernetes---kb_386_Normalized.json,Kubernetes---kb_386_Normalized.json::test_00001,invalid,passed,False,True,correct_reject,0.45979,0.001182,0.001024,0.00014,14,6
Kubernetes---kb_386_Normalized.json,Kubernetes---kb_386_Normalized.json::test_00002,invalid,passed,False,True,correct_reject,0.45979,0.018058,0.008234,0.009786,15,14
Kubernetes---kb_386_Normalized.json,Kubernetes---kb_386_Normalized.json::test_00003,invalid,passed,False,True,correct_reject,0.45979,0.000136,1.2e-05,0.000112,12,5
Kubernetes---kb_387_Normalized.json,Kubernetes---kb_387_Normalized.json::test_00000,valid,passed,True,True,correct_accept,2.06846,0.047645,0.0218,0.025771,21,21
Kubernetes---kb_387_Normalized.json,Kubernetes---kb_387_Normalized.json::test_00001,valid,passed,True,True,correct_accept,2.06846,0.056359,0.026824,0.02946,23,23
Kubernetes---kb_387_Normalized.json,Kubernetes---kb_387_Normalized.json::test_00002,invalid,passed,False,True,correct_reject,2.06846,0.025448,0.011705,0.013694,25,15
Kubernetes---kb_387_Normalized.json,Kubernetes---kb_387_Normalized.json::test_00003,invalid,passed,False,True,correct_reject,2.06846,0.000135,1.2e-05,0.000102,21,8
Kubernetes---kb_388_Normalized.json,Kubernetes---kb_388_Normalized.json::test_00000,valid,passed,True,True,correct_accept,2.13539,0.047804,0.021896,0.025831,21,21
Kubernetes---kb_388_Normalized.json,Kubernetes---kb_388_Normalized.json::test_00001,invalid,passed,False,True,correct_reject,2.13539,7.5e-05,1.8e-05,1.8e-05,12,7
Kubernetes---kb_389_Normalized.json,Kubernetes---kb_389_Normalized.json::test_00000,valid,failed,False,True,over_constraint,38.2578,0.029723,0.013967,0.015661,161,39
Kubernetes---kb_389_Normalized.json,Kubernetes---kb_389_Normalized.json::test_00001,invalid,passed,False,True,correct_reject,38.2578,6.8e-05,1.7e-05,1.7e-05,158,6
Kubernetes---kb_389_Normalized.json,Kubernetes---kb_389_Normalized.json::test_00002,invalid,passed,False,True,correct_reject,38.2578,2.8e-05,4e-06,4e-06,160,9
Kubernetes---kb_389_Normalized.json,Kubernetes---kb_389_Normalized.json::test_00003,valid,passed,True,True,correct_accept,38.2578,0.160121,0.07511,0.084649,160,160
Kubernetes---kb_389_Normalized.json,Kubernetes---kb_389_Normalized.json::test_00004,invalid,passed,False,True,correct_reject,38.2578,0.04966,0.023417,0.026121,185,51
Kubernetes---kb_38_Normalized.json,Kubernetes---kb_38_Normalized.json::test_00000,valid,passed,True,True,correct_accept,1.75051,0.245703,0.113794,0.131604,100,100
Kubernetes---kb_38_Normalized.json,Kubernetes---kb_38_Normalized.json::test_00001,invalid,passed,False,True,correct_reject,1.75051,2e-05,4e-06,4e-06,6,4
Kubernetes---kb_38_Normalized.json,Kubernetes---kb_38_Normalized.json::test_00002,invalid,passed,False,True,correct_reject,1.75051,0.234796,0.108068,0.126447,94,93
Kubernetes---kb_38_Normalized.json,Kubernetes---kb_38_Normalized.json::test_00003,valid,passed,True,True,correct_accept,1.75051,0.234167,0.109196,0.124682,98,98
Kubernetes---kb_38_Normalized.json,Kubernetes---kb_38_Normalized.json::test_00004,invalid,passed,False,True,correct_reject,1.75051,2.2e-05,6e-06,4e-06,8,4
Kubernetes---kb_38_Normalized.json,Kubernetes---kb_38_Normalized.json::test_00005,invalid,passed,False,True,correct_reject,1.75051,0.17832,0.081932,0.096151,81,80
Kubernetes---kb_390_Normalized.json,Kubernetes---kb_390_Normalized.json::test_00000,valid,passed,True,True,correct_accept,57.3933,0.224446,0.102734,0.12125,209,209
Kubernetes---kb_390_Normalized.json,Kubernetes---kb_390_Normalized.json::test_00001,invalid,passed,False,True,correct_reject,57.3933,0.082368,0.036942,0.045239,213,86
Kubernetes---kb_393_Normalized.json,Kubernetes---kb_393_Normalized.json::test_00000,valid,passed,True,True,correct_accept,2.57653,0.071186,0.033565,0.037354,128,128
Kubernetes---kb_393_Normalized.json,Kubernetes---kb_393_Normalized.json::test_00001,valid,passed,True,True,correct_accept,2.57653,0.091948,0.0434,0.048271,132,132
Kubernetes---kb_393_Normalized.json,Kubernetes---kb_393_Normalized.json::test_00002,invalid,passed,False,True,correct_reject,2.57653,0.000284,6.4e-05,0.000186,157,18
Kubernetes---kb_394_Normalized.json,Kubernetes---kb_394_Normalized.json::test_00000,valid,passed,True,True,correct_accept,2.50109,0.078046,0.036337,0.041446,128,128
Kubernetes---kb_395_Normalized.json,Kubernetes---kb_395_Normalized.json::test_00000,valid,passed,True,True,correct_accept,0.99854,0.14392,0.066766,0.076972,54,54
Kubernetes---kb_395_Normalized.json,Kubernetes---kb_395_Normalized.json::test_00001,invalid,passed,False,True,correct_reject,0.99854,0.060154,0.028346,0.031718,46,25
Kubernetes---kb_395_Normalized.json,Kubernetes---kb_395_Normalized.json::test_00002,valid,passed,True,True,correct_accept,0.99854,0.138468,0.064107,0.074185,56,56
Kubernetes---kb_395_Normalized.json,Kubernetes---kb_395_Normalized.json::test_00003,invalid,passed,False,True,correct_reject,0.99854,0.059774,0.028581,0.031106,48,25
Kubernetes---kb_396_Normalized.json,Kubernetes---kb_396_Normalized.json::test_00000,valid,passed,True,True,correct_accept,0.937619,0.14305,0.066501,0.076367,54,54
Kubernetes---kb_396_Normalized.json,Kubernetes---kb_396_Normalized.json::test_00001,invalid,passed,False,True,correct_reject,0.937619,0.059336,0.027691,0.031556,46,25
Kubernetes---kb_396_Normalized.json,Kubernetes---kb_396_Normalized.json::test_00002,valid,passed,True,True,correct_accept,0.937619,0.153068,0.070358,0.082523,58,58
Kubernetes---kb_396_Normalized.json,Kubernetes---kb_396_Normalized.json::test_00003,invalid,passed,False,True,correct_reject,0.937619,0.001039,0.001024,5e-06,58,2
Kubernetes---kb_397_Normalized.json,Kubernetes---kb_397_Normalized.json::test_00000,valid,passed,True,True,correct_accept,0.920753,0.175877,0.081081,0.094576,61,61
Kubernetes---kb_397_Normalized.json,Kubernetes---kb_397_Normalized.json::test_00001,invalid,passed,False,True,correct_reject,0.920753,0.061535,0.028717,0.032735,50,25
Kubernetes---kb_397_Normalized.json,Kubernetes---kb_397_Normalized.json::test_00002,valid,passed,True,True,correct_accept,0.920753,0.151072,0.067935,0.082943,57,57
Kubernetes---kb_397_Normalized.json,Kubernetes---kb_397_Normalized.json::test_00003,invalid,passed,False,True,correct_reject,0.920753,0.05916,0.027651,0.031426,46,25
Kubernetes---kb_398_Normalized.json,Kubernetes---kb_398_Normalized.json::test_00000,valid,passed,True,True,correct_accept,61.4773,0.249677,0.116209,0.132973,209,209
Kubernetes---kb_398_Normalized.json,Kubernetes---kb_398_Normalized.json::test_00001,invalid,passed,False,True,correct_reject,61.4773,0.151919,0.071513,0.080025,204,170
Kubernetes---kb_398_Normalized.json,Kubernetes---kb_398_Normalized.json::test_00002,invalid,passed,False,True,correct_reject,61.4773,0.091501,0.042978,0.048282,110,108
Kubernetes---kb_398_Normalized.json,Kubernetes---kb_398_Normalized.json::test_00003,invalid,passed,False,True,correct_reject,61.4773,0.151404,0.070736,0.080263,209,185
Kubernetes---kb_398_Normalized.json,Kubernetes---kb_398_Normalized.json::test_00004,invalid,passed,False,True,correct_reject,61.4773,0.091549,0.042998,0.048315,110,108
Kubernetes---kb_398_Normalized.json,Kubernetes---kb_398_Normalized.json::test_00005,valid,passed,True,True,correct_accept,61.4773,0.216389,0.100771,0.115135,216,216
Kubernetes---kb_398_Normalized.json,Kubernetes---kb_398_Normalized.json::test_00006,invalid,passed,False,True,correct_reject,61.4773,0.087163,0.041306,0.045621,218,105
Kubernetes---kb_39_Normalized.json,Kubernetes---kb_39_Normalized.json::test_00000,valid,passed,True,True,correct_accept,1.55699,0.193529,0.089599,0.103646,94,94
Kubernetes---kb_39_Normalized.json,Kubernetes---kb_39_Normalized.json::test_00001,invalid,passed,False,True,correct_reject,1.55699,0.001099,0.001076,5e-06,93,6
Kubernetes---kb_39_Normalized.json,Kubernetes---kb_39_Normalized.json::test_00002,invalid,passed,False,True,correct_reject,1.55699,0.119815,0.054356,0.065272,82,68
Kubernetes---kb_39_Normalized.json,Kubernetes---kb_39_Normalized.json::test_00003,invalid,passed,False,True,correct_reject,1.55699,0.043385,0.020162,0.023125,107,41
Kubernetes---kb_39_Normalized.json,Kubernetes---kb_39_Normalized.json::test_00004,valid,passed,True,True,correct_accept,1.55699,0.179549,0.083217,0.096076,95,95
Kubernetes---kb_39_Normalized.json,Kubernetes---kb_39_Normalized.json::test_00005,invalid,passed,False,True,correct_reject,1.55699,0.001046,0.001024,5e-06,94,6
Kubernetes---kb_3_Normalized.json,Kubernetes---kb_3_Normalized.json::test_00000,valid,passed,True,True,correct_accept,3.45593,0.134805,0.063036,0.071553,73,73
Kubernetes---kb_3_Normalized.json,Kubernetes---kb_3_Normalized.json::test_00001,invalid,passed,False,True,correct_reject,3.45593,0.036909,0.016921,0.019923,72,21
Kubernetes---kb_3_Normalized.json,Kubernetes---kb_3_Normalized.json::test_00002,invalid,passed,False,True,correct_reject,3.45593,2.5e-05,7e-06,4e-06,8,6
Kubernetes---kb_3_Normalized.json,Kubernetes---kb_3_Normalized.json::test_00003,invalid,passed,False,True,correct_reject,3.45593,0.011601,0.005127,0.006437,73,14
Kubernetes---kb_3_Normalized.json,Kubernetes---kb_3_Normalized.json::test_00004,invalid,passed,False,True,correct_reject,3.45593,0.060734,0.027953,0.032692,79,28
Kubernetes---kb_3_Normalized.json,Kubernetes---kb_3_Normalized.json::test_00005,invalid,passed,False,True,correct_reject,3.45593,0.011576,0.005248,0.006287,72,14
Kubernetes---kb_3_Normalized.json,Kubernetes---kb_3_Normalized.json::test_00006,valid,passed,True,True,correct_accept,3.45593,0.110374,0.052279,0.057919,64,64
Kubernetes---kb_3_Normalized.json,Kubernetes---kb_3_Normalized.json::test_00007,invalid,passed,False,True,correct_reject,3.45593,2.1e-05,4e-06,3e-06,23,6
Kubernetes---kb_3_Normalized.json,Kubernetes---kb_3_Normalized.json::test_00008,invalid,passed,False,True,correct_reject,3.45593,0.060737,0.027834,0.032815,69,27
Kubernetes---kb_3_Normalized.json,Kubernetes---kb_3_Normalized.json::test_00009,invalid,passed,False,True,correct_reject,3.45593,0.010794,0.004872,0.005886,82,14
Kubernetes---kb_402_Normalized.json,Kubernetes---kb_402_Normalized.json::test_00000,valid,passed,True,True,correct_accept,1.13777,0.050312,0.023125,0.027057,54,54
Kubernetes---kb_402_Normalized.json,Kubernetes---kb_402_Normalized.json::test_00001,invalid,passed,False,True,correct_reject,1.13777,0.000234,5.4e-05,0.000159,56,8
Kubernetes---kb_402_Normalized.json,Kubernetes---kb_402_Normalized.json::test_00002,invalid,passed,False,True,correct_reject,1.13777,0.000155,2.4e-05,0.000114,54,6
Kubernetes---kb_402_Normalized.json,Kubernetes---kb_402_Normalized.json::test_00003,invalid,passed,False,True,correct_reject,1.13777,0.020418,0.009406,0.01094,48,32
Kubernetes---kb_402_Normalized.json,Kubernetes---kb_402_Normalized.json::test_00004,invalid,passed,False,True,correct_reject,1.13777,0.00016,1.4e-05,0.000131,54,6
Kubernetes---kb_402_Normalized.json,Kubernetes---kb_402_Normalized.json::test_00005,invalid,passed,False,True,correct_reject,1.13777,0.020355,0.009398,0.010888,48,32
Kubernetes---kb_402_Normalized.json,Kubernetes---kb_402_Normalized.json::test_00006,invalid,passed,False,True,correct_reject,1.13777,0.019875,0.009179,0.010628,38,32
Kubernetes---kb_403_Normalized.json,Kubernetes---kb_403_Normalized.json::test_00000,valid,passed,True,True,correct_accept,16.6569,0.072838,0.032619,0.040047,72,72
Kubernetes---kb_403_Normalized.json,Kubernetes---kb_403_Normalized.json::test_00001,valid,failed,False,True,over_constraint,16.6569,0.24798,0.114265,0.133299,228,173
Kubernetes---kb_403_Normalized.json,Kubernetes---kb_403_Normalized.json::test_00002,invalid,passed,False,True,correct_reject,16.6569,0.000152,1.2e-05,0.000124,230,6
Kubernetes---kb_403_Normalized.json,Kubernetes---kb_403_Normalized.json::test_00003,invalid,passed,False,True,correct_reject,16.6569,0.033216,0.014392,0.018734,228,42
Kubernetes---kb_403_Normalized.json,Kubernetes---kb_403_Normalized.json::test_00004,invalid,passed,False,True,correct_reject,16.6569,0.079989,0.036258,0.043549,217,84
Kubernetes---kb_404_Normalized.json,Kubernetes---kb_404_Normalized.json::test_00000,valid,passed,True,True,correct_accept,15.8674,0.132819,0.062519,0.06993,175,175
Kubernetes---kb_404_Normalized.json,Kubernetes---kb_404_Normalized.json::test_00001,valid,passed,True,True,correct_accept,15.8674,0.1209,0.057092,0.063449,175,175
Kubernetes---kb_404_Normalized.json,Kubernetes---kb_404_Normalized.json::test_00002,invalid,passed,False,True,correct_reject,15.8674,0.001071,0.001057,4e-06,175,2
Kubernetes---kb_405_Normalized.json,Kubernetes---kb_405_Normalized.json::test_00000,valid,passed,True,True,correct_accept,15.3932,0.134372,0.063927,0.07007,175,175
Kubernetes---kb_405_Normalized.json,Kubernetes---kb_405_Normalized.json::test_00001,valid,passed,True,True,correct_accept,15.3932,0.122403,0.058598,0.063451,175,175
Kubernetes---kb_406_Normalized.json,Kubernetes---kb_406_Normalized.json::test_00000,valid,passed,True,True,correct_accept,0.972484,0.065978,0.030127,0.035711,54,54
Kubernetes---kb_406_Normalized.json,Kubernetes---kb_406_Normalized.json::test_00001,invalid,passed,False,True,correct_reject,0.972484,0.000166,2.5e-05,0.000122,54,8
Kubernetes---kb_406_Normalized.json,Kubernetes---kb_406_Normalized.json::test_00002,invalid,passed,False,True,correct_reject,0.972484,0.000158,2.3e-05,0.000117,54,8
Kubernetes---kb_406_Normalized.json,Kubernetes---kb_406_Normalized.json::test_00003,valid,passed,True,True,correct_accept,0.972484,0.062015,0.028646,0.033241,54,54
Kubernetes---kb_406_Normalized.json,Kubernetes---kb_406_Normalized.json::test_00004,invalid,passed,False,True,correct_reject,0.972484,0.000241,5.2e-05,0.000168,56,10
Kubernetes---kb_406_Normalized.json,Kubernetes---kb_406_Normalized.json::test_00005,invalid,passed,False,True,correct_reject,0.972484,0.000238,5.6e-05,0.000158,54,10
Kubernetes---kb_407_Normalized.json,Kubernetes---kb_407_Normalized.json::test_00000,valid,passed,True,True,correct_accept,18.414,0.362096,0.171486,0.190102,190,190
Kubernetes---kb_407_Normalized.json,Kubernetes---kb_407_Normalized.json::test_00001,valid,passed,True,True,correct_accept,18.414,0.361047,0.171723,0.188849,188,188
Kubernetes---kb_407_Normalized.json,Kubernetes---kb_407_Normalized.json::test_00002,invalid,passed,False,True,correct_reject,18.414,0.298085,0.142252,0.15544,188,150
Kubernetes---kb_408_Normalized.json,Kubernetes---kb_408_Normalized.json::test_00000,valid,passed,True,True,correct_accept,13.83,0.688086,0.325117,0.361933,412,412
Kubernetes---kb_408_Normalized.json,Kubernetes---kb_408_Normalized.json::test_00001,valid,passed,True,True,correct_accept,13.83,0.343096,0.162992,0.179647,181,181
Kubernetes---kb_408_Normalized.json,Kubernetes---kb_408_Normalized.json::test_00002,invalid,passed,False,True,correct_reject,13.83,0.284756,0.132993,0.151396,181,116
Kubernetes---kb_408_Normalized.json,Kubernetes---kb_408_Normalized.json::test_00003,invalid,passed,False,True,correct_reject,13.83,0.234494,0.111161,0.123037,174,98
Kubernetes---kb_409_Normalized.json,Kubernetes---kb_409_Normalized.json::test_00000,valid,passed,True,True,correct_accept,13.4566,0.212162,0.100371,0.111433,130,130
Kubernetes---kb_409_Normalized.json,Kubernetes---kb_409_Normalized.json::test_00001,valid,passed,True,True,correct_accept,13.4566,0.212886,0.100427,0.112128,130,130
Kubernetes---kb_409_Normalized.json,Kubernetes---kb_409_Normalized.json::test_00002,invalid,passed,False,True,correct_reject,13.4566,0.1003,0.047816,0.052333,118,55
Kubernetes---kb_409_Normalized.json,Kubernetes---kb_409_Normalized.json::test_00003,invalid,passed,False,True,correct_reject,13.4566,0.122511,0.057924,0.064429,134,54
Kubernetes---kb_40_Normalized.json,Kubernetes---kb_40_Normalized.json::test_00000,valid,passed,True,True,correct_accept,1.60785,0.198182,0.091292,0.106622,91,91
Kubernetes---kb_40_Normalized.json,Kubernetes---kb_40_Normalized.json::test_00001,invalid,passed,False,True,correct_reject,1.60785,0.001158,0.001004,0.000133,90,6
Kubernetes---kb_40_Normalized.json,Kubernetes---kb_40_Normalized.json::test_00002,invalid,passed,False,True,correct_reject,1.60785,0.134943,0.060619,0.074122,77,69
Kubernetes---kb_40_Normalized.json,Kubernetes---kb_40_Normalized.json::test_00003,invalid,passed,False,True,correct_reject,1.60785,0.13285,0.061643,0.071018,112,71
Kubernetes---kb_40_Normalized.json,Kubernetes---kb_40_Normalized.json::test_00004,valid,passed,True,True,correct_accept,1.60785,0.185649,0.085871,0.099527,94,94
Kubernetes---kb_40_Normalized.json,Kubernetes---kb_40_Normalized.json::test_00005,invalid,passed,False,True,correct_reject,1.60785,0.01494,0.007192,0.007684,87,30
Kubernetes---kb_410_Normalized.json,Kubernetes---kb_410_Normalized.json::test_00000,valid,passed,True,True,correct_accept,0.581779,0.078781,0.041541,0.037145,25,25
Kubernetes---kb_410_Normalized.json,Kubernetes---kb_410_Normalized.json::test_00001,invalid,passed,False,True,correct_reject,0.581779,0.019648,0.011059,0.008551,23,10
Kubernetes---kb_410_Normalized.json,Kubernetes---kb_410_Normalized.json::test_00002,valid,passed,True,True,correct_accept,0.581779,0.071418,0.037271,0.034061,25,25
Kubernetes---kb_410_Normalized.json,Kubernetes---kb_410_Normalized.json::test_00003,invalid,passed,False,True,correct_reject,0.581779,0.001202,0.00105,0.000137,19,5
Kubernetes---kb_411_Normalized.json,Kubernetes---kb_411_Normalized.json::test_00000,valid,passed,True,True,correct_accept,0.591367,0.073412,0.033945,0.03937,25,25
Kubernetes---kb_411_Normalized.json,Kubernetes---kb_411_Normalized.json::test_00001,invalid,passed,False,True,correct_reject,0.591367,0.016372,0.007929,0.008406,23,10
Kubernetes---kb_411_Normalized.json,Kubernetes---kb_411_Normalized.json::test_00002,invalid,passed,False,True,correct_reject,0.591367,2.8e-05,8e-06,5e-06,19,6
Kubernetes---kb_412_Normalized.json,Kubernetes---kb_412_Normalized.json::test_00000,valid,passed,True,True,correct_accept,0.437451,0.024134,0.010759,0.013324,13,13
Kubernetes---kb_412_Normalized.json,Kubernetes---kb_412_Normalized.json::test_00001,invalid,passed,False,True,correct_reject,0.437451,0.001241,0.001089,0.000137,12,5
Kubernetes---kb_412_Normalized.json,Kubernetes---kb_412_Normalized.json::test_00002,invalid,passed,False,True,correct_reject,0.437451,1.7e-05,7e-06,2e-06,6,2
Kubernetes---kb_413_Normalized.json,Kubernetes---kb_413_Normalized.json::test_00000,valid,passed,True,True,correct_accept,0.422959,0.02401,0.010625,0.013336,13,13
Kubernetes---kb_413_Normalized.json,Kubernetes---kb_413_Normalized.json::test_00001,invalid,passed,False,True,correct_reject,0.422959,0.001236,0.001082,0.000137,12,5
Kubernetes---kb_413_Normalized.json,Kubernetes---kb_413_Normalized.json::test_00002,invalid,passed,False,True,correct_reject,0.422959,0.000134,1.2e-05,0.000111,11,4
Kubernetes---kb_414_Normalized.json,Kubernetes---kb_414_Normalized.json::test_00000,valid,passed,True,True,correct_accept,0.310343,0.000404,0.000117,0.000252,14,14
Kubernetes---kb_414_Normalized.json,Kubernetes---kb_414_Normalized.json::test_00001,invalid,passed,False,True,correct_reject,0.310343,0.000164,2.3e-05,0.000127,14,4
Kubernetes---kb_414_Normalized.json,Kubernetes---kb_414_Normalized.json::test_00002,invalid,passed,False,True,correct_reject,0.310343,0.000301,7.9e-05,0.000198,14,11
Kubernetes---kb_414_Normalized.json,Kubernetes---kb_414_Normalized.json::test_00003,valid,passed,True,True,correct_accept,0.310343,0.000402,0.000121,0.000251,14,14
Kubernetes---kb_415_Normalized.json,Kubernetes---kb_415_Normalized.json::test_00000,valid,passed,True,True,correct_accept,0.318935,0.000415,0.000117,0.000264,14,14
Kubernetes---kb_415_Normalized.json,Kubernetes---kb_415_Normalized.json::test_00001,invalid,passed,False,True,correct_reject,0.318935,0.000164,2.5e-05,0.000124,14,4
Kubernetes---kb_415_Normalized.json,Kubernetes---kb_415_Normalized.json::test_00002,invalid,passed,False,True,correct_reject,0.318935,0.000303,7.9e-05,0.000198,14,11
Kubernetes---kb_415_Normalized.json,Kubernetes---kb_415_Normalized.json::test_00003,valid,passed,True,True,correct_accept,0.318935,0.000412,0.000121,0.00026,14,14
Kubernetes---kb_416_Normalized.json,Kubernetes---kb_416_Normalized.json::test_00000,valid,passed,True,True,correct_accept,0.327696,0.000406,0.000117,0.000256,14,14
Kubernetes---kb_416_Normalized.json,Kubernetes---kb_416_Normalized.json::test_00001,invalid,passed,False,True,correct_reject,0.327696,0.000171,2.5e-05,0.00013,14,4
Kubernetes---kb_416_Normalized.json,Kubernetes---kb_416_Normalized.json::test_00002,invalid,passed,False,True,correct_reject,0.327696,0.000302,8.2e-05,0.000195,14,11
Kubernetes---kb_416_Normalized.json,Kubernetes---kb_416_Normalized.json::test_00003,valid,passed,True,True,correct_accept,0.327696,0.000407,0.000124,0.000257,14,14
Kubernetes---kb_416_Normalized.json,Kubernetes---kb_416_Normalized.json::test_00004,invalid,passed,False,True,correct_reject,0.327696,2.4e-05,1.4e-05,2e-06,15,2
Kubernetes---kb_417_Normalized.json,Kubernetes---kb_417_Normalized.json::test_00000,valid,passed,True,True,correct_accept,0.499451,0.014907,0.006834,0.008016,20,20
Kubernetes---kb_417_Normalized.json,Kubernetes---kb_417_Normalized.json::test_00001,invalid,passed,False,True,correct_reject,0.499451,0.000431,7.5e-05,0.000322,20,5
Kubernetes---kb_417_Normalized.json,Kubernetes---kb_417_Normalized.json::test_00002,invalid,passed,False,True,correct_reject,0.499451,0.000269,6.4e-05,0.000178,19,12
Kubernetes---kb_417_Normalized.json,Kubernetes---kb_417_Normalized.json::test_00003,invalid,passed,False,True,correct_reject,0.499451,0.000267,5.8e-05,0.000183,19,12
Kubernetes---kb_418_Normalized.json,Kubernetes---kb_418_Normalized.json::test_00000,valid,passed,True,True,correct_accept,0.525103,0.015569,0.007381,0.008135,20,20
Kubernetes---kb_418_Normalized.json,Kubernetes---kb_418_Normalized.json::test_00001,invalid,passed,False,True,correct_reject,0.525103,0.015494,0.007397,0.00805,20,18
Kubernetes---kb_418_Normalized.json,Kubernetes---kb_418_Normalized.json::test_00002,invalid,passed,False,True,correct_reject,0.525103,0.000277,6.8e-05,0.000184,19,12
Kubernetes---kb_419_Normalized.json,Kubernetes---kb_419_Normalized.json::test_00000,valid,passed,True,True,correct_accept,1.33788,0.045118,0.021054,0.023923,63,63
Kubernetes---kb_419_Normalized.json,Kubernetes---kb_419_Normalized.json::test_00001,invalid,passed,False,True,correct_reject,1.33788,3.7e-05,1.6e-05,5e-06,26,5
Kubernetes---kb_419_Normalized.json,Kubernetes---kb_419_Normalized.json::test_00002,invalid,passed,False,True,correct_reject,1.33788,0.025862,0.01214,0.013617,61,50
Kubernetes---kb_419_Normalized.json,Kubernetes---kb_419_Normalized.json::test_00003,valid,passed,True,True,correct_accept,1.33788,0.044807,0.02102,0.023652,62,62
Kubernetes---kb_419_Normalized.json,Kubernetes---kb_419_Normalized.json::test_00004,invalid,passed,False,True,correct_reject,1.33788,0.025037,0.011762,0.01317,60,49
Kubernetes---kb_41_Normalized.json,Kubernetes---kb_41_Normalized.json::test_00000,valid,passed,True,True,correct_accept,0.485432,0.037099,0.017098,0.019938,17,17
Kubernetes---kb_41_Normalized.json,Kubernetes---kb_41_Normalized.json::test_00001,invalid,passed,False,True,correct_reject,0.485432,0.00122,0.001066,0.000137,14,6
Kubernetes---kb_41_Normalized.json,Kubernetes---kb_41_Normalized.json::test_00002,invalid,passed,False,True,correct_reject,0.485432,0.021569,0.01006,0.011466,16,15
Kubernetes---kb_41_Normalized.json,Kubernetes---kb_41_Normalized.json::test_00003,valid,passed,True,True,correct_accept,0.485432,0.038109,0.016895,0.021157,17,17
Kubernetes---kb_41_Normalized.json,Kubernetes---kb_41_Normalized.json::test_00004,invalid,passed,False,True,correct_reject,0.485432,0.001104,0.00109,4e-06,15,2
Kubernetes---kb_420_Normalized.json,Kubernetes---kb_420_Normalized.json::test_00000,valid,passed,True,True,correct_accept,1.31009,0.046701,0.02179,0.024763,62,62
Kubernetes---kb_420_Normalized.json,Kubernetes---kb_420_Normalized.json::test_00001,invalid,passed,False,True,correct_reject,1.31009,3.4e-05,1.6e-05,4e-06,26,5
Kubernetes---kb_420_Normalized.json,Kubernetes---kb_420_Normalized.json::test_00002,invalid,passed,False,True,correct_reject,1.31009,0.025102,0.011833,0.013173,60,49
Kubernetes---kb_420_Normalized.json,Kubernetes---kb_420_Normalized.json::test_00003,valid,passed,True,True,correct_accept,1.31009,0.045227,0.021227,0.023865,63,63
Kubernetes---kb_420_Normalized.json,Kubernetes---kb_420_Normalized.json::test_00004,invalid,passed,False,True,correct_reject,1.31009,0.025092,0.011844,0.013158,66,42
Kubernetes---kb_421_Normalized.json,Kubernetes---kb_421_Normalized.json::test_00000,valid,passed,True,True,correct_accept,1.44851,0.086492,0.040771,0.045569,58,58
Kubernetes---kb_421_Normalized.json,Kubernetes---kb_421_Normalized.json::test_00001,valid,passed,True,True,correct_accept,1.44851,0.080326,0.038331,0.041851,58,58
Kubernetes---kb_421_Normalized.json,Kubernetes---kb_421_Normalized.json::test_00002,invalid,passed,False,True,correct_reject,1.44851,0.001348,0.001112,0.000214,57,9
Kubernetes---kb_421_Normalized.json,Kubernetes---kb_421_Normalized.json::test_00003,invalid,passed,False,True,correct_reject,1.44851,0.000263,5.3e-05,0.000196,59,6
Kubernetes---kb_422_Normalized.json,Kubernetes---kb_422_Normalized.json::test_00000,valid,passed,True,True,correct_accept,1.40773,0.087811,0.040984,0.04667,58,58
Kubernetes---kb_422_Normalized.json,Kubernetes---kb_422_Normalized.json::test_00001,valid,passed,True,True,correct_accept,1.40773,0.076075,0.036335,0.039597,57,57
Kubernetes---kb_422_Normalized.json,Kubernetes---kb_422_Normalized.json::test_00002,invalid,passed,False,True,correct_reject,1.40773,0.001386,0.001135,0.000226,59,9
Kubernetes---kb_422_Normalized.json,Kubernetes---kb_422_Normalized.json::test_00003,invalid,passed,False,True,correct_reject,1.40773,0.00025,5.2e-05,0.000182,58,6
Kubernetes---kb_422_Normalized.json,Kubernetes---kb_422_Normalized.json::test_00004,invalid,passed,False,True,correct_reject,1.40773,0.000307,8.8e-05,0.0002,44,9
Kubernetes---kb_423_Normalized.json,Kubernetes---kb_423_Normalized.json::test_00000,valid,passed,True,True,correct_accept,0.436761,0.053821,0.024343,0.029395,20,20
Kubernetes---kb_423_Normalized.json,Kubernetes---kb_423_Normalized.json::test_00001,invalid,passed,False,True,correct_reject,0.436761,0.001239,0.001088,0.000133,19,5
Kubernetes---kb_423_Normalized.json,Kubernetes---kb_423_Normalized.json::test_00002,valid,passed,True,True,correct_accept,0.436761,0.025434,0.011448,0.013942,14,14
Kubernetes---kb_423_Normalized.json,Kubernetes---kb_423_Normalized.json::test_00003,invalid,passed,False,True,correct_reject,0.436761,0.001479,0.001313,0.00015,11,4
Kubernetes---kb_423_Normalized.json,Kubernetes---kb_423_Normalized.json::test_00004,invalid,passed,False,True,correct_reject,0.436761,0.000172,2.5e-05,0.00013,11,10
Kubernetes---kb_424_Normalized.json,Kubernetes---kb_424_Normalized.json::test_00000,valid,passed,True,True,correct_accept,0.423851,0.055134,0.02496,0.03009,20,20
Kubernetes---kb_424_Normalized.json,Kubernetes---kb_424_Normalized.json::test_00001,invalid,passed,False,True,correct_reject,0.423851,0.001258,0.0011,0.000141,19,5
Kubernetes---kb_424_Normalized.json,Kubernetes---kb_424_Normalized.json::test_00002,valid,passed,True,True,correct_accept,0.423851,0.022331,0.009748,0.012543,13,13
Kubernetes---kb_424_Normalized.json,Kubernetes---kb_424_Normalized.json::test_00003,invalid,passed,False,True,correct_reject,0.423851,0.001169,0.001017,0.000137,13,5
Kubernetes---kb_424_Normalized.json,Kubernetes---kb_424_Normalized.json::test_00004,invalid,passed,False,True,correct_reject,0.423851,0.000148,1.6e-05,0.000116,14,5
Kubernetes---kb_425_Normalized.json,Kubernetes---kb_425_Normalized.json::test_00000,valid,passed,True,True,correct_accept,1.3479,0.072476,0.032382,0.039973,43,43
Kubernetes---kb_425_Normalized.json,Kubernetes---kb_425_Normalized.json::test_00001,invalid,passed,False,True,correct_reject,1.3479,0.043574,0.020447,0.023035,41,33
Kubernetes---kb_425_Normalized.json,Kubernetes---kb_425_Normalized.json::test_00002,invalid,passed,False,True,correct_reject,1.3479,0.010264,0.003921,0.006313,28,12
Kubernetes---kb_426_Normalized.json,Kubernetes---kb_426_Normalized.json::test_00000,valid,passed,True,True,correct_accept,1.41718,0.067117,0.029441,0.037556,42,42
Kubernetes---kb_426_Normalized.json,Kubernetes---kb_426_Normalized.json::test_00001,valid,passed,True,True,correct_accept,1.41718,0.060993,0.02742,0.033458,42,42
Kubernetes---kb_426_Normalized.json,Kubernetes---kb_426_Normalized.json::test_00002,invalid,passed,False,True,correct_reject,1.41718,0.036176,0.016431,0.019668,42,33
Kubernetes---kb_426_Normalized.json,Kubernetes---kb_426_Normalized.json::test_00003,invalid,passed,False,True,correct_reject,1.41718,0.016995,0.007568,0.009372,39,24
Kubernetes---kb_427_Normalized.json,Kubernetes---kb_427_Normalized.json::test_00000,valid,passed,True,True,correct_accept,1.38732,0.064623,0.02958,0.034921,42,42
Kubernetes---kb_427_Normalized.json,Kubernetes---kb_427_Normalized.json::test_00001,invalid,passed,False,True,correct_reject,1.38732,0.03783,0.017935,0.019809,40,32
Kubernetes---kb_427_Normalized.json,Kubernetes---kb_427_Normalized.json::test_00002,invalid,passed,False,True,correct_reject,1.38732,0.000266,5.5e-05,0.000188,51,10
Kubernetes---kb_427_Normalized.json,Kubernetes---kb_427_Normalized.json::test_00003,invalid,passed,False,True,correct_reject,1.38732,0.009545,0.004298,0.005208,33,15
Kubernetes---kb_428_Normalized.json,Kubernetes---kb_428_Normalized.json::test_00000,valid,passed,True,True,correct_accept,2.66863,0.130699,0.061323,0.069112,106,106
Kubernetes---kb_428_Normalized.json,Kubernetes---kb_428_Normalized.json::test_00001,valid,passed,True,True,correct_accept,2.66863,0.085982,0.040347,0.045448,80,80
Kubernetes---kb_428_Normalized.json,Kubernetes---kb_428_Normalized.json::test_00002,invalid,passed,False,True,correct_reject,2.66863,2.2e-05,5e-06,3e-06,6,4
Kubernetes---kb_428_Normalized.json,Kubernetes---kb_428_Normalized.json::test_00003,invalid,passed,False,True,correct_reject,2.66863,2.1e-05,5e-06,3e-06,31,5
Kubernetes---kb_429_Normalized.json,Kubernetes---kb_429_Normalized.json::test_00000,valid,passed,True,True,correct_accept,2.58839,0.087523,0.04097,0.046361,80,80
Kubernetes---kb_429_Normalized.json,Kubernetes---kb_429_Normalized.json::test_00001,valid,passed,True,True,correct_accept,2.58839,0.206722,0.09748,0.108914,128,128
Kubernetes---kb_429_Normalized.json,Kubernetes---kb_429_Normalized.json::test_00002,invalid,passed,False,True,correct_reject,2.58839,2.1e-05,4e-06,4e-06,7,5
Kubernetes---kb_429_Normalized.json,Kubernetes---kb_429_Normalized.json::test_00003,invalid,passed,False,True,correct_reject,2.58839,0.17588,0.080393,0.09519,163,101
Kubernetes---kb_42_Normalized.json,Kubernetes---kb_42_Normalized.json::test_00000,valid,passed,True,True,correct_accept,0.475686,0.042598,0.01939,0.023141,18,18
Kubernetes---kb_42_Normalized.json,Kubernetes---kb_42_Normalized.json::test_00001,invalid,passed,False,True,correct_reject,0.475686,0.00126,0.001099,0.000143,15,6
Kubernetes---kb_42_Normalized.json,Kubernetes---kb_42_Normalized.json::test_00002,invalid,passed,False,True,correct_reject,0.475686,0.021453,0.010113,0.011295,16,15
Kubernetes---kb_42_Normalized.json,Kubernetes---kb_42_Normalized.json::test_00003,valid,passed,True,True,correct_accept,0.475686,0.033069,0.015361,0.01766,17,17
Kubernetes---kb_42_Normalized.json,Kubernetes---kb_42_Normalized.json::test_00004,invalid,passed,False,True,correct_reject,0.475686,0.001045,0.001031,4e-06,16,2
Kubernetes---kb_42_Normalized.json,Kubernetes---kb_42_Normalized.json::test_00005,invalid,passed,False,True,correct_reject,0.475686,1.4e-05,5e-06,2e-06,15,2
Kubernetes---kb_430_Normalized.json,Kubernetes---kb_430_Normalized.json::test_00000,valid,passed,True,True,correct_accept,2.58597,0.086697,0.040415,0.046101,74,74
Kubernetes---kb_430_Normalized.json,Kubernetes---kb_430_Normalized.json::test_00001,valid,passed,True,True,correct_accept,2.58597,0.132505,0.059966,0.072298,80,80
Kubernetes---kb_430_Normalized.json,Kubernetes---kb_430_Normalized.json::test_00002,invalid,passed,False,True,correct_reject,2.58597,2e-05,5e-06,4e-06,6,4
Kubernetes---kb_431_Normalized.json,Kubernetes---kb_431_Normalized.json::test_00000,valid,passed,True,True,correct_accept,0.3212,0.000498,0.000139,0.00032,12,12
Kubernetes---kb_431_Normalized.json,Kubernetes---kb_431_Normalized.json::test_00001,invalid,passed,False,True,correct_reject,0.3212,0.000282,6.7e-05,0.000192,12,10
Kubernetes---kb_431_Normalized.json,Kubernetes---kb_431_Normalized.json::test_00002,invalid,passed,False,True,correct_reject,0.3212,0.000272,6.5e-05,0.000185,12,10
Kubernetes---kb_431_Normalized.json,Kubernetes---kb_431_Normalized.json::test_00003,valid,passed,True,True,correct_accept,0.3212,0.000343,9.5e-05,0.000224,12,12
Kubernetes---kb_431_Normalized.json,Kubernetes---kb_431_Normalized.json::test_00004,invalid,passed,False,True,correct_reject,0.3212,8e-05,5.3e-05,8e-06,12,2
Kubernetes---kb_432_Normalized.json,Kubernetes---kb_432_Normalized.json::test_00000,valid,passed,True,True,correct_accept,0.329348,0.000361,8.9e-05,0.000242,12,12
Kubernetes---kb_432_Normalized.json,Kubernetes---kb_432_Normalized.json::test_00001,invalid,passed,False,True,correct_reject,0.329348,0.00028,6.8e-05,0.000186,12,10
Kubernetes---kb_432_Normalized.json,Kubernetes---kb_432_Normalized.json::test_00002,invalid,passed,False,True,correct_reject,0.329348,0.000282,6.6e-05,0.000193,12,10
Kubernetes---kb_432_Normalized.json,Kubernetes---kb_432_Normalized.json::test_00003,invalid,passed,False,True,correct_reject,0.329348,0.000159,2.3e-05,0.000124,12,4
Kubernetes---kb_432_Normalized.json,Kubernetes---kb_432_Normalized.json::test_00004,valid,passed,True,True,correct_accept,0.329348,0.000351,9.6e-05,0.000229,12,12
Kubernetes---kb_432_Normalized.json,Kubernetes---kb_432_Normalized.json::test_00005,invalid,passed,False,True,correct_reject,0.329348,2.7e-05,1.6e-05,2e-06,12,2
Kubernetes---kb_433_Normalized.json,Kubernetes---kb_433_Normalized.json::test_00000,valid,passed,True,True,correct_accept,0.30268,0.000365,8.8e-05,0.000246,12,12
Kubernetes---kb_433_Normalized.json,Kubernetes---kb_433_Normalized.json::test_00001,invalid,passed,False,True,correct_reject,0.30268,0.00017,2.3e-05,0.000132,12,4
Kubernetes---kb_433_Normalized.json,Kubernetes---kb_433_Normalized.json::test_00002,invalid,passed,False,True,correct_reject,0.30268,0.000326,7.6e-05,0.000224,12,10
Kubernetes---kb_433_Normalized.json,Kubernetes---kb_433_Normalized.json::test_00003,valid,passed,True,True,correct_accept,0.30268,0.00035,9.4e-05,0.000231,12,12
Kubernetes---kb_433_Normalized.json,Kubernetes---kb_433_Normalized.json::test_00004,invalid,passed,False,True,correct_reject,0.30268,2.7e-05,1.8e-05,2e-06,11,2
Kubernetes---kb_434_Normalized.json,Kubernetes---kb_434_Normalized.json::test_00000,valid,passed,True,True,correct_accept,1.57757,0.205966,0.095105,0.110602,86,86
Kubernetes---kb_434_Normalized.json,Kubernetes---kb_434_Normalized.json::test_00001,invalid,passed,False,True,correct_reject,1.57757,0.001275,0.001118,0.000138,75,6
Kubernetes---kb_434_Normalized.json,Kubernetes---kb_434_Normalized.json::test_00002,invalid,passed,False,True,correct_reject,1.57757,0.145175,0.066683,0.078288,86,70
Kubernetes---kb_435_Normalized.json,Kubernetes---kb_435_Normalized.json::test_00000,valid,passed,True,True,correct_accept,1.60009,0.214799,0.099614,0.11492,89,89
Kubernetes---kb_435_Normalized.json,Kubernetes---kb_435_Normalized.json::test_00001,invalid,passed,False,True,correct_reject,1.60009,0.001231,0.001074,0.000138,78,6
Kubernetes---kb_435_Normalized.json,Kubernetes---kb_435_Normalized.json::test_00002,invalid,passed,False,True,correct_reject,1.60009,0.158911,0.072634,0.086068,89,73
Kubernetes---kb_435_Normalized.json,Kubernetes---kb_435_Normalized.json::test_00003,invalid,passed,False,True,correct_reject,1.60009,0.00015,1.6e-05,0.000117,77,6
Kubernetes---kb_435_Normalized.json,Kubernetes---kb_435_Normalized.json::test_00004,invalid,passed,False,True,correct_reject,1.60009,0.000153,1.5e-05,0.000122,80,6
Kubernetes---kb_435_Normalized.json,Kubernetes---kb_435_Normalized.json::test_00005,invalid,passed,False,True,correct_reject,1.60009,0.000154,1.6e-05,0.00012,80,6
Kubernetes---kb_436_Normalized.json,Kubernetes---kb_436_Normalized.json::test_00000,valid,failed,False,True,over_constraint,39.8889,0.065433,0.030897,0.034381,131,64
Kubernetes---kb_436_Normalized.json,Kubernetes---kb_436_Normalized.json::test_00001,valid,failed,False,True,over_constraint,39.8889,0.064827,0.030839,0.033845,111,64
Kubernetes---kb_436_Normalized.json,Kubernetes---kb_436_Normalized.json::test_00002,invalid,passed,False,True,correct_reject,39.8889,0.0296,0.014196,0.015319,107,37
Kubernetes---kb_437_Normalized.json,Kubernetes---kb_437_Normalized.json::test_00000,valid,failed,False,True,over_constraint,39.7478,0.071695,0.033436,0.038086,137,69
Kubernetes---kb_437_Normalized.json,Kubernetes---kb_437_Normalized.json::test_00001,valid,failed,False,True,over_constraint,39.7478,0.064147,0.030537,0.033454,136,69
Kubernetes---kb_437_Normalized.json,Kubernetes---kb_437_Normalized.json::test_00002,invalid,passed,False,True,correct_reject,39.7478,0.07743,0.036905,0.040358,147,72
Kubernetes---kb_438_Normalized.json,Kubernetes---kb_438_Normalized.json::test_00000,valid,failed,False,True,over_constraint,40.9758,0.161003,0.074856,0.085903,151,84
Kubernetes---kb_438_Normalized.json,Kubernetes---kb_438_Normalized.json::test_00001,valid,failed,False,True,over_constraint,40.9758,0.111334,0.052805,0.058337,136,69
Kubernetes---kb_438_Normalized.json,Kubernetes---kb_438_Normalized.json::test_00002,invalid,passed,False,True,correct_reject,40.9758,0.111288,0.052711,0.058392,127,69
Kubernetes---kb_439_Normalized.json,Kubernetes---kb_439_Normalized.json::test_00000,valid,passed,True,True,correct_accept,1.00663,0.040092,0.017874,0.022137,24,24
Kubernetes---kb_439_Normalized.json,Kubernetes---kb_439_Normalized.json::test_00001,invalid,passed,False,True,correct_reject,1.00663,0.039514,0.019741,0.019694,34,28
Kubernetes---kb_439_Normalized.json,Kubernetes---kb_439_Normalized.json::test_00002,invalid,passed,False,True,correct_reject,1.00663,0.000173,1.9e-05,0.00014,16,5
Kubernetes---kb_439_Normalized.json,Kubernetes---kb_439_Normalized.json::test_00003,invalid,passed,False,True,correct_reject,1.00663,0.027703,0.013002,0.014631,46,27
Kubernetes---kb_43_Normalized.json,Kubernetes---kb_43_Normalized.json::test_00000,valid,passed,True,True,correct_accept,33.1276,0.138737,0.065767,0.072708,103,103
Kubernetes---kb_43_Normalized.json,Kubernetes---kb_43_Normalized.json::test_00001,invalid,passed,False,True,correct_reject,33.1276,2.4e-05,4e-06,5e-06,94,6
Kubernetes---kb_43_Normalized.json,Kubernetes---kb_43_Normalized.json::test_00002,invalid,passed,False,True,correct_reject,33.1276,4.7e-05,5e-06,5e-06,102,21
Kubernetes---kb_43_Normalized.json,Kubernetes---kb_43_Normalized.json::test_00003,valid,passed,True,True,correct_accept,33.1276,0.145311,0.067757,0.07724,121,121
Kubernetes---kb_43_Normalized.json,Kubernetes---kb_43_Normalized.json::test_00004,invalid,passed,False,True,correct_reject,33.1276,0.000186,1.4e-05,0.000118,125,31
Kubernetes---kb_440_Normalized.json,Kubernetes---kb_440_Normalized.json::test_00000,valid,passed,True,True,correct_accept,1.01804,0.039971,0.017774,0.022119,24,24
Kubernetes---kb_440_Normalized.json,Kubernetes---kb_440_Normalized.json::test_00001,invalid,passed,False,True,correct_reject,1.01804,0.037308,0.017774,0.019454,37,29
Kubernetes---kb_440_Normalized.json,Kubernetes---kb_440_Normalized.json::test_00002,invalid,passed,False,True,correct_reject,1.01804,0.036219,0.016737,0.019405,39,29
Kubernetes---kb_440_Normalized.json,Kubernetes---kb_440_Normalized.json::test_00003,invalid,passed,False,True,correct_reject,1.01804,0.010077,0.004523,0.005514,24,15
Kubernetes---kb_441_Normalized.json,Kubernetes---kb_441_Normalized.json::test_00000,valid,passed,True,True,correct_accept,1.06848,0.041051,0.018184,0.022789,24,24
Kubernetes---kb_441_Normalized.json,Kubernetes---kb_441_Normalized.json::test_00001,invalid,passed,False,True,correct_reject,1.06848,0.037881,0.017987,0.019817,30,29
Kubernetes---kb_441_Normalized.json,Kubernetes---kb_441_Normalized.json::test_00002,invalid,passed,False,True,correct_reject,1.06848,0.000171,1.7e-05,0.000135,24,9
Kubernetes---kb_442_Normalized.json,Kubernetes---kb_442_Normalized.json::test_00000,valid,failed,False,True,over_constraint,31.8917,0.0347,0.016315,0.018279,112,44
Kubernetes---kb_442_Normalized.json,Kubernetes---kb_442_Normalized.json::test_00001,invalid,passed,False,True,correct_reject,31.8917,0.033938,0.016325,0.017507,109,44
Kubernetes---kb_442_Normalized.json,Kubernetes---kb_442_Normalized.json::test_00002,invalid,passed,False,True,correct_reject,31.8917,0.033662,0.016006,0.017559,109,44
Kubernetes---kb_442_Normalized.json,Kubernetes---kb_442_Normalized.json::test_00003,valid,passed,True,True,correct_accept,31.8917,0.179315,0.083897,0.09514,102,102
Kubernetes---kb_442_Normalized.json,Kubernetes---kb_442_Normalized.json::test_00004,invalid,passed,False,True,correct_reject,31.8917,0.159501,0.074638,0.084602,99,98
Kubernetes---kb_442_Normalized.json,Kubernetes---kb_442_Normalized.json::test_00005,invalid,passed,False,True,correct_reject,31.8917,0.136215,0.063438,0.072543,99,89
Kubernetes---kb_443_Normalized.json,Kubernetes---kb_443_Normalized.json::test_00000,valid,failed,False,True,over_constraint,32.5733,0.081781,0.038549,0.043096,112,44
Kubernetes---kb_443_Normalized.json,Kubernetes---kb_443_Normalized.json::test_00001,invalid,passed,False,True,correct_reject,32.5733,0.00015,1.2e-05,0.000121,103,6
Kubernetes---kb_443_Normalized.json,Kubernetes---kb_443_Normalized.json::test_00002,invalid,passed,False,True,correct_reject,32.5733,0.247377,0.114943,0.132114,108,107
Kubernetes---kb_443_Normalized.json,Kubernetes---kb_443_Normalized.json::test_00003,invalid,passed,False,True,correct_reject,32.5733,0.088433,0.041471,0.046834,109,44
Kubernetes---kb_443_Normalized.json,Kubernetes---kb_443_Normalized.json::test_00004,valid,passed,True,True,correct_accept,32.5733,0.271163,0.125945,0.14488,111,111
Kubernetes---kb_443_Normalized.json,Kubernetes---kb_443_Normalized.json::test_00005,invalid,passed,False,True,correct_reject,32.5733,0.170508,0.079869,0.090407,78,76
Kubernetes---kb_443_Normalized.json,Kubernetes---kb_443_Normalized.json::test_00006,invalid,passed,False,True,correct_reject,32.5733,0.090388,0.042588,0.047664,109,44
Kubernetes---kb_444_Normalized.json,Kubernetes---kb_444_Normalized.json::test_00000,valid,passed,True,True,correct_accept,56.1705,0.305746,0.141851,0.163454,158,158
Kubernetes---kb_444_Normalized.json,Kubernetes---kb_444_Normalized.json::test_00001,invalid,passed,False,True,correct_reject,56.1705,0.149245,0.069557,0.079439,137,91
Kubernetes---kb_444_Normalized.json,Kubernetes---kb_444_Normalized.json::test_00002,invalid,passed,False,True,correct_reject,56.1705,0.161535,0.074824,0.086439,149,99
Kubernetes---kb_444_Normalized.json,Kubernetes---kb_444_Normalized.json::test_00003,invalid,passed,False,True,correct_reject,56.1705,0.20053,0.09324,0.106981,155,120
Kubernetes---kb_444_Normalized.json,Kubernetes---kb_444_Normalized.json::test_00004,valid,passed,True,True,correct_accept,56.1705,0.236468,0.109681,0.126426,145,145
Kubernetes---kb_444_Normalized.json,Kubernetes---kb_444_Normalized.json::test_00005,invalid,passed,False,True,correct_reject,56.1705,0.102219,0.048123,0.053902,123,80
Kubernetes---kb_444_Normalized.json,Kubernetes---kb_444_Normalized.json::test_00006,invalid,passed,False,True,correct_reject,56.1705,0.072222,0.033904,0.038168,171,63
Kubernetes---kb_444_Normalized.json,Kubernetes---kb_444_Normalized.json::test_00007,invalid,passed,False,True,correct_reject,56.1705,0.140844,0.065841,0.074751,105,100
Kubernetes---kb_445_Normalized.json,Kubernetes---kb_445_Normalized.json::test_00000,valid,passed,True,True,correct_accept,56.0836,0.300561,0.140264,0.159872,156,156
Kubernetes---kb_445_Normalized.json,Kubernetes---kb_445_Normalized.json::test_00001,invalid,passed,False,True,correct_reject,56.0836,0.155589,0.073806,0.081565,135,80
Kubernetes---kb_445_Normalized.json,Kubernetes---kb_445_Normalized.json::test_00002,invalid,passed,False,True,correct_reject,56.0836,0.17762,0.082378,0.094979,147,88
Kubernetes---kb_445_Normalized.json,Kubernetes---kb_445_Normalized.json::test_00003,invalid,passed,False,True,correct_reject,56.0836,0.201912,0.093495,0.108144,154,100
Kubernetes---kb_445_Normalized.json,Kubernetes---kb_445_Normalized.json::test_00004,valid,passed,True,True,correct_accept,56.0836,0.30577,0.140521,0.16484,145,145
Kubernetes---kb_445_Normalized.json,Kubernetes---kb_445_Normalized.json::test_00005,invalid,passed,False,True,correct_reject,56.0836,0.001157,0.001013,0.000126,136,6
Kubernetes---kb_445_Normalized.json,Kubernetes---kb_445_Normalized.json::test_00006,invalid,passed,False,True,correct_reject,56.0836,0.252477,0.117305,0.134798,227,136
Kubernetes---kb_446_Normalized.json,Kubernetes---kb_446_Normalized.json::test_00000,valid,passed,True,True,correct_accept,0.844095,0.097757,0.043257,0.054359,39,39
Kubernetes---kb_446_Normalized.json,Kubernetes---kb_446_Normalized.json::test_00001,invalid,passed,False,True,correct_reject,0.844095,0.001391,0.00122,0.000152,33,5
Kubernetes---kb_446_Normalized.json,Kubernetes---kb_446_Normalized.json::test_00002,invalid,passed,False,True,correct_reject,0.844095,0.048544,0.022242,0.026227,30,25
Kubernetes---kb_446_Normalized.json,Kubernetes---kb_446_Normalized.json::test_00003,invalid,passed,False,True,correct_reject,0.844095,0.048935,0.022275,0.026576,36,28
Kubernetes---kb_446_Normalized.json,Kubernetes---kb_446_Normalized.json::test_00004,valid,passed,True,True,correct_accept,0.844095,0.105044,0.047543,0.05736,44,44
Kubernetes---kb_446_Normalized.json,Kubernetes---kb_446_Normalized.json::test_00005,invalid,passed,False,True,correct_reject,0.844095,0.00126,0.001091,0.000154,38,5
Kubernetes---kb_446_Normalized.json,Kubernetes---kb_446_Normalized.json::test_00006,invalid,passed,False,True,correct_reject,0.844095,0.064312,0.029006,0.035213,35,29
Kubernetes---kb_447_Normalized.json,Kubernetes---kb_447_Normalized.json::test_00000,valid,passed,True,True,correct_accept,0.818226,0.112801,0.051536,0.061092,44,44
Kubernetes---kb_447_Normalized.json,Kubernetes---kb_447_Normalized.json::test_00001,invalid,passed,False,True,correct_reject,0.818226,0.001231,0.001068,0.000146,38,5
Kubernetes---kb_447_Normalized.json,Kubernetes---kb_447_Normalized.json::test_00002,invalid,passed,False,True,correct_reject,0.818226,0.065447,0.029901,0.035452,35,29
Kubernetes---kb_448_Normalized.json,Kubernetes---kb_448_Normalized.json::test_00000,valid,failed,False,True,over_constraint,62.4108,0.079283,0.037976,0.04114,157,66
Kubernetes---kb_449_Normalized.json,Kubernetes---kb_449_Normalized.json::test_00000,valid,failed,False,True,over_constraint,64.3002,0.162611,0.073697,0.08862,159,93
Kubernetes---kb_449_Normalized.json,Kubernetes---kb_449_Normalized.json::test_00001,valid,failed,False,True,over_constraint,64.3002,0.092095,0.043641,0.048261,142,76
Kubernetes---kb_449_Normalized.json,Kubernetes---kb_449_Normalized.json::test_00002,invalid,passed,False,True,correct_reject,64.3002,0.077853,0.036905,0.040777,161,70
Kubernetes---kb_44_Normalized.json,Kubernetes---kb_44_Normalized.json::test_00000,valid,passed,True,True,correct_accept,32.9473,0.187188,0.088832,0.098076,103,103
Kubernetes---kb_44_Normalized.json,Kubernetes---kb_44_Normalized.json::test_00001,invalid,passed,False,True,correct_reject,32.9473,0.000161,1.3e-05,0.000131,94,6
Kubernetes---kb_44_Normalized.json,Kubernetes---kb_44_Normalized.json::test_00002,invalid,passed,False,True,correct_reject,32.9473,0.048028,0.022787,0.025158,102,21
Kubernetes---kb_44_Normalized.json,Kubernetes---kb_44_Normalized.json::test_00003,invalid,passed,False,True,correct_reject,32.9473,0.152895,0.071731,0.080943,84,75
Kubernetes---kb_44_Normalized.json,Kubernetes---kb_44_Normalized.json::test_00004,valid,passed,True,True,correct_accept,32.9473,0.169854,0.080379,0.089172,117,117
Kubernetes---kb_44_Normalized.json,Kubernetes---kb_44_Normalized.json::test_00005,invalid,passed,False,True,correct_reject,32.9473,0.044779,0.021142,0.023572,116,21
Kubernetes---kb_451_Normalized.json,Kubernetes---kb_451_Normalized.json::test_00000,valid,passed,True,True,correct_accept,2.80716,0.078004,0.036893,0.040937,75,75
Kubernetes---kb_451_Normalized.json,Kubernetes---kb_451_Normalized.json::test_00001,valid,passed,True,True,correct_accept,2.80716,0.097961,0.046308,0.051447,84,84
Kubernetes---kb_451_Normalized.json,Kubernetes---kb_451_Normalized.json::test_00002,invalid,passed,False,True,correct_reject,2.80716,0.000158,1.5e-05,0.000129,83,5
Kubernetes---kb_451_Normalized.json,Kubernetes---kb_451_Normalized.json::test_00003,invalid,passed,False,True,correct_reject,2.80716,0.014704,0.006853,0.007814,82,15
Kubernetes---kb_452_Normalized.json,Kubernetes---kb_452_Normalized.json::test_00000,valid,passed,True,True,correct_accept,2.80108,0.080544,0.038077,0.042273,75,75
Kubernetes---kb_452_Normalized.json,Kubernetes---kb_452_Normalized.json::test_00001,valid,passed,True,True,correct_accept,2.80108,0.115718,0.054642,0.060857,87,87
Kubernetes---kb_452_Normalized.json,Kubernetes---kb_452_Normalized.json::test_00002,invalid,passed,False,True,correct_reject,2.80108,0.000162,1.4e-05,0.000135,86,5
Kubernetes---kb_452_Normalized.json,Kubernetes---kb_452_Normalized.json::test_00003,invalid,passed,False,True,correct_reject,2.80108,0.070297,0.032506,0.037645,79,62
Kubernetes---kb_453_Normalized.json,Kubernetes---kb_453_Normalized.json::test_00000,valid,passed,True,True,correct_accept,2.83471,0.127207,0.060037,0.066937,90,90
Kubernetes---kb_453_Normalized.json,Kubernetes---kb_453_Normalized.json::test_00001,valid,passed,True,True,correct_accept,2.83471,0.099185,0.046977,0.052001,84,84
Kubernetes---kb_453_Normalized.json,Kubernetes---kb_453_Normalized.json::test_00002,invalid,passed,False,True,correct_reject,2.83471,0.000164,1.4e-05,0.000136,83,5
Kubernetes---kb_453_Normalized.json,Kubernetes---kb_453_Normalized.json::test_00003,invalid,passed,False,True,correct_reject,2.83471,0.039668,0.01887,0.020697,74,43
Kubernetes---kb_454_Normalized.json,Kubernetes---kb_454_Normalized.json::test_00000,valid,failed,False,True,over_constraint,4.86951,0.070204,0.031376,0.038684,96,54
Kubernetes---kb_454_Normalized.json,Kubernetes---kb_454_Normalized.json::test_00001,valid,failed,False,True,over_constraint,4.86951,0.034135,0.015723,0.018328,74,34
Kubernetes---kb_454_Normalized.json,Kubernetes---kb_454_Normalized.json::test_00002,invalid,passed,False,True,correct_reject,4.86951,0.001166,0.001005,0.000143,74,7
Kubernetes---kb_454_Normalized.json,Kubernetes---kb_454_Normalized.json::test_00003,invalid,passed,False,True,correct_reject,4.86951,0.031609,0.014169,0.01736,78,34
Kubernetes---kb_454_Normalized.json,Kubernetes---kb_454_Normalized.json::test_00004,invalid,passed,False,True,correct_reject,4.86951,0.020716,0.009578,0.011071,68,27
Kubernetes---kb_455_Normalized.json,Kubernetes---kb_455_Normalized.json::test_00000,valid,failed,False,True,over_constraint,4.92047,0.066675,0.030751,0.035779,96,54
Kubernetes---kb_455_Normalized.json,Kubernetes---kb_455_Normalized.json::test_00001,valid,failed,False,True,over_constraint,4.92047,0.034258,0.015814,0.018356,76,34
Kubernetes---kb_455_Normalized.json,Kubernetes---kb_455_Normalized.json::test_00002,invalid,passed,False,True,correct_reject,4.92047,0.001178,0.001015,0.000146,75,7
Kubernetes---kb_455_Normalized.json,Kubernetes---kb_455_Normalized.json::test_00003,invalid,passed,False,True,correct_reject,4.92047,0.000275,3.5e-05,0.000213,76,7
Kubernetes---kb_456_Normalized.json,Kubernetes---kb_456_Normalized.json::test_00000,valid,failed,False,True,over_constraint,4.92949,0.038104,0.015571,0.022421,82,30
Kubernetes---kb_456_Normalized.json,Kubernetes---kb_456_Normalized.json::test_00001,valid,failed,False,True,over_constraint,4.92949,0.02457,0.0117,0.012792,80,30
Kubernetes---kb_457_Normalized.json,Kubernetes---kb_457_Normalized.json::test_00000,valid,passed,True,True,correct_accept,0.917783,0.053599,0.02461,0.028897,29,29
Kubernetes---kb_457_Normalized.json,Kubernetes---kb_457_Normalized.json::test_00001,invalid,passed,False,True,correct_reject,0.917783,0.000161,1.3e-05,0.000122,28,13
Kubernetes---kb_457_Normalized.json,Kubernetes---kb_457_Normalized.json::test_00002,valid,passed,True,True,correct_accept,0.917783,0.088601,0.041512,0.046965,41,41
Kubernetes---kb_457_Normalized.json,Kubernetes---kb_457_Normalized.json::test_00003,invalid,passed,False,True,correct_reject,0.917783,0.016621,0.007583,0.008988,42,17
Kubernetes---kb_458_Normalized.json,Kubernetes---kb_458_Normalized.json::test_00000,valid,passed,True,True,correct_accept,0.925549,0.104772,0.050184,0.054445,48,48
Kubernetes---kb_458_Normalized.json,Kubernetes---kb_458_Normalized.json::test_00001,invalid,passed,False,True,correct_reject,0.925549,0.015107,0.00721,0.007842,41,19
Kubernetes---kb_458_Normalized.json,Kubernetes---kb_458_Normalized.json::test_00002,valid,passed,True,True,correct_accept,0.925549,0.054705,0.026645,0.027971,29,29
Kubernetes---kb_458_Normalized.json,Kubernetes---kb_458_Normalized.json::test_00003,invalid,passed,False,True,correct_reject,0.925549,0.000175,1.4e-05,0.000134,29,13
Kubernetes---kb_459_Normalized.json,Kubernetes---kb_459_Normalized.json::test_00000,valid,passed,True,True,correct_accept,0.921607,0.111396,0.051884,0.059354,50,50
Kubernetes---kb_459_Normalized.json,Kubernetes---kb_459_Normalized.json::test_00001,invalid,passed,False,True,correct_reject,0.921607,0.014487,0.006789,0.00765,46,20
Kubernetes---kb_459_Normalized.json,Kubernetes---kb_459_Normalized.json::test_00002,valid,passed,True,True,correct_accept,0.921607,0.08897,0.041347,0.047499,41,41
Kubernetes---kb_459_Normalized.json,Kubernetes---kb_459_Normalized.json::test_00003,invalid,passed,False,True,correct_reject,0.921607,0.000163,1.3e-05,0.000122,29,13
Kubernetes---kb_45_Normalized.json,Kubernetes---kb_45_Normalized.json::test_00000,valid,failed,False,True,over_constraint,56.7437,0.132363,0.062019,0.070094,152,101
Kubernetes---kb_45_Normalized.json,Kubernetes---kb_45_Normalized.json::test_00001,invalid,passed,False,True,correct_reject,56.7437,0.131574,0.061869,0.069462,150,101
Kubernetes---kb_45_Normalized.json,Kubernetes---kb_45_Normalized.json::test_00002,invalid,passed,False,True,correct_reject,56.7437,0.130856,0.060904,0.069732,160,90
Kubernetes---kb_45_Normalized.json,Kubernetes---kb_45_Normalized.json::test_00003,invalid,passed,False,True,correct_reject,56.7437,0.125956,0.060308,0.065411,159,101
Kubernetes---kb_45_Normalized.json,Kubernetes---kb_45_Normalized.json::test_00004,invalid,passed,False,True,correct_reject,56.7437,4.8e-05,5e-06,6e-06,55,21
Kubernetes---kb_460_Normalized.json,Kubernetes---kb_460_Normalized.json::test_00000,valid,passed,True,True,correct_accept,0.627932,0.043255,0.019043,0.024137,20,20
Kubernetes---kb_460_Normalized.json,Kubernetes---kb_460_Normalized.json::test_00001,invalid,passed,False,True,correct_reject,0.627932,0.013462,0.006821,0.006609,23,9
Kubernetes---kb_460_Normalized.json,Kubernetes---kb_460_Normalized.json::test_00002,invalid,passed,False,True,correct_reject,0.627932,0.012406,0.005752,0.006625,18,9
Kubernetes---kb_460_Normalized.json,Kubernetes---kb_460_Normalized.json::test_00003,valid,passed,True,True,correct_accept,0.627932,0.047029,0.021623,0.025338,22,22
Kubernetes---kb_460_Normalized.json,Kubernetes---kb_460_Normalized.json::test_00004,invalid,passed,False,True,correct_reject,0.627932,0.000978,0.000961,5e-06,17,4
Kubernetes---kb_460_Normalized.json,Kubernetes---kb_460_Normalized.json::test_00005,invalid,passed,False,True,correct_reject,0.627932,0.012519,0.005723,0.006768,21,9
Kubernetes---kb_461_Normalized.json,Kubernetes---kb_461_Normalized.json::test_00000,valid,passed,True,True,correct_accept,0.622637,0.045804,0.020822,0.024912,20,20
Kubernetes---kb_461_Normalized.json,Kubernetes---kb_461_Normalized.json::test_00001,invalid,passed,False,True,correct_reject,0.622637,0.001218,0.001064,0.000134,19,5
Kubernetes---kb_461_Normalized.json,Kubernetes---kb_461_Normalized.json::test_00002,invalid,passed,False,True,correct_reject,0.622637,0.013404,0.00629,0.007084,18,9
Kubernetes---kb_461_Normalized.json,Kubernetes---kb_461_Normalized.json::test_00003,valid,passed,True,True,correct_accept,0.622637,0.050323,0.023141,0.027113,22,22
Kubernetes---kb_461_Normalized.json,Kubernetes---kb_461_Normalized.json::test_00004,invalid,passed,False,True,correct_reject,0.622637,0.029535,0.014459,0.015025,25,14
Kubernetes---kb_461_Normalized.json,Kubernetes---kb_461_Normalized.json::test_00005,invalid,passed,False,True,correct_reject,0.622637,0.02855,0.013621,0.014878,25,14
Kubernetes---kb_462_Normalized.json,Kubernetes---kb_462_Normalized.json::test_00000,valid,passed,True,True,correct_accept,0.641962,0.052375,0.023829,0.028457,22,22
Kubernetes---kb_462_Normalized.json,Kubernetes---kb_462_Normalized.json::test_00001,invalid,passed,False,True,correct_reject,0.641962,0.021383,0.010171,0.01117,20,9
Kubernetes---kb_462_Normalized.json,Kubernetes---kb_462_Normalized.json::test_00002,valid,passed,True,True,correct_accept,0.641962,0.040742,0.018305,0.022369,20,20
Kubernetes---kb_462_Normalized.json,Kubernetes---kb_462_Normalized.json::test_00003,invalid,passed,False,True,correct_reject,0.641962,0.013457,0.006846,0.00658,18,9
Kubernetes---kb_462_Normalized.json,Kubernetes---kb_462_Normalized.json::test_00004,invalid,passed,False,True,correct_reject,0.641962,0.000173,1.4e-05,0.000142,19,5
Kubernetes---kb_463_Normalized.json,Kubernetes---kb_463_Normalized.json::test_00000,valid,passed,True,True,correct_accept,0.320014,0.015149,0.005416,0.009702,7,7
Kubernetes---kb_463_Normalized.json,Kubernetes---kb_463_Normalized.json::test_00001,invalid,passed,False,True,correct_reject,0.320014,0.001182,0.001021,0.000144,6,5
Kubernetes---kb_464_Normalized.json,Kubernetes---kb_464_Normalized.json::test_00000,valid,passed,True,True,correct_accept,0.321175,0.018007,0.007351,0.010617,8,8
Kubernetes---kb_464_Normalized.json,Kubernetes---kb_464_Normalized.json::test_00001,invalid,passed,False,True,correct_reject,0.321175,0.001204,0.001046,0.00014,6,5
Kubernetes---kb_46_Normalized.json,Kubernetes---kb_46_Normalized.json::test_00000,valid,failed,False,True,over_constraint,54.8322,0.18158,0.084979,0.096338,162,95
Kubernetes---kb_46_Normalized.json,Kubernetes---kb_46_Normalized.json::test_00001,invalid,passed,False,True,correct_reject,54.8322,0.16952,0.078746,0.090525,162,95
Kubernetes---kb_471_Normalized.json,Kubernetes---kb_471_Normalized.json::test_00000,valid,passed,True,True,correct_accept,0.473682,0.139082,0.063255,0.075671,40,40
Kubernetes---kb_471_Normalized.json,Kubernetes---kb_471_Normalized.json::test_00001,invalid,passed,False,True,correct_reject,0.473682,0.001311,0.001104,0.000189,32,6
Kubernetes---kb_471_Normalized.json,Kubernetes---kb_471_Normalized.json::test_00002,valid,passed,True,True,correct_accept,0.473682,0.128243,0.058158,0.069937,40,40
Kubernetes---kb_471_Normalized.json,Kubernetes---kb_471_Normalized.json::test_00003,invalid,passed,False,True,correct_reject,0.473682,0.001213,0.00104,0.000156,33,6
Kubernetes---kb_472_Normalized.json,Kubernetes---kb_472_Normalized.json::test_00000,valid,passed,True,True,correct_accept,0.573949,0.12708,0.057424,0.069513,40,40
Kubernetes---kb_472_Normalized.json,Kubernetes---kb_472_Normalized.json::test_00001,invalid,passed,False,True,correct_reject,0.573949,0.001272,0.001102,0.000151,32,6
Kubernetes---kb_472_Normalized.json,Kubernetes---kb_472_Normalized.json::test_00002,valid,passed,True,True,correct_accept,0.573949,0.130868,0.059083,0.071643,40,40
Kubernetes---kb_472_Normalized.json,Kubernetes---kb_472_Normalized.json::test_00003,invalid,passed,False,True,correct_reject,0.573949,0.001253,0.001086,0.000149,32,6
Kubernetes---kb_473_Normalized.json,Kubernetes---kb_473_Normalized.json::test_00000,valid,passed,True,True,correct_accept,0.579583,0.128793,0.058532,0.070108,40,40
Kubernetes---kb_473_Normalized.json,Kubernetes---kb_473_Normalized.json::test_00001,invalid,passed,False,True,correct_reject,0.579583,0.001301,0.001136,0.000147,32,6
Kubernetes---kb_473_Normalized.json,Kubernetes---kb_473_Normalized.json::test_00002,valid,passed,True,True,correct_accept,0.579583,0.124879,0.056684,0.068055,40,40
Kubernetes---kb_473_Normalized.json,Kubernetes---kb_473_Normalized.json::test_00003,invalid,passed,False,True,correct_reject,0.579583,0.001191,0.001018,0.000156,33,6
Kubernetes---kb_474_Normalized.json,Kubernetes---kb_474_Normalized.json::test_00000,valid,passed,True,True,correct_accept,2.2602,0.339093,0.159604,0.179048,150,150
Kubernetes---kb_474_Normalized.json,Kubernetes---kb_474_Normalized.json::test_00001,invalid,passed,False,True,correct_reject,2.2602,0.001183,0.001158,8e-06,151,6
Kubernetes---kb_474_Normalized.json,Kubernetes---kb_474_Normalized.json::test_00002,invalid,passed,False,True,correct_reject,2.2602,3e-05,5e-06,7e-06,151,7
Kubernetes---kb_474_Normalized.json,Kubernetes---kb_474_Normalized.json::test_00003,invalid,passed,False,True,correct_reject,2.2602,0.169224,0.080331,0.088663,144,81
Kubernetes---kb_474_Normalized.json,Kubernetes---kb_474_Normalized.json::test_00004,valid,passed,True,True,correct_accept,2.2602,0.158789,0.074316,0.084255,76,76
Kubernetes---kb_475_Normalized.json,Kubernetes---kb_475_Normalized.json::test_00000,valid,passed,True,True,correct_accept,2.30264,0.331632,0.155764,0.175421,150,150
Kubernetes---kb_475_Normalized.json,Kubernetes---kb_475_Normalized.json::test_00001,invalid,passed,False,True,correct_reject,2.30264,0.001073,0.001049,8e-06,151,6
Kubernetes---kb_475_Normalized.json,Kubernetes---kb_475_Normalized.json::test_00002,invalid,passed,False,True,correct_reject,2.30264,0.164232,0.078229,0.085759,144,81
Kubernetes---kb_475_Normalized.json,Kubernetes---kb_475_Normalized.json::test_00003,invalid,passed,False,True,correct_reject,2.30264,0.252752,0.120099,0.132333,154,113
Kubernetes---kb_475_Normalized.json,Kubernetes---kb_475_Normalized.json::test_00004,invalid,passed,False,True,correct_reject,2.30264,0.164021,0.078219,0.085562,144,81
Kubernetes---kb_475_Normalized.json,Kubernetes---kb_475_Normalized.json::test_00005,valid,passed,True,True,correct_accept,2.30264,0.307203,0.144306,0.162496,144,144
Kubernetes---kb_475_Normalized.json,Kubernetes---kb_475_Normalized.json::test_00006,invalid,passed,False,True,correct_reject,2.30264,0.003654,0.003611,1.4e-05,145,2
Kubernetes---kb_475_Normalized.json,Kubernetes---kb_475_Normalized.json::test_00007,invalid,passed,False,True,correct_reject,2.30264,1.6e-05,5e-06,2e-06,142,2
Kubernetes---kb_476_Normalized.json,Kubernetes---kb_476_Normalized.json::test_00000,valid,failed,False,True,over_constraint,2.10229,0.126242,0.058949,0.067135,70,45
Kubernetes---kb_476_Normalized.json,Kubernetes---kb_476_Normalized.json::test_00001,invalid,passed,False,True,correct_reject,2.10229,0.125043,0.059124,0.065757,70,45
Kubernetes---kb_476_Normalized.json,Kubernetes---kb_476_Normalized.json::test_00002,invalid,passed,False,True,correct_reject,2.10229,0.077377,0.037448,0.039826,70,27
Kubernetes---kb_476_Normalized.json,Kubernetes---kb_476_Normalized.json::test_00003,invalid,passed,False,True,correct_reject,2.10229,0.122629,0.057336,0.065134,68,45
Kubernetes---kb_476_Normalized.json,Kubernetes---kb_476_Normalized.json::test_00004,invalid,passed,False,True,correct_reject,2.10229,0.119669,0.056595,0.062913,67,45
Kubernetes---kb_476_Normalized.json,Kubernetes---kb_476_Normalized.json::test_00005,valid,passed,True,True,correct_accept,2.10229,0.291288,0.138117,0.15277,138,138
Kubernetes---kb_476_Normalized.json,Kubernetes---kb_476_Normalized.json::test_00006,invalid,passed,False,True,correct_reject,2.10229,0.000986,0.000974,4e-06,141,2
Kubernetes---kb_476_Normalized.json,Kubernetes---kb_476_Normalized.json::test_00007,invalid,passed,False,True,correct_reject,2.10229,1.8e-05,6e-06,3e-06,127,2
Kubernetes---kb_477_Normalized.json,Kubernetes---kb_477_Normalized.json::test_00000,valid,passed,True,True,correct_accept,2.08356,0.295618,0.138337,0.156904,137,137
Kubernetes---kb_477_Normalized.json,Kubernetes---kb_477_Normalized.json::test_00001,invalid,passed,False,True,correct_reject,2.08356,0.001127,0.001103,8e-06,138,6
Kubernetes---kb_477_Normalized.json,Kubernetes---kb_477_Normalized.json::test_00002,invalid,passed,False,True,correct_reject,2.08356,0.138035,0.065656,0.072176,137,74
Kubernetes---kb_477_Normalized.json,Kubernetes---kb_477_Normalized.json::test_00003,invalid,passed,False,True,correct_reject,2.08356,0.228518,0.107881,0.120352,142,108
Kubernetes---kb_477_Normalized.json,Kubernetes---kb_477_Normalized.json::test_00004,invalid,passed,False,True,correct_reject,2.08356,0.136491,0.065266,0.071022,137,74
Kubernetes---kb_477_Normalized.json,Kubernetes---kb_477_Normalized.json::test_00005,valid,passed,True,True,correct_accept,2.08356,0.24096,0.112855,0.127817,98,98
Kubernetes---kb_477_Normalized.json,Kubernetes---kb_477_Normalized.json::test_00006,invalid,passed,False,True,correct_reject,2.08356,0.001177,0.00116,4e-06,100,2
Kubernetes---kb_477_Normalized.json,Kubernetes---kb_477_Normalized.json::test_00007,invalid,passed,False,True,correct_reject,2.08356,1.7e-05,5e-06,2e-06,73,2
Kubernetes---kb_478_Normalized.json,Kubernetes---kb_478_Normalized.json::test_00000,valid,passed,True,True,correct_accept,69.7573,0.043698,0.020562,0.023008,54,54
Kubernetes---kb_478_Normalized.json,Kubernetes---kb_478_Normalized.json::test_00001,valid,passed,True,True,correct_accept,69.7573,0.057529,0.027354,0.030021,69,69
Kubernetes---kb_479_Normalized.json,Kubernetes---kb_479_Normalized.json::test_00000,valid,passed,True,True,correct_accept,71.5852,0.07093,0.03372,0.037053,60,60
Kubernetes---kb_479_Normalized.json,Kubernetes---kb_479_Normalized.json::test_00001,valid,passed,True,True,correct_accept,71.5852,0.061412,0.029072,0.032212,54,54
Kubernetes---kb_47_Normalized.json,Kubernetes---kb_47_Normalized.json::test_00000,valid,passed,True,True,correct_accept,1.86399,0.106826,0.049551,0.057068,86,86
Kubernetes---kb_47_Normalized.json,Kubernetes---kb_47_Normalized.json::test_00001,valid,failed,False,True,over_constraint,1.86399,29.0415,13.4817,15.3304,6980,6948
Kubernetes---kb_480_Normalized.json,Kubernetes---kb_480_Normalized.json::test_00000,valid,passed,True,True,correct_accept,1.14652,0.166114,0.076816,0.089095,67,67
Kubernetes---kb_480_Normalized.json,Kubernetes---kb_480_Normalized.json::test_00001,invalid,passed,False,True,correct_reject,1.14652,0.116656,0.054643,0.06187,65,45
Kubernetes---kb_480_Normalized.json,Kubernetes---kb_480_Normalized.json::test_00002,invalid,passed,False,True,correct_reject,1.14652,0.13184,0.061304,0.070368,66,53
Kubernetes---kb_481_Normalized.json,Kubernetes---kb_481_Normalized.json::test_00000,valid,passed,True,True,correct_accept,1.13448,0.165937,0.076165,0.089538,67,67
Kubernetes---kb_481_Normalized.json,Kubernetes---kb_481_Normalized.json::test_00001,invalid,passed,False,True,correct_reject,1.13448,0.115489,0.05391,0.061426,65,45
Kubernetes---kb_481_Normalized.json,Kubernetes---kb_481_Normalized.json::test_00002,valid,passed,True,True,correct_accept,1.13448,0.167298,0.076502,0.090595,68,68
Kubernetes---kb_481_Normalized.json,Kubernetes---kb_481_Normalized.json::test_00003,invalid,passed,False,True,correct_reject,1.13448,0.001059,0.001044,5e-06,68,2
Kubernetes---kb_484_Normalized.json,Kubernetes---kb_484_Normalized.json::test_00000,valid,passed,True,True,correct_accept,144.263,0.104946,0.05071,0.05397,114,114
Kubernetes---kb_484_Normalized.json,Kubernetes---kb_484_Normalized.json::test_00001,valid,passed,True,True,correct_accept,144.263,0.10422,0.050748,0.053215,114,114
Kubernetes---kb_484_Normalized.json,Kubernetes---kb_484_Normalized.json::test_00002,invalid,passed,False,True,correct_reject,144.263,0.000134,2.6e-05,9.1e-05,114,6
Kubernetes---kb_484_Normalized.json,Kubernetes---kb_484_Normalized.json::test_00003,invalid,passed,False,True,correct_reject,144.263,0.000164,2.2e-05,0.000125,114,6
Kubernetes---kb_484_Normalized.json,Kubernetes---kb_484_Normalized.json::test_00004,invalid,passed,False,True,correct_reject,144.263,0.104219,0.050832,0.053143,115,112
Kubernetes---kb_485_Normalized.json,Kubernetes---kb_485_Normalized.json::test_00000,valid,passed,True,True,correct_accept,143.984,0.101538,0.047583,0.053709,114,114
Kubernetes---kb_485_Normalized.json,Kubernetes---kb_485_Normalized.json::test_00001,valid,passed,True,True,correct_accept,143.984,0.10085,0.047592,0.053007,114,114
Kubernetes---kb_485_Normalized.json,Kubernetes---kb_485_Normalized.json::test_00002,invalid,passed,False,True,correct_reject,143.984,0.000134,2.4e-05,9.4e-05,121,6
Kubernetes---kb_485_Normalized.json,Kubernetes---kb_485_Normalized.json::test_00003,invalid,passed,False,True,correct_reject,143.984,0.000253,5.1e-05,0.000184,116,8
Kubernetes---kb_485_Normalized.json,Kubernetes---kb_485_Normalized.json::test_00004,invalid,passed,False,True,correct_reject,143.984,0.000137,2.3e-05,9.8e-05,114,6
Kubernetes---kb_486_Normalized.json,Kubernetes---kb_486_Normalized.json::test_00000,valid,passed,True,True,correct_accept,2.82089,0.304656,0.138564,0.165671,127,127
Kubernetes---kb_486_Normalized.json,Kubernetes---kb_486_Normalized.json::test_00001,invalid,passed,False,True,correct_reject,2.82089,0.000553,8.3e-05,0.000432,127,4
Kubernetes---kb_486_Normalized.json,Kubernetes---kb_486_Normalized.json::test_00002,invalid,passed,False,True,correct_reject,2.82089,0.283604,0.132418,0.150822,129,127
Kubernetes---kb_487_Normalized.json,Kubernetes---kb_487_Normalized.json::test_00000,valid,passed,True,True,correct_accept,2.78483,0.29702,0.14598,0.15067,126,126
Kubernetes---kb_487_Normalized.json,Kubernetes---kb_487_Normalized.json::test_00001,invalid,passed,False,True,correct_reject,2.78483,0.000535,9.1e-05,0.000408,126,4
Kubernetes---kb_487_Normalized.json,Kubernetes---kb_487_Normalized.json::test_00002,invalid,passed,False,True,correct_reject,2.78483,0.249789,0.12472,0.124781,126,99
Kubernetes---kb_487_Normalized.json,Kubernetes---kb_487_Normalized.json::test_00003,invalid,passed,False,True,correct_reject,2.78483,0.249554,0.124501,0.124767,126,99
Kubernetes---kb_487_Normalized.json,Kubernetes---kb_487_Normalized.json::test_00004,valid,passed,True,True,correct_accept,2.78483,0.320239,0.159457,0.160411,127,127
Kubernetes---kb_487_Normalized.json,Kubernetes---kb_487_Normalized.json::test_00005,invalid,passed,False,True,correct_reject,2.78483,0.000185,2.8e-05,0.000145,156,4
Kubernetes---kb_487_Normalized.json,Kubernetes---kb_487_Normalized.json::test_00006,invalid,passed,False,True,correct_reject,2.78483,0.000179,2.6e-05,0.000138,127,4
Kubernetes---kb_487_Normalized.json,Kubernetes---kb_487_Normalized.json::test_00007,invalid,passed,False,True,correct_reject,2.78483,0.236758,0.11786,0.118636,168,91
Kubernetes---kb_488_Normalized.json,Kubernetes---kb_488_Normalized.json::test_00000,valid,passed,True,True,correct_accept,60.5182,0.100447,0.0475,0.052717,101,101
Kubernetes---kb_488_Normalized.json,Kubernetes---kb_488_Normalized.json::test_00001,valid,failed,False,True,over_constraint,60.5182,0.057572,0.027379,0.030064,69,54
Kubernetes---kb_488_Normalized.json,Kubernetes---kb_488_Normalized.json::test_00002,invalid,passed,False,True,correct_reject,60.5182,1.5e-05,5e-06,3e-06,68,2
Kubernetes---kb_489_Normalized.json,Kubernetes---kb_489_Normalized.json::test_00000,valid,failed,False,True,over_constraint,58.4083,0.053479,0.025455,0.027897,68,53
Kubernetes---kb_489_Normalized.json,Kubernetes---kb_489_Normalized.json::test_00001,valid,failed,False,True,over_constraint,58.4083,0.05217,0.024916,0.027147,60,45
Kubernetes---kb_489_Normalized.json,Kubernetes---kb_489_Normalized.json::test_00002,invalid,passed,False,True,correct_reject,58.4083,1.5e-05,4e-06,2e-06,70,2
Kubernetes---kb_489_Normalized.json,Kubernetes---kb_489_Normalized.json::test_00003,invalid,passed,False,True,correct_reject,58.4083,1.4e-05,5e-06,2e-06,72,2
Kubernetes---kb_489_Normalized.json,Kubernetes---kb_489_Normalized.json::test_00004,invalid,passed,False,True,correct_reject,58.4083,1.8e-05,5e-06,3e-06,77,2
Kubernetes---kb_48_Normalized.json,Kubernetes---kb_48_Normalized.json::test_00000,valid,passed,True,True,correct_accept,1.88774,0.100545,0.046851,0.053475,85,85
Kubernetes---kb_48_Normalized.json,Kubernetes---kb_48_Normalized.json::test_00001,valid,failed,False,True,over_constraint,1.88774,1.91032,0.893059,1.01542,526,509
Kubernetes---kb_48_Normalized.json,Kubernetes---kb_48_Normalized.json::test_00002,invalid,passed,False,True,correct_reject,1.88774,0.066098,0.030338,0.035659,529,32
Kubernetes---kb_490_Normalized.json,Kubernetes---kb_490_Normalized.json::test_00000,valid,failed,False,True,over_constraint,59.3283,0.057738,0.02721,0.030351,92,77
Kubernetes---kb_490_Normalized.json,Kubernetes---kb_490_Normalized.json::test_00001,valid,failed,False,True,over_constraint,59.3283,0.090087,0.043066,0.046852,81,66
Kubernetes---kb_490_Normalized.json,Kubernetes---kb_490_Normalized.json::test_00002,invalid,passed,False,True,correct_reject,59.3283,1.4e-05,5e-06,2e-06,81,2
Kubernetes---kb_494_Normalized.json,Kubernetes---kb_494_Normalized.json::test_00000,valid,compile_error,,True,over_constraint,0.144733,,,,,
Kubernetes---kb_494_Normalized.json,Kubernetes---kb_494_Normalized.json::test_00001,invalid,compile_error,,True,correct_reject,0.144733,,,,,
Kubernetes---kb_494_Normalized.json,Kubernetes---kb_494_Normalized.json::test_00002,invalid,compile_error,,True,correct_reject,0.144733,,,,,
Kubernetes---kb_494_Normalized.json,Kubernetes---kb_494_Normalized.json::test_00003,invalid,compile_error,,True,correct_reject,0.144733,,,,,
Kubernetes---kb_494_Normalized.json,Kubernetes---kb_494_Normalized.json::test_00004,valid,compile_error,,True,over_constraint,0.144733,,,,,
Kubernetes---kb_494_Normalized.json,Kubernetes---kb_494_Normalized.json::test_00005,invalid,compile_error,,True,correct_reject,0.144733,,,,,
Kubernetes---kb_495_Normalized.json,Kubernetes---kb_495_Normalized.json::test_00000,valid,compile_error,,True,over_constraint,0.114326,,,,,
Kubernetes---kb_495_Normalized.json,Kubernetes---kb_495_Normalized.json::test_00001,invalid,compile_error,,True,correct_reject,0.114326,,,,,
Kubernetes---kb_495_Normalized.json,Kubernetes---kb_495_Normalized.json::test_00002,invalid,compile_error,,True,correct_reject,0.114326,,,,,
Kubernetes---kb_495_Normalized.json,Kubernetes---kb_495_Normalized.json::test_00003,valid,compile_error,,True,over_constraint,0.114326,,,,,
Kubernetes---kb_495_Normalized.json,Kubernetes---kb_495_Normalized.json::test_00004,invalid,compile_error,,True,correct_reject,0.114326,,,,,
Kubernetes---kb_496_Normalized.json,Kubernetes---kb_496_Normalized.json::test_00000,valid,compile_error,,True,over_constraint,0.135428,,,,,
Kubernetes---kb_496_Normalized.json,Kubernetes---kb_496_Normalized.json::test_00001,invalid,compile_error,,True,correct_reject,0.135428,,,,,
Kubernetes---kb_496_Normalized.json,Kubernetes---kb_496_Normalized.json::test_00002,invalid,compile_error,,True,correct_reject,0.135428,,,,,
Kubernetes---kb_496_Normalized.json,Kubernetes---kb_496_Normalized.json::test_00003,valid,compile_error,,True,over_constraint,0.135428,,,,,
Kubernetes---kb_496_Normalized.json,Kubernetes---kb_496_Normalized.json::test_00004,invalid,compile_error,,True,correct_reject,0.135428,,,,,
Kubernetes---kb_49_Normalized.json,Kubernetes---kb_49_Normalized.json::test_00000,valid,failed,False,True,over_constraint,0.748009,0.026173,0.010966,0.015159,30,11
Kubernetes---kb_49_Normalized.json,Kubernetes---kb_49_Normalized.json::test_00001,invalid,passed,False,True,correct_reject,0.748009,0.026785,0.012011,0.014731,30,11
Kubernetes---kb_49_Normalized.json,Kubernetes---kb_49_Normalized.json::test_00002,invalid,passed,False,True,correct_reject,0.748009,0.025571,0.011461,0.01407,30,11
Kubernetes---kb_49_Normalized.json,Kubernetes---kb_49_Normalized.json::test_00003,valid,passed,True,True,correct_accept,0.748009,0.037411,0.017142,0.020191,30,30
Kubernetes---kb_49_Normalized.json,Kubernetes---kb_49_Normalized.json::test_00004,invalid,passed,False,True,correct_reject,0.748009,0.025742,0.011522,0.014179,30,11
Kubernetes---kb_4_Normalized.json,Kubernetes---kb_4_Normalized.json::test_00000,valid,failed,False,True,over_constraint,2.97293,0.049091,0.020988,0.028006,104,22
Kubernetes---kb_4_Normalized.json,Kubernetes---kb_4_Normalized.json::test_00001,invalid,passed,False,True,correct_reject,2.97293,0.05272,0.024339,0.028284,111,28
Kubernetes---kb_4_Normalized.json,Kubernetes---kb_4_Normalized.json::test_00002,invalid,passed,False,True,correct_reject,2.97293,2.7e-05,8e-06,3e-06,8,6
Kubernetes---kb_4_Normalized.json,Kubernetes---kb_4_Normalized.json::test_00003,invalid,passed,False,True,correct_reject,2.97293,0.052653,0.023479,0.029071,111,28
Kubernetes---kb_4_Normalized.json,Kubernetes---kb_4_Normalized.json::test_00004,invalid,passed,False,True,correct_reject,2.97293,0.031086,0.01371,0.017302,111,21
Kubernetes---kb_4_Normalized.json,Kubernetes---kb_4_Normalized.json::test_00005,valid,passed,True,True,correct_accept,2.97293,0.092551,0.043087,0.049268,64,64
Kubernetes---kb_4_Normalized.json,Kubernetes---kb_4_Normalized.json::test_00006,invalid,passed,False,True,correct_reject,2.97293,2.5e-05,5e-06,5e-06,8,7
Kubernetes---kb_4_Normalized.json,Kubernetes---kb_4_Normalized.json::test_00007,invalid,passed,False,True,correct_reject,2.97293,0.053231,0.02374,0.029382,70,28
Kubernetes---kb_4_Normalized.json,Kubernetes---kb_4_Normalized.json::test_00008,invalid,passed,False,True,correct_reject,2.97293,0.008994,0.003857,0.005095,70,14
Kubernetes---kb_506_Normalized.json,Kubernetes---kb_506_Normalized.json::test_00000,valid,passed,True,True,correct_accept,0.45937,0.026332,0.011719,0.014546,20,20
Kubernetes---kb_506_Normalized.json,Kubernetes---kb_506_Normalized.json::test_00001,invalid,passed,False,True,correct_reject,0.45937,0.001254,0.001033,0.000203,19,5
Kubernetes---kb_506_Normalized.json,Kubernetes---kb_506_Normalized.json::test_00002,invalid,passed,False,True,correct_reject,0.45937,0.000226,2e-05,0.000191,18,4
Kubernetes---kb_506_Normalized.json,Kubernetes---kb_506_Normalized.json::test_00003,valid,passed,True,True,correct_accept,0.45937,0.024821,0.011122,0.013632,20,20
Kubernetes---kb_506_Normalized.json,Kubernetes---kb_506_Normalized.json::test_00004,invalid,passed,False,True,correct_reject,0.45937,0.001159,0.000949,0.000196,18,4
Kubernetes---kb_507_Normalized.json,Kubernetes---kb_507_Normalized.json::test_00000,valid,passed,True,True,correct_accept,0.544879,0.026337,0.011682,0.014592,20,20
Kubernetes---kb_507_Normalized.json,Kubernetes---kb_507_Normalized.json::test_00001,invalid,passed,False,True,correct_reject,0.544879,0.001185,0.00103,0.000137,18,4
Kubernetes---kb_507_Normalized.json,Kubernetes---kb_507_Normalized.json::test_00002,valid,passed,True,True,correct_accept,0.544879,0.023738,0.010519,0.013168,20,20
Kubernetes---kb_507_Normalized.json,Kubernetes---kb_507_Normalized.json::test_00003,invalid,passed,False,True,correct_reject,0.544879,0.001126,0.000953,0.000156,19,5
Kubernetes---kb_507_Normalized.json,Kubernetes---kb_507_Normalized.json::test_00004,invalid,passed,False,True,correct_reject,0.544879,0.023724,0.010479,0.013203,28,14
Kubernetes---kb_508_Normalized.json,Kubernetes---kb_508_Normalized.json::test_00000,valid,passed,True,True,correct_accept,1.82251,0.097245,0.045193,0.051887,60,60
Kubernetes---kb_508_Normalized.json,Kubernetes---kb_508_Normalized.json::test_00001,invalid,passed,False,True,correct_reject,1.82251,0.102927,0.048718,0.053987,67,66
Kubernetes---kb_508_Normalized.json,Kubernetes---kb_508_Normalized.json::test_00002,invalid,passed,False,True,correct_reject,1.82251,2.7e-05,8e-06,4e-06,17,5
Kubernetes---kb_508_Normalized.json,Kubernetes---kb_508_Normalized.json::test_00003,invalid,passed,False,True,correct_reject,1.82251,0.114755,0.054065,0.060511,67,66
Kubernetes---kb_508_Normalized.json,Kubernetes---kb_508_Normalized.json::test_00004,valid,passed,True,True,correct_accept,1.82251,0.133454,0.062547,0.070684,83,83
Kubernetes---kb_508_Normalized.json,Kubernetes---kb_508_Normalized.json::test_00005,invalid,passed,False,True,correct_reject,1.82251,0.095259,0.045607,0.049405,76,74
Kubernetes---kb_508_Normalized.json,Kubernetes---kb_508_Normalized.json::test_00006,invalid,passed,False,True,correct_reject,1.82251,0.131196,0.061462,0.069518,90,89
Kubernetes---kb_508_Normalized.json,Kubernetes---kb_508_Normalized.json::test_00007,invalid,passed,False,True,correct_reject,1.82251,0.119534,0.056194,0.063138,86,85
Kubernetes---kb_509_Normalized.json,Kubernetes---kb_509_Normalized.json::test_00000,valid,passed,True,True,correct_accept,1.81776,0.080203,0.037404,0.042654,49,49
Kubernetes---kb_509_Normalized.json,Kubernetes---kb_509_Normalized.json::test_00001,invalid,passed,False,True,correct_reject,1.81776,0.087727,0.041515,0.046049,56,55
Kubernetes---kb_509_Normalized.json,Kubernetes---kb_509_Normalized.json::test_00002,invalid,passed,False,True,correct_reject,1.81776,2.4e-05,7e-06,4e-06,19,5
Kubernetes---kb_509_Normalized.json,Kubernetes---kb_509_Normalized.json::test_00003,invalid,passed,False,True,correct_reject,1.81776,0.105822,0.047943,0.057683,56,55
Kubernetes---kb_509_Normalized.json,Kubernetes---kb_509_Normalized.json::test_00004,valid,passed,True,True,correct_accept,1.81776,0.129139,0.060952,0.067969,82,82
Kubernetes---kb_509_Normalized.json,Kubernetes---kb_509_Normalized.json::test_00005,invalid,passed,False,True,correct_reject,1.81776,0.02488,0.012351,0.012466,81,24
Kubernetes---kb_509_Normalized.json,Kubernetes---kb_509_Normalized.json::test_00006,invalid,passed,False,True,correct_reject,1.81776,0.12672,0.060154,0.066356,89,88
Kubernetes---kb_509_Normalized.json,Kubernetes---kb_509_Normalized.json::test_00007,invalid,passed,False,True,correct_reject,1.81776,0.023536,0.011251,0.012224,108,24
Kubernetes---kb_50_Normalized.json,Kubernetes---kb_50_Normalized.json::test_00000,valid,failed,False,True,over_constraint,0.723852,0.030752,0.013618,0.017084,30,11
Kubernetes---kb_50_Normalized.json,Kubernetes---kb_50_Normalized.json::test_00001,invalid,passed,False,True,correct_reject,0.723852,0.029489,0.013857,0.015585,30,11
Kubernetes---kb_50_Normalized.json,Kubernetes---kb_50_Normalized.json::test_00002,invalid,passed,False,True,correct_reject,0.723852,0.034784,0.016264,0.018473,29,11
Kubernetes---kb_50_Normalized.json,Kubernetes---kb_50_Normalized.json::test_00003,invalid,passed,False,True,correct_reject,0.723852,0.027044,0.012747,0.014254,30,11
Kubernetes---kb_50_Normalized.json,Kubernetes---kb_50_Normalized.json::test_00004,valid,passed,True,True,correct_accept,0.723852,0.040318,0.019704,0.020538,30,30
Kubernetes---kb_50_Normalized.json,Kubernetes---kb_50_Normalized.json::test_00005,invalid,passed,False,True,correct_reject,0.723852,0.001156,0.000985,0.000153,29,6
Kubernetes---kb_510_Normalized.json,Kubernetes---kb_510_Normalized.json::test_00000,valid,passed,True,True,correct_accept,0.751518,0.03575,0.016346,0.019331,21,21
Kubernetes---kb_510_Normalized.json,Kubernetes---kb_510_Normalized.json::test_00001,invalid,passed,False,True,correct_reject,0.751518,0.001223,0.001062,0.000142,21,5
Kubernetes---kb_510_Normalized.json,Kubernetes---kb_510_Normalized.json::test_00002,valid,passed,True,True,correct_accept,0.751518,0.030851,0.01417,0.016624,21,21
Kubernetes---kb_510_Normalized.json,Kubernetes---kb_510_Normalized.json::test_00003,invalid,passed,False,True,correct_reject,0.751518,0.016857,0.008553,0.008259,18,16
Kubernetes---kb_511_Normalized.json,Kubernetes---kb_511_Normalized.json::test_00000,valid,passed,True,True,correct_accept,0.796655,0.040157,0.018282,0.021803,22,22
Kubernetes---kb_511_Normalized.json,Kubernetes---kb_511_Normalized.json::test_00001,invalid,passed,False,True,correct_reject,0.796655,0.001184,0.001028,0.000138,22,5
Kubernetes---kb_511_Normalized.json,Kubernetes---kb_511_Normalized.json::test_00002,invalid,passed,False,True,correct_reject,0.796655,0.032565,0.01532,0.017182,21,20
Kubernetes---kb_511_Normalized.json,Kubernetes---kb_511_Normalized.json::test_00003,invalid,passed,False,True,correct_reject,0.796655,0.018027,0.00838,0.0096,22,16
Kubernetes---kb_512_Normalized.json,Kubernetes---kb_512_Normalized.json::test_00000,valid,failed,False,True,over_constraint,32.4475,0.027136,0.01242,0.014614,180,40
Kubernetes---kb_512_Normalized.json,Kubernetes---kb_512_Normalized.json::test_00001,invalid,passed,False,True,correct_reject,32.4475,0.029766,0.013985,0.015688,179,40
Kubernetes---kb_512_Normalized.json,Kubernetes---kb_512_Normalized.json::test_00002,invalid,passed,False,True,correct_reject,32.4475,0.231826,0.106607,0.124841,186,137
Kubernetes---kb_512_Normalized.json,Kubernetes---kb_512_Normalized.json::test_00003,valid,passed,True,True,correct_accept,32.4475,0.223385,0.103329,0.119708,127,127
Kubernetes---kb_512_Normalized.json,Kubernetes---kb_512_Normalized.json::test_00004,invalid,passed,False,True,correct_reject,32.4475,0.15297,0.071632,0.081085,135,99
Kubernetes---kb_513_Normalized.json,Kubernetes---kb_513_Normalized.json::test_00000,valid,failed,False,True,over_constraint,32.3965,0.027926,0.013086,0.01474,144,42
Kubernetes---kb_513_Normalized.json,Kubernetes---kb_513_Normalized.json::test_00001,invalid,passed,False,True,correct_reject,32.3965,2.4e-05,5e-06,4e-06,134,6
Kubernetes---kb_513_Normalized.json,Kubernetes---kb_513_Normalized.json::test_00002,valid,passed,True,True,correct_accept,32.3965,0.429496,0.200211,0.228736,189,189
Kubernetes---kb_513_Normalized.json,Kubernetes---kb_513_Normalized.json::test_00003,invalid,passed,False,True,correct_reject,32.3965,0.337437,0.159409,0.177611,187,150
Kubernetes---kb_514_Normalized.json,Kubernetes---kb_514_Normalized.json::test_00000,valid,failed,False,True,over_constraint,32.8625,0.078437,0.036323,0.041991,144,42
Kubernetes---kb_514_Normalized.json,Kubernetes---kb_514_Normalized.json::test_00001,invalid,passed,False,True,correct_reject,32.8625,0.078326,0.036303,0.041899,148,42
Kubernetes---kb_514_Normalized.json,Kubernetes---kb_514_Normalized.json::test_00002,invalid,passed,False,True,correct_reject,32.8625,0.04815,0.022326,0.025755,143,21
Kubernetes---kb_514_Normalized.json,Kubernetes---kb_514_Normalized.json::test_00003,valid,passed,True,True,correct_accept,32.8625,0.272527,0.126268,0.14591,129,129
Kubernetes---kb_514_Normalized.json,Kubernetes---kb_514_Normalized.json::test_00004,invalid,passed,False,True,correct_reject,32.8625,0.126344,0.059346,0.066799,141,71
Kubernetes---kb_514_Normalized.json,Kubernetes---kb_514_Normalized.json::test_00005,invalid,passed,False,True,correct_reject,32.8625,0.080592,0.036535,0.043926,127,42
Kubernetes---kb_515_Normalized.json,Kubernetes---kb_515_Normalized.json::test_00000,valid,passed,True,True,correct_accept,57.0084,0.275463,0.126934,0.148088,163,163
Kubernetes---kb_515_Normalized.json,Kubernetes---kb_515_Normalized.json::test_00001,invalid,passed,False,True,correct_reject,57.0084,0.001121,0.001097,5e-06,156,6
Kubernetes---kb_515_Normalized.json,Kubernetes---kb_515_Normalized.json::test_00002,invalid,passed,False,True,correct_reject,57.0084,0.139124,0.063108,0.075754,164,92
Kubernetes---kb_515_Normalized.json,Kubernetes---kb_515_Normalized.json::test_00003,invalid,passed,False,True,correct_reject,57.0084,0.189678,0.087392,0.101964,161,128
Kubernetes---kb_515_Normalized.json,Kubernetes---kb_515_Normalized.json::test_00004,invalid,passed,False,True,correct_reject,57.0084,0.189029,0.087318,0.101343,163,140
Kubernetes---kb_515_Normalized.json,Kubernetes---kb_515_Normalized.json::test_00005,valid,passed,True,True,correct_accept,57.0084,0.265512,0.12207,0.143019,163,163
Kubernetes---kb_515_Normalized.json,Kubernetes---kb_515_Normalized.json::test_00006,invalid,passed,False,True,correct_reject,57.0084,0.130505,0.061315,0.068955,163,92
Kubernetes---kb_515_Normalized.json,Kubernetes---kb_515_Normalized.json::test_00007,invalid,passed,False,True,correct_reject,57.0084,0.060789,0.028339,0.032315,83,57
Kubernetes---kb_516_Normalized.json,Kubernetes---kb_516_Normalized.json::test_00000,valid,passed,True,True,correct_accept,56.1729,0.218424,0.100933,0.117126,146,146
Kubernetes---kb_516_Normalized.json,Kubernetes---kb_516_Normalized.json::test_00001,invalid,passed,False,True,correct_reject,56.1729,0.142131,0.066963,0.074934,146,96
Kubernetes---kb_516_Normalized.json,Kubernetes---kb_516_Normalized.json::test_00002,invalid,passed,False,True,correct_reject,56.1729,0.197997,0.092127,0.105556,144,132
Kubernetes---kb_516_Normalized.json,Kubernetes---kb_516_Normalized.json::test_00003,invalid,passed,False,True,correct_reject,56.1729,0.197912,0.092177,0.105379,146,144
Kubernetes---kb_516_Normalized.json,Kubernetes---kb_516_Normalized.json::test_00004,invalid,passed,False,True,correct_reject,56.1729,0.140139,0.065448,0.074455,147,96
Kubernetes---kb_517_Normalized.json,Kubernetes---kb_517_Normalized.json::test_00000,valid,passed,True,True,correct_accept,52.8561,0.489797,0.235312,0.253812,256,256
Kubernetes---kb_517_Normalized.json,Kubernetes---kb_517_Normalized.json::test_00001,invalid,passed,False,True,correct_reject,52.8561,0.463469,0.223866,0.238976,260,239
Kubernetes---kb_517_Normalized.json,Kubernetes---kb_517_Normalized.json::test_00002,invalid,passed,False,True,correct_reject,52.8561,0.403439,0.193445,0.209489,257,206
Kubernetes---kb_517_Normalized.json,Kubernetes---kb_517_Normalized.json::test_00003,invalid,passed,False,True,correct_reject,52.8561,0.483565,0.229343,0.253577,256,254
Kubernetes---kb_517_Normalized.json,Kubernetes---kb_517_Normalized.json::test_00004,invalid,passed,False,True,correct_reject,52.8561,0.510709,0.238209,0.271818,253,241
Kubernetes---kb_518_Normalized.json,Kubernetes---kb_518_Normalized.json::test_00000,valid,passed,True,True,correct_accept,1.01543,0.158793,0.072866,0.085713,71,71
Kubernetes---kb_518_Normalized.json,Kubernetes---kb_518_Normalized.json::test_00001,invalid,passed,False,True,correct_reject,1.01543,0.072774,0.034213,0.038468,68,28
Kubernetes---kb_518_Normalized.json,Kubernetes---kb_518_Normalized.json::test_00002,invalid,passed,False,True,correct_reject,1.01543,0.071932,0.033209,0.038631,69,29
Kubernetes---kb_518_Normalized.json,Kubernetes---kb_518_Normalized.json::test_00003,valid,passed,True,True,correct_accept,1.01543,0.151067,0.0694,0.081462,70,70
Kubernetes---kb_519_Normalized.json,Kubernetes---kb_519_Normalized.json::test_00000,valid,passed,True,True,correct_accept,1.02326,0.153132,0.070082,0.082832,70,70
Kubernetes---kb_519_Normalized.json,Kubernetes---kb_519_Normalized.json::test_00001,invalid,passed,False,True,correct_reject,1.02326,0.072011,0.033803,0.038112,68,28
Kubernetes---kb_519_Normalized.json,Kubernetes---kb_519_Normalized.json::test_00002,invalid,passed,False,True,correct_reject,1.02326,0.071164,0.032868,0.038202,69,29
Kubernetes---kb_519_Normalized.json,Kubernetes---kb_519_Normalized.json::test_00003,valid,passed,True,True,correct_accept,1.02326,0.157816,0.072124,0.085483,71,71
Kubernetes---kb_51_Normalized.json,Kubernetes---kb_51_Normalized.json::test_00000,valid,passed,True,True,correct_accept,1.1134,0.138421,0.063322,0.07489,61,61
Kubernetes---kb_51_Normalized.json,Kubernetes---kb_51_Normalized.json::test_00001,invalid,passed,False,True,correct_reject,1.1134,0.000162,1.3e-05,0.000128,60,7
Kubernetes---kb_520_Normalized.json,Kubernetes---kb_520_Normalized.json::test_00000,valid,passed,True,True,correct_accept,0.991944,0.155873,0.07165,0.084019,70,70
Kubernetes---kb_520_Normalized.json,Kubernetes---kb_520_Normalized.json::test_00001,invalid,passed,False,True,correct_reject,0.991944,0.071571,0.033523,0.037956,68,28
Kubernetes---kb_520_Normalized.json,Kubernetes---kb_520_Normalized.json::test_00002,invalid,passed,False,True,correct_reject,0.991944,0.072162,0.033367,0.038708,69,29
Kubernetes---kb_520_Normalized.json,Kubernetes---kb_520_Normalized.json::test_00003,valid,passed,True,True,correct_accept,0.991944,0.156174,0.072033,0.083944,71,71
Kubernetes---kb_520_Normalized.json,Kubernetes---kb_520_Normalized.json::test_00004,invalid,passed,False,True,correct_reject,0.991944,0.073252,0.03448,0.038683,68,28
Kubernetes---kb_521_Normalized.json,Kubernetes---kb_521_Normalized.json::test_00000,valid,passed,True,True,correct_accept,4.1924,0.125543,0.059134,0.066202,82,82
Kubernetes---kb_521_Normalized.json,Kubernetes---kb_521_Normalized.json::test_00001,valid,passed,True,True,correct_accept,4.1924,0.131097,0.059393,0.071475,80,80
Kubernetes---kb_521_Normalized.json,Kubernetes---kb_521_Normalized.json::test_00002,invalid,passed,False,True,correct_reject,4.1924,0.1069,0.050502,0.056228,78,70
Kubernetes---kb_521_Normalized.json,Kubernetes---kb_521_Normalized.json::test_00003,invalid,passed,False,True,correct_reject,4.1924,0.057874,0.027027,0.030766,106,28
Kubernetes---kb_522_Normalized.json,Kubernetes---kb_522_Normalized.json::test_00000,valid,passed,True,True,correct_accept,4.14762,0.128879,0.065305,0.063353,81,81
Kubernetes---kb_522_Normalized.json,Kubernetes---kb_522_Normalized.json::test_00001,valid,passed,True,True,correct_accept,4.14762,0.151592,0.076211,0.075157,85,85
Kubernetes---kb_523_Normalized.json,Kubernetes---kb_523_Normalized.json::test_00000,valid,failed,False,True,over_constraint,1.009,0.009545,0.003478,0.006019,45,19
Kubernetes---kb_523_Normalized.json,Kubernetes---kb_523_Normalized.json::test_00001,invalid,passed,False,True,correct_reject,1.009,0.001336,0.001147,0.000164,45,7
Kubernetes---kb_523_Normalized.json,Kubernetes---kb_523_Normalized.json::test_00002,invalid,passed,False,True,correct_reject,1.009,0.000202,2.3e-05,0.000161,46,7
Kubernetes---kb_523_Normalized.json,Kubernetes---kb_523_Normalized.json::test_00003,valid,passed,True,True,correct_accept,1.009,0.008444,0.003229,0.005128,44,44
Kubernetes---kb_523_Normalized.json,Kubernetes---kb_523_Normalized.json::test_00004,invalid,passed,False,True,correct_reject,1.009,0.001163,0.000981,0.000163,44,7
Kubernetes---kb_524_Normalized.json,Kubernetes---kb_524_Normalized.json::test_00000,valid,failed,False,True,over_constraint,1.01104,0.015444,0.005235,0.010139,45,19
Kubernetes---kb_524_Normalized.json,Kubernetes---kb_524_Normalized.json::test_00001,invalid,passed,False,True,correct_reject,1.01104,0.001254,0.001046,0.000187,46,7
Kubernetes---kb_524_Normalized.json,Kubernetes---kb_524_Normalized.json::test_00002,invalid,passed,False,True,correct_reject,1.01104,0.000206,2.4e-05,0.000164,45,7
Kubernetes---kb_524_Normalized.json,Kubernetes---kb_524_Normalized.json::test_00003,valid,passed,True,True,correct_accept,1.01104,0.008186,0.003111,0.00499,44,44
Kubernetes---kb_524_Normalized.json,Kubernetes---kb_524_Normalized.json::test_00004,invalid,passed,False,True,correct_reject,1.01104,0.001377,0.00117,0.000185,44,7
Kubernetes---kb_525_Normalized.json,Kubernetes---kb_525_Normalized.json::test_00000,valid,passed,True,True,correct_accept,35.3388,0.296136,0.136316,0.159388,153,153
Kubernetes---kb_525_Normalized.json,Kubernetes---kb_525_Normalized.json::test_00001,valid,passed,True,True,correct_accept,35.3388,0.294657,0.138299,0.155951,153,153
Kubernetes---kb_525_Normalized.json,Kubernetes---kb_525_Normalized.json::test_00002,invalid,passed,False,True,correct_reject,35.3388,2.4e-05,5e-06,4e-06,153,7
Kubernetes---kb_525_Normalized.json,Kubernetes---kb_525_Normalized.json::test_00003,invalid,passed,False,True,correct_reject,35.3388,0.039633,0.018095,0.021427,153,44
Kubernetes---kb_526_Normalized.json,Kubernetes---kb_526_Normalized.json::test_00000,valid,passed,True,True,correct_accept,36.3474,0.308948,0.142433,0.166091,153,153
Kubernetes---kb_526_Normalized.json,Kubernetes---kb_526_Normalized.json::test_00001,valid,passed,True,True,correct_accept,36.3474,0.343533,0.158466,0.184575,171,171
Kubernetes---kb_526_Normalized.json,Kubernetes---kb_526_Normalized.json::test_00002,invalid,passed,False,True,correct_reject,36.3474,0.04921,0.022553,0.026544,171,44
Kubernetes---kb_527_Normalized.json,Kubernetes---kb_527_Normalized.json::test_00000,valid,passed,True,True,correct_accept,2.82782,0.220152,0.100894,0.118963,93,93
Kubernetes---kb_527_Normalized.json,Kubernetes---kb_527_Normalized.json::test_00001,invalid,passed,False,True,correct_reject,2.82782,0.009752,0.004374,0.005353,91,6
Kubernetes---kb_527_Normalized.json,Kubernetes---kb_527_Normalized.json::test_00002,invalid,passed,False,True,correct_reject,2.82782,0.009093,0.00387,0.005199,91,6
Kubernetes---kb_527_Normalized.json,Kubernetes---kb_527_Normalized.json::test_00003,invalid,passed,False,True,correct_reject,2.82782,0.015919,0.00666,0.009224,99,6
Kubernetes---kb_527_Normalized.json,Kubernetes---kb_527_Normalized.json::test_00004,invalid,passed,False,True,correct_reject,2.82782,0.008829,0.003824,0.004981,91,6
Kubernetes---kb_528_Normalized.json,Kubernetes---kb_528_Normalized.json::test_00000,valid,passed,True,True,correct_accept,2.89963,0.221289,0.10102,0.119976,95,95
Kubernetes---kb_528_Normalized.json,Kubernetes---kb_528_Normalized.json::test_00001,valid,passed,True,True,correct_accept,2.89963,0.192817,0.089922,0.10264,93,93
Kubernetes---kb_528_Normalized.json,Kubernetes---kb_528_Normalized.json::test_00002,invalid,passed,False,True,correct_reject,2.89963,0.008941,0.003881,0.005036,83,6
Kubernetes---kb_528_Normalized.json,Kubernetes---kb_528_Normalized.json::test_00003,invalid,passed,False,True,correct_reject,2.89963,0.009214,0.003944,0.005247,91,6
Kubernetes---kb_528_Normalized.json,Kubernetes---kb_528_Normalized.json::test_00004,invalid,passed,False,True,correct_reject,2.89963,0.009109,0.003948,0.005139,98,6
Kubernetes---kb_529_Normalized.json,Kubernetes---kb_529_Normalized.json::test_00000,valid,passed,True,True,correct_accept,65.0604,0.269063,0.124063,0.144614,148,148
Kubernetes---kb_529_Normalized.json,Kubernetes---kb_529_Normalized.json::test_00001,valid,passed,True,True,correct_accept,65.0604,0.251203,0.116495,0.134325,153,153
Kubernetes---kb_529_Normalized.json,Kubernetes---kb_529_Normalized.json::test_00002,invalid,passed,False,True,correct_reject,65.0604,0.132666,0.061048,0.071387,143,94
Kubernetes---kb_529_Normalized.json,Kubernetes---kb_529_Normalized.json::test_00003,invalid,passed,False,True,correct_reject,65.0604,0.047452,0.022116,0.025212,153,55
Kubernetes---kb_52_Normalized.json,Kubernetes---kb_52_Normalized.json::test_00000,valid,passed,True,True,correct_accept,1.10211,0.13279,0.062107,0.070496,61,61
Kubernetes---kb_52_Normalized.json,Kubernetes---kb_52_Normalized.json::test_00001,invalid,passed,False,True,correct_reject,1.10211,0.00018,1.3e-05,0.000148,60,7
Kubernetes---kb_52_Normalized.json,Kubernetes---kb_52_Normalized.json::test_00002,valid,passed,True,True,correct_accept,1.10211,0.13729,0.064208,0.072899,62,62
Kubernetes---kb_52_Normalized.json,Kubernetes---kb_52_Normalized.json::test_00003,invalid,passed,False,True,correct_reject,1.10211,0.000152,8e-06,0.000127,60,6
Kubernetes---kb_531_Normalized.json,Kubernetes---kb_531_Normalized.json::test_00000,valid,passed,True,True,correct_accept,5.49559,0.393575,0.180129,0.212911,188,188
Kubernetes---kb_531_Normalized.json,Kubernetes---kb_531_Normalized.json::test_00001,valid,passed,True,True,correct_accept,5.49559,0.423362,0.193899,0.228917,188,188
Kubernetes---kb_532_Normalized.json,Kubernetes---kb_532_Normalized.json::test_00000,valid,passed,True,True,correct_accept,5.66674,0.478466,0.22067,0.257218,188,188
Kubernetes---kb_532_Normalized.json,Kubernetes---kb_532_Normalized.json::test_00001,valid,passed,True,True,correct_accept,5.66674,0.442245,0.204574,0.237106,188,188
Kubernetes---kb_532_Normalized.json,Kubernetes---kb_532_Normalized.json::test_00002,invalid,passed,False,True,correct_reject,5.66674,0.456073,0.209264,0.246234,221,206
Kubernetes---kb_533_Normalized.json,Kubernetes---kb_533_Normalized.json::test_00000,valid,failed,False,True,over_constraint,0.707959,0.009288,0.003379,0.005879,32,6
Kubernetes---kb_533_Normalized.json,Kubernetes---kb_533_Normalized.json::test_00001,invalid,passed,False,True,correct_reject,0.707959,0.00125,0.001066,0.000165,32,5
Kubernetes---kb_533_Normalized.json,Kubernetes---kb_533_Normalized.json::test_00002,valid,passed,True,True,correct_accept,0.707959,0.007672,0.003029,0.00458,31,31
Kubernetes---kb_533_Normalized.json,Kubernetes---kb_533_Normalized.json::test_00003,invalid,passed,False,True,correct_reject,0.707959,0.001119,0.000941,0.000161,31,5
Kubernetes---kb_534_Normalized.json,Kubernetes---kb_534_Normalized.json::test_00000,valid,failed,False,True,over_constraint,0.713215,0.009397,0.003485,0.005883,32,6
Kubernetes---kb_534_Normalized.json,Kubernetes---kb_534_Normalized.json::test_00001,invalid,passed,False,True,correct_reject,0.713215,0.001231,0.001065,0.000147,32,5
Kubernetes---kb_534_Normalized.json,Kubernetes---kb_534_Normalized.json::test_00002,valid,passed,True,True,correct_accept,0.713215,0.007469,0.003022,0.004385,31,31
Kubernetes---kb_535_Normalized.json,Kubernetes---kb_535_Normalized.json::test_00000,valid,passed,True,True,correct_accept,0.851704,0.076739,0.034929,0.041689,39,39
Kubernetes---kb_535_Normalized.json,Kubernetes---kb_535_Normalized.json::test_00001,invalid,passed,False,True,correct_reject,0.851704,0.001265,0.001088,0.000159,38,5
Kubernetes---kb_535_Normalized.json,Kubernetes---kb_535_Normalized.json::test_00002,invalid,passed,False,True,correct_reject,0.851704,0.012686,0.005793,0.006859,39,12
Kubernetes---kb_535_Normalized.json,Kubernetes---kb_535_Normalized.json::test_00003,invalid,passed,False,True,correct_reject,0.851704,0.000169,1.9e-05,0.000139,37,4
Kubernetes---kb_535_Normalized.json,Kubernetes---kb_535_Normalized.json::test_00004,invalid,passed,False,True,correct_reject,0.851704,0.012428,0.005744,0.006645,41,14
Kubernetes---kb_535_Normalized.json,Kubernetes---kb_535_Normalized.json::test_00005,valid,passed,True,True,correct_accept,0.851704,0.278788,0.130073,0.148396,90,90
Kubernetes---kb_535_Normalized.json,Kubernetes---kb_535_Normalized.json::test_00006,invalid,passed,False,True,correct_reject,0.851704,0.218673,0.103348,0.115086,92,65
Kubernetes---kb_536_Normalized.json,Kubernetes---kb_536_Normalized.json::test_00000,valid,passed,True,True,correct_accept,0.878174,0.077292,0.035198,0.041973,39,39
Kubernetes---kb_536_Normalized.json,Kubernetes---kb_536_Normalized.json::test_00001,invalid,passed,False,True,correct_reject,0.878174,0.001256,0.001075,0.000164,38,5
Kubernetes---kb_536_Normalized.json,Kubernetes---kb_536_Normalized.json::test_00002,invalid,passed,False,True,correct_reject,0.878174,0.012436,0.005712,0.006688,40,12
Kubernetes---kb_536_Normalized.json,Kubernetes---kb_536_Normalized.json::test_00003,invalid,passed,False,True,correct_reject,0.878174,0.000156,1.8e-05,0.000124,37,4
Kubernetes---kb_536_Normalized.json,Kubernetes---kb_536_Normalized.json::test_00004,valid,passed,True,True,correct_accept,0.878174,0.276934,0.128861,0.147785,89,89
Kubernetes---kb_536_Normalized.json,Kubernetes---kb_536_Normalized.json::test_00005,invalid,passed,False,True,correct_reject,0.878174,0.001221,0.001063,0.000142,36,4
Kubernetes---kb_536_Normalized.json,Kubernetes---kb_536_Normalized.json::test_00006,invalid,passed,False,True,correct_reject,0.878174,0.000148,1.2e-05,0.000123,36,4
Kubernetes---kb_537_Normalized.json,Kubernetes---kb_537_Normalized.json::test_00000,valid,passed,True,True,correct_accept,0.502919,0.050379,0.022559,0.027743,19,19
Kubernetes---kb_537_Normalized.json,Kubernetes---kb_537_Normalized.json::test_00001,invalid,passed,False,True,correct_reject,0.502919,0.001235,0.001049,0.000167,18,5
Kubernetes---kb_537_Normalized.json,Kubernetes---kb_537_Normalized.json::test_00002,invalid,passed,False,True,correct_reject,0.502919,0.016306,0.0073,0.008967,15,12
Kubernetes---kb_537_Normalized.json,Kubernetes---kb_537_Normalized.json::test_00003,invalid,passed,False,True,correct_reject,0.502919,0.000168,1e-05,0.000143,17,4
Kubernetes---kb_537_Normalized.json,Kubernetes---kb_537_Normalized.json::test_00004,invalid,passed,False,True,correct_reject,0.502919,0.013451,0.006234,0.00718,14,12
Kubernetes---kb_538_Normalized.json,Kubernetes---kb_538_Normalized.json::test_00000,valid,passed,True,True,correct_accept,0.478353,0.05559,0.023853,0.031647,19,19
Kubernetes---kb_538_Normalized.json,Kubernetes---kb_538_Normalized.json::test_00001,invalid,passed,False,True,correct_reject,0.478353,0.001448,0.001263,0.000167,18,5
Kubernetes---kb_538_Normalized.json,Kubernetes---kb_538_Normalized.json::test_00002,invalid,passed,False,True,correct_reject,0.478353,0.013027,0.0058,0.007188,15,12
Kubernetes---kb_538_Normalized.json,Kubernetes---kb_538_Normalized.json::test_00003,invalid,passed,False,True,correct_reject,0.478353,0.000186,2e-05,0.000152,17,4
Kubernetes---kb_538_Normalized.json,Kubernetes---kb_538_Normalized.json::test_00004,valid,passed,True,True,correct_accept,0.478353,0.046169,0.020528,0.025574,19,19
Kubernetes---kb_538_Normalized.json,Kubernetes---kb_538_Normalized.json::test_00005,invalid,passed,False,True,correct_reject,0.478353,0.001191,0.001018,0.000156,11,5
Kubernetes---kb_538_Normalized.json,Kubernetes---kb_538_Normalized.json::test_00006,invalid,passed,False,True,correct_reject,0.478353,0.012396,0.005745,0.006616,14,12
Kubernetes---kb_539_Normalized.json,Kubernetes---kb_539_Normalized.json::test_00000,valid,passed,True,True,correct_accept,0.854075,0.118388,0.055278,0.062956,46,46
Kubernetes---kb_539_Normalized.json,Kubernetes---kb_539_Normalized.json::test_00001,invalid,passed,False,True,correct_reject,0.854075,2.5e-05,6e-06,4e-06,11,5
Kubernetes---kb_539_Normalized.json,Kubernetes---kb_539_Normalized.json::test_00002,invalid,passed,False,True,correct_reject,0.854075,0.000184,1.7e-05,0.000144,45,9
Kubernetes---kb_539_Normalized.json,Kubernetes---kb_539_Normalized.json::test_00003,invalid,passed,False,True,correct_reject,0.854075,2.6e-05,9e-06,3e-06,9,5
Kubernetes---kb_539_Normalized.json,Kubernetes---kb_539_Normalized.json::test_00004,invalid,passed,False,True,correct_reject,0.854075,0.014536,0.006799,0.007694,42,16
Kubernetes---kb_539_Normalized.json,Kubernetes---kb_539_Normalized.json::test_00005,valid,passed,True,True,correct_accept,0.854075,0.101764,0.047461,0.05417,43,43
Kubernetes---kb_539_Normalized.json,Kubernetes---kb_539_Normalized.json::test_00006,invalid,passed,False,True,correct_reject,0.854075,0.049047,0.02222,0.026745,42,28
Kubernetes---kb_53_Normalized.json,Kubernetes---kb_53_Normalized.json::test_00000,valid,passed,True,True,correct_accept,0.876564,0.041726,0.018335,0.023307,29,29
Kubernetes---kb_53_Normalized.json,Kubernetes---kb_53_Normalized.json::test_00001,invalid,passed,False,True,correct_reject,0.876564,0.001045,0.001021,7e-06,30,5
Kubernetes---kb_53_Normalized.json,Kubernetes---kb_53_Normalized.json::test_00002,invalid,passed,False,True,correct_reject,0.876564,0.024629,0.011517,0.013048,28,27
Kubernetes---kb_53_Normalized.json,Kubernetes---kb_53_Normalized.json::test_00003,invalid,passed,False,True,correct_reject,0.876564,2.5e-05,8e-06,4e-06,30,5
Kubernetes---kb_53_Normalized.json,Kubernetes---kb_53_Normalized.json::test_00004,invalid,passed,False,True,correct_reject,0.876564,1.9e-05,5e-06,4e-06,30,4
Kubernetes---kb_53_Normalized.json,Kubernetes---kb_53_Normalized.json::test_00005,invalid,passed,False,True,correct_reject,0.876564,2e-05,5e-06,3e-06,30,4
Kubernetes---kb_540_Normalized.json,Kubernetes---kb_540_Normalized.json::test_00000,valid,passed,True,True,correct_accept,0.809865,0.102664,0.051359,0.051169,43,43
Kubernetes---kb_540_Normalized.json,Kubernetes---kb_540_Normalized.json::test_00001,invalid,passed,False,True,correct_reject,0.809865,2.2e-05,4e-06,3e-06,11,5
Kubernetes---kb_540_Normalized.json,Kubernetes---kb_540_Normalized.json::test_00002,invalid,passed,False,True,correct_reject,0.809865,0.015028,0.007738,0.007246,39,16
Kubernetes---kb_540_Normalized.json,Kubernetes---kb_540_Normalized.json::test_00003,invalid,passed,False,True,correct_reject,0.809865,2.3e-05,7e-06,3e-06,8,5
Kubernetes---kb_540_Normalized.json,Kubernetes---kb_540_Normalized.json::test_00004,invalid,passed,False,True,correct_reject,0.809865,0.016001,0.007784,0.008176,20,16
Kubernetes---kb_541_Normalized.json,Kubernetes---kb_541_Normalized.json::test_00000,valid,passed,True,True,correct_accept,0.316953,0.01344,0.005452,0.007954,7,7
Kubernetes---kb_541_Normalized.json,Kubernetes---kb_541_Normalized.json::test_00001,invalid,passed,False,True,correct_reject,0.316953,0.001284,0.001106,0.000161,6,5
Kubernetes---kb_542_Normalized.json,Kubernetes---kb_542_Normalized.json::test_00000,valid,passed,True,True,correct_accept,0.30451,0.013198,0.005353,0.007809,7,7
Kubernetes---kb_542_Normalized.json,Kubernetes---kb_542_Normalized.json::test_00001,invalid,passed,False,True,correct_reject,0.30451,0.001186,0.001013,0.000155,6,5
Kubernetes---kb_543_Normalized.json,Kubernetes---kb_543_Normalized.json::test_00000,valid,passed,True,True,correct_accept,30.8536,0.234869,0.110817,0.123632,178,178
Kubernetes---kb_543_Normalized.json,Kubernetes---kb_543_Normalized.json::test_00001,invalid,passed,False,True,correct_reject,30.8536,0.079264,0.036962,0.042147,187,62
Kubernetes---kb_543_Normalized.json,Kubernetes---kb_543_Normalized.json::test_00002,invalid,passed,False,True,correct_reject,30.8536,2.5e-05,5e-06,5e-06,173,6
Kubernetes---kb_543_Normalized.json,Kubernetes---kb_543_Normalized.json::test_00003,invalid,passed,False,True,correct_reject,30.8536,2.6e-05,5e-06,4e-06,172,6
Kubernetes---kb_543_Normalized.json,Kubernetes---kb_543_Normalized.json::test_00004,valid,passed,True,True,correct_accept,30.8536,0.082968,0.038224,0.044537,102,102
Kubernetes---kb_543_Normalized.json,Kubernetes---kb_543_Normalized.json::test_00005,invalid,passed,False,True,correct_reject,30.8536,0.083181,0.038387,0.044578,103,101
Kubernetes---kb_543_Normalized.json,Kubernetes---kb_543_Normalized.json::test_00006,invalid,passed,False,True,correct_reject,30.8536,3.3e-05,5e-06,3e-06,102,12
Kubernetes---kb_544_Normalized.json,Kubernetes---kb_544_Normalized.json::test_00000,valid,passed,True,True,correct_accept,30.6479,0.238239,0.108187,0.129627,176,176
Kubernetes---kb_544_Normalized.json,Kubernetes---kb_544_Normalized.json::test_00001,valid,passed,True,True,correct_accept,30.6479,0.257994,0.114868,0.142691,186,186
Kubernetes---kb_544_Normalized.json,Kubernetes---kb_544_Normalized.json::test_00002,invalid,passed,False,True,correct_reject,30.6479,0.056108,0.02541,0.03057,185,54
Kubernetes---kb_544_Normalized.json,Kubernetes---kb_544_Normalized.json::test_00003,invalid,passed,False,True,correct_reject,30.6479,0.106723,0.046665,0.059881,193,69
Kubernetes---kb_545_Normalized.json,Kubernetes---kb_545_Normalized.json::test_00000,valid,passed,True,True,correct_accept,30.6194,0.216594,0.101849,0.114334,165,165
Kubernetes---kb_545_Normalized.json,Kubernetes---kb_545_Normalized.json::test_00001,invalid,passed,False,True,correct_reject,30.6194,0.087968,0.041197,0.046622,172,56
Kubernetes---kb_545_Normalized.json,Kubernetes---kb_545_Normalized.json::test_00002,invalid,passed,False,True,correct_reject,30.6194,0.065659,0.030516,0.035017,164,50
Kubernetes---kb_545_Normalized.json,Kubernetes---kb_545_Normalized.json::test_00003,valid,passed,True,True,correct_accept,30.6194,0.290402,0.13611,0.153834,187,187
Kubernetes---kb_545_Normalized.json,Kubernetes---kb_545_Normalized.json::test_00004,invalid,passed,False,True,correct_reject,30.6194,0.10182,0.047839,0.053823,185,54
Kubernetes---kb_545_Normalized.json,Kubernetes---kb_545_Normalized.json::test_00005,invalid,passed,False,True,correct_reject,30.6194,0.144426,0.066413,0.077808,193,70
Kubernetes---kb_545_Normalized.json,Kubernetes---kb_545_Normalized.json::test_00006,invalid,passed,False,True,correct_reject,30.6194,0.172357,0.080004,0.092096,187,94
Kubernetes---kb_546_Normalized.json,Kubernetes---kb_546_Normalized.json::test_00000,valid,failed,False,True,over_constraint,0.456083,0.013157,0.004941,0.008183,15,7
Kubernetes---kb_546_Normalized.json,Kubernetes---kb_546_Normalized.json::test_00001,invalid,passed,False,True,correct_reject,0.456083,0.013115,0.00576,0.007326,14,7
Kubernetes---kb_546_Normalized.json,Kubernetes---kb_546_Normalized.json::test_00002,valid,passed,True,True,correct_accept,0.456083,0.024912,0.011453,0.013414,15,15
Kubernetes---kb_546_Normalized.json,Kubernetes---kb_546_Normalized.json::test_00003,invalid,passed,False,True,correct_reject,0.456083,0.013745,0.006029,0.007689,13,7
Kubernetes---kb_547_Normalized.json,Kubernetes---kb_547_Normalized.json::test_00000,valid,failed,False,True,over_constraint,0.475051,0.013864,0.005361,0.00847,15,7
Kubernetes---kb_547_Normalized.json,Kubernetes---kb_547_Normalized.json::test_00001,invalid,passed,False,True,correct_reject,0.475051,0.013447,0.005943,0.007473,14,7
Kubernetes---kb_547_Normalized.json,Kubernetes---kb_547_Normalized.json::test_00002,valid,passed,True,True,correct_accept,0.475051,0.025168,0.01172,0.0134,15,15
Kubernetes---kb_547_Normalized.json,Kubernetes---kb_547_Normalized.json::test_00003,invalid,passed,False,True,correct_reject,0.475051,0.001138,0.000959,0.000163,14,5
Kubernetes---kb_548_Normalized.json,Kubernetes---kb_548_Normalized.json::test_00000,valid,failed,False,True,over_constraint,10.2604,0.10484,0.048362,0.056346,80,43
Kubernetes---kb_548_Normalized.json,Kubernetes---kb_548_Normalized.json::test_00001,invalid,passed,False,True,correct_reject,10.2604,0.0002,2.4e-05,0.000159,79,6
Kubernetes---kb_549_Normalized.json,Kubernetes---kb_549_Normalized.json::test_00000,valid,failed,False,True,over_constraint,10.371,0.097552,0.044578,0.052829,85,43
Kubernetes---kb_549_Normalized.json,Kubernetes---kb_549_Normalized.json::test_00001,invalid,passed,False,True,correct_reject,10.371,0.000265,9.8e-05,0.00015,84,6
Kubernetes---kb_549_Normalized.json,Kubernetes---kb_549_Normalized.json::test_00002,valid,failed,False,True,over_constraint,10.371,0.122572,0.056815,0.065582,104,50
Kubernetes---kb_549_Normalized.json,Kubernetes---kb_549_Normalized.json::test_00003,invalid,passed,False,True,correct_reject,10.371,0.000264,9.8e-05,0.00015,103,6
Kubernetes---kb_549_Normalized.json,Kubernetes---kb_549_Normalized.json::test_00004,invalid,passed,False,True,correct_reject,10.371,0.000183,1.8e-05,0.000152,1685,6
Kubernetes---kb_54_Normalized.json,Kubernetes---kb_54_Normalized.json::test_00000,valid,passed,True,True,correct_accept,0.863146,0.037224,0.016276,0.020866,29,29
Kubernetes---kb_54_Normalized.json,Kubernetes---kb_54_Normalized.json::test_00001,invalid,passed,False,True,correct_reject,0.863146,0.00109,0.001067,8e-06,30,5
Kubernetes---kb_54_Normalized.json,Kubernetes---kb_54_Normalized.json::test_00002,invalid,passed,False,True,correct_reject,0.863146,0.024481,0.011429,0.012985,28,27
Kubernetes---kb_54_Normalized.json,Kubernetes---kb_54_Normalized.json::test_00003,invalid,passed,False,True,correct_reject,0.863146,2.7e-05,9e-06,4e-06,30,5
Kubernetes---kb_54_Normalized.json,Kubernetes---kb_54_Normalized.json::test_00004,valid,passed,True,True,correct_accept,0.863146,0.038659,0.017341,0.021245,29,29
Kubernetes---kb_54_Normalized.json,Kubernetes---kb_54_Normalized.json::test_00005,invalid,passed,False,True,correct_reject,0.863146,0.029795,0.013482,0.016257,30,17
Kubernetes---kb_54_Normalized.json,Kubernetes---kb_54_Normalized.json::test_00006,invalid,passed,False,True,correct_reject,0.863146,0.001974,0.001777,0.000181,27,6
Kubernetes---kb_550_Normalized.json,Kubernetes---kb_550_Normalized.json::test_00000,valid,failed,False,True,over_constraint,2.05977,0.062902,0.02933,0.033473,84,28
Kubernetes---kb_550_Normalized.json,Kubernetes---kb_550_Normalized.json::test_00001,invalid,passed,False,True,correct_reject,2.05977,0.001277,0.001085,0.000175,82,5
Kubernetes---kb_550_Normalized.json,Kubernetes---kb_550_Normalized.json::test_00002,invalid,passed,False,True,correct_reject,2.05977,0.074396,0.035419,0.038874,91,34
Kubernetes---kb_550_Normalized.json,Kubernetes---kb_550_Normalized.json::test_00003,invalid,passed,False,True,correct_reject,2.05977,0.048989,0.023242,0.025671,83,27
Kubernetes---kb_550_Normalized.json,Kubernetes---kb_550_Normalized.json::test_00004,valid,passed,True,True,correct_accept,2.05977,0.10918,0.053064,0.055934,68,68
Kubernetes---kb_550_Normalized.json,Kubernetes---kb_550_Normalized.json::test_00005,invalid,passed,False,True,correct_reject,2.05977,0.000169,1.4e-05,0.000138,66,5
Kubernetes---kb_550_Normalized.json,Kubernetes---kb_550_Normalized.json::test_00006,invalid,passed,False,True,correct_reject,2.05977,0.075788,0.034788,0.040887,75,34
Kubernetes---kb_550_Normalized.json,Kubernetes---kb_550_Normalized.json::test_00007,invalid,passed,False,True,correct_reject,2.05977,0.050386,0.023952,0.026352,70,27
Kubernetes---kb_551_Normalized.json,Kubernetes---kb_551_Normalized.json::test_00000,valid,failed,False,True,over_constraint,1.93181,0.060255,0.026541,0.033614,68,28
Kubernetes---kb_551_Normalized.json,Kubernetes---kb_551_Normalized.json::test_00001,invalid,passed,False,True,correct_reject,1.93181,0.047242,0.021778,0.025388,74,27
Kubernetes---kb_551_Normalized.json,Kubernetes---kb_551_Normalized.json::test_00002,invalid,passed,False,True,correct_reject,1.93181,0.000184,1.4e-05,0.000154,66,5
Kubernetes---kb_551_Normalized.json,Kubernetes---kb_551_Normalized.json::test_00003,invalid,passed,False,True,correct_reject,1.93181,0.046019,0.020689,0.025251,75,27
Kubernetes---kb_551_Normalized.json,Kubernetes---kb_551_Normalized.json::test_00004,invalid,passed,False,True,correct_reject,1.93181,0.06278,0.028192,0.03449,74,33
Kubernetes---kb_551_Normalized.json,Kubernetes---kb_551_Normalized.json::test_00005,valid,passed,True,True,correct_accept,1.93181,0.101816,0.047212,0.05443,68,68
Kubernetes---kb_551_Normalized.json,Kubernetes---kb_551_Normalized.json::test_00006,invalid,passed,False,True,correct_reject,1.93181,0.066741,0.03013,0.036509,75,34
Kubernetes---kb_551_Normalized.json,Kubernetes---kb_551_Normalized.json::test_00007,invalid,passed,False,True,correct_reject,1.93181,0.046124,0.020823,0.025226,80,27
Kubernetes---kb_552_Normalized.json,Kubernetes---kb_552_Normalized.json::test_00000,valid,passed,True,True,correct_accept,8.20379,0.016495,0.006834,0.009597,24,24
Kubernetes---kb_552_Normalized.json,Kubernetes---kb_552_Normalized.json::test_00001,invalid,passed,False,True,correct_reject,8.20379,0.001263,0.001064,0.000183,24,4
Kubernetes---kb_552_Normalized.json,Kubernetes---kb_552_Normalized.json::test_00002,invalid,passed,False,True,correct_reject,8.20379,0.008618,0.003178,0.005418,25,6
Kubernetes---kb_553_Normalized.json,Kubernetes---kb_553_Normalized.json::test_00000,valid,passed,True,True,correct_accept,9.50953,0.028474,0.012599,0.015793,34,34
Kubernetes---kb_553_Normalized.json,Kubernetes---kb_553_Normalized.json::test_00001,invalid,passed,False,True,correct_reject,9.50953,0.001152,0.001,0.000135,37,4
Kubernetes---kb_554_Normalized.json,Kubernetes---kb_554_Normalized.json::test_00000,valid,passed,True,True,correct_accept,9.68647,0.04331,0.016851,0.026335,34,34
Kubernetes---kb_554_Normalized.json,Kubernetes---kb_554_Normalized.json::test_00001,invalid,passed,False,True,correct_reject,9.68647,0.020335,0.008737,0.011551,149,6
Kubernetes---kb_554_Normalized.json,Kubernetes---kb_554_Normalized.json::test_00002,invalid,passed,False,True,correct_reject,9.68647,0.008861,0.003963,0.004874,32,6
Kubernetes---kb_555_Normalized.json,Kubernetes---kb_555_Normalized.json::test_00000,valid,passed,True,True,correct_accept,8.12098,0.031583,0.014439,0.01706,33,33
Kubernetes---kb_555_Normalized.json,Kubernetes---kb_555_Normalized.json::test_00001,valid,passed,True,True,correct_accept,8.12098,0.030011,0.013976,0.015954,33,33
Kubernetes---kb_555_Normalized.json,Kubernetes---kb_555_Normalized.json::test_00002,invalid,passed,False,True,correct_reject,8.12098,0.001217,0.00102,0.000182,33,4
Kubernetes---kb_556_Normalized.json,Kubernetes---kb_556_Normalized.json::test_00000,valid,passed,True,True,correct_accept,9.1399,0.031852,0.014297,0.017472,33,33
Kubernetes---kb_556_Normalized.json,Kubernetes---kb_556_Normalized.json::test_00001,valid,passed,True,True,correct_accept,9.1399,0.016455,0.00773,0.008664,26,26
Kubernetes---kb_556_Normalized.json,Kubernetes---kb_556_Normalized.json::test_00002,invalid,passed,False,True,correct_reject,9.1399,0.001143,0.000952,0.000175,26,5
Kubernetes---kb_556_Normalized.json,Kubernetes---kb_556_Normalized.json::test_00003,invalid,passed,False,True,correct_reject,9.1399,0.000176,1.5e-05,0.000149,27,5
Kubernetes---kb_557_Normalized.json,Kubernetes---kb_557_Normalized.json::test_00000,valid,passed,True,True,correct_accept,8.91157,0.018421,0.007773,0.010582,26,26
Kubernetes---kb_557_Normalized.json,Kubernetes---kb_557_Normalized.json::test_00001,valid,passed,True,True,correct_accept,8.91157,0.040914,0.019034,0.021782,41,41
Kubernetes---kb_557_Normalized.json,Kubernetes---kb_557_Normalized.json::test_00002,invalid,passed,False,True,correct_reject,8.91157,0.008691,0.00382,0.004847,39,6
Kubernetes---kb_558_Normalized.json,Kubernetes---kb_558_Normalized.json::test_00000,valid,passed,True,True,correct_accept,0.898053,0.027393,0.012874,0.014441,29,29
Kubernetes---kb_558_Normalized.json,Kubernetes---kb_558_Normalized.json::test_00001,valid,passed,True,True,correct_accept,0.898053,0.027409,0.012902,0.014435,29,29
Kubernetes---kb_558_Normalized.json,Kubernetes---kb_558_Normalized.json::test_00002,invalid,passed,False,True,correct_reject,0.898053,0.013549,0.00632,0.007197,29,9
Kubernetes---kb_558_Normalized.json,Kubernetes---kb_558_Normalized.json::test_00003,invalid,passed,False,True,correct_reject,0.898053,0.013435,0.006343,0.007057,34,9
Kubernetes---kb_559_Normalized.json,Kubernetes---kb_559_Normalized.json::test_00000,valid,passed,True,True,correct_accept,0.906723,0.027753,0.013043,0.014626,29,29
Kubernetes---kb_559_Normalized.json,Kubernetes---kb_559_Normalized.json::test_00001,valid,passed,True,True,correct_accept,0.906723,0.026709,0.012584,0.014051,29,29
Kubernetes---kb_559_Normalized.json,Kubernetes---kb_559_Normalized.json::test_00002,invalid,passed,False,True,correct_reject,0.906723,0.013207,0.006235,0.006939,21,9
Kubernetes---kb_559_Normalized.json,Kubernetes---kb_559_Normalized.json::test_00003,invalid,passed,False,True,correct_reject,0.906723,0.013177,0.006224,0.006923,31,9
Kubernetes---kb_559_Normalized.json,Kubernetes---kb_559_Normalized.json::test_00004,invalid,passed,False,True,correct_reject,0.906723,0.013975,0.006476,0.007469,29,9
Kubernetes---kb_55_Normalized.json,Kubernetes---kb_55_Normalized.json::test_00000,valid,passed,True,True,correct_accept,0.65856,0.030195,0.012812,0.017314,22,22
Kubernetes---kb_55_Normalized.json,Kubernetes---kb_55_Normalized.json::test_00001,invalid,passed,False,True,correct_reject,0.65856,0.001081,0.001057,8e-06,23,5
Kubernetes---kb_55_Normalized.json,Kubernetes---kb_55_Normalized.json::test_00002,invalid,passed,False,True,correct_reject,0.65856,0.016626,0.007652,0.008925,21,20
Kubernetes---kb_55_Normalized.json,Kubernetes---kb_55_Normalized.json::test_00003,invalid,passed,False,True,correct_reject,0.65856,2.8e-05,8e-06,5e-06,23,5
Kubernetes---kb_55_Normalized.json,Kubernetes---kb_55_Normalized.json::test_00004,valid,passed,True,True,correct_accept,0.65856,0.041369,0.01829,0.023004,25,25
Kubernetes---kb_55_Normalized.json,Kubernetes---kb_55_Normalized.json::test_00005,invalid,passed,False,True,correct_reject,0.65856,0.001004,0.00098,6e-06,26,5
Kubernetes---kb_560_Normalized.json,Kubernetes---kb_560_Normalized.json::test_00000,valid,passed,True,True,correct_accept,0.709078,0.014679,0.006569,0.008051,22,22
Kubernetes---kb_560_Normalized.json,Kubernetes---kb_560_Normalized.json::test_00001,valid,passed,True,True,correct_accept,0.709078,0.013878,0.006268,0.007558,22,22
Kubernetes---kb_560_Normalized.json,Kubernetes---kb_560_Normalized.json::test_00002,invalid,passed,False,True,correct_reject,0.709078,0.00021,2.4e-05,0.000172,21,6
Kubernetes---kb_560_Normalized.json,Kubernetes---kb_560_Normalized.json::test_00003,invalid,passed,False,True,correct_reject,0.709078,0.000331,7e-05,0.000237,20,13
Kubernetes---kb_560_Normalized.json,Kubernetes---kb_560_Normalized.json::test_00004,invalid,passed,False,True,correct_reject,0.709078,0.000283,5.6e-05,0.00021,24,8
Kubernetes---kb_561_Normalized.json,Kubernetes---kb_561_Normalized.json::test_00000,valid,passed,True,True,correct_accept,0.737131,0.014737,0.006468,0.008207,22,22
Kubernetes---kb_561_Normalized.json,Kubernetes---kb_561_Normalized.json::test_00001,valid,passed,True,True,correct_accept,0.737131,0.013271,0.005953,0.007261,23,23
Kubernetes---kb_561_Normalized.json,Kubernetes---kb_561_Normalized.json::test_00002,invalid,passed,False,True,correct_reject,0.737131,0.013082,0.005834,0.007201,21,20
Kubernetes---kb_562_Normalized.json,Kubernetes---kb_562_Normalized.json::test_00000,valid,passed,True,True,correct_accept,0.262837,0.072683,0.032403,0.040205,18,18
Kubernetes---kb_562_Normalized.json,Kubernetes---kb_562_Normalized.json::test_00001,invalid,passed,False,True,correct_reject,0.262837,0.001156,0.001144,3e-06,30,1
Kubernetes---kb_562_Normalized.json,Kubernetes---kb_562_Normalized.json::test_00002,invalid,passed,False,True,correct_reject,0.262837,0.000161,0.000153,2e-06,13,1
Kubernetes---kb_563_Normalized.json,Kubernetes---kb_563_Normalized.json::test_00000,valid,passed,True,True,correct_accept,0.25776,0.073149,0.032395,0.040672,18,18
Kubernetes---kb_563_Normalized.json,Kubernetes---kb_563_Normalized.json::test_00001,invalid,passed,False,True,correct_reject,0.25776,0.001319,0.001307,3e-06,30,1
Kubernetes---kb_564_Normalized.json,Kubernetes---kb_564_Normalized.json::test_00000,valid,passed,True,True,correct_accept,8.30885,0.25178,0.118112,0.133226,174,174
Kubernetes---kb_564_Normalized.json,Kubernetes---kb_564_Normalized.json::test_00001,invalid,passed,False,True,correct_reject,8.30885,0.034468,0.015997,0.018411,177,18
Kubernetes---kb_564_Normalized.json,Kubernetes---kb_564_Normalized.json::test_00002,invalid,passed,False,True,correct_reject,8.30885,0.064435,0.030542,0.03378,180,42
Kubernetes---kb_564_Normalized.json,Kubernetes---kb_564_Normalized.json::test_00003,invalid,passed,False,True,correct_reject,8.30885,0.221695,0.104371,0.116986,203,128
Kubernetes---kb_565_Normalized.json,Kubernetes---kb_565_Normalized.json::test_00000,valid,passed,True,True,correct_accept,8.26695,0.219595,0.10274,0.11647,153,153
Kubernetes---kb_565_Normalized.json,Kubernetes---kb_565_Normalized.json::test_00001,invalid,passed,False,True,correct_reject,8.26695,0.053604,0.025194,0.028315,159,38
Kubernetes---kb_565_Normalized.json,Kubernetes---kb_565_Normalized.json::test_00002,invalid,passed,False,True,correct_reject,8.26695,0.000185,2.1e-05,0.000145,156,8
Kubernetes---kb_565_Normalized.json,Kubernetes---kb_565_Normalized.json::test_00003,invalid,passed,False,True,correct_reject,8.26695,0.228977,0.107155,0.121451,156,154
Kubernetes---kb_565_Normalized.json,Kubernetes---kb_565_Normalized.json::test_00004,valid,passed,True,True,correct_accept,8.26695,0.207124,0.097402,0.109347,159,159
Kubernetes---kb_565_Normalized.json,Kubernetes---kb_565_Normalized.json::test_00005,invalid,passed,False,True,correct_reject,8.26695,2.9e-05,1.9e-05,2e-06,163,2
Kubernetes---kb_566_Normalized.json,Kubernetes---kb_566_Normalized.json::test_00000,valid,passed,True,True,correct_accept,8.18535,0.229643,0.108399,0.12084,168,168
Kubernetes---kb_566_Normalized.json,Kubernetes---kb_566_Normalized.json::test_00001,invalid,passed,False,True,correct_reject,8.18535,0.04832,0.022821,0.025403,174,37
Kubernetes---kb_566_Normalized.json,Kubernetes---kb_566_Normalized.json::test_00002,invalid,passed,False,True,correct_reject,8.18535,0.022114,0.010159,0.011909,171,14
Kubernetes---kb_566_Normalized.json,Kubernetes---kb_566_Normalized.json::test_00003,valid,passed,True,True,correct_accept,8.18535,0.216227,0.102024,0.113827,158,158
Kubernetes---kb_566_Normalized.json,Kubernetes---kb_566_Normalized.json::test_00004,invalid,passed,False,True,correct_reject,8.18535,2.7e-05,1.7e-05,2e-06,158,2
Kubernetes---kb_566_Normalized.json,Kubernetes---kb_566_Normalized.json::test_00005,invalid,passed,False,True,correct_reject,8.18535,1.4e-05,4e-06,2e-06,223,2
Kubernetes---kb_567_Normalized.json,Kubernetes---kb_567_Normalized.json::test_00000,valid,passed,True,True,correct_accept,46.7249,0.297451,0.138925,0.157993,223,223
Kubernetes---kb_567_Normalized.json,Kubernetes---kb_567_Normalized.json::test_00001,invalid,passed,False,True,correct_reject,46.7249,0.115745,0.053899,0.061627,230,94
Kubernetes---kb_567_Normalized.json,Kubernetes---kb_567_Normalized.json::test_00002,valid,passed,True,True,correct_accept,46.7249,0.263209,0.123171,0.13956,202,202
Kubernetes---kb_567_Normalized.json,Kubernetes---kb_567_Normalized.json::test_00003,invalid,passed,False,True,correct_reject,46.7249,2.2e-05,5e-06,4e-06,194,6
Kubernetes---kb_568_Normalized.json,Kubernetes---kb_568_Normalized.json::test_00000,valid,passed,True,True,correct_accept,46.7489,0.249977,0.117395,0.132092,212,212
Kubernetes---kb_568_Normalized.json,Kubernetes---kb_568_Normalized.json::test_00001,invalid,passed,False,True,correct_reject,46.7489,0.24969,0.117494,0.131716,212,209
Kubernetes---kb_568_Normalized.json,Kubernetes---kb_568_Normalized.json::test_00002,invalid,passed,False,True,correct_reject,46.7489,0.069267,0.032756,0.036349,89,78
Kubernetes---kb_568_Normalized.json,Kubernetes---kb_568_Normalized.json::test_00003,valid,passed,True,True,correct_accept,46.7489,0.145588,0.067512,0.0778,119,119
Kubernetes---kb_568_Normalized.json,Kubernetes---kb_568_Normalized.json::test_00004,invalid,passed,False,True,correct_reject,46.7489,0.038573,0.017801,0.020666,112,49
Kubernetes---kb_569_Normalized.json,Kubernetes---kb_569_Normalized.json::test_00000,valid,passed,True,True,correct_accept,47.3707,0.328413,0.150156,0.177689,227,227
Kubernetes---kb_569_Normalized.json,Kubernetes---kb_569_Normalized.json::test_00001,invalid,passed,False,True,correct_reject,47.3707,0.00017,1.3e-05,0.000141,217,6
Kubernetes---kb_569_Normalized.json,Kubernetes---kb_569_Normalized.json::test_00002,invalid,passed,False,True,correct_reject,47.3707,0.146306,0.069173,0.076895,247,100
Kubernetes---kb_569_Normalized.json,Kubernetes---kb_569_Normalized.json::test_00003,valid,passed,True,True,correct_accept,47.3707,0.288859,0.135405,0.152974,208,208
Kubernetes---kb_569_Normalized.json,Kubernetes---kb_569_Normalized.json::test_00004,invalid,passed,False,True,correct_reject,47.3707,0.092931,0.042981,0.04981,208,49
Kubernetes---kb_56_Normalized.json,Kubernetes---kb_56_Normalized.json::test_00000,valid,passed,True,True,correct_accept,0.659462,0.030273,0.012918,0.017287,22,22
Kubernetes---kb_56_Normalized.json,Kubernetes---kb_56_Normalized.json::test_00001,invalid,passed,False,True,correct_reject,0.659462,0.001069,0.001046,7e-06,23,5
Kubernetes---kb_56_Normalized.json,Kubernetes---kb_56_Normalized.json::test_00002,invalid,passed,False,True,correct_reject,0.659462,0.017098,0.007794,0.009255,21,20
Kubernetes---kb_56_Normalized.json,Kubernetes---kb_56_Normalized.json::test_00003,invalid,passed,False,True,correct_reject,0.659462,3e-05,1e-05,5e-06,23,5
Kubernetes---kb_570_Normalized.json,Kubernetes---kb_570_Normalized.json::test_00000,valid,passed,True,True,correct_accept,86.0536,0.349195,0.162005,0.186512,278,278
Kubernetes---kb_570_Normalized.json,Kubernetes---kb_570_Normalized.json::test_00001,invalid,passed,False,True,correct_reject,86.0536,0.154259,0.071438,0.082547,326,112
Kubernetes---kb_571_Normalized.json,Kubernetes---kb_571_Normalized.json::test_00000,valid,passed,True,True,correct_accept,86.7917,0.350693,0.160513,0.189533,269,269
Kubernetes---kb_571_Normalized.json,Kubernetes---kb_571_Normalized.json::test_00001,invalid,passed,False,True,correct_reject,86.7917,0.001129,0.001082,8e-06,63,21
Kubernetes---kb_572_Normalized.json,Kubernetes---kb_572_Normalized.json::test_00000,valid,passed,True,True,correct_accept,84.2972,0.466713,0.218337,0.247652,297,297
Kubernetes---kb_572_Normalized.json,Kubernetes---kb_572_Normalized.json::test_00001,invalid,passed,False,True,correct_reject,84.2972,0.352805,0.166365,0.185872,298,235
Kubernetes---kb_572_Normalized.json,Kubernetes---kb_572_Normalized.json::test_00002,invalid,passed,False,True,correct_reject,84.2972,0.193342,0.091508,0.101558,260,112
Kubernetes---kb_573_Normalized.json,Kubernetes---kb_573_Normalized.json::test_00000,valid,failed,False,True,over_constraint,35.2134,0.018641,0.008228,0.010344,172,27
Kubernetes---kb_573_Normalized.json,Kubernetes---kb_573_Normalized.json::test_00001,invalid,passed,False,True,correct_reject,35.2134,0.019526,0.00878,0.010681,204,27
Kubernetes---kb_573_Normalized.json,Kubernetes---kb_573_Normalized.json::test_00002,invalid,passed,False,True,correct_reject,35.2134,0.018219,0.008264,0.009894,160,27
Kubernetes---kb_573_Normalized.json,Kubernetes---kb_573_Normalized.json::test_00003,valid,passed,True,True,correct_accept,35.2134,0.347022,0.159461,0.187092,174,174
Kubernetes---kb_573_Normalized.json,Kubernetes---kb_573_Normalized.json::test_00004,invalid,passed,False,True,correct_reject,35.2134,0.00111,0.001086,6e-06,123,7
Kubernetes---kb_574_Normalized.json,Kubernetes---kb_574_Normalized.json::test_00000,valid,failed,False,True,over_constraint,36.6402,0.03125,0.01465,0.016522,179,27
Kubernetes---kb_574_Normalized.json,Kubernetes---kb_574_Normalized.json::test_00001,invalid,passed,False,True,correct_reject,36.6402,0.110265,0.050367,0.059711,225,69
Kubernetes---kb_574_Normalized.json,Kubernetes---kb_574_Normalized.json::test_00002,invalid,passed,False,True,correct_reject,36.6402,0.02943,0.014349,0.015012,180,27
Kubernetes---kb_574_Normalized.json,Kubernetes---kb_574_Normalized.json::test_00003,valid,passed,True,True,correct_accept,36.6402,0.186122,0.086193,0.099643,115,115
Kubernetes---kb_574_Normalized.json,Kubernetes---kb_574_Normalized.json::test_00004,invalid,passed,False,True,correct_reject,36.6402,0.073583,0.033838,0.03959,137,62
Kubernetes---kb_574_Normalized.json,Kubernetes---kb_574_Normalized.json::test_00005,invalid,passed,False,True,correct_reject,36.6402,0.029881,0.014508,0.015304,119,27
Kubernetes---kb_575_Normalized.json,Kubernetes---kb_575_Normalized.json::test_00000,valid,passed,True,True,correct_accept,0.993091,0.110163,0.050993,0.059016,48,48
Kubernetes---kb_575_Normalized.json,Kubernetes---kb_575_Normalized.json::test_00001,invalid,passed,False,True,correct_reject,0.993091,0.058677,0.027312,0.031279,46,25
Kubernetes---kb_575_Normalized.json,Kubernetes---kb_575_Normalized.json::test_00002,invalid,passed,False,True,correct_reject,0.993091,0.085169,0.039704,0.045349,48,40
Kubernetes---kb_575_Normalized.json,Kubernetes---kb_575_Normalized.json::test_00003,valid,passed,True,True,correct_accept,0.993091,0.128863,0.059758,0.06894,54,54
Kubernetes---kb_575_Normalized.json,Kubernetes---kb_575_Normalized.json::test_00004,invalid,passed,False,True,correct_reject,0.993091,0.001082,0.001068,4e-06,53,2
Kubernetes---kb_576_Normalized.json,Kubernetes---kb_576_Normalized.json::test_00000,valid,passed,True,True,correct_accept,1.00862,0.113019,0.052128,0.060739,48,48
Kubernetes---kb_576_Normalized.json,Kubernetes---kb_576_Normalized.json::test_00001,invalid,passed,False,True,correct_reject,1.00862,0.0592,0.027585,0.031506,46,25
Kubernetes---kb_576_Normalized.json,Kubernetes---kb_576_Normalized.json::test_00002,valid,passed,True,True,correct_accept,1.00862,0.114042,0.052494,0.061395,50,50
Kubernetes---kb_576_Normalized.json,Kubernetes---kb_576_Normalized.json::test_00003,invalid,passed,False,True,correct_reject,1.00862,0.059057,0.027703,0.031264,45,30
Kubernetes---kb_576_Normalized.json,Kubernetes---kb_576_Normalized.json::test_00004,invalid,passed,False,True,correct_reject,1.00862,0.089681,0.04191,0.047648,44,38
Kubernetes---kb_577_Normalized.json,Kubernetes---kb_577_Normalized.json::test_00000,valid,passed,True,True,correct_accept,60.824,0.343232,0.160194,0.182489,204,204
Kubernetes---kb_577_Normalized.json,Kubernetes---kb_577_Normalized.json::test_00001,invalid,passed,False,True,correct_reject,60.824,0.00105,0.001017,6e-06,56,12
Kubernetes---kb_577_Normalized.json,Kubernetes---kb_577_Normalized.json::test_00002,invalid,passed,False,True,correct_reject,60.824,0.271295,0.1269,0.143975,206,152
Kubernetes---kb_577_Normalized.json,Kubernetes---kb_577_Normalized.json::test_00003,valid,passed,True,True,correct_accept,60.824,0.602381,0.281272,0.320165,366,366
Kubernetes---kb_577_Normalized.json,Kubernetes---kb_577_Normalized.json::test_00004,invalid,passed,False,True,correct_reject,60.824,0.426522,0.199541,0.226307,364,259
Kubernetes---kb_578_Normalized.json,Kubernetes---kb_578_Normalized.json::test_00000,valid,passed,True,True,correct_accept,60.2129,0.357579,0.166393,0.19065,205,205
Kubernetes---kb_578_Normalized.json,Kubernetes---kb_578_Normalized.json::test_00001,invalid,passed,False,True,correct_reject,60.2129,0.00119,0.001024,0.000149,205,6
Kubernetes---kb_578_Normalized.json,Kubernetes---kb_578_Normalized.json::test_00002,invalid,passed,False,True,correct_reject,60.2129,0.276137,0.128875,0.146859,207,152
Kubernetes---kb_578_Normalized.json,Kubernetes---kb_578_Normalized.json::test_00003,invalid,passed,False,True,correct_reject,60.2129,0.294119,0.137115,0.156558,204,169
Kubernetes---kb_578_Normalized.json,Kubernetes---kb_578_Normalized.json::test_00004,invalid,passed,False,True,correct_reject,60.2129,0.266636,0.124276,0.141976,205,148
Kubernetes---kb_578_Normalized.json,Kubernetes---kb_578_Normalized.json::test_00005,invalid,passed,False,True,correct_reject,60.2129,0.254124,0.119003,0.134707,194,172
Kubernetes---kb_579_Normalized.json,Kubernetes---kb_579_Normalized.json::test_00000,valid,passed,True,True,correct_accept,0.502443,0.030259,0.013198,0.017011,13,13
Kubernetes---kb_579_Normalized.json,Kubernetes---kb_579_Normalized.json::test_00001,invalid,passed,False,True,correct_reject,0.502443,0.001223,0.001198,6e-06,7,6
Kubernetes---kb_579_Normalized.json,Kubernetes---kb_579_Normalized.json::test_00002,invalid,passed,False,True,correct_reject,0.502443,0.000187,9e-06,0.000163,12,6
Kubernetes---kb_579_Normalized.json,Kubernetes---kb_579_Normalized.json::test_00003,valid,passed,True,True,correct_accept,0.502443,0.051058,0.023053,0.027944,18,18
Kubernetes---kb_579_Normalized.json,Kubernetes---kb_579_Normalized.json::test_00004,invalid,passed,False,True,correct_reject,0.502443,0.025848,0.012523,0.01328,14,13
Kubernetes---kb_579_Normalized.json,Kubernetes---kb_579_Normalized.json::test_00005,invalid,passed,False,True,correct_reject,0.502443,0.025213,0.011618,0.013558,21,13
Kubernetes---kb_57_Normalized.json,Kubernetes---kb_57_Normalized.json::test_00000,valid,failed,False,True,over_constraint,28.535,0.022423,0.010488,0.011853,79,32
Kubernetes---kb_57_Normalized.json,Kubernetes---kb_57_Normalized.json::test_00001,invalid,passed,False,True,correct_reject,28.535,2.5e-05,5e-06,5e-06,78,6
Kubernetes---kb_57_Normalized.json,Kubernetes---kb_57_Normalized.json::test_00002,invalid,passed,False,True,correct_reject,28.535,0.022238,0.01047,0.011693,78,32
Kubernetes---kb_57_Normalized.json,Kubernetes---kb_57_Normalized.json::test_00003,invalid,passed,False,True,correct_reject,28.535,0.105501,0.049008,0.056301,85,78
Kubernetes---kb_57_Normalized.json,Kubernetes---kb_57_Normalized.json::test_00004,invalid,passed,False,True,correct_reject,28.535,0.021065,0.010501,0.010492,85,32
Kubernetes---kb_57_Normalized.json,Kubernetes---kb_57_Normalized.json::test_00005,invalid,passed,False,True,correct_reject,28.535,0.020069,0.009394,0.010606,84,32
Kubernetes---kb_57_Normalized.json,Kubernetes---kb_57_Normalized.json::test_00006,valid,passed,True,True,correct_accept,28.535,0.13447,0.06267,0.071563,97,97
Kubernetes---kb_57_Normalized.json,Kubernetes---kb_57_Normalized.json::test_00007,invalid,passed,False,True,correct_reject,28.535,0.001002,0.000981,5e-06,94,5
Kubernetes---kb_580_Normalized.json,Kubernetes---kb_580_Normalized.json::test_00000,valid,passed,True,True,correct_accept,0.53012,0.029238,0.012644,0.016542,13,13
Kubernetes---kb_580_Normalized.json,Kubernetes---kb_580_Normalized.json::test_00001,invalid,passed,False,True,correct_reject,0.53012,0.001064,0.001043,5e-06,8,5
Kubernetes---kb_580_Normalized.json,Kubernetes---kb_580_Normalized.json::test_00002,invalid,passed,False,True,correct_reject,0.53012,0.026969,0.009755,0.017158,11,10
Kubernetes---kb_580_Normalized.json,Kubernetes---kb_580_Normalized.json::test_00003,invalid,passed,False,True,correct_reject,0.53012,2.5e-05,7e-06,4e-06,7,6
Kubernetes---kb_580_Normalized.json,Kubernetes---kb_580_Normalized.json::test_00004,invalid,passed,False,True,correct_reject,0.53012,0.00035,2.3e-05,0.0003,7,6
Kubernetes---kb_580_Normalized.json,Kubernetes---kb_580_Normalized.json::test_00005,invalid,passed,False,True,correct_reject,0.53012,0.000195,1.2e-05,0.000168,12,6
Kubernetes---kb_581_Normalized.json,Kubernetes---kb_581_Normalized.json::test_00000,valid,passed,True,True,correct_accept,1.99292,0.236288,0.110468,0.125501,106,106
Kubernetes---kb_581_Normalized.json,Kubernetes---kb_581_Normalized.json::test_00001,invalid,passed,False,True,correct_reject,1.99292,0.001257,0.001235,7e-06,12,4
Kubernetes---kb_581_Normalized.json,Kubernetes---kb_581_Normalized.json::test_00002,invalid,passed,False,True,correct_reject,1.99292,0.208796,0.097416,0.111108,99,92
Kubernetes---kb_581_Normalized.json,Kubernetes---kb_581_Normalized.json::test_00003,invalid,passed,False,True,correct_reject,1.99292,0.21214,0.09978,0.112065,106,105
Kubernetes---kb_581_Normalized.json,Kubernetes---kb_581_Normalized.json::test_00004,valid,passed,True,True,correct_accept,1.99292,0.239196,0.111434,0.127446,108,108
Kubernetes---kb_581_Normalized.json,Kubernetes---kb_581_Normalized.json::test_00005,invalid,passed,False,True,correct_reject,1.99292,0.219585,0.103553,0.115734,107,106
Kubernetes---kb_582_Normalized.json,Kubernetes---kb_582_Normalized.json::test_00000,valid,passed,True,True,correct_accept,1.94616,0.230389,0.108105,0.121954,106,106
Kubernetes---kb_582_Normalized.json,Kubernetes---kb_582_Normalized.json::test_00001,invalid,passed,False,True,correct_reject,1.94616,0.001082,0.001061,7e-06,12,4
Kubernetes---kb_582_Normalized.json,Kubernetes---kb_582_Normalized.json::test_00002,invalid,passed,False,True,correct_reject,1.94616,0.198668,0.092539,0.105864,99,92
Kubernetes---kb_582_Normalized.json,Kubernetes---kb_582_Normalized.json::test_00003,invalid,passed,False,True,correct_reject,1.94616,0.212169,0.100087,0.11178,106,105
Kubernetes---kb_584_Normalized.json,Kubernetes---kb_584_Normalized.json::test_00000,valid,passed,True,True,correct_accept,48.5164,0.164608,0.077934,0.086319,152,152
Kubernetes---kb_584_Normalized.json,Kubernetes---kb_584_Normalized.json::test_00001,invalid,passed,False,True,correct_reject,48.5164,0.0449,0.021033,0.023734,145,58
Kubernetes---kb_585_Normalized.json,Kubernetes---kb_585_Normalized.json::test_00000,valid,passed,True,True,correct_accept,48.9461,0.19774,0.094148,0.103219,152,152
Kubernetes---kb_585_Normalized.json,Kubernetes---kb_585_Normalized.json::test_00001,valid,passed,True,True,correct_accept,48.9461,0.191938,0.090633,0.100957,153,153
Kubernetes---kb_587_Normalized.json,Kubernetes---kb_587_Normalized.json::test_00000,valid,passed,True,True,correct_accept,7.146,0.150684,0.069798,0.080628,96,96
Kubernetes---kb_587_Normalized.json,Kubernetes---kb_587_Normalized.json::test_00001,invalid,passed,False,True,correct_reject,7.146,0.000218,1.6e-05,0.000182,95,7
Kubernetes---kb_588_Normalized.json,Kubernetes---kb_588_Normalized.json::test_00000,valid,passed,True,True,correct_accept,8.50064,0.142432,0.065768,0.076411,96,96
Kubernetes---kb_588_Normalized.json,Kubernetes---kb_588_Normalized.json::test_00001,invalid,passed,False,True,correct_reject,8.50064,0.019292,0.00891,0.010305,87,37
Kubernetes---kb_58_Normalized.json,Kubernetes---kb_58_Normalized.json::test_00000,valid,failed,False,True,over_constraint,28.4594,0.035581,0.016753,0.018736,104,32
Kubernetes---kb_58_Normalized.json,Kubernetes---kb_58_Normalized.json::test_00001,invalid,passed,False,True,correct_reject,28.4594,0.035636,0.016793,0.018757,123,32
Kubernetes---kb_58_Normalized.json,Kubernetes---kb_58_Normalized.json::test_00002,invalid,passed,False,True,correct_reject,28.4594,0.000195,1.4e-05,0.000166,103,6
Kubernetes---kb_58_Normalized.json,Kubernetes---kb_58_Normalized.json::test_00003,invalid,passed,False,True,correct_reject,28.4594,0.035593,0.016779,0.018729,104,32
Kubernetes---kb_58_Normalized.json,Kubernetes---kb_58_Normalized.json::test_00004,valid,passed,True,True,correct_accept,28.4594,0.240078,0.110912,0.128829,121,121
Kubernetes---kb_58_Normalized.json,Kubernetes---kb_58_Normalized.json::test_00005,invalid,passed,False,True,correct_reject,28.4594,0.001292,0.001114,0.000161,121,6
Kubernetes---kb_58_Normalized.json,Kubernetes---kb_58_Normalized.json::test_00006,invalid,passed,False,True,correct_reject,28.4594,0.034204,0.016019,0.018104,136,32
Kubernetes---kb_58_Normalized.json,Kubernetes---kb_58_Normalized.json::test_00007,invalid,passed,False,True,correct_reject,28.4594,0.032176,0.015239,0.016855,123,32
Kubernetes---kb_590_Normalized.json,Kubernetes---kb_590_Normalized.json::test_00000,valid,passed,True,True,correct_accept,8.44695,0.143817,0.066221,0.077352,95,95
Kubernetes---kb_590_Normalized.json,Kubernetes---kb_590_Normalized.json::test_00001,valid,passed,True,True,correct_accept,8.44695,0.149222,0.068547,0.080433,96,96
Kubernetes---kb_590_Normalized.json,Kubernetes---kb_590_Normalized.json::test_00002,invalid,passed,False,True,correct_reject,8.44695,0.04539,0.020462,0.024854,96,24
Kubernetes---kb_591_Normalized.json,Kubernetes---kb_591_Normalized.json::test_00000,valid,passed,True,True,correct_accept,8.52374,0.136698,0.061802,0.074655,95,95
Kubernetes---kb_591_Normalized.json,Kubernetes---kb_591_Normalized.json::test_00001,invalid,passed,False,True,correct_reject,8.52374,0.043882,0.019698,0.024109,37,26
Kubernetes---kb_591_Normalized.json,Kubernetes---kb_591_Normalized.json::test_00002,invalid,passed,False,True,correct_reject,8.52374,0.167602,0.07691,0.090425,117,105
Kubernetes---kb_596_Normalized.json,Kubernetes---kb_596_Normalized.json::test_00000,valid,passed,True,True,correct_accept,4.01419,0.129947,0.059595,0.07019,45,45
Kubernetes---kb_596_Normalized.json,Kubernetes---kb_596_Normalized.json::test_00001,valid,passed,True,True,correct_accept,4.01419,0.127397,0.057809,0.069432,45,45
Kubernetes---kb_597_Normalized.json,Kubernetes---kb_597_Normalized.json::test_00000,valid,passed,True,True,correct_accept,3.99098,0.135298,0.062326,0.072817,45,45
Kubernetes---kb_597_Normalized.json,Kubernetes---kb_597_Normalized.json::test_00001,invalid,passed,False,True,correct_reject,3.99098,0.069408,0.030658,0.038656,31,30
Kubernetes---kb_598_Normalized.json,Kubernetes---kb_598_Normalized.json::test_00000,valid,passed,True,True,correct_accept,0.506367,0.008143,0.002966,0.005138,12,12
Kubernetes---kb_598_Normalized.json,Kubernetes---kb_598_Normalized.json::test_00001,valid,passed,True,True,correct_accept,0.506367,0.008982,0.004,0.004943,13,13
Kubernetes---kb_598_Normalized.json,Kubernetes---kb_598_Normalized.json::test_00002,invalid,passed,False,True,correct_reject,0.506367,0.001145,0.000941,0.000191,11,4
Kubernetes---kb_598_Normalized.json,Kubernetes---kb_598_Normalized.json::test_00003,invalid,passed,False,True,correct_reject,0.506367,0.00031,6.3e-05,0.000231,14,6
Kubernetes---kb_599_Normalized.json,Kubernetes---kb_599_Normalized.json::test_00000,valid,passed,True,True,correct_accept,0.49629,0.009143,0.003536,0.005567,13,13
Kubernetes---kb_599_Normalized.json,Kubernetes---kb_599_Normalized.json::test_00001,invalid,passed,False,True,correct_reject,0.49629,0.001821,0.001477,0.000316,12,11
Kubernetes---kb_59_Normalized.json,Kubernetes---kb_59_Normalized.json::test_00000,valid,passed,True,True,correct_accept,0.795438,0.116875,0.052704,0.064026,44,44
Kubernetes---kb_59_Normalized.json,Kubernetes---kb_59_Normalized.json::test_00001,invalid,passed,False,True,correct_reject,0.795438,0.001393,0.001211,0.00016,44,6
Kubernetes---kb_59_Normalized.json,Kubernetes---kb_59_Normalized.json::test_00002,invalid,passed,False,True,correct_reject,0.795438,0.000203,1.7e-05,0.00017,43,6
Kubernetes---kb_59_Normalized.json,Kubernetes---kb_59_Normalized.json::test_00003,invalid,passed,False,True,correct_reject,0.795438,0.000204,1.2e-05,0.000178,41,5
Kubernetes---kb_59_Normalized.json,Kubernetes---kb_59_Normalized.json::test_00004,invalid,passed,False,True,correct_reject,0.795438,0.000484,4.4e-05,0.000404,42,5
Kubernetes---kb_5_Normalized.json,Kubernetes---kb_5_Normalized.json::test_00000,valid,failed,False,True,over_constraint,3.58518,0.040448,0.017438,0.022931,103,22
Kubernetes---kb_5_Normalized.json,Kubernetes---kb_5_Normalized.json::test_00001,invalid,passed,False,True,correct_reject,3.58518,0.051604,0.02381,0.027706,110,28
Kubernetes---kb_5_Normalized.json,Kubernetes---kb_5_Normalized.json::test_00002,invalid,passed,False,True,correct_reject,3.58518,3e-05,8e-06,4e-06,8,6
Kubernetes---kb_5_Normalized.json,Kubernetes---kb_5_Normalized.json::test_00003,invalid,passed,False,True,correct_reject,3.58518,0.045971,0.020992,0.024903,109,27
Kubernetes---kb_5_Normalized.json,Kubernetes---kb_5_Normalized.json::test_00004,valid,passed,True,True,correct_accept,3.58518,0.152992,0.071401,0.081332,104,104
Kubernetes---kb_5_Normalized.json,Kubernetes---kb_5_Normalized.json::test_00005,invalid,passed,False,True,correct_reject,3.58518,2.2e-05,4e-06,3e-06,8,6
Kubernetes---kb_5_Normalized.json,Kubernetes---kb_5_Normalized.json::test_00006,invalid,passed,False,True,correct_reject,3.58518,0.050617,0.023042,0.02749,110,28
Kubernetes---kb_5_Normalized.json,Kubernetes---kb_5_Normalized.json::test_00007,invalid,passed,False,True,correct_reject,3.58518,0.029691,0.013312,0.016315,110,21
Kubernetes---kb_600_Normalized.json,Kubernetes---kb_600_Normalized.json::test_00000,valid,passed,True,True,correct_accept,0.537267,0.008517,0.003148,0.00533,13,13
Kubernetes---kb_600_Normalized.json,Kubernetes---kb_600_Normalized.json::test_00001,invalid,passed,False,True,correct_reject,0.537267,0.001413,0.001115,0.000275,12,11
Kubernetes---kb_600_Normalized.json,Kubernetes---kb_600_Normalized.json::test_00002,invalid,passed,False,True,correct_reject,0.537267,0.000226,2.1e-05,0.000191,13,4
Kubernetes---kb_600_Normalized.json,Kubernetes---kb_600_Normalized.json::test_00003,invalid,passed,False,True,correct_reject,0.537267,0.000323,7.3e-05,0.000235,14,6
Kubernetes---kb_602_Normalized.json,Kubernetes---kb_602_Normalized.json::test_00000,valid,passed,True,True,correct_accept,35.2459,0.126635,0.056859,0.069515,112,112
Kubernetes---kb_602_Normalized.json,Kubernetes---kb_602_Normalized.json::test_00001,valid,passed,True,True,correct_accept,35.2459,0.12816,0.059044,0.06885,113,113
Kubernetes---kb_602_Normalized.json,Kubernetes---kb_602_Normalized.json::test_00002,invalid,passed,False,True,correct_reject,35.2459,0.021847,0.010335,0.011461,115,18
Kubernetes---kb_603_Normalized.json,Kubernetes---kb_603_Normalized.json::test_00000,valid,passed,True,True,correct_accept,35.8769,0.145625,0.067008,0.07832,115,115
Kubernetes---kb_603_Normalized.json,Kubernetes---kb_603_Normalized.json::test_00001,valid,passed,True,True,correct_accept,35.8769,0.122335,0.056692,0.065369,114,114
Kubernetes---kb_604_Normalized.json,Kubernetes---kb_604_Normalized.json::test_00000,valid,passed,True,True,correct_accept,0.634864,0.038072,0.017291,0.020707,22,22
Kubernetes---kb_604_Normalized.json,Kubernetes---kb_604_Normalized.json::test_00001,invalid,passed,False,True,correct_reject,0.634864,0.001355,0.001168,0.000166,21,5
Kubernetes---kb_604_Normalized.json,Kubernetes---kb_604_Normalized.json::test_00002,invalid,passed,False,True,correct_reject,0.634864,0.012742,0.005732,0.006968,19,17
Kubernetes---kb_604_Normalized.json,Kubernetes---kb_604_Normalized.json::test_00003,invalid,passed,False,True,correct_reject,0.634864,0.01265,0.005742,0.006865,18,17
Kubernetes---kb_604_Normalized.json,Kubernetes---kb_604_Normalized.json::test_00004,valid,passed,True,True,correct_accept,0.634864,0.039367,0.01826,0.021041,23,23
Kubernetes---kb_604_Normalized.json,Kubernetes---kb_604_Normalized.json::test_00005,invalid,passed,False,True,correct_reject,0.634864,0.000997,0.000984,3e-06,24,2
Kubernetes---kb_605_Normalized.json,Kubernetes---kb_605_Normalized.json::test_00000,valid,passed,True,True,correct_accept,0.634967,0.047562,0.021127,0.02636,24,24
Kubernetes---kb_605_Normalized.json,Kubernetes---kb_605_Normalized.json::test_00001,invalid,passed,False,True,correct_reject,0.634967,0.00129,0.0011,0.000173,23,5
Kubernetes---kb_605_Normalized.json,Kubernetes---kb_605_Normalized.json::test_00002,invalid,passed,False,True,correct_reject,0.634967,0.013207,0.005871,0.007302,25,11
Kubernetes---kb_605_Normalized.json,Kubernetes---kb_605_Normalized.json::test_00003,invalid,passed,False,True,correct_reject,0.634967,0.012868,0.005855,0.006968,20,17
Kubernetes---kb_605_Normalized.json,Kubernetes---kb_605_Normalized.json::test_00004,valid,passed,True,True,correct_accept,0.634967,0.04009,0.018634,0.021392,23,23
Kubernetes---kb_605_Normalized.json,Kubernetes---kb_605_Normalized.json::test_00005,invalid,passed,False,True,correct_reject,0.634967,0.000969,0.000955,4e-06,21,2
Kubernetes---kb_605_Normalized.json,Kubernetes---kb_605_Normalized.json::test_00006,invalid,passed,False,True,correct_reject,0.634967,1.4e-05,5e-06,2e-06,19,2
Kubernetes---kb_606_Normalized.json,Kubernetes---kb_606_Normalized.json::test_00000,valid,passed,True,True,correct_accept,53.9068,2.27134,1.12881,1.13991,869,869
Kubernetes---kb_606_Normalized.json,Kubernetes---kb_606_Normalized.json::test_00001,valid,passed,True,True,correct_accept,53.9068,1.63094,0.80812,0.820929,655,655
Kubernetes---kb_606_Normalized.json,Kubernetes---kb_606_Normalized.json::test_00002,invalid,passed,False,True,correct_reject,53.9068,0.960354,0.47621,0.482967,656,408
Kubernetes---kb_606_Normalized.json,Kubernetes---kb_606_Normalized.json::test_00003,invalid,passed,False,True,correct_reject,53.9068,1.04605,0.518834,0.525975,667,446
Kubernetes---kb_606_Normalized.json,Kubernetes---kb_606_Normalized.json::test_00004,invalid,passed,False,True,correct_reject,53.9068,0.286314,0.141744,0.144205,680,135
Kubernetes---kb_606_Normalized.json,Kubernetes---kb_606_Normalized.json::test_00005,invalid,passed,False,True,correct_reject,53.9068,0.959492,0.475367,0.482937,655,407
Kubernetes---kb_607_Normalized.json,Kubernetes---kb_607_Normalized.json::test_00000,valid,passed,True,True,correct_accept,55.8893,1.88851,0.878525,1.00772,770,770
Kubernetes---kb_607_Normalized.json,Kubernetes---kb_607_Normalized.json::test_00001,valid,passed,True,True,correct_accept,55.8893,2.58665,1.20968,1.37392,1031,1031
Kubernetes---kb_607_Normalized.json,Kubernetes---kb_607_Normalized.json::test_00002,invalid,passed,False,True,correct_reject,55.8893,2.27054,1.06314,1.20467,1031,891
Kubernetes---kb_607_Normalized.json,Kubernetes---kb_607_Normalized.json::test_00003,invalid,passed,False,True,correct_reject,55.8893,0.325367,0.152084,0.172871,1038,151
Kubernetes---kb_608_Normalized.json,Kubernetes---kb_608_Normalized.json::test_00000,valid,passed,True,True,correct_accept,0.505891,0.048007,0.021105,0.026829,19,19
Kubernetes---kb_608_Normalized.json,Kubernetes---kb_608_Normalized.json::test_00001,invalid,passed,False,True,correct_reject,0.505891,0.001224,0.00103,0.000176,13,5
Kubernetes---kb_608_Normalized.json,Kubernetes---kb_608_Normalized.json::test_00002,invalid,passed,False,True,correct_reject,0.505891,0.000225,1.6e-05,0.000196,14,5
Kubernetes---kb_608_Normalized.json,Kubernetes---kb_608_Normalized.json::test_00003,invalid,passed,False,True,correct_reject,0.505891,0.000218,2.1e-05,0.000176,11,10
Kubernetes---kb_609_Normalized.json,Kubernetes---kb_609_Normalized.json::test_00000,valid,passed,True,True,correct_accept,0.503114,0.047492,0.020915,0.026507,19,19
Kubernetes---kb_609_Normalized.json,Kubernetes---kb_609_Normalized.json::test_00001,invalid,passed,False,True,correct_reject,0.503114,0.001217,0.001025,0.000175,13,5
Kubernetes---kb_609_Normalized.json,Kubernetes---kb_609_Normalized.json::test_00002,invalid,passed,False,True,correct_reject,0.503114,0.000202,1.7e-05,0.000171,14,5
Kubernetes---kb_609_Normalized.json,Kubernetes---kb_609_Normalized.json::test_00003,valid,passed,True,True,correct_accept,0.503114,0.045811,0.02043,0.025318,19,19
Kubernetes---kb_60_Normalized.json,Kubernetes---kb_60_Normalized.json::test_00000,valid,passed,True,True,correct_accept,0.815093,0.117227,0.052691,0.064397,44,44
Kubernetes---kb_60_Normalized.json,Kubernetes---kb_60_Normalized.json::test_00001,invalid,passed,False,True,correct_reject,0.815093,0.001288,0.001084,0.000186,43,6
Kubernetes---kb_60_Normalized.json,Kubernetes---kb_60_Normalized.json::test_00002,valid,passed,True,True,correct_accept,0.815093,0.11531,0.052003,0.063169,44,44
Kubernetes---kb_60_Normalized.json,Kubernetes---kb_60_Normalized.json::test_00003,invalid,passed,False,True,correct_reject,0.815093,0.001175,0.000988,0.000172,42,5
Kubernetes---kb_610_Normalized.json,Kubernetes---kb_610_Normalized.json::test_00000,valid,failed,False,True,over_constraint,9.96029,5.5e-05,9e-06,9e-06,145,16
Kubernetes---kb_610_Normalized.json,Kubernetes---kb_610_Normalized.json::test_00001,invalid,passed,False,True,correct_reject,9.96029,3.5e-05,5e-06,5e-06,57,11
Kubernetes---kb_610_Normalized.json,Kubernetes---kb_610_Normalized.json::test_00002,invalid,passed,False,True,correct_reject,9.96029,0.000134,3.1e-05,4.1e-05,153,16
Kubernetes---kb_610_Normalized.json,Kubernetes---kb_610_Normalized.json::test_00003,valid,failed,False,True,over_constraint,9.96029,4.4e-05,5e-06,8e-06,142,16
Kubernetes---kb_610_Normalized.json,Kubernetes---kb_610_Normalized.json::test_00004,invalid,passed,False,True,correct_reject,9.96029,7.2e-05,1.1e-05,1.8e-05,56,16
Kubernetes---kb_611_Normalized.json,Kubernetes---kb_611_Normalized.json::test_00000,valid,passed,True,True,correct_accept,10.2305,0.135428,0.064451,0.070667,133,133
Kubernetes---kb_611_Normalized.json,Kubernetes---kb_611_Normalized.json::test_00001,invalid,passed,False,True,correct_reject,10.2305,3.3e-05,5e-06,6e-06,54,11
Kubernetes---kb_611_Normalized.json,Kubernetes---kb_611_Normalized.json::test_00002,invalid,passed,False,True,correct_reject,10.2305,0.04173,0.01973,0.021892,133,46
Kubernetes---kb_611_Normalized.json,Kubernetes---kb_611_Normalized.json::test_00003,valid,failed,False,True,over_constraint,10.2305,5.2e-05,1.6e-05,5e-06,139,16
Kubernetes---kb_612_Normalized.json,Kubernetes---kb_612_Normalized.json::test_00000,valid,passed,True,True,correct_accept,1.20297,0.168346,0.077672,0.090456,70,70
Kubernetes---kb_612_Normalized.json,Kubernetes---kb_612_Normalized.json::test_00001,invalid,passed,False,True,correct_reject,1.20297,0.119072,0.055875,0.063053,68,46
Kubernetes---kb_612_Normalized.json,Kubernetes---kb_612_Normalized.json::test_00002,valid,passed,True,True,correct_accept,1.20297,0.171259,0.07935,0.091695,71,71
Kubernetes---kb_612_Normalized.json,Kubernetes---kb_612_Normalized.json::test_00003,invalid,passed,False,True,correct_reject,1.20297,0.000969,0.000955,4e-06,72,2
Kubernetes---kb_612_Normalized.json,Kubernetes---kb_612_Normalized.json::test_00004,invalid,passed,False,True,correct_reject,1.20297,1.5e-05,5e-06,2e-06,64,2
Kubernetes---kb_613_Normalized.json,Kubernetes---kb_613_Normalized.json::test_00000,valid,passed,True,True,correct_accept,1.23709,0.176479,0.080732,0.095516,70,70
Kubernetes---kb_613_Normalized.json,Kubernetes---kb_613_Normalized.json::test_00001,invalid,passed,False,True,correct_reject,1.23709,0.116801,0.055104,0.061553,68,46
Kubernetes---kb_613_Normalized.json,Kubernetes---kb_613_Normalized.json::test_00002,invalid,passed,False,True,correct_reject,1.23709,0.155276,0.071691,0.083392,70,63
Kubernetes---kb_613_Normalized.json,Kubernetes---kb_613_Normalized.json::test_00003,valid,passed,True,True,correct_accept,1.23709,0.167714,0.077337,0.090168,70,70
Kubernetes---kb_613_Normalized.json,Kubernetes---kb_613_Normalized.json::test_00004,invalid,passed,False,True,correct_reject,1.23709,0.137223,0.062874,0.074183,68,46
Kubernetes---kb_614_Normalized.json,Kubernetes---kb_614_Normalized.json::test_00000,valid,passed,True,True,correct_accept,1.08241,0.074028,0.033451,0.040438,46,46
Kubernetes---kb_614_Normalized.json,Kubernetes---kb_614_Normalized.json::test_00001,invalid,passed,False,True,correct_reject,1.08241,0.029696,0.014222,0.015402,46,27
Kubernetes---kb_614_Normalized.json,Kubernetes---kb_614_Normalized.json::test_00002,valid,passed,True,True,correct_accept,1.08241,0.032488,0.014595,0.01782,27,27
Kubernetes---kb_615_Normalized.json,Kubernetes---kb_615_Normalized.json::test_00000,valid,passed,True,True,correct_accept,1.0838,0.141354,0.063774,0.077381,60,60
Kubernetes---kb_615_Normalized.json,Kubernetes---kb_615_Normalized.json::test_00001,invalid,passed,False,True,correct_reject,1.0838,0.030771,0.014515,0.016184,61,27
Kubernetes---kb_615_Normalized.json,Kubernetes---kb_615_Normalized.json::test_00002,valid,passed,True,True,correct_accept,1.0838,0.074583,0.033323,0.041133,46,46
Kubernetes---kb_616_Normalized.json,Kubernetes---kb_616_Normalized.json::test_00000,valid,passed,True,True,correct_accept,3.19626,0.236076,0.105674,0.130014,154,154
Kubernetes---kb_616_Normalized.json,Kubernetes---kb_616_Normalized.json::test_00001,invalid,passed,False,True,correct_reject,3.19626,0.154975,0.069914,0.084809,155,103
Kubernetes---kb_616_Normalized.json,Kubernetes---kb_616_Normalized.json::test_00002,invalid,passed,False,True,correct_reject,3.19626,0.03683,0.016782,0.019963,156,36
Kubernetes---kb_616_Normalized.json,Kubernetes---kb_616_Normalized.json::test_00003,valid,passed,True,True,correct_accept,3.19626,0.246914,0.110626,0.135907,157,157
Kubernetes---kb_616_Normalized.json,Kubernetes---kb_616_Normalized.json::test_00004,invalid,passed,False,True,correct_reject,3.19626,0.041291,0.018701,0.022497,159,37
Kubernetes---kb_616_Normalized.json,Kubernetes---kb_616_Normalized.json::test_00005,invalid,passed,False,True,correct_reject,3.19626,0.218937,0.098447,0.120132,164,151
Kubernetes---kb_617_Normalized.json,Kubernetes---kb_617_Normalized.json::test_00000,valid,passed,True,True,correct_accept,3.20187,0.221235,0.103866,0.116994,154,154
Kubernetes---kb_617_Normalized.json,Kubernetes---kb_617_Normalized.json::test_00001,invalid,passed,False,True,correct_reject,3.20187,0.147059,0.069244,0.077547,156,103
Kubernetes---kb_617_Normalized.json,Kubernetes---kb_617_Normalized.json::test_00002,invalid,passed,False,True,correct_reject,3.20187,0.149764,0.070657,0.078855,155,103
Kubernetes---kb_617_Normalized.json,Kubernetes---kb_617_Normalized.json::test_00003,valid,passed,True,True,correct_accept,3.20187,0.214243,0.100747,0.113148,151,151
Kubernetes---kb_617_Normalized.json,Kubernetes---kb_617_Normalized.json::test_00004,invalid,passed,False,True,correct_reject,3.20187,0.140376,0.06583,0.074298,153,101
Kubernetes---kb_617_Normalized.json,Kubernetes---kb_617_Normalized.json::test_00005,invalid,passed,False,True,correct_reject,3.20187,0.000196,1.7e-05,0.000147,134,15
Kubernetes---kb_618_Normalized.json,Kubernetes---kb_618_Normalized.json::test_00000,valid,passed,True,True,correct_accept,0.37045,0.000359,6e-05,0.000266,12,12
Kubernetes---kb_618_Normalized.json,Kubernetes---kb_618_Normalized.json::test_00001,invalid,passed,False,True,correct_reject,0.37045,0.000225,2.5e-05,0.000178,12,9
Kubernetes---kb_618_Normalized.json,Kubernetes---kb_618_Normalized.json::test_00002,invalid,passed,False,True,correct_reject,0.37045,0.000219,2.5e-05,0.000173,10,9
Kubernetes---kb_619_Normalized.json,Kubernetes---kb_619_Normalized.json::test_00000,valid,passed,True,True,correct_accept,0.374281,0.000339,6.2e-05,0.000246,12,12
Kubernetes---kb_619_Normalized.json,Kubernetes---kb_619_Normalized.json::test_00001,invalid,passed,False,True,correct_reject,0.374281,0.000232,2.4e-05,0.000185,12,9
Kubernetes---kb_61_Normalized.json,Kubernetes---kb_61_Normalized.json::test_00000,valid,passed,True,True,correct_accept,0.733404,0.137382,0.061675,0.075557,40,40
Kubernetes---kb_61_Normalized.json,Kubernetes---kb_61_Normalized.json::test_00001,invalid,passed,False,True,correct_reject,0.733404,0.038072,0.018608,0.019402,37,16
Kubernetes---kb_61_Normalized.json,Kubernetes---kb_61_Normalized.json::test_00002,invalid,passed,False,True,correct_reject,0.733404,2.3e-05,8e-06,3e-06,28,4
Kubernetes---kb_61_Normalized.json,Kubernetes---kb_61_Normalized.json::test_00003,invalid,passed,False,True,correct_reject,0.733404,0.017986,0.008481,0.009466,37,10
Kubernetes---kb_61_Normalized.json,Kubernetes---kb_61_Normalized.json::test_00004,valid,passed,True,True,correct_accept,0.733404,0.129588,0.06056,0.068888,46,46
Kubernetes---kb_61_Normalized.json,Kubernetes---kb_61_Normalized.json::test_00005,invalid,passed,False,True,correct_reject,0.733404,2.9e-05,5e-06,5e-06,27,5
Kubernetes---kb_61_Normalized.json,Kubernetes---kb_61_Normalized.json::test_00006,invalid,passed,False,True,correct_reject,0.733404,0.022858,0.010462,0.012358,36,11
Kubernetes---kb_620_Normalized.json,Kubernetes---kb_620_Normalized.json::test_00000,valid,failed,False,True,over_constraint,79.4158,2.38077,1.11373,1.26438,1392,873
Kubernetes---kb_620_Normalized.json,Kubernetes---kb_620_Normalized.json::test_00001,invalid,passed,False,True,correct_reject,79.4158,1.53485,0.713024,0.820074,1104,599
Kubernetes---kb_621_Normalized.json,Kubernetes---kb_621_Normalized.json::test_00000,valid,passed,True,True,correct_accept,75.3874,1.10648,0.51434,0.590664,542,542
Kubernetes---kb_621_Normalized.json,Kubernetes---kb_621_Normalized.json::test_00001,invalid,passed,False,True,correct_reject,75.3874,0.013352,0.006671,0.006647,551,10
Kubernetes---kb_622_Normalized.json,Kubernetes---kb_622_Normalized.json::test_00000,valid,passed,True,True,correct_accept,4.90056,0.139088,0.064844,0.074021,82,82
Kubernetes---kb_622_Normalized.json,Kubernetes---kb_622_Normalized.json::test_00001,invalid,passed,False,True,correct_reject,4.90056,2.6e-05,5e-06,4e-06,8,6
Kubernetes---kb_622_Normalized.json,Kubernetes---kb_622_Normalized.json::test_00002,valid,passed,True,True,correct_accept,4.90056,0.143895,0.066551,0.077124,90,90
Kubernetes---kb_622_Normalized.json,Kubernetes---kb_622_Normalized.json::test_00003,invalid,passed,False,True,correct_reject,4.90056,0.13168,0.061151,0.070309,90,87
Kubernetes---kb_623_Normalized.json,Kubernetes---kb_623_Normalized.json::test_00000,valid,passed,True,True,correct_accept,5.01645,0.141253,0.067684,0.07333,82,82
Kubernetes---kb_623_Normalized.json,Kubernetes---kb_623_Normalized.json::test_00001,invalid,passed,False,True,correct_reject,5.01645,2.5e-05,5e-06,5e-06,8,6
Kubernetes---kb_623_Normalized.json,Kubernetes---kb_623_Normalized.json::test_00002,valid,passed,True,True,correct_accept,5.01645,0.109189,0.05305,0.055939,79,79
Kubernetes---kb_623_Normalized.json,Kubernetes---kb_623_Normalized.json::test_00003,invalid,passed,False,True,correct_reject,5.01645,0.086986,0.041807,0.045023,86,55
Kubernetes---kb_624_Normalized.json,Kubernetes---kb_624_Normalized.json::test_00000,valid,passed,True,True,correct_accept,0.812895,0.041095,0.018614,0.022405,22,22
Kubernetes---kb_624_Normalized.json,Kubernetes---kb_624_Normalized.json::test_00001,invalid,passed,False,True,correct_reject,0.812895,0.001301,0.001101,0.000182,21,5
Kubernetes---kb_624_Normalized.json,Kubernetes---kb_624_Normalized.json::test_00002,invalid,passed,False,True,correct_reject,0.812895,0.02116,0.009715,0.011398,19,18
Kubernetes---kb_624_Normalized.json,Kubernetes---kb_624_Normalized.json::test_00003,valid,passed,True,True,correct_accept,0.812895,0.037033,0.01658,0.02039,22,22
Kubernetes---kb_625_Normalized.json,Kubernetes---kb_625_Normalized.json::test_00000,valid,passed,True,True,correct_accept,0.776235,0.040472,0.017246,0.023151,22,22
Kubernetes---kb_625_Normalized.json,Kubernetes---kb_625_Normalized.json::test_00001,invalid,passed,False,True,correct_reject,0.776235,0.001223,0.001026,0.000179,21,5
Kubernetes---kb_625_Normalized.json,Kubernetes---kb_625_Normalized.json::test_00002,invalid,passed,False,True,correct_reject,0.776235,0.020973,0.009613,0.011316,19,18
Kubernetes---kb_625_Normalized.json,Kubernetes---kb_625_Normalized.json::test_00003,valid,passed,True,True,correct_accept,0.776235,0.035472,0.015988,0.019419,22,22
Kubernetes---kb_626_Normalized.json,Kubernetes---kb_626_Normalized.json::test_00000,valid,passed,True,True,correct_accept,2.52685,0.145431,0.067968,0.077224,79,79
Kubernetes---kb_626_Normalized.json,Kubernetes---kb_626_Normalized.json::test_00001,invalid,passed,False,True,correct_reject,2.52685,2.9e-05,4e-06,1e-05,36,5
Kubernetes---kb_626_Normalized.json,Kubernetes---kb_626_Normalized.json::test_00002,invalid,passed,False,True,correct_reject,2.52685,0.092935,0.042844,0.049944,57,55
Kubernetes---kb_626_Normalized.json,Kubernetes---kb_626_Normalized.json::test_00003,invalid,passed,False,True,correct_reject,2.52685,0.107692,0.05013,0.057372,77,75
Kubernetes---kb_626_Normalized.json,Kubernetes---kb_626_Normalized.json::test_00004,valid,passed,True,True,correct_accept,2.52685,0.184824,0.085774,0.098777,103,103
Kubernetes---kb_626_Normalized.json,Kubernetes---kb_626_Normalized.json::test_00005,invalid,passed,False,True,correct_reject,2.52685,0.033544,0.015217,0.018258,97,25
Kubernetes---kb_627_Normalized.json,Kubernetes---kb_627_Normalized.json::test_00000,valid,passed,True,True,correct_accept,2.52712,0.151559,0.070833,0.080483,82,82
Kubernetes---kb_627_Normalized.json,Kubernetes---kb_627_Normalized.json::test_00001,invalid,passed,False,True,correct_reject,2.52712,2.7e-05,5e-06,5e-06,36,5
Kubernetes---kb_627_Normalized.json,Kubernetes---kb_627_Normalized.json::test_00002,invalid,passed,False,True,correct_reject,2.52712,0.101059,0.047082,0.053819,60,59
Kubernetes---kb_627_Normalized.json,Kubernetes---kb_627_Normalized.json::test_00003,invalid,passed,False,True,correct_reject,2.52712,0.084106,0.039439,0.044528,56,54
Kubernetes---kb_627_Normalized.json,Kubernetes---kb_627_Normalized.json::test_00004,valid,passed,True,True,correct_accept,2.52712,0.233897,0.11107,0.122474,132,132
Kubernetes---kb_627_Normalized.json,Kubernetes---kb_627_Normalized.json::test_00005,invalid,passed,False,True,correct_reject,2.52712,2.5e-05,5e-06,5e-06,7,6
Kubernetes---kb_628_Normalized.json,Kubernetes---kb_628_Normalized.json::test_00000,valid,passed,True,True,correct_accept,3.32517,0.221289,0.103876,0.117074,125,125
Kubernetes---kb_628_Normalized.json,Kubernetes---kb_628_Normalized.json::test_00001,invalid,passed,False,True,correct_reject,3.32517,0.035705,0.016817,0.018792,126,38
Kubernetes---kb_628_Normalized.json,Kubernetes---kb_628_Normalized.json::test_00002,invalid,passed,False,True,correct_reject,3.32517,0.027215,0.011572,0.015575,113,25
Kubernetes---kb_628_Normalized.json,Kubernetes---kb_628_Normalized.json::test_00003,invalid,passed,False,True,correct_reject,3.32517,0.026442,0.01285,0.01352,124,30
Kubernetes---kb_628_Normalized.json,Kubernetes---kb_628_Normalized.json::test_00004,invalid,passed,False,True,correct_reject,3.32517,0.000218,1.4e-05,0.000171,124,16
Kubernetes---kb_628_Normalized.json,Kubernetes---kb_628_Normalized.json::test_00005,invalid,passed,False,True,correct_reject,3.32517,0.032201,0.015094,0.017022,127,38
Kubernetes---kb_629_Normalized.json,Kubernetes---kb_629_Normalized.json::test_00000,valid,passed,True,True,correct_accept,3.39082,0.281849,0.13158,0.149861,144,144
Kubernetes---kb_629_Normalized.json,Kubernetes---kb_629_Normalized.json::test_00001,invalid,passed,False,True,correct_reject,3.39082,0.037156,0.017441,0.019621,145,38
Kubernetes---kb_629_Normalized.json,Kubernetes---kb_629_Normalized.json::test_00002,valid,passed,True,True,correct_accept,3.39082,0.242898,0.110865,0.131658,125,125
Kubernetes---kb_629_Normalized.json,Kubernetes---kb_629_Normalized.json::test_00003,invalid,passed,False,True,correct_reject,3.39082,0.027276,0.012571,0.014632,121,30
Kubernetes---kb_629_Normalized.json,Kubernetes---kb_629_Normalized.json::test_00004,invalid,passed,False,True,correct_reject,3.39082,0.209088,0.09687,0.111904,120,111
Kubernetes---kb_62_Normalized.json,Kubernetes---kb_62_Normalized.json::test_00000,valid,passed,True,True,correct_accept,0.750411,0.730775,0.336468,0.393557,208,208
Kubernetes---kb_62_Normalized.json,Kubernetes---kb_62_Normalized.json::test_00001,invalid,passed,False,True,correct_reject,0.750411,0.037612,0.018272,0.019279,211,16
Kubernetes---kb_62_Normalized.json,Kubernetes---kb_62_Normalized.json::test_00002,invalid,passed,False,True,correct_reject,0.750411,0.126011,0.059189,0.066664,211,43
Kubernetes---kb_62_Normalized.json,Kubernetes---kb_62_Normalized.json::test_00003,valid,passed,True,True,correct_accept,0.750411,0.695595,0.325968,0.368918,215,215
Kubernetes---kb_62_Normalized.json,Kubernetes---kb_62_Normalized.json::test_00004,invalid,passed,False,True,correct_reject,0.750411,0.000982,0.000961,7e-06,139,5
Kubernetes---kb_62_Normalized.json,Kubernetes---kb_62_Normalized.json::test_00005,invalid,passed,False,True,correct_reject,0.750411,0.264732,0.123945,0.140503,218,84
Kubernetes---kb_630_Normalized.json,Kubernetes---kb_630_Normalized.json::test_00000,valid,passed,True,True,correct_accept,10.7799,2.09959,0.96759,1.12933,950,950
Kubernetes---kb_630_Normalized.json,Kubernetes---kb_630_Normalized.json::test_00001,valid,passed,True,True,correct_accept,10.7799,1.41286,0.655959,0.755039,675,675
Kubernetes---kb_630_Normalized.json,Kubernetes---kb_630_Normalized.json::test_00002,invalid,passed,False,True,correct_reject,10.7799,1.02058,0.475485,0.543765,702,493
Kubernetes---kb_630_Normalized.json,Kubernetes---kb_630_Normalized.json::test_00003,invalid,passed,False,True,correct_reject,10.7799,0.074571,0.034383,0.040056,632,44
Kubernetes---kb_630_Normalized.json,Kubernetes---kb_630_Normalized.json::test_00004,invalid,passed,False,True,correct_reject,10.7799,3.8e-05,1.8e-05,6e-06,670,5
Kubernetes---kb_631_Normalized.json,Kubernetes---kb_631_Normalized.json::test_00000,valid,passed,True,True,correct_accept,10.9382,1.32925,0.612367,0.715052,654,654
Kubernetes---kb_631_Normalized.json,Kubernetes---kb_631_Normalized.json::test_00001,valid,passed,True,True,correct_accept,10.9382,1.1426,0.534837,0.606184,623,623
Kubernetes---kb_631_Normalized.json,Kubernetes---kb_631_Normalized.json::test_00002,invalid,passed,False,True,correct_reject,10.9382,0.065871,0.030201,0.035568,749,35
Kubernetes---kb_631_Normalized.json,Kubernetes---kb_631_Normalized.json::test_00003,invalid,passed,False,True,correct_reject,10.9382,0.747642,0.350133,0.396477,614,416
Kubernetes---kb_632_Normalized.json,Kubernetes---kb_632_Normalized.json::test_00000,valid,passed,True,True,correct_accept,2.05187,0.393725,0.179948,0.213299,148,148
Kubernetes---kb_632_Normalized.json,Kubernetes---kb_632_Normalized.json::test_00001,invalid,passed,False,True,correct_reject,2.05187,0.001261,0.00106,0.000183,145,5
Kubernetes---kb_632_Normalized.json,Kubernetes---kb_632_Normalized.json::test_00002,invalid,passed,False,True,correct_reject,2.05187,0.224149,0.102897,0.120982,147,92
Kubernetes---kb_632_Normalized.json,Kubernetes---kb_632_Normalized.json::test_00003,valid,passed,True,True,correct_accept,2.05187,0.392623,0.179728,0.212436,148,148
Kubernetes---kb_632_Normalized.json,Kubernetes---kb_632_Normalized.json::test_00004,invalid,passed,False,True,correct_reject,2.05187,0.001172,0.000958,0.000197,145,5
Kubernetes---kb_632_Normalized.json,Kubernetes---kb_632_Normalized.json::test_00005,invalid,passed,False,True,correct_reject,2.05187,0.020557,0.009572,0.010942,134,15
Kubernetes---kb_633_Normalized.json,Kubernetes---kb_633_Normalized.json::test_00000,valid,passed,True,True,correct_accept,1.97997,0.397853,0.184673,0.212755,148,148
Kubernetes---kb_633_Normalized.json,Kubernetes---kb_633_Normalized.json::test_00001,invalid,passed,False,True,correct_reject,1.97997,0.001239,0.001025,0.000196,145,5
Kubernetes---kb_633_Normalized.json,Kubernetes---kb_633_Normalized.json::test_00002,invalid,passed,False,True,correct_reject,1.97997,0.000204,1.7e-05,0.000174,146,5
Kubernetes---kb_633_Normalized.json,Kubernetes---kb_633_Normalized.json::test_00003,invalid,passed,False,True,correct_reject,1.97997,0.22581,0.105346,0.120202,147,92
Kubernetes---kb_633_Normalized.json,Kubernetes---kb_633_Normalized.json::test_00004,invalid,passed,False,True,correct_reject,1.97997,0.000401,4.3e-05,0.00033,146,5
Kubernetes---kb_634_Normalized.json,Kubernetes---kb_634_Normalized.json::test_00000,valid,passed,True,True,correct_accept,0.493577,0.028426,0.012513,0.015855,15,15
Kubernetes---kb_634_Normalized.json,Kubernetes---kb_634_Normalized.json::test_00001,invalid,passed,False,True,correct_reject,0.493577,0.001286,0.00107,0.000199,12,5
Kubernetes---kb_634_Normalized.json,Kubernetes---kb_634_Normalized.json::test_00002,invalid,passed,False,True,correct_reject,0.493577,0.020573,0.009582,0.010949,15,14
Kubernetes---kb_635_Normalized.json,Kubernetes---kb_635_Normalized.json::test_00000,valid,passed,True,True,correct_accept,0.457587,0.028259,0.012432,0.015773,15,15
Kubernetes---kb_635_Normalized.json,Kubernetes---kb_635_Normalized.json::test_00001,invalid,passed,False,True,correct_reject,0.457587,0.001198,0.001011,0.000166,12,5
Kubernetes---kb_635_Normalized.json,Kubernetes---kb_635_Normalized.json::test_00002,invalid,passed,False,True,correct_reject,0.457587,0.020398,0.009539,0.010817,15,14
Kubernetes---kb_636_Normalized.json,Kubernetes---kb_636_Normalized.json::test_00000,valid,passed,True,True,correct_accept,0.506261,0.028309,0.012435,0.015819,15,15
Kubernetes---kb_636_Normalized.json,Kubernetes---kb_636_Normalized.json::test_00001,invalid,passed,False,True,correct_reject,0.506261,0.001283,0.001048,0.000216,12,5
Kubernetes---kb_636_Normalized.json,Kubernetes---kb_636_Normalized.json::test_00002,invalid,passed,False,True,correct_reject,0.506261,0.020191,0.009419,0.010726,15,14
Kubernetes---kb_637_Normalized.json,Kubernetes---kb_637_Normalized.json::test_00000,valid,passed,True,True,correct_accept,0.78738,0.04974,0.022049,0.027605,25,25
Kubernetes---kb_637_Normalized.json,Kubernetes---kb_637_Normalized.json::test_00001,invalid,passed,False,True,correct_reject,0.78738,0.0139,0.006698,0.007162,23,13
Kubernetes---kb_638_Normalized.json,Kubernetes---kb_638_Normalized.json::test_00000,valid,passed,True,True,correct_accept,0.793664,0.050385,0.022567,0.027739,25,25
Kubernetes---kb_638_Normalized.json,Kubernetes---kb_638_Normalized.json::test_00001,invalid,passed,False,True,correct_reject,0.793664,0.001131,0.001105,6e-06,18,7
Kubernetes---kb_639_Normalized.json,Kubernetes---kb_639_Normalized.json::test_00000,valid,passed,True,True,correct_accept,0.820102,0.121392,0.056527,0.064708,50,50
Kubernetes---kb_639_Normalized.json,Kubernetes---kb_639_Normalized.json::test_00001,invalid,passed,False,True,correct_reject,0.820102,0.001113,0.001085,8e-06,33,8
Kubernetes---kb_639_Normalized.json,Kubernetes---kb_639_Normalized.json::test_00002,invalid,passed,False,True,correct_reject,0.820102,0.066436,0.031053,0.035288,32,30
Kubernetes---kb_639_Normalized.json,Kubernetes---kb_639_Normalized.json::test_00003,invalid,passed,False,True,correct_reject,0.820102,0.066359,0.031325,0.034939,53,28
Kubernetes---kb_639_Normalized.json,Kubernetes---kb_639_Normalized.json::test_00004,valid,passed,True,True,correct_accept,0.820102,0.189612,0.088514,0.100853,74,74
Kubernetes---kb_63_Normalized.json,Kubernetes---kb_63_Normalized.json::test_00000,valid,passed,True,True,correct_accept,1.46395,0.198206,0.094858,0.103077,86,86
Kubernetes---kb_63_Normalized.json,Kubernetes---kb_63_Normalized.json::test_00001,invalid,passed,False,True,correct_reject,1.46395,0.090144,0.043884,0.046149,90,30
Kubernetes---kb_63_Normalized.json,Kubernetes---kb_63_Normalized.json::test_00002,invalid,passed,False,True,correct_reject,1.46395,0.089468,0.04328,0.046075,78,30
Kubernetes---kb_63_Normalized.json,Kubernetes---kb_63_Normalized.json::test_00003,invalid,passed,False,True,correct_reject,1.46395,0.133607,0.064454,0.069001,90,42
Kubernetes---kb_63_Normalized.json,Kubernetes---kb_63_Normalized.json::test_00004,invalid,passed,False,True,correct_reject,1.46395,0.044737,0.021575,0.0231,77,18
Kubernetes---kb_63_Normalized.json,Kubernetes---kb_63_Normalized.json::test_00005,invalid,passed,False,True,correct_reject,1.46395,0.000201,1.2e-05,0.000174,59,6
Kubernetes---kb_640_Normalized.json,Kubernetes---kb_640_Normalized.json::test_00000,valid,passed,True,True,correct_accept,0.81541,0.118177,0.054406,0.063603,50,50
Kubernetes---kb_640_Normalized.json,Kubernetes---kb_640_Normalized.json::test_00001,invalid,passed,False,True,correct_reject,0.81541,0.001084,0.001056,8e-06,33,8
Kubernetes---kb_640_Normalized.json,Kubernetes---kb_640_Normalized.json::test_00002,invalid,passed,False,True,correct_reject,0.81541,0.062331,0.028549,0.03369,32,30
Kubernetes---kb_640_Normalized.json,Kubernetes---kb_640_Normalized.json::test_00003,valid,passed,True,True,correct_accept,0.81541,0.072074,0.033518,0.038455,34,34
Kubernetes---kb_640_Normalized.json,Kubernetes---kb_640_Normalized.json::test_00004,invalid,passed,False,True,correct_reject,0.81541,0.000974,0.000949,7e-06,22,8
Kubernetes---kb_641_Normalized.json,Kubernetes---kb_641_Normalized.json::test_00000,valid,passed,True,True,correct_accept,0.824231,0.105857,0.049569,0.056144,46,46
Kubernetes---kb_641_Normalized.json,Kubernetes---kb_641_Normalized.json::test_00001,invalid,passed,False,True,correct_reject,0.824231,0.000986,0.000961,6e-06,33,7
Kubernetes---kb_641_Normalized.json,Kubernetes---kb_641_Normalized.json::test_00002,invalid,passed,False,True,correct_reject,0.824231,0.049193,0.022924,0.026193,28,26
Kubernetes---kb_641_Normalized.json,Kubernetes---kb_641_Normalized.json::test_00003,invalid,passed,False,True,correct_reject,0.824231,2.8e-05,5e-06,5e-06,33,8
Kubernetes---kb_641_Normalized.json,Kubernetes---kb_641_Normalized.json::test_00004,invalid,passed,False,True,correct_reject,0.824231,0.049734,0.023401,0.026258,49,24
Kubernetes---kb_641_Normalized.json,Kubernetes---kb_641_Normalized.json::test_00005,valid,passed,True,True,correct_accept,0.824231,0.061619,0.02832,0.033205,30,30
Kubernetes---kb_641_Normalized.json,Kubernetes---kb_641_Normalized.json::test_00006,invalid,passed,False,True,correct_reject,0.824231,0.001015,0.000989,7e-06,18,8
Kubernetes---kb_642_Normalized.json,Kubernetes---kb_642_Normalized.json::test_00000,valid,passed,True,True,correct_accept,0.545036,0.043256,0.01996,0.023225,21,21
Kubernetes---kb_642_Normalized.json,Kubernetes---kb_642_Normalized.json::test_00001,invalid,passed,False,True,correct_reject,0.545036,0.00121,0.000998,0.000191,20,6
Kubernetes---kb_642_Normalized.json,Kubernetes---kb_642_Normalized.json::test_00002,invalid,passed,False,True,correct_reject,0.545036,0.012796,0.004857,0.00791,8,8
Kubernetes---kb_642_Normalized.json,Kubernetes---kb_642_Normalized.json::test_00003,invalid,passed,False,True,correct_reject,0.545036,0.013256,0.006569,0.006646,15,14
Kubernetes---kb_642_Normalized.json,Kubernetes---kb_642_Normalized.json::test_00004,invalid,passed,False,True,correct_reject,0.545036,0.000227,1.7e-05,0.000196,20,6
Kubernetes---kb_643_Normalized.json,Kubernetes---kb_643_Normalized.json::test_00000,valid,passed,True,True,correct_accept,0.54866,0.043114,0.019922,0.023121,21,21
Kubernetes---kb_643_Normalized.json,Kubernetes---kb_643_Normalized.json::test_00001,invalid,passed,False,True,correct_reject,0.54866,0.001207,0.000999,0.00019,20,6
Kubernetes---kb_643_Normalized.json,Kubernetes---kb_643_Normalized.json::test_00002,invalid,passed,False,True,correct_reject,0.54866,0.013618,0.005114,0.008476,8,8
Kubernetes---kb_643_Normalized.json,Kubernetes---kb_643_Normalized.json::test_00003,invalid,passed,False,True,correct_reject,0.54866,0.013375,0.006575,0.006758,15,14
Kubernetes---kb_643_Normalized.json,Kubernetes---kb_643_Normalized.json::test_00004,invalid,passed,False,True,correct_reject,0.54866,0.000213,1.7e-05,0.000181,20,6
Kubernetes---kb_644_Normalized.json,Kubernetes---kb_644_Normalized.json::test_00000,valid,failed,False,True,over_constraint,32.3327,2.7e-05,9e-06,6e-06,336,2
Kubernetes---kb_644_Normalized.json,Kubernetes---kb_644_Normalized.json::test_00001,valid,failed,False,True,over_constraint,32.3327,2.1e-05,7e-06,5e-06,1515,2
Kubernetes---kb_645_Normalized.json,Kubernetes---kb_645_Normalized.json::test_00000,valid,failed,False,True,over_constraint,32.9712,2.6e-05,9e-06,5e-06,374,2
Kubernetes---kb_645_Normalized.json,Kubernetes---kb_645_Normalized.json::test_00001,valid,failed,False,True,over_constraint,32.9712,2e-05,7e-06,5e-06,853,2
Kubernetes---kb_646_Normalized.json,Kubernetes---kb_646_Normalized.json::test_00000,valid,passed,True,True,correct_accept,2.93575,0.093203,0.042594,0.05045,53,53
Kubernetes---kb_646_Normalized.json,Kubernetes---kb_646_Normalized.json::test_00001,valid,passed,True,True,correct_accept,2.93575,0.11936,0.05597,0.06319,70,70
Kubernetes---kb_646_Normalized.json,Kubernetes---kb_646_Normalized.json::test_00002,invalid,passed,False,True,correct_reject,2.93575,0.113653,0.054161,0.059312,73,68
Kubernetes---kb_646_Normalized.json,Kubernetes---kb_646_Normalized.json::test_00003,invalid,passed,False,True,correct_reject,2.93575,0.110613,0.051924,0.058512,70,68
Kubernetes---kb_646_Normalized.json,Kubernetes---kb_646_Normalized.json::test_00004,invalid,passed,False,True,correct_reject,2.93575,0.033243,0.01553,0.017641,61,28
Kubernetes---kb_647_Normalized.json,Kubernetes---kb_647_Normalized.json::test_00000,valid,passed,True,True,correct_accept,3.33364,0.112087,0.051726,0.060164,74,74
Kubernetes---kb_647_Normalized.json,Kubernetes---kb_647_Normalized.json::test_00001,invalid,passed,False,True,correct_reject,3.33364,0.105043,0.04994,0.054913,73,72
Kubernetes---kb_647_Normalized.json,Kubernetes---kb_647_Normalized.json::test_00002,invalid,passed,False,True,correct_reject,3.33364,0.037215,0.017093,0.020059,66,21
Kubernetes---kb_648_Normalized.json,Kubernetes---kb_648_Normalized.json::test_00000,valid,passed,True,True,correct_accept,3.34657,0.131437,0.060207,0.071011,78,78
Kubernetes---kb_648_Normalized.json,Kubernetes---kb_648_Normalized.json::test_00001,valid,passed,True,True,correct_accept,3.34657,0.11415,0.053197,0.060761,74,74
Kubernetes---kb_648_Normalized.json,Kubernetes---kb_648_Normalized.json::test_00002,invalid,passed,False,True,correct_reject,3.34657,0.106025,0.050139,0.055709,73,72
Kubernetes---kb_648_Normalized.json,Kubernetes---kb_648_Normalized.json::test_00003,invalid,passed,False,True,correct_reject,3.34657,0.049032,0.022914,0.026033,68,31
Kubernetes---kb_649_Normalized.json,Kubernetes---kb_649_Normalized.json::test_00000,valid,passed,True,True,correct_accept,2.95466,0.088913,0.04108,0.047669,63,63
Kubernetes---kb_649_Normalized.json,Kubernetes---kb_649_Normalized.json::test_00001,invalid,passed,False,True,correct_reject,2.95466,0.009369,0.004925,0.004396,62,21
Kubernetes---kb_649_Normalized.json,Kubernetes---kb_649_Normalized.json::test_00002,invalid,passed,False,True,correct_reject,2.95466,0.000232,1.9e-05,0.000199,61,5
Kubernetes---kb_649_Normalized.json,Kubernetes---kb_649_Normalized.json::test_00003,invalid,passed,False,True,correct_reject,2.95466,0.072938,0.033339,0.039471,69,43
Kubernetes---kb_649_Normalized.json,Kubernetes---kb_649_Normalized.json::test_00004,invalid,passed,False,True,correct_reject,2.95466,0.000209,1.8e-05,0.000175,52,5
Kubernetes---kb_64_Normalized.json,Kubernetes---kb_64_Normalized.json::test_00000,valid,passed,True,True,correct_accept,1.46494,0.20354,0.093102,0.110188,86,86
Kubernetes---kb_64_Normalized.json,Kubernetes---kb_64_Normalized.json::test_00001,invalid,passed,False,True,correct_reject,1.46494,0.095077,0.044117,0.050856,78,30
Kubernetes---kb_64_Normalized.json,Kubernetes---kb_64_Normalized.json::test_00002,invalid,passed,False,True,correct_reject,1.46494,0.176436,0.080893,0.095337,85,72
Kubernetes---kb_64_Normalized.json,Kubernetes---kb_64_Normalized.json::test_00003,invalid,passed,False,True,correct_reject,1.46494,0.137111,0.063144,0.073821,90,42
Kubernetes---kb_64_Normalized.json,Kubernetes---kb_64_Normalized.json::test_00004,invalid,passed,False,True,correct_reject,1.46494,0.05336,0.023249,0.030045,78,18
Kubernetes---kb_64_Normalized.json,Kubernetes---kb_64_Normalized.json::test_00005,invalid,passed,False,True,correct_reject,1.46494,0.000197,1.1e-05,0.000171,77,6
Kubernetes---kb_650_Normalized.json,Kubernetes---kb_650_Normalized.json::test_00000,valid,passed,True,True,correct_accept,3.254,0.117093,0.053928,0.062937,83,83
Kubernetes---kb_650_Normalized.json,Kubernetes---kb_650_Normalized.json::test_00001,valid,passed,True,True,correct_accept,3.254,0.124085,0.057317,0.06656,85,85
Kubernetes---kb_650_Normalized.json,Kubernetes---kb_650_Normalized.json::test_00002,invalid,passed,False,True,correct_reject,3.254,0.000376,6.2e-05,0.000284,85,16
Kubernetes---kb_650_Normalized.json,Kubernetes---kb_650_Normalized.json::test_00003,invalid,passed,False,True,correct_reject,3.254,3e-05,2e-05,2e-06,10,2
Kubernetes---kb_651_Normalized.json,Kubernetes---kb_651_Normalized.json::test_00000,valid,passed,True,True,correct_accept,3.22622,0.118247,0.055686,0.062352,77,77
Kubernetes---kb_651_Normalized.json,Kubernetes---kb_651_Normalized.json::test_00001,valid,passed,True,True,correct_accept,3.22622,0.110226,0.051062,0.058972,76,76
Kubernetes---kb_652_Normalized.json,Kubernetes---kb_652_Normalized.json::test_00000,valid,passed,True,True,correct_accept,1.30915,0.153167,0.068733,0.084235,68,68
Kubernetes---kb_652_Normalized.json,Kubernetes---kb_652_Normalized.json::test_00001,invalid,passed,False,True,correct_reject,1.30915,0.001193,0.000988,0.000187,67,6
Kubernetes---kb_652_Normalized.json,Kubernetes---kb_652_Normalized.json::test_00002,invalid,passed,False,True,correct_reject,1.30915,0.000174,1.3e-05,0.000145,66,5
Kubernetes---kb_652_Normalized.json,Kubernetes---kb_652_Normalized.json::test_00003,invalid,passed,False,True,correct_reject,1.30915,0.000267,1.9e-05,0.000217,66,5
Kubernetes---kb_653_Normalized.json,Kubernetes---kb_653_Normalized.json::test_00000,valid,passed,True,True,correct_accept,1.36212,0.170043,0.082057,0.08777,68,68
Kubernetes---kb_653_Normalized.json,Kubernetes---kb_653_Normalized.json::test_00001,invalid,passed,False,True,correct_reject,1.36212,0.002545,0.002212,0.000304,67,6
Kubernetes---kb_653_Normalized.json,Kubernetes---kb_653_Normalized.json::test_00002,invalid,passed,False,True,correct_reject,1.36212,0.000234,1.6e-05,0.000203,66,5
Kubernetes---kb_653_Normalized.json,Kubernetes---kb_653_Normalized.json::test_00003,valid,passed,True,True,correct_accept,1.36212,0.163325,0.079676,0.083463,68,68
Kubernetes---kb_653_Normalized.json,Kubernetes---kb_653_Normalized.json::test_00004,invalid,passed,False,True,correct_reject,1.36212,0.00127,0.001081,0.000169,67,6
Kubernetes---kb_653_Normalized.json,Kubernetes---kb_653_Normalized.json::test_00005,invalid,passed,False,True,correct_reject,1.36212,0.000208,1.3e-05,0.00018,74,5
Kubernetes---kb_654_Normalized.json,Kubernetes---kb_654_Normalized.json::test_00000,valid,passed,True,True,correct_accept,0.705443,0.029561,0.013298,0.016201,18,18
Kubernetes---kb_654_Normalized.json,Kubernetes---kb_654_Normalized.json::test_00001,valid,passed,True,True,correct_accept,0.705443,0.02994,0.01337,0.016515,17,17
Kubernetes---kb_654_Normalized.json,Kubernetes---kb_654_Normalized.json::test_00002,invalid,passed,False,True,correct_reject,0.705443,3.7e-05,1.7e-05,4e-06,8,5
Kubernetes---kb_654_Normalized.json,Kubernetes---kb_654_Normalized.json::test_00003,invalid,passed,False,True,correct_reject,0.705443,0.030524,0.013369,0.017101,16,15
Kubernetes---kb_654_Normalized.json,Kubernetes---kb_654_Normalized.json::test_00004,invalid,passed,False,True,correct_reject,0.705443,0.009226,0.00387,0.005326,15,8
Kubernetes---kb_655_Normalized.json,Kubernetes---kb_655_Normalized.json::test_00000,valid,passed,True,True,correct_accept,0.719349,0.032164,0.013933,0.018165,18,18
Kubernetes---kb_655_Normalized.json,Kubernetes---kb_655_Normalized.json::test_00001,invalid,passed,False,True,correct_reject,0.719349,3.6e-05,1.6e-05,2e-06,7,5
Kubernetes---kb_655_Normalized.json,Kubernetes---kb_655_Normalized.json::test_00002,invalid,passed,False,True,correct_reject,0.719349,0.009324,0.00381,0.005487,20,8
Kubernetes---kb_656_Normalized.json,Kubernetes---kb_656_Normalized.json::test_00000,valid,passed,True,True,correct_accept,0.738197,0.030264,0.013245,0.016956,18,18
Kubernetes---kb_656_Normalized.json,Kubernetes---kb_656_Normalized.json::test_00001,invalid,passed,False,True,correct_reject,0.738197,3.2e-05,1.5e-05,2e-06,17,5
Kubernetes---kb_656_Normalized.json,Kubernetes---kb_656_Normalized.json::test_00002,invalid,passed,False,True,correct_reject,0.738197,0.038637,0.016928,0.021641,23,22
Kubernetes---kb_656_Normalized.json,Kubernetes---kb_656_Normalized.json::test_00003,invalid,passed,False,True,correct_reject,0.738197,0.008894,0.003718,0.005149,17,8
Kubernetes---kb_657_Normalized.json,Kubernetes---kb_657_Normalized.json::test_00000,valid,failed,False,True,over_constraint,1.08761,0.114795,0.050877,0.063774,57,44
Kubernetes---kb_657_Normalized.json,Kubernetes---kb_657_Normalized.json::test_00001,invalid,passed,False,True,correct_reject,1.08761,0.001272,0.001061,0.000194,56,6
Kubernetes---kb_657_Normalized.json,Kubernetes---kb_657_Normalized.json::test_00002,valid,passed,True,True,correct_accept,1.08761,0.112993,0.05076,0.062073,57,57
Kubernetes---kb_657_Normalized.json,Kubernetes---kb_657_Normalized.json::test_00003,invalid,passed,False,True,correct_reject,1.08761,0.117578,0.053338,0.064101,556,44
Kubernetes---kb_658_Normalized.json,Kubernetes---kb_658_Normalized.json::test_00000,valid,failed,False,True,over_constraint,1.11546,0.112389,0.050173,0.062074,113,44
Kubernetes---kb_658_Normalized.json,Kubernetes---kb_658_Normalized.json::test_00001,invalid,passed,False,True,correct_reject,1.11546,0.001238,0.001026,0.000193,51,6
Kubernetes---kb_658_Normalized.json,Kubernetes---kb_658_Normalized.json::test_00002,invalid,passed,False,True,correct_reject,1.11546,0.020726,0.009463,0.011212,50,19
Kubernetes---kb_658_Normalized.json,Kubernetes---kb_658_Normalized.json::test_00003,invalid,passed,False,True,correct_reject,1.11546,0.111372,0.049985,0.061257,59,44
Kubernetes---kb_658_Normalized.json,Kubernetes---kb_658_Normalized.json::test_00004,valid,passed,True,True,correct_accept,1.11546,0.112273,0.051135,0.060973,57,57
Kubernetes---kb_658_Normalized.json,Kubernetes---kb_658_Normalized.json::test_00005,invalid,passed,False,True,correct_reject,1.11546,0.001183,0.000964,0.000203,56,6
Kubernetes---kb_658_Normalized.json,Kubernetes---kb_658_Normalized.json::test_00006,invalid,passed,False,True,correct_reject,1.11546,0.000214,1.5e-05,0.000182,56,6
Kubernetes---kb_65_Normalized.json,Kubernetes---kb_65_Normalized.json::test_00000,valid,passed,True,True,correct_accept,1.34554,0.19023,0.088941,0.101042,80,80
Kubernetes---kb_65_Normalized.json,Kubernetes---kb_65_Normalized.json::test_00001,invalid,passed,False,True,correct_reject,1.34554,0.044932,0.021716,0.023154,72,18
Kubernetes---kb_65_Normalized.json,Kubernetes---kb_65_Normalized.json::test_00002,invalid,passed,False,True,correct_reject,1.34554,0.131163,0.062175,0.068842,84,42
Kubernetes---kb_65_Normalized.json,Kubernetes---kb_65_Normalized.json::test_00003,invalid,passed,False,True,correct_reject,1.34554,0.044055,0.020878,0.023114,71,18
Kubernetes---kb_65_Normalized.json,Kubernetes---kb_65_Normalized.json::test_00004,valid,passed,True,True,correct_accept,1.34554,0.174487,0.081943,0.092318,77,77
Kubernetes---kb_65_Normalized.json,Kubernetes---kb_65_Normalized.json::test_00005,invalid,passed,False,True,correct_reject,1.34554,0.001161,0.000955,0.00019,69,6
Kubernetes---kb_65_Normalized.json,Kubernetes---kb_65_Normalized.json::test_00006,invalid,passed,False,True,correct_reject,1.34554,0.134291,0.063907,0.070236,81,43
Kubernetes---kb_661_Normalized.json,Kubernetes---kb_661_Normalized.json::test_00000,valid,failed,False,True,over_constraint,87.4698,0.068923,0.031876,0.036856,142,77
Kubernetes---kb_661_Normalized.json,Kubernetes---kb_661_Normalized.json::test_00001,valid,failed,False,True,over_constraint,87.4698,0.06053,0.02807,0.032304,127,71
Kubernetes---kb_661_Normalized.json,Kubernetes---kb_661_Normalized.json::test_00002,invalid,passed,False,True,correct_reject,87.4698,0.036664,0.016924,0.019642,131,41
Kubernetes---kb_661_Normalized.json,Kubernetes---kb_661_Normalized.json::test_00003,invalid,passed,False,True,correct_reject,87.4698,0.016762,0.007565,0.009133,158,28
Kubernetes---kb_662_Normalized.json,Kubernetes---kb_662_Normalized.json::test_00000,valid,failed,False,True,over_constraint,88.0958,0.090734,0.041896,0.048636,129,80
Kubernetes---kb_662_Normalized.json,Kubernetes---kb_662_Normalized.json::test_00001,valid,failed,False,True,over_constraint,88.0958,0.079637,0.037259,0.042204,120,71
Kubernetes---kb_662_Normalized.json,Kubernetes---kb_662_Normalized.json::test_00002,invalid,passed,False,True,correct_reject,88.0958,0.013165,0.005752,0.007376,120,13
Kubernetes---kb_662_Normalized.json,Kubernetes---kb_662_Normalized.json::test_00003,invalid,passed,False,True,correct_reject,88.0958,0.073585,0.034468,0.038975,120,60
Kubernetes---kb_663_Normalized.json,Kubernetes---kb_663_Normalized.json::test_00000,valid,passed,True,True,correct_accept,43.864,0.261466,0.11886,0.142204,156,156
Kubernetes---kb_663_Normalized.json,Kubernetes---kb_663_Normalized.json::test_00001,valid,passed,True,True,correct_accept,43.864,0.256126,0.117698,0.138032,157,157
Kubernetes---kb_663_Normalized.json,Kubernetes---kb_663_Normalized.json::test_00002,invalid,passed,False,True,correct_reject,43.864,0.025944,0.012471,0.013395,197,35
Kubernetes---kb_664_Normalized.json,Kubernetes---kb_664_Normalized.json::test_00000,valid,passed,True,True,correct_accept,45.5753,0.267885,0.123576,0.143927,157,157
Kubernetes---kb_664_Normalized.json,Kubernetes---kb_664_Normalized.json::test_00001,valid,passed,True,True,correct_accept,45.5753,0.289408,0.13582,0.153178,172,172
Kubernetes---kb_664_Normalized.json,Kubernetes---kb_664_Normalized.json::test_00002,invalid,passed,False,True,correct_reject,45.5753,0.053212,0.025414,0.027669,171,51
Kubernetes---kb_664_Normalized.json,Kubernetes---kb_664_Normalized.json::test_00003,invalid,passed,False,True,correct_reject,45.5753,0.037114,0.01729,0.019741,161,35
Kubernetes---kb_665_Normalized.json,Kubernetes---kb_665_Normalized.json::test_00000,valid,passed,True,True,correct_accept,1.18834,0.184692,0.079642,0.104829,71,71
Kubernetes---kb_665_Normalized.json,Kubernetes---kb_665_Normalized.json::test_00001,invalid,passed,False,True,correct_reject,1.18834,0.122926,0.053745,0.069041,66,45
Kubernetes---kb_665_Normalized.json,Kubernetes---kb_665_Normalized.json::test_00002,invalid,passed,False,True,correct_reject,1.18834,0.168458,0.073391,0.094885,71,63
Kubernetes---kb_666_Normalized.json,Kubernetes---kb_666_Normalized.json::test_00000,valid,passed,True,True,correct_accept,1.21744,0.17925,0.082227,0.096804,71,71
Kubernetes---kb_666_Normalized.json,Kubernetes---kb_666_Normalized.json::test_00001,invalid,passed,False,True,correct_reject,1.21744,0.118685,0.055368,0.063177,66,45
Kubernetes---kb_666_Normalized.json,Kubernetes---kb_666_Normalized.json::test_00002,invalid,passed,False,True,correct_reject,1.21744,0.154924,0.071884,0.082849,71,63
Kubernetes---kb_667_Normalized.json,Kubernetes---kb_667_Normalized.json::test_00000,valid,passed,True,True,correct_accept,71.3449,0.177672,0.082182,0.095161,141,141
Kubernetes---kb_667_Normalized.json,Kubernetes---kb_667_Normalized.json::test_00001,invalid,passed,False,True,correct_reject,71.3449,0.058046,0.027267,0.030628,138,65
Kubernetes---kb_667_Normalized.json,Kubernetes---kb_667_Normalized.json::test_00002,invalid,passed,False,True,correct_reject,71.3449,0.057003,0.026344,0.030524,138,65
Kubernetes---kb_669_Normalized.json,Kubernetes---kb_669_Normalized.json::test_00000,valid,passed,True,True,correct_accept,4.30057,0.243604,0.111244,0.132019,123,123
Kubernetes---kb_669_Normalized.json,Kubernetes---kb_669_Normalized.json::test_00001,valid,passed,True,True,correct_accept,4.30057,0.233169,0.109876,0.122966,122,122
Kubernetes---kb_669_Normalized.json,Kubernetes---kb_669_Normalized.json::test_00002,invalid,passed,False,True,correct_reject,4.30057,0.01409,0.006838,0.00722,148,10
Kubernetes---kb_669_Normalized.json,Kubernetes---kb_669_Normalized.json::test_00003,invalid,passed,False,True,correct_reject,4.30057,0.000205,1.1e-05,0.000179,130,6
Kubernetes---kb_66_Normalized.json,Kubernetes---kb_66_Normalized.json::test_00000,valid,passed,True,True,correct_accept,1.30145,0.199356,0.093209,0.105903,82,82
Kubernetes---kb_66_Normalized.json,Kubernetes---kb_66_Normalized.json::test_00001,invalid,passed,False,True,correct_reject,1.30145,0.045857,0.022108,0.02369,73,18
Kubernetes---kb_66_Normalized.json,Kubernetes---kb_66_Normalized.json::test_00002,invalid,passed,False,True,correct_reject,1.30145,0.132704,0.06279,0.069764,86,42
Kubernetes---kb_66_Normalized.json,Kubernetes---kb_66_Normalized.json::test_00003,valid,passed,True,True,correct_accept,1.30145,0.188782,0.089066,0.099485,80,80
Kubernetes---kb_66_Normalized.json,Kubernetes---kb_66_Normalized.json::test_00004,invalid,passed,False,True,correct_reject,1.30145,0.000976,0.000954,7e-06,47,6
Kubernetes---kb_66_Normalized.json,Kubernetes---kb_66_Normalized.json::test_00005,invalid,passed,False,True,correct_reject,1.30145,0.088635,0.041968,0.046568,71,30
Kubernetes---kb_670_Normalized.json,Kubernetes---kb_670_Normalized.json::test_00000,valid,passed,True,True,correct_accept,4.36734,0.244437,0.113694,0.130396,122,122
Kubernetes---kb_670_Normalized.json,Kubernetes---kb_670_Normalized.json::test_00001,invalid,passed,False,True,correct_reject,4.36734,0.001027,0.001002,8e-06,118,5
Kubernetes---kb_671_Normalized.json,Kubernetes---kb_671_Normalized.json::test_00000,valid,passed,True,True,correct_accept,3.16076,0.369272,0.17199,0.196816,166,166
Kubernetes---kb_671_Normalized.json,Kubernetes---kb_671_Normalized.json::test_00001,invalid,passed,False,True,correct_reject,3.16076,0.363148,0.170226,0.19246,166,165
Kubernetes---kb_671_Normalized.json,Kubernetes---kb_671_Normalized.json::test_00002,invalid,passed,False,True,correct_reject,3.16076,0.042017,0.019765,0.022186,181,24
Kubernetes---kb_671_Normalized.json,Kubernetes---kb_671_Normalized.json::test_00003,invalid,passed,False,True,correct_reject,3.16076,0.031911,0.015147,0.016705,351,23
Kubernetes---kb_672_Normalized.json,Kubernetes---kb_672_Normalized.json::test_00000,valid,passed,True,True,correct_accept,3.14188,0.215197,0.09984,0.115054,100,100
Kubernetes---kb_672_Normalized.json,Kubernetes---kb_672_Normalized.json::test_00001,valid,passed,True,True,correct_accept,3.14188,0.370316,0.17313,0.196705,166,166
Kubernetes---kb_672_Normalized.json,Kubernetes---kb_672_Normalized.json::test_00002,invalid,passed,False,True,correct_reject,3.14188,0.024738,0.012384,0.012305,170,15
Kubernetes---kb_672_Normalized.json,Kubernetes---kb_672_Normalized.json::test_00003,invalid,passed,False,True,correct_reject,3.14188,0.032956,0.015379,0.01752,164,19
Kubernetes---kb_672_Normalized.json,Kubernetes---kb_672_Normalized.json::test_00004,invalid,passed,False,True,correct_reject,3.14188,0.024315,0.011626,0.012646,163,14
Kubernetes---kb_673_Normalized.json,Kubernetes---kb_673_Normalized.json::test_00000,valid,passed,True,True,correct_accept,0.518225,0.018519,0.008198,0.010273,14,14
Kubernetes---kb_673_Normalized.json,Kubernetes---kb_673_Normalized.json::test_00001,invalid,passed,False,True,correct_reject,0.518225,0.000221,1.2e-05,0.000193,12,6
Kubernetes---kb_674_Normalized.json,Kubernetes---kb_674_Normalized.json::test_00000,valid,passed,True,True,correct_accept,0.53114,0.017606,0.007604,0.009956,14,14
Kubernetes---kb_674_Normalized.json,Kubernetes---kb_674_Normalized.json::test_00001,invalid,passed,False,True,correct_reject,0.53114,0.000225,1.3e-05,0.000195,12,6
Kubernetes---kb_674_Normalized.json,Kubernetes---kb_674_Normalized.json::test_00002,invalid,passed,False,True,correct_reject,0.53114,0.000221,2.5e-05,0.000179,13,6
Kubernetes---kb_675_Normalized.json,Kubernetes---kb_675_Normalized.json::test_00000,valid,failed,False,True,over_constraint,106.845,0.091131,0.041882,0.049044,165,86
Kubernetes---kb_675_Normalized.json,Kubernetes---kb_675_Normalized.json::test_00001,valid,failed,False,True,over_constraint,106.845,0.081518,0.037974,0.04336,171,83
Kubernetes---kb_675_Normalized.json,Kubernetes---kb_675_Normalized.json::test_00002,invalid,passed,False,True,correct_reject,106.845,3e-05,5e-06,5e-06,169,10
Kubernetes---kb_676_Normalized.json,Kubernetes---kb_676_Normalized.json::test_00000,valid,failed,False,True,over_constraint,107.589,0.1077,0.053282,0.054212,170,83
Kubernetes---kb_676_Normalized.json,Kubernetes---kb_676_Normalized.json::test_00001,invalid,passed,False,True,correct_reject,107.589,0.01366,0.006301,0.007326,308,10
Kubernetes---kb_677_Normalized.json,Kubernetes---kb_677_Normalized.json::test_00000,valid,passed,True,True,correct_accept,29.828,0.255444,0.117714,0.137351,133,133
Kubernetes---kb_677_Normalized.json,Kubernetes---kb_677_Normalized.json::test_00001,valid,failed,False,True,over_constraint,29.828,0.00111,0.001092,6e-06,121,2
Kubernetes---kb_678_Normalized.json,Kubernetes---kb_678_Normalized.json::test_00000,valid,passed,True,True,correct_accept,29.9597,0.295426,0.13796,0.157104,139,139
Kubernetes---kb_679_Normalized.json,Kubernetes---kb_679_Normalized.json::test_00000,valid,passed,True,True,correct_accept,0.673888,0.049936,0.023325,0.026533,24,24
Kubernetes---kb_679_Normalized.json,Kubernetes---kb_679_Normalized.json::test_00001,invalid,passed,False,True,correct_reject,0.673888,0.001249,0.001027,0.000205,19,5
Kubernetes---kb_679_Normalized.json,Kubernetes---kb_679_Normalized.json::test_00002,invalid,passed,False,True,correct_reject,0.673888,0.031138,0.014565,0.016521,24,16
Kubernetes---kb_679_Normalized.json,Kubernetes---kb_679_Normalized.json::test_00003,valid,passed,True,True,correct_accept,0.673888,0.057509,0.025003,0.03241,23,23
Kubernetes---kb_679_Normalized.json,Kubernetes---kb_679_Normalized.json::test_00004,invalid,passed,False,True,correct_reject,0.673888,0.001264,0.001071,0.000174,19,5
Kubernetes---kb_680_Normalized.json,Kubernetes---kb_680_Normalized.json::test_00000,valid,passed,True,True,correct_accept,0.692132,0.044187,0.019826,0.024284,23,23
Kubernetes---kb_680_Normalized.json,Kubernetes---kb_680_Normalized.json::test_00001,invalid,passed,False,True,correct_reject,0.692132,0.001455,0.001221,0.000214,19,5
Kubernetes---kb_680_Normalized.json,Kubernetes---kb_680_Normalized.json::test_00002,invalid,passed,False,True,correct_reject,0.692132,0.025906,0.011707,0.014154,23,15
Kubernetes---kb_680_Normalized.json,Kubernetes---kb_680_Normalized.json::test_00003,valid,passed,True,True,correct_accept,0.692132,0.043054,0.019014,0.023967,21,21
Kubernetes---kb_680_Normalized.json,Kubernetes---kb_680_Normalized.json::test_00004,invalid,passed,False,True,correct_reject,0.692132,0.024479,0.011563,0.01287,21,15
Kubernetes---kb_680_Normalized.json,Kubernetes---kb_680_Normalized.json::test_00005,invalid,passed,False,True,correct_reject,0.692132,0.024515,0.011569,0.012898,21,15
Kubernetes---kb_681_Normalized.json,Kubernetes---kb_681_Normalized.json::test_00000,valid,failed,False,True,over_constraint,0.518164,0.022546,0.009381,0.013122,18,10
Kubernetes---kb_681_Normalized.json,Kubernetes---kb_681_Normalized.json::test_00001,invalid,passed,False,True,correct_reject,0.518164,0.00122,0.001006,0.000195,16,6
Kubernetes---kb_681_Normalized.json,Kubernetes---kb_681_Normalized.json::test_00002,invalid,passed,False,True,correct_reject,0.518164,0.021634,0.009359,0.012241,18,10
Kubernetes---kb_681_Normalized.json,Kubernetes---kb_681_Normalized.json::test_00003,valid,passed,True,True,correct_accept,0.518164,0.034883,0.016339,0.01849,18,18
Kubernetes---kb_682_Normalized.json,Kubernetes---kb_682_Normalized.json::test_00000,valid,failed,False,True,over_constraint,0.547364,0.021396,0.00867,0.012684,18,10
Kubernetes---kb_682_Normalized.json,Kubernetes---kb_682_Normalized.json::test_00001,invalid,passed,False,True,correct_reject,0.547364,0.001226,0.001013,0.000193,16,6
Kubernetes---kb_682_Normalized.json,Kubernetes---kb_682_Normalized.json::test_00002,invalid,passed,False,True,correct_reject,0.547364,0.021004,0.008613,0.012355,18,10
Kubernetes---kb_682_Normalized.json,Kubernetes---kb_682_Normalized.json::test_00003,valid,passed,True,True,correct_accept,0.547364,0.034402,0.015727,0.01862,18,18
Kubernetes---kb_682_Normalized.json,Kubernetes---kb_682_Normalized.json::test_00004,invalid,passed,False,True,correct_reject,0.547364,0.001156,0.000944,0.000197,14,5
Kubernetes---kb_683_Normalized.json,Kubernetes---kb_683_Normalized.json::test_00000,valid,passed,True,True,correct_accept,238.647,0.064363,0.028058,0.036136,48,48
Kubernetes---kb_683_Normalized.json,Kubernetes---kb_683_Normalized.json::test_00001,valid,passed,True,True,correct_accept,238.647,0.047182,0.021552,0.025494,59,59
Kubernetes---kb_684_Normalized.json,Kubernetes---kb_684_Normalized.json::test_00000,valid,passed,True,True,correct_accept,235.335,0.059912,0.028282,0.03149,59,59
Kubernetes---kb_684_Normalized.json,Kubernetes---kb_684_Normalized.json::test_00001,valid,passed,True,True,correct_accept,235.335,0.053773,0.024518,0.029137,47,47
Kubernetes---kb_685_Normalized.json,Kubernetes---kb_685_Normalized.json::test_00000,valid,passed,True,True,correct_accept,9.61051,0.204463,0.090714,0.113284,168,168
Kubernetes---kb_685_Normalized.json,Kubernetes---kb_685_Normalized.json::test_00001,invalid,passed,False,True,correct_reject,9.61051,3.7e-05,5e-06,6e-06,59,11
Kubernetes---kb_685_Normalized.json,Kubernetes---kb_685_Normalized.json::test_00002,invalid,passed,False,True,correct_reject,9.61051,3.3e-05,5e-06,6e-06,59,12
Kubernetes---kb_685_Normalized.json,Kubernetes---kb_685_Normalized.json::test_00003,valid,passed,True,True,correct_accept,9.61051,0.14554,0.065454,0.079779,141,141
Kubernetes---kb_685_Normalized.json,Kubernetes---kb_685_Normalized.json::test_00004,invalid,passed,False,True,correct_reject,9.61051,0.102726,0.046161,0.056307,117,114
Kubernetes---kb_686_Normalized.json,Kubernetes---kb_686_Normalized.json::test_00000,valid,passed,True,True,correct_accept,9.46268,0.178531,0.081798,0.096357,166,166
Kubernetes---kb_686_Normalized.json,Kubernetes---kb_686_Normalized.json::test_00001,invalid,passed,False,True,correct_reject,9.46268,3.2e-05,5e-06,5e-06,59,11
Kubernetes---kb_686_Normalized.json,Kubernetes---kb_686_Normalized.json::test_00002,invalid,passed,False,True,correct_reject,9.46268,0.029152,0.013205,0.015852,49,46
Kubernetes---kb_686_Normalized.json,Kubernetes---kb_686_Normalized.json::test_00003,invalid,passed,False,True,correct_reject,9.46268,0.054394,0.024577,0.02969,174,55
Kubernetes---kb_686_Normalized.json,Kubernetes---kb_686_Normalized.json::test_00004,invalid,passed,False,True,correct_reject,9.46268,0.124065,0.057254,0.066543,175,121
Kubernetes---kb_686_Normalized.json,Kubernetes---kb_686_Normalized.json::test_00005,valid,passed,True,True,correct_accept,9.46268,0.118922,0.054441,0.064229,116,116
Kubernetes---kb_686_Normalized.json,Kubernetes---kb_686_Normalized.json::test_00006,invalid,passed,False,True,correct_reject,9.46268,3.7e-05,6e-06,5e-06,112,12
Kubernetes---kb_686_Normalized.json,Kubernetes---kb_686_Normalized.json::test_00007,invalid,passed,False,True,correct_reject,9.46268,0.000106,2.7e-05,3.3e-05,125,12
Kubernetes---kb_686_Normalized.json,Kubernetes---kb_686_Normalized.json::test_00008,invalid,passed,False,True,correct_reject,9.46268,3.2e-05,4e-06,5e-06,158,12
Kubernetes---kb_687_Normalized.json,Kubernetes---kb_687_Normalized.json::test_00000,valid,failed,False,True,over_constraint,2.38043,0.037362,0.01621,0.02108,70,21
Kubernetes---kb_687_Normalized.json,Kubernetes---kb_687_Normalized.json::test_00001,invalid,passed,False,True,correct_reject,2.38043,0.030591,0.014296,0.016239,78,20
Kubernetes---kb_687_Normalized.json,Kubernetes---kb_687_Normalized.json::test_00002,invalid,passed,False,True,correct_reject,2.38043,0.069231,0.032323,0.036771,70,54
Kubernetes---kb_687_Normalized.json,Kubernetes---kb_687_Normalized.json::test_00003,invalid,passed,False,True,correct_reject,2.38043,0.036932,0.016214,0.020655,70,21
Kubernetes---kb_687_Normalized.json,Kubernetes---kb_687_Normalized.json::test_00004,invalid,passed,False,True,correct_reject,2.38043,0.046945,0.02214,0.024724,76,26
Kubernetes---kb_687_Normalized.json,Kubernetes---kb_687_Normalized.json::test_00005,valid,passed,True,True,correct_accept,2.38043,0.125257,0.058507,0.066537,86,86
Kubernetes---kb_687_Normalized.json,Kubernetes---kb_687_Normalized.json::test_00006,invalid,passed,False,True,correct_reject,2.38043,0.086277,0.041453,0.044655,86,70
Kubernetes---kb_687_Normalized.json,Kubernetes---kb_687_Normalized.json::test_00007,invalid,passed,False,True,correct_reject,2.38043,0.093745,0.044193,0.049386,91,68
Kubernetes---kb_688_Normalized.json,Kubernetes---kb_688_Normalized.json::test_00000,valid,failed,False,True,over_constraint,2.40058,0.037418,0.016129,0.021212,70,21
Kubernetes---kb_688_Normalized.json,Kubernetes---kb_688_Normalized.json::test_00001,invalid,passed,False,True,correct_reject,2.40058,0.030817,0.014291,0.016465,77,20
Kubernetes---kb_688_Normalized.json,Kubernetes---kb_688_Normalized.json::test_00002,invalid,passed,False,True,correct_reject,2.40058,0.069283,0.032151,0.036989,67,54
Kubernetes---kb_688_Normalized.json,Kubernetes---kb_688_Normalized.json::test_00003,invalid,passed,False,True,correct_reject,2.40058,0.054117,0.02159,0.032431,69,21
Kubernetes---kb_688_Normalized.json,Kubernetes---kb_688_Normalized.json::test_00004,invalid,passed,False,True,correct_reject,2.40058,0.050953,0.0237,0.027168,77,27
Kubernetes---kb_688_Normalized.json,Kubernetes---kb_688_Normalized.json::test_00005,valid,passed,True,True,correct_accept,2.40058,0.128631,0.059662,0.068751,87,87
Kubernetes---kb_688_Normalized.json,Kubernetes---kb_688_Normalized.json::test_00006,invalid,passed,False,True,correct_reject,2.40058,0.033133,0.016478,0.016578,91,31
Kubernetes---kb_688_Normalized.json,Kubernetes---kb_688_Normalized.json::test_00007,invalid,passed,False,True,correct_reject,2.40058,0.094267,0.044435,0.049658,92,68
Kubernetes---kb_689_Normalized.json,Kubernetes---kb_689_Normalized.json::test_00000,valid,passed,True,True,correct_accept,9.44893,0.109357,0.050486,0.058623,114,114
Kubernetes---kb_689_Normalized.json,Kubernetes---kb_689_Normalized.json::test_00001,invalid,passed,False,True,correct_reject,9.44893,3.4e-05,5e-06,5e-06,58,11
Kubernetes---kb_689_Normalized.json,Kubernetes---kb_689_Normalized.json::test_00002,invalid,passed,False,True,correct_reject,9.44893,0.032212,0.015244,0.01685,61,58
Kubernetes---kb_689_Normalized.json,Kubernetes---kb_689_Normalized.json::test_00003,valid,passed,True,True,correct_accept,9.44893,0.280323,0.129424,0.150392,226,226
Kubernetes---kb_689_Normalized.json,Kubernetes---kb_689_Normalized.json::test_00004,invalid,passed,False,True,correct_reject,9.44893,3.2e-05,5e-06,5e-06,158,11
Kubernetes---kb_690_Normalized.json,Kubernetes---kb_690_Normalized.json::test_00000,valid,passed,True,True,correct_accept,9.57776,0.269031,0.123113,0.145403,223,223
Kubernetes---kb_690_Normalized.json,Kubernetes---kb_690_Normalized.json::test_00001,invalid,passed,False,True,correct_reject,9.57776,3.4e-05,5e-06,7e-06,112,11
Kubernetes---kb_690_Normalized.json,Kubernetes---kb_690_Normalized.json::test_00002,invalid,passed,False,True,correct_reject,9.57776,0.029052,0.013159,0.015795,49,46
Kubernetes---kb_690_Normalized.json,Kubernetes---kb_690_Normalized.json::test_00003,invalid,passed,False,True,correct_reject,9.57776,0.055159,0.024947,0.030091,231,55
Kubernetes---kb_690_Normalized.json,Kubernetes---kb_690_Normalized.json::test_00004,invalid,passed,False,True,correct_reject,9.57776,0.136094,0.062557,0.073263,225,122
Kubernetes---kb_690_Normalized.json,Kubernetes---kb_690_Normalized.json::test_00005,valid,passed,True,True,correct_accept,9.57776,0.278722,0.128202,0.149993,226,226
Kubernetes---kb_690_Normalized.json,Kubernetes---kb_690_Normalized.json::test_00006,invalid,passed,False,True,correct_reject,9.57776,3.9e-05,6e-06,8e-06,115,11
Kubernetes---kb_691_Normalized.json,Kubernetes---kb_691_Normalized.json::test_00000,valid,passed,True,True,correct_accept,1.19339,0.159293,0.073197,0.08588,67,67
Kubernetes---kb_691_Normalized.json,Kubernetes---kb_691_Normalized.json::test_00001,invalid,passed,False,True,correct_reject,1.19339,0.115207,0.053804,0.061263,65,45
Kubernetes---kb_691_Normalized.json,Kubernetes---kb_691_Normalized.json::test_00002,invalid,passed,False,True,correct_reject,1.19339,0.142013,0.066165,0.075655,67,60
Kubernetes---kb_691_Normalized.json,Kubernetes---kb_691_Normalized.json::test_00003,valid,passed,True,True,correct_accept,1.19339,0.157281,0.072836,0.08424,67,67
Kubernetes---kb_691_Normalized.json,Kubernetes---kb_691_Normalized.json::test_00004,invalid,passed,False,True,correct_reject,1.19339,0.119992,0.055891,0.063946,65,45
Kubernetes---kb_692_Normalized.json,Kubernetes---kb_692_Normalized.json::test_00000,valid,passed,True,True,correct_accept,1.19067,0.163347,0.075359,0.087782,67,67
Kubernetes---kb_692_Normalized.json,Kubernetes---kb_692_Normalized.json::test_00001,invalid,passed,False,True,correct_reject,1.19067,0.117373,0.054891,0.062332,65,45
Kubernetes---kb_692_Normalized.json,Kubernetes---kb_692_Normalized.json::test_00002,invalid,passed,False,True,correct_reject,1.19067,0.14528,0.067752,0.077349,67,60
Kubernetes---kb_692_Normalized.json,Kubernetes---kb_692_Normalized.json::test_00003,valid,passed,True,True,correct_accept,1.19067,0.190649,0.085692,0.104728,69,69
Kubernetes---kb_692_Normalized.json,Kubernetes---kb_692_Normalized.json::test_00004,invalid,passed,False,True,correct_reject,1.19067,0.000964,0.00095,3e-06,65,2
Kubernetes---kb_693_Normalized.json,Kubernetes---kb_693_Normalized.json::test_00000,valid,passed,True,True,correct_accept,39.4773,0.073705,0.034104,0.039356,111,111
Kubernetes---kb_693_Normalized.json,Kubernetes---kb_693_Normalized.json::test_00001,invalid,passed,False,True,correct_reject,39.4773,0.057546,0.026274,0.031131,112,63
Kubernetes---kb_694_Normalized.json,Kubernetes---kb_694_Normalized.json::test_00000,valid,passed,True,True,correct_accept,40.8712,0.091389,0.042083,0.049061,111,111
Kubernetes---kb_694_Normalized.json,Kubernetes---kb_694_Normalized.json::test_00001,valid,passed,True,True,correct_accept,40.8712,0.090684,0.042082,0.048371,111,111
Kubernetes---kb_694_Normalized.json,Kubernetes---kb_694_Normalized.json::test_00002,invalid,passed,False,True,correct_reject,40.8712,0.082572,0.038416,0.044008,112,63
Kubernetes---kb_694_Normalized.json,Kubernetes---kb_694_Normalized.json::test_00003,invalid,passed,False,True,correct_reject,40.8712,0.08045,0.037673,0.042625,110,63
Kubernetes---kb_697_Normalized.json,Kubernetes---kb_697_Normalized.json::test_00000,valid,passed,True,True,correct_accept,2.26975,0.067649,0.032847,0.03466,56,56
Kubernetes---kb_697_Normalized.json,Kubernetes---kb_697_Normalized.json::test_00001,valid,passed,True,True,correct_accept,2.26975,0.022981,0.010293,0.012631,22,22
Kubernetes---kb_697_Normalized.json,Kubernetes---kb_697_Normalized.json::test_00002,invalid,passed,False,True,correct_reject,2.26975,0.000234,1.8e-05,0.0002,21,5
Kubernetes---kb_697_Normalized.json,Kubernetes---kb_697_Normalized.json::test_00003,invalid,passed,False,True,correct_reject,2.26975,0.035143,0.016392,0.018683,27,26
Kubernetes---kb_698_Normalized.json,Kubernetes---kb_698_Normalized.json::test_00000,valid,passed,True,True,correct_accept,2.25913,0.017415,0.007743,0.00961,21,21
Kubernetes---kb_698_Normalized.json,Kubernetes---kb_698_Normalized.json::test_00001,valid,passed,True,True,correct_accept,2.25913,0.054717,0.025298,0.029297,48,48
Kubernetes---kb_698_Normalized.json,Kubernetes---kb_698_Normalized.json::test_00002,invalid,passed,False,True,correct_reject,2.25913,0.000326,5.2e-05,0.000257,50,7
Kubernetes---kb_698_Normalized.json,Kubernetes---kb_698_Normalized.json::test_00003,invalid,passed,False,True,correct_reject,2.25913,0.025764,0.011575,0.014124,54,25
Kubernetes---kb_699_Normalized.json,Kubernetes---kb_699_Normalized.json::test_00000,valid,failed,False,True,over_constraint,1.39525,0.001497,0.000473,0.000906,84,38
Kubernetes---kb_699_Normalized.json,Kubernetes---kb_699_Normalized.json::test_00001,invalid,passed,False,True,correct_reject,1.39525,0.001477,0.000481,0.000892,93,38
Kubernetes---kb_699_Normalized.json,Kubernetes---kb_699_Normalized.json::test_00002,invalid,passed,False,True,correct_reject,1.39525,0.000314,5.4e-05,0.000243,86,7
Kubernetes---kb_699_Normalized.json,Kubernetes---kb_699_Normalized.json::test_00003,invalid,passed,False,True,correct_reject,1.39525,0.000241,2.5e-05,0.000202,84,5
Kubernetes---kb_699_Normalized.json,Kubernetes---kb_699_Normalized.json::test_00004,valid,passed,True,True,correct_accept,1.39525,0.147971,0.066993,0.080742,82,82
Kubernetes---kb_699_Normalized.json,Kubernetes---kb_699_Normalized.json::test_00005,invalid,passed,False,True,correct_reject,1.39525,0.000512,0.000129,0.000337,88,24
Kubernetes---kb_69_Normalized.json,Kubernetes---kb_69_Normalized.json::test_00000,valid,passed,True,True,correct_accept,0.858297,0.103119,0.047152,0.055831,42,42
Kubernetes---kb_69_Normalized.json,Kubernetes---kb_69_Normalized.json::test_00001,invalid,passed,False,True,correct_reject,0.858297,0.059275,0.027809,0.031382,39,24
Kubernetes---kb_69_Normalized.json,Kubernetes---kb_69_Normalized.json::test_00002,invalid,passed,False,True,correct_reject,0.858297,0.094515,0.044059,0.050327,42,41
Kubernetes---kb_700_Normalized.json,Kubernetes---kb_700_Normalized.json::test_00000,valid,passed,True,True,correct_accept,1.42274,0.149872,0.068987,0.080669,84,84
Kubernetes---kb_700_Normalized.json,Kubernetes---kb_700_Normalized.json::test_00001,valid,passed,True,True,correct_accept,1.42274,0.150043,0.069125,0.080686,84,84
Kubernetes---kb_700_Normalized.json,Kubernetes---kb_700_Normalized.json::test_00002,invalid,passed,False,True,correct_reject,1.42274,0.000236,2.4e-05,0.000198,84,5
Kubernetes---kb_701_Normalized.json,Kubernetes---kb_701_Normalized.json::test_00000,valid,passed,True,True,correct_accept,1.46195,0.142472,0.064176,0.078034,65,65
Kubernetes---kb_701_Normalized.json,Kubernetes---kb_701_Normalized.json::test_00001,invalid,passed,False,True,correct_reject,1.46195,0.001065,0.001041,7e-06,51,6
Kubernetes---kb_701_Normalized.json,Kubernetes---kb_701_Normalized.json::test_00002,invalid,passed,False,True,correct_reject,1.46195,0.082221,0.036266,0.04584,65,37
Kubernetes---kb_701_Normalized.json,Kubernetes---kb_701_Normalized.json::test_00003,invalid,passed,False,True,correct_reject,1.46195,0.034792,0.015262,0.019476,60,15
Kubernetes---kb_701_Normalized.json,Kubernetes---kb_701_Normalized.json::test_00004,invalid,passed,False,True,correct_reject,1.46195,0.069762,0.030716,0.038959,81,24
Kubernetes---kb_701_Normalized.json,Kubernetes---kb_701_Normalized.json::test_00005,valid,passed,True,True,correct_accept,1.46195,0.129432,0.058373,0.070882,63,63
Kubernetes---kb_701_Normalized.json,Kubernetes---kb_701_Normalized.json::test_00006,invalid,passed,False,True,correct_reject,1.46195,0.035559,0.016124,0.019383,57,15
Kubernetes---kb_701_Normalized.json,Kubernetes---kb_701_Normalized.json::test_00007,invalid,passed,False,True,correct_reject,1.46195,0.034903,0.015243,0.019607,59,15
Kubernetes---kb_702_Normalized.json,Kubernetes---kb_702_Normalized.json::test_00000,valid,passed,True,True,correct_accept,1.34237,0.142283,0.063883,0.078198,65,65
Kubernetes---kb_702_Normalized.json,Kubernetes---kb_702_Normalized.json::test_00001,invalid,passed,False,True,correct_reject,1.34237,0.0358,0.01639,0.019353,60,15
Kubernetes---kb_702_Normalized.json,Kubernetes---kb_702_Normalized.json::test_00002,invalid,passed,False,True,correct_reject,1.34237,0.097444,0.044155,0.053154,64,49
Kubernetes---kb_702_Normalized.json,Kubernetes---kb_702_Normalized.json::test_00003,invalid,passed,False,True,correct_reject,1.34237,0.068924,0.030744,0.038092,68,24
Kubernetes---kb_702_Normalized.json,Kubernetes---kb_702_Normalized.json::test_00004,invalid,passed,False,True,correct_reject,1.34237,0.069,0.030705,0.038211,68,24
Kubernetes---kb_702_Normalized.json,Kubernetes---kb_702_Normalized.json::test_00005,valid,passed,True,True,correct_accept,1.34237,0.157034,0.072139,0.084696,71,71
Kubernetes---kb_702_Normalized.json,Kubernetes---kb_702_Normalized.json::test_00006,invalid,passed,False,True,correct_reject,1.34237,0.035418,0.01631,0.019061,64,14
Kubernetes---kb_702_Normalized.json,Kubernetes---kb_702_Normalized.json::test_00007,invalid,passed,False,True,correct_reject,1.34237,0.03709,0.016333,0.020703,60,15
Kubernetes---kb_703_Normalized.json,Kubernetes---kb_703_Normalized.json::test_00000,valid,passed,True,True,correct_accept,0.519596,0.021377,0.009664,0.011663,13,13
Kubernetes---kb_703_Normalized.json,Kubernetes---kb_703_Normalized.json::test_00001,invalid,passed,False,True,correct_reject,0.519596,0.001282,0.001068,0.000196,12,5
Kubernetes---kb_704_Normalized.json,Kubernetes---kb_704_Normalized.json::test_00000,valid,passed,True,True,correct_accept,0.518048,0.023626,0.01066,0.012914,13,13
Kubernetes---kb_704_Normalized.json,Kubernetes---kb_704_Normalized.json::test_00001,invalid,passed,False,True,correct_reject,0.518048,0.001343,0.001113,0.000211,12,5
Kubernetes---kb_705_Normalized.json,Kubernetes---kb_705_Normalized.json::test_00000,valid,passed,True,True,correct_accept,0.338211,0.033533,0.014394,0.019085,12,12
Kubernetes---kb_705_Normalized.json,Kubernetes---kb_705_Normalized.json::test_00001,invalid,passed,False,True,correct_reject,0.338211,0.001211,0.000996,0.000199,6,5
Kubernetes---kb_705_Normalized.json,Kubernetes---kb_705_Normalized.json::test_00002,invalid,passed,False,True,correct_reject,0.338211,0.000235,2e-05,0.0002,8,5
Kubernetes---kb_705_Normalized.json,Kubernetes---kb_705_Normalized.json::test_00003,invalid,passed,False,True,correct_reject,0.338211,0.000226,1.6e-05,0.000196,7,5
Kubernetes---kb_706_Normalized.json,Kubernetes---kb_706_Normalized.json::test_00000,valid,passed,True,True,correct_accept,0.359712,0.033969,0.014691,0.019228,12,12
Kubernetes---kb_706_Normalized.json,Kubernetes---kb_706_Normalized.json::test_00001,invalid,passed,False,True,correct_reject,0.359712,0.001296,0.001075,0.000203,6,5
Kubernetes---kb_706_Normalized.json,Kubernetes---kb_706_Normalized.json::test_00002,invalid,passed,False,True,correct_reject,0.359712,0.000217,1.7e-05,0.000186,8,5
Kubernetes---kb_706_Normalized.json,Kubernetes---kb_706_Normalized.json::test_00003,invalid,passed,False,True,correct_reject,0.359712,0.000217,1.7e-05,0.000184,7,5
Kubernetes---kb_706_Normalized.json,Kubernetes---kb_706_Normalized.json::test_00004,invalid,passed,False,True,correct_reject,0.359712,0.000204,1.2e-05,0.000178,15,4
Kubernetes---kb_709_Normalized.json,Kubernetes---kb_709_Normalized.json::test_00000,valid,passed,True,True,correct_accept,84.2351,0.141239,0.065849,0.075094,140,140
Kubernetes---kb_709_Normalized.json,Kubernetes---kb_709_Normalized.json::test_00001,valid,passed,True,True,correct_accept,84.2351,0.144934,0.067645,0.076989,141,141
Kubernetes---kb_709_Normalized.json,Kubernetes---kb_709_Normalized.json::test_00002,invalid,passed,False,True,correct_reject,84.2351,0.04972,0.023057,0.026526,148,61
Kubernetes---kb_709_Normalized.json,Kubernetes---kb_709_Normalized.json::test_00003,invalid,passed,False,True,correct_reject,84.2351,0.040894,0.01891,0.021862,141,57
Kubernetes---kb_70_Normalized.json,Kubernetes---kb_70_Normalized.json::test_00000,valid,passed,True,True,correct_accept,0.854446,0.108293,0.04968,0.058471,42,42
Kubernetes---kb_70_Normalized.json,Kubernetes---kb_70_Normalized.json::test_00001,invalid,passed,False,True,correct_reject,0.854446,0.059572,0.028009,0.031481,39,24
Kubernetes---kb_710_Normalized.json,Kubernetes---kb_710_Normalized.json::test_00000,valid,passed,True,True,correct_accept,86.393,0.18679,0.087467,0.098981,142,142
Kubernetes---kb_710_Normalized.json,Kubernetes---kb_710_Normalized.json::test_00001,valid,passed,True,True,correct_accept,86.393,0.18294,0.085766,0.096845,141,141
Kubernetes---kb_710_Normalized.json,Kubernetes---kb_710_Normalized.json::test_00002,invalid,passed,False,True,correct_reject,86.393,0.096636,0.044308,0.05216,154,61
Kubernetes---kb_710_Normalized.json,Kubernetes---kb_710_Normalized.json::test_00003,invalid,passed,False,True,correct_reject,86.393,0.090004,0.042163,0.047686,149,61
Kubernetes---kb_710_Normalized.json,Kubernetes---kb_710_Normalized.json::test_00004,invalid,passed,False,True,correct_reject,86.393,0.099773,0.046251,0.053341,180,73
Kubernetes---kb_713_Normalized.json,Kubernetes---kb_713_Normalized.json::test_00000,valid,passed,True,True,correct_accept,62.7034,0.120257,0.053439,0.06658,96,96
Kubernetes---kb_713_Normalized.json,Kubernetes---kb_713_Normalized.json::test_00001,valid,passed,True,True,correct_accept,62.7034,0.114763,0.053349,0.061194,96,96
Kubernetes---kb_713_Normalized.json,Kubernetes---kb_713_Normalized.json::test_00002,invalid,passed,False,True,correct_reject,62.7034,2.1e-05,5e-06,4e-06,17,4
Kubernetes---kb_713_Normalized.json,Kubernetes---kb_713_Normalized.json::test_00003,invalid,passed,False,True,correct_reject,62.7034,0.024752,0.011281,0.013416,135,19
Kubernetes---kb_714_Normalized.json,Kubernetes---kb_714_Normalized.json::test_00000,valid,passed,True,True,correct_accept,62.0315,0.117285,0.053385,0.063661,95,95
Kubernetes---kb_714_Normalized.json,Kubernetes---kb_714_Normalized.json::test_00001,valid,passed,True,True,correct_accept,62.0315,0.115666,0.053166,0.062279,98,98
Kubernetes---kb_714_Normalized.json,Kubernetes---kb_714_Normalized.json::test_00002,invalid,passed,False,True,correct_reject,62.0315,0.025527,0.011678,0.013764,128,38
Kubernetes---kb_714_Normalized.json,Kubernetes---kb_714_Normalized.json::test_00003,invalid,passed,False,True,correct_reject,62.0315,0.012709,0.005804,0.006866,93,14
Kubernetes---kb_714_Normalized.json,Kubernetes---kb_714_Normalized.json::test_00004,invalid,passed,False,True,correct_reject,62.0315,0.024856,0.011376,0.013429,121,19
Kubernetes---kb_715_Normalized.json,Kubernetes---kb_715_Normalized.json::test_00000,valid,passed,True,True,correct_accept,0.421007,0.011936,0.00481,0.007094,8,8
Kubernetes---kb_715_Normalized.json,Kubernetes---kb_715_Normalized.json::test_00001,invalid,passed,False,True,correct_reject,0.421007,0.001186,0.000963,0.000204,7,6
Kubernetes---kb_715_Normalized.json,Kubernetes---kb_715_Normalized.json::test_00002,invalid,passed,False,True,correct_reject,0.421007,0.000207,1.1e-05,0.000181,6,5
Kubernetes---kb_716_Normalized.json,Kubernetes---kb_716_Normalized.json::test_00000,valid,passed,True,True,correct_accept,0.423823,0.011598,0.004827,0.006738,8,8
Kubernetes---kb_716_Normalized.json,Kubernetes---kb_716_Normalized.json::test_00001,invalid,passed,False,True,correct_reject,0.423823,0.001233,0.001007,0.000207,7,6
Kubernetes---kb_717_Normalized.json,Kubernetes---kb_717_Normalized.json::test_00000,valid,passed,True,True,correct_accept,3.1349,0.18768,0.087338,0.099949,171,171
Kubernetes---kb_717_Normalized.json,Kubernetes---kb_717_Normalized.json::test_00001,invalid,passed,False,True,correct_reject,3.1349,0.001314,0.001103,0.000191,168,5
Kubernetes---kb_717_Normalized.json,Kubernetes---kb_717_Normalized.json::test_00002,invalid,passed,False,True,correct_reject,3.1349,0.000217,2.6e-05,0.000174,171,5
Kubernetes---kb_717_Normalized.json,Kubernetes---kb_717_Normalized.json::test_00003,invalid,passed,False,True,correct_reject,3.1349,0.000206,2.4e-05,0.000166,164,5
Kubernetes---kb_717_Normalized.json,Kubernetes---kb_717_Normalized.json::test_00004,invalid,passed,False,True,correct_reject,3.1349,0.000243,2.3e-05,0.000204,171,5
Kubernetes---kb_717_Normalized.json,Kubernetes---kb_717_Normalized.json::test_00005,valid,passed,True,True,correct_accept,3.1349,0.232872,0.107593,0.124835,180,180
Kubernetes---kb_717_Normalized.json,Kubernetes---kb_717_Normalized.json::test_00006,invalid,passed,False,True,correct_reject,3.1349,0.001194,0.000969,0.000209,182,5
Kubernetes---kb_717_Normalized.json,Kubernetes---kb_717_Normalized.json::test_00007,invalid,passed,False,True,correct_reject,3.1349,0.000242,2.3e-05,0.000205,177,5
Kubernetes---kb_717_Normalized.json,Kubernetes---kb_717_Normalized.json::test_00008,invalid,passed,False,True,correct_reject,3.1349,0.013336,0.005901,0.007338,158,51
Kubernetes---kb_718_Normalized.json,Kubernetes---kb_718_Normalized.json::test_00000,valid,passed,True,True,correct_accept,3.18591,0.230787,0.105972,0.124377,180,180
Kubernetes---kb_718_Normalized.json,Kubernetes---kb_718_Normalized.json::test_00001,invalid,passed,False,True,correct_reject,3.18591,0.001282,0.00108,0.000182,180,5
Kubernetes---kb_718_Normalized.json,Kubernetes---kb_718_Normalized.json::test_00002,invalid,passed,False,True,correct_reject,3.18591,0.000244,2.3e-05,0.000205,177,5
Kubernetes---kb_718_Normalized.json,Kubernetes---kb_718_Normalized.json::test_00003,invalid,passed,False,True,correct_reject,3.18591,0.000245,2.6e-05,0.000205,180,5
Kubernetes---kb_718_Normalized.json,Kubernetes---kb_718_Normalized.json::test_00004,valid,passed,True,True,correct_accept,3.18591,0.18225,0.085125,0.096751,170,170
Kubernetes---kb_718_Normalized.json,Kubernetes---kb_718_Normalized.json::test_00005,invalid,passed,False,True,correct_reject,3.18591,0.001396,0.001161,0.000217,170,5
Kubernetes---kb_718_Normalized.json,Kubernetes---kb_718_Normalized.json::test_00006,invalid,passed,False,True,correct_reject,3.18591,0.000209,2.6e-05,0.000168,170,5
Kubernetes---kb_718_Normalized.json,Kubernetes---kb_718_Normalized.json::test_00007,invalid,passed,False,True,correct_reject,3.18591,0.01751,0.007818,0.009586,161,54
Kubernetes---kb_720_Normalized.json,Kubernetes---kb_720_Normalized.json::test_00000,valid,passed,True,True,correct_accept,43.146,0.430934,0.202188,0.227867,414,414
Kubernetes---kb_720_Normalized.json,Kubernetes---kb_720_Normalized.json::test_00001,invalid,passed,False,True,correct_reject,43.146,0.430689,0.20187,0.227938,417,415
Kubernetes---kb_720_Normalized.json,Kubernetes---kb_720_Normalized.json::test_00002,invalid,passed,False,True,correct_reject,43.146,0.430019,0.201642,0.227496,422,420
Kubernetes---kb_720_Normalized.json,Kubernetes---kb_720_Normalized.json::test_00003,valid,passed,True,True,correct_accept,43.146,0.380569,0.178759,0.200949,424,424
Kubernetes---kb_720_Normalized.json,Kubernetes---kb_720_Normalized.json::test_00004,invalid,passed,False,True,correct_reject,43.146,0.02181,0.009946,0.011746,62,60
Kubernetes---kb_720_Normalized.json,Kubernetes---kb_720_Normalized.json::test_00005,invalid,passed,False,True,correct_reject,43.146,0.035998,0.014514,0.021339,339,47
Kubernetes---kb_721_Normalized.json,Kubernetes---kb_721_Normalized.json::test_00000,valid,passed,True,True,correct_accept,44.2857,0.473783,0.214155,0.258691,431,431
Kubernetes---kb_721_Normalized.json,Kubernetes---kb_721_Normalized.json::test_00001,invalid,passed,False,True,correct_reject,44.2857,0.472522,0.213932,0.257638,435,432
Kubernetes---kb_721_Normalized.json,Kubernetes---kb_721_Normalized.json::test_00002,invalid,passed,False,True,correct_reject,44.2857,0.470353,0.213979,0.255435,434,432
Kubernetes---kb_721_Normalized.json,Kubernetes---kb_721_Normalized.json::test_00003,invalid,passed,False,True,correct_reject,44.2857,0.470073,0.213745,0.255374,435,433
Kubernetes---kb_721_Normalized.json,Kubernetes---kb_721_Normalized.json::test_00004,valid,passed,True,True,correct_accept,44.2857,0.410235,0.189693,0.219658,428,428
Kubernetes---kb_721_Normalized.json,Kubernetes---kb_721_Normalized.json::test_00005,invalid,passed,False,True,correct_reject,44.2857,0.044965,0.02097,0.023875,427,54
Kubernetes---kb_723_Normalized.json,Kubernetes---kb_723_Normalized.json::test_00000,valid,passed,True,True,correct_accept,71.5273,0.416471,0.19011,0.225412,440,440
Kubernetes---kb_723_Normalized.json,Kubernetes---kb_723_Normalized.json::test_00001,invalid,passed,False,True,correct_reject,71.5273,0.349275,0.163535,0.18491,437,415
Kubernetes---kb_723_Normalized.json,Kubernetes---kb_723_Normalized.json::test_00002,valid,passed,True,True,correct_accept,71.5273,0.444342,0.208189,0.235152,468,468
Kubernetes---kb_723_Normalized.json,Kubernetes---kb_723_Normalized.json::test_00003,invalid,passed,False,True,correct_reject,71.5273,0.054321,0.026004,0.028161,464,68
Kubernetes---kb_724_Normalized.json,Kubernetes---kb_724_Normalized.json::test_00000,valid,passed,True,True,correct_accept,73.7933,0.583698,0.26803,0.314597,473,473
Kubernetes---kb_724_Normalized.json,Kubernetes---kb_724_Normalized.json::test_00001,invalid,passed,False,True,correct_reject,73.7933,0.518375,0.243727,0.273686,476,443
Kubernetes---kb_724_Normalized.json,Kubernetes---kb_724_Normalized.json::test_00002,invalid,passed,False,True,correct_reject,73.7933,0.212019,0.09842,0.113188,220,182
Kubernetes---kb_724_Normalized.json,Kubernetes---kb_724_Normalized.json::test_00003,valid,passed,True,True,correct_accept,73.7933,0.516096,0.242573,0.272529,471,471
Kubernetes---kb_724_Normalized.json,Kubernetes---kb_724_Normalized.json::test_00004,invalid,passed,False,True,correct_reject,73.7933,0.001133,0.000966,0.000152,466,5
Kubernetes---kb_724_Normalized.json,Kubernetes---kb_724_Normalized.json::test_00005,invalid,passed,False,True,correct_reject,73.7933,0.078754,0.037062,0.041539,468,68
Kubernetes---kb_726_Normalized.json,Kubernetes---kb_726_Normalized.json::test_00000,valid,passed,True,True,correct_accept,9.44559,0.429332,0.19947,0.228947,401,401
Kubernetes---kb_726_Normalized.json,Kubernetes---kb_726_Normalized.json::test_00001,valid,passed,True,True,correct_accept,9.44559,0.55362,0.258826,0.293706,474,474
Kubernetes---kb_726_Normalized.json,Kubernetes---kb_726_Normalized.json::test_00002,invalid,passed,False,True,correct_reject,9.44559,0.000973,0.000942,6e-06,487,9
Kubernetes---kb_726_Normalized.json,Kubernetes---kb_726_Normalized.json::test_00003,invalid,passed,False,True,correct_reject,9.44559,2.8e-05,5e-06,4e-06,478,9
Kubernetes---kb_727_Normalized.json,Kubernetes---kb_727_Normalized.json::test_00000,valid,passed,True,True,correct_accept,9.58019,0.614613,0.286118,0.327401,481,481
Kubernetes---kb_727_Normalized.json,Kubernetes---kb_727_Normalized.json::test_00001,valid,passed,True,True,correct_accept,9.58019,0.568547,0.270753,0.296765,475,475
Kubernetes---kb_727_Normalized.json,Kubernetes---kb_727_Normalized.json::test_00002,invalid,passed,False,True,correct_reject,9.58019,0.000979,0.00095,6e-06,479,9
Kubernetes---kb_727_Normalized.json,Kubernetes---kb_727_Normalized.json::test_00003,invalid,passed,False,True,correct_reject,9.58019,0.000257,0.000188,2.8e-05,463,22
Kubernetes---kb_728_Normalized.json,Kubernetes---kb_728_Normalized.json::test_00000,valid,passed,True,True,correct_accept,2.33747,0.053575,0.024654,0.028823,34,34
Kubernetes---kb_728_Normalized.json,Kubernetes---kb_728_Normalized.json::test_00001,invalid,passed,False,True,correct_reject,2.33747,0.001203,0.000992,0.000195,29,5
Kubernetes---kb_728_Normalized.json,Kubernetes---kb_728_Normalized.json::test_00002,invalid,passed,False,True,correct_reject,2.33747,0.044936,0.021029,0.023822,37,32
Kubernetes---kb_728_Normalized.json,Kubernetes---kb_728_Normalized.json::test_00003,invalid,passed,False,True,correct_reject,2.33747,0.053381,0.025029,0.02826,39,30
Kubernetes---kb_728_Normalized.json,Kubernetes---kb_728_Normalized.json::test_00004,invalid,passed,False,True,correct_reject,2.33747,0.034687,0.016347,0.018273,32,23
Kubernetes---kb_729_Normalized.json,Kubernetes---kb_729_Normalized.json::test_00000,valid,passed,True,True,correct_accept,2.82967,0.058707,0.026026,0.032563,43,43
Kubernetes---kb_729_Normalized.json,Kubernetes---kb_729_Normalized.json::test_00001,invalid,passed,False,True,correct_reject,2.82967,0.054986,0.025688,0.02919,42,38
Kubernetes---kb_729_Normalized.json,Kubernetes---kb_729_Normalized.json::test_00002,invalid,passed,False,True,correct_reject,2.82967,0.000207,1.4e-05,0.000172,40,8
Kubernetes---kb_730_Normalized.json,Kubernetes---kb_730_Normalized.json::test_00000,valid,passed,True,True,correct_accept,2.75464,0.065193,0.0295,0.035573,43,43
Kubernetes---kb_730_Normalized.json,Kubernetes---kb_730_Normalized.json::test_00001,invalid,passed,False,True,correct_reject,2.75464,0.051334,0.024227,0.027009,42,38
Kubernetes---kb_731_Normalized.json,Kubernetes---kb_731_Normalized.json::test_00000,valid,passed,True,True,correct_accept,2.33852,0.052562,0.024408,0.028049,34,34
Kubernetes---kb_731_Normalized.json,Kubernetes---kb_731_Normalized.json::test_00001,valid,passed,True,True,correct_accept,2.33852,0.083548,0.039161,0.044237,60,60
Kubernetes---kb_731_Normalized.json,Kubernetes---kb_731_Normalized.json::test_00002,invalid,passed,False,True,correct_reject,2.33852,1.9e-05,5e-06,3e-06,55,2
Kubernetes---kb_731_Normalized.json,Kubernetes---kb_731_Normalized.json::test_00003,invalid,passed,False,True,correct_reject,2.33852,1.8e-05,5e-06,3e-06,63,2
Kubernetes---kb_731_Normalized.json,Kubernetes---kb_731_Normalized.json::test_00004,invalid,passed,False,True,correct_reject,2.33852,1.8e-05,5e-06,3e-06,67,2
Kubernetes---kb_731_Normalized.json,Kubernetes---kb_731_Normalized.json::test_00005,invalid,passed,False,True,correct_reject,2.33852,1.5e-05,5e-06,2e-06,59,2
Kubernetes---kb_732_Normalized.json,Kubernetes---kb_732_Normalized.json::test_00000,valid,passed,True,True,correct_accept,2.7504,0.052974,0.02453,0.028317,50,50
Kubernetes---kb_732_Normalized.json,Kubernetes---kb_732_Normalized.json::test_00001,valid,passed,True,True,correct_accept,2.7504,0.057158,0.026419,0.030614,51,51
Kubernetes---kb_732_Normalized.json,Kubernetes---kb_732_Normalized.json::test_00002,invalid,passed,False,True,correct_reject,2.7504,1.7e-05,5e-06,3e-06,49,2
Kubernetes---kb_733_Normalized.json,Kubernetes---kb_733_Normalized.json::test_00000,valid,passed,True,True,correct_accept,2.74028,0.049093,0.022892,0.026077,49,49
Kubernetes---kb_733_Normalized.json,Kubernetes---kb_733_Normalized.json::test_00001,valid,passed,True,True,correct_accept,2.74028,0.058149,0.027493,0.030537,51,51
Kubernetes---kb_733_Normalized.json,Kubernetes---kb_733_Normalized.json::test_00002,invalid,passed,False,True,correct_reject,2.74028,1.5e-05,5e-06,2e-06,50,2
Kubernetes---kb_733_Normalized.json,Kubernetes---kb_733_Normalized.json::test_00003,invalid,passed,False,True,correct_reject,2.74028,1.7e-05,5e-06,2e-06,41,2
Kubernetes---kb_734_Normalized.json,Kubernetes---kb_734_Normalized.json::test_00000,valid,passed,True,True,correct_accept,233.201,0.04144,0.019347,0.021971,53,53
Kubernetes---kb_734_Normalized.json,Kubernetes---kb_734_Normalized.json::test_00001,valid,failed,False,True,over_constraint,233.201,0.000216,4.9e-05,0.00011,2350,33
Kubernetes---kb_734_Normalized.json,Kubernetes---kb_734_Normalized.json::test_00002,invalid,passed,False,True,correct_reject,233.201,8.9e-05,1.2e-05,6.2e-05,999,6
Kubernetes---kb_734_Normalized.json,Kubernetes---kb_734_Normalized.json::test_00003,invalid,passed,False,True,correct_reject,233.201,0.000218,5.8e-05,0.000107,334,33
Kubernetes---kb_735_Normalized.json,Kubernetes---kb_735_Normalized.json::test_00000,valid,passed,True,True,correct_accept,235.698,0.045476,0.020942,0.024409,53,53
Kubernetes---kb_735_Normalized.json,Kubernetes---kb_735_Normalized.json::test_00001,valid,passed,True,True,correct_accept,235.698,0.056598,0.026523,0.029934,60,60
Kubernetes---kb_735_Normalized.json,Kubernetes---kb_735_Normalized.json::test_00002,invalid,passed,False,True,correct_reject,235.698,0.04826,0.022872,0.025255,60,58
Kubernetes---kb_735_Normalized.json,Kubernetes---kb_735_Normalized.json::test_00003,invalid,passed,False,True,correct_reject,235.698,0.056548,0.026552,0.029862,66,60
Kubernetes---kb_735_Normalized.json,Kubernetes---kb_735_Normalized.json::test_00004,invalid,passed,False,True,correct_reject,235.698,0.048407,0.022861,0.025415,60,58
Kubernetes---kb_736_Normalized.json,Kubernetes---kb_736_Normalized.json::test_00000,valid,passed,True,True,correct_accept,30.5023,0.580799,0.274093,0.305917,306,306
Kubernetes---kb_736_Normalized.json,Kubernetes---kb_736_Normalized.json::test_00001,invalid,passed,False,True,correct_reject,30.5023,0.40138,0.190693,0.210163,308,201
Kubernetes---kb_736_Normalized.json,Kubernetes---kb_736_Normalized.json::test_00002,invalid,passed,False,True,correct_reject,30.5023,0.392589,0.185062,0.20699,307,202
Kubernetes---kb_736_Normalized.json,Kubernetes---kb_736_Normalized.json::test_00003,valid,passed,True,True,correct_accept,30.5023,0.688457,0.324167,0.363361,361,361
Kubernetes---kb_736_Normalized.json,Kubernetes---kb_736_Normalized.json::test_00004,invalid,passed,False,True,correct_reject,30.5023,0.149566,0.070925,0.078453,396,63
Kubernetes---kb_737_Normalized.json,Kubernetes---kb_737_Normalized.json::test_00000,valid,passed,True,True,correct_accept,29.6071,0.448503,0.208183,0.239666,277,277
Kubernetes---kb_737_Normalized.json,Kubernetes---kb_737_Normalized.json::test_00001,invalid,passed,False,True,correct_reject,29.6071,0.001027,0.001006,7e-06,212,4
Kubernetes---kb_737_Normalized.json,Kubernetes---kb_737_Normalized.json::test_00002,invalid,passed,False,True,correct_reject,29.6071,0.364202,0.169394,0.194265,276,241
Kubernetes---kb_737_Normalized.json,Kubernetes---kb_737_Normalized.json::test_00003,valid,passed,True,True,correct_accept,29.6071,0.572632,0.265878,0.306009,307,307
Kubernetes---kb_737_Normalized.json,Kubernetes---kb_737_Normalized.json::test_00004,invalid,passed,False,True,correct_reject,29.6071,0.403725,0.188982,0.214245,308,202
Kubernetes---kb_738_Normalized.json,Kubernetes---kb_738_Normalized.json::test_00000,valid,passed,True,True,correct_accept,187.012,0.062886,0.030696,0.03204,63,63
Kubernetes---kb_738_Normalized.json,Kubernetes---kb_738_Normalized.json::test_00001,invalid,passed,False,True,correct_reject,187.012,2.5e-05,5e-06,5e-06,62,6
Kubernetes---kb_738_Normalized.json,Kubernetes---kb_738_Normalized.json::test_00002,invalid,passed,False,True,correct_reject,187.012,0.050519,0.024403,0.025984,74,56
Kubernetes---kb_739_Normalized.json,Kubernetes---kb_739_Normalized.json::test_00000,valid,passed,True,True,correct_accept,190.742,0.079413,0.036994,0.042261,63,63
Kubernetes---kb_739_Normalized.json,Kubernetes---kb_739_Normalized.json::test_00001,invalid,passed,False,True,correct_reject,190.742,0.000173,1.3e-05,0.000143,60,6
Kubernetes---kb_740_Normalized.json,Kubernetes---kb_740_Normalized.json::test_00000,valid,failed,False,True,over_constraint,110.957,0.122779,0.056001,0.066536,127,88
Kubernetes---kb_740_Normalized.json,Kubernetes---kb_740_Normalized.json::test_00001,valid,passed,True,True,correct_accept,110.957,0.067812,0.03124,0.03637,92,92
Kubernetes---kb_740_Normalized.json,Kubernetes---kb_740_Normalized.json::test_00002,invalid,passed,False,True,correct_reject,110.957,0.054582,0.026009,0.028433,98,67
Kubernetes---kb_741_Normalized.json,Kubernetes---kb_741_Normalized.json::test_00000,valid,failed,False,True,over_constraint,109.834,0.155366,0.071119,0.083985,133,94
Kubernetes---kb_741_Normalized.json,Kubernetes---kb_741_Normalized.json::test_00001,valid,passed,True,True,correct_accept,109.834,0.092837,0.042477,0.050144,95,95
Kubernetes---kb_741_Normalized.json,Kubernetes---kb_741_Normalized.json::test_00002,invalid,passed,False,True,correct_reject,109.834,0.001154,0.00096,0.000175,94,6
Kubernetes---kb_741_Normalized.json,Kubernetes---kb_741_Normalized.json::test_00003,invalid,passed,False,True,correct_reject,109.834,0.056881,0.026688,0.030054,152,65
Kubernetes---kb_742_Normalized.json,Kubernetes---kb_742_Normalized.json::test_00000,valid,failed,False,True,over_constraint,200.004,0.043975,0.020712,0.023153,58,44
Kubernetes---kb_742_Normalized.json,Kubernetes---kb_742_Normalized.json::test_00001,invalid,passed,False,True,correct_reject,200.004,1.7e-05,5e-06,2e-06,66,2
Kubernetes---kb_742_Normalized.json,Kubernetes---kb_742_Normalized.json::test_00002,invalid,passed,False,True,correct_reject,200.004,1.5e-05,5e-06,2e-06,59,2
Kubernetes---kb_743_Normalized.json,Kubernetes---kb_743_Normalized.json::test_00000,valid,failed,False,True,over_constraint,201.789,0.058142,0.027747,0.03027,58,44
Kubernetes---kb_744_Normalized.json,Kubernetes---kb_744_Normalized.json::test_00000,valid,passed,True,True,correct_accept,0.603426,0.052508,0.023466,0.028958,23,23
Kubernetes---kb_744_Normalized.json,Kubernetes---kb_744_Normalized.json::test_00001,invalid,passed,False,True,correct_reject,0.603426,0.001371,0.001138,0.000215,22,5
Kubernetes---kb_745_Normalized.json,Kubernetes---kb_745_Normalized.json::test_00000,valid,passed,True,True,correct_accept,0.60161,0.049914,0.021818,0.028017,23,23
Kubernetes---kb_745_Normalized.json,Kubernetes---kb_745_Normalized.json::test_00001,invalid,passed,False,True,correct_reject,0.60161,0.001296,0.00106,0.000218,22,5
Kubernetes---kb_745_Normalized.json,Kubernetes---kb_745_Normalized.json::test_00002,invalid,passed,False,True,correct_reject,0.60161,0.000237,1.6e-05,0.000207,22,5
Kubernetes---kb_746_Normalized.json,Kubernetes---kb_746_Normalized.json::test_00000,valid,passed,True,True,correct_accept,1.64692,0.142468,0.066654,0.075609,71,71
Kubernetes---kb_746_Normalized.json,Kubernetes---kb_746_Normalized.json::test_00001,invalid,passed,False,True,correct_reject,1.64692,0.009985,0.00492,0.005035,74,9
Kubernetes---kb_746_Normalized.json,Kubernetes---kb_746_Normalized.json::test_00002,invalid,passed,False,True,correct_reject,1.64692,0.095568,0.043555,0.051869,50,50
Kubernetes---kb_746_Normalized.json,Kubernetes---kb_746_Normalized.json::test_00003,invalid,passed,False,True,correct_reject,1.64692,0.017329,0.008588,0.008696,74,12
Kubernetes---kb_746_Normalized.json,Kubernetes---kb_746_Normalized.json::test_00004,invalid,passed,False,True,correct_reject,1.64692,0.030378,0.012265,0.018053,78,12
Kubernetes---kb_746_Normalized.json,Kubernetes---kb_746_Normalized.json::test_00005,invalid,passed,False,True,correct_reject,1.64692,0.008774,0.003796,0.004949,79,9
Kubernetes---kb_746_Normalized.json,Kubernetes---kb_746_Normalized.json::test_00006,invalid,passed,False,True,correct_reject,1.64692,0.016379,0.007633,0.008705,29,12
Kubernetes---kb_747_Normalized.json,Kubernetes---kb_747_Normalized.json::test_00000,valid,passed,True,True,correct_accept,1.65753,0.145793,0.067972,0.07762,72,72
Kubernetes---kb_747_Normalized.json,Kubernetes---kb_747_Normalized.json::test_00001,invalid,passed,False,True,correct_reject,1.65753,0.00961,0.004839,0.004741,75,9
Kubernetes---kb_747_Normalized.json,Kubernetes---kb_747_Normalized.json::test_00002,invalid,passed,False,True,correct_reject,1.65753,0.097494,0.045032,0.052306,57,56
Kubernetes---kb_747_Normalized.json,Kubernetes---kb_747_Normalized.json::test_00003,invalid,passed,False,True,correct_reject,1.65753,0.0162,0.007546,0.008617,75,12
Kubernetes---kb_747_Normalized.json,Kubernetes---kb_747_Normalized.json::test_00004,valid,passed,True,True,correct_accept,1.65753,0.14275,0.066508,0.076041,72,72
Kubernetes---kb_747_Normalized.json,Kubernetes---kb_747_Normalized.json::test_00005,invalid,passed,False,True,correct_reject,1.65753,0.009482,0.004706,0.004747,77,9
Kubernetes---kb_747_Normalized.json,Kubernetes---kb_747_Normalized.json::test_00006,invalid,passed,False,True,correct_reject,1.65753,0.009491,0.004101,0.005361,75,9
Kubernetes---kb_748_Normalized.json,Kubernetes---kb_748_Normalized.json::test_00000,valid,passed,True,True,correct_accept,1.68111,0.140008,0.065173,0.074621,71,71
Kubernetes---kb_748_Normalized.json,Kubernetes---kb_748_Normalized.json::test_00001,invalid,passed,False,True,correct_reject,1.68111,0.009647,0.004706,0.004911,74,9
Kubernetes---kb_748_Normalized.json,Kubernetes---kb_748_Normalized.json::test_00002,invalid,passed,False,True,correct_reject,1.68111,0.096622,0.043345,0.053134,56,55
Kubernetes---kb_748_Normalized.json,Kubernetes---kb_748_Normalized.json::test_00003,invalid,passed,False,True,correct_reject,1.68111,0.017007,0.00778,0.009189,74,12
Kubernetes---kb_748_Normalized.json,Kubernetes---kb_748_Normalized.json::test_00004,invalid,passed,False,True,correct_reject,1.68111,0.000222,1.1e-05,0.000195,71,6
Kubernetes---kb_748_Normalized.json,Kubernetes---kb_748_Normalized.json::test_00005,invalid,passed,False,True,correct_reject,1.68111,0.016649,0.00777,0.008834,80,12
Kubernetes---kb_749_Normalized.json,Kubernetes---kb_749_Normalized.json::test_00000,valid,passed,True,True,correct_accept,1.67079,0.142616,0.066839,0.075566,72,72
Kubernetes---kb_749_Normalized.json,Kubernetes---kb_749_Normalized.json::test_00001,invalid,passed,False,True,correct_reject,1.67079,0.001019,0.000992,9e-06,69,6
Kubernetes---kb_749_Normalized.json,Kubernetes---kb_749_Normalized.json::test_00002,invalid,passed,False,True,correct_reject,1.67079,0.099726,0.046113,0.053449,57,55
Kubernetes---kb_749_Normalized.json,Kubernetes---kb_749_Normalized.json::test_00003,invalid,passed,False,True,correct_reject,1.67079,0.017012,0.007852,0.009124,75,12
Kubernetes---kb_749_Normalized.json,Kubernetes---kb_749_Normalized.json::test_00004,valid,passed,True,True,correct_accept,1.67079,0.134883,0.062914,0.071768,68,68
Kubernetes---kb_749_Normalized.json,Kubernetes---kb_749_Normalized.json::test_00005,invalid,passed,False,True,correct_reject,1.67079,0.003936,0.003422,0.000472,68,6
Kubernetes---kb_750_Normalized.json,Kubernetes---kb_750_Normalized.json::test_00000,valid,failed,False,True,over_constraint,5.52137,0.034584,0.014622,0.019861,137,27
Kubernetes---kb_750_Normalized.json,Kubernetes---kb_750_Normalized.json::test_00001,invalid,passed,False,True,correct_reject,5.52137,2.2e-05,5e-06,4e-06,81,4
Kubernetes---kb_750_Normalized.json,Kubernetes---kb_750_Normalized.json::test_00002,valid,passed,True,True,correct_accept,5.52137,0.242374,0.114159,0.127793,185,185
Kubernetes---kb_750_Normalized.json,Kubernetes---kb_750_Normalized.json::test_00003,invalid,passed,False,True,correct_reject,5.52137,0.067829,0.031935,0.035754,180,60
Kubernetes---kb_751_Normalized.json,Kubernetes---kb_751_Normalized.json::test_00000,valid,passed,True,True,correct_accept,5.58133,0.228814,0.105467,0.12292,170,170
Kubernetes---kb_751_Normalized.json,Kubernetes---kb_751_Normalized.json::test_00001,valid,passed,True,True,correct_accept,5.58133,0.198478,0.091689,0.106417,167,167
Kubernetes---kb_752_Normalized.json,Kubernetes---kb_752_Normalized.json::test_00000,valid,passed,True,True,correct_accept,0.65179,0.047248,0.020852,0.02631,26,26
Kubernetes---kb_752_Normalized.json,Kubernetes---kb_752_Normalized.json::test_00001,invalid,passed,False,True,correct_reject,0.65179,0.001269,0.001005,0.000245,25,6
Kubernetes---kb_752_Normalized.json,Kubernetes---kb_752_Normalized.json::test_00002,invalid,passed,False,True,correct_reject,0.65179,0.023435,0.009036,0.01434,13,13
Kubernetes---kb_752_Normalized.json,Kubernetes---kb_752_Normalized.json::test_00003,invalid,passed,False,True,correct_reject,0.65179,0.023157,0.008941,0.014146,23,19
Kubernetes---kb_752_Normalized.json,Kubernetes---kb_752_Normalized.json::test_00004,valid,passed,True,True,correct_accept,0.65179,0.04657,0.020534,0.025961,26,26
Kubernetes---kb_752_Normalized.json,Kubernetes---kb_752_Normalized.json::test_00005,invalid,passed,False,True,correct_reject,0.65179,0.04698,0.020619,0.026293,25,13
Kubernetes---kb_752_Normalized.json,Kubernetes---kb_752_Normalized.json::test_00006,invalid,passed,False,True,correct_reject,0.65179,0.001166,0.000921,0.000227,23,6
Kubernetes---kb_753_Normalized.json,Kubernetes---kb_753_Normalized.json::test_00000,valid,failed,False,True,over_constraint,0.620623,0.033514,0.014317,0.019141,26,13
Kubernetes---kb_753_Normalized.json,Kubernetes---kb_753_Normalized.json::test_00001,invalid,passed,False,True,correct_reject,0.620623,0.034293,0.015117,0.019124,25,13
Kubernetes---kb_753_Normalized.json,Kubernetes---kb_753_Normalized.json::test_00002,invalid,passed,False,True,correct_reject,0.620623,0.00277,0.002425,0.000314,23,6
Kubernetes---kb_753_Normalized.json,Kubernetes---kb_753_Normalized.json::test_00003,valid,passed,True,True,correct_accept,0.620623,0.047009,0.020886,0.026046,26,26
Kubernetes---kb_754_Normalized.json,Kubernetes---kb_754_Normalized.json::test_00000,valid,passed,True,True,correct_accept,0.537571,0.023776,0.010421,0.013304,15,15
Kubernetes---kb_754_Normalized.json,Kubernetes---kb_754_Normalized.json::test_00001,invalid,passed,False,True,correct_reject,0.537571,0.001249,0.00101,0.000221,15,6
Kubernetes---kb_754_Normalized.json,Kubernetes---kb_754_Normalized.json::test_00002,valid,passed,True,True,correct_accept,0.537571,0.048218,0.01995,0.028189,18,18
Kubernetes---kb_754_Normalized.json,Kubernetes---kb_754_Normalized.json::test_00003,invalid,passed,False,True,correct_reject,0.537571,0.004079,0.003573,0.000465,14,5
Kubernetes---kb_754_Normalized.json,Kubernetes---kb_754_Normalized.json::test_00004,invalid,passed,False,True,correct_reject,0.537571,0.000202,1.8e-05,0.000168,18,6
Kubernetes---kb_755_Normalized.json,Kubernetes---kb_755_Normalized.json::test_00000,valid,passed,True,True,correct_accept,0.503365,0.044433,0.019991,0.02437,20,20
Kubernetes---kb_755_Normalized.json,Kubernetes---kb_755_Normalized.json::test_00001,invalid,passed,False,True,correct_reject,0.503365,0.001191,0.000954,0.000219,20,6
Kubernetes---kb_755_Normalized.json,Kubernetes---kb_755_Normalized.json::test_00002,invalid,passed,False,True,correct_reject,0.503365,0.00023,1.1e-05,0.000204,16,5
Kubernetes---kb_756_Normalized.json,Kubernetes---kb_756_Normalized.json::test_00000,valid,passed,True,True,correct_accept,2.64931,0.055927,0.026425,0.029364,51,51
Kubernetes---kb_756_Normalized.json,Kubernetes---kb_756_Normalized.json::test_00001,invalid,passed,False,True,correct_reject,2.64931,0.056004,0.026362,0.029521,52,49
Kubernetes---kb_756_Normalized.json,Kubernetes---kb_756_Normalized.json::test_00002,invalid,passed,False,True,correct_reject,2.64931,0.055852,0.026374,0.029353,51,49
Kubernetes---kb_756_Normalized.json,Kubernetes---kb_756_Normalized.json::test_00003,valid,passed,True,True,correct_accept,2.64931,0.055864,0.026364,0.029375,51,51
Kubernetes---kb_757_Normalized.json,Kubernetes---kb_757_Normalized.json::test_00000,valid,passed,True,True,correct_accept,2.70585,0.105089,0.049826,0.055051,82,82
Kubernetes---kb_757_Normalized.json,Kubernetes---kb_757_Normalized.json::test_00001,invalid,passed,False,True,correct_reject,2.70585,0.104646,0.049423,0.055027,82,80
Kubernetes---kb_757_Normalized.json,Kubernetes---kb_757_Normalized.json::test_00002,invalid,passed,False,True,correct_reject,2.70585,0.117557,0.053395,0.063927,83,80
Kubernetes---kb_757_Normalized.json,Kubernetes---kb_757_Normalized.json::test_00003,invalid,passed,False,True,correct_reject,2.70585,0.104835,0.049304,0.055336,82,80
Kubernetes---kb_757_Normalized.json,Kubernetes---kb_757_Normalized.json::test_00004,valid,passed,True,True,correct_accept,2.70585,0.080129,0.03728,0.042699,60,60
Kubernetes---kb_757_Normalized.json,Kubernetes---kb_757_Normalized.json::test_00005,invalid,passed,False,True,correct_reject,2.70585,0.079428,0.036885,0.042402,60,58
Kubernetes---kb_758_Normalized.json,Kubernetes---kb_758_Normalized.json::test_00000,valid,failed,False,True,over_constraint,28.0096,0.024208,0.01129,0.012827,95,40
Kubernetes---kb_758_Normalized.json,Kubernetes---kb_758_Normalized.json::test_00001,invalid,passed,False,True,correct_reject,28.0096,0.024298,0.011276,0.012935,102,40
Kubernetes---kb_758_Normalized.json,Kubernetes---kb_758_Normalized.json::test_00002,invalid,passed,False,True,correct_reject,28.0096,2.7e-05,5e-06,5e-06,88,6
Kubernetes---kb_758_Normalized.json,Kubernetes---kb_758_Normalized.json::test_00003,invalid,passed,False,True,correct_reject,28.0096,0.024299,0.011328,0.012886,103,40
Kubernetes---kb_758_Normalized.json,Kubernetes---kb_758_Normalized.json::test_00004,invalid,passed,False,True,correct_reject,28.0096,0.035159,0.014837,0.02019,103,40
Kubernetes---kb_758_Normalized.json,Kubernetes---kb_758_Normalized.json::test_00005,invalid,passed,False,True,correct_reject,28.0096,0.024424,0.011332,0.013006,93,40
Kubernetes---kb_758_Normalized.json,Kubernetes---kb_758_Normalized.json::test_00006,invalid,passed,False,True,correct_reject,28.0096,0.024149,0.011295,0.012768,95,40
Kubernetes---kb_758_Normalized.json,Kubernetes---kb_758_Normalized.json::test_00007,valid,passed,True,True,correct_accept,28.0096,0.135621,0.061991,0.07337,96,96
Kubernetes---kb_758_Normalized.json,Kubernetes---kb_758_Normalized.json::test_00008,invalid,passed,False,True,correct_reject,28.0096,0.024247,0.011266,0.012893,97,40
Kubernetes---kb_758_Normalized.json,Kubernetes---kb_758_Normalized.json::test_00009,invalid,passed,False,True,correct_reject,28.0096,0.024893,0.011544,0.013266,124,40
Kubernetes---kb_759_Normalized.json,Kubernetes---kb_759_Normalized.json::test_00000,valid,failed,False,True,over_constraint,28.3825,0.028488,0.01314,0.01525,101,43
Kubernetes---kb_759_Normalized.json,Kubernetes---kb_759_Normalized.json::test_00001,invalid,passed,False,True,correct_reject,28.3825,0.028711,0.013306,0.015309,130,43
Kubernetes---kb_759_Normalized.json,Kubernetes---kb_759_Normalized.json::test_00002,invalid,passed,False,True,correct_reject,28.3825,2.7e-05,6e-06,4e-06,92,6
Kubernetes---kb_759_Normalized.json,Kubernetes---kb_759_Normalized.json::test_00003,invalid,passed,False,True,correct_reject,28.3825,0.02871,0.013286,0.01533,108,43
Kubernetes---kb_759_Normalized.json,Kubernetes---kb_759_Normalized.json::test_00004,invalid,passed,False,True,correct_reject,28.3825,0.028453,0.013161,0.0152,101,43
Kubernetes---kb_75_Normalized.json,Kubernetes---kb_75_Normalized.json::test_00000,valid,compile_error,,True,over_constraint,0.126554,,,,,
Kubernetes---kb_75_Normalized.json,Kubernetes---kb_75_Normalized.json::test_00001,valid,compile_error,,True,over_constraint,0.126554,,,,,
Kubernetes---kb_75_Normalized.json,Kubernetes---kb_75_Normalized.json::test_00002,invalid,compile_error,,True,correct_reject,0.126554,,,,,
Kubernetes---kb_75_Normalized.json,Kubernetes---kb_75_Normalized.json::test_00003,invalid,compile_error,,True,correct_reject,0.126554,,,,,
Kubernetes---kb_760_Normalized.json,Kubernetes---kb_760_Normalized.json::test_00000,valid,failed,False,True,over_constraint,27.6317,0.257192,0.123688,0.133198,418,104
Kubernetes---kb_760_Normalized.json,Kubernetes---kb_760_Normalized.json::test_00001,invalid,passed,False,True,correct_reject,27.6317,0.260966,0.126902,0.133749,418,104
Kubernetes---kb_760_Normalized.json,Kubernetes---kb_760_Normalized.json::test_00002,invalid,passed,False,True,correct_reject,27.6317,0.258525,0.125059,0.133176,418,104
Kubernetes---kb_760_Normalized.json,Kubernetes---kb_760_Normalized.json::test_00003,invalid,passed,False,True,correct_reject,27.6317,0.264779,0.128606,0.135861,420,104
Kubernetes---kb_760_Normalized.json,Kubernetes---kb_760_Normalized.json::test_00004,invalid,passed,False,True,correct_reject,27.6317,0.258792,0.124991,0.133497,420,104
Kubernetes---kb_760_Normalized.json,Kubernetes---kb_760_Normalized.json::test_00005,valid,failed,False,True,over_constraint,27.6317,0.106318,0.051897,0.054204,202,92
Kubernetes---kb_760_Normalized.json,Kubernetes---kb_760_Normalized.json::test_00006,invalid,passed,False,True,correct_reject,27.6317,0.068352,0.032675,0.035532,205,62
Kubernetes---kb_760_Normalized.json,Kubernetes---kb_760_Normalized.json::test_00007,invalid,passed,False,True,correct_reject,27.6317,0.069097,0.032974,0.035977,200,62
Kubernetes---kb_760_Normalized.json,Kubernetes---kb_760_Normalized.json::test_00008,invalid,passed,False,True,correct_reject,27.6317,0.098146,0.046914,0.051054,217,74
Kubernetes---kb_761_Normalized.json,Kubernetes---kb_761_Normalized.json::test_00000,valid,passed,True,True,correct_accept,28.4504,0.61041,0.284084,0.325503,308,308
Kubernetes---kb_761_Normalized.json,Kubernetes---kb_761_Normalized.json::test_00001,invalid,passed,False,True,correct_reject,28.4504,0.145414,0.066506,0.078702,315,66
Kubernetes---kb_761_Normalized.json,Kubernetes---kb_761_Normalized.json::test_00002,invalid,passed,False,True,correct_reject,28.4504,0.60388,0.283185,0.319906,308,305
Kubernetes---kb_761_Normalized.json,Kubernetes---kb_761_Normalized.json::test_00003,invalid,passed,False,True,correct_reject,28.4504,0.395992,0.185451,0.210021,358,214
Kubernetes---kb_761_Normalized.json,Kubernetes---kb_761_Normalized.json::test_00004,invalid,passed,False,True,correct_reject,28.4504,0.137196,0.064258,0.072761,319,65
Kubernetes---kb_761_Normalized.json,Kubernetes---kb_761_Normalized.json::test_00005,invalid,passed,False,True,correct_reject,28.4504,0.395156,0.185131,0.209489,357,214
Kubernetes---kb_761_Normalized.json,Kubernetes---kb_761_Normalized.json::test_00006,valid,passed,True,True,correct_accept,28.4504,0.138065,0.064896,0.072949,86,86
Kubernetes---kb_761_Normalized.json,Kubernetes---kb_761_Normalized.json::test_00007,invalid,passed,False,True,correct_reject,28.4504,0.101925,0.047746,0.054028,86,56
Kubernetes---kb_761_Normalized.json,Kubernetes---kb_761_Normalized.json::test_00008,invalid,passed,False,True,correct_reject,28.4504,0.060604,0.028771,0.031736,88,36
Kubernetes---kb_762_Normalized.json,Kubernetes---kb_762_Normalized.json::test_00000,valid,passed,True,True,correct_accept,52.2623,0.614495,0.288574,0.32503,333,333
Kubernetes---kb_762_Normalized.json,Kubernetes---kb_762_Normalized.json::test_00001,invalid,passed,False,True,correct_reject,52.2623,0.831311,0.393024,0.437153,467,416
Kubernetes---kb_762_Normalized.json,Kubernetes---kb_762_Normalized.json::test_00002,invalid,passed,False,True,correct_reject,52.2623,0.278148,0.131152,0.146603,200,149
Kubernetes---kb_762_Normalized.json,Kubernetes---kb_762_Normalized.json::test_00003,invalid,passed,False,True,correct_reject,52.2623,0.629462,0.297353,0.331252,464,324
Kubernetes---kb_762_Normalized.json,Kubernetes---kb_762_Normalized.json::test_00004,invalid,passed,False,True,correct_reject,52.2623,0.257709,0.120455,0.136882,147,134
Kubernetes---kb_762_Normalized.json,Kubernetes---kb_762_Normalized.json::test_00005,valid,passed,True,True,correct_accept,52.2623,0.65304,0.305649,0.346441,354,354
Kubernetes---kb_762_Normalized.json,Kubernetes---kb_762_Normalized.json::test_00006,invalid,passed,False,True,correct_reject,52.2623,0.606974,0.284577,0.321532,356,308
Kubernetes---kb_763_Normalized.json,Kubernetes---kb_763_Normalized.json::test_00000,valid,passed,True,True,correct_accept,54.204,0.692839,0.307047,0.384864,353,353
Kubernetes---kb_763_Normalized.json,Kubernetes---kb_763_Normalized.json::test_00001,invalid,passed,False,True,correct_reject,54.204,0.616048,0.274081,0.34119,354,301
Kubernetes---kb_763_Normalized.json,Kubernetes---kb_763_Normalized.json::test_00002,invalid,passed,False,True,correct_reject,54.204,0.310424,0.137685,0.17232,212,159
Kubernetes---kb_763_Normalized.json,Kubernetes---kb_763_Normalized.json::test_00003,invalid,passed,False,True,correct_reject,54.204,3.1e-05,1.5e-05,3e-06,343,5
Kubernetes---kb_763_Normalized.json,Kubernetes---kb_763_Normalized.json::test_00004,valid,passed,True,True,correct_accept,54.204,0.695565,0.308185,0.386423,342,342
Kubernetes---kb_763_Normalized.json,Kubernetes---kb_763_Normalized.json::test_00005,invalid,passed,False,True,correct_reject,54.204,0.939942,0.418426,0.52036,479,428
Kubernetes---kb_764_Normalized.json,Kubernetes---kb_764_Normalized.json::test_00000,valid,passed,True,True,correct_accept,53.0929,0.611138,0.288211,0.322063,333,333
Kubernetes---kb_764_Normalized.json,Kubernetes---kb_764_Normalized.json::test_00001,invalid,passed,False,True,correct_reject,53.0929,0.542224,0.256309,0.285201,332,288
Kubernetes---kb_764_Normalized.json,Kubernetes---kb_764_Normalized.json::test_00002,invalid,passed,False,True,correct_reject,53.0929,0.27282,0.128735,0.143679,202,149
Kubernetes---kb_764_Normalized.json,Kubernetes---kb_764_Normalized.json::test_00003,invalid,passed,False,True,correct_reject,53.0929,0.278409,0.129096,0.148909,331,145
Kubernetes---kb_764_Normalized.json,Kubernetes---kb_764_Normalized.json::test_00004,valid,passed,True,True,correct_accept,53.0929,0.656647,0.309893,0.345839,356,356
Kubernetes---kb_764_Normalized.json,Kubernetes---kb_764_Normalized.json::test_00005,invalid,passed,False,True,correct_reject,53.0929,0.089169,0.04273,0.046287,357,55
Kubernetes---kb_765_Normalized.json,Kubernetes---kb_765_Normalized.json::test_00000,valid,passed,True,True,correct_accept,53.7215,0.80541,0.379201,0.425223,365,365
Kubernetes---kb_765_Normalized.json,Kubernetes---kb_765_Normalized.json::test_00001,invalid,passed,False,True,correct_reject,53.7215,1.08721,0.51406,0.571883,513,461
Kubernetes---kb_765_Normalized.json,Kubernetes---kb_765_Normalized.json::test_00002,invalid,passed,False,True,correct_reject,53.7215,0.388155,0.182084,0.205615,218,166
Kubernetes---kb_765_Normalized.json,Kubernetes---kb_765_Normalized.json::test_00003,invalid,passed,False,True,correct_reject,53.7215,0.725015,0.339765,0.384371,363,321
Kubernetes---kb_765_Normalized.json,Kubernetes---kb_765_Normalized.json::test_00004,valid,passed,True,True,correct_accept,53.7215,0.701308,0.33106,0.369324,356,356
Kubernetes---kb_765_Normalized.json,Kubernetes---kb_765_Normalized.json::test_00005,invalid,passed,False,True,correct_reject,53.7215,0.439951,0.209934,0.229473,359,205
Kubernetes---kb_766_Normalized.json,Kubernetes---kb_766_Normalized.json::test_00000,valid,failed,False,True,over_constraint,38.1777,0.048414,0.021404,0.026882,105,56
Kubernetes---kb_766_Normalized.json,Kubernetes---kb_766_Normalized.json::test_00001,valid,passed,True,True,correct_accept,38.1777,0.157225,0.074046,0.082837,160,160
Kubernetes---kb_767_Normalized.json,Kubernetes---kb_767_Normalized.json::test_00000,valid,passed,True,True,correct_accept,38.746,0.234548,0.110498,0.123645,164,164
Kubernetes---kb_767_Normalized.json,Kubernetes---kb_767_Normalized.json::test_00001,valid,passed,True,True,correct_accept,38.746,0.238909,0.110737,0.127772,165,165
Kubernetes---kb_767_Normalized.json,Kubernetes---kb_767_Normalized.json::test_00002,invalid,passed,False,True,correct_reject,38.746,0.101432,0.04644,0.054827,136,56
Kubernetes---kb_768_Normalized.json,Kubernetes---kb_768_Normalized.json::test_00000,valid,passed,True,True,correct_accept,0.801674,0.10986,0.050386,0.059317,49,49
Kubernetes---kb_768_Normalized.json,Kubernetes---kb_768_Normalized.json::test_00001,invalid,passed,False,True,correct_reject,0.801674,0.060231,0.028217,0.031913,44,25
Kubernetes---kb_768_Normalized.json,Kubernetes---kb_768_Normalized.json::test_00002,valid,passed,True,True,correct_accept,0.801674,0.122593,0.056643,0.065768,51,51
Kubernetes---kb_768_Normalized.json,Kubernetes---kb_768_Normalized.json::test_00003,invalid,passed,False,True,correct_reject,0.801674,0.064548,0.029425,0.035004,47,25
Kubernetes---kb_768_Normalized.json,Kubernetes---kb_768_Normalized.json::test_00004,invalid,passed,False,True,correct_reject,0.801674,0.097968,0.045694,0.052132,48,47
Kubernetes---kb_769_Normalized.json,Kubernetes---kb_769_Normalized.json::test_00000,valid,passed,True,True,correct_accept,0.963977,0.122964,0.056641,0.066152,51,51
Kubernetes---kb_769_Normalized.json,Kubernetes---kb_769_Normalized.json::test_00001,invalid,passed,False,True,correct_reject,0.963977,0.059104,0.027699,0.031321,47,25
Kubernetes---kb_76_Normalized.json,Kubernetes---kb_76_Normalized.json::test_00000,valid,compile_error,,True,over_constraint,0.114401,,,,,
Kubernetes---kb_76_Normalized.json,Kubernetes---kb_76_Normalized.json::test_00001,valid,compile_error,,True,over_constraint,0.114401,,,,,
Kubernetes---kb_76_Normalized.json,Kubernetes---kb_76_Normalized.json::test_00002,invalid,compile_error,,True,correct_reject,0.114401,,,,,
Kubernetes---kb_770_Normalized.json,Kubernetes---kb_770_Normalized.json::test_00000,valid,failed,False,True,over_constraint,63.2636,0.087554,0.040926,0.046432,140,84
Kubernetes---kb_770_Normalized.json,Kubernetes---kb_770_Normalized.json::test_00001,invalid,passed,False,True,correct_reject,63.2636,0.08539,0.039593,0.045606,143,84
Kubernetes---kb_770_Normalized.json,Kubernetes---kb_770_Normalized.json::test_00002,invalid,passed,False,True,correct_reject,63.2636,0.087488,0.040742,0.046567,121,80
Kubernetes---kb_770_Normalized.json,Kubernetes---kb_770_Normalized.json::test_00003,invalid,passed,False,True,correct_reject,63.2636,0.100536,0.044721,0.055587,184,84
Kubernetes---kb_771_Normalized.json,Kubernetes---kb_771_Normalized.json::test_00000,valid,failed,False,True,over_constraint,60.7775,0.143756,0.067592,0.07593,159,84
Kubernetes---kb_771_Normalized.json,Kubernetes---kb_771_Normalized.json::test_00001,invalid,passed,False,True,correct_reject,60.7775,0.143778,0.067612,0.075943,162,84
Kubernetes---kb_771_Normalized.json,Kubernetes---kb_771_Normalized.json::test_00002,invalid,passed,False,True,correct_reject,60.7775,0.143868,0.067601,0.076047,140,80
Kubernetes---kb_771_Normalized.json,Kubernetes---kb_771_Normalized.json::test_00003,invalid,passed,False,True,correct_reject,60.7775,0.144108,0.06765,0.076237,164,84
Kubernetes---kb_771_Normalized.json,Kubernetes---kb_771_Normalized.json::test_00004,valid,failed,False,True,over_constraint,60.7775,0.140368,0.065897,0.074245,140,84
Kubernetes---kb_772_Normalized.json,Kubernetes---kb_772_Normalized.json::test_00000,valid,passed,True,True,correct_accept,0.353093,0.017027,0.007243,0.009744,8,8
Kubernetes---kb_772_Normalized.json,Kubernetes---kb_772_Normalized.json::test_00001,invalid,passed,False,True,correct_reject,0.353093,0.002261,0.002015,0.000227,6,5
Kubernetes---kb_773_Normalized.json,Kubernetes---kb_773_Normalized.json::test_00000,valid,passed,True,True,correct_accept,0.347096,0.017069,0.007264,0.009766,8,8
Kubernetes---kb_773_Normalized.json,Kubernetes---kb_773_Normalized.json::test_00001,invalid,passed,False,True,correct_reject,0.347096,0.001313,0.00107,0.000225,6,5
Kubernetes---kb_774_Normalized.json,Kubernetes---kb_774_Normalized.json::test_00000,valid,failed,False,True,over_constraint,1.21876,0.016927,0.005393,0.01148,54,6
Kubernetes---kb_774_Normalized.json,Kubernetes---kb_774_Normalized.json::test_00001,valid,passed,True,True,correct_accept,1.21876,0.017127,0.007972,0.009045,54,54
Kubernetes---kb_774_Normalized.json,Kubernetes---kb_774_Normalized.json::test_00002,invalid,passed,False,True,correct_reject,1.21876,0.001216,0.00099,0.00021,58,4
Kubernetes---kb_775_Normalized.json,Kubernetes---kb_775_Normalized.json::test_00000,valid,failed,False,True,over_constraint,1.24057,0.008282,0.00293,0.005322,54,6
Kubernetes---kb_775_Normalized.json,Kubernetes---kb_775_Normalized.json::test_00001,invalid,passed,False,True,correct_reject,1.24057,0.001207,0.000962,0.000227,54,5
Kubernetes---kb_775_Normalized.json,Kubernetes---kb_775_Normalized.json::test_00002,valid,passed,True,True,correct_accept,1.24057,0.015958,0.006926,0.008929,54,54
Kubernetes---kb_776_Normalized.json,Kubernetes---kb_776_Normalized.json::test_00000,valid,passed,True,True,correct_accept,1.86606,0.108267,0.050819,0.057304,52,52
Kubernetes---kb_776_Normalized.json,Kubernetes---kb_776_Normalized.json::test_00001,invalid,passed,False,True,correct_reject,1.86606,2.1e-05,5e-06,3e-06,6,4
Kubernetes---kb_776_Normalized.json,Kubernetes---kb_776_Normalized.json::test_00002,valid,passed,True,True,correct_accept,1.86606,0.228012,0.107384,0.120351,103,103
Kubernetes---kb_777_Normalized.json,Kubernetes---kb_777_Normalized.json::test_00000,valid,passed,True,True,correct_accept,1.84404,0.246124,0.116157,0.129656,109,109
Kubernetes---kb_777_Normalized.json,Kubernetes---kb_777_Normalized.json::test_00001,invalid,passed,False,True,correct_reject,1.84404,2.2e-05,5e-06,3e-06,6,4
Kubernetes---kb_777_Normalized.json,Kubernetes---kb_777_Normalized.json::test_00002,valid,passed,True,True,correct_accept,1.84404,0.22852,0.105922,0.122291,102,102
Kubernetes---kb_777_Normalized.json,Kubernetes---kb_777_Normalized.json::test_00003,invalid,passed,False,True,correct_reject,1.84404,2e-05,5e-06,3e-06,7,4
Kubernetes---kb_777_Normalized.json,Kubernetes---kb_777_Normalized.json::test_00004,invalid,passed,False,True,correct_reject,1.84404,0.000247,1.3e-05,0.000211,93,10
Kubernetes---kb_778_Normalized.json,Kubernetes---kb_778_Normalized.json::test_00000,valid,passed,True,True,correct_accept,2.82783,0.042482,0.019722,0.022634,57,57
Kubernetes---kb_778_Normalized.json,Kubernetes---kb_778_Normalized.json::test_00001,valid,passed,True,True,correct_accept,2.82783,0.046455,0.021184,0.025142,58,58
Kubernetes---kb_778_Normalized.json,Kubernetes---kb_778_Normalized.json::test_00002,invalid,passed,False,True,correct_reject,2.82783,3e-05,1.4e-05,4e-06,65,4
Kubernetes---kb_779_Normalized.json,Kubernetes---kb_779_Normalized.json::test_00000,valid,passed,True,True,correct_accept,2.83514,0.049816,0.02312,0.026555,59,59
Kubernetes---kb_779_Normalized.json,Kubernetes---kb_779_Normalized.json::test_00001,valid,passed,True,True,correct_accept,2.83514,0.045312,0.021221,0.023956,58,58
Kubernetes---kb_779_Normalized.json,Kubernetes---kb_779_Normalized.json::test_00002,invalid,passed,False,True,correct_reject,2.83514,0.012902,0.005743,0.007123,58,12
Kubernetes---kb_779_Normalized.json,Kubernetes---kb_779_Normalized.json::test_00003,invalid,passed,False,True,correct_reject,2.83514,0.041246,0.01916,0.022016,59,22
Kubernetes---kb_77_Normalized.json,Kubernetes---kb_77_Normalized.json::test_00000,valid,passed,True,True,correct_accept,1.05669,0.107507,0.047959,0.059392,53,53
Kubernetes---kb_77_Normalized.json,Kubernetes---kb_77_Normalized.json::test_00001,invalid,passed,False,True,correct_reject,1.05669,0.001213,0.000985,0.000208,52,6
Kubernetes---kb_77_Normalized.json,Kubernetes---kb_77_Normalized.json::test_00002,invalid,passed,False,True,correct_reject,1.05669,0.013976,0.006158,0.007765,53,22
Kubernetes---kb_77_Normalized.json,Kubernetes---kb_77_Normalized.json::test_00003,invalid,passed,False,True,correct_reject,1.05669,0.000204,1.7e-05,0.000172,48,6
Kubernetes---kb_780_Normalized.json,Kubernetes---kb_780_Normalized.json::test_00000,valid,passed,True,True,correct_accept,10.3945,0.205398,0.095676,0.109338,175,175
Kubernetes---kb_780_Normalized.json,Kubernetes---kb_780_Normalized.json::test_00001,valid,passed,True,True,correct_accept,10.3945,0.201402,0.093557,0.107452,175,175
Kubernetes---kb_780_Normalized.json,Kubernetes---kb_780_Normalized.json::test_00002,invalid,passed,False,True,correct_reject,10.3945,0.000218,1.3e-05,0.000188,175,5
Kubernetes---kb_780_Normalized.json,Kubernetes---kb_780_Normalized.json::test_00003,invalid,passed,False,True,correct_reject,10.3945,0.000242,2.7e-05,0.0002,175,5
Kubernetes---kb_780_Normalized.json,Kubernetes---kb_780_Normalized.json::test_00004,invalid,passed,False,True,correct_reject,10.3945,0.017865,0.007969,0.00982,235,24
Kubernetes---kb_780_Normalized.json,Kubernetes---kb_780_Normalized.json::test_00005,invalid,passed,False,True,correct_reject,10.3945,0.095541,0.043239,0.052087,207,83
Kubernetes---kb_781_Normalized.json,Kubernetes---kb_781_Normalized.json::test_00000,valid,passed,True,True,correct_accept,10.1588,0.221229,0.099694,0.121119,178,178
Kubernetes---kb_781_Normalized.json,Kubernetes---kb_781_Normalized.json::test_00001,valid,passed,True,True,correct_accept,10.1588,0.221567,0.099611,0.121542,178,178
Kubernetes---kb_781_Normalized.json,Kubernetes---kb_781_Normalized.json::test_00002,invalid,passed,False,True,correct_reject,10.1588,0.000242,1.4e-05,0.000212,177,5
Kubernetes---kb_781_Normalized.json,Kubernetes---kb_781_Normalized.json::test_00003,invalid,passed,False,True,correct_reject,10.1588,0.118056,0.054723,0.063098,203,104
Kubernetes---kb_784_Normalized.json,Kubernetes---kb_784_Normalized.json::test_00000,valid,passed,True,True,correct_accept,0.545466,0.000568,0.000133,0.000388,21,21
Kubernetes---kb_784_Normalized.json,Kubernetes---kb_784_Normalized.json::test_00001,invalid,passed,False,True,correct_reject,0.545466,0.000266,2.5e-05,0.000224,21,5
Kubernetes---kb_784_Normalized.json,Kubernetes---kb_784_Normalized.json::test_00002,valid,passed,True,True,correct_accept,0.545466,0.000984,0.000341,0.000584,21,21
Kubernetes---kb_785_Normalized.json,Kubernetes---kb_785_Normalized.json::test_00000,valid,passed,True,True,correct_accept,0.547738,0.000548,0.000132,0.000371,21,21
Kubernetes---kb_785_Normalized.json,Kubernetes---kb_785_Normalized.json::test_00001,invalid,passed,False,True,correct_reject,0.547738,0.000221,2.8e-05,0.000175,21,5
Kubernetes---kb_785_Normalized.json,Kubernetes---kb_785_Normalized.json::test_00002,invalid,passed,False,True,correct_reject,0.547738,0.00026,2.6e-05,0.000219,21,5
Kubernetes---kb_785_Normalized.json,Kubernetes---kb_785_Normalized.json::test_00003,valid,passed,True,True,correct_accept,0.547738,0.000563,0.000142,0.000378,21,21
Kubernetes---kb_786_Normalized.json,Kubernetes---kb_786_Normalized.json::test_00000,valid,failed,False,True,over_constraint,1.06379,0.060958,0.027602,0.033275,50,23
Kubernetes---kb_786_Normalized.json,Kubernetes---kb_786_Normalized.json::test_00001,invalid,passed,False,True,correct_reject,1.06379,0.062052,0.028728,0.033246,47,23
Kubernetes---kb_786_Normalized.json,Kubernetes---kb_786_Normalized.json::test_00002,invalid,passed,False,True,correct_reject,1.06379,0.061805,0.028556,0.033169,49,23
Kubernetes---kb_786_Normalized.json,Kubernetes---kb_786_Normalized.json::test_00003,invalid,passed,False,True,correct_reject,1.06379,0.06189,0.028706,0.033109,50,23
Kubernetes---kb_786_Normalized.json,Kubernetes---kb_786_Normalized.json::test_00004,invalid,passed,False,True,correct_reject,1.06379,0.037433,0.018142,0.019232,46,18
Kubernetes---kb_786_Normalized.json,Kubernetes---kb_786_Normalized.json::test_00005,valid,passed,True,True,correct_accept,1.06379,0.102091,0.046533,0.055408,50,50
Kubernetes---kb_787_Normalized.json,Kubernetes---kb_787_Normalized.json::test_00000,valid,failed,False,True,over_constraint,1.07976,0.063644,0.028894,0.034669,50,23
Kubernetes---kb_787_Normalized.json,Kubernetes---kb_787_Normalized.json::test_00001,invalid,passed,False,True,correct_reject,1.07976,0.064271,0.029779,0.034408,47,23
Kubernetes---kb_787_Normalized.json,Kubernetes---kb_787_Normalized.json::test_00002,invalid,passed,False,True,correct_reject,1.07976,0.039077,0.019,0.020016,46,18
Kubernetes---kb_787_Normalized.json,Kubernetes---kb_787_Normalized.json::test_00003,invalid,passed,False,True,correct_reject,1.07976,0.073477,0.03149,0.041892,50,23
Kubernetes---kb_787_Normalized.json,Kubernetes---kb_787_Normalized.json::test_00004,valid,passed,True,True,correct_accept,1.07976,0.102422,0.047652,0.054632,50,50
Kubernetes---kb_787_Normalized.json,Kubernetes---kb_787_Normalized.json::test_00005,invalid,passed,False,True,correct_reject,1.07976,0.062017,0.028696,0.03324,49,23
Kubernetes---kb_78_Normalized.json,Kubernetes---kb_78_Normalized.json::test_00000,valid,failed,False,True,over_constraint,0.997292,0.025081,0.010631,0.014405,42,11
Kubernetes---kb_78_Normalized.json,Kubernetes---kb_78_Normalized.json::test_00001,invalid,passed,False,True,correct_reject,0.997292,0.026282,0.011663,0.014573,42,11
Kubernetes---kb_78_Normalized.json,Kubernetes---kb_78_Normalized.json::test_00002,invalid,passed,False,True,correct_reject,0.997292,0.001188,0.000993,0.000178,35,6
Kubernetes---kb_78_Normalized.json,Kubernetes---kb_78_Normalized.json::test_00003,valid,passed,True,True,correct_accept,0.997292,0.110142,0.049347,0.060644,53,53
Kubernetes---kb_78_Normalized.json,Kubernetes---kb_78_Normalized.json::test_00004,invalid,passed,False,True,correct_reject,0.997292,0.001169,0.000965,0.000185,52,6
Kubernetes---kb_78_Normalized.json,Kubernetes---kb_78_Normalized.json::test_00005,invalid,passed,False,True,correct_reject,0.997292,0.013838,0.005985,0.007796,41,26
Kubernetes---kb_790_Normalized.json,Kubernetes---kb_790_Normalized.json::test_00000,valid,passed,True,True,correct_accept,1.7099,0.274824,0.130212,0.144297,111,111
Kubernetes---kb_790_Normalized.json,Kubernetes---kb_790_Normalized.json::test_00001,invalid,passed,False,True,correct_reject,1.7099,0.001205,0.000957,0.000227,101,6
Kubernetes---kb_790_Normalized.json,Kubernetes---kb_790_Normalized.json::test_00002,invalid,passed,False,True,correct_reject,1.7099,0.000238,1.8e-05,0.000203,110,6
Kubernetes---kb_790_Normalized.json,Kubernetes---kb_790_Normalized.json::test_00003,invalid,passed,False,True,correct_reject,1.7099,0.218324,0.103782,0.114279,109,92
Kubernetes---kb_790_Normalized.json,Kubernetes---kb_790_Normalized.json::test_00004,valid,passed,True,True,correct_accept,1.7099,0.196982,0.09312,0.103603,94,94
Kubernetes---kb_790_Normalized.json,Kubernetes---kb_790_Normalized.json::test_00005,invalid,passed,False,True,correct_reject,1.7099,0.001183,0.000963,0.000201,94,6
Kubernetes---kb_790_Normalized.json,Kubernetes---kb_790_Normalized.json::test_00006,invalid,passed,False,True,correct_reject,1.7099,0.16555,0.078517,0.086801,92,79
Kubernetes---kb_791_Normalized.json,Kubernetes---kb_791_Normalized.json::test_00000,valid,passed,True,True,correct_accept,1.7123,0.240823,0.107035,0.133464,103,103
Kubernetes---kb_791_Normalized.json,Kubernetes---kb_791_Normalized.json::test_00001,invalid,passed,False,True,correct_reject,1.7123,0.001254,0.00103,0.000203,102,6
Kubernetes---kb_791_Normalized.json,Kubernetes---kb_791_Normalized.json::test_00002,invalid,passed,False,True,correct_reject,1.7123,0.20681,0.092618,0.113949,101,88
Kubernetes---kb_791_Normalized.json,Kubernetes---kb_791_Normalized.json::test_00003,valid,passed,True,True,correct_accept,1.7123,0.288667,0.126044,0.162275,111,111
Kubernetes---kb_791_Normalized.json,Kubernetes---kb_791_Normalized.json::test_00004,invalid,passed,False,True,correct_reject,1.7123,0.24695,0.110995,0.135665,110,100
Kubernetes---kb_791_Normalized.json,Kubernetes---kb_791_Normalized.json::test_00005,invalid,passed,False,True,correct_reject,1.7123,0.000233,1.9e-05,0.000197,110,6
Kubernetes---kb_792_Normalized.json,Kubernetes---kb_792_Normalized.json::test_00000,valid,passed,True,True,correct_accept,1.56236,0.186873,0.087166,0.099453,88,88
Kubernetes---kb_792_Normalized.json,Kubernetes---kb_792_Normalized.json::test_00001,invalid,passed,False,True,correct_reject,1.56236,0.001203,0.000991,0.000192,87,6
Kubernetes---kb_792_Normalized.json,Kubernetes---kb_792_Normalized.json::test_00002,invalid,passed,False,True,correct_reject,1.56236,0.165228,0.077927,0.087085,86,79
Kubernetes---kb_792_Normalized.json,Kubernetes---kb_792_Normalized.json::test_00003,valid,passed,True,True,correct_accept,1.56236,0.222706,0.104037,0.118389,97,97
Kubernetes---kb_792_Normalized.json,Kubernetes---kb_792_Normalized.json::test_00004,invalid,passed,False,True,correct_reject,1.56236,0.001199,0.000962,0.000221,97,6
Kubernetes---kb_792_Normalized.json,Kubernetes---kb_792_Normalized.json::test_00005,invalid,passed,False,True,correct_reject,1.56236,0.157227,0.073703,0.083329,84,76
Kubernetes---kb_793_Normalized.json,Kubernetes---kb_793_Normalized.json::test_00000,valid,passed,True,True,correct_accept,1.53623,0.171835,0.08006,0.091528,85,85
Kubernetes---kb_793_Normalized.json,Kubernetes---kb_793_Normalized.json::test_00001,invalid,passed,False,True,correct_reject,1.53623,0.001229,0.000994,0.000217,84,6
Kubernetes---kb_793_Normalized.json,Kubernetes---kb_793_Normalized.json::test_00002,invalid,passed,False,True,correct_reject,1.53623,0.147547,0.069752,0.077591,83,76
Kubernetes---kb_793_Normalized.json,Kubernetes---kb_793_Normalized.json::test_00003,valid,passed,True,True,correct_accept,1.53623,0.224608,0.1045,0.119827,97,97
Kubernetes---kb_793_Normalized.json,Kubernetes---kb_793_Normalized.json::test_00004,invalid,passed,False,True,correct_reject,1.53623,0.001219,0.001017,0.000182,96,6
Kubernetes---kb_793_Normalized.json,Kubernetes---kb_793_Normalized.json::test_00005,invalid,passed,False,True,correct_reject,1.53623,0.000443,4.4e-05,0.000371,93,6
Kubernetes---kb_794_Normalized.json,Kubernetes---kb_794_Normalized.json::test_00000,valid,passed,True,True,correct_accept,68.6431,0.090177,0.042139,0.047824,99,99
Kubernetes---kb_794_Normalized.json,Kubernetes---kb_794_Normalized.json::test_00001,valid,passed,True,True,correct_accept,68.6431,0.098219,0.045905,0.052095,101,101
Kubernetes---kb_794_Normalized.json,Kubernetes---kb_794_Normalized.json::test_00002,invalid,passed,False,True,correct_reject,68.6431,0.033468,0.01539,0.01798,100,44
Kubernetes---kb_794_Normalized.json,Kubernetes---kb_794_Normalized.json::test_00003,invalid,passed,False,True,correct_reject,68.6431,0.033424,0.015362,0.017967,101,44
Kubernetes---kb_797_Normalized.json,Kubernetes---kb_797_Normalized.json::test_00000,valid,passed,True,True,correct_accept,69.7804,0.11714,0.054539,0.062364,102,102
Kubernetes---kb_797_Normalized.json,Kubernetes---kb_797_Normalized.json::test_00001,valid,passed,True,True,correct_accept,69.7804,0.106409,0.049596,0.056579,99,99
Kubernetes---kb_797_Normalized.json,Kubernetes---kb_797_Normalized.json::test_00002,invalid,passed,False,True,correct_reject,69.7804,0.049988,0.02316,0.026721,99,44
Kubernetes---kb_798_Normalized.json,Kubernetes---kb_798_Normalized.json::test_00000,valid,passed,True,True,correct_accept,0.985087,0.128857,0.060856,0.067834,54,54
Kubernetes---kb_798_Normalized.json,Kubernetes---kb_798_Normalized.json::test_00001,invalid,passed,False,True,correct_reject,0.985087,0.060668,0.028378,0.032211,50,25
Kubernetes---kb_798_Normalized.json,Kubernetes---kb_798_Normalized.json::test_00002,valid,passed,True,True,correct_accept,0.985087,0.159239,0.075011,0.084045,61,61
Kubernetes---kb_798_Normalized.json,Kubernetes---kb_798_Normalized.json::test_00003,invalid,passed,False,True,correct_reject,0.985087,0.000972,0.000957,4e-06,33,2
Kubernetes---kb_799_Normalized.json,Kubernetes---kb_799_Normalized.json::test_00000,valid,passed,True,True,correct_accept,1.04475,0.127317,0.059817,0.067335,54,54
Kubernetes---kb_799_Normalized.json,Kubernetes---kb_799_Normalized.json::test_00001,invalid,passed,False,True,correct_reject,1.04475,0.058985,0.027671,0.031227,50,25
Kubernetes---kb_799_Normalized.json,Kubernetes---kb_799_Normalized.json::test_00002,invalid,passed,False,True,correct_reject,1.04475,0.100831,0.047386,0.053311,54,44
Kubernetes---kb_799_Normalized.json,Kubernetes---kb_799_Normalized.json::test_00003,valid,passed,True,True,correct_accept,1.04475,0.158109,0.072207,0.085694,58,58
Kubernetes---kb_799_Normalized.json,Kubernetes---kb_799_Normalized.json::test_00004,invalid,passed,False,True,correct_reject,1.04475,0.002513,0.002485,9e-06,52,2
Kubernetes---kb_79_Normalized.json,Kubernetes---kb_79_Normalized.json::test_00000,valid,passed,True,True,correct_accept,0.842396,0.05137,0.023565,0.027694,35,35
Kubernetes---kb_79_Normalized.json,Kubernetes---kb_79_Normalized.json::test_00001,invalid,passed,False,True,correct_reject,0.842396,0.001235,0.001016,0.000197,34,6
Kubernetes---kb_79_Normalized.json,Kubernetes---kb_79_Normalized.json::test_00002,invalid,passed,False,True,correct_reject,0.842396,0.01381,0.00634,0.007423,33,22
Kubernetes---kb_79_Normalized.json,Kubernetes---kb_79_Normalized.json::test_00003,valid,passed,True,True,correct_accept,0.842396,0.05546,0.025592,0.029769,36,36
Kubernetes---kb_79_Normalized.json,Kubernetes---kb_79_Normalized.json::test_00004,invalid,passed,False,True,correct_reject,0.842396,0.001299,0.001047,0.000233,32,6
Kubernetes---kb_7_Normalized.json,Kubernetes---kb_7_Normalized.json::test_00000,valid,passed,True,True,correct_accept,0.317383,0.01683,0.007033,0.009759,8,8
Kubernetes---kb_7_Normalized.json,Kubernetes---kb_7_Normalized.json::test_00001,invalid,passed,False,True,correct_reject,0.317383,0.001262,0.001019,0.000226,6,5
Kubernetes---kb_7_Normalized.json,Kubernetes---kb_7_Normalized.json::test_00002,invalid,passed,False,True,correct_reject,0.317383,0.000249,1.7e-05,0.000219,7,5
Kubernetes---kb_800_Normalized.json,Kubernetes---kb_800_Normalized.json::test_00000,valid,passed,True,True,correct_accept,0.988349,0.127728,0.06005,0.067507,54,54
Kubernetes---kb_800_Normalized.json,Kubernetes---kb_800_Normalized.json::test_00001,invalid,passed,False,True,correct_reject,0.988349,0.059062,0.027688,0.031285,50,25
Kubernetes---kb_800_Normalized.json,Kubernetes---kb_800_Normalized.json::test_00002,invalid,passed,False,True,correct_reject,0.988349,0.103582,0.048921,0.054515,54,44
Kubernetes---kb_800_Normalized.json,Kubernetes---kb_800_Normalized.json::test_00003,valid,passed,True,True,correct_accept,0.988349,0.13143,0.06173,0.069531,54,54
Kubernetes---kb_800_Normalized.json,Kubernetes---kb_800_Normalized.json::test_00004,invalid,passed,False,True,correct_reject,0.988349,0.001052,0.001035,5e-06,50,2
Kubernetes---kb_801_Normalized.json,Kubernetes---kb_801_Normalized.json::test_00000,valid,passed,True,True,correct_accept,0.969033,0.129388,0.060754,0.068468,54,54
Kubernetes---kb_801_Normalized.json,Kubernetes---kb_801_Normalized.json::test_00001,invalid,passed,False,True,correct_reject,0.969033,0.059499,0.027881,0.031531,50,25
Kubernetes---kb_801_Normalized.json,Kubernetes---kb_801_Normalized.json::test_00002,valid,passed,True,True,correct_accept,0.969033,0.129336,0.060463,0.06871,54,54
Kubernetes---kb_801_Normalized.json,Kubernetes---kb_801_Normalized.json::test_00003,invalid,passed,False,True,correct_reject,0.969033,0.000971,0.000956,4e-06,54,2
Kubernetes---kb_806_Normalized.json,Kubernetes---kb_806_Normalized.json::test_00000,valid,passed,True,True,correct_accept,138.948,0.065976,0.030354,0.035453,69,69
Kubernetes---kb_806_Normalized.json,Kubernetes---kb_806_Normalized.json::test_00001,valid,passed,True,True,correct_accept,138.948,0.067385,0.030962,0.03626,69,69
Kubernetes---kb_806_Normalized.json,Kubernetes---kb_806_Normalized.json::test_00002,invalid,passed,False,True,correct_reject,138.948,0.000204,1.3e-05,0.000176,69,6
Kubernetes---kb_806_Normalized.json,Kubernetes---kb_806_Normalized.json::test_00003,invalid,passed,False,True,correct_reject,138.948,0.000336,6.8e-05,0.00024,82,13
Kubernetes---kb_807_Normalized.json,Kubernetes---kb_807_Normalized.json::test_00000,valid,passed,True,True,correct_accept,136.819,0.065515,0.030048,0.035305,69,69
Kubernetes---kb_807_Normalized.json,Kubernetes---kb_807_Normalized.json::test_00001,valid,passed,True,True,correct_accept,136.819,0.065421,0.029991,0.035272,69,69
Kubernetes---kb_807_Normalized.json,Kubernetes---kb_807_Normalized.json::test_00002,invalid,passed,False,True,correct_reject,136.819,0.000168,1.3e-05,0.000138,69,6
Kubernetes---kb_807_Normalized.json,Kubernetes---kb_807_Normalized.json::test_00003,invalid,passed,False,True,correct_reject,136.819,0.000213,2.5e-05,0.000172,68,6
Kubernetes---kb_808_Normalized.json,Kubernetes---kb_808_Normalized.json::test_00000,valid,failed,False,True,over_constraint,143.98,5.7e-05,1.9e-05,1e-05,92,2
Kubernetes---kb_808_Normalized.json,Kubernetes---kb_808_Normalized.json::test_00001,valid,failed,False,True,over_constraint,143.98,3.9e-05,1.1e-05,8e-06,103,2
Kubernetes---kb_809_Normalized.json,Kubernetes---kb_809_Normalized.json::test_00000,valid,passed,True,True,correct_accept,140.962,0.053552,0.024553,0.028855,66,66
Kubernetes---kb_809_Normalized.json,Kubernetes---kb_809_Normalized.json::test_00001,valid,passed,True,True,correct_accept,140.962,0.067083,0.030877,0.036058,69,69
Kubernetes---kb_809_Normalized.json,Kubernetes---kb_809_Normalized.json::test_00002,invalid,passed,False,True,correct_reject,140.962,0.000182,1.3e-05,0.000154,51,6
Kubernetes---kb_809_Normalized.json,Kubernetes---kb_809_Normalized.json::test_00003,invalid,passed,False,True,correct_reject,140.962,0.000204,2.2e-05,0.000166,69,6
Kubernetes---kb_809_Normalized.json,Kubernetes---kb_809_Normalized.json::test_00004,invalid,passed,False,True,correct_reject,140.962,0.000207,2.5e-05,0.000165,69,6
Kubernetes---kb_80_Normalized.json,Kubernetes---kb_80_Normalized.json::test_00000,valid,passed,True,True,correct_accept,0.873829,0.107064,0.047078,0.059839,48,48
Kubernetes---kb_80_Normalized.json,Kubernetes---kb_80_Normalized.json::test_00001,invalid,passed,False,True,correct_reject,0.873829,0.001381,0.001136,0.000227,48,6
Kubernetes---kb_80_Normalized.json,Kubernetes---kb_80_Normalized.json::test_00002,invalid,passed,False,True,correct_reject,0.873829,0.013663,0.006035,0.007577,46,22
Kubernetes---kb_80_Normalized.json,Kubernetes---kb_80_Normalized.json::test_00003,invalid,passed,False,True,correct_reject,0.873829,0.000239,1.5e-05,0.000207,47,6
Kubernetes---kb_80_Normalized.json,Kubernetes---kb_80_Normalized.json::test_00004,invalid,passed,False,True,correct_reject,0.873829,0.000235,1.5e-05,0.000204,48,6
Kubernetes---kb_80_Normalized.json,Kubernetes---kb_80_Normalized.json::test_00005,valid,passed,True,True,correct_accept,0.873829,0.10013,0.044564,0.055439,47,47
Kubernetes---kb_80_Normalized.json,Kubernetes---kb_80_Normalized.json::test_00006,invalid,passed,False,True,correct_reject,0.873829,0.001222,0.001004,0.000201,45,5
Kubernetes---kb_80_Normalized.json,Kubernetes---kb_80_Normalized.json::test_00007,invalid,passed,False,True,correct_reject,0.873829,0.000207,1.8e-05,0.000172,41,6
Kubernetes---kb_810_Normalized.json,Kubernetes---kb_810_Normalized.json::test_00000,valid,passed,True,True,correct_accept,2.49383,0.263488,0.123739,0.139351,155,155
Kubernetes---kb_810_Normalized.json,Kubernetes---kb_810_Normalized.json::test_00001,invalid,passed,False,True,correct_reject,2.49383,0.000276,2.7e-05,0.000232,155,6
Kubernetes---kb_810_Normalized.json,Kubernetes---kb_810_Normalized.json::test_00002,invalid,passed,False,True,correct_reject,2.49383,0.000259,2.3e-05,0.00022,146,6
Kubernetes---kb_810_Normalized.json,Kubernetes---kb_810_Normalized.json::test_00003,invalid,passed,False,True,correct_reject,2.49383,0.245122,0.114065,0.130753,146,112
Kubernetes---kb_810_Normalized.json,Kubernetes---kb_810_Normalized.json::test_00004,invalid,passed,False,True,correct_reject,2.49383,0.377343,0.177828,0.19904,206,172
Kubernetes---kb_810_Normalized.json,Kubernetes---kb_810_Normalized.json::test_00005,invalid,passed,False,True,correct_reject,2.49383,0.000301,3.1e-05,0.000251,157,6
Kubernetes---kb_810_Normalized.json,Kubernetes---kb_810_Normalized.json::test_00006,invalid,passed,False,True,correct_reject,2.49383,0.375048,0.175743,0.198845,201,167
Kubernetes---kb_810_Normalized.json,Kubernetes---kb_810_Normalized.json::test_00007,valid,passed,True,True,correct_accept,2.49383,0.255285,0.120263,0.13464,152,152
Kubernetes---kb_813_Normalized.json,Kubernetes---kb_813_Normalized.json::test_00000,valid,passed,True,True,correct_accept,2.50191,0.277005,0.13051,0.146083,157,157
Kubernetes---kb_813_Normalized.json,Kubernetes---kb_813_Normalized.json::test_00001,invalid,passed,False,True,correct_reject,2.50191,0.000259,2.5e-05,0.000218,147,6
Kubernetes---kb_813_Normalized.json,Kubernetes---kb_813_Normalized.json::test_00002,invalid,passed,False,True,correct_reject,2.50191,0.000275,2.5e-05,0.000233,157,6
Kubernetes---kb_813_Normalized.json,Kubernetes---kb_813_Normalized.json::test_00003,invalid,passed,False,True,correct_reject,2.50191,0.257324,0.119957,0.137044,148,114
Kubernetes---kb_813_Normalized.json,Kubernetes---kb_813_Normalized.json::test_00004,valid,passed,True,True,correct_accept,2.50191,0.153985,0.072268,0.081455,104,104
Kubernetes---kb_813_Normalized.json,Kubernetes---kb_813_Normalized.json::test_00005,invalid,passed,False,True,correct_reject,2.50191,0.152874,0.071258,0.081363,106,102
Kubernetes---kb_813_Normalized.json,Kubernetes---kb_813_Normalized.json::test_00006,invalid,passed,False,True,correct_reject,2.50191,0.136162,0.063248,0.07273,113,64
Kubernetes---kb_814_Normalized.json,Kubernetes---kb_814_Normalized.json::test_00000,valid,passed,True,True,correct_accept,69.4289,0.105228,0.050112,0.054891,90,90
Kubernetes---kb_815_Normalized.json,Kubernetes---kb_815_Normalized.json::test_00000,valid,failed,False,True,over_constraint,71.1732,0.112319,0.051717,0.060378,104,92
Kubernetes---kb_815_Normalized.json,Kubernetes---kb_815_Normalized.json::test_00001,valid,passed,True,True,correct_accept,71.1732,0.082469,0.038477,0.043814,84,84
Kubernetes---kb_816_Normalized.json,Kubernetes---kb_816_Normalized.json::test_00000,valid,passed,True,True,correct_accept,1.00567,0.123817,0.05699,0.066673,52,52
Kubernetes---kb_816_Normalized.json,Kubernetes---kb_816_Normalized.json::test_00001,invalid,passed,False,True,correct_reject,1.00567,0.058461,0.027289,0.031097,48,25
Kubernetes---kb_816_Normalized.json,Kubernetes---kb_816_Normalized.json::test_00002,valid,passed,True,True,correct_accept,1.00567,0.133027,0.059107,0.073761,51,51
Kubernetes---kb_816_Normalized.json,Kubernetes---kb_816_Normalized.json::test_00003,invalid,passed,False,True,correct_reject,1.00567,0.059037,0.027573,0.031377,47,25
Kubernetes---kb_817_Normalized.json,Kubernetes---kb_817_Normalized.json::test_00000,valid,passed,True,True,correct_accept,0.99853,0.118518,0.054492,0.063867,51,51
Kubernetes---kb_817_Normalized.json,Kubernetes---kb_817_Normalized.json::test_00001,invalid,passed,False,True,correct_reject,0.99853,0.05937,0.027993,0.031288,47,25
Kubernetes---kb_817_Normalized.json,Kubernetes---kb_817_Normalized.json::test_00002,invalid,passed,False,True,correct_reject,0.99853,0.102727,0.047954,0.054632,51,44
Kubernetes---kb_818_Normalized.json,Kubernetes---kb_818_Normalized.json::test_00000,valid,failed,False,True,over_constraint,75.0555,0.082134,0.03879,0.043154,126,78
Kubernetes---kb_81_Normalized.json,Kubernetes---kb_81_Normalized.json::test_00000,valid,passed,True,True,correct_accept,0.343303,0.000347,6.4e-05,0.000254,8,8
Kubernetes---kb_81_Normalized.json,Kubernetes---kb_81_Normalized.json::test_00001,invalid,passed,False,True,correct_reject,0.343303,0.000265,2.3e-05,0.000226,8,5
Kubernetes---kb_820_Normalized.json,Kubernetes---kb_820_Normalized.json::test_00000,valid,failed,False,True,over_constraint,141.599,2.6e-05,8e-06,4e-06,59,2
Kubernetes---kb_820_Normalized.json,Kubernetes---kb_820_Normalized.json::test_00001,valid,failed,False,True,over_constraint,141.599,1.7e-05,5e-06,3e-06,47,2
Kubernetes---kb_821_Normalized.json,Kubernetes---kb_821_Normalized.json::test_00000,valid,failed,False,True,over_constraint,139.131,2.6e-05,9e-06,4e-06,47,2
Kubernetes---kb_821_Normalized.json,Kubernetes---kb_821_Normalized.json::test_00001,valid,failed,False,True,over_constraint,139.131,1.8e-05,5e-06,3e-06,59,2
Kubernetes---kb_822_Normalized.json,Kubernetes---kb_822_Normalized.json::test_00000,valid,failed,False,True,over_constraint,2.551,0.000726,0.000127,0.000545,151,7
Kubernetes---kb_822_Normalized.json,Kubernetes---kb_822_Normalized.json::test_00001,invalid,passed,False,True,correct_reject,2.551,0.000241,2.7e-05,0.000195,149,5
Kubernetes---kb_822_Normalized.json,Kubernetes---kb_822_Normalized.json::test_00002,valid,passed,True,True,correct_accept,2.551,0.256377,0.121407,0.134601,151,151
Kubernetes---kb_822_Normalized.json,Kubernetes---kb_822_Normalized.json::test_00003,invalid,passed,False,True,correct_reject,2.551,0.379132,0.179568,0.199047,204,202
Kubernetes---kb_822_Normalized.json,Kubernetes---kb_822_Normalized.json::test_00004,invalid,passed,False,True,correct_reject,2.551,0.000422,0.000106,0.000283,18,13
Kubernetes---kb_823_Normalized.json,Kubernetes---kb_823_Normalized.json::test_00000,valid,failed,False,True,over_constraint,2.51162,0.000345,4.6e-05,0.000274,149,7
Kubernetes---kb_823_Normalized.json,Kubernetes---kb_823_Normalized.json::test_00001,invalid,passed,False,True,correct_reject,2.51162,0.000336,5.2e-05,0.000264,136,7
Kubernetes---kb_823_Normalized.json,Kubernetes---kb_823_Normalized.json::test_00002,invalid,passed,False,True,correct_reject,2.51162,0.000262,2.4e-05,0.000223,147,5
Kubernetes---kb_823_Normalized.json,Kubernetes---kb_823_Normalized.json::test_00003,valid,passed,True,True,correct_accept,2.51162,0.251837,0.11901,0.13243,151,151
Kubernetes---kb_823_Normalized.json,Kubernetes---kb_823_Normalized.json::test_00004,invalid,passed,False,True,correct_reject,2.51162,0.250244,0.118451,0.131463,154,118
Kubernetes---kb_823_Normalized.json,Kubernetes---kb_823_Normalized.json::test_00005,invalid,passed,False,True,correct_reject,2.51162,0.098436,0.046297,0.051977,145,51
Kubernetes---kb_824_Normalized.json,Kubernetes---kb_824_Normalized.json::test_00000,valid,passed,True,True,correct_accept,1.2712,0.082632,0.037599,0.044893,47,47
Kubernetes---kb_824_Normalized.json,Kubernetes---kb_824_Normalized.json::test_00001,invalid,passed,False,True,correct_reject,1.2712,0.00121,0.00096,0.00023,47,5
Kubernetes---kb_825_Normalized.json,Kubernetes---kb_825_Normalized.json::test_00000,valid,passed,True,True,correct_accept,1.29246,0.075085,0.033381,0.041581,45,45
Kubernetes---kb_825_Normalized.json,Kubernetes---kb_825_Normalized.json::test_00001,invalid,passed,False,True,correct_reject,1.29246,0.003222,0.002813,0.000373,45,5
Kubernetes---kb_826_Normalized.json,Kubernetes---kb_826_Normalized.json::test_00000,valid,passed,True,True,correct_accept,1.36571,0.073126,0.033036,0.039964,45,45
Kubernetes---kb_826_Normalized.json,Kubernetes---kb_826_Normalized.json::test_00001,invalid,passed,False,True,correct_reject,1.36571,0.001279,0.001028,0.000234,45,5
Kubernetes---kb_827_Normalized.json,Kubernetes---kb_827_Normalized.json::test_00000,valid,passed,True,True,correct_accept,0.741104,0.02014,0.00878,0.011292,22,22
Kubernetes---kb_827_Normalized.json,Kubernetes---kb_827_Normalized.json::test_00001,valid,passed,True,True,correct_accept,0.741104,0.028129,0.013135,0.014933,21,21
Kubernetes---kb_827_Normalized.json,Kubernetes---kb_827_Normalized.json::test_00002,invalid,passed,False,True,correct_reject,0.741104,0.001166,0.000935,0.000216,19,5
Kubernetes---kb_827_Normalized.json,Kubernetes---kb_827_Normalized.json::test_00003,invalid,passed,False,True,correct_reject,0.741104,0.012552,0.005655,0.006859,20,13
Kubernetes---kb_827_Normalized.json,Kubernetes---kb_827_Normalized.json::test_00004,invalid,passed,False,True,correct_reject,0.741104,0.012469,0.005593,0.006842,20,13
Kubernetes---kb_828_Normalized.json,Kubernetes---kb_828_Normalized.json::test_00000,valid,passed,True,True,correct_accept,0.754784,0.020262,0.008618,0.011582,22,22
Kubernetes---kb_828_Normalized.json,Kubernetes---kb_828_Normalized.json::test_00001,invalid,passed,False,True,correct_reject,0.754784,0.00117,0.000936,0.000218,20,5
Kubernetes---kb_828_Normalized.json,Kubernetes---kb_828_Normalized.json::test_00002,invalid,passed,False,True,correct_reject,0.754784,0.025607,0.009693,0.015853,24,13
Kubernetes---kb_829_Normalized.json,Kubernetes---kb_829_Normalized.json::test_00000,valid,passed,True,True,correct_accept,0.754293,0.021296,0.008966,0.01226,24,24
Kubernetes---kb_829_Normalized.json,Kubernetes---kb_829_Normalized.json::test_00001,invalid,passed,False,True,correct_reject,0.754293,0.001261,0.001011,0.000233,23,4
Kubernetes---kb_829_Normalized.json,Kubernetes---kb_829_Normalized.json::test_00002,invalid,passed,False,True,correct_reject,0.754293,0.009214,0.004034,0.005134,26,21
Kubernetes---kb_82_Normalized.json,Kubernetes---kb_82_Normalized.json::test_00000,valid,passed,True,True,correct_accept,0.326209,0.000368,6.1e-05,0.000281,8,8
Kubernetes---kb_82_Normalized.json,Kubernetes---kb_82_Normalized.json::test_00001,invalid,passed,False,True,correct_reject,0.326209,0.000263,2.3e-05,0.000225,8,5
Kubernetes---kb_830_Normalized.json,Kubernetes---kb_830_Normalized.json::test_00000,valid,passed,True,True,correct_accept,1.08706,0.022641,0.0098,0.012776,24,24
Kubernetes---kb_830_Normalized.json,Kubernetes---kb_830_Normalized.json::test_00001,invalid,passed,False,True,correct_reject,1.08706,0.030544,0.014483,0.015992,21,20
Kubernetes---kb_831_Normalized.json,Kubernetes---kb_831_Normalized.json::test_00000,valid,passed,True,True,correct_accept,1.07146,0.0226,0.00975,0.012781,24,24
Kubernetes---kb_831_Normalized.json,Kubernetes---kb_831_Normalized.json::test_00001,invalid,passed,False,True,correct_reject,1.07146,0.022173,0.010845,0.011277,29,18
Kubernetes---kb_832_Normalized.json,Kubernetes---kb_832_Normalized.json::test_00000,valid,passed,True,True,correct_accept,0.766297,0.008769,0.003094,0.005612,24,24
Kubernetes---kb_832_Normalized.json,Kubernetes---kb_832_Normalized.json::test_00001,invalid,passed,False,True,correct_reject,0.766297,0.001025,0.001006,4e-06,22,2
Kubernetes---kb_832_Normalized.json,Kubernetes---kb_832_Normalized.json::test_00002,invalid,passed,False,True,correct_reject,0.766297,1.6e-05,5e-06,2e-06,26,2
Kubernetes---kb_833_Normalized.json,Kubernetes---kb_833_Normalized.json::test_00000,valid,passed,True,True,correct_accept,0.96397,0.031883,0.014187,0.017612,32,32
Kubernetes---kb_833_Normalized.json,Kubernetes---kb_833_Normalized.json::test_00001,valid,passed,True,True,correct_accept,0.96397,0.033258,0.015064,0.018109,32,32
Kubernetes---kb_833_Normalized.json,Kubernetes---kb_833_Normalized.json::test_00002,invalid,passed,False,True,correct_reject,0.96397,0.000943,0.000929,4e-06,30,2
Kubernetes---kb_833_Normalized.json,Kubernetes---kb_833_Normalized.json::test_00003,invalid,passed,False,True,correct_reject,0.96397,1.6e-05,5e-06,2e-06,30,2
Kubernetes---kb_834_Normalized.json,Kubernetes---kb_834_Normalized.json::test_00000,valid,passed,True,True,correct_accept,0.936042,0.03239,0.014422,0.017884,32,32
Kubernetes---kb_834_Normalized.json,Kubernetes---kb_834_Normalized.json::test_00001,valid,passed,True,True,correct_accept,0.936042,0.033305,0.015383,0.01784,32,32
Kubernetes---kb_834_Normalized.json,Kubernetes---kb_834_Normalized.json::test_00002,invalid,passed,False,True,correct_reject,0.936042,0.001139,0.001121,4e-06,31,2
Kubernetes---kb_834_Normalized.json,Kubernetes---kb_834_Normalized.json::test_00003,invalid,passed,False,True,correct_reject,0.936042,1.5e-05,4e-06,2e-06,34,2
Kubernetes---kb_835_Normalized.json,Kubernetes---kb_835_Normalized.json::test_00000,valid,failed,False,True,over_constraint,1.50989,0.054811,0.024537,0.030181,46,29
Kubernetes---kb_835_Normalized.json,Kubernetes---kb_835_Normalized.json::test_00001,invalid,passed,False,True,correct_reject,1.50989,0.010183,0.005012,0.00514,49,9
Kubernetes---kb_835_Normalized.json,Kubernetes---kb_835_Normalized.json::test_00002,valid,passed,True,True,correct_accept,1.50989,0.087955,0.040466,0.04735,51,51
Kubernetes---kb_835_Normalized.json,Kubernetes---kb_835_Normalized.json::test_00003,invalid,passed,False,True,correct_reject,1.50989,0.001022,0.000997,7e-06,48,6
Kubernetes---kb_836_Normalized.json,Kubernetes---kb_836_Normalized.json::test_00000,valid,passed,True,True,correct_accept,1.48864,0.0788,0.036618,0.042033,49,49
Kubernetes---kb_836_Normalized.json,Kubernetes---kb_836_Normalized.json::test_00001,invalid,passed,False,True,correct_reject,1.48864,0.000966,0.000942,6e-06,46,5
Kubernetes---kb_836_Normalized.json,Kubernetes---kb_836_Normalized.json::test_00002,invalid,passed,False,True,correct_reject,1.48864,2.5e-05,6e-06,5e-06,46,6
Kubernetes---kb_836_Normalized.json,Kubernetes---kb_836_Normalized.json::test_00003,valid,passed,True,True,correct_accept,1.48864,0.102406,0.047189,0.055069,55,55
Kubernetes---kb_836_Normalized.json,Kubernetes---kb_836_Normalized.json::test_00004,invalid,passed,False,True,correct_reject,1.48864,0.018182,0.008796,0.009346,58,12
Kubernetes---kb_837_Normalized.json,Kubernetes---kb_837_Normalized.json::test_00000,valid,passed,True,True,correct_accept,38.6111,0.246462,0.112783,0.133304,139,139
Kubernetes---kb_837_Normalized.json,Kubernetes---kb_837_Normalized.json::test_00001,invalid,passed,False,True,correct_reject,38.6111,0.121755,0.056365,0.065191,211,75
Kubernetes---kb_838_Normalized.json,Kubernetes---kb_838_Normalized.json::test_00000,valid,passed,True,True,correct_accept,39.6004,0.249346,0.116465,0.132507,142,142
Kubernetes---kb_838_Normalized.json,Kubernetes---kb_838_Normalized.json::test_00001,valid,passed,True,True,correct_accept,39.6004,0.246096,0.114644,0.131095,141,141
Kubernetes---kb_838_Normalized.json,Kubernetes---kb_838_Normalized.json::test_00002,invalid,passed,False,True,correct_reject,39.6004,0.078402,0.036206,0.042051,138,53
Kubernetes---kb_838_Normalized.json,Kubernetes---kb_838_Normalized.json::test_00003,invalid,passed,False,True,correct_reject,39.6004,0.156257,0.072425,0.083624,158,78
Kubernetes---kb_83_Normalized.json,Kubernetes---kb_83_Normalized.json::test_00000,valid,passed,True,True,correct_accept,38.0291,0.114743,0.054206,0.060308,96,96
Kubernetes---kb_83_Normalized.json,Kubernetes---kb_83_Normalized.json::test_00001,invalid,passed,False,True,correct_reject,38.0291,0.024209,0.011416,0.012704,122,41
Kubernetes---kb_83_Normalized.json,Kubernetes---kb_83_Normalized.json::test_00002,invalid,passed,False,True,correct_reject,38.0291,0.024638,0.011415,0.013133,45,43
Kubernetes---kb_83_Normalized.json,Kubernetes---kb_83_Normalized.json::test_00003,invalid,passed,False,True,correct_reject,38.0291,0.114094,0.054037,0.059838,99,97
Kubernetes---kb_83_Normalized.json,Kubernetes---kb_83_Normalized.json::test_00004,valid,passed,True,True,correct_accept,38.0291,0.148942,0.068707,0.079932,105,105
Kubernetes---kb_83_Normalized.json,Kubernetes---kb_83_Normalized.json::test_00005,invalid,passed,False,True,correct_reject,38.0291,0.045596,0.020959,0.024504,64,61
Kubernetes---kb_841_Normalized.json,Kubernetes---kb_841_Normalized.json::test_00000,valid,passed,True,True,correct_accept,2.29133,0.124456,0.05811,0.066143,76,76
Kubernetes---kb_841_Normalized.json,Kubernetes---kb_841_Normalized.json::test_00001,invalid,passed,False,True,correct_reject,2.29133,0.011026,0.005041,0.005958,73,7
Kubernetes---kb_841_Normalized.json,Kubernetes---kb_841_Normalized.json::test_00002,invalid,passed,False,True,correct_reject,2.29133,0.106626,0.050517,0.055918,81,80
Kubernetes---kb_842_Normalized.json,Kubernetes---kb_842_Normalized.json::test_00000,valid,passed,True,True,correct_accept,2.27723,0.125777,0.058306,0.067278,75,75
Kubernetes---kb_842_Normalized.json,Kubernetes---kb_842_Normalized.json::test_00001,valid,passed,True,True,correct_accept,2.27723,0.158284,0.073973,0.084088,87,87
Kubernetes---kb_842_Normalized.json,Kubernetes---kb_842_Normalized.json::test_00002,invalid,passed,False,True,correct_reject,2.27723,0.054895,0.025628,0.029192,92,22
Kubernetes---kb_842_Normalized.json,Kubernetes---kb_842_Normalized.json::test_00003,invalid,passed,False,True,correct_reject,2.27723,0.055933,0.023503,0.032346,91,21
Kubernetes---kb_843_Normalized.json,Kubernetes---kb_843_Normalized.json::test_00000,valid,passed,True,True,correct_accept,1.20255,0.066362,0.030004,0.036258,33,33
Kubernetes---kb_843_Normalized.json,Kubernetes---kb_843_Normalized.json::test_00001,valid,passed,True,True,correct_accept,1.20255,0.060814,0.0281,0.032622,33,33
Kubernetes---kb_843_Normalized.json,Kubernetes---kb_843_Normalized.json::test_00002,invalid,passed,False,True,correct_reject,1.20255,0.057746,0.026137,0.031516,32,31
Kubernetes---kb_843_Normalized.json,Kubernetes---kb_843_Normalized.json::test_00003,invalid,passed,False,True,correct_reject,1.20255,0.009139,0.003796,0.005316,31,7
Kubernetes---kb_844_Normalized.json,Kubernetes---kb_844_Normalized.json::test_00000,valid,passed,True,True,correct_accept,1.2131,0.065506,0.029728,0.035673,33,33
Kubernetes---kb_844_Normalized.json,Kubernetes---kb_844_Normalized.json::test_00001,invalid,passed,False,True,correct_reject,1.2131,0.000977,0.000957,5e-06,25,4
Kubernetes---kb_844_Normalized.json,Kubernetes---kb_844_Normalized.json::test_00002,invalid,passed,False,True,correct_reject,1.2131,0.046943,0.021439,0.025439,38,20
Kubernetes---kb_844_Normalized.json,Kubernetes---kb_844_Normalized.json::test_00003,invalid,passed,False,True,correct_reject,1.2131,0.063959,0.027306,0.036565,39,21
Kubernetes---kb_844_Normalized.json,Kubernetes---kb_844_Normalized.json::test_00004,invalid,passed,False,True,correct_reject,1.2131,0.025386,0.011371,0.013971,31,13
Kubernetes---kb_845_Normalized.json,Kubernetes---kb_845_Normalized.json::test_00000,valid,passed,True,True,correct_accept,1.22323,0.057997,0.025782,0.032115,32,32
Kubernetes---kb_845_Normalized.json,Kubernetes---kb_845_Normalized.json::test_00001,valid,passed,True,True,correct_accept,1.22323,0.059786,0.027539,0.032152,32,32
Kubernetes---kb_845_Normalized.json,Kubernetes---kb_845_Normalized.json::test_00002,invalid,passed,False,True,correct_reject,1.22323,3.3e-05,1.6e-05,5e-06,21,4
Kubernetes---kb_845_Normalized.json,Kubernetes---kb_845_Normalized.json::test_00003,invalid,passed,False,True,correct_reject,1.22323,0.018062,0.006513,0.011508,30,7
Kubernetes---kb_845_Normalized.json,Kubernetes---kb_845_Normalized.json::test_00004,invalid,passed,False,True,correct_reject,1.22323,0.060621,0.027438,0.033094,31,30
Kubernetes---kb_846_Normalized.json,Kubernetes---kb_846_Normalized.json::test_00000,valid,passed,True,True,correct_accept,1.23606,0.058278,0.025862,0.032315,32,32
Kubernetes---kb_846_Normalized.json,Kubernetes---kb_846_Normalized.json::test_00001,valid,passed,True,True,correct_accept,1.23606,0.070169,0.032555,0.037513,33,33
Kubernetes---kb_846_Normalized.json,Kubernetes---kb_846_Normalized.json::test_00002,invalid,passed,False,True,correct_reject,1.23606,0.001002,0.000982,6e-06,21,4
Kubernetes---kb_846_Normalized.json,Kubernetes---kb_846_Normalized.json::test_00003,invalid,passed,False,True,correct_reject,1.23606,0.009038,0.00379,0.005224,31,7
Kubernetes---kb_846_Normalized.json,Kubernetes---kb_846_Normalized.json::test_00004,invalid,passed,False,True,correct_reject,1.23606,0.060058,0.027165,0.032808,48,27
Kubernetes---kb_846_Normalized.json,Kubernetes---kb_846_Normalized.json::test_00005,invalid,passed,False,True,correct_reject,1.23606,0.04988,0.022738,0.027072,38,21
Kubernetes---kb_847_Normalized.json,Kubernetes---kb_847_Normalized.json::test_00000,valid,passed,True,True,correct_accept,1.40087,0.123017,0.057121,0.06572,58,58
Kubernetes---kb_847_Normalized.json,Kubernetes---kb_847_Normalized.json::test_00001,invalid,passed,False,True,correct_reject,1.40087,0.017973,0.008611,0.009318,61,12
Kubernetes---kb_847_Normalized.json,Kubernetes---kb_847_Normalized.json::test_00002,invalid,passed,False,True,correct_reject,1.40087,0.080444,0.036779,0.043548,43,42
Kubernetes---kb_847_Normalized.json,Kubernetes---kb_847_Normalized.json::test_00003,valid,passed,True,True,correct_accept,1.40087,0.119095,0.055512,0.063416,57,57
Kubernetes---kb_847_Normalized.json,Kubernetes---kb_847_Normalized.json::test_00004,invalid,passed,False,True,correct_reject,1.40087,0.065132,0.030331,0.034696,56,34
Kubernetes---kb_847_Normalized.json,Kubernetes---kb_847_Normalized.json::test_00005,invalid,passed,False,True,correct_reject,1.40087,0.073715,0.033695,0.039905,57,41
Kubernetes---kb_848_Normalized.json,Kubernetes---kb_848_Normalized.json::test_00000,valid,failed,False,True,over_constraint,1.34826,0.077465,0.036046,0.041287,50,38
Kubernetes---kb_848_Normalized.json,Kubernetes---kb_848_Normalized.json::test_00001,invalid,passed,False,True,correct_reject,1.34826,0.001249,0.001005,0.000225,50,6
Kubernetes---kb_848_Normalized.json,Kubernetes---kb_848_Normalized.json::test_00002,invalid,passed,False,True,correct_reject,1.34826,0.07664,0.035653,0.040876,49,38
Kubernetes---kb_848_Normalized.json,Kubernetes---kb_848_Normalized.json::test_00003,valid,passed,True,True,correct_accept,1.34826,0.129772,0.060491,0.069111,58,58
Kubernetes---kb_848_Normalized.json,Kubernetes---kb_848_Normalized.json::test_00004,invalid,passed,False,True,correct_reject,1.34826,0.00124,0.001002,0.00022,58,6
Kubernetes---kb_848_Normalized.json,Kubernetes---kb_848_Normalized.json::test_00005,invalid,passed,False,True,correct_reject,1.34826,0.042675,0.01942,0.023175,243,31
Kubernetes---kb_849_Normalized.json,Kubernetes---kb_849_Normalized.json::test_00000,valid,passed,True,True,correct_accept,1.37843,0.121036,0.056312,0.064544,57,57
Kubernetes---kb_849_Normalized.json,Kubernetes---kb_849_Normalized.json::test_00001,invalid,passed,False,True,correct_reject,1.37843,0.010713,0.00509,0.005588,58,9
Kubernetes---kb_849_Normalized.json,Kubernetes---kb_849_Normalized.json::test_00002,invalid,passed,False,True,correct_reject,1.37843,0.074441,0.034068,0.040264,42,40
Kubernetes---kb_849_Normalized.json,Kubernetes---kb_849_Normalized.json::test_00003,invalid,passed,False,True,correct_reject,1.37843,0.009326,0.003951,0.005345,59,10
Kubernetes---kb_849_Normalized.json,Kubernetes---kb_849_Normalized.json::test_00004,valid,passed,True,True,correct_accept,1.37843,0.116784,0.054261,0.062368,54,54
Kubernetes---kb_849_Normalized.json,Kubernetes---kb_849_Normalized.json::test_00005,invalid,passed,False,True,correct_reject,1.37843,0.001195,0.000958,0.00022,54,6
Kubernetes---kb_849_Normalized.json,Kubernetes---kb_849_Normalized.json::test_00006,invalid,passed,False,True,correct_reject,1.37843,0.118453,0.05537,0.06292,57,56
Kubernetes---kb_84_Normalized.json,Kubernetes---kb_84_Normalized.json::test_00000,valid,failed,False,True,over_constraint,38.1148,0.037075,0.017395,0.019539,140,43
Kubernetes---kb_84_Normalized.json,Kubernetes---kb_84_Normalized.json::test_00001,invalid,passed,False,True,correct_reject,38.1148,2.5e-05,5e-06,4e-06,131,6
Kubernetes---kb_84_Normalized.json,Kubernetes---kb_84_Normalized.json::test_00002,invalid,passed,False,True,correct_reject,38.1148,0.026449,0.013475,0.012884,143,43
Kubernetes---kb_84_Normalized.json,Kubernetes---kb_84_Normalized.json::test_00003,valid,passed,True,True,correct_accept,38.1148,0.202084,0.102797,0.098969,138,138
Kubernetes---kb_84_Normalized.json,Kubernetes---kb_84_Normalized.json::test_00004,invalid,passed,False,True,correct_reject,38.1148,0.094583,0.048377,0.04603,140,81
Kubernetes---kb_84_Normalized.json,Kubernetes---kb_84_Normalized.json::test_00005,invalid,passed,False,True,correct_reject,38.1148,0.026424,0.013471,0.012867,144,43
Kubernetes---kb_850_Normalized.json,Kubernetes---kb_850_Normalized.json::test_00000,valid,passed,True,True,correct_accept,32.7717,0.108817,0.051921,0.056668,94,94
Kubernetes---kb_850_Normalized.json,Kubernetes---kb_850_Normalized.json::test_00001,invalid,passed,False,True,correct_reject,32.7717,0.108626,0.05182,0.056586,97,95
Kubernetes---kb_850_Normalized.json,Kubernetes---kb_850_Normalized.json::test_00002,invalid,passed,False,True,correct_reject,32.7717,0.041375,0.019447,0.021812,82,55
Kubernetes---kb_850_Normalized.json,Kubernetes---kb_850_Normalized.json::test_00003,invalid,passed,False,True,correct_reject,32.7717,0.042815,0.019975,0.022713,61,59
Kubernetes---kb_850_Normalized.json,Kubernetes---kb_850_Normalized.json::test_00004,invalid,passed,False,True,correct_reject,32.7717,0.103881,0.048752,0.05492,87,86
Kubernetes---kb_850_Normalized.json,Kubernetes---kb_850_Normalized.json::test_00005,valid,passed,True,True,correct_accept,32.7717,0.140877,0.068299,0.072325,106,106
Kubernetes---kb_850_Normalized.json,Kubernetes---kb_850_Normalized.json::test_00006,invalid,passed,False,True,correct_reject,32.7717,0.020647,0.009802,0.010755,79,46
Kubernetes---kb_850_Normalized.json,Kubernetes---kb_850_Normalized.json::test_00007,invalid,passed,False,True,correct_reject,32.7717,0.000226,9e-06,0.000166,128,28
Kubernetes---kb_851_Normalized.json,Kubernetes---kb_851_Normalized.json::test_00000,valid,passed,True,True,correct_accept,33.0985,0.139504,0.066398,0.072835,108,108
Kubernetes---kb_851_Normalized.json,Kubernetes---kb_851_Normalized.json::test_00001,invalid,passed,False,True,correct_reject,33.0985,0.11622,0.054963,0.061024,102,100
Kubernetes---kb_851_Normalized.json,Kubernetes---kb_851_Normalized.json::test_00002,invalid,passed,False,True,correct_reject,33.0985,0.041526,0.019124,0.02227,63,60
Kubernetes---kb_851_Normalized.json,Kubernetes---kb_851_Normalized.json::test_00003,invalid,passed,False,True,correct_reject,33.0985,0.132318,0.061698,0.070382,101,100
Kubernetes---kb_851_Normalized.json,Kubernetes---kb_851_Normalized.json::test_00004,valid,passed,True,True,correct_accept,33.0985,0.138979,0.065516,0.073194,115,115
Kubernetes---kb_852_Normalized.json,Kubernetes---kb_852_Normalized.json::test_00000,valid,passed,True,True,correct_accept,33.7358,0.13763,0.065592,0.071771,108,108
Kubernetes---kb_852_Normalized.json,Kubernetes---kb_852_Normalized.json::test_00001,invalid,passed,False,True,correct_reject,33.7358,0.020752,0.009663,0.011003,134,41
Kubernetes---kb_852_Normalized.json,Kubernetes---kb_852_Normalized.json::test_00002,invalid,passed,False,True,correct_reject,33.7358,0.161824,0.07685,0.084687,130,127
Kubernetes---kb_852_Normalized.json,Kubernetes---kb_852_Normalized.json::test_00003,invalid,passed,False,True,correct_reject,33.7358,0.041076,0.018886,0.022062,63,60
Kubernetes---kb_852_Normalized.json,Kubernetes---kb_852_Normalized.json::test_00004,valid,passed,True,True,correct_accept,33.7358,0.150038,0.071005,0.078767,114,114
Kubernetes---kb_852_Normalized.json,Kubernetes---kb_852_Normalized.json::test_00005,invalid,passed,False,True,correct_reject,33.7358,0.056886,0.026333,0.030402,72,70
Kubernetes---kb_852_Normalized.json,Kubernetes---kb_852_Normalized.json::test_00006,invalid,passed,False,True,correct_reject,33.7358,0.000219,1.4e-05,0.000149,122,31
Kubernetes---kb_853_Normalized.json,Kubernetes---kb_853_Normalized.json::test_00000,valid,passed,True,True,correct_accept,33.9703,0.191986,0.096961,0.094744,108,108
Kubernetes---kb_853_Normalized.json,Kubernetes---kb_853_Normalized.json::test_00001,invalid,passed,False,True,correct_reject,33.9703,0.166803,0.084078,0.082477,103,100
Kubernetes---kb_853_Normalized.json,Kubernetes---kb_853_Normalized.json::test_00002,invalid,passed,False,True,correct_reject,33.9703,0.161136,0.079899,0.080991,96,95
Kubernetes---kb_853_Normalized.json,Kubernetes---kb_853_Normalized.json::test_00003,invalid,passed,False,True,correct_reject,33.9703,0.149888,0.075739,0.073935,110,82
Kubernetes---kb_853_Normalized.json,Kubernetes---kb_853_Normalized.json::test_00004,invalid,passed,False,True,correct_reject,33.9703,0.172034,0.086695,0.085097,103,87
Kubernetes---kb_853_Normalized.json,Kubernetes---kb_853_Normalized.json::test_00005,valid,passed,True,True,correct_accept,33.9703,0.200545,0.101325,0.098942,108,108
Kubernetes---kb_853_Normalized.json,Kubernetes---kb_853_Normalized.json::test_00006,invalid,passed,False,True,correct_reject,33.9703,0.096165,0.047749,0.048262,88,60
Kubernetes---kb_854_Normalized.json,Kubernetes---kb_854_Normalized.json::test_00000,valid,failed,False,True,over_constraint,28.226,0.025054,0.011751,0.013208,161,41
Kubernetes---kb_854_Normalized.json,Kubernetes---kb_854_Normalized.json::test_00001,invalid,passed,False,True,correct_reject,28.226,0.233268,0.110407,0.122466,163,161
Kubernetes---kb_854_Normalized.json,Kubernetes---kb_854_Normalized.json::test_00002,invalid,passed,False,True,correct_reject,28.226,0.024384,0.011523,0.01277,160,41
Kubernetes---kb_854_Normalized.json,Kubernetes---kb_854_Normalized.json::test_00003,valid,passed,True,True,correct_accept,28.226,0.165889,0.078443,0.087145,125,125
Kubernetes---kb_854_Normalized.json,Kubernetes---kb_854_Normalized.json::test_00004,invalid,passed,False,True,correct_reject,28.226,2.6e-05,6e-06,4e-06,117,6
Kubernetes---kb_854_Normalized.json,Kubernetes---kb_854_Normalized.json::test_00005,invalid,passed,False,True,correct_reject,28.226,0.157536,0.074488,0.082756,125,123
Kubernetes---kb_855_Normalized.json,Kubernetes---kb_855_Normalized.json::test_00000,valid,passed,True,True,correct_accept,28.4829,0.191014,0.090498,0.100183,146,146
Kubernetes---kb_855_Normalized.json,Kubernetes---kb_855_Normalized.json::test_00001,invalid,passed,False,True,correct_reject,28.4829,0.191216,0.090676,0.100213,149,147
Kubernetes---kb_855_Normalized.json,Kubernetes---kb_855_Normalized.json::test_00002,invalid,passed,False,True,correct_reject,28.4829,0.064258,0.029579,0.034533,139,64
Kubernetes---kb_855_Normalized.json,Kubernetes---kb_855_Normalized.json::test_00003,valid,passed,True,True,correct_accept,28.4829,0.188045,0.089706,0.098003,156,156
Kubernetes---kb_855_Normalized.json,Kubernetes---kb_855_Normalized.json::test_00004,invalid,passed,False,True,correct_reject,28.4829,0.063851,0.0293,0.034406,101,64
Kubernetes---kb_855_Normalized.json,Kubernetes---kb_855_Normalized.json::test_00005,invalid,passed,False,True,correct_reject,28.4829,0.06503,0.03113,0.033742,155,69
Kubernetes---kb_856_Normalized.json,Kubernetes---kb_856_Normalized.json::test_00000,valid,failed,False,True,over_constraint,28.9495,0.02432,0.011421,0.012804,145,43
Kubernetes---kb_856_Normalized.json,Kubernetes---kb_856_Normalized.json::test_00001,invalid,passed,False,True,correct_reject,28.9495,0.024937,0.01163,0.013202,148,43
Kubernetes---kb_856_Normalized.json,Kubernetes---kb_856_Normalized.json::test_00002,invalid,passed,False,True,correct_reject,28.9495,0.024344,0.01135,0.012905,144,43
Kubernetes---kb_856_Normalized.json,Kubernetes---kb_856_Normalized.json::test_00003,invalid,passed,False,True,correct_reject,28.9495,0.02431,0.011355,0.012869,144,43
Kubernetes---kb_856_Normalized.json,Kubernetes---kb_856_Normalized.json::test_00004,valid,passed,True,True,correct_accept,28.9495,0.205164,0.096705,0.108119,147,147
Kubernetes---kb_856_Normalized.json,Kubernetes---kb_856_Normalized.json::test_00005,invalid,passed,False,True,correct_reject,28.9495,0.159603,0.075022,0.084313,146,118
Kubernetes---kb_856_Normalized.json,Kubernetes---kb_856_Normalized.json::test_00006,invalid,passed,False,True,correct_reject,28.9495,0.024382,0.011375,0.01292,133,43
Kubernetes---kb_857_Normalized.json,Kubernetes---kb_857_Normalized.json::test_00000,valid,failed,False,True,over_constraint,28.5843,0.07293,0.034604,0.038207,137,43
Kubernetes---kb_857_Normalized.json,Kubernetes---kb_857_Normalized.json::test_00001,invalid,passed,False,True,correct_reject,28.5843,0.07132,0.033705,0.037503,140,43
Kubernetes---kb_857_Normalized.json,Kubernetes---kb_857_Normalized.json::test_00002,invalid,passed,False,True,correct_reject,28.5843,0.07287,0.034463,0.038295,136,43
Kubernetes---kb_857_Normalized.json,Kubernetes---kb_857_Normalized.json::test_00003,invalid,passed,False,True,correct_reject,28.5843,0.000214,1.4e-05,0.000185,126,6
Kubernetes---kb_857_Normalized.json,Kubernetes---kb_857_Normalized.json::test_00004,invalid,passed,False,True,correct_reject,28.5843,0.073088,0.034776,0.038191,168,43
Kubernetes---kb_857_Normalized.json,Kubernetes---kb_857_Normalized.json::test_00005,valid,passed,True,True,correct_accept,28.5843,0.213072,0.100965,0.111795,127,127
Kubernetes---kb_857_Normalized.json,Kubernetes---kb_857_Normalized.json::test_00006,invalid,passed,False,True,correct_reject,28.5843,0.000202,9e-06,0.000179,131,5
Kubernetes---kb_858_Normalized.json,Kubernetes---kb_858_Normalized.json::test_00000,valid,passed,True,True,correct_accept,56.0041,0.236848,0.108943,0.127497,148,148
Kubernetes---kb_858_Normalized.json,Kubernetes---kb_858_Normalized.json::test_00001,invalid,passed,False,True,correct_reject,56.0041,0.169189,0.08047,0.088438,151,118
Kubernetes---kb_858_Normalized.json,Kubernetes---kb_858_Normalized.json::test_00002,invalid,passed,False,True,correct_reject,56.0041,0.155364,0.073352,0.081742,147,111
Kubernetes---kb_858_Normalized.json,Kubernetes---kb_858_Normalized.json::test_00003,invalid,passed,False,True,correct_reject,56.0041,0.168085,0.079347,0.088438,146,123
Kubernetes---kb_858_Normalized.json,Kubernetes---kb_858_Normalized.json::test_00004,invalid,passed,False,True,correct_reject,56.0041,0.106607,0.050575,0.055832,147,85
Kubernetes---kb_858_Normalized.json,Kubernetes---kb_858_Normalized.json::test_00005,invalid,passed,False,True,correct_reject,56.0041,0.104,0.049316,0.054488,145,85
Kubernetes---kb_858_Normalized.json,Kubernetes---kb_858_Normalized.json::test_00006,invalid,passed,False,True,correct_reject,56.0041,0.103886,0.049144,0.054541,88,84
Kubernetes---kb_859_Normalized.json,Kubernetes---kb_859_Normalized.json::test_00000,valid,passed,True,True,correct_accept,54.9214,0.263043,0.122782,0.139835,163,163
Kubernetes---kb_859_Normalized.json,Kubernetes---kb_859_Normalized.json::test_00001,invalid,passed,False,True,correct_reject,54.9214,0.001001,0.000953,7e-06,55,21
Kubernetes---kb_859_Normalized.json,Kubernetes---kb_859_Normalized.json::test_00002,invalid,passed,False,True,correct_reject,54.9214,0.192116,0.090574,0.101221,161,136
Kubernetes---kb_859_Normalized.json,Kubernetes---kb_859_Normalized.json::test_00003,valid,passed,True,True,correct_accept,54.9214,0.273536,0.128122,0.145012,162,162
Kubernetes---kb_859_Normalized.json,Kubernetes---kb_859_Normalized.json::test_00004,invalid,passed,False,True,correct_reject,54.9214,0.180687,0.085842,0.094544,161,122
Kubernetes---kb_85_Normalized.json,Kubernetes---kb_85_Normalized.json::test_00000,valid,passed,True,True,correct_accept,37.4665,0.111983,0.052823,0.058921,98,98
Kubernetes---kb_85_Normalized.json,Kubernetes---kb_85_Normalized.json::test_00001,invalid,passed,False,True,correct_reject,37.4665,0.114195,0.054057,0.059906,101,99
Kubernetes---kb_85_Normalized.json,Kubernetes---kb_85_Normalized.json::test_00002,invalid,passed,False,True,correct_reject,37.4665,0.068367,0.032026,0.036187,100,72
Kubernetes---kb_85_Normalized.json,Kubernetes---kb_85_Normalized.json::test_00003,invalid,passed,False,True,correct_reject,37.4665,0.11466,0.05157,0.062844,91,90
Kubernetes---kb_85_Normalized.json,Kubernetes---kb_85_Normalized.json::test_00004,valid,passed,True,True,correct_accept,37.4665,0.187455,0.087933,0.099196,138,138
Kubernetes---kb_85_Normalized.json,Kubernetes---kb_85_Normalized.json::test_00005,invalid,passed,False,True,correct_reject,37.4665,0.040703,0.018958,0.021625,112,54
Kubernetes---kb_85_Normalized.json,Kubernetes---kb_85_Normalized.json::test_00006,invalid,passed,False,True,correct_reject,37.4665,0.025092,0.011641,0.013362,144,43
Kubernetes---kb_860_Normalized.json,Kubernetes---kb_860_Normalized.json::test_00000,valid,passed,True,True,correct_accept,55.6685,0.24197,0.113501,0.128076,154,154
Kubernetes---kb_860_Normalized.json,Kubernetes---kb_860_Normalized.json::test_00001,invalid,passed,False,True,correct_reject,55.6685,0.189821,0.090128,0.099353,152,127
Kubernetes---kb_860_Normalized.json,Kubernetes---kb_860_Normalized.json::test_00002,invalid,passed,False,True,correct_reject,55.6685,0.164205,0.07816,0.085761,153,115
Kubernetes---kb_860_Normalized.json,Kubernetes---kb_860_Normalized.json::test_00003,invalid,passed,False,True,correct_reject,55.6685,0.11216,0.053375,0.058566,153,89
Kubernetes---kb_860_Normalized.json,Kubernetes---kb_860_Normalized.json::test_00004,invalid,passed,False,True,correct_reject,55.6685,2.5e-05,8e-06,3e-06,144,6
Kubernetes---kb_861_Normalized.json,Kubernetes---kb_861_Normalized.json::test_00000,valid,passed,True,True,correct_accept,56.2264,0.296771,0.14036,0.156002,154,154
Kubernetes---kb_861_Normalized.json,Kubernetes---kb_861_Normalized.json::test_00001,invalid,passed,False,True,correct_reject,56.2264,0.124214,0.05982,0.06422,137,63
Kubernetes---kb_861_Normalized.json,Kubernetes---kb_861_Normalized.json::test_00002,invalid,passed,False,True,correct_reject,56.2264,0.281805,0.133899,0.147515,183,148
Kubernetes---kb_861_Normalized.json,Kubernetes---kb_861_Normalized.json::test_00003,invalid,passed,False,True,correct_reject,56.2264,0.2384,0.110768,0.127276,152,127
Kubernetes---kb_861_Normalized.json,Kubernetes---kb_861_Normalized.json::test_00004,invalid,passed,False,True,correct_reject,56.2264,0.171696,0.080749,0.090705,103,91
Kubernetes---kb_861_Normalized.json,Kubernetes---kb_861_Normalized.json::test_00005,invalid,passed,False,True,correct_reject,56.2264,0.161387,0.077341,0.083803,153,89
Kubernetes---kb_861_Normalized.json,Kubernetes---kb_861_Normalized.json::test_00006,invalid,passed,False,True,correct_reject,56.2264,0.230836,0.109185,0.121339,153,127
Kubernetes---kb_862_Normalized.json,Kubernetes---kb_862_Normalized.json::test_00000,valid,passed,True,True,correct_accept,59.5149,0.162601,0.075532,0.086774,122,122
Kubernetes---kb_862_Normalized.json,Kubernetes---kb_862_Normalized.json::test_00001,invalid,passed,False,True,correct_reject,59.5149,0.089923,0.042352,0.047358,122,77
Kubernetes---kb_862_Normalized.json,Kubernetes---kb_862_Normalized.json::test_00002,invalid,passed,False,True,correct_reject,59.5149,0.096752,0.046041,0.050511,125,86
Kubernetes---kb_862_Normalized.json,Kubernetes---kb_862_Normalized.json::test_00003,valid,passed,True,True,correct_accept,59.5149,0.150621,0.070278,0.08008,114,114
Kubernetes---kb_862_Normalized.json,Kubernetes---kb_862_Normalized.json::test_00004,invalid,passed,False,True,correct_reject,59.5149,0.074465,0.035452,0.03884,109,77
Kubernetes---kb_862_Normalized.json,Kubernetes---kb_862_Normalized.json::test_00005,invalid,passed,False,True,correct_reject,59.5149,0.062357,0.029381,0.032838,114,63
Kubernetes---kb_863_Normalized.json,Kubernetes---kb_863_Normalized.json::test_00000,valid,passed,True,True,correct_accept,59.0786,0.185154,0.086467,0.098372,137,137
Kubernetes---kb_863_Normalized.json,Kubernetes---kb_863_Normalized.json::test_00001,invalid,passed,False,True,correct_reject,59.0786,0.107235,0.051553,0.055482,139,90
Kubernetes---kb_863_Normalized.json,Kubernetes---kb_863_Normalized.json::test_00002,invalid,passed,False,True,correct_reject,59.0786,0.114353,0.053493,0.060644,131,99
Kubernetes---kb_863_Normalized.json,Kubernetes---kb_863_Normalized.json::test_00003,invalid,passed,False,True,correct_reject,59.0786,0.001068,0.001019,6e-06,53,21
Kubernetes---kb_863_Normalized.json,Kubernetes---kb_863_Normalized.json::test_00004,invalid,passed,False,True,correct_reject,59.0786,0.120477,0.056905,0.063325,137,112
Kubernetes---kb_864_Normalized.json,Kubernetes---kb_864_Normalized.json::test_00000,valid,passed,True,True,correct_accept,59.0648,0.186439,0.087208,0.098901,139,139
Kubernetes---kb_864_Normalized.json,Kubernetes---kb_864_Normalized.json::test_00001,invalid,passed,False,True,correct_reject,59.0648,0.092399,0.043773,0.048441,133,81
Kubernetes---kb_864_Normalized.json,Kubernetes---kb_864_Normalized.json::test_00002,invalid,passed,False,True,correct_reject,59.0648,0.112306,0.053232,0.058852,142,90
Kubernetes---kb_864_Normalized.json,Kubernetes---kb_864_Normalized.json::test_00003,valid,passed,True,True,correct_accept,59.0648,0.164033,0.077018,0.08673,120,120
Kubernetes---kb_864_Normalized.json,Kubernetes---kb_864_Normalized.json::test_00004,invalid,passed,False,True,correct_reject,59.0648,0.08145,0.038825,0.042444,114,80
Kubernetes---kb_865_Normalized.json,Kubernetes---kb_865_Normalized.json::test_00000,valid,passed,True,True,correct_accept,60.5004,0.264471,0.124469,0.139605,151,151
Kubernetes---kb_865_Normalized.json,Kubernetes---kb_865_Normalized.json::test_00001,invalid,passed,False,True,correct_reject,60.5004,0.194991,0.09359,0.101128,154,102
Kubernetes---kb_865_Normalized.json,Kubernetes---kb_865_Normalized.json::test_00002,invalid,passed,False,True,correct_reject,60.5004,0.195348,0.093195,0.101888,155,102
Kubernetes---kb_865_Normalized.json,Kubernetes---kb_865_Normalized.json::test_00003,invalid,passed,False,True,correct_reject,60.5004,0.137649,0.064922,0.072516,134,81
Kubernetes---kb_865_Normalized.json,Kubernetes---kb_865_Normalized.json::test_00004,invalid,passed,False,True,correct_reject,60.5004,0.137324,0.065074,0.072036,135,82
Kubernetes---kb_866_Normalized.json,Kubernetes---kb_866_Normalized.json::test_00000,valid,passed,True,True,correct_accept,0.637004,0.064222,0.027648,0.036453,26,26
Kubernetes---kb_866_Normalized.json,Kubernetes---kb_866_Normalized.json::test_00001,invalid,passed,False,True,correct_reject,0.637004,0.001268,0.001048,0.0002,20,6
Kubernetes---kb_866_Normalized.json,Kubernetes---kb_866_Normalized.json::test_00002,invalid,passed,False,True,correct_reject,0.637004,0.045495,0.021203,0.024215,26,25
Kubernetes---kb_866_Normalized.json,Kubernetes---kb_866_Normalized.json::test_00003,invalid,passed,False,True,correct_reject,0.637004,0.000233,1.1e-05,0.000207,19,5
Kubernetes---kb_867_Normalized.json,Kubernetes---kb_867_Normalized.json::test_00000,valid,passed,True,True,correct_accept,0.634457,0.056952,0.028058,0.028805,26,26
Kubernetes---kb_867_Normalized.json,Kubernetes---kb_867_Normalized.json::test_00001,invalid,passed,False,True,correct_reject,0.634457,0.003278,0.002834,0.000403,20,6
Kubernetes---kb_867_Normalized.json,Kubernetes---kb_867_Normalized.json::test_00002,invalid,passed,False,True,correct_reject,0.634457,0.047583,0.023705,0.023801,26,25
Kubernetes---kb_867_Normalized.json,Kubernetes---kb_867_Normalized.json::test_00003,invalid,passed,False,True,correct_reject,0.634457,0.000575,4.5e-05,0.000496,19,5
Kubernetes---kb_867_Normalized.json,Kubernetes---kb_867_Normalized.json::test_00004,invalid,passed,False,True,correct_reject,0.634457,0.034763,0.017373,0.017329,20,18
Kubernetes---kb_868_Normalized.json,Kubernetes---kb_868_Normalized.json::test_00000,valid,passed,True,True,correct_accept,0.627121,0.053591,0.024521,0.028986,26,26
Kubernetes---kb_868_Normalized.json,Kubernetes---kb_868_Normalized.json::test_00001,invalid,passed,False,True,correct_reject,0.627121,0.00412,0.003558,0.000512,20,6
Kubernetes---kb_868_Normalized.json,Kubernetes---kb_868_Normalized.json::test_00002,invalid,passed,False,True,correct_reject,0.627121,0.044452,0.020707,0.023674,26,25
Kubernetes---kb_868_Normalized.json,Kubernetes---kb_868_Normalized.json::test_00003,invalid,passed,False,True,correct_reject,0.627121,0.000213,1.1e-05,0.000186,19,5
Kubernetes---kb_868_Normalized.json,Kubernetes---kb_868_Normalized.json::test_00004,invalid,passed,False,True,correct_reject,0.627121,0.03361,0.015727,0.017828,25,18
Kubernetes---kb_869_Normalized.json,Kubernetes---kb_869_Normalized.json::test_00000,valid,passed,True,True,correct_accept,0.618559,0.051722,0.023658,0.027981,26,26
Kubernetes---kb_869_Normalized.json,Kubernetes---kb_869_Normalized.json::test_00001,invalid,passed,False,True,correct_reject,0.618559,0.001186,0.000957,0.000206,20,6
Kubernetes---kb_869_Normalized.json,Kubernetes---kb_869_Normalized.json::test_00002,invalid,passed,False,True,correct_reject,0.618559,0.044886,0.020663,0.024147,26,25
Kubernetes---kb_869_Normalized.json,Kubernetes---kb_869_Normalized.json::test_00003,invalid,passed,False,True,correct_reject,0.618559,0.032358,0.015102,0.017201,25,18
Kubernetes---kb_86_Normalized.json,Kubernetes---kb_86_Normalized.json::test_00000,valid,passed,True,True,correct_accept,37.0163,0.160047,0.075639,0.084151,98,98
Kubernetes---kb_86_Normalized.json,Kubernetes---kb_86_Normalized.json::test_00001,invalid,passed,False,True,correct_reject,37.0163,0.000201,1.3e-05,0.00017,89,6
Kubernetes---kb_86_Normalized.json,Kubernetes---kb_86_Normalized.json::test_00002,invalid,passed,False,True,correct_reject,37.0163,0.159356,0.075436,0.083665,101,99
Kubernetes---kb_86_Normalized.json,Kubernetes---kb_86_Normalized.json::test_00003,invalid,passed,False,True,correct_reject,37.0163,0.152393,0.07114,0.081029,91,90
Kubernetes---kb_86_Normalized.json,Kubernetes---kb_86_Normalized.json::test_00004,valid,passed,True,True,correct_accept,37.0163,0.181656,0.086988,0.094406,107,107
Kubernetes---kb_86_Normalized.json,Kubernetes---kb_86_Normalized.json::test_00005,invalid,passed,False,True,correct_reject,37.0163,0.093516,0.043871,0.049491,64,62
Kubernetes---kb_870_Normalized.json,Kubernetes---kb_870_Normalized.json::test_00000,valid,passed,True,True,correct_accept,0.28966,0.000306,4.7e-05,0.000236,6,6
Kubernetes---kb_870_Normalized.json,Kubernetes---kb_870_Normalized.json::test_00001,invalid,passed,False,True,correct_reject,0.28966,0.000263,2.4e-05,0.000225,6,4
Kubernetes---kb_870_Normalized.json,Kubernetes---kb_870_Normalized.json::test_00002,invalid,passed,False,True,correct_reject,0.28966,0.000227,2.5e-05,0.000188,6,4
Kubernetes---kb_870_Normalized.json,Kubernetes---kb_870_Normalized.json::test_00003,invalid,passed,False,True,correct_reject,0.28966,0.000263,2.7e-05,0.000222,5,4
Kubernetes---kb_870_Normalized.json,Kubernetes---kb_870_Normalized.json::test_00004,invalid,passed,False,True,correct_reject,0.28966,0.000333,5.2e-05,0.000263,8,6
Kubernetes---kb_870_Normalized.json,Kubernetes---kb_870_Normalized.json::test_00005,valid,passed,True,True,correct_accept,0.28966,0.000337,5.4e-05,0.000267,6,6
Kubernetes---kb_871_Normalized.json,Kubernetes---kb_871_Normalized.json::test_00000,valid,passed,True,True,correct_accept,0.320849,0.000334,5.1e-05,0.000259,6,6
Kubernetes---kb_871_Normalized.json,Kubernetes---kb_871_Normalized.json::test_00001,invalid,passed,False,True,correct_reject,0.320849,0.000232,2.4e-05,0.000192,6,4
Kubernetes---kb_871_Normalized.json,Kubernetes---kb_871_Normalized.json::test_00002,invalid,passed,False,True,correct_reject,0.320849,0.000263,2.4e-05,0.000226,5,4
Kubernetes---kb_871_Normalized.json,Kubernetes---kb_871_Normalized.json::test_00003,invalid,passed,False,True,correct_reject,0.320849,0.000345,5.6e-05,0.000271,8,6
Kubernetes---kb_871_Normalized.json,Kubernetes---kb_871_Normalized.json::test_00004,valid,passed,True,True,correct_accept,0.320849,0.000332,5.2e-05,0.000262,6,6
Kubernetes---kb_872_Normalized.json,Kubernetes---kb_872_Normalized.json::test_00000,valid,passed,True,True,correct_accept,0.317049,0.000323,4.5e-05,0.000255,6,6
Kubernetes---kb_872_Normalized.json,Kubernetes---kb_872_Normalized.json::test_00001,invalid,passed,False,True,correct_reject,0.317049,0.000225,2.6e-05,0.000183,6,4
Kubernetes---kb_872_Normalized.json,Kubernetes---kb_872_Normalized.json::test_00002,invalid,passed,False,True,correct_reject,0.317049,0.000262,2.5e-05,0.000223,6,4
Kubernetes---kb_872_Normalized.json,Kubernetes---kb_872_Normalized.json::test_00003,invalid,passed,False,True,correct_reject,0.317049,0.00027,2.8e-05,0.000228,5,4
Kubernetes---kb_872_Normalized.json,Kubernetes---kb_872_Normalized.json::test_00004,invalid,passed,False,True,correct_reject,0.317049,0.000345,5.2e-05,0.000275,8,6
Kubernetes---kb_872_Normalized.json,Kubernetes---kb_872_Normalized.json::test_00005,valid,passed,True,True,correct_accept,0.317049,0.000347,6.1e-05,0.000269,6,6
Kubernetes---kb_872_Normalized.json,Kubernetes---kb_872_Normalized.json::test_00006,invalid,passed,False,True,correct_reject,0.317049,0.000355,6.1e-05,0.000274,8,6
Kubernetes---kb_873_Normalized.json,Kubernetes---kb_873_Normalized.json::test_00000,valid,passed,True,True,correct_accept,1.50887,0.000365,5.4e-05,0.000285,7,7
Kubernetes---kb_873_Normalized.json,Kubernetes---kb_873_Normalized.json::test_00001,invalid,passed,False,True,correct_reject,1.50887,0.00114,0.000272,0.000814,9,7
Kubernetes---kb_874_Normalized.json,Kubernetes---kb_874_Normalized.json::test_00000,valid,passed,True,True,correct_accept,0.407265,0.00037,5.5e-05,0.000291,7,7
Kubernetes---kb_875_Normalized.json,Kubernetes---kb_875_Normalized.json::test_00000,valid,passed,True,True,correct_accept,0.376914,0.000386,6.3e-05,0.000299,7,7
Kubernetes---kb_875_Normalized.json,Kubernetes---kb_875_Normalized.json::test_00001,valid,passed,True,True,correct_accept,0.376914,0.000367,7.1e-05,0.000276,7,7
Kubernetes---kb_875_Normalized.json,Kubernetes---kb_875_Normalized.json::test_00002,invalid,passed,False,True,correct_reject,0.376914,0.000273,3e-05,0.00023,10,5
Kubernetes---kb_876_Normalized.json,Kubernetes---kb_876_Normalized.json::test_00000,valid,passed,True,True,correct_accept,11.7944,0.000364,5.4e-05,0.000285,7,7
Kubernetes---kb_876_Normalized.json,Kubernetes---kb_876_Normalized.json::test_00001,invalid,passed,False,True,correct_reject,11.7944,0.000386,6.5e-05,0.000303,9,7
Kubernetes---kb_877_Normalized.json,Kubernetes---kb_877_Normalized.json::test_00000,valid,passed,True,True,correct_accept,0.564209,0.010039,0.004456,0.005537,15,15
Kubernetes---kb_877_Normalized.json,Kubernetes---kb_877_Normalized.json::test_00001,valid,passed,True,True,correct_accept,0.564209,0.024303,0.008557,0.015661,16,16
Kubernetes---kb_878_Normalized.json,Kubernetes---kb_878_Normalized.json::test_00000,valid,passed,True,True,correct_accept,0.52732,0.009379,0.003992,0.005341,15,15
Kubernetes---kb_878_Normalized.json,Kubernetes---kb_878_Normalized.json::test_00001,invalid,passed,False,True,correct_reject,0.52732,0.000339,6.6e-05,0.000253,17,8
Kubernetes---kb_878_Normalized.json,Kubernetes---kb_878_Normalized.json::test_00002,invalid,passed,False,True,correct_reject,0.52732,0.009092,0.004083,0.004977,14,13
Kubernetes---kb_879_Normalized.json,Kubernetes---kb_879_Normalized.json::test_00000,valid,passed,True,True,correct_accept,0.546547,0.009068,0.003859,0.005152,15,15
Kubernetes---kb_879_Normalized.json,Kubernetes---kb_879_Normalized.json::test_00001,valid,passed,True,True,correct_accept,0.546547,0.012965,0.005136,0.007785,16,16
Kubernetes---kb_879_Normalized.json,Kubernetes---kb_879_Normalized.json::test_00002,invalid,passed,False,True,correct_reject,0.546547,0.001234,0.000958,0.000251,15,6
Kubernetes---kb_87_Normalized.json,Kubernetes---kb_87_Normalized.json::test_00000,valid,passed,True,True,correct_accept,65.3016,0.180911,0.084222,0.096384,129,129
Kubernetes---kb_87_Normalized.json,Kubernetes---kb_87_Normalized.json::test_00001,invalid,passed,False,True,correct_reject,65.3016,0.180465,0.084134,0.096024,131,130
Kubernetes---kb_87_Normalized.json,Kubernetes---kb_87_Normalized.json::test_00002,invalid,passed,False,True,correct_reject,65.3016,0.075078,0.03492,0.039989,127,70
Kubernetes---kb_87_Normalized.json,Kubernetes---kb_87_Normalized.json::test_00003,valid,passed,True,True,correct_accept,65.3016,0.228971,0.107088,0.121521,154,154
Kubernetes---kb_87_Normalized.json,Kubernetes---kb_87_Normalized.json::test_00004,invalid,passed,False,True,correct_reject,65.3016,0.066317,0.030743,0.03543,147,64
Kubernetes---kb_880_Normalized.json,Kubernetes---kb_880_Normalized.json::test_00000,valid,passed,True,True,correct_accept,0.866518,0.027621,0.010104,0.017415,16,16
Kubernetes---kb_881_Normalized.json,Kubernetes---kb_881_Normalized.json::test_00000,valid,passed,True,True,correct_accept,0.53707,0.013276,0.005307,0.007919,16,16
Kubernetes---kb_881_Normalized.json,Kubernetes---kb_881_Normalized.json::test_00001,valid,passed,True,True,correct_accept,0.53707,0.010053,0.004855,0.005156,15,15
Kubernetes---kb_881_Normalized.json,Kubernetes---kb_881_Normalized.json::test_00002,invalid,passed,False,True,correct_reject,0.53707,0.00028,2.8e-05,0.000236,13,6
Kubernetes---kb_882_Normalized.json,Kubernetes---kb_882_Normalized.json::test_00000,valid,passed,True,True,correct_accept,0.327985,0.00035,5e-05,0.000279,6,6
Kubernetes---kb_882_Normalized.json,Kubernetes---kb_882_Normalized.json::test_00001,invalid,passed,False,True,correct_reject,0.327985,0.000267,2.6e-05,0.000226,6,4
Kubernetes---kb_882_Normalized.json,Kubernetes---kb_882_Normalized.json::test_00002,invalid,passed,False,True,correct_reject,0.327985,0.000234,2.6e-05,0.000193,5,4
Kubernetes---kb_882_Normalized.json,Kubernetes---kb_882_Normalized.json::test_00003,invalid,passed,False,True,correct_reject,0.327985,0.000649,8.2e-05,0.000533,6,4
Kubernetes---kb_882_Normalized.json,Kubernetes---kb_882_Normalized.json::test_00004,invalid,passed,False,True,correct_reject,0.327985,0.000361,5.6e-05,0.000288,8,6
Kubernetes---kb_883_Normalized.json,Kubernetes---kb_883_Normalized.json::test_00000,valid,passed,True,True,correct_accept,2.31073,0.000342,4.6e-05,0.000274,6,6
Kubernetes---kb_883_Normalized.json,Kubernetes---kb_883_Normalized.json::test_00001,invalid,passed,False,True,correct_reject,2.31073,0.000271,2.6e-05,0.00023,6,4
Kubernetes---kb_883_Normalized.json,Kubernetes---kb_883_Normalized.json::test_00002,invalid,passed,False,True,correct_reject,2.31073,0.000265,2.3e-05,0.000228,5,4
Kubernetes---kb_884_Normalized.json,Kubernetes---kb_884_Normalized.json::test_00000,valid,passed,True,True,correct_accept,0.309156,0.000958,0.000179,0.000723,6,6
Kubernetes---kb_884_Normalized.json,Kubernetes---kb_884_Normalized.json::test_00001,invalid,passed,False,True,correct_reject,0.309156,0.000266,2.2e-05,0.000228,6,4
Kubernetes---kb_884_Normalized.json,Kubernetes---kb_884_Normalized.json::test_00002,invalid,passed,False,True,correct_reject,0.309156,0.000229,2.3e-05,0.000191,6,4
Kubernetes---kb_884_Normalized.json,Kubernetes---kb_884_Normalized.json::test_00003,invalid,passed,False,True,correct_reject,0.309156,0.000243,2.3e-05,0.000194,5,4
Kubernetes---kb_885_Normalized.json,Kubernetes---kb_885_Normalized.json::test_00000,valid,passed,True,True,correct_accept,0.310475,0.000321,4.9e-05,0.000246,6,6
Kubernetes---kb_885_Normalized.json,Kubernetes---kb_885_Normalized.json::test_00001,invalid,passed,False,True,correct_reject,0.310475,0.000285,2.5e-05,0.000245,6,4
Kubernetes---kb_885_Normalized.json,Kubernetes---kb_885_Normalized.json::test_00002,invalid,passed,False,True,correct_reject,0.310475,0.000227,2.4e-05,0.00019,6,4
Kubernetes---kb_885_Normalized.json,Kubernetes---kb_885_Normalized.json::test_00003,invalid,passed,False,True,correct_reject,0.310475,0.000257,2.3e-05,0.000221,5,4
Kubernetes---kb_887_Normalized.json,Kubernetes---kb_887_Normalized.json::test_00000,valid,passed,True,True,correct_accept,3.55479,0.076291,0.034341,0.041821,41,41
Kubernetes---kb_887_Normalized.json,Kubernetes---kb_887_Normalized.json::test_00001,invalid,passed,False,True,correct_reject,3.55479,0.001434,0.001399,1.1e-05,41,6
Kubernetes---kb_888_Normalized.json,Kubernetes---kb_888_Normalized.json::test_00000,valid,passed,True,True,correct_accept,1.89553,0.073267,0.032281,0.040862,41,41
Kubernetes---kb_888_Normalized.json,Kubernetes---kb_888_Normalized.json::test_00001,invalid,passed,False,True,correct_reject,1.89553,0.001073,0.001046,8e-06,41,6
Kubernetes---kb_889_Normalized.json,Kubernetes---kb_889_Normalized.json::test_00000,valid,passed,True,True,correct_accept,2.65277,0.077784,0.033529,0.044115,41,41
Kubernetes---kb_889_Normalized.json,Kubernetes---kb_889_Normalized.json::test_00001,invalid,passed,False,True,correct_reject,2.65277,0.001036,0.001013,7e-06,41,5
Kubernetes---kb_88_Normalized.json,Kubernetes---kb_88_Normalized.json::test_00000,valid,failed,False,True,over_constraint,28.8195,0.131886,0.061061,0.070629,291,77
Kubernetes---kb_88_Normalized.json,Kubernetes---kb_88_Normalized.json::test_00001,invalid,passed,False,True,correct_reject,28.8195,0.132929,0.062119,0.070615,328,77
Kubernetes---kb_88_Normalized.json,Kubernetes---kb_88_Normalized.json::test_00002,invalid,passed,False,True,correct_reject,28.8195,0.129731,0.060613,0.06892,294,77
Kubernetes---kb_88_Normalized.json,Kubernetes---kb_88_Normalized.json::test_00003,invalid,passed,False,True,correct_reject,28.8195,0.129598,0.060324,0.069081,298,77
Kubernetes---kb_88_Normalized.json,Kubernetes---kb_88_Normalized.json::test_00004,invalid,passed,False,True,correct_reject,28.8195,0.133392,0.0623,0.070899,289,77
Kubernetes---kb_88_Normalized.json,Kubernetes---kb_88_Normalized.json::test_00005,valid,passed,True,True,correct_accept,28.8195,0.35268,0.166516,0.185678,208,208
Kubernetes---kb_88_Normalized.json,Kubernetes---kb_88_Normalized.json::test_00006,invalid,passed,False,True,correct_reject,28.8195,0.358825,0.169596,0.188705,210,209
Kubernetes---kb_891_Normalized.json,Kubernetes---kb_891_Normalized.json::test_00000,valid,passed,True,True,correct_accept,4.26197,0.018907,0.007952,0.010858,39,39
Kubernetes---kb_891_Normalized.json,Kubernetes---kb_891_Normalized.json::test_00001,invalid,passed,False,True,correct_reject,4.26197,0.001455,0.001232,0.000205,37,4
Kubernetes---kb_892_Normalized.json,Kubernetes---kb_892_Normalized.json::test_00000,valid,passed,True,True,correct_accept,1.86226,0.017782,0.007311,0.010382,39,39
Kubernetes---kb_892_Normalized.json,Kubernetes---kb_892_Normalized.json::test_00001,invalid,passed,False,True,correct_reject,1.86226,0.017842,0.007784,0.010025,14,8
Kubernetes---kb_894_Normalized.json,Kubernetes---kb_894_Normalized.json::test_00000,valid,passed,True,True,correct_accept,2.01477,0.026359,0.010472,0.015742,39,39
Kubernetes---kb_894_Normalized.json,Kubernetes---kb_894_Normalized.json::test_00001,invalid,passed,False,True,correct_reject,2.01477,0.001376,0.001119,0.000238,39,5
Kubernetes---kb_895_Normalized.json,Kubernetes---kb_895_Normalized.json::test_00000,valid,passed,True,True,correct_accept,0.753761,0.018141,0.007583,0.010465,39,39
Kubernetes---kb_895_Normalized.json,Kubernetes---kb_895_Normalized.json::test_00001,invalid,passed,False,True,correct_reject,0.753761,0.001237,0.000989,0.00023,38,5
Kubernetes---kb_896_Normalized.json,Kubernetes---kb_896_Normalized.json::test_00000,valid,passed,True,True,correct_accept,30.2269,0.159908,0.073953,0.085659,129,129
Kubernetes---kb_896_Normalized.json,Kubernetes---kb_896_Normalized.json::test_00001,valid,passed,True,True,correct_accept,30.2269,0.159717,0.074056,0.085364,135,135
Kubernetes---kb_896_Normalized.json,Kubernetes---kb_896_Normalized.json::test_00002,invalid,passed,False,True,correct_reject,30.2269,0.121944,0.056508,0.065181,133,112
Kubernetes---kb_897_Normalized.json,Kubernetes---kb_897_Normalized.json::test_00000,valid,passed,True,True,correct_accept,29.3844,0.169238,0.077994,0.09095,121,121
Kubernetes---kb_897_Normalized.json,Kubernetes---kb_897_Normalized.json::test_00001,invalid,passed,False,True,correct_reject,29.3844,4.1e-05,4e-06,3e-06,129,17
Kubernetes---kb_897_Normalized.json,Kubernetes---kb_897_Normalized.json::test_00002,invalid,passed,False,True,correct_reject,29.3844,4e-05,5e-06,3e-06,234,17
Kubernetes---kb_898_Normalized.json,Kubernetes---kb_898_Normalized.json::test_00000,valid,passed,True,True,correct_accept,28.7844,0.19828,0.091934,0.106037,118,118
Kubernetes---kb_898_Normalized.json,Kubernetes---kb_898_Normalized.json::test_00001,valid,passed,True,True,correct_accept,28.7844,0.211654,0.097835,0.113501,126,126
Kubernetes---kb_898_Normalized.json,Kubernetes---kb_898_Normalized.json::test_00002,invalid,passed,False,True,correct_reject,28.7844,0.041405,0.019357,0.021989,125,17
Kubernetes---kb_899_Normalized.json,Kubernetes---kb_899_Normalized.json::test_00000,valid,passed,True,True,correct_accept,56.8599,0.263623,0.121695,0.141454,195,195
Kubernetes---kb_899_Normalized.json,Kubernetes---kb_899_Normalized.json::test_00001,valid,passed,True,True,correct_accept,56.8599,0.261225,0.123338,0.137467,180,180
Kubernetes---kb_899_Normalized.json,Kubernetes---kb_899_Normalized.json::test_00002,invalid,passed,False,True,correct_reject,56.8599,0.0886,0.041919,0.046503,177,73
Kubernetes---kb_89_Normalized.json,Kubernetes---kb_89_Normalized.json::test_00000,valid,failed,False,True,over_constraint,28.5632,0.028818,0.013345,0.015368,166,45
Kubernetes---kb_89_Normalized.json,Kubernetes---kb_89_Normalized.json::test_00001,invalid,passed,False,True,correct_reject,28.5632,5.1e-05,5e-06,4e-06,163,22
Kubernetes---kb_89_Normalized.json,Kubernetes---kb_89_Normalized.json::test_00002,invalid,passed,False,True,correct_reject,28.5632,0.02874,0.013308,0.015333,169,45
Kubernetes---kb_89_Normalized.json,Kubernetes---kb_89_Normalized.json::test_00003,invalid,passed,False,True,correct_reject,28.5632,0.03049,0.013381,0.016991,165,45
Kubernetes---kb_89_Normalized.json,Kubernetes---kb_89_Normalized.json::test_00004,valid,passed,True,True,correct_accept,28.5632,0.278001,0.129756,0.147816,178,178
Kubernetes---kb_89_Normalized.json,Kubernetes---kb_89_Normalized.json::test_00005,invalid,passed,False,True,correct_reject,28.5632,0.334591,0.156329,0.177737,216,213
Kubernetes---kb_89_Normalized.json,Kubernetes---kb_89_Normalized.json::test_00006,invalid,passed,False,True,correct_reject,28.5632,0.028902,0.013472,0.015334,212,45
Kubernetes---kb_8_Normalized.json,Kubernetes---kb_8_Normalized.json::test_00000,valid,passed,True,True,correct_accept,0.32761,0.015713,0.006697,0.00898,8,8
Kubernetes---kb_8_Normalized.json,Kubernetes---kb_8_Normalized.json::test_00001,invalid,passed,False,True,correct_reject,0.32761,0.003215,0.002798,0.00038,6,5
Kubernetes---kb_8_Normalized.json,Kubernetes---kb_8_Normalized.json::test_00002,invalid,passed,False,True,correct_reject,0.32761,0.000265,1.6e-05,0.000235,7,5
Kubernetes---kb_900_Normalized.json,Kubernetes---kb_900_Normalized.json::test_00000,valid,passed,True,True,correct_accept,58.9261,0.217322,0.100043,0.116907,152,152
Kubernetes---kb_900_Normalized.json,Kubernetes---kb_900_Normalized.json::test_00001,valid,passed,True,True,correct_accept,58.9261,0.262975,0.122708,0.139812,192,192
Kubernetes---kb_900_Normalized.json,Kubernetes---kb_900_Normalized.json::test_00002,invalid,passed,False,True,correct_reject,58.9261,0.197523,0.092284,0.104916,193,134
Kubernetes---kb_900_Normalized.json,Kubernetes---kb_900_Normalized.json::test_00003,invalid,passed,False,True,correct_reject,58.9261,0.078134,0.036297,0.04167,190,70
Kubernetes---kb_901_Normalized.json,Kubernetes---kb_901_Normalized.json::test_00000,valid,passed,True,True,correct_accept,55.6086,0.243876,0.112767,0.130725,158,158
Kubernetes---kb_901_Normalized.json,Kubernetes---kb_901_Normalized.json::test_00001,valid,passed,True,True,correct_accept,55.6086,0.245846,0.114005,0.131475,150,150
Kubernetes---kb_901_Normalized.json,Kubernetes---kb_901_Normalized.json::test_00002,invalid,passed,False,True,correct_reject,55.6086,0.119289,0.055933,0.06318,148,70
Kubernetes---kb_904_Normalized.json,Kubernetes---kb_904_Normalized.json::test_00000,valid,passed,True,True,correct_accept,0.807624,0.063037,0.028492,0.034452,29,29
Kubernetes---kb_904_Normalized.json,Kubernetes---kb_904_Normalized.json::test_00001,invalid,passed,False,True,correct_reject,0.807624,0.023587,0.011116,0.012422,26,14
Kubernetes---kb_904_Normalized.json,Kubernetes---kb_904_Normalized.json::test_00002,invalid,passed,False,True,correct_reject,0.807624,0.040986,0.019025,0.021899,32,20
Kubernetes---kb_905_Normalized.json,Kubernetes---kb_905_Normalized.json::test_00000,valid,passed,True,True,correct_accept,0.805228,0.061527,0.027818,0.033608,29,29
Kubernetes---kb_905_Normalized.json,Kubernetes---kb_905_Normalized.json::test_00001,invalid,passed,False,True,correct_reject,0.805228,0.022292,0.010682,0.011563,26,14
Kubernetes---kb_906_Normalized.json,Kubernetes---kb_906_Normalized.json::test_00000,valid,passed,True,True,correct_accept,0.773784,0.061876,0.027799,0.033977,29,29
Kubernetes---kb_906_Normalized.json,Kubernetes---kb_906_Normalized.json::test_00001,invalid,passed,False,True,correct_reject,0.773784,0.022039,0.010426,0.011568,26,14
Kubernetes---kb_909_Normalized.json,Kubernetes---kb_909_Normalized.json::test_00000,valid,failed,False,True,over_constraint,34.7986,0.020474,0.009442,0.01095,70,34
Kubernetes---kb_909_Normalized.json,Kubernetes---kb_909_Normalized.json::test_00001,invalid,passed,False,True,correct_reject,34.7986,0.021093,0.009645,0.01137,76,34
Kubernetes---kb_909_Normalized.json,Kubernetes---kb_909_Normalized.json::test_00002,invalid,passed,False,True,correct_reject,34.7986,2.5e-05,5e-06,4e-06,66,6
Kubernetes---kb_909_Normalized.json,Kubernetes---kb_909_Normalized.json::test_00003,invalid,passed,False,True,correct_reject,34.7986,0.021193,0.009715,0.011401,69,34
Kubernetes---kb_909_Normalized.json,Kubernetes---kb_909_Normalized.json::test_00004,invalid,passed,False,True,correct_reject,34.7986,0.037656,0.017442,0.020109,69,49
Kubernetes---kb_909_Normalized.json,Kubernetes---kb_909_Normalized.json::test_00005,invalid,passed,False,True,correct_reject,34.7986,0.020493,0.009502,0.010911,67,34
Kubernetes---kb_909_Normalized.json,Kubernetes---kb_909_Normalized.json::test_00006,valid,passed,True,True,correct_accept,34.7986,0.085494,0.036989,0.048286,79,79
Kubernetes---kb_909_Normalized.json,Kubernetes---kb_909_Normalized.json::test_00007,invalid,passed,False,True,correct_reject,34.7986,0.057959,0.027248,0.030575,79,59
Kubernetes---kb_909_Normalized.json,Kubernetes---kb_909_Normalized.json::test_00008,invalid,passed,False,True,correct_reject,34.7986,0.058793,0.02711,0.031545,79,59
Kubernetes---kb_90_Normalized.json,Kubernetes---kb_90_Normalized.json::test_00000,valid,failed,False,True,over_constraint,28.756,0.078165,0.037159,0.040875,167,45
Kubernetes---kb_90_Normalized.json,Kubernetes---kb_90_Normalized.json::test_00001,invalid,passed,False,True,correct_reject,28.756,0.078432,0.037086,0.041223,170,45
Kubernetes---kb_90_Normalized.json,Kubernetes---kb_90_Normalized.json::test_00002,invalid,passed,False,True,correct_reject,28.756,0.077935,0.036923,0.040893,166,45
Kubernetes---kb_90_Normalized.json,Kubernetes---kb_90_Normalized.json::test_00003,invalid,passed,False,True,correct_reject,28.756,0.332967,0.158016,0.174467,191,189
Kubernetes---kb_90_Normalized.json,Kubernetes---kb_90_Normalized.json::test_00004,invalid,passed,False,True,correct_reject,28.756,0.078074,0.036957,0.040994,166,45
Kubernetes---kb_90_Normalized.json,Kubernetes---kb_90_Normalized.json::test_00005,valid,passed,True,True,correct_accept,28.756,0.327893,0.154794,0.172649,178,178
Kubernetes---kb_90_Normalized.json,Kubernetes---kb_90_Normalized.json::test_00006,invalid,passed,False,True,correct_reject,28.756,0.238655,0.110635,0.127672,125,123
Kubernetes---kb_90_Normalized.json,Kubernetes---kb_90_Normalized.json::test_00007,invalid,passed,False,True,correct_reject,28.756,0.16516,0.077426,0.087484,176,93
Kubernetes---kb_911_Normalized.json,Kubernetes---kb_911_Normalized.json::test_00000,valid,failed,False,True,over_constraint,35.2168,0.053506,0.023019,0.030366,70,34
Kubernetes---kb_911_Normalized.json,Kubernetes---kb_911_Normalized.json::test_00001,invalid,passed,False,True,correct_reject,35.2168,0.040886,0.019003,0.021797,76,34
Kubernetes---kb_911_Normalized.json,Kubernetes---kb_911_Normalized.json::test_00002,invalid,passed,False,True,correct_reject,35.2168,0.000214,1.3e-05,0.000185,66,6
Kubernetes---kb_911_Normalized.json,Kubernetes---kb_911_Normalized.json::test_00003,invalid,passed,False,True,correct_reject,35.2168,0.040196,0.01879,0.021319,67,34
Kubernetes---kb_911_Normalized.json,Kubernetes---kb_911_Normalized.json::test_00004,invalid,passed,False,True,correct_reject,35.2168,0.056418,0.026445,0.02985,69,49
Kubernetes---kb_911_Normalized.json,Kubernetes---kb_911_Normalized.json::test_00005,invalid,passed,False,True,correct_reject,35.2168,0.040187,0.018814,0.021291,67,34
Kubernetes---kb_911_Normalized.json,Kubernetes---kb_911_Normalized.json::test_00006,valid,passed,True,True,correct_accept,35.2168,0.095019,0.043644,0.051196,79,79
Kubernetes---kb_911_Normalized.json,Kubernetes---kb_911_Normalized.json::test_00007,invalid,passed,False,True,correct_reject,35.2168,0.021246,0.010436,0.010762,82,14
Kubernetes---kb_911_Normalized.json,Kubernetes---kb_911_Normalized.json::test_00008,invalid,passed,False,True,correct_reject,35.2168,0.078638,0.036581,0.041906,81,61
Kubernetes---kb_912_Normalized.json,Kubernetes---kb_912_Normalized.json::test_00000,valid,failed,False,True,over_constraint,2.04569,0.073329,0.033797,0.039406,99,40
Kubernetes---kb_912_Normalized.json,Kubernetes---kb_912_Normalized.json::test_00001,invalid,passed,False,True,correct_reject,2.04569,0.073299,0.033962,0.039219,85,40
Kubernetes---kb_912_Normalized.json,Kubernetes---kb_912_Normalized.json::test_00002,invalid,passed,False,True,correct_reject,2.04569,0.033646,0.015637,0.017944,97,21
Kubernetes---kb_912_Normalized.json,Kubernetes---kb_912_Normalized.json::test_00003,invalid,passed,False,True,correct_reject,2.04569,0.075738,0.03493,0.040694,84,40
Kubernetes---kb_912_Normalized.json,Kubernetes---kb_912_Normalized.json::test_00004,valid,passed,True,True,correct_accept,2.04569,0.168849,0.077987,0.090617,99,99
Kubernetes---kb_912_Normalized.json,Kubernetes---kb_912_Normalized.json::test_00005,invalid,passed,False,True,correct_reject,2.04569,0.035231,0.017081,0.018097,98,14
Kubernetes---kb_912_Normalized.json,Kubernetes---kb_912_Normalized.json::test_00006,invalid,passed,False,True,correct_reject,2.04569,0.034122,0.01589,0.018182,97,14
Kubernetes---kb_913_Normalized.json,Kubernetes---kb_913_Normalized.json::test_00000,valid,failed,False,True,over_constraint,2.03766,0.080489,0.036013,0.044347,99,40
Kubernetes---kb_913_Normalized.json,Kubernetes---kb_913_Normalized.json::test_00001,invalid,passed,False,True,correct_reject,2.03766,0.073692,0.033987,0.039587,85,40
Kubernetes---kb_913_Normalized.json,Kubernetes---kb_913_Normalized.json::test_00002,invalid,passed,False,True,correct_reject,2.03766,0.046831,0.01959,0.027156,97,21
Kubernetes---kb_913_Normalized.json,Kubernetes---kb_913_Normalized.json::test_00003,invalid,passed,False,True,correct_reject,2.03766,0.087749,0.038448,0.049165,84,40
Kubernetes---kb_913_Normalized.json,Kubernetes---kb_913_Normalized.json::test_00004,invalid,passed,False,True,correct_reject,2.03766,0.086184,0.037913,0.048138,84,40
Kubernetes---kb_913_Normalized.json,Kubernetes---kb_913_Normalized.json::test_00005,valid,passed,True,True,correct_accept,2.03766,0.169252,0.078212,0.09078,99,99
Kubernetes---kb_913_Normalized.json,Kubernetes---kb_913_Normalized.json::test_00006,invalid,passed,False,True,correct_reject,2.03766,0.033416,0.016066,0.0173,97,14
Kubernetes---kb_914_Normalized.json,Kubernetes---kb_914_Normalized.json::test_00000,valid,failed,False,True,over_constraint,1.86607,0.065876,0.030307,0.035463,94,34
Kubernetes---kb_914_Normalized.json,Kubernetes---kb_914_Normalized.json::test_00001,invalid,passed,False,True,correct_reject,1.86607,0.067614,0.031153,0.036362,81,34
Kubernetes---kb_914_Normalized.json,Kubernetes---kb_914_Normalized.json::test_00002,invalid,passed,False,True,correct_reject,1.86607,0.033622,0.015652,0.017903,92,21
Kubernetes---kb_914_Normalized.json,Kubernetes---kb_914_Normalized.json::test_00003,invalid,passed,False,True,correct_reject,1.86607,0.065852,0.030272,0.035483,83,34
Kubernetes---kb_914_Normalized.json,Kubernetes---kb_914_Normalized.json::test_00004,valid,passed,True,True,correct_accept,1.86607,0.166257,0.076828,0.089174,94,94
Kubernetes---kb_914_Normalized.json,Kubernetes---kb_914_Normalized.json::test_00005,invalid,passed,False,True,correct_reject,1.86607,0.034824,0.01672,0.018049,92,14
Kubernetes---kb_914_Normalized.json,Kubernetes---kb_914_Normalized.json::test_00006,invalid,passed,False,True,correct_reject,1.86607,0.032543,0.015136,0.017359,92,14
Kubernetes---kb_915_Normalized.json,Kubernetes---kb_915_Normalized.json::test_00000,valid,failed,False,True,over_constraint,1.89555,0.065815,0.030187,0.035524,94,34
Kubernetes---kb_915_Normalized.json,Kubernetes---kb_915_Normalized.json::test_00001,invalid,passed,False,True,correct_reject,1.89555,0.06627,0.030519,0.035645,80,34
Kubernetes---kb_915_Normalized.json,Kubernetes---kb_915_Normalized.json::test_00002,invalid,passed,False,True,correct_reject,1.89555,0.032652,0.015238,0.017348,92,21
Kubernetes---kb_915_Normalized.json,Kubernetes---kb_915_Normalized.json::test_00003,invalid,passed,False,True,correct_reject,1.89555,0.066154,0.03053,0.035525,78,34
Kubernetes---kb_915_Normalized.json,Kubernetes---kb_915_Normalized.json::test_00004,invalid,passed,False,True,correct_reject,1.89555,0.032781,0.015269,0.01745,92,21
Kubernetes---kb_915_Normalized.json,Kubernetes---kb_915_Normalized.json::test_00005,valid,passed,True,True,correct_accept,1.89555,0.166624,0.076958,0.089428,93,93
Kubernetes---kb_915_Normalized.json,Kubernetes---kb_915_Normalized.json::test_00006,invalid,passed,False,True,correct_reject,1.89555,0.001201,0.000952,0.000233,87,5
Kubernetes---kb_916_Normalized.json,Kubernetes---kb_916_Normalized.json::test_00000,valid,passed,True,True,correct_accept,0.311098,0.000324,5.1e-05,0.000247,7,7
Kubernetes---kb_916_Normalized.json,Kubernetes---kb_916_Normalized.json::test_00001,invalid,passed,False,True,correct_reject,0.311098,0.000276,2.9e-05,0.000231,7,5
Kubernetes---kb_916_Normalized.json,Kubernetes---kb_916_Normalized.json::test_00002,invalid,passed,False,True,correct_reject,0.311098,0.000331,5.9e-05,0.000254,9,7
Kubernetes---kb_916_Normalized.json,Kubernetes---kb_916_Normalized.json::test_00003,invalid,passed,False,True,correct_reject,0.311098,0.000275,2.9e-05,0.000231,6,5
Kubernetes---kb_916_Normalized.json,Kubernetes---kb_916_Normalized.json::test_00004,invalid,passed,False,True,correct_reject,0.311098,0.000346,5.3e-05,0.000274,9,7
Kubernetes---kb_917_Normalized.json,Kubernetes---kb_917_Normalized.json::test_00000,valid,passed,True,True,correct_accept,0.315316,0.000354,4.6e-05,0.000285,7,7
Kubernetes---kb_917_Normalized.json,Kubernetes---kb_917_Normalized.json::test_00001,invalid,passed,False,True,correct_reject,0.315316,0.000269,2.4e-05,0.00023,7,5
Kubernetes---kb_917_Normalized.json,Kubernetes---kb_917_Normalized.json::test_00002,invalid,passed,False,True,correct_reject,0.315316,0.00035,5.3e-05,0.000279,9,7
Kubernetes---kb_917_Normalized.json,Kubernetes---kb_917_Normalized.json::test_00003,invalid,passed,False,True,correct_reject,0.315316,0.00025,2.3e-05,0.000212,7,5
Kubernetes---kb_917_Normalized.json,Kubernetes---kb_917_Normalized.json::test_00004,invalid,passed,False,True,correct_reject,0.315316,0.000314,5.2e-05,0.000241,9,7
Kubernetes---kb_918_Normalized.json,Kubernetes---kb_918_Normalized.json::test_00000,valid,passed,True,True,correct_accept,0.314065,0.000315,4.5e-05,0.000244,7,7
Kubernetes---kb_918_Normalized.json,Kubernetes---kb_918_Normalized.json::test_00001,invalid,passed,False,True,correct_reject,0.314065,0.000262,2.7e-05,0.000218,7,5
Kubernetes---kb_918_Normalized.json,Kubernetes---kb_918_Normalized.json::test_00002,invalid,passed,False,True,correct_reject,0.314065,0.000346,5.4e-05,0.000275,9,7
Kubernetes---kb_918_Normalized.json,Kubernetes---kb_918_Normalized.json::test_00003,invalid,passed,False,True,correct_reject,0.314065,0.000311,5.5e-05,0.000239,9,7
Kubernetes---kb_919_Normalized.json,Kubernetes---kb_919_Normalized.json::test_00000,valid,passed,True,True,correct_accept,0.316945,0.00031,4.7e-05,0.000237,7,7
Kubernetes---kb_919_Normalized.json,Kubernetes---kb_919_Normalized.json::test_00001,invalid,passed,False,True,correct_reject,0.316945,0.000256,2.7e-05,0.000211,7,5
Kubernetes---kb_919_Normalized.json,Kubernetes---kb_919_Normalized.json::test_00002,invalid,passed,False,True,correct_reject,0.316945,0.000354,5.6e-05,0.00028,9,7
Kubernetes---kb_919_Normalized.json,Kubernetes---kb_919_Normalized.json::test_00003,valid,passed,True,True,correct_accept,0.316945,0.000334,6.9e-05,0.000232,7,7
Kubernetes---kb_919_Normalized.json,Kubernetes---kb_919_Normalized.json::test_00004,invalid,passed,False,True,correct_reject,0.316945,0.000325,7e-05,0.000233,9,7
Kubernetes---kb_91_Normalized.json,Kubernetes---kb_91_Normalized.json::test_00000,valid,passed,True,True,correct_accept,56.1456,0.236955,0.109886,0.126688,147,147
Kubernetes---kb_91_Normalized.json,Kubernetes---kb_91_Normalized.json::test_00001,invalid,passed,False,True,correct_reject,56.1456,0.18526,0.08784,0.097084,144,120
Kubernetes---kb_920_Normalized.json,Kubernetes---kb_920_Normalized.json::test_00000,valid,passed,True,True,correct_accept,0.322236,0.000354,4.9e-05,0.00028,7,7
Kubernetes---kb_920_Normalized.json,Kubernetes---kb_920_Normalized.json::test_00001,invalid,passed,False,True,correct_reject,0.322236,0.000269,2.4e-05,0.000229,7,5
Kubernetes---kb_920_Normalized.json,Kubernetes---kb_920_Normalized.json::test_00002,invalid,passed,False,True,correct_reject,0.322236,0.000267,2.7e-05,0.000226,7,5
Kubernetes---kb_920_Normalized.json,Kubernetes---kb_920_Normalized.json::test_00003,invalid,passed,False,True,correct_reject,0.322236,0.000355,5.7e-05,0.000278,9,7
Kubernetes---kb_921_Normalized.json,Kubernetes---kb_921_Normalized.json::test_00000,valid,passed,True,True,correct_accept,0.975406,0.074854,0.0315,0.043241,36,36
Kubernetes---kb_921_Normalized.json,Kubernetes---kb_921_Normalized.json::test_00001,invalid,passed,False,True,correct_reject,0.975406,0.054901,0.023732,0.031087,43,29
Kubernetes---kb_921_Normalized.json,Kubernetes---kb_921_Normalized.json::test_00002,invalid,passed,False,True,correct_reject,0.975406,0.000367,6e-05,0.00029,38,7
Kubernetes---kb_921_Normalized.json,Kubernetes---kb_921_Normalized.json::test_00003,invalid,passed,False,True,correct_reject,0.975406,0.000272,2.4e-05,0.000233,36,5
Kubernetes---kb_921_Normalized.json,Kubernetes---kb_921_Normalized.json::test_00004,invalid,passed,False,True,correct_reject,0.975406,0.03322,0.01377,0.01939,36,22
Kubernetes---kb_921_Normalized.json,Kubernetes---kb_921_Normalized.json::test_00005,invalid,passed,False,True,correct_reject,0.975406,0.000269,1.7e-05,0.000237,35,5
Kubernetes---kb_921_Normalized.json,Kubernetes---kb_921_Normalized.json::test_00006,valid,passed,True,True,correct_accept,0.975406,0.076762,0.032376,0.044274,36,36
Kubernetes---kb_921_Normalized.json,Kubernetes---kb_921_Normalized.json::test_00007,invalid,passed,False,True,correct_reject,0.975406,0.00357,0.003097,0.000441,36,5
Kubernetes---kb_921_Normalized.json,Kubernetes---kb_921_Normalized.json::test_00008,invalid,passed,False,True,correct_reject,0.975406,0.05665,0.023622,0.032942,43,29
Kubernetes---kb_922_Normalized.json,Kubernetes---kb_922_Normalized.json::test_00000,valid,passed,True,True,correct_accept,0.969023,0.069127,0.031738,0.037273,36,36
Kubernetes---kb_922_Normalized.json,Kubernetes---kb_922_Normalized.json::test_00001,invalid,passed,False,True,correct_reject,0.969023,0.051325,0.024055,0.027181,43,29
Kubernetes---kb_922_Normalized.json,Kubernetes---kb_922_Normalized.json::test_00002,invalid,passed,False,True,correct_reject,0.969023,0.000276,1.7e-05,0.000243,36,5
Kubernetes---kb_922_Normalized.json,Kubernetes---kb_922_Normalized.json::test_00003,invalid,passed,False,True,correct_reject,0.969023,0.062989,0.026919,0.035952,43,29
Kubernetes---kb_922_Normalized.json,Kubernetes---kb_922_Normalized.json::test_00004,valid,passed,True,True,correct_accept,0.969023,0.071073,0.032542,0.038428,36,36
Kubernetes---kb_922_Normalized.json,Kubernetes---kb_922_Normalized.json::test_00005,invalid,passed,False,True,correct_reject,0.969023,0.001292,0.00103,0.000245,35,5
Kubernetes---kb_922_Normalized.json,Kubernetes---kb_922_Normalized.json::test_00006,invalid,passed,False,True,correct_reject,0.969023,0.059366,0.0271,0.032179,45,31
Kubernetes---kb_922_Normalized.json,Kubernetes---kb_922_Normalized.json::test_00007,invalid,passed,False,True,correct_reject,0.969023,0.000238,1.6e-05,0.000204,40,5
Kubernetes---kb_923_Normalized.json,Kubernetes---kb_923_Normalized.json::test_00000,valid,passed,True,True,correct_accept,0.506515,0.032403,0.014416,0.017925,19,19
Kubernetes---kb_923_Normalized.json,Kubernetes---kb_923_Normalized.json::test_00001,invalid,passed,False,True,correct_reject,0.506515,0.001217,0.000954,0.000246,19,5
Kubernetes---kb_923_Normalized.json,Kubernetes---kb_923_Normalized.json::test_00002,invalid,passed,False,True,correct_reject,0.506515,0.00034,5.2e-05,0.000271,21,7
Kubernetes---kb_923_Normalized.json,Kubernetes---kb_923_Normalized.json::test_00003,valid,passed,True,True,correct_accept,0.506515,0.033915,0.014945,0.018915,19,19
Kubernetes---kb_923_Normalized.json,Kubernetes---kb_923_Normalized.json::test_00004,invalid,passed,False,True,correct_reject,0.506515,0.003508,0.0029,0.000569,21,7
Kubernetes---kb_923_Normalized.json,Kubernetes---kb_923_Normalized.json::test_00005,invalid,passed,False,True,correct_reject,0.506515,0.000312,5.4e-05,0.000239,21,7
Kubernetes---kb_924_Normalized.json,Kubernetes---kb_924_Normalized.json::test_00000,valid,passed,True,True,correct_accept,0.991984,0.079511,0.035542,0.043834,36,36
Kubernetes---kb_924_Normalized.json,Kubernetes---kb_924_Normalized.json::test_00001,invalid,passed,False,True,correct_reject,0.991984,0.050845,0.023594,0.027168,43,29
Kubernetes---kb_924_Normalized.json,Kubernetes---kb_924_Normalized.json::test_00002,invalid,passed,False,True,correct_reject,0.991984,0.000483,4.3e-05,0.000413,36,5
Kubernetes---kb_924_Normalized.json,Kubernetes---kb_924_Normalized.json::test_00003,invalid,passed,False,True,correct_reject,0.991984,0.029417,0.01328,0.01608,35,21
Kubernetes---kb_924_Normalized.json,Kubernetes---kb_924_Normalized.json::test_00004,invalid,passed,False,True,correct_reject,0.991984,0.000279,1.7e-05,0.000248,35,5
Kubernetes---kb_924_Normalized.json,Kubernetes---kb_924_Normalized.json::test_00005,invalid,passed,False,True,correct_reject,0.991984,0.038178,0.017094,0.021008,41,27
Kubernetes---kb_925_Normalized.json,Kubernetes---kb_925_Normalized.json::test_00000,valid,passed,True,True,correct_accept,0.489768,0.034192,0.015043,0.019087,19,19
Kubernetes---kb_925_Normalized.json,Kubernetes---kb_925_Normalized.json::test_00001,invalid,passed,False,True,correct_reject,0.489768,0.001294,0.001029,0.000247,19,5
Kubernetes---kb_925_Normalized.json,Kubernetes---kb_925_Normalized.json::test_00002,invalid,passed,False,True,correct_reject,0.489768,0.000319,5.4e-05,0.000246,21,7
Kubernetes---kb_925_Normalized.json,Kubernetes---kb_925_Normalized.json::test_00003,valid,passed,True,True,correct_accept,0.489768,0.03246,0.014576,0.017826,19,19
Kubernetes---kb_925_Normalized.json,Kubernetes---kb_925_Normalized.json::test_00004,invalid,passed,False,True,correct_reject,0.489768,0.001334,0.001017,0.000296,21,7
Kubernetes---kb_925_Normalized.json,Kubernetes---kb_925_Normalized.json::test_00005,invalid,passed,False,True,correct_reject,0.489768,0.000311,5.5e-05,0.000237,21,7
Kubernetes---kb_926_Normalized.json,Kubernetes---kb_926_Normalized.json::test_00000,valid,failed,False,True,over_constraint,2.18997,0.104254,0.047349,0.056756,93,48
Kubernetes---kb_926_Normalized.json,Kubernetes---kb_926_Normalized.json::test_00001,invalid,passed,False,True,correct_reject,2.18997,0.07582,0.033982,0.041733,100,29
Kubernetes---kb_926_Normalized.json,Kubernetes---kb_926_Normalized.json::test_00002,invalid,passed,False,True,correct_reject,2.18997,2.5e-05,8e-06,3e-06,77,5
Kubernetes---kb_926_Normalized.json,Kubernetes---kb_926_Normalized.json::test_00003,invalid,passed,False,True,correct_reject,2.18997,0.222431,0.1013,0.120832,134,116
Kubernetes---kb_926_Normalized.json,Kubernetes---kb_926_Normalized.json::test_00004,valid,passed,True,True,correct_accept,2.18997,0.183598,0.084261,0.099072,93,93
Kubernetes---kb_926_Normalized.json,Kubernetes---kb_926_Normalized.json::test_00005,invalid,passed,False,True,correct_reject,2.18997,0.022202,0.009497,0.012664,83,12
Kubernetes---kb_927_Normalized.json,Kubernetes---kb_927_Normalized.json::test_00000,valid,passed,True,True,correct_accept,2.23791,0.173779,0.080506,0.09302,93,93
Kubernetes---kb_927_Normalized.json,Kubernetes---kb_927_Normalized.json::test_00001,invalid,passed,False,True,correct_reject,2.23791,0.076154,0.034506,0.04155,100,29
Kubernetes---kb_927_Normalized.json,Kubernetes---kb_927_Normalized.json::test_00002,invalid,passed,False,True,correct_reject,2.23791,2.5e-05,8e-06,4e-06,77,5
Kubernetes---kb_927_Normalized.json,Kubernetes---kb_927_Normalized.json::test_00003,invalid,passed,False,True,correct_reject,2.23791,0.232414,0.107913,0.124193,124,122
Kubernetes---kb_927_Normalized.json,Kubernetes---kb_927_Normalized.json::test_00004,valid,passed,True,True,correct_accept,2.23791,0.177169,0.082069,0.094863,93,93
Kubernetes---kb_927_Normalized.json,Kubernetes---kb_927_Normalized.json::test_00005,invalid,passed,False,True,correct_reject,2.23791,0.154178,0.070999,0.08298,83,74
Kubernetes---kb_927_Normalized.json,Kubernetes---kb_927_Normalized.json::test_00006,invalid,passed,False,True,correct_reject,2.23791,0.078246,0.035359,0.042792,100,29
Kubernetes---kb_927_Normalized.json,Kubernetes---kb_927_Normalized.json::test_00007,invalid,passed,False,True,correct_reject,2.23791,0.165745,0.074666,0.090862,92,74
Kubernetes---kb_928_Normalized.json,Kubernetes---kb_928_Normalized.json::test_00000,valid,failed,False,True,over_constraint,2.1865,0.103676,0.047903,0.055627,93,48
Kubernetes---kb_928_Normalized.json,Kubernetes---kb_928_Normalized.json::test_00001,invalid,passed,False,True,correct_reject,2.1865,0.075789,0.034342,0.041346,100,29
Kubernetes---kb_928_Normalized.json,Kubernetes---kb_928_Normalized.json::test_00002,invalid,passed,False,True,correct_reject,2.1865,2.4e-05,8e-06,3e-06,77,5
Kubernetes---kb_928_Normalized.json,Kubernetes---kb_928_Normalized.json::test_00003,invalid,passed,False,True,correct_reject,2.1865,0.103314,0.047667,0.055506,112,48
Kubernetes---kb_928_Normalized.json,Kubernetes---kb_928_Normalized.json::test_00004,valid,passed,True,True,correct_accept,2.1865,0.181094,0.084018,0.096789,108,108
Kubernetes---kb_928_Normalized.json,Kubernetes---kb_928_Normalized.json::test_00005,invalid,passed,False,True,correct_reject,2.1865,2.4e-05,5e-06,5e-06,93,6
Kubernetes---kb_928_Normalized.json,Kubernetes---kb_928_Normalized.json::test_00006,invalid,passed,False,True,correct_reject,2.1865,0.07119,0.032408,0.038687,114,28
Kubernetes---kb_929_Normalized.json,Kubernetes---kb_929_Normalized.json::test_00000,valid,passed,True,True,correct_accept,0.818577,0.056119,0.025451,0.030573,29,29
Kubernetes---kb_929_Normalized.json,Kubernetes---kb_929_Normalized.json::test_00001,invalid,passed,False,True,correct_reject,0.818577,0.022142,0.010423,0.011664,22,18
Kubernetes---kb_929_Normalized.json,Kubernetes---kb_929_Normalized.json::test_00002,invalid,passed,False,True,correct_reject,0.818577,0.021999,0.009907,0.01204,21,18
Kubernetes---kb_929_Normalized.json,Kubernetes---kb_929_Normalized.json::test_00003,valid,passed,True,True,correct_accept,0.818577,0.059959,0.027616,0.032254,30,30
Kubernetes---kb_929_Normalized.json,Kubernetes---kb_929_Normalized.json::test_00004,invalid,passed,False,True,correct_reject,0.818577,0.025142,0.012213,0.012877,23,19
Kubernetes---kb_92_Normalized.json,Kubernetes---kb_92_Normalized.json::test_00000,valid,passed,True,True,correct_accept,55.9319,0.281552,0.129345,0.15175,158,158
Kubernetes---kb_92_Normalized.json,Kubernetes---kb_92_Normalized.json::test_00001,invalid,passed,False,True,correct_reject,55.9319,0.2024,0.096107,0.105971,159,117
Kubernetes---kb_92_Normalized.json,Kubernetes---kb_92_Normalized.json::test_00002,invalid,passed,False,True,correct_reject,55.9319,0.197865,0.09293,0.104627,155,129
Kubernetes---kb_92_Normalized.json,Kubernetes---kb_92_Normalized.json::test_00003,invalid,passed,False,True,correct_reject,55.9319,0.128969,0.060007,0.068729,101,89
Kubernetes---kb_92_Normalized.json,Kubernetes---kb_92_Normalized.json::test_00004,invalid,passed,False,True,correct_reject,55.9319,0.000989,0.000966,6e-06,148,6
Kubernetes---kb_92_Normalized.json,Kubernetes---kb_92_Normalized.json::test_00005,invalid,passed,False,True,correct_reject,55.9319,0.113235,0.053177,0.05984,89,87
Kubernetes---kb_930_Normalized.json,Kubernetes---kb_930_Normalized.json::test_00000,valid,passed,True,True,correct_accept,0.821532,0.061383,0.028042,0.033236,30,30
Kubernetes---kb_930_Normalized.json,Kubernetes---kb_930_Normalized.json::test_00001,invalid,passed,False,True,correct_reject,0.821532,0.00126,0.001026,0.000215,30,5
Kubernetes---kb_930_Normalized.json,Kubernetes---kb_930_Normalized.json::test_00002,invalid,passed,False,True,correct_reject,0.821532,0.024425,0.011293,0.013071,24,19
Kubernetes---kb_930_Normalized.json,Kubernetes---kb_930_Normalized.json::test_00003,valid,passed,True,True,correct_accept,0.821532,0.058452,0.026513,0.031842,29,29
Kubernetes---kb_930_Normalized.json,Kubernetes---kb_930_Normalized.json::test_00004,invalid,passed,False,True,correct_reject,0.821532,0.021542,0.010318,0.011174,20,18
Kubernetes---kb_931_Normalized.json,Kubernetes---kb_931_Normalized.json::test_00000,valid,passed,True,True,correct_accept,1.45761,0.058071,0.026687,0.03126,48,48
Kubernetes---kb_931_Normalized.json,Kubernetes---kb_931_Normalized.json::test_00001,invalid,passed,False,True,correct_reject,1.45761,2.3e-05,5e-06,4e-06,7,5
Kubernetes---kb_931_Normalized.json,Kubernetes---kb_931_Normalized.json::test_00002,valid,passed,True,True,correct_accept,1.45761,0.105028,0.047802,0.057054,73,73
Kubernetes---kb_931_Normalized.json,Kubernetes---kb_931_Normalized.json::test_00003,invalid,passed,False,True,correct_reject,1.45761,2.7e-05,6e-06,5e-06,7,6
Kubernetes---kb_932_Normalized.json,Kubernetes---kb_932_Normalized.json::test_00000,valid,passed,True,True,correct_accept,1.48278,0.055852,0.026456,0.029265,48,48
Kubernetes---kb_932_Normalized.json,Kubernetes---kb_932_Normalized.json::test_00001,invalid,passed,False,True,correct_reject,1.48278,2.4e-05,5e-06,4e-06,7,5
Kubernetes---kb_932_Normalized.json,Kubernetes---kb_932_Normalized.json::test_00002,valid,passed,True,True,correct_accept,1.48278,0.103246,0.048764,0.054287,74,74
Kubernetes---kb_932_Normalized.json,Kubernetes---kb_932_Normalized.json::test_00003,invalid,passed,False,True,correct_reject,1.48278,2.3e-05,5e-06,5e-06,8,5
Kubernetes---kb_935_Normalized.json,Kubernetes---kb_935_Normalized.json::test_00000,valid,passed,True,True,correct_accept,0.507391,0.013296,0.005746,0.007505,12,12
Kubernetes---kb_935_Normalized.json,Kubernetes---kb_935_Normalized.json::test_00001,invalid,passed,False,True,correct_reject,0.507391,0.000246,1.4e-05,0.000216,11,5
Kubernetes---kb_935_Normalized.json,Kubernetes---kb_935_Normalized.json::test_00002,invalid,passed,False,True,correct_reject,0.507391,0.01313,0.005757,0.007337,13,12
Kubernetes---kb_936_Normalized.json,Kubernetes---kb_936_Normalized.json::test_00000,valid,passed,True,True,correct_accept,0.48618,0.014005,0.005925,0.008037,12,12
Kubernetes---kb_936_Normalized.json,Kubernetes---kb_936_Normalized.json::test_00001,invalid,passed,False,True,correct_reject,0.48618,0.00026,1.4e-05,0.000231,11,5
Kubernetes---kb_937_Normalized.json,Kubernetes---kb_937_Normalized.json::test_00000,valid,passed,True,True,correct_accept,0.642159,0.030568,0.013515,0.016988,20,20
Kubernetes---kb_937_Normalized.json,Kubernetes---kb_937_Normalized.json::test_00001,invalid,passed,False,True,correct_reject,0.642159,0.000223,1.4e-05,0.000192,18,5
Kubernetes---kb_938_Normalized.json,Kubernetes---kb_938_Normalized.json::test_00000,valid,passed,True,True,correct_accept,0.647578,0.029791,0.013257,0.01647,20,20
Kubernetes---kb_938_Normalized.json,Kubernetes---kb_938_Normalized.json::test_00001,invalid,passed,False,True,correct_reject,0.647578,0.000231,1.3e-05,0.000201,18,5
Kubernetes---kb_938_Normalized.json,Kubernetes---kb_938_Normalized.json::test_00002,invalid,passed,False,True,correct_reject,0.647578,1.8e-05,8e-06,2e-06,12,2
Kubernetes---kb_939_Normalized.json,Kubernetes---kb_939_Normalized.json::test_00000,valid,passed,True,True,correct_accept,58.6445,0.342721,0.156719,0.185521,179,179
Kubernetes---kb_939_Normalized.json,Kubernetes---kb_939_Normalized.json::test_00001,invalid,passed,False,True,correct_reject,58.6445,0.000972,0.000949,5e-06,178,6
Kubernetes---kb_939_Normalized.json,Kubernetes---kb_939_Normalized.json::test_00002,invalid,passed,False,True,correct_reject,58.6445,0.303073,0.138649,0.164041,178,138
Kubernetes---kb_939_Normalized.json,Kubernetes---kb_939_Normalized.json::test_00003,invalid,passed,False,True,correct_reject,58.6445,3.7e-05,8e-06,4e-06,54,12
Kubernetes---kb_939_Normalized.json,Kubernetes---kb_939_Normalized.json::test_00004,invalid,passed,False,True,correct_reject,58.6445,0.101052,0.045936,0.054968,184,50
Kubernetes---kb_939_Normalized.json,Kubernetes---kb_939_Normalized.json::test_00005,valid,passed,True,True,correct_accept,58.6445,0.135031,0.061565,0.073245,93,93
Kubernetes---kb_939_Normalized.json,Kubernetes---kb_939_Normalized.json::test_00006,invalid,passed,False,True,correct_reject,58.6445,0.026693,0.012591,0.01403,87,27
Kubernetes---kb_939_Normalized.json,Kubernetes---kb_939_Normalized.json::test_00007,invalid,passed,False,True,correct_reject,58.6445,2.6e-05,8e-06,4e-06,101,6
Kubernetes---kb_93_Normalized.json,Kubernetes---kb_93_Normalized.json::test_00000,valid,passed,True,True,correct_accept,56.2237,0.249898,0.117116,0.132406,154,154
Kubernetes---kb_93_Normalized.json,Kubernetes---kb_93_Normalized.json::test_00001,invalid,passed,False,True,correct_reject,56.2237,0.182815,0.087381,0.095132,152,125
Kubernetes---kb_93_Normalized.json,Kubernetes---kb_93_Normalized.json::test_00002,invalid,passed,False,True,correct_reject,56.2237,0.170651,0.079766,0.090629,155,113
Kubernetes---kb_93_Normalized.json,Kubernetes---kb_93_Normalized.json::test_00003,invalid,passed,False,True,correct_reject,56.2237,0.180723,0.084898,0.095525,151,125
Kubernetes---kb_93_Normalized.json,Kubernetes---kb_93_Normalized.json::test_00004,invalid,passed,False,True,correct_reject,56.2237,0.128084,0.059682,0.068192,101,89
Kubernetes---kb_93_Normalized.json,Kubernetes---kb_93_Normalized.json::test_00005,invalid,passed,False,True,correct_reject,56.2237,0.173193,0.08257,0.090348,153,116
Kubernetes---kb_940_Normalized.json,Kubernetes---kb_940_Normalized.json::test_00000,valid,passed,True,True,correct_accept,59.2115,0.541734,0.249992,0.291004,296,296
Kubernetes---kb_940_Normalized.json,Kubernetes---kb_940_Normalized.json::test_00001,invalid,passed,False,True,correct_reject,59.2115,0.11859,0.054612,0.063825,303,51
Kubernetes---kb_940_Normalized.json,Kubernetes---kb_940_Normalized.json::test_00002,invalid,passed,False,True,correct_reject,59.2115,0.498925,0.232365,0.265858,295,250
Kubernetes---kb_940_Normalized.json,Kubernetes---kb_940_Normalized.json::test_00003,valid,passed,True,True,correct_accept,59.2115,0.352618,0.161696,0.19047,167,167
Kubernetes---kb_940_Normalized.json,Kubernetes---kb_940_Normalized.json::test_00004,invalid,passed,False,True,correct_reject,59.2115,0.021022,0.009985,0.010991,42,12
Kubernetes---kb_940_Normalized.json,Kubernetes---kb_940_Normalized.json::test_00005,invalid,passed,False,True,correct_reject,59.2115,0.140613,0.06495,0.075481,182,59
Kubernetes---kb_940_Normalized.json,Kubernetes---kb_940_Normalized.json::test_00006,invalid,passed,False,True,correct_reject,59.2115,0.314279,0.144005,0.16989,166,137
Kubernetes---kb_941_Normalized.json,Kubernetes---kb_941_Normalized.json::test_00000,valid,failed,False,True,over_constraint,1.30198,0.041867,0.017248,0.024538,54,19
Kubernetes---kb_941_Normalized.json,Kubernetes---kb_941_Normalized.json::test_00001,invalid,passed,False,True,correct_reject,1.30198,0.001026,0.001004,6e-06,22,4
Kubernetes---kb_941_Normalized.json,Kubernetes---kb_941_Normalized.json::test_00002,invalid,passed,False,True,correct_reject,1.30198,0.066192,0.03018,0.035893,53,47
Kubernetes---kb_941_Normalized.json,Kubernetes---kb_941_Normalized.json::test_00003,valid,passed,True,True,correct_accept,1.30198,0.062374,0.028672,0.033571,56,56
Kubernetes---kb_941_Normalized.json,Kubernetes---kb_941_Normalized.json::test_00004,invalid,passed,False,True,correct_reject,1.30198,2.5e-05,6e-06,6e-06,18,5
Kubernetes---kb_942_Normalized.json,Kubernetes---kb_942_Normalized.json::test_00000,valid,failed,False,True,over_constraint,1.25698,0.024719,0.010518,0.014146,50,17
Kubernetes---kb_942_Normalized.json,Kubernetes---kb_942_Normalized.json::test_00001,invalid,passed,False,True,correct_reject,1.25698,0.000958,0.000934,6e-06,22,4
Kubernetes---kb_942_Normalized.json,Kubernetes---kb_942_Normalized.json::test_00002,invalid,passed,False,True,correct_reject,1.25698,2.2e-05,5e-06,4e-06,18,5
Kubernetes---kb_942_Normalized.json,Kubernetes---kb_942_Normalized.json::test_00003,valid,passed,True,True,correct_accept,1.25698,0.078516,0.035827,0.04255,54,54
Kubernetes---kb_943_Normalized.json,Kubernetes---kb_943_Normalized.json::test_00000,valid,passed,True,True,correct_accept,0.514093,0.021177,0.008692,0.012434,13,13
Kubernetes---kb_943_Normalized.json,Kubernetes---kb_943_Normalized.json::test_00001,invalid,passed,False,True,correct_reject,0.514093,0.001278,0.001046,0.000211,12,5
Kubernetes---kb_943_Normalized.json,Kubernetes---kb_943_Normalized.json::test_00002,invalid,passed,False,True,correct_reject,0.514093,0.000253,1.7e-05,0.000223,6,5
Kubernetes---kb_944_Normalized.json,Kubernetes---kb_944_Normalized.json::test_00000,valid,passed,True,True,correct_accept,0.543639,0.028525,0.012347,0.016119,15,15
Kubernetes---kb_944_Normalized.json,Kubernetes---kb_944_Normalized.json::test_00001,invalid,passed,False,True,correct_reject,0.543639,0.0012,0.000942,0.000241,14,5
Kubernetes---kb_944_Normalized.json,Kubernetes---kb_944_Normalized.json::test_00002,valid,passed,True,True,correct_accept,0.543639,0.02061,0.008825,0.011742,13,13
Kubernetes---kb_944_Normalized.json,Kubernetes---kb_944_Normalized.json::test_00003,invalid,passed,False,True,correct_reject,0.543639,0.001219,0.00097,0.000233,12,5
Kubernetes---kb_944_Normalized.json,Kubernetes---kb_944_Normalized.json::test_00004,invalid,passed,False,True,correct_reject,0.543639,0.000246,1.8e-05,0.000212,13,5
Kubernetes---kb_945_Normalized.json,Kubernetes---kb_945_Normalized.json::test_00000,valid,passed,True,True,correct_accept,1.44139,0.061755,0.027795,0.033821,58,58
Kubernetes---kb_945_Normalized.json,Kubernetes---kb_945_Normalized.json::test_00001,invalid,passed,False,True,correct_reject,1.44139,0.001234,0.000966,0.000249,58,5
Kubernetes---kb_945_Normalized.json,Kubernetes---kb_945_Normalized.json::test_00002,valid,passed,True,True,correct_accept,1.44139,0.07854,0.035487,0.042905,62,62
Kubernetes---kb_945_Normalized.json,Kubernetes---kb_945_Normalized.json::test_00003,invalid,passed,False,True,correct_reject,1.44139,0.002265,0.001911,0.000328,62,5
Kubernetes---kb_946_Normalized.json,Kubernetes---kb_946_Normalized.json::test_00000,valid,passed,True,True,correct_accept,1.46146,0.06154,0.027682,0.033717,58,58
Kubernetes---kb_946_Normalized.json,Kubernetes---kb_946_Normalized.json::test_00001,invalid,passed,False,True,correct_reject,1.46146,0.001232,0.000969,0.000246,58,5
Kubernetes---kb_946_Normalized.json,Kubernetes---kb_946_Normalized.json::test_00002,invalid,passed,False,True,correct_reject,1.46146,0.000264,2.5e-05,0.000223,58,5
Kubernetes---kb_947_Normalized.json,Kubernetes---kb_947_Normalized.json::test_00000,valid,passed,True,True,correct_accept,3.16757,0.205163,0.092657,0.112105,161,161
Kubernetes---kb_947_Normalized.json,Kubernetes---kb_947_Normalized.json::test_00001,invalid,passed,False,True,correct_reject,3.16757,0.001044,0.001016,7e-06,162,9
Kubernetes---kb_947_Normalized.json,Kubernetes---kb_947_Normalized.json::test_00002,invalid,passed,False,True,correct_reject,3.16757,0.062469,0.02865,0.033684,160,62
Kubernetes---kb_947_Normalized.json,Kubernetes---kb_947_Normalized.json::test_00003,invalid,passed,False,True,correct_reject,3.16757,0.046244,0.02107,0.025088,176,35
Kubernetes---kb_947_Normalized.json,Kubernetes---kb_947_Normalized.json::test_00004,invalid,passed,False,True,correct_reject,3.16757,3.5e-05,8e-06,6e-06,162,9
Kubernetes---kb_947_Normalized.json,Kubernetes---kb_947_Normalized.json::test_00005,invalid,passed,False,True,correct_reject,3.16757,0.030001,0.01344,0.016474,158,30
Kubernetes---kb_947_Normalized.json,Kubernetes---kb_947_Normalized.json::test_00006,valid,passed,True,True,correct_accept,3.16757,0.238811,0.109378,0.129006,172,172
Kubernetes---kb_947_Normalized.json,Kubernetes---kb_947_Normalized.json::test_00007,invalid,passed,False,True,correct_reject,3.16757,0.001059,0.00103,7e-06,174,9
Kubernetes---kb_947_Normalized.json,Kubernetes---kb_947_Normalized.json::test_00008,invalid,passed,False,True,correct_reject,3.16757,0.076021,0.035048,0.040822,172,66
Kubernetes---kb_947_Normalized.json,Kubernetes---kb_947_Normalized.json::test_00009,invalid,passed,False,True,correct_reject,3.16757,0.018194,0.008076,0.010041,175,23
Kubernetes---kb_948_Normalized.json,Kubernetes---kb_948_Normalized.json::test_00000,valid,passed,True,True,correct_accept,3.17708,0.137349,0.063742,0.073294,148,148
Kubernetes---kb_948_Normalized.json,Kubernetes---kb_948_Normalized.json::test_00001,invalid,passed,False,True,correct_reject,3.17708,0.052365,0.02454,0.027696,147,58
Kubernetes---kb_948_Normalized.json,Kubernetes---kb_948_Normalized.json::test_00002,invalid,passed,False,True,correct_reject,3.17708,4.3e-05,1.5e-05,6e-06,149,9
Kubernetes---kb_948_Normalized.json,Kubernetes---kb_948_Normalized.json::test_00003,invalid,passed,False,True,correct_reject,3.17708,0.049996,0.022953,0.026911,155,58
Kubernetes---kb_948_Normalized.json,Kubernetes---kb_948_Normalized.json::test_00004,invalid,passed,False,True,correct_reject,3.17708,4.1e-05,1.6e-05,5e-06,151,9
Kubernetes---kb_948_Normalized.json,Kubernetes---kb_948_Normalized.json::test_00005,invalid,passed,False,True,correct_reject,3.17708,0.01708,0.007661,0.00936,150,23
Kubernetes---kb_948_Normalized.json,Kubernetes---kb_948_Normalized.json::test_00006,valid,passed,True,True,correct_accept,3.17708,0.169009,0.077308,0.091319,155,155
Kubernetes---kb_948_Normalized.json,Kubernetes---kb_948_Normalized.json::test_00007,invalid,passed,False,True,correct_reject,3.17708,0.000976,0.000948,7e-06,156,9
Kubernetes---kb_948_Normalized.json,Kubernetes---kb_948_Normalized.json::test_00008,invalid,passed,False,True,correct_reject,3.17708,0.024763,0.011372,0.013327,31,28
Kubernetes---kb_949_Normalized.json,Kubernetes---kb_949_Normalized.json::test_00000,valid,passed,True,True,correct_accept,29.9779,0.112497,0.052337,0.05992,110,110
Kubernetes---kb_949_Normalized.json,Kubernetes---kb_949_Normalized.json::test_00001,invalid,passed,False,True,correct_reject,29.9779,0.096756,0.045851,0.05069,111,100
Kubernetes---kb_949_Normalized.json,Kubernetes---kb_949_Normalized.json::test_00002,valid,passed,True,True,correct_accept,29.9779,0.109612,0.050653,0.058724,105,105
Kubernetes---kb_949_Normalized.json,Kubernetes---kb_949_Normalized.json::test_00003,invalid,passed,False,True,correct_reject,29.9779,0.078844,0.037334,0.041322,103,85
Kubernetes---kb_949_Normalized.json,Kubernetes---kb_949_Normalized.json::test_00004,invalid,passed,False,True,correct_reject,29.9779,0.02596,0.011891,0.013971,105,47
Kubernetes---kb_94_Normalized.json,Kubernetes---kb_94_Normalized.json::test_00000,valid,passed,True,True,correct_accept,56.613,0.241559,0.113868,0.12734,140,140
Kubernetes---kb_94_Normalized.json,Kubernetes---kb_94_Normalized.json::test_00001,invalid,passed,False,True,correct_reject,56.613,0.230509,0.109491,0.120697,143,120
Kubernetes---kb_94_Normalized.json,Kubernetes---kb_94_Normalized.json::test_00002,invalid,passed,False,True,correct_reject,56.613,0.229538,0.108899,0.120317,140,138
Kubernetes---kb_94_Normalized.json,Kubernetes---kb_94_Normalized.json::test_00003,invalid,passed,False,True,correct_reject,56.613,0.180326,0.084896,0.09519,101,89
Kubernetes---kb_94_Normalized.json,Kubernetes---kb_94_Normalized.json::test_00004,invalid,passed,False,True,correct_reject,56.613,0.162113,0.077904,0.083976,139,86
Kubernetes---kb_94_Normalized.json,Kubernetes---kb_94_Normalized.json::test_00005,invalid,passed,False,True,correct_reject,56.613,0.230427,0.109261,0.120833,138,137
Kubernetes---kb_950_Normalized.json,Kubernetes---kb_950_Normalized.json::test_00000,valid,passed,True,True,correct_accept,29.4267,0.115899,0.053655,0.061983,107,107
Kubernetes---kb_950_Normalized.json,Kubernetes---kb_950_Normalized.json::test_00001,invalid,passed,False,True,correct_reject,29.4267,0.090538,0.042946,0.047379,108,97
Kubernetes---kb_950_Normalized.json,Kubernetes---kb_950_Normalized.json::test_00002,valid,passed,True,True,correct_accept,29.4267,0.109906,0.05084,0.058824,107,107
Kubernetes---kb_950_Normalized.json,Kubernetes---kb_950_Normalized.json::test_00003,invalid,passed,False,True,correct_reject,29.4267,0.072068,0.03391,0.03797,107,81
Kubernetes---kb_950_Normalized.json,Kubernetes---kb_950_Normalized.json::test_00004,invalid,passed,False,True,correct_reject,29.4267,0.077611,0.035023,0.042386,136,80
Kubernetes---kb_951_Normalized.json,Kubernetes---kb_951_Normalized.json::test_00000,valid,passed,True,True,correct_accept,29.2624,0.149258,0.06983,0.079157,107,107
Kubernetes---kb_951_Normalized.json,Kubernetes---kb_951_Normalized.json::test_00001,invalid,passed,False,True,correct_reject,29.2624,0.001175,0.000982,0.000173,100,6
Kubernetes---kb_951_Normalized.json,Kubernetes---kb_951_Normalized.json::test_00002,invalid,passed,False,True,correct_reject,29.2624,0.141543,0.064533,0.076768,108,97
Kubernetes---kb_951_Normalized.json,Kubernetes---kb_951_Normalized.json::test_00003,invalid,passed,False,True,correct_reject,29.2624,0.129797,0.061158,0.068414,108,97
Kubernetes---kb_952_Normalized.json,Kubernetes---kb_952_Normalized.json::test_00000,valid,passed,True,True,correct_accept,1.76433,0.05064,0.022676,0.02788,25,25
Kubernetes---kb_952_Normalized.json,Kubernetes---kb_952_Normalized.json::test_00001,invalid,passed,False,True,correct_reject,1.76433,0.003774,0.003223,0.000496,66,10
Kubernetes---kb_952_Normalized.json,Kubernetes---kb_952_Normalized.json::test_00002,invalid,passed,False,True,correct_reject,1.76433,0.000252,1.2e-05,0.000219,16,9
Kubernetes---kb_952_Normalized.json,Kubernetes---kb_952_Normalized.json::test_00003,valid,passed,True,True,correct_accept,1.76433,0.039923,0.01807,0.021785,23,23
Kubernetes---kb_952_Normalized.json,Kubernetes---kb_952_Normalized.json::test_00004,invalid,passed,False,True,correct_reject,1.76433,0.001184,0.000954,0.000203,17,10
Kubernetes---kb_953_Normalized.json,Kubernetes---kb_953_Normalized.json::test_00000,valid,passed,True,True,correct_accept,1.79503,0.041776,0.018707,0.022999,23,23
Kubernetes---kb_953_Normalized.json,Kubernetes---kb_953_Normalized.json::test_00001,invalid,passed,False,True,correct_reject,1.79503,0.001342,0.001098,0.000215,17,10
Kubernetes---kb_953_Normalized.json,Kubernetes---kb_953_Normalized.json::test_00002,invalid,passed,False,True,correct_reject,1.79503,0.000653,6.6e-05,0.000536,6994,10
Kubernetes---kb_954_Normalized.json,Kubernetes---kb_954_Normalized.json::test_00000,valid,passed,True,True,correct_accept,1.77282,0.040978,0.018348,0.022556,23,23
Kubernetes---kb_954_Normalized.json,Kubernetes---kb_954_Normalized.json::test_00001,invalid,passed,False,True,correct_reject,1.77282,0.001219,0.000958,0.000235,17,10
Kubernetes---kb_954_Normalized.json,Kubernetes---kb_954_Normalized.json::test_00002,invalid,passed,False,True,correct_reject,1.77282,0.000249,1.1e-05,0.000218,16,9
Kubernetes---kb_955_Normalized.json,Kubernetes---kb_955_Normalized.json::test_00000,valid,failed,False,True,over_constraint,30.0561,0.063164,0.029108,0.033867,131,76
Kubernetes---kb_955_Normalized.json,Kubernetes---kb_955_Normalized.json::test_00001,invalid,passed,False,True,correct_reject,30.0561,0.133096,0.063443,0.069386,138,116
Kubernetes---kb_955_Normalized.json,Kubernetes---kb_955_Normalized.json::test_00002,valid,passed,True,True,correct_accept,30.0561,1.40516,0.661455,0.742086,538,538
Kubernetes---kb_955_Normalized.json,Kubernetes---kb_955_Normalized.json::test_00003,invalid,passed,False,True,correct_reject,30.0561,0.025002,0.011326,0.013587,539,43
Kubernetes---kb_956_Normalized.json,Kubernetes---kb_956_Normalized.json::test_00000,valid,passed,True,True,correct_accept,30.5279,0.173796,0.082284,0.091167,148,148
Kubernetes---kb_956_Normalized.json,Kubernetes---kb_956_Normalized.json::test_00001,invalid,passed,False,True,correct_reject,30.5279,0.177307,0.084284,0.0927,151,148
Kubernetes---kb_956_Normalized.json,Kubernetes---kb_956_Normalized.json::test_00002,invalid,passed,False,True,correct_reject,30.5279,0.105381,0.049848,0.055306,151,106
Kubernetes---kb_956_Normalized.json,Kubernetes---kb_956_Normalized.json::test_00003,invalid,passed,False,True,correct_reject,30.5279,0.119867,0.056355,0.063271,164,111
Kubernetes---kb_956_Normalized.json,Kubernetes---kb_956_Normalized.json::test_00004,valid,passed,True,True,correct_accept,30.5279,0.153584,0.073086,0.080207,136,136
Kubernetes---kb_956_Normalized.json,Kubernetes---kb_956_Normalized.json::test_00005,invalid,passed,False,True,correct_reject,30.5279,0.025897,0.011728,0.01408,124,44
Kubernetes---kb_957_Normalized.json,Kubernetes---kb_957_Normalized.json::test_00000,valid,failed,False,True,over_constraint,30.4213,0.101986,0.047593,0.054207,141,73
Kubernetes---kb_957_Normalized.json,Kubernetes---kb_957_Normalized.json::test_00001,invalid,passed,False,True,correct_reject,30.4213,0.001159,0.000954,0.000185,133,6
Kubernetes---kb_957_Normalized.json,Kubernetes---kb_957_Normalized.json::test_00002,invalid,passed,False,True,correct_reject,30.4213,0.21135,0.100491,0.110532,148,126
Kubernetes---kb_957_Normalized.json,Kubernetes---kb_957_Normalized.json::test_00003,invalid,passed,False,True,correct_reject,30.4213,0.069589,0.033075,0.036399,141,46
Kubernetes---kb_957_Normalized.json,Kubernetes---kb_957_Normalized.json::test_00004,valid,passed,True,True,correct_accept,30.4213,0.194521,0.092382,0.101821,132,132
Kubernetes---kb_957_Normalized.json,Kubernetes---kb_957_Normalized.json::test_00005,invalid,passed,False,True,correct_reject,30.4213,0.072974,0.034123,0.038697,140,65
Kubernetes---kb_958_Normalized.json,Kubernetes---kb_958_Normalized.json::test_00000,valid,passed,True,True,correct_accept,0.372535,0.016331,0.007088,0.009204,8,8
Kubernetes---kb_958_Normalized.json,Kubernetes---kb_958_Normalized.json::test_00001,invalid,passed,False,True,correct_reject,0.372535,0.001165,0.000916,0.00023,6,5
Kubernetes---kb_958_Normalized.json,Kubernetes---kb_958_Normalized.json::test_00002,invalid,passed,False,True,correct_reject,0.372535,0.000217,1.2e-05,0.000191,5,4
Kubernetes---kb_958_Normalized.json,Kubernetes---kb_958_Normalized.json::test_00003,invalid,passed,False,True,correct_reject,0.372535,0.00022,1.6e-05,0.00019,5,4
Kubernetes---kb_959_Normalized.json,Kubernetes---kb_959_Normalized.json::test_00000,valid,passed,True,True,correct_accept,0.380769,0.016289,0.006934,0.009319,8,8
Kubernetes---kb_959_Normalized.json,Kubernetes---kb_959_Normalized.json::test_00001,invalid,passed,False,True,correct_reject,0.380769,0.001248,0.001005,0.000225,6,5
Kubernetes---kb_95_Normalized.json,Kubernetes---kb_95_Normalized.json::test_00000,valid,passed,True,True,correct_accept,67.0036,0.094169,0.04301,0.050929,94,94
Kubernetes---kb_95_Normalized.json,Kubernetes---kb_95_Normalized.json::test_00001,invalid,passed,False,True,correct_reject,67.0036,0.083812,0.038728,0.044893,88,67
Kubernetes---kb_95_Normalized.json,Kubernetes---kb_95_Normalized.json::test_00002,invalid,passed,False,True,correct_reject,67.0036,0.081983,0.038431,0.043372,93,80
Kubernetes---kb_95_Normalized.json,Kubernetes---kb_95_Normalized.json::test_00003,invalid,passed,False,True,correct_reject,67.0036,0.040567,0.019041,0.02142,92,48
Kubernetes---kb_95_Normalized.json,Kubernetes---kb_95_Normalized.json::test_00004,valid,passed,True,True,correct_accept,67.0036,0.138308,0.063132,0.074924,105,105
Kubernetes---kb_95_Normalized.json,Kubernetes---kb_95_Normalized.json::test_00005,invalid,passed,False,True,correct_reject,67.0036,0.139733,0.064192,0.075292,112,105
Kubernetes---kb_960_Normalized.json,Kubernetes---kb_960_Normalized.json::test_00000,valid,passed,True,True,correct_accept,0.381129,0.029594,0.010884,0.01864,8,8
Kubernetes---kb_960_Normalized.json,Kubernetes---kb_960_Normalized.json::test_00001,invalid,passed,False,True,correct_reject,0.381129,0.001276,0.001021,0.000238,6,5
Kubernetes---kb_961_Normalized.json,Kubernetes---kb_961_Normalized.json::test_00000,valid,passed,True,True,correct_accept,0.838441,0.064618,0.029628,0.034886,32,32
Kubernetes---kb_961_Normalized.json,Kubernetes---kb_961_Normalized.json::test_00001,invalid,passed,False,True,correct_reject,0.838441,0.001191,0.000961,0.000211,27,5
Kubernetes---kb_961_Normalized.json,Kubernetes---kb_961_Normalized.json::test_00002,invalid,passed,False,True,correct_reject,0.838441,0.000248,1.3e-05,0.000223,32,4
Kubernetes---kb_962_Normalized.json,Kubernetes---kb_962_Normalized.json::test_00000,valid,passed,True,True,correct_accept,0.829694,0.065097,0.029908,0.03509,32,32
Kubernetes---kb_962_Normalized.json,Kubernetes---kb_962_Normalized.json::test_00001,invalid,passed,False,True,correct_reject,0.829694,0.001196,0.000962,0.000213,27,5
Kubernetes---kb_962_Normalized.json,Kubernetes---kb_962_Normalized.json::test_00002,invalid,passed,False,True,correct_reject,0.829694,0.053362,0.024793,0.028481,32,30
Kubernetes---kb_963_Normalized.json,Kubernetes---kb_963_Normalized.json::test_00000,valid,passed,True,True,correct_accept,1.05,0.097685,0.042675,0.054852,45,45
Kubernetes---kb_963_Normalized.json,Kubernetes---kb_963_Normalized.json::test_00001,invalid,passed,False,True,correct_reject,1.05,0.001266,0.001011,0.000236,43,5
Kubernetes---kb_963_Normalized.json,Kubernetes---kb_963_Normalized.json::test_00002,invalid,passed,False,True,correct_reject,1.05,0.016665,0.007656,0.008958,40,18
Kubernetes---kb_963_Normalized.json,Kubernetes---kb_963_Normalized.json::test_00003,invalid,passed,False,True,correct_reject,1.05,0.016677,0.007626,0.009007,39,17
Kubernetes---kb_963_Normalized.json,Kubernetes---kb_963_Normalized.json::test_00004,invalid,passed,False,True,correct_reject,1.05,0.000291,2.3e-05,0.00024,37,15
Kubernetes---kb_964_Normalized.json,Kubernetes---kb_964_Normalized.json::test_00000,valid,passed,True,True,correct_accept,1.04596,0.083769,0.038237,0.045394,45,45
Kubernetes---kb_964_Normalized.json,Kubernetes---kb_964_Normalized.json::test_00001,invalid,passed,False,True,correct_reject,1.04596,0.001202,0.000948,0.000236,43,5
Kubernetes---kb_964_Normalized.json,Kubernetes---kb_964_Normalized.json::test_00002,invalid,passed,False,True,correct_reject,1.04596,0.017589,0.007961,0.009582,40,18
Kubernetes---kb_964_Normalized.json,Kubernetes---kb_964_Normalized.json::test_00003,invalid,passed,False,True,correct_reject,1.04596,0.030494,0.012106,0.018319,39,17
Kubernetes---kb_965_Normalized.json,Kubernetes---kb_965_Normalized.json::test_00000,valid,passed,True,True,correct_accept,0.998549,0.080945,0.037125,0.043693,45,45
Kubernetes---kb_965_Normalized.json,Kubernetes---kb_965_Normalized.json::test_00001,invalid,passed,False,True,correct_reject,0.998549,0.001205,0.000953,0.000233,43,5
Kubernetes---kb_965_Normalized.json,Kubernetes---kb_965_Normalized.json::test_00002,invalid,passed,False,True,correct_reject,0.998549,0.017395,0.007909,0.009439,40,18
Kubernetes---kb_965_Normalized.json,Kubernetes---kb_965_Normalized.json::test_00003,invalid,passed,False,True,correct_reject,0.998549,0.016629,0.007651,0.008934,39,17
Kubernetes---kb_965_Normalized.json,Kubernetes---kb_965_Normalized.json::test_00004,valid,passed,True,True,correct_accept,0.998549,0.081304,0.037227,0.043948,45,45
Kubernetes---kb_965_Normalized.json,Kubernetes---kb_965_Normalized.json::test_00005,invalid,passed,False,True,correct_reject,0.998549,0.070371,0.033516,0.036739,43,42
Kubernetes---kb_966_Normalized.json,Kubernetes---kb_966_Normalized.json::test_00000,valid,passed,True,True,correct_accept,0.575336,0.066317,0.030499,0.035725,27,27
Kubernetes---kb_966_Normalized.json,Kubernetes---kb_966_Normalized.json::test_00001,invalid,passed,False,True,correct_reject,0.575336,0.001219,0.000964,0.000237,19,7
Kubernetes---kb_966_Normalized.json,Kubernetes---kb_966_Normalized.json::test_00002,invalid,passed,False,True,correct_reject,0.575336,0.000472,4.4e-05,0.000395,20,7
Kubernetes---kb_966_Normalized.json,Kubernetes---kb_966_Normalized.json::test_00003,invalid,passed,False,True,correct_reject,0.575336,0.000261,1.7e-05,0.000228,19,7
Kubernetes---kb_967_Normalized.json,Kubernetes---kb_967_Normalized.json::test_00000,valid,passed,True,True,correct_accept,0.569722,0.065504,0.029605,0.035798,27,27
Kubernetes---kb_967_Normalized.json,Kubernetes---kb_967_Normalized.json::test_00001,invalid,passed,False,True,correct_reject,0.569722,0.001217,0.000972,0.000223,19,7
Kubernetes---kb_967_Normalized.json,Kubernetes---kb_967_Normalized.json::test_00002,invalid,passed,False,True,correct_reject,0.569722,0.000259,3.3e-05,0.000209,21,7
Kubernetes---kb_968_Normalized.json,Kubernetes---kb_968_Normalized.json::test_00000,valid,passed,True,True,correct_accept,45.6376,0.104156,0.048459,0.055459,104,104
Kubernetes---kb_968_Normalized.json,Kubernetes---kb_968_Normalized.json::test_00001,valid,passed,True,True,correct_accept,45.6376,0.103479,0.04852,0.054715,115,115
Kubernetes---kb_968_Normalized.json,Kubernetes---kb_968_Normalized.json::test_00002,invalid,passed,False,True,correct_reject,45.6376,0.052817,0.024642,0.028047,108,53
Kubernetes---kb_968_Normalized.json,Kubernetes---kb_968_Normalized.json::test_00003,invalid,passed,False,True,correct_reject,45.6376,0.052845,0.024574,0.028143,125,53
Kubernetes---kb_969_Normalized.json,Kubernetes---kb_969_Normalized.json::test_00000,valid,passed,True,True,correct_accept,47.1915,0.126385,0.054882,0.071236,115,115
Kubernetes---kb_969_Normalized.json,Kubernetes---kb_969_Normalized.json::test_00001,valid,passed,True,True,correct_accept,47.1915,0.160343,0.07075,0.08928,147,147
Kubernetes---kb_96_Normalized.json,Kubernetes---kb_96_Normalized.json::test_00000,valid,passed,True,True,correct_accept,68.0572,0.112355,0.052171,0.059944,105,105
Kubernetes---kb_96_Normalized.json,Kubernetes---kb_96_Normalized.json::test_00001,invalid,passed,False,True,correct_reject,68.0572,0.000975,0.000949,6e-06,96,6
Kubernetes---kb_96_Normalized.json,Kubernetes---kb_96_Normalized.json::test_00002,valid,passed,True,True,correct_accept,68.0572,0.100008,0.045884,0.053908,97,97
Kubernetes---kb_970_Normalized.json,Kubernetes---kb_970_Normalized.json::test_00000,valid,failed,False,True,over_constraint,35.3599,0.024232,0.011374,0.012771,79,34
Kubernetes---kb_970_Normalized.json,Kubernetes---kb_970_Normalized.json::test_00001,invalid,passed,False,True,correct_reject,35.3599,0.024231,0.011316,0.012836,78,34
Kubernetes---kb_970_Normalized.json,Kubernetes---kb_970_Normalized.json::test_00002,valid,passed,True,True,correct_accept,35.3599,0.106136,0.049641,0.056267,95,95
Kubernetes---kb_970_Normalized.json,Kubernetes---kb_970_Normalized.json::test_00003,invalid,passed,False,True,correct_reject,35.3599,0.07854,0.034408,0.043952,96,54
Kubernetes---kb_970_Normalized.json,Kubernetes---kb_970_Normalized.json::test_00004,invalid,passed,False,True,correct_reject,35.3599,0.024422,0.011438,0.012906,106,34
Kubernetes---kb_971_Normalized.json,Kubernetes---kb_971_Normalized.json::test_00000,valid,failed,False,True,over_constraint,36.8542,0.037065,0.017439,0.019537,79,34
Kubernetes---kb_971_Normalized.json,Kubernetes---kb_971_Normalized.json::test_00001,invalid,passed,False,True,correct_reject,36.8542,0.052647,0.024603,0.027928,79,43
Kubernetes---kb_971_Normalized.json,Kubernetes---kb_971_Normalized.json::test_00002,invalid,passed,False,True,correct_reject,36.8542,0.036122,0.017119,0.018922,74,34
Kubernetes---kb_971_Normalized.json,Kubernetes---kb_971_Normalized.json::test_00003,valid,passed,True,True,correct_accept,36.8542,0.109353,0.0508,0.058337,89,89
Kubernetes---kb_971_Normalized.json,Kubernetes---kb_971_Normalized.json::test_00004,invalid,passed,False,True,correct_reject,36.8542,0.079501,0.036839,0.04252,86,54
Kubernetes---kb_971_Normalized.json,Kubernetes---kb_971_Normalized.json::test_00005,invalid,passed,False,True,correct_reject,36.8542,0.036096,0.016939,0.01907,85,34
Kubernetes---kb_972_Normalized.json,Kubernetes---kb_972_Normalized.json::test_00000,valid,passed,True,True,correct_accept,58.8523,0.687504,0.317611,0.368933,399,399
Kubernetes---kb_972_Normalized.json,Kubernetes---kb_972_Normalized.json::test_00001,invalid,passed,False,True,correct_reject,58.8523,0.612764,0.284404,0.327484,398,350
Kubernetes---kb_972_Normalized.json,Kubernetes---kb_972_Normalized.json::test_00002,invalid,passed,False,True,correct_reject,58.8523,2.9e-05,9e-06,4e-06,399,6
Kubernetes---kb_972_Normalized.json,Kubernetes---kb_972_Normalized.json::test_00003,invalid,passed,False,True,correct_reject,58.8523,0.026285,0.010403,0.015773,394,39
Kubernetes---kb_972_Normalized.json,Kubernetes---kb_972_Normalized.json::test_00004,valid,passed,True,True,correct_accept,58.8523,0.381965,0.174439,0.206952,205,205
Kubernetes---kb_972_Normalized.json,Kubernetes---kb_972_Normalized.json::test_00005,invalid,passed,False,True,correct_reject,58.8523,0.000957,0.000937,5e-06,203,5
Kubernetes---kb_972_Normalized.json,Kubernetes---kb_972_Normalized.json::test_00006,invalid,passed,False,True,correct_reject,58.8523,0.013407,0.006061,0.007267,200,39
Kubernetes---kb_973_Normalized.json,Kubernetes---kb_973_Normalized.json::test_00000,valid,passed,True,True,correct_accept,61.1327,0.800367,0.369139,0.430178,436,436
Kubernetes---kb_973_Normalized.json,Kubernetes---kb_973_Normalized.json::test_00001,invalid,passed,False,True,correct_reject,61.1327,0.00116,0.000966,0.000173,436,6
Kubernetes---kb_973_Normalized.json,Kubernetes---kb_973_Normalized.json::test_00002,invalid,passed,False,True,correct_reject,61.1327,0.000431,5.6e-05,0.000338,435,6
Kubernetes---kb_973_Normalized.json,Kubernetes---kb_973_Normalized.json::test_00003,invalid,passed,False,True,correct_reject,61.1327,0.025559,0.011807,0.013672,431,39
Kubernetes---kb_973_Normalized.json,Kubernetes---kb_973_Normalized.json::test_00004,valid,failed,False,True,over_constraint,61.1327,0.328089,0.151426,0.176163,526,199
Kubernetes---kb_974_Normalized.json,Kubernetes---kb_974_Normalized.json::test_00000,valid,passed,True,True,correct_accept,0.531707,0.025488,0.011115,0.014321,14,14
Kubernetes---kb_974_Normalized.json,Kubernetes---kb_974_Normalized.json::test_00001,invalid,passed,False,True,correct_reject,0.531707,0.001301,0.001048,0.000234,12,5
Kubernetes---kb_974_Normalized.json,Kubernetes---kb_974_Normalized.json::test_00002,invalid,passed,False,True,correct_reject,0.531707,0.000214,1.2e-05,0.000189,11,4
Kubernetes---kb_974_Normalized.json,Kubernetes---kb_974_Normalized.json::test_00003,invalid,passed,False,True,correct_reject,0.531707,0.000241,1.3e-05,0.000215,11,4
Kubernetes---kb_975_Normalized.json,Kubernetes---kb_975_Normalized.json::test_00000,valid,passed,True,True,correct_accept,0.541446,0.023839,0.010471,0.013313,14,14
Kubernetes---kb_975_Normalized.json,Kubernetes---kb_975_Normalized.json::test_00001,invalid,passed,False,True,correct_reject,0.541446,0.001254,0.001001,0.000234,12,5
Kubernetes---kb_975_Normalized.json,Kubernetes---kb_975_Normalized.json::test_00002,invalid,passed,False,True,correct_reject,0.541446,0.000246,1.3e-05,0.00022,11,4
Kubernetes---kb_975_Normalized.json,Kubernetes---kb_975_Normalized.json::test_00003,invalid,passed,False,True,correct_reject,0.541446,0.000284,2.6e-05,0.000239,11,10
Kubernetes---kb_976_Normalized.json,Kubernetes---kb_976_Normalized.json::test_00000,valid,passed,True,True,correct_accept,0.656314,0.0733,0.033283,0.039894,35,35
Kubernetes---kb_976_Normalized.json,Kubernetes---kb_976_Normalized.json::test_00001,invalid,passed,False,True,correct_reject,0.656314,0.001179,0.000926,0.000233,29,6
Kubernetes---kb_976_Normalized.json,Kubernetes---kb_976_Normalized.json::test_00002,invalid,passed,False,True,correct_reject,0.656314,0.000259,1.3e-05,0.000231,28,5
Kubernetes---kb_977_Normalized.json,Kubernetes---kb_977_Normalized.json::test_00000,valid,passed,True,True,correct_accept,0.677446,0.081992,0.036081,0.045775,35,35
Kubernetes---kb_977_Normalized.json,Kubernetes---kb_977_Normalized.json::test_00001,invalid,passed,False,True,correct_reject,0.677446,0.001253,0.001,0.000237,28,5
Kubernetes---kb_978_Normalized.json,Kubernetes---kb_978_Normalized.json::test_00000,valid,passed,True,True,correct_accept,63.9595,0.125048,0.055831,0.068938,118,118
Kubernetes---kb_979_Normalized.json,Kubernetes---kb_979_Normalized.json::test_00000,valid,passed,True,True,correct_accept,67.6712,0.164324,0.076311,0.087727,122,122
Kubernetes---kb_97_Normalized.json,Kubernetes---kb_97_Normalized.json::test_00000,valid,passed,True,True,correct_accept,66.8444,0.099497,0.045734,0.053547,97,97
Kubernetes---kb_97_Normalized.json,Kubernetes---kb_97_Normalized.json::test_00001,invalid,passed,False,True,correct_reject,66.8444,0.093018,0.043863,0.048967,95,84
Kubernetes---kb_97_Normalized.json,Kubernetes---kb_97_Normalized.json::test_00002,valid,passed,True,True,correct_accept,66.8444,0.327606,0.153201,0.173867,216,216
Kubernetes---kb_97_Normalized.json,Kubernetes---kb_97_Normalized.json::test_00003,invalid,passed,False,True,correct_reject,66.8444,0.334936,0.158708,0.175691,258,225
Kubernetes---kb_97_Normalized.json,Kubernetes---kb_97_Normalized.json::test_00004,invalid,passed,False,True,correct_reject,66.8444,0.120689,0.056818,0.06366,242,91
Kubernetes---kb_980_Normalized.json,Kubernetes---kb_980_Normalized.json::test_00000,valid,passed,True,True,correct_accept,1.08042,0.040727,0.016912,0.023687,42,42
Kubernetes---kb_980_Normalized.json,Kubernetes---kb_980_Normalized.json::test_00001,valid,passed,True,True,correct_accept,1.08042,0.01691,0.007732,0.009098,35,35
Kubernetes---kb_980_Normalized.json,Kubernetes---kb_980_Normalized.json::test_00002,invalid,passed,False,True,correct_reject,1.08042,0.000278,2.4e-05,0.000242,35,4
Kubernetes---kb_981_Normalized.json,Kubernetes---kb_981_Normalized.json::test_00000,valid,passed,True,True,correct_accept,1.07697,0.025174,0.011461,0.013618,41,41
Kubernetes---kb_981_Normalized.json,Kubernetes---kb_981_Normalized.json::test_00001,valid,passed,True,True,correct_accept,1.07697,0.018501,0.00836,0.01006,35,35
Kubernetes---kb_981_Normalized.json,Kubernetes---kb_981_Normalized.json::test_00002,invalid,passed,False,True,correct_reject,1.07697,0.000243,2.4e-05,0.000205,33,4
Kubernetes---kb_981_Normalized.json,Kubernetes---kb_981_Normalized.json::test_00003,invalid,passed,False,True,correct_reject,1.07697,0.009405,0.004203,0.00516,43,18
Kubernetes---kb_982_Normalized.json,Kubernetes---kb_982_Normalized.json::test_00000,valid,passed,True,True,correct_accept,0.748242,0.041451,0.019221,0.022143,29,29
Kubernetes---kb_982_Normalized.json,Kubernetes---kb_982_Normalized.json::test_00001,invalid,passed,False,True,correct_reject,0.748242,0.000233,2.3e-05,0.000192,28,5
Kubernetes---kb_982_Normalized.json,Kubernetes---kb_982_Normalized.json::test_00002,invalid,passed,False,True,correct_reject,0.748242,0.00021,1.2e-05,0.000184,27,4
Kubernetes---kb_982_Normalized.json,Kubernetes---kb_982_Normalized.json::test_00003,valid,passed,True,True,correct_accept,0.748242,0.042311,0.019642,0.022593,29,29
Kubernetes---kb_982_Normalized.json,Kubernetes---kb_982_Normalized.json::test_00004,invalid,passed,False,True,correct_reject,0.748242,0.000263,1.8e-05,0.000233,27,4
Kubernetes---kb_983_Normalized.json,Kubernetes---kb_983_Normalized.json::test_00000,valid,passed,True,True,correct_accept,0.754137,0.033587,0.015498,0.018014,27,27
Kubernetes---kb_983_Normalized.json,Kubernetes---kb_983_Normalized.json::test_00001,invalid,passed,False,True,correct_reject,0.754137,0.000258,1.7e-05,0.000226,25,4
Kubernetes---kb_983_Normalized.json,Kubernetes---kb_983_Normalized.json::test_00002,valid,passed,True,True,correct_accept,0.754137,0.04127,0.017843,0.023341,27,27
Kubernetes---kb_983_Normalized.json,Kubernetes---kb_983_Normalized.json::test_00003,invalid,passed,False,True,correct_reject,0.754137,0.000253,1.9e-05,0.000221,25,4
Kubernetes---kb_984_Normalized.json,Kubernetes---kb_984_Normalized.json::test_00000,valid,passed,True,True,correct_accept,0.796297,0.032405,0.015173,0.017155,27,27
Kubernetes---kb_984_Normalized.json,Kubernetes---kb_984_Normalized.json::test_00001,invalid,passed,False,True,correct_reject,0.796297,0.000264,2.4e-05,0.000225,27,5
Kubernetes---kb_984_Normalized.json,Kubernetes---kb_984_Normalized.json::test_00002,invalid,passed,False,True,correct_reject,0.796297,0.000247,1.1e-05,0.000222,25,4
Kubernetes---kb_984_Normalized.json,Kubernetes---kb_984_Normalized.json::test_00003,valid,passed,True,True,correct_accept,0.796297,0.042162,0.019623,0.022464,29,29
Kubernetes---kb_984_Normalized.json,Kubernetes---kb_984_Normalized.json::test_00004,invalid,passed,False,True,correct_reject,0.796297,0.000256,1.9e-05,0.000224,27,4
Kubernetes---kb_985_Normalized.json,Kubernetes---kb_985_Normalized.json::test_00000,valid,passed,True,True,correct_accept,0.763884,0.042346,0.019195,0.023059,29,29
Kubernetes---kb_985_Normalized.json,Kubernetes---kb_985_Normalized.json::test_00001,invalid,passed,False,True,correct_reject,0.763884,0.000262,2e-05,0.000228,27,4
Kubernetes---kb_986_Normalized.json,Kubernetes---kb_986_Normalized.json::test_00000,valid,passed,True,True,correct_accept,0.612782,0.032518,0.013083,0.01934,20,20
Kubernetes---kb_986_Normalized.json,Kubernetes---kb_986_Normalized.json::test_00001,invalid,passed,False,True,correct_reject,0.612782,0.000251,2.3e-05,0.000211,19,5
Kubernetes---kb_986_Normalized.json,Kubernetes---kb_986_Normalized.json::test_00002,invalid,passed,False,True,correct_reject,0.612782,0.000238,1.3e-05,0.00021,18,4
Kubernetes---kb_987_Normalized.json,Kubernetes---kb_987_Normalized.json::test_00000,valid,passed,True,True,correct_accept,0.62555,0.022222,0.010093,0.012065,20,20
Kubernetes---kb_987_Normalized.json,Kubernetes---kb_987_Normalized.json::test_00001,invalid,passed,False,True,correct_reject,0.62555,0.000254,1.8e-05,0.000223,18,4
Kubernetes---kb_987_Normalized.json,Kubernetes---kb_987_Normalized.json::test_00002,invalid,passed,False,True,correct_reject,0.62555,0.000255,1.9e-05,0.000221,19,5
Kubernetes---kb_988_Normalized.json,Kubernetes---kb_988_Normalized.json::test_00000,valid,passed,True,True,correct_accept,0.786387,0.032642,0.01527,0.017292,27,27
Kubernetes---kb_988_Normalized.json,Kubernetes---kb_988_Normalized.json::test_00001,invalid,passed,False,True,correct_reject,0.786387,0.000666,8.4e-05,0.00054,26,5
Kubernetes---kb_988_Normalized.json,Kubernetes---kb_988_Normalized.json::test_00002,invalid,passed,False,True,correct_reject,0.786387,0.00024,2.5e-05,0.000201,25,4
Kubernetes---kb_988_Normalized.json,Kubernetes---kb_988_Normalized.json::test_00003,valid,passed,True,True,correct_accept,0.786387,0.046571,0.019703,0.026769,27,27
Kubernetes---kb_988_Normalized.json,Kubernetes---kb_988_Normalized.json::test_00004,invalid,passed,False,True,correct_reject,0.786387,0.000231,1.9e-05,0.000198,25,4
Kubernetes---kb_989_Normalized.json,Kubernetes---kb_989_Normalized.json::test_00000,valid,passed,True,True,correct_accept,0.629762,0.021457,0.009679,0.011717,20,20
Kubernetes---kb_989_Normalized.json,Kubernetes---kb_989_Normalized.json::test_00001,invalid,passed,False,True,correct_reject,0.629762,0.000234,2e-05,0.000198,18,4
Kubernetes---kb_98_Normalized.json,Kubernetes---kb_98_Normalized.json::test_00000,valid,passed,True,True,correct_accept,65.4728,0.203487,0.094719,0.10846,111,111
Kubernetes---kb_98_Normalized.json,Kubernetes---kb_98_Normalized.json::test_00001,invalid,passed,False,True,correct_reject,65.4728,0.001158,0.000964,0.000174,102,6
Kubernetes---kb_98_Normalized.json,Kubernetes---kb_98_Normalized.json::test_00002,invalid,passed,False,True,correct_reject,65.4728,0.129002,0.060095,0.068714,105,71
Kubernetes---kb_98_Normalized.json,Kubernetes---kb_98_Normalized.json::test_00003,invalid,passed,False,True,correct_reject,65.4728,0.001205,0.00101,0.000175,101,6
Kubernetes---kb_98_Normalized.json,Kubernetes---kb_98_Normalized.json::test_00004,invalid,passed,False,True,correct_reject,65.4728,0.061145,0.027151,0.033901,111,25
Kubernetes---kb_98_Normalized.json,Kubernetes---kb_98_Normalized.json::test_00005,invalid,passed,False,True,correct_reject,65.4728,0.096508,0.045699,0.050669,89,52
Kubernetes---kb_990_Normalized.json,Kubernetes---kb_990_Normalized.json::test_00000,valid,passed,True,True,correct_accept,5.39567,0.303943,0.139989,0.163419,240,240
Kubernetes---kb_990_Normalized.json,Kubernetes---kb_990_Normalized.json::test_00001,valid,passed,True,True,correct_accept,5.39567,0.305861,0.141402,0.163919,246,246
Kubernetes---kb_990_Normalized.json,Kubernetes---kb_990_Normalized.json::test_00002,invalid,passed,False,True,correct_reject,5.39567,0.268453,0.125256,0.14264,288,258
Kubernetes---kb_991_Normalized.json,Kubernetes---kb_991_Normalized.json::test_00000,valid,passed,True,True,correct_accept,5.2649,0.379268,0.174991,0.203678,266,266
Kubernetes---kb_991_Normalized.json,Kubernetes---kb_991_Normalized.json::test_00001,valid,passed,True,True,correct_accept,5.2649,0.388292,0.179396,0.208271,268,268
Kubernetes---kb_991_Normalized.json,Kubernetes---kb_991_Normalized.json::test_00002,invalid,passed,False,True,correct_reject,5.2649,0.26217,0.121345,0.140441,271,151
Kubernetes---kb_991_Normalized.json,Kubernetes---kb_991_Normalized.json::test_00003,invalid,passed,False,True,correct_reject,5.2649,0.257016,0.118008,0.138654,255,136
Kubernetes---kb_992_Normalized.json,Kubernetes---kb_992_Normalized.json::test_00000,valid,passed,True,True,correct_accept,0.980762,0.09036,0.041803,0.048417,48,48
Kubernetes---kb_992_Normalized.json,Kubernetes---kb_992_Normalized.json::test_00001,invalid,passed,False,True,correct_reject,0.980762,0.012445,0.005708,0.006687,44,20
Kubernetes---kb_992_Normalized.json,Kubernetes---kb_992_Normalized.json::test_00002,invalid,passed,False,True,correct_reject,0.980762,0.000256,1.3e-05,0.000217,46,12
Kubernetes---kb_993_Normalized.json,Kubernetes---kb_993_Normalized.json::test_00000,valid,passed,True,True,correct_accept,0.979311,0.048317,0.022638,0.025591,29,29
Kubernetes---kb_993_Normalized.json,Kubernetes---kb_993_Normalized.json::test_00001,invalid,passed,False,True,correct_reject,0.979311,0.00027,1.4e-05,0.000228,28,13
Kubernetes---kb_993_Normalized.json,Kubernetes---kb_993_Normalized.json::test_00002,valid,passed,True,True,correct_accept,0.979311,0.096065,0.04588,0.050044,48,48
Kubernetes---kb_994_Normalized.json,Kubernetes---kb_994_Normalized.json::test_00000,valid,passed,True,True,correct_accept,0.441634,0.000415,6.3e-05,0.00032,12,12
Kubernetes---kb_995_Normalized.json,Kubernetes---kb_995_Normalized.json::test_00000,valid,passed,True,True,correct_accept,0.424704,0.000388,6e-05,0.000295,12,12
Kubernetes---kb_995_Normalized.json,Kubernetes---kb_995_Normalized.json::test_00001,valid,passed,True,True,correct_accept,0.424704,0.000388,6.7e-05,0.000292,12,12
Kubernetes---kb_996_Normalized.json,Kubernetes---kb_996_Normalized.json::test_00000,valid,failed,False,True,over_constraint,93.6303,0.160188,0.074666,0.085218,164,130
Kubernetes---kb_996_Normalized.json,Kubernetes---kb_996_Normalized.json::test_00001,valid,passed,True,True,correct_accept,93.6303,0.11624,0.053523,0.062442,127,127
Kubernetes---kb_999_Normalized.json,Kubernetes---kb_999_Normalized.json::test_00000,valid,failed,False,True,over_constraint,96.4544,0.118355,0.055337,0.062769,139,105
Kubernetes---kb_999_Normalized.json,Kubernetes---kb_999_Normalized.json::test_00001,valid,passed,True,True,correct_accept,96.4544,0.127075,0.058924,0.06787,122,122
Kubernetes---kb_99_Normalized.json,Kubernetes---kb_99_Normalized.json::test_00000,valid,passed,True,True,correct_accept,0.835686,0.065571,0.027655,0.037809,31,31
Kubernetes---kb_99_Normalized.json,Kubernetes---kb_99_Normalized.json::test_00001,invalid,passed,False,True,correct_reject,0.835686,0.001205,0.00095,0.000236,30,5
Kubernetes---kb_99_Normalized.json,Kubernetes---kb_99_Normalized.json::test_00002,valid,passed,True,True,correct_accept,0.835686,0.042774,0.018101,0.0246,27,27
Kubernetes---kb_99_Normalized.json,Kubernetes---kb_99_Normalized.json::test_00003,invalid,passed,False,True,correct_reject,0.835686,0.000958,0.000942,5e-06,28,2
Kubernetes---kb_9_Normalized.json,Kubernetes---kb_9_Normalized.json::test_00000,valid,passed,True,True,correct_accept,0.36745,0.017047,0.007586,0.009422,8,8
Kubernetes---kb_9_Normalized.json,Kubernetes---kb_9_Normalized.json::test_00001,invalid,passed,False,True,correct_reject,0.36745,0.001299,0.00106,0.000216,6,5
