dataset_id,framework_id,schema_id,n_tests,n_valid_tests,n_invalid_tests,n_valid_completed,n_invalid_completed,n_completed,n_timeout,timeout_status,timeout_stage,timeout_elapsed_s,compile_grammar_s,validation_loop_mean_s,compute_mask_mean_s,commit_token_mean_s,schema_file_bytes,schema_json_chars,mean_instance_json_chars,mean_num_tokens,max_num_tokens,n_correct_accept,n_correct_reject,n_under_constraint,n_over_constraint,under_rate,over_rate,timeout_rate,coverage_rate,accuracy_completed,permissive_score,has_additionalProperties,has_allOf,has_anchor,has_anyOf,has_boolean_schema,has_const,has_contains,has_content,has_default,has_defs,has_dependentRequired,has_dependentSchemas,has_dynamicRef,has_enum,has_exclusiveMaximum,has_exclusiveMinimum,has_if_then_else,has_infinite_loop_detection,has_items,has_maxContains,has_maxItems,has_maxLength,has_maxProperties,has_maximum,has_minContains,has_minItems,has_minLength,has_minProperties,has_minimum,has_multipleOf,has_not,has_oneOf,has_pattern,has_patternProperties,has_prefixItems,has_properties,has_propertyNames,has_ref,has_required,has_type,has_unevaluatedItems,has_unevaluatedProperties,has_uniqueItems,nb_keywords,nb_properties,nb_required,schema_depth,nb_branches_combinators,nb_enum_values,nb_regex,large_enum,many_required,many_properties,deep_schema
Kubernetes,xgr,Kubernetes---kb_0_Normalized.json,3,2,1,2,1,3,0,completed,,,8.22803,0.020456,0.019735,0.000239,24836,12907,1167.67,310,313,2,1,0,0,0,0,0,1,1,0,true,false,false,false,false,false,false,false,false,true,false,false,false,false,false,false,false,false,true,false,false,false,false,false,false,false,false,false,false,false,false,false,false,false,false,true,false,true,true,true,false,false,false,127,27,10,5,0,0,0,false,true,true,false
Kubernetes,xgr,Kubernetes---kb_1000_Normalized.json,4,2,2,2,2,4,0,completed,,,1.1641,0.007772,0.007623,5.225e-05,3929,1130,151.75,51.75,57,2,2,0,0,0,0,0,1,1,0,false,false,false,false,false,false,false,false,false,true,false,false,false,false,false,false,false,false,false,false,false,false,false,false,false,false,false,false,false,false,false,false,false,false,false,true,false,true,true,true,false,false,false,18,5,2,4,0,0,0,false,false,false,false
Kubernetes,xgr,Kubernetes---kb_1001_Normalized.json,7,2,5,2,5,7,0,completed,,,1.26442,0.00653457,0.00640529,4.91429e-05,6220,1130,155.714,49.7143,53,2,5,0,0,0,0,0,1,1,0,false,false,false,false,false,false,false,false,false,true,false,false,false,false,false,false,false,false,false,false,false,false,false,false,false,false,false,false,false,false,false,false,false,false,false,true,false,true,true,true,false,false,false,18,5,2,4,0,0,0,false,false,false,false
Kubernetes,xgr,Kubernetes---kb_1002_Normalized.json,6,2,4,2,4,6,0,completed,,,1.13114,0.0039845,0.00388867,3.5e-05,5482,1130,146.833,49.1667,58,2,4,0,0,0,0,0,1,1,0,false,false,false,false,false,false,false,false,false,true,false,false,false,false,false,false,false,false,false,false,false,false,false,false,false,false,false,false,false,false,false,false,false,false,false,true,false,true,true,true,false,false,false,18,5,2,4,0,0,0,false,false,false,false
Kubernetes,xgr,Kubernetes---kb_1003_Normalized.json,4,2,2,2,2,4,0,completed,,,1.14284,0.006784,0.00661275,6.7e-05,3924,1130,144.25,49.5,52,2,2,0,0,0,0,0,1,1,0,false,false,false,false,false,false,false,false,false,true,false,false,false,false,false,false,false,false,false,false,false,false,false,false,false,false,false,false,false,false,false,false,false,false,false,true,false,true,true,true,false,false,false,18,5,2,4,0,0,0,false,false,false,false
Kubernetes,xgr,Kubernetes---kb_1008_Normalized.json,2,2,0,2,0,2,0,completed,,,69.415,0.0182685,0.0176385,0.0002735,191635,153666,541,153.5,158,2,0,0,0,0,0,0,1,1,0,true,false,false,false,false,false,false,false,false,true,false,false,false,true,false,false,false,false,true,false,false,false,false,false,false,false,false,false,false,false,false,true,false,false,false,true,false,true,true,true,false,false,false,1483,453,80,6,4,1,0,false,true,true,false
Kubernetes,xgr,Kubernetes---kb_100_Normalized.json,5,2,3,2,3,5,0,completed,,,1.20021,0.0038058,0.0037146,4.2e-05,3831,669,106.8,28.4,31,2,3,0,0,0,0,0,1,1,0,false,false,false,false,false,false,false,false,false,false,false,false,false,false,false,false,false,false,false,false,false,false,false,false,false,false,false,false,false,false,false,false,false,false,false,true,false,false,true,true,false,false,false,12,4,2,4,0,0,0,false,false,false,false
Kubernetes,xgr,Kubernetes---kb_1011_Normalized.json,2,2,0,2,0,2,0,completed,,,80.5446,0.01895,0.018289,0.000293,191614,153666,530.5,154,159,2,0,0,0,0,0,0,1,1,0,true,false,false,false,false,false,false,false,false,true,false,false,false,true,false,false,false,false,true,false,false,false,false,false,false,false,false,false,false,false,false,true,false,false,false,true,false,true,true,true,false,false,false,1483,453,80,6,4,1,0,false,true,true,false
Kubernetes,xgr,Kubernetes---kb_1012_Normalized.json,9,2,7,2,7,9,0,completed,,,4.00831,0.016672,0.0164053,0.000105667,16169,3365,422.889,137.556,182,2,7,0,0,0,0,0,1,1,0,false,false,false,false,false,false,false,false,false,true,false,false,false,false,false,false,false,false,true,false,false,false,false,false,false,false,false,false,false,false,false,false,false,false,false,true,false,true,true,true,false,false,false,50,14,3,4,0,0,0,false,false,true,false
Kubernetes,xgr,Kubernetes---kb_1015_Normalized.json,8,2,6,2,6,8,0,completed,,,3.4783,0.0229231,0.0225475,0.00013675,17406,3365,534.375,178.25,219,2,6,0,0,0,0,0,1,1,0,false,false,false,false,false,false,false,false,false,true,false,false,false,false,false,false,false,false,true,false,false,false,false,false,false,false,false,false,false,false,false,false,false,false,false,true,false,true,true,true,false,false,false,50,14,3,4,0,0,0,false,false,true,false
Kubernetes,xgr,Kubernetes---kb_1016_Normalized.json,5,2,3,2,3,5,0,completed,,,1.10584,0.0001996,0.0001704,9.8e-06,4100,1102,56,17.2,18,1,3,0,1,0,0.5,0,1,0.8,-0.5,false,false,false,false,false,false,false,false,false,true,false,false,false,false,false,false,false,false,false,false,false,false,false,false,false,false,false,false,false,false,false,false,false,false,false,true,false,true,false,true,false,false,false,14,3,0,4,0,0,0,false,false,false,false
Kubernetes,xgr,Kubernetes---kb_1019_Normalized.json,4,2,2,2,2,4,0,completed,,,1.2207,0.000294,0.00024875,1.5e-05,3478,1102,58.25,17.5,18,1,2,0,1,0,0.5,0,1,0.75,-0.5,false,false,false,false,false,false,false,false,false,true,false,false,false,false,false,false,false,false,false,false,false,false,false,false,false,false,false,false,false,false,false,false,false,false,false,true,false,true,false,true,false,false,false,14,3,0,4,0,0,0,false,false,false,false
Kubernetes,xgr,Kubernetes---kb_101_Normalized.json,8,2,6,2,6,8,0,completed,,,6.14023,0.00112475,0.0010155,3.9625e-05,26369,15430,288.125,78.5,95,1,6,0,1,0,0.5,0,1,0.875,-0.5,true,false,false,false,false,false,false,false,false,true,false,false,false,true,false,false,false,false,true,false,false,false,false,false,false,false,false,false,false,false,false,false,false,false,false,true,false,true,true,true,false,false,false,120,36,6,5,0,2,0,false,true,true,false
Kubernetes,xgr,Kubernetes---kb_1020_Normalized.json,10,2,8,2,8,10,0,completed,,,5.51654,0.001311,0.0011444,6.32e-05,23393,7682,546.4,158.6,164,2,8,0,0,0,0,0,1,1,0,false,false,false,false,false,false,false,false,false,true,false,false,false,true,false,false,false,false,true,false,false,false,false,false,false,false,false,false,false,false,false,false,false,false,false,true,false,true,false,true,false,false,false,66,21,0,5,0,2,0,false,false,true,false
Kubernetes,xgr,Kubernetes---kb_1021_Normalized.json,8,2,6,2,6,8,0,completed,,,4.94389,0.00195175,0.00175075,6.3625e-05,20851,7668,482.125,144.375,215,2,6,0,0,0,0,0,1,1,0,false,false,false,false,false,false,false,false,false,true,false,false,false,true,false,false,false,false,true,false,false,false,false,false,false,false,false,false,false,false,false,false,false,false,false,true,false,true,false,true,false,false,false,65,21,0,5,0,1,0,false,false,true,false
Kubernetes,xgr,Kubernetes---kb_1022_Normalized.json,5,2,3,2,3,5,0,completed,,,1.28924,0.0006502,0.0005834,2.56e-05,5645,974,101.4,26.4,32,2,3,0,0,0,0,0,1,1,0,false,false,false,false,false,false,false,false,false,false,false,false,false,false,false,false,false,false,false,false,false,false,false,false,false,false,false,false,false,false,false,false,false,false,false,true,false,false,false,true,false,false,false,9,3,0,4,0,0,0,false,false,false,false
Kubernetes,xgr,Kubernetes---kb_1023_Normalized.json,5,2,3,2,3,5,0,completed,,,1.27406,0.0007742,0.0006942,3.72e-05,5728,974,117,30.6,35,2,3,0,0,0,0,0,1,1,0,false,false,false,false,false,false,false,false,false,false,false,false,false,false,false,false,false,false,false,false,false,false,false,false,false,false,false,false,false,false,false,false,false,false,false,true,false,false,false,true,false,false,false,9,3,0,4,0,0,0,false,false,false,false
Kubernetes,xgr,Kubernetes---kb_1024_Normalized.json,7,2,5,2,5,7,0,completed,,,2.45035,0.00219057,0.001981,8.17143e-05,10572,2916,275.571,91.7143,105,2,5,0,0,0,0,0,1,1,0,false,false,false,false,false,false,false,false,false,true,false,false,false,false,false,false,false,false,true,false,false,false,false,false,false,false,false,false,false,false,false,false,false,false,false,true,false,true,false,true,false,false,false,28,9,0,4,0,0,0,false,false,false,false
Kubernetes,xgr,Kubernetes---kb_1025_Normalized.json,7,2,5,2,5,7,0,completed,,,1.9798,0.001395,0.00125,4.41429e-05,10777,2916,299.571,95.4286,133,2,5,0,0,0,0,0,1,1,0,false,false,false,false,false,false,false,false,false,true,false,false,false,false,false,false,false,false,true,false,false,false,false,false,false,false,false,false,false,false,false,false,false,false,false,true,false,true,false,true,false,false,false,28,9,0,4,0,0,0,false,false,false,false
Kubernetes,xgr,Kubernetes---kb_1026_Normalized.json,9,2,7,2,7,9,0,completed,,,8.82316,0.000530778,0.000472778,2.32222e-05,31690,17538,441.222,127.778,169,0,7,0,2,0,1,0,1,0.777778,-1,true,false,false,false,false,false,false,false,false,true,false,false,false,true,false,false,false,false,true,false,false,false,false,false,false,false,false,false,false,false,false,false,false,false,false,true,false,true,true,true,false,false,false,140,41,7,5,0,2,0,false,true,true,false
Kubernetes,xgr,Kubernetes---kb_1027_Normalized.json,8,2,6,2,6,8,0,completed,,,9.90221,0.00101238,0.0009405,2.55e-05,34743,17548,735.25,205.875,654,0,6,0,2,0,1,0,1,0.75,-1,true,false,false,false,false,false,false,false,false,true,false,false,false,true,false,false,false,false,true,false,false,false,false,false,false,false,false,false,false,false,false,false,false,false,false,true,false,true,true,true,false,false,false,140,41,7,5,0,2,0,false,true,true,false
Kubernetes,xgr,Kubernetes---kb_1028_Normalized.json,9,2,7,2,7,9,0,completed,,,9.92706,0.0126622,0.0124079,0.000109444,31709,17514,422.667,126.111,150,1,7,0,1,0,0.5,0,1,0.888889,-0.5,true,false,false,false,false,false,false,false,false,true,false,false,false,true,false,false,false,false,true,false,false,false,false,false,false,false,false,false,false,false,false,false,false,false,false,true,false,true,true,true,false,false,false,139,41,7,5,0,1,0,false,true,true,false
Kubernetes,xgr,Kubernetes---kb_1029_Normalized.json,7,2,5,2,5,7,0,completed,,,11.2277,0.000134571,8.27143e-05,1.94286e-05,37592,21373,610.286,183,288,0,5,0,2,0,1,0,1,0.714286,-1,true,false,false,false,false,false,false,false,false,true,false,false,false,true,false,false,false,false,true,false,false,false,false,false,false,false,false,false,false,false,false,false,false,false,false,true,false,true,true,true,false,false,false,171,49,8,6,0,3,0,false,true,true,false
Kubernetes,xgr,Kubernetes---kb_102_Normalized.json,5,2,3,2,3,5,0,completed,,,9.00117,0.0021146,0.0019948,4.06e-05,22729,15416,249.2,68,78,1,3,0,1,0,0.5,0,1,0.8,-0.5,true,false,false,false,false,false,false,false,false,true,false,false,false,true,false,false,false,false,true,false,false,false,false,false,false,false,false,false,false,false,false,false,false,false,false,true,false,true,true,true,false,false,false,119,36,6,5,0,1,0,false,true,true,false
Kubernetes,xgr,Kubernetes---kb_1030_Normalized.json,7,2,5,2,5,7,0,completed,,,11.0743,0.000137286,8.55714e-05,1.92857e-05,37744,21398,599,182.857,236,0,5,0,2,0,1,0,1,0.714286,-1,true,false,false,false,false,false,false,false,false,true,false,false,false,true,false,false,false,false,true,false,false,false,false,false,false,false,false,false,false,false,false,false,false,false,false,true,false,true,true,true,false,false,false,171,49,8,6,0,3,0,false,true,true,false
Kubernetes,xgr,Kubernetes---kb_1031_Normalized.json,5,1,4,1,4,5,0,completed,,,11.2487,0.016437,0.016137,0.0001224,32087,21364,360,111.4,112,0,4,0,1,0,1,0,1,0.8,-1,true,false,false,false,false,false,false,false,false,true,false,false,false,true,false,false,false,false,true,false,false,false,false,false,false,false,false,false,false,false,false,false,false,false,false,true,false,true,true,true,false,false,false,170,49,8,6,0,2,0,false,true,true,false
Kubernetes,xgr,Kubernetes---kb_1032_Normalized.json,4,1,3,1,3,4,0,completed,,,3.13969,0.000573,0.00049175,2.65e-05,7842,3253,255.75,75.75,76,1,3,0,0,0,0,0,1,1,0,false,false,false,false,false,false,false,false,false,true,false,false,false,false,false,false,false,false,false,false,false,false,false,false,false,false,false,false,false,false,false,false,false,false,false,true,false,true,false,true,false,false,false,31,12,0,4,0,0,0,false,false,true,false
Kubernetes,xgr,Kubernetes---kb_1033_Normalized.json,5,2,3,2,3,5,0,completed,,,3.1781,0.0011202,0.0009782,5.08e-05,10262,3253,475.2,137.6,380,2,3,0,0,0,0,0,1,1,0,false,false,false,false,false,false,false,false,false,true,false,false,false,false,false,false,false,false,false,false,false,false,false,false,false,false,false,false,false,false,false,false,false,false,false,true,false,true,false,true,false,false,false,31,12,0,4,0,0,0,false,false,true,false
Kubernetes,xgr,Kubernetes---kb_1034_Normalized.json,4,1,3,1,3,4,0,completed,,,1.59677,0.000382,0.0003185,2.1e-05,5427,1857,135,39.5,41,1,3,0,0,0,0,0,1,1,0,false,false,false,false,false,false,false,false,false,true,false,false,false,false,false,false,false,false,false,false,false,false,false,false,false,false,false,false,false,false,false,false,false,false,false,true,false,true,false,true,false,false,false,19,6,0,4,0,0,0,false,false,false,false
Kubernetes,xgr,Kubernetes---kb_1035_Normalized.json,5,2,3,2,3,5,0,completed,,,1.51896,0.0003748,0.0003184,1.34e-05,5811,1857,141.6,40.8,42,2,3,0,0,0,0,0,1,1,0,false,false,false,false,false,false,false,false,false,true,false,false,false,false,false,false,false,false,false,false,false,false,false,false,false,false,false,false,false,false,false,false,false,false,false,true,false,true,false,true,false,false,false,19,6,0,4,0,0,0,false,false,false,false
Kubernetes,xgr,Kubernetes---kb_1036_Normalized.json,5,2,3,2,3,5,0,completed,,,1.42882,0.0001696,0.0001354,9.8e-06,5349,2259,40.2,15,15,2,3,0,0,0,0,0,1,1,0,false,false,false,false,false,false,false,false,false,true,false,false,false,false,false,false,false,false,false,false,false,false,false,false,false,false,false,false,false,false,false,false,false,false,false,true,false,true,true,true,false,false,false,36,8,5,4,0,0,0,false,true,false,false
Kubernetes,xgr,Kubernetes---kb_1037_Normalized.json,4,1,3,1,3,4,0,completed,,,0.984158,0.0020095,0.00194625,1.825e-05,4653,1073,84.5,28.25,32,1,3,0,0,0,0,0,1,1,0,false,false,false,false,false,false,false,false,false,false,false,false,false,false,false,false,false,false,false,false,false,false,false,false,false,false,false,false,false,false,false,false,false,false,false,true,false,false,true,true,false,false,false,12,4,2,4,0,0,0,false,false,false,false
Kubernetes,xgr,Kubernetes---kb_1038_Normalized.json,3,1,2,1,2,3,0,completed,,,0.986525,0.001023,0.000976667,1.33333e-05,3748,1100,99.3333,35.6667,45,1,2,0,0,0,0,0,1,1,0,false,false,false,false,false,false,false,false,false,false,false,false,false,false,false,false,false,false,false,false,false,false,false,false,false,false,false,false,false,false,false,false,false,false,false,true,false,false,true,true,false,false,false,12,4,2,4,0,0,0,false,false,false,false
Kubernetes,xgr,Kubernetes---kb_1039_Normalized.json,3,1,2,1,2,3,0,completed,,,1.32433,0.00319633,0.00309133,4e-05,3298,1073,85.6667,29.3333,32,1,2,0,0,0,0,0,1,1,0,false,false,false,false,false,false,false,false,false,false,false,false,false,false,false,false,false,false,false,false,false,false,false,false,false,false,false,false,false,false,false,false,false,false,false,true,false,false,true,true,false,false,false,12,4,2,4,0,0,0,false,false,false,false
Kubernetes,xgr,Kubernetes---kb_103_Normalized.json,4,1,3,1,3,4,0,completed,,,7.56578,0.00376075,0.003509,8.025e-05,29166,19362,397,114.25,116,1,3,0,0,0,0,0,1,1,0,true,false,false,false,false,false,false,false,false,true,false,false,false,true,false,false,false,false,true,false,false,false,false,false,false,false,false,false,false,false,false,false,false,false,false,true,false,true,true,true,false,false,false,151,44,7,6,0,3,0,false,true,true,false
Kubernetes,xgr,Kubernetes---kb_1040_Normalized.json,4,1,3,1,3,4,0,completed,,,0.922374,0.0021415,0.0020635,2.3e-05,4113,1073,88,30.25,33,1,3,0,0,0,0,0,1,1,0,false,false,false,false,false,false,false,false,false,false,false,false,false,false,false,false,false,false,false,false,false,false,false,false,false,false,false,false,false,false,false,false,false,false,false,true,false,false,true,true,false,false,false,12,4,2,4,0,0,0,false,false,false,false
Kubernetes,xgr,Kubernetes---kb_1041_Normalized.json,8,2,6,2,6,8,0,completed,,,9.06856,0.000124375,7.8125e-05,1.7875e-05,33807,19182,532.625,156.5,204,0,6,0,2,0,1,0,1,0.75,-1,true,false,false,false,false,false,false,false,false,true,false,false,false,true,false,false,false,false,true,false,false,false,false,false,false,false,false,false,false,false,false,false,false,false,false,true,false,true,true,true,false,false,false,163,52,6,6,0,2,0,false,true,true,false
Kubernetes,xgr,Kubernetes---kb_1042_Normalized.json,4,1,3,1,3,4,0,completed,,,9.17409,9.95e-05,6.175e-05,1.325e-05,29235,19230,625.25,178.5,187,0,3,0,1,0,1,0,1,0.75,-1,true,false,false,false,false,false,false,false,false,true,false,false,false,true,false,false,false,false,true,false,false,false,false,false,false,false,false,false,false,false,false,false,false,false,false,true,false,true,true,true,false,false,false,163,52,6,6,0,2,0,false,true,true,false
Kubernetes,xgr,Kubernetes---kb_1043_Normalized.json,4,2,2,2,2,4,0,completed,,,8.92641,0.0103372,0.0100115,0.0001205,27580,19190,431.75,120.5,125,2,2,0,0,0,0,0,1,1,0,true,false,false,false,false,false,false,false,false,true,false,false,false,true,false,false,false,false,true,false,false,false,false,false,false,false,false,false,false,false,false,false,false,false,false,true,false,true,true,true,false,false,false,162,52,6,6,0,1,0,false,true,true,false
Kubernetes,xgr,Kubernetes---kb_1044_Normalized.json,10,2,8,2,8,10,0,completed,,,2.79169,0.0017838,0.0016015,6.37e-05,14831,3272,347.6,112.2,134,2,8,0,0,0,0,0,1,1,0,true,false,false,false,false,false,false,false,false,true,false,false,false,false,false,false,false,false,true,false,false,false,false,false,false,false,false,false,false,false,false,false,false,false,false,true,false,true,false,true,false,false,false,46,15,0,6,0,0,0,false,false,true,false
Kubernetes,xgr,Kubernetes---kb_1045_Normalized.json,11,2,9,2,9,11,0,completed,,,3.84419,0.00146109,0.00131818,4.72727e-05,16687,3290,391.636,127,147,2,9,0,0,0,0,0,1,1,0,true,false,false,false,false,false,false,false,false,true,false,false,false,false,false,false,false,false,true,false,false,false,false,false,false,false,false,false,false,false,false,false,false,false,false,true,false,true,false,true,false,false,false,46,15,0,6,0,0,0,false,false,true,false
Kubernetes,xgr,Kubernetes---kb_1046_Normalized.json,9,2,7,2,7,9,0,completed,,,3.62111,0.00219022,0.00197833,6.85556e-05,14725,3290,390.222,127.444,141,2,7,0,0,0,0,0,1,1,0,true,false,false,false,false,false,false,false,false,true,false,false,false,false,false,false,false,false,true,false,false,false,false,false,false,false,false,false,false,false,false,false,false,false,false,true,false,true,false,true,false,false,false,46,15,0,6,0,0,0,false,false,true,false
Kubernetes,xgr,Kubernetes---kb_1047_Normalized.json,4,1,3,1,3,4,0,completed,,,1.01633,0.00019625,0.00015825,1.25e-05,4073,1013,132.25,33.75,34,1,3,0,0,0,0,0,1,1,0,false,false,false,false,false,false,false,false,false,false,false,false,false,false,false,false,false,false,false,false,false,false,false,false,false,false,false,false,false,false,false,false,false,false,false,true,false,false,true,true,false,false,false,12,4,1,4,0,0,0,false,false,false,false
Kubernetes,xgr,Kubernetes---kb_1048_Normalized.json,3,2,1,2,1,3,0,completed,,,1.07299,0.000751667,0.000639333,4.56667e-05,2940,1013,131,33.3333,34,2,1,0,0,0,0,0,1,1,0,false,false,false,false,false,false,false,false,false,false,false,false,false,false,false,false,false,false,false,false,false,false,false,false,false,false,false,false,false,false,false,false,false,false,false,true,false,false,true,true,false,false,false,12,4,1,4,0,0,0,false,false,false,false
Kubernetes,xgr,Kubernetes---kb_1049_Normalized.json,5,2,3,2,3,5,0,completed,,,1.24578,0.0005686,0.0004742,4.2e-05,4314,1013,126.2,33.6,34,2,3,0,0,0,0,0,1,1,0,false,false,false,false,false,false,false,false,false,false,false,false,false,false,false,false,false,false,false,false,false,false,false,false,false,false,false,false,false,false,false,false,false,false,false,true,false,false,true,true,false,false,false,12,4,1,4,0,0,0,false,false,false,false
Kubernetes,xgr,Kubernetes---kb_104_Normalized.json,5,1,4,1,4,5,0,completed,,,7.54575,0.006586,0.0063616,5.9e-05,34913,19348,900,265.6,276,1,4,0,0,0,0,0,1,1,0,true,false,false,false,false,false,false,false,false,true,false,false,false,true,false,false,false,false,true,false,false,false,false,false,false,false,false,false,false,false,false,false,false,false,false,true,false,true,true,true,false,false,false,150,44,7,6,0,2,0,false,true,true,false
Kubernetes,xgr,Kubernetes---kb_1050_Normalized.json,7,2,5,2,5,7,0,completed,,,2.62553,0.012553,0.0122203,0.000135571,16913,3739,406.571,118.429,161,2,5,0,0,0,0,0,1,1,0,false,false,false,false,false,false,false,false,false,true,false,false,false,false,false,false,false,false,true,false,false,false,false,false,false,false,false,false,false,false,false,false,false,false,false,true,false,true,true,true,false,false,false,49,10,5,5,0,0,0,false,true,true,false
Kubernetes,xgr,Kubernetes---kb_1051_Normalized.json,6,2,4,2,4,6,0,completed,,,2.46069,0.0123498,0.0121043,8.66667e-05,14078,3759,357.333,108.667,115,2,4,0,0,0,0,0,1,1,0,false,false,false,false,false,false,false,false,false,true,false,false,false,false,false,false,false,false,true,false,false,false,false,false,false,false,false,false,false,false,false,false,false,false,false,true,false,true,true,true,false,false,false,49,10,5,5,0,0,0,false,true,true,false
Kubernetes,xgr,Kubernetes---kb_1052_Normalized.json,4,2,2,2,2,4,0,completed,,,1.88907,0.00810175,0.00786275,9.05e-05,10760,3759,353.25,107.25,121,2,2,0,0,0,0,0,1,1,0,false,false,false,false,false,false,false,false,false,true,false,false,false,false,false,false,false,false,true,false,false,false,false,false,false,false,false,false,false,false,false,false,false,false,false,true,false,true,true,true,false,false,false,49,10,5,5,0,0,0,false,true,true,false
Kubernetes,xgr,Kubernetes---kb_1054_Normalized.json,5,2,3,2,3,5,0,completed,,,1.41565,0.0004952,0.0004108,2.88e-05,5282,1096,57.4,22.8,35,2,3,0,0,0,0,0,1,1,0,false,false,false,false,false,false,false,false,false,true,false,false,false,false,false,false,false,false,true,false,false,false,false,false,false,false,false,false,false,false,false,false,false,false,false,true,false,true,true,true,false,false,false,20,4,2,4,0,0,0,false,false,false,false
Kubernetes,xgr,Kubernetes---kb_1055_Normalized.json,3,2,1,2,1,3,0,completed,,,1.37951,0.000599,0.000517,2.4e-05,3474,1096,68,28,35,2,1,0,0,0,0,0,1,1,0,false,false,false,false,false,false,false,false,false,true,false,false,false,false,false,false,false,false,true,false,false,false,false,false,false,false,false,false,false,false,false,false,false,false,false,true,false,true,true,true,false,false,false,20,4,2,4,0,0,0,false,false,false,false
Kubernetes,xgr,Kubernetes---kb_1056_Normalized.json,5,1,4,1,4,5,0,completed,,,0.953396,0.000274,0.0002316,1.32e-05,2903,274,36,13.4,17,1,4,0,0,0,0,0,1,1,0,false,false,false,false,false,false,false,false,false,false,false,false,false,false,false,false,false,false,false,false,false,false,false,false,false,false,false,false,false,false,false,false,false,false,false,true,false,false,true,true,false,false,false,8,2,2,4,0,0,0,false,false,false,false
Kubernetes,xgr,Kubernetes---kb_1057_Normalized.json,7,2,5,2,5,7,0,completed,,,0.950773,0.000339143,0.000290714,1.6e-05,3541,274,36.5714,14.7143,18,2,5,0,0,0,0,0,1,1,0,false,false,false,false,false,false,false,false,false,false,false,false,false,false,false,false,false,false,false,false,false,false,false,false,false,false,false,false,false,false,false,false,false,false,false,true,false,false,true,true,false,false,false,8,2,2,4,0,0,0,false,false,false,false
Kubernetes,xgr,Kubernetes---kb_1058_Normalized.json,4,2,2,2,2,4,0,completed,,,0.973724,0.001102,0.00098525,5.275e-05,3900,1156,110.25,41.5,44,2,2,0,0,0,0,0,1,1,0,false,false,false,false,false,false,false,false,false,true,false,false,false,false,false,false,false,false,false,false,false,false,false,false,false,false,false,false,false,false,false,false,false,false,false,true,false,true,true,true,false,false,false,16,4,2,4,0,0,0,false,false,false,false
Kubernetes,xgr,Kubernetes---kb_1059_Normalized.json,4,2,2,2,2,4,0,completed,,,1.16406,0.00079925,0.00069875,4.15e-05,3904,1156,110.5,41.5,44,2,2,0,0,0,0,0,1,1,0,false,false,false,false,false,false,false,false,false,true,false,false,false,false,false,false,false,false,false,false,false,false,false,false,false,false,false,false,false,false,false,false,false,false,false,true,false,true,true,true,false,false,false,16,4,2,4,0,0,0,false,false,false,false
Kubernetes,xgr,Kubernetes---kb_105_Normalized.json,5,2,3,2,3,5,0,completed,,,8.08549,0.0007382,0.0006104,6.26e-05,27022,15582,672.6,219,353,0,3,0,2,0,1,0,1,0.6,-1,true,false,false,false,false,false,false,false,false,true,false,false,false,true,false,false,false,false,true,false,false,false,false,false,false,false,false,false,false,false,false,false,false,false,false,true,false,true,true,true,false,false,false,113,34,4,5,0,2,0,false,false,true,false
Kubernetes,xgr,Kubernetes---kb_1060_Normalized.json,4,2,2,2,2,4,0,completed,,,0.851477,0.00232775,0.00224425,4.45e-05,2830,688,37,14,16,2,2,0,0,0,0,0,1,1,0,false,false,false,false,false,false,false,false,false,true,false,false,false,false,false,false,false,false,false,false,false,false,false,false,false,false,false,false,false,false,false,true,false,false,false,true,false,true,true,true,false,false,false,12,2,1,4,2,0,0,false,false,false,false
Kubernetes,xgr,Kubernetes---kb_1061_Normalized.json,3,1,2,1,2,3,0,completed,,,0.96425,0.002338,0.00224467,5.13333e-05,2747,688,43.3333,16.6667,23,1,2,0,0,0,0,0,1,1,0,false,false,false,false,false,false,false,false,false,true,false,false,false,false,false,false,false,false,false,false,false,false,false,false,false,false,false,false,false,false,false,true,false,false,false,true,false,true,true,true,false,false,false,12,2,1,4,2,0,0,false,false,false,false
Kubernetes,xgr,Kubernetes---kb_1062_Normalized.json,2,1,1,1,1,2,0,completed,,,0.813077,0.000379,0.000342,1.05e-05,2247,227,127,33.5,52,1,1,0,0,0,0,0,1,1,0,false,false,false,false,false,false,false,false,false,false,false,false,false,false,false,false,false,false,false,false,false,false,false,false,false,false,false,false,false,false,false,false,false,false,false,false,false,false,false,true,false,false,false,3,0,0,0,0,0,0,false,false,false,false
Kubernetes,xgr,Kubernetes---kb_1063_Normalized.json,2,1,1,1,1,2,0,completed,,,0.807868,0.000408,0.0003685,1.2e-05,2247,227,127,33.5,52,1,1,0,0,0,0,0,1,1,0,false,false,false,false,false,false,false,false,false,false,false,false,false,false,false,false,false,false,false,false,false,false,false,false,false,false,false,false,false,false,false,false,false,false,false,false,false,false,false,true,false,false,false,3,0,0,0,0,0,0,false,false,false,false
Kubernetes,xgr,Kubernetes---kb_1064_Normalized.json,6,2,4,2,4,6,0,completed,,,8.67644,0.000131,8.06667e-05,2.01667e-05,27058,17097,373.833,115.167,125,0,4,0,2,0,1,0,1,0.666667,-1,true,false,false,false,false,false,false,false,false,true,false,false,false,true,false,false,false,false,true,false,false,false,false,false,false,false,false,false,false,false,false,false,false,false,false,true,false,true,true,true,false,false,false,136,42,8,5,0,2,0,false,true,true,false
Kubernetes,xgr,Kubernetes---kb_1065_Normalized.json,6,2,4,2,4,6,0,completed,,,7.79,0.0108837,0.0105563,0.000133833,27136,17061,401,123.5,129,2,4,0,0,0,0,0,1,1,0,true,false,false,false,false,false,false,false,false,true,false,false,false,true,false,false,false,false,true,false,false,false,false,false,false,false,false,false,false,false,false,false,false,false,false,true,false,true,true,true,false,false,false,135,42,8,5,0,1,0,false,true,true,false
Kubernetes,xgr,Kubernetes---kb_1066_Normalized.json,4,1,3,1,3,4,0,completed,,,1.92481,0.0019945,0.001824,6.325e-05,6153,1910,254.75,86,123,1,3,0,0,0,0,0,1,1,0,false,false,false,false,false,false,false,false,false,true,false,false,false,false,false,false,false,false,true,false,false,false,false,false,false,false,false,false,false,false,false,false,false,false,false,true,false,true,true,true,false,false,false,25,7,1,5,0,0,0,false,false,false,false
Kubernetes,xgr,Kubernetes---kb_1067_Normalized.json,7,1,6,1,6,7,0,completed,,,1.91895,0.00151257,0.00138057,4.7e-05,9092,1910,290.286,90.8571,133,1,6,0,0,0,0,0,1,1,0,false,false,false,false,false,false,false,false,false,true,false,false,false,false,false,false,false,false,true,false,false,false,false,false,false,false,false,false,false,false,false,false,false,false,false,true,false,true,true,true,false,false,false,25,7,1,5,0,0,0,false,false,false,false
Kubernetes,xgr,Kubernetes---kb_1068_Normalized.json,4,2,2,2,2,4,0,completed,,,1.06728,0.00439425,0.00418475,5.925e-05,3156,803,134,75,132,2,2,0,0,0,0,0,1,1,0,false,false,false,false,false,false,false,false,false,true,false,false,false,false,false,false,false,false,false,false,false,false,false,false,false,false,false,false,false,false,false,false,false,false,false,true,false,true,true,true,false,false,false,12,2,2,4,0,0,0,false,false,false,false
Kubernetes,xgr,Kubernetes---kb_1069_Normalized.json,4,2,2,2,2,4,0,completed,,,0.917541,0.00336975,0.00319125,3.25e-05,3128,803,128.5,70.75,116,2,2,0,0,0,0,0,1,1,0,false,false,false,false,false,false,false,false,false,true,false,false,false,false,false,false,false,false,false,false,false,false,false,false,false,false,false,false,false,false,false,false,false,false,false,true,false,true,true,true,false,false,false,12,2,2,4,0,0,0,false,false,false,false
Kubernetes,xgr,Kubernetes---kb_106_Normalized.json,4,2,2,2,2,4,0,completed,,,6.69896,0.00108175,0.00095975,4.625e-05,22553,15568,354,115.25,185,0,2,0,2,0,1,0,1,0.5,-1,true,false,false,false,false,false,false,false,false,true,false,false,false,true,false,false,false,false,true,false,false,false,false,false,false,false,false,false,false,false,false,false,false,false,false,true,false,true,true,true,false,false,false,112,34,4,5,0,1,0,false,false,true,false
Kubernetes,xgr,Kubernetes---kb_1070_Normalized.json,7,2,5,2,5,7,0,completed,,,7.87751,0.000113286,7.05714e-05,1.68571e-05,30235,17697,486.143,172.571,216,0,5,0,2,0,1,0,1,0.714286,-1,true,false,false,false,false,false,false,false,false,true,false,false,false,true,false,false,false,false,true,false,false,false,false,false,false,false,false,false,false,false,false,false,false,false,false,true,false,true,true,true,false,false,false,145,43,5,6,0,2,0,false,true,true,false
Kubernetes,xgr,Kubernetes---kb_1071_Normalized.json,9,2,7,2,7,9,0,completed,,,8.0984,9.76667e-05,5.97778e-05,1.34444e-05,33884,17737,638.556,245.444,289,0,7,0,2,0,1,0,1,0.777778,-1,true,false,false,false,false,false,false,false,false,true,false,false,false,true,false,false,false,false,true,false,false,false,false,false,false,false,false,false,false,false,false,false,false,false,false,true,false,true,true,true,false,false,false,145,43,5,6,0,2,0,false,true,true,false
Kubernetes,xgr,Kubernetes---kb_1072_Normalized.json,10,2,8,2,8,10,0,completed,,,7.02946,0.0091729,0.0088998,8.1e-05,33599,17696,481.5,159.6,225,1,8,0,1,0,0.5,0,1,0.9,-0.5,true,false,false,false,false,false,false,false,false,true,false,false,false,true,false,false,false,false,true,false,false,false,false,false,false,false,false,false,false,false,false,false,false,false,false,true,false,true,true,true,false,false,false,144,43,5,6,0,1,0,false,true,true,false
Kubernetes,xgr,Kubernetes---kb_1073_Normalized.json,7,2,5,2,5,7,0,completed,,,0.881017,0.00214129,0.00203029,2.14286e-05,5427,621,226.143,123.286,133,2,5,0,0,0,0,0,1,1,0,false,false,false,false,false,false,false,false,false,false,false,false,false,false,false,false,false,false,true,false,false,false,false,false,false,false,false,false,false,false,false,false,false,false,false,true,false,false,false,true,false,false,false,9,2,0,5,0,0,0,false,false,false,false
Kubernetes,xgr,Kubernetes---kb_1074_Normalized.json,6,2,4,2,4,6,0,completed,,,0.942838,0.00276633,0.00262267,3.33333e-05,5800,621,228.5,129.167,137,2,4,0,0,0,0,0,1,1,0,false,false,false,false,false,false,false,false,false,false,false,false,false,false,false,false,false,false,true,false,false,false,false,false,false,false,false,false,false,false,false,false,false,false,false,true,false,false,false,true,false,false,false,9,2,0,5,0,0,0,false,false,false,false
Kubernetes,xgr,Kubernetes---kb_1075_Normalized.json,7,2,5,2,5,7,0,completed,,,1.14538,0.00392929,0.003746,6.42857e-05,6462,621,225.429,124,140,2,5,0,0,0,0,0,1,1,0,false,false,false,false,false,false,false,false,false,false,false,false,false,false,false,false,false,false,true,false,false,false,false,false,false,false,false,false,false,false,false,false,false,false,false,true,false,false,false,true,false,false,false,9,2,0,5,0,0,0,false,false,false,false
Kubernetes,xgr,Kubernetes---kb_1076_Normalized.json,10,2,8,2,8,10,0,completed,,,2.25752,0.0015526,0.0014033,5e-05,12503,2094,281,82.5,95,2,8,0,0,0,0,0,1,1,0,true,false,false,false,false,false,false,false,false,true,false,false,false,false,false,false,false,false,true,false,false,false,false,false,false,false,false,false,false,false,false,false,false,false,false,true,false,true,false,true,false,false,false,31,8,0,6,0,0,0,false,false,false,false
Kubernetes,xgr,Kubernetes---kb_1077_Normalized.json,9,2,7,2,7,9,0,completed,,,2.2542,0.00202789,0.00185256,5.62222e-05,12571,2104,320.444,97.2222,109,2,7,0,0,0,0,0,1,1,0,true,false,false,false,false,false,false,false,false,true,false,false,false,false,false,false,false,false,true,false,false,false,false,false,false,false,false,false,false,false,false,false,false,false,false,true,false,true,false,true,false,false,false,31,8,0,6,0,0,0,false,false,false,false
Kubernetes,xgr,Kubernetes---kb_1078_Normalized.json,9,2,7,2,7,9,0,completed,,,1.76792,0.00177378,0.001601,5.82222e-05,11859,2104,286.667,87.4444,103,2,7,0,0,0,0,0,1,1,0,true,false,false,false,false,false,false,false,false,true,false,false,false,false,false,false,false,false,true,false,false,false,false,false,false,false,false,false,false,false,false,false,false,false,false,true,false,true,false,true,false,false,false,31,8,0,6,0,0,0,false,false,false,false
Kubernetes,xgr,Kubernetes---kb_1079_Normalized.json,5,1,4,1,4,5,0,completed,,,1.54654,0.0012124,0.0010762,4.78e-05,6029,1502,129.2,39.8,41,1,4,0,0,0,0,0,1,1,0,false,false,false,false,false,false,false,false,false,false,false,false,false,false,false,false,false,false,false,false,false,false,false,false,false,false,false,false,false,false,false,false,false,false,false,true,false,false,false,true,false,false,false,14,5,0,4,0,0,0,false,false,false,false
Kubernetes,xgr,Kubernetes---kb_107_Normalized.json,2,1,1,1,1,2,0,completed,,,1.05338,0.000263,0.0002195,1.35e-05,1791,508,38,12,13,1,1,0,0,0,0,0,1,1,0,false,false,false,false,false,false,false,false,false,false,false,false,false,false,false,false,false,false,false,false,false,false,false,false,false,false,false,false,false,false,false,false,false,false,false,true,false,false,false,true,false,false,false,7,2,0,4,0,0,0,false,false,false,false
Kubernetes,xgr,Kubernetes---kb_1080_Normalized.json,7,2,5,2,5,7,0,completed,,,1.48425,0.000890714,0.000805,2.4e-05,7721,1502,131,39.7143,42,2,5,0,0,0,0,0,1,1,0,false,false,false,false,false,false,false,false,false,false,false,false,false,false,false,false,false,false,false,false,false,false,false,false,false,false,false,false,false,false,false,false,false,false,false,true,false,false,false,true,false,false,false,14,5,0,4,0,0,0,false,false,false,false
Kubernetes,xgr,Kubernetes---kb_1081_Normalized.json,5,1,4,1,4,5,0,completed,,,0.742194,0.0003626,0.0003148,1.7e-05,3445,486,46,15,16,1,4,0,0,0,0,0,1,1,0,false,false,false,false,false,false,false,false,false,false,false,false,false,false,false,false,false,false,true,false,false,false,false,false,false,false,false,false,false,false,false,false,false,false,false,true,false,false,true,true,false,false,false,10,2,2,5,0,0,0,false,false,false,false
Kubernetes,xgr,Kubernetes---kb_1082_Normalized.json,5,1,4,1,4,5,0,completed,,,1.08924,0.0005842,0.0005068,3.02e-05,3495,486,46.2,15.2,16,1,4,0,0,0,0,0,1,1,0,false,false,false,false,false,false,false,false,false,false,false,false,false,false,false,false,false,false,true,false,false,false,false,false,false,false,false,false,false,false,false,false,false,false,false,true,false,false,true,true,false,false,false,10,2,2,5,0,0,0,false,false,false,false
Kubernetes,xgr,Kubernetes---kb_1083_Normalized.json,6,2,4,2,4,6,0,completed,,,1.00629,0.000971167,0.000870667,3.28333e-05,5933,1167,126,39.6667,57,2,4,0,0,0,0,0,1,1,0,false,false,false,false,false,false,false,false,false,true,false,false,false,false,false,false,false,false,true,false,false,false,false,false,false,false,false,false,false,false,false,false,false,false,false,true,false,true,true,true,false,false,false,18,3,2,5,0,0,0,false,false,false,false
Kubernetes,xgr,Kubernetes---kb_1084_Normalized.json,6,2,4,2,4,6,0,completed,,,1.34601,0.00152283,0.00137183,5.73333e-05,5953,1167,141,44.6667,57,2,4,0,0,0,0,0,1,1,0,false,false,false,false,false,false,false,false,false,true,false,false,false,false,false,false,false,false,true,false,false,false,false,false,false,false,false,false,false,false,false,false,false,false,false,true,false,true,true,true,false,false,false,18,3,2,5,0,0,0,false,false,false,false
Kubernetes,xgr,Kubernetes---kb_1085_Normalized.json,6,2,4,2,4,6,0,completed,,,2.2684,0.0035685,0.00338117,6.45e-05,13038,4411,232.333,71.8333,75,2,4,0,0,0,0,0,1,1,0,true,false,false,false,false,false,false,false,false,true,false,false,false,false,false,false,false,false,true,false,false,false,false,false,false,false,false,false,false,false,false,false,false,false,false,true,false,true,true,true,false,false,false,39,9,5,5,0,0,0,false,true,false,false
Kubernetes,xgr,Kubernetes---kb_1086_Normalized.json,8,2,6,2,6,8,0,completed,,,1.81854,0.00244413,0.00230613,3.4625e-05,15773,4411,232.75,73.375,90,2,6,0,0,0,0,0,1,1,0,true,false,false,false,false,false,false,false,false,true,false,false,false,false,false,false,false,false,true,false,false,false,false,false,false,false,false,false,false,false,false,false,false,false,false,true,false,true,true,true,false,false,false,39,9,5,5,0,0,0,false,true,false,false
Kubernetes,xgr,Kubernetes---kb_1087_Normalized.json,4,1,3,1,3,4,0,completed,,,0.977961,0.0020305,0.00196275,2.75e-05,3529,640,62.75,20.25,21,1,3,0,0,0,0,0,1,1,0,false,false,false,false,false,false,false,false,false,false,false,false,false,false,false,false,false,false,false,false,false,false,false,false,false,false,false,false,false,false,false,false,false,false,false,true,false,false,true,true,false,false,false,10,3,2,4,0,0,0,false,false,false,false
Kubernetes,xgr,Kubernetes---kb_1088_Normalized.json,4,1,3,1,3,4,0,completed,,,0.904602,0.00269525,0.00263075,2.35e-05,3308,640,64.75,20.5,21,1,3,0,0,0,0,0,1,1,0,false,false,false,false,false,false,false,false,false,false,false,false,false,false,false,false,false,false,false,false,false,false,false,false,false,false,false,false,false,false,false,false,false,false,false,true,false,false,true,true,false,false,false,10,3,2,4,0,0,0,false,false,false,false
Kubernetes,xgr,Kubernetes---kb_1089_Normalized.json,10,2,8,2,8,10,0,completed,,,1.25523,0.0006627,0.0005917,2.12e-05,9275,786,166.2,55,61,2,8,0,0,0,0,0,1,1,0,true,false,false,false,false,false,false,false,false,false,false,false,false,false,false,false,false,false,true,false,false,false,false,false,false,false,false,false,false,false,false,false,false,false,false,true,false,false,false,true,false,false,false,17,4,0,6,0,0,0,false,false,false,false
Kubernetes,xgr,Kubernetes---kb_108_Normalized.json,2,1,1,1,1,2,0,completed,,,0.827988,0.0003665,0.000293,4e-05,1795,508,40,12,13,1,1,0,0,0,0,0,1,1,0,false,false,false,false,false,false,false,false,false,false,false,false,false,false,false,false,false,false,false,false,false,false,false,false,false,false,false,false,false,false,false,false,false,false,false,true,false,false,false,true,false,false,false,7,2,0,4,0,0,0,false,false,false,false
Kubernetes,xgr,Kubernetes---kb_1090_Normalized.json,9,2,7,2,7,9,0,completed,,,1.4626,0.00106889,0.000967667,3.53333e-05,8581,786,161.778,57.2222,63,2,7,0,0,0,0,0,1,1,0,true,false,false,false,false,false,false,false,false,false,false,false,false,false,false,false,false,false,true,false,false,false,false,false,false,false,false,false,false,false,false,false,false,false,false,true,false,false,false,true,false,false,false,17,4,0,6,0,0,0,false,false,false,false
Kubernetes,xgr,Kubernetes---kb_1091_Normalized.json,10,2,8,2,8,10,0,completed,,,1.40965,0.0010758,0.0009731,3.67e-05,9033,786,156.9,55.3,66,2,8,0,0,0,0,0,1,1,0,true,false,false,false,false,false,false,false,false,false,false,false,false,false,false,false,false,false,true,false,false,false,false,false,false,false,false,false,false,false,false,false,false,false,false,true,false,false,false,true,false,false,false,17,4,0,6,0,0,0,false,false,false,false
Kubernetes,xgr,Kubernetes---kb_1092_Normalized.json,3,2,1,2,1,3,0,completed,,,0.752144,0.000237,0.000203,1.16667e-05,1537,260,17.3333,7.33333,8,2,1,0,0,0,0,0,1,1,0,false,false,false,false,false,false,false,false,false,false,false,false,false,false,false,false,false,false,false,false,false,false,false,false,false,false,false,false,false,false,false,false,false,false,false,true,false,false,true,true,false,false,false,6,1,1,4,0,0,0,false,false,false,false
Kubernetes,xgr,Kubernetes---kb_1093_Normalized.json,3,1,2,1,2,3,0,completed,,,0.705525,0.000166667,0.000137333,1e-05,1962,260,15.3333,6.33333,8,1,2,0,0,0,0,0,1,1,0,false,false,false,false,false,false,false,false,false,false,false,false,false,false,false,false,false,false,false,false,false,false,false,false,false,false,false,false,false,false,false,false,false,false,false,true,false,false,true,true,false,false,false,6,1,1,4,0,0,0,false,false,false,false
Kubernetes,xgr,Kubernetes---kb_1094_Normalized.json,5,2,3,2,3,5,0,completed,,,6.64591,0.0023724,0.002097,0.0001032,23038,12997,565.4,163.6,180,2,3,0,0,0,0,0,1,1,0,true,false,false,false,false,false,false,false,false,true,false,false,false,false,false,false,false,false,true,false,false,false,false,false,false,false,false,false,false,false,false,false,false,false,false,true,false,true,true,true,false,false,false,99,27,8,5,0,0,0,false,true,true,false
Kubernetes,xgr,Kubernetes---kb_1095_Normalized.json,3,2,1,2,1,3,0,completed,,,6.72059,0.0108777,0.0100853,0.000324,20409,12981,594.333,168.333,173,2,1,0,0,0,0,0,1,1,0,true,false,false,false,false,false,false,false,false,true,false,false,false,false,false,false,false,false,true,false,false,false,false,false,false,false,false,false,false,false,false,false,false,false,false,true,false,true,true,true,false,false,false,99,27,6,5,0,0,0,false,true,true,false
Kubernetes,xgr,Kubernetes---kb_1096_Normalized.json,7,2,5,2,5,7,0,completed,,,5.86229,0.00394786,0.00365086,0.000108571,28081,12981,590.286,170.143,176,2,5,0,0,0,0,0,1,1,0,true,false,false,false,false,false,false,false,false,true,false,false,false,false,false,false,false,false,true,false,false,false,false,false,false,false,false,false,false,false,false,false,false,false,false,true,false,true,true,true,false,false,false,99,27,6,5,0,0,0,false,true,true,false
Kubernetes,xgr,Kubernetes---kb_1097_Normalized.json,4,2,2,2,2,4,0,completed,,,14.5019,0.00015325,9.025e-05,2.85e-05,42385,27920,882.75,238.5,367,0,2,0,2,0,1,0,1,0.5,-1,true,false,false,false,false,false,false,false,false,true,false,false,false,true,false,false,false,false,true,false,false,false,false,false,false,false,false,false,false,false,false,false,false,false,false,true,false,true,true,true,false,false,false,206,59,12,5,0,2,0,false,true,true,false
Kubernetes,xgr,Kubernetes---kb_1098_Normalized.json,3,2,1,2,1,3,0,completed,,,15.2137,9.46667e-05,6.1e-05,1.16667e-05,38547,28051,625,174.333,209,0,1,0,2,0,1,0,1,0.333333,-1,true,false,false,false,false,false,false,false,false,true,false,false,false,true,false,false,false,false,true,false,false,false,false,false,false,false,false,false,false,false,false,false,false,false,false,true,false,true,true,true,false,false,false,206,59,10,5,0,2,0,false,true,true,false
Kubernetes,xgr,Kubernetes---kb_1099_Normalized.json,3,2,1,2,1,3,0,completed,,,13.1466,0.00615667,0.00563633,0.000174,38825,28003,670.333,187,224,2,1,0,0,0,0,0,1,1,0,true,false,false,false,false,false,false,false,false,true,false,false,false,true,false,false,false,false,true,false,false,false,false,false,false,false,false,false,false,false,false,false,false,false,false,true,false,true,true,true,false,false,false,205,59,10,5,0,1,0,false,true,true,false
Kubernetes,xgr,Kubernetes---kb_109_Normalized.json,2,1,1,1,1,2,0,completed,,,0.921201,0.000317,0.0002675,1.6e-05,1758,441,58.5,19.5,20,1,1,0,0,0,0,0,1,1,0,false,false,false,false,false,false,false,false,false,false,false,false,false,false,false,false,false,false,false,false,false,false,false,false,false,false,false,false,false,false,false,false,false,false,false,true,false,false,true,true,false,false,false,10,3,1,4,0,0,0,false,false,false,false
Kubernetes,xgr,Kubernetes---kb_10_Normalized.json,2,1,1,1,1,2,0,completed,,,0.903684,0.000239,0.0001985,1.8e-05,1413,309,27,7.5,9,1,1,0,0,0,0,0,1,1,0,false,false,false,false,false,false,false,false,false,false,false,false,false,false,false,false,false,false,false,false,false,false,false,false,false,false,false,false,false,false,false,false,false,false,false,true,false,false,true,true,false,false,false,6,1,1,4,0,0,0,false,false,false,false
Kubernetes,xgr,Kubernetes---kb_1100_Normalized.json,5,1,4,1,4,5,0,completed,,,15.8259,0.0002024,0.0001194,4.14e-05,52260,31976,902,252,259,0,4,0,1,0,1,0,1,0.8,-1,true,false,false,false,false,false,false,false,false,true,false,false,false,true,false,false,false,false,true,false,false,false,false,false,false,false,false,false,false,false,false,false,false,false,false,true,false,true,true,true,false,false,false,237,67,13,6,0,3,0,false,true,true,false
Kubernetes,xgr,Kubernetes---kb_1101_Normalized.json,3,1,2,1,2,3,0,completed,,,16.3496,0.000108333,6.56667e-05,1.3e-05,46375,32122,921.667,258.333,260,0,2,0,1,0,1,0,1,0.666667,-1,true,false,false,false,false,false,false,false,false,true,false,false,false,true,false,false,false,false,true,false,false,false,false,false,false,false,false,false,false,false,false,false,false,false,false,true,false,true,true,true,false,false,false,237,67,11,6,0,3,0,false,true,true,false
Kubernetes,xgr,Kubernetes---kb_1102_Normalized.json,4,1,3,1,3,4,0,completed,,,11.3447,0.006121,0.00566025,0.0001705,49425,32074,950.25,263.75,276,1,3,0,0,0,0,0,1,1,0,true,false,false,false,false,false,false,false,false,true,false,false,false,true,false,false,false,false,true,false,false,false,false,false,false,false,false,false,false,false,false,false,false,false,false,true,false,true,true,true,false,false,false,236,67,11,6,0,2,0,false,true,true,false
Kubernetes,xgr,Kubernetes---kb_1103_Normalized.json,4,1,3,1,3,4,0,completed,,,24.9667,0.00094175,0.000822,6.725e-05,67432,51877,95.25,25.5,27,1,3,0,0,0,0,0,1,1,0,true,false,false,false,false,false,false,false,false,true,false,false,false,false,false,false,false,false,true,false,false,false,false,false,false,false,false,false,false,false,false,true,false,false,false,true,false,true,true,true,false,false,false,539,176,38,5,2,0,0,false,true,true,false
Kubernetes,xgr,Kubernetes---kb_1104_Normalized.json,4,1,3,1,3,4,0,completed,,,26.1663,0.00111675,0.00098125,7.85e-05,67424,51877,94.75,25.5,27,1,3,0,0,0,0,0,1,1,0,true,false,false,false,false,false,false,false,false,true,false,false,false,false,false,false,false,false,true,false,false,false,false,false,false,false,false,false,false,false,false,true,false,false,false,true,false,true,true,true,false,false,false,539,176,38,5,2,0,0,false,true,true,false
Kubernetes,xgr,Kubernetes---kb_1105_Normalized.json,4,2,2,2,2,4,0,completed,,,37.6329,0.0001875,0.00010825,4.4e-05,78988,60961,287.5,78.5,92,0,2,0,2,0,1,0,1,0.5,-1,true,false,false,false,false,false,false,false,false,true,false,false,false,true,false,false,false,false,true,false,false,false,false,false,false,false,false,false,false,false,false,true,false,false,false,true,false,true,true,true,false,false,false,598,199,42,5,2,2,0,false,true,true,false
Kubernetes,xgr,Kubernetes---kb_1106_Normalized.json,3,1,2,1,2,3,0,completed,,,37.6051,0.000132333,8.4e-05,1.76667e-05,78799,61026,343,92.3333,105,0,2,0,1,0,1,0,1,0.666667,-1,true,false,false,false,false,false,false,false,false,true,false,false,false,true,false,false,false,false,true,false,false,false,false,false,false,false,false,false,false,false,false,true,false,false,false,true,false,true,true,true,false,false,false,598,199,42,5,2,2,0,false,true,true,false
Kubernetes,xgr,Kubernetes---kb_1107_Normalized.json,3,2,1,2,1,3,0,completed,,,39.715,0.000207667,0.000114333,5.43333e-05,78026,61016,297.333,81.3333,94,0,1,0,2,0,1,0,1,0.333333,-1,true,false,false,false,false,false,false,false,false,true,false,false,false,true,false,false,false,false,true,false,false,false,false,false,false,false,false,false,false,false,false,true,false,false,false,true,false,true,true,true,false,false,false,598,199,42,5,2,2,0,false,true,true,false
Kubernetes,xgr,Kubernetes---kb_1108_Normalized.json,4,2,2,2,2,4,0,completed,,,37.1622,0.014796,0.0144163,0.0001865,79111,60982,308.75,84,94,2,2,0,0,0,0,0,1,1,0,true,false,false,false,false,false,false,false,false,true,false,false,false,true,false,false,false,false,true,false,false,false,false,false,false,false,false,false,false,false,false,true,false,false,false,true,false,true,true,true,false,false,false,597,199,42,5,2,1,0,false,true,true,false
Kubernetes,xgr,Kubernetes---kb_1109_Normalized.json,3,1,2,1,2,3,0,completed,,,40.3064,0.000101333,6.23333e-05,1.33333e-05,83779,64909,385.333,108.333,110,0,2,0,1,0,1,0,1,0.666667,-1,true,false,false,false,false,false,false,false,false,true,false,false,false,true,false,false,false,false,true,false,false,false,false,false,false,false,false,false,false,false,false,true,false,false,false,true,false,true,true,true,false,false,false,629,207,43,6,2,3,0,false,true,true,false
Kubernetes,xgr,Kubernetes---kb_110_Normalized.json,2,1,1,1,1,2,0,completed,,,0.866329,0.0004845,0.0004275,2.2e-05,1758,441,58.5,19.5,20,1,1,0,0,0,0,0,1,1,0,false,false,false,false,false,false,false,false,false,false,false,false,false,false,false,false,false,false,false,false,false,false,false,false,false,false,false,false,false,false,false,false,false,false,false,true,false,false,true,true,false,false,false,10,3,1,4,0,0,0,false,false,false,false
Kubernetes,xgr,Kubernetes---kb_1111_Normalized.json,1,1,0,1,0,1,0,completed,,,40.7017,0.000277,0.000131,9.9e-05,81900,64979,732,233,233,0,0,0,1,0,1,0,1,0,-1,true,false,false,false,false,false,false,false,false,true,false,false,false,true,false,false,false,false,true,false,false,false,false,false,false,false,false,false,false,false,false,true,false,false,false,true,false,true,true,true,false,false,false,629,207,43,6,2,3,0,false,true,true,false
Kubernetes,xgr,Kubernetes---kb_1113_Normalized.json,4,2,2,2,2,4,0,completed,,,26.0056,0.0020185,0.0018645,6.175e-05,58033,43083,300.5,82.25,92,2,2,0,0,0,0,0,1,1,0,true,false,false,false,false,false,false,false,false,true,false,false,false,false,false,false,false,false,true,false,false,false,false,false,false,false,false,false,false,false,false,true,false,false,false,true,false,true,true,true,false,false,false,461,157,33,5,2,0,0,false,true,true,false
Kubernetes,xgr,Kubernetes---kb_1114_Normalized.json,3,2,1,2,1,3,0,completed,,,0.00043,0.00212533,0.00187967,0.000128333,56705,43083,242.667,61.6667,64,2,1,0,0,0,0,0,1,1,0,true,false,false,false,false,false,false,false,false,true,false,false,false,false,false,false,false,false,true,false,false,false,false,false,false,false,false,false,false,false,false,true,false,false,false,true,false,true,true,true,false,false,false,461,157,33,5,2,0,0,false,true,true,false
Kubernetes,xgr,Kubernetes---kb_1115_Normalized.json,3,2,1,2,1,3,0,completed,,,0.000521,0.00209233,0.00184233,0.000105667,57516,43083,307.667,80.3333,106,2,1,0,0,0,0,0,1,1,0,true,false,false,false,false,false,false,false,false,true,false,false,false,false,false,false,false,false,true,false,false,false,false,false,false,false,false,false,false,false,false,true,false,false,false,true,false,true,true,true,false,false,false,461,157,33,5,2,0,0,false,true,true,false
Kubernetes,xgr,Kubernetes---kb_1116_Normalized.json,2,1,1,1,1,2,0,completed,,,0.000552,0.0009845,0.0008605,4.95e-05,56182,43083,242,62,64,1,1,0,0,0,0,0,1,1,0,true,false,false,false,false,false,false,false,false,true,false,false,false,false,false,false,false,false,true,false,false,false,false,false,false,false,false,false,false,false,false,true,false,false,false,true,false,true,true,true,false,false,false,461,157,33,5,2,0,0,false,true,true,false
Kubernetes,xgr,Kubernetes---kb_1117_Normalized.json,4,2,2,2,2,4,0,completed,,,31.0839,0.003352,0.00317175,8.8e-05,58204,43830,160.5,49.5,105,2,2,0,0,0,0,0,1,1,0,true,false,false,false,false,false,false,false,false,true,false,false,false,false,false,false,false,false,true,false,false,false,false,false,false,false,false,false,false,false,false,true,false,false,false,true,false,true,true,true,false,false,false,471,160,36,5,2,0,0,false,true,true,false
Kubernetes,xgr,Kubernetes---kb_1118_Normalized.json,3,2,1,2,1,3,0,completed,,,30.0562,0.00645933,0.006142,0.000100667,59382,43842,549,173.333,183,2,1,0,0,0,0,0,1,1,0,true,false,false,false,false,false,false,false,false,true,false,false,false,false,false,false,false,false,true,false,false,false,false,false,false,false,false,false,false,false,false,true,false,false,false,true,false,true,true,true,false,false,false,471,160,36,5,2,0,0,false,true,true,false
Kubernetes,xgr,Kubernetes---kb_1119_Normalized.json,2,2,0,2,0,2,0,completed,,,33.2307,0.008082,0.003802,0.000122,57124,43840,330.5,102.5,106,2,0,0,0,0,0,0,1,1,0,true,false,false,false,false,false,false,false,false,true,false,false,false,false,false,false,false,false,true,false,false,false,false,false,false,false,false,false,false,false,false,true,false,false,false,true,false,true,true,true,false,false,false,471,160,36,5,2,0,0,false,true,true,false
Kubernetes,xgr,Kubernetes---kb_111_Normalized.json,10,2,8,2,8,10,0,completed,,,12.3797,0.0091008,0.0087131,0.0001536,36362,19411,466.7,154.4,193,2,8,0,0,0,0,0,1,1,0,true,false,false,false,false,false,false,false,false,true,false,false,false,true,false,false,false,false,true,false,false,false,false,false,false,false,false,false,false,false,false,false,false,false,false,true,false,true,true,true,false,false,false,144,42,5,6,0,3,0,false,true,true,false
Kubernetes,xgr,Kubernetes---kb_1120_Normalized.json,4,2,2,2,2,4,0,completed,,,0.000617,0.00249875,0.002215,0.0001415,59061,43840,295.25,82.25,84,2,2,0,0,0,0,0,1,1,0,true,false,false,false,false,false,false,false,false,true,false,false,false,false,false,false,false,false,true,false,false,false,false,false,false,false,false,false,false,false,false,true,false,false,false,true,false,true,true,true,false,false,false,471,160,36,5,2,0,0,false,true,true,false
Kubernetes,xgr,Kubernetes---kb_1123_Normalized.json,4,1,3,1,3,4,0,completed,,,2.31505,0.002666,0.00252175,6.075e-05,6699,2286,311,93.25,99,1,3,0,0,0,0,0,1,1,0,true,false,false,false,false,false,false,false,false,true,false,false,false,false,false,false,false,false,false,false,false,false,false,false,false,false,false,false,false,false,false,false,false,false,false,true,false,true,true,true,false,false,false,25,6,1,5,0,0,0,false,false,false,false
Kubernetes,xgr,Kubernetes---kb_1125_Normalized.json,6,2,4,2,4,6,0,completed,,,1.3697,0.0005365,0.000473,2.51667e-05,3592,407,49.1667,17.1667,21,2,4,0,0,0,0,0,1,1,0,false,false,false,false,false,false,false,false,false,false,false,false,false,false,false,false,false,false,false,false,false,false,false,false,false,false,false,false,false,false,false,false,false,false,false,true,false,false,true,true,false,false,false,8,2,2,4,0,0,0,false,false,false,false
Kubernetes,xgr,Kubernetes---kb_1126_Normalized.json,6,2,4,2,4,6,0,completed,,,4.6e-05,0.0005125,0.000449667,2.66667e-05,3585,407,53.6667,17,21,2,4,0,0,0,0,0,1,1,0,false,false,false,false,false,false,false,false,false,false,false,false,false,false,false,false,false,false,false,false,false,false,false,false,false,false,false,false,false,false,false,false,false,false,false,true,false,false,true,true,false,false,false,8,2,2,4,0,0,0,false,false,false,false
Kubernetes,xgr,Kubernetes---kb_1127_Normalized.json,5,2,3,2,3,5,0,completed,,,1.22739,0.0012076,0.0011052,4.76e-05,3892,841,69.6,26.8,31,2,3,0,0,0,0,0,1,1,0,false,false,false,false,false,false,false,false,false,true,false,false,false,false,false,false,false,false,false,false,false,false,false,false,false,false,false,false,false,false,false,false,false,false,false,true,false,true,false,true,false,false,false,11,2,0,4,0,0,0,false,false,false,false
Kubernetes,xgr,Kubernetes---kb_1128_Normalized.json,4,1,3,1,3,4,0,completed,,,1.27331,0.00106425,0.00095325,5.175e-05,3770,840,72.25,25,31,1,3,0,0,0,0,0,1,1,0,false,false,false,false,false,false,false,false,false,true,false,false,false,false,false,false,false,false,false,false,false,false,false,false,false,false,false,false,false,false,false,false,false,false,false,true,false,true,false,true,false,false,false,11,2,0,4,0,0,0,false,false,false,false
Kubernetes,xgr,Kubernetes---kb_1129_Normalized.json,2,1,1,1,1,2,0,completed,,,7.6e-05,0.0008945,0.000816,3.3e-05,2294,841,68,26,28,1,1,0,0,0,0,0,1,1,0,false,false,false,false,false,false,false,false,false,true,false,false,false,false,false,false,false,false,false,false,false,false,false,false,false,false,false,false,false,false,false,false,false,false,false,true,false,true,false,true,false,false,false,11,2,0,4,0,0,0,false,false,false,false
Kubernetes,xgr,Kubernetes---kb_112_Normalized.json,6,1,5,1,5,6,0,completed,,,10.8978,0.00984617,0.009358,0.000173667,34244,19397,805.667,262.667,283,1,5,0,0,0,0,0,1,1,0,true,false,false,false,false,false,false,false,false,true,false,false,false,true,false,false,false,false,true,false,false,false,false,false,false,false,false,false,false,false,false,false,false,false,false,true,false,true,true,true,false,false,false,143,42,5,6,0,2,0,false,true,true,false
Kubernetes,xgr,Kubernetes---kb_1130_Normalized.json,2,1,1,1,1,2,0,completed,,,4.9e-05,0.001499,0.001377,5.5e-05,2308,841,75,27.5,31,1,1,0,0,0,0,0,1,1,0,false,false,false,false,false,false,false,false,false,true,false,false,false,false,false,false,false,false,false,false,false,false,false,false,false,false,false,false,false,false,false,false,false,false,false,true,false,true,false,true,false,false,false,11,2,0,4,0,0,0,false,false,false,false
Kubernetes,xgr,Kubernetes---kb_1131_Normalized.json,5,2,3,2,3,5,0,completed,,,1.42953,0.000615,0.0005264,2.6e-05,4839,1275,126.4,37,41,2,3,0,0,0,0,0,1,1,0,false,false,false,false,false,false,false,false,false,false,false,false,false,false,false,false,false,false,false,false,false,false,false,false,false,false,false,false,false,false,false,false,false,false,false,true,false,false,true,true,false,false,false,16,6,2,4,0,0,0,false,false,false,false
Kubernetes,xgr,Kubernetes---kb_1132_Normalized.json,4,2,2,2,2,4,0,completed,,,5.8e-05,0.0005055,0.00043875,2.475e-05,3921,1275,93.75,29.25,30,2,2,0,0,0,0,0,1,1,0,false,false,false,false,false,false,false,false,false,false,false,false,false,false,false,false,false,false,false,false,false,false,false,false,false,false,false,false,false,false,false,false,false,false,false,true,false,false,true,true,false,false,false,16,6,2,4,0,0,0,false,false,false,false
Kubernetes,xgr,Kubernetes---kb_1133_Normalized.json,2,2,0,2,0,2,0,completed,,,1.9178,0.002708,0.0023835,0.0001125,5711,2694,302,89.5,90,2,0,0,0,0,0,0,1,1,0,false,false,false,false,false,false,false,false,false,true,false,false,false,false,false,false,false,false,true,false,false,false,false,false,false,false,false,false,false,false,false,false,false,false,false,true,false,true,true,true,false,false,false,37,7,3,5,0,0,0,false,false,false,false
Kubernetes,xgr,Kubernetes---kb_1134_Normalized.json,2,2,0,2,0,2,0,completed,,,8.3e-05,0.0026575,0.002309,0.0001285,5683,2694,288,85,90,2,0,0,0,0,0,0,1,1,0,false,false,false,false,false,false,false,false,false,true,false,false,false,false,false,false,false,false,true,false,false,false,false,false,false,false,false,false,false,false,false,false,false,false,false,true,false,true,true,true,false,false,false,37,7,3,5,0,0,0,false,false,false,false
Kubernetes,xgr,Kubernetes---kb_1135_Normalized.json,3,1,2,1,2,3,0,completed,,,1.12922,0.000198667,0.000170333,1.13333e-05,3220,565,14.3333,6.66667,8,1,2,0,0,0,0,0,1,1,0,false,false,false,false,false,false,false,false,false,false,false,false,false,false,false,false,false,false,false,false,false,false,false,false,false,false,false,false,false,false,false,false,false,false,false,true,false,false,false,true,false,false,false,6,1,0,4,0,0,0,false,false,false,false
Kubernetes,xgr,Kubernetes---kb_1136_Normalized.json,4,1,3,1,3,4,0,completed,,,1.05489,0.00014775,0.00012075,1.2e-05,4171,555,14.75,6.5,8,1,3,0,0,0,0,0,1,1,0,false,false,false,false,false,false,false,false,false,false,false,false,false,false,false,false,false,false,false,false,false,false,false,false,false,false,false,false,false,false,false,false,false,false,false,true,false,false,false,true,false,false,false,6,1,0,4,0,0,0,false,false,false,false
Kubernetes,xgr,Kubernetes---kb_1137_Normalized.json,3,1,2,1,2,3,0,completed,,,4.5e-05,0.000160333,0.000134667,1.03333e-05,3148,555,14.6667,6.66667,8,1,2,0,0,0,0,0,1,1,0,false,false,false,false,false,false,false,false,false,false,false,false,false,false,false,false,false,false,false,false,false,false,false,false,false,false,false,false,false,false,false,false,false,false,false,true,false,false,false,true,false,false,false,6,1,0,4,0,0,0,false,false,false,false
Kubernetes,xgr,Kubernetes---kb_1138_Normalized.json,2,2,0,2,0,2,0,completed,,,4.76286,0.0205995,0.01995,0.00026,14112,9230,496,150.5,163,2,0,0,0,0,0,0,1,1,0,false,false,false,false,false,false,false,false,false,true,false,false,false,false,false,false,false,false,true,false,false,false,false,false,false,false,false,false,false,false,false,true,false,false,false,true,false,true,true,true,false,false,false,97,26,6,5,2,0,0,false,true,true,false
Kubernetes,xgr,Kubernetes---kb_1139_Normalized.json,3,2,1,2,1,3,0,completed,,,0.000169,0.015847,0.015283,0.000206333,16408,9230,530.333,162.333,164,2,1,0,0,0,0,0,1,1,0,false,false,false,false,false,false,false,false,false,true,false,false,false,false,false,false,false,false,true,false,false,false,false,false,false,false,false,false,false,false,false,true,false,false,false,true,false,true,true,true,false,false,false,97,26,6,5,2,0,0,false,true,true,false
Kubernetes,xgr,Kubernetes---kb_113_Normalized.json,4,2,2,2,2,4,0,completed,,,1.77064,0.00108725,0.000969,4.4e-05,4100,1094,146,47.75,55,2,2,0,0,0,0,0,1,1,0,false,false,false,false,false,false,false,false,false,false,false,false,false,false,false,false,false,false,false,false,false,false,false,false,false,false,false,false,false,false,false,false,false,false,false,true,false,false,true,true,false,false,false,14,5,3,4,0,0,0,false,false,false,false
Kubernetes,xgr,Kubernetes---kb_1140_Normalized.json,7,2,5,2,5,7,0,completed,,,1.41408,0.006217,0.00609643,5.64286e-05,5876,703,133.286,44.7143,47,2,5,0,0,0,0,0,1,1,0,false,false,false,false,false,false,false,false,false,false,false,false,false,false,false,false,false,false,false,false,false,false,false,false,false,false,false,false,false,false,false,false,false,false,false,true,false,false,true,true,false,false,false,12,4,1,4,0,0,0,false,false,false,false
Kubernetes,xgr,Kubernetes---kb_1141_Normalized.json,6,2,4,2,4,6,0,completed,,,5e-05,0.0072525,0.00709283,6.86667e-05,5080,703,145,47.5,52,2,4,0,0,0,0,0,1,1,0,false,false,false,false,false,false,false,false,false,false,false,false,false,false,false,false,false,false,false,false,false,false,false,false,false,false,false,false,false,false,false,false,false,false,false,true,false,false,true,true,false,false,false,12,4,1,4,0,0,0,false,false,false,false
Kubernetes,xgr,Kubernetes---kb_1142_Normalized.json,5,2,3,2,3,5,0,completed,,,1.51344,9.22e-05,6.12e-05,1.32e-05,11413,5332,205.2,62.8,64,0,3,0,2,0,1,0,1,0.6,-1,false,false,false,false,false,false,false,false,false,true,false,false,false,false,false,false,false,false,false,false,false,false,false,false,false,false,false,false,false,false,false,false,false,false,false,true,false,true,true,true,false,false,false,152,2,2,4,0,0,0,false,false,false,false
Kubernetes,xgr,Kubernetes---kb_1143_Normalized.json,5,2,3,2,3,5,0,completed,,,0.000128,9.42e-05,6.52e-05,1.34e-05,11415,5332,205.6,62.4,63,0,3,0,2,0,1,0,1,0.6,-1,false,false,false,false,false,false,false,false,false,true,false,false,false,false,false,false,false,false,false,false,false,false,false,false,false,false,false,false,false,false,false,false,false,false,false,true,false,true,true,true,false,false,false,152,2,2,4,0,0,0,false,false,false,false
Kubernetes,xgr,Kubernetes---kb_1144_Normalized.json,5,2,3,2,3,5,0,completed,,,6.12778,0.0044174,0.0040868,0.000123,21161,11165,474.6,137.2,153,2,3,0,0,0,0,0,1,1,0,true,false,false,false,false,false,false,false,false,true,false,false,false,false,false,false,false,false,true,false,false,false,false,false,false,false,false,false,false,false,false,false,false,false,false,true,false,true,true,true,false,false,false,95,25,6,5,0,0,0,false,true,true,false
Kubernetes,xgr,Kubernetes---kb_1145_Normalized.json,1,1,0,1,0,1,0,completed,,,3.0027,0.010934,0.010472,0.000175,5635,3888,294,110,110,1,0,0,0,0,0,0,1,1,0,false,false,false,false,false,false,false,false,false,true,false,false,false,false,false,false,false,false,false,false,false,false,false,false,false,false,false,false,false,false,false,false,false,false,false,true,false,true,true,true,false,false,false,41,11,3,4,0,0,0,false,false,true,false
Kubernetes,xgr,Kubernetes---kb_1146_Normalized.json,1,1,0,1,0,1,0,completed,,,0.000105,0.016572,0.015957,0.00026,5633,3888,292,115,115,1,0,0,0,0,0,0,1,1,0,false,false,false,false,false,false,false,false,false,true,false,false,false,false,false,false,false,false,false,false,false,false,false,false,false,false,false,false,false,false,false,false,false,false,false,true,false,true,true,true,false,false,false,41,11,3,4,0,0,0,false,false,true,false
Kubernetes,xgr,Kubernetes---kb_1147_Normalized.json,3,2,1,2,1,3,0,completed,,,2.24353,0.000836,0.000722333,4.66667e-05,5876,2699,359.333,202.667,523,1,1,0,1,0,0.5,0,1,0.666667,-0.5,false,false,false,false,false,false,false,false,false,true,false,false,false,false,false,false,false,false,false,false,false,false,false,false,false,false,false,false,false,false,false,false,false,false,false,true,false,true,true,true,false,false,false,24,7,2,4,0,0,0,false,false,false,false
Kubernetes,xgr,Kubernetes---kb_1149_Normalized.json,2,1,1,1,1,2,0,completed,,,2.09262,0.000903,0.000771,5.5e-05,4914,2729,130.5,42.5,43,1,1,0,0,0,0,0,1,1,0,false,false,false,false,false,false,false,false,false,true,false,false,false,false,false,false,false,false,false,false,false,false,false,false,false,false,false,false,false,false,false,false,false,false,false,true,false,true,true,true,false,false,false,24,7,2,4,0,0,0,false,false,false,false
Kubernetes,xgr,Kubernetes---kb_114_Normalized.json,6,2,4,2,4,6,0,completed,,,8.5e-05,0.000716333,0.000622833,3.8e-05,5651,1094,137.833,43.3333,46,2,4,0,0,0,0,0,1,1,0,false,false,false,false,false,false,false,false,false,false,false,false,false,false,false,false,false,false,false,false,false,false,false,false,false,false,false,false,false,false,false,false,false,false,false,true,false,false,true,true,false,false,false,14,5,3,4,0,0,0,false,false,false,false
Kubernetes,xgr,Kubernetes---kb_1150_Normalized.json,3,2,1,2,1,3,0,completed,,,2.16366,0.046979,0.0462137,0.000267,5845,2739,335.333,195,452,1,1,0,1,0,0.5,0,1,0.666667,-0.5,false,false,false,false,false,false,false,false,false,true,false,false,false,false,false,false,false,false,false,false,false,false,false,false,false,false,false,false,false,false,false,false,false,false,false,true,false,true,true,true,false,false,false,24,7,2,4,0,0,0,false,false,false,false
Kubernetes,xgr,Kubernetes---kb_1151_Normalized.json,2,1,1,1,1,2,0,completed,,,2.10229,0.0007565,0.000658,4.15e-05,5671,2699,232.5,94.5,96,0,1,0,1,0,1,0,1,0.5,-1,false,false,false,false,false,false,false,false,false,true,false,false,false,false,false,false,false,false,false,false,false,false,false,false,false,false,false,false,false,false,false,false,false,false,false,true,false,true,true,true,false,false,false,24,7,2,4,0,0,0,false,false,false,false
Kubernetes,xgr,Kubernetes---kb_1152_Normalized.json,3,2,1,2,1,3,0,completed,,,0.000101,0.0139953,0.0136557,0.000122667,5431,2739,200,90,191,2,1,0,0,0,0,0,1,1,0,false,false,false,false,false,false,false,false,false,true,false,false,false,false,false,false,false,false,false,false,false,false,false,false,false,false,false,false,false,false,false,false,false,false,false,true,false,true,true,true,false,false,false,24,7,2,4,0,0,0,false,false,false,false
Kubernetes,xgr,Kubernetes---kb_1153_Normalized.json,4,1,3,1,3,4,0,completed,,,2.78701,0.0045705,0.00438575,6.925e-05,7695,3833,165.5,50.75,54,1,3,0,0,0,0,0,1,1,0,false,false,false,false,false,false,false,false,false,true,false,false,false,false,false,false,false,false,true,false,false,false,false,false,false,false,false,false,false,false,false,false,false,false,false,true,false,true,true,true,false,false,false,34,9,3,5,0,0,0,false,false,false,false
Kubernetes,xgr,Kubernetes---kb_1154_Normalized.json,5,2,3,2,3,5,0,completed,,,0.000131,0.0047468,0.004558,7.3e-05,8099,3833,166,50.6,53,2,3,0,0,0,0,0,1,1,0,false,false,false,false,false,false,false,false,false,true,false,false,false,false,false,false,false,false,true,false,false,false,false,false,false,false,false,false,false,false,false,false,false,false,false,true,false,true,true,true,false,false,false,34,9,3,5,0,0,0,false,false,false,false
Kubernetes,xgr,Kubernetes---kb_1155_Normalized.json,5,1,4,1,4,5,0,completed,,,1.56411,0.0003488,0.000297,2e-05,3422,401,25.6,13.8,15,1,4,0,0,0,0,0,1,1,0,false,false,false,false,false,false,false,false,false,false,false,false,false,false,false,false,false,false,false,false,false,false,false,false,false,false,false,false,false,false,false,false,false,false,false,true,false,false,false,true,false,false,false,9,2,0,4,0,0,0,false,false,false,false
Kubernetes,xgr,Kubernetes---kb_1156_Normalized.json,5,1,4,1,4,5,0,completed,,,5.1e-05,0.0002356,0.0001916,1.64e-05,3511,401,26.4,13.4,15,1,4,0,0,0,0,0,1,1,0,false,false,false,false,false,false,false,false,false,false,false,false,false,false,false,false,false,false,false,false,false,false,false,false,false,false,false,false,false,false,false,false,false,false,false,true,false,false,false,true,false,false,false,9,2,0,4,0,0,0,false,false,false,false
Kubernetes,xgr,Kubernetes---kb_1157_Normalized.json,5,2,3,2,3,5,0,completed,,,2.58625,0.0072168,0.0069542,9.1e-05,10401,3901,243,72.2,76,2,3,0,0,0,0,0,1,1,0,true,false,false,false,false,false,false,false,false,true,false,false,false,false,false,false,false,false,true,false,false,false,false,false,false,false,false,false,false,false,false,false,false,false,false,true,false,true,true,true,false,false,false,47,10,5,5,0,0,0,false,true,true,false
Kubernetes,xgr,Kubernetes---kb_1158_Normalized.json,6,2,4,2,4,6,0,completed,,,9.4e-05,0.0080985,0.0078745,7.93333e-05,10567,3901,204.333,61.5,71,2,4,0,0,0,0,0,1,1,0,true,false,false,false,false,false,false,false,false,true,false,false,false,false,false,false,false,false,true,false,false,false,false,false,false,false,false,false,false,false,false,false,false,false,false,true,false,true,true,true,false,false,false,47,10,5,5,0,0,0,false,true,true,false
Kubernetes,xgr,Kubernetes---kb_1159_Normalized.json,6,2,4,2,4,6,0,completed,,,1.57807,0.000783333,0.000693833,3.55e-05,5466,875,126,39.1667,44,2,4,0,0,0,0,0,1,1,0,false,false,false,false,false,false,false,false,false,false,false,false,false,false,false,false,false,false,false,false,false,false,false,false,false,false,false,false,false,false,false,false,false,false,false,true,false,false,false,true,false,false,false,9,3,0,4,0,0,0,false,false,false,false
Kubernetes,xgr,Kubernetes---kb_115_Normalized.json,6,2,4,2,4,6,0,completed,,,1.52676,0.000507667,0.000439333,2.23333e-05,9521,2284,113.167,38.8333,70,1,4,0,1,0,0.5,0,1,0.833333,-0.5,false,false,false,false,false,false,false,false,false,true,false,false,false,false,false,false,false,false,true,false,false,false,false,false,false,false,false,false,false,false,false,false,false,false,false,true,false,true,true,true,false,false,false,23,6,2,4,0,0,0,false,false,false,false
Kubernetes,xgr,Kubernetes---kb_1160_Normalized.json,5,2,3,2,3,5,0,completed,,,5.1e-05,0.0006978,0.0006046,3.82e-05,4612,875,127.6,37.8,40,2,3,0,0,0,0,0,1,1,0,false,false,false,false,false,false,false,false,false,false,false,false,false,false,false,false,false,false,false,false,false,false,false,false,false,false,false,false,false,false,false,false,false,false,false,true,false,false,false,true,false,false,false,9,3,0,4,0,0,0,false,false,false,false
Kubernetes,xgr,Kubernetes---kb_116_Normalized.json,6,2,4,2,4,6,0,completed,,,5.3e-05,0.000804833,0.000710167,3.4e-05,9367,2284,145.5,47.5,80,1,4,0,1,0,0.5,0,1,0.833333,-0.5,false,false,false,false,false,false,false,false,false,true,false,false,false,false,false,false,false,false,true,false,false,false,false,false,false,false,false,false,false,false,false,false,false,false,false,true,false,true,true,true,false,false,false,23,6,2,4,0,0,0,false,false,false,false
Kubernetes,xgr,Kubernetes---kb_117_Normalized.json,4,2,2,2,2,4,0,completed,,,1.72721,0.00083525,0.000723,3.55e-05,7632,2780,174,62,62,2,2,0,0,0,0,0,1,1,0,false,false,false,false,false,false,false,false,false,true,false,false,false,false,false,false,false,false,true,false,false,false,false,false,false,false,false,false,false,false,false,false,false,false,false,true,false,true,true,true,false,false,false,26,7,2,4,0,0,0,false,false,false,false
Kubernetes,xgr,Kubernetes---kb_118_Normalized.json,4,2,2,2,2,4,0,completed,,,6.5e-05,0.0011325,0.00098325,6.5e-05,7551,2780,158.25,58.25,59,2,2,0,0,0,0,0,1,1,0,false,false,false,false,false,false,false,false,false,true,false,false,false,false,false,false,false,false,true,false,false,false,false,false,false,false,false,false,false,false,false,false,false,false,false,true,false,true,true,true,false,false,false,26,7,2,4,0,0,0,false,false,false,false
Kubernetes,xgr,Kubernetes---kb_119_Normalized.json,2,2,0,2,0,2,0,completed,,,17.9556,0.032321,0.0310735,0.000469,45386,32475,1053,332,456,2,0,0,0,0,0,0,1,1,0,true,false,false,false,false,false,false,false,false,true,false,false,false,false,false,false,false,false,true,false,false,false,false,false,false,false,false,false,false,false,false,true,false,false,false,true,false,true,true,true,false,false,false,347,104,15,5,4,0,0,false,true,true,false
Kubernetes,xgr,Kubernetes---kb_11_Normalized.json,2,1,1,1,1,2,0,completed,,,1.02886,0.0002555,0.0002175,1.8e-05,1348,244,27,7.5,9,1,1,0,0,0,0,0,1,1,0,false,false,false,false,false,false,false,false,false,false,false,false,false,false,false,false,false,false,false,false,false,false,false,false,false,false,false,false,false,false,false,false,false,false,false,true,false,false,true,true,false,false,false,6,1,1,4,0,0,0,false,false,false,false
Kubernetes,xgr,Kubernetes---kb_120_Normalized.json,4,2,2,2,2,4,0,completed,,,0.000262,0.0160572,0.015513,0.00020725,49791,32475,878.25,278.25,326,2,2,0,0,0,0,0,1,1,0,true,false,false,false,false,false,false,false,false,true,false,false,false,false,false,false,false,false,true,false,false,false,false,false,false,false,false,false,false,false,false,true,false,false,false,true,false,true,true,true,false,false,false,347,104,15,5,4,0,0,false,true,true,false
Kubernetes,xgr,Kubernetes---kb_121_Normalized.json,5,1,4,1,4,5,0,completed,,,1.36299,0.0013538,0.0012574,3.52e-05,3730,414,79.4,34.2,46,1,4,0,0,0,0,0,1,1,0,false,false,false,false,false,false,false,false,false,false,false,false,false,false,false,false,false,false,true,false,false,false,false,false,false,false,false,false,false,false,false,false,false,false,false,true,false,false,true,true,false,false,false,11,2,1,5,0,0,0,false,false,false,false
Kubernetes,xgr,Kubernetes---kb_122_Normalized.json,4,1,3,1,3,4,0,completed,,,4.9e-05,0.0010135,0.00093775,2.825e-05,3444,414,73,30.75,46,1,3,0,0,0,0,0,1,1,0,false,false,false,false,false,false,false,false,false,false,false,false,false,false,false,false,false,false,true,false,false,false,false,false,false,false,false,false,false,false,false,false,false,false,false,true,false,false,true,true,false,false,false,11,2,1,5,0,0,0,false,false,false,false
Kubernetes,xgr,Kubernetes---kb_123_Normalized.json,4,1,3,1,3,4,0,completed,,,1.61322,0.0005425,0.0004685,2.375e-05,4256,1025,103,40.5,41,1,3,0,0,0,0,0,1,1,0,false,false,false,false,false,false,false,false,false,false,false,false,false,false,false,false,false,false,false,false,false,false,false,false,false,false,false,false,false,false,false,false,false,false,false,true,false,false,true,true,false,false,false,16,5,1,4,0,0,0,false,false,false,false
Kubernetes,xgr,Kubernetes---kb_124_Normalized.json,3,1,2,1,2,3,0,completed,,,6.1e-05,0.000699333,0.000616333,3.36667e-05,3582,1025,103.667,40.3333,41,1,2,0,0,0,0,0,1,1,0,false,false,false,false,false,false,false,false,false,false,false,false,false,false,false,false,false,false,false,false,false,false,false,false,false,false,false,false,false,false,false,false,false,false,false,true,false,false,true,true,false,false,false,16,5,1,4,0,0,0,false,false,false,false
Kubernetes,xgr,Kubernetes---kb_125_Normalized.json,3,2,1,2,1,3,0,completed,,,2.91951,0.00412867,0.00393133,8.6e-05,5733,3094,104.333,38,81,2,1,0,0,0,0,0,1,1,0,false,false,false,false,false,false,false,false,false,true,false,false,false,false,false,false,false,false,false,false,false,false,false,false,false,false,false,false,false,false,false,false,false,false,false,true,false,true,true,true,false,false,false,45,13,1,4,0,0,0,false,false,true,false
Kubernetes,xgr,Kubernetes---kb_126_Normalized.json,3,2,1,2,1,3,0,completed,,,7.5e-05,0.00265367,0.00249,6.26667e-05,5727,3094,102.333,37.6667,80,2,1,0,0,0,0,0,1,1,0,false,false,false,false,false,false,false,false,false,true,false,false,false,false,false,false,false,false,false,false,false,false,false,false,false,false,false,false,false,false,false,false,false,false,false,true,false,true,true,true,false,false,false,45,13,1,4,0,0,0,false,false,true,false
Kubernetes,xgr,Kubernetes---kb_127_Normalized.json,1,1,0,1,0,1,0,completed,,,0.843014,0.000988,0.000911,2.8e-05,1240,650,37,19,19,1,0,0,0,0,0,0,1,1,0,false,false,false,false,false,false,false,false,false,true,false,false,false,false,false,false,false,false,false,false,false,false,false,false,false,false,false,false,false,false,false,false,false,false,false,true,false,true,false,true,false,false,false,9,1,0,2,0,0,0,false,false,false,false
Kubernetes,xgr,Kubernetes---kb_128_Normalized.json,1,1,0,1,0,1,0,completed,,,4.4e-05,0.001058,0.000967,3.3e-05,1240,650,37,19,19,1,0,0,0,0,0,0,1,1,0,false,false,false,false,false,false,false,false,false,true,false,false,false,false,false,false,false,false,false,false,false,false,false,false,false,false,false,false,false,false,false,false,false,false,false,true,false,true,false,true,false,false,false,9,1,0,2,0,0,0,false,false,false,false
Kubernetes,xgr,Kubernetes---kb_129_Normalized.json,4,2,2,2,2,4,0,completed,,,1.64823,0.00372,0.0035595,5.5e-05,4791,1462,211.5,75.75,78,2,2,0,0,0,0,0,1,1,0,false,false,false,false,false,false,false,false,false,true,false,false,false,false,false,false,false,false,false,false,false,false,false,false,false,false,false,false,false,false,false,false,false,false,false,true,false,true,true,true,false,false,false,24,7,1,4,0,0,0,false,false,false,false
Kubernetes,xgr,Kubernetes---kb_12_Normalized.json,3,1,2,1,2,3,0,completed,,,3.8e-05,0.000137,0.000109,1.13333e-05,1804,244,22.6667,6.66667,9,1,2,0,0,0,0,0,1,1,0,false,false,false,false,false,false,false,false,false,false,false,false,false,false,false,false,false,false,false,false,false,false,false,false,false,false,false,false,false,false,false,false,false,false,false,true,false,false,true,true,false,false,false,6,1,1,4,0,0,0,false,false,false,false
Kubernetes,xgr,Kubernetes---kb_130_Normalized.json,6,2,4,2,4,6,0,completed,,,7.9e-05,0.004021,0.00385733,6.7e-05,6346,1462,213.5,75,77,2,4,0,0,0,0,0,1,1,0,false,false,false,false,false,false,false,false,false,true,false,false,false,false,false,false,false,false,false,false,false,false,false,false,false,false,false,false,false,false,false,false,false,false,false,true,false,true,true,true,false,false,false,24,7,1,4,0,0,0,false,false,false,false
Kubernetes,xgr,Kubernetes---kb_131_Normalized.json,6,2,4,2,4,6,0,completed,,,1.08384,0.0008045,0.000723833,3.8e-05,3490,315,77.3333,18.3333,23,2,4,0,0,0,0,0,1,1,0,false,false,false,false,false,false,false,false,false,false,false,false,false,false,false,false,false,false,false,false,false,false,false,false,false,false,false,false,false,false,false,false,false,false,false,true,false,false,false,true,false,false,false,7,2,0,4,0,0,0,false,false,false,false
Kubernetes,xgr,Kubernetes---kb_132_Normalized.json,6,2,4,2,4,6,0,completed,,,5.1e-05,0.000553167,0.000495167,2.6e-05,3459,315,66.6667,16.6667,20,2,4,0,0,0,0,0,1,1,0,false,false,false,false,false,false,false,false,false,false,false,false,false,false,false,false,false,false,false,false,false,false,false,false,false,false,false,false,false,false,false,false,false,false,false,true,false,false,false,true,false,false,false,7,2,0,4,0,0,0,false,false,false,false
Kubernetes,xgr,Kubernetes---kb_133_Normalized.json,5,2,3,2,3,5,0,completed,,,3.67391,0.0141352,0.0135158,0.000234,13264,5061,519.8,198.4,211,2,3,0,0,0,0,0,1,1,0,false,false,false,false,false,false,false,false,false,true,false,false,false,false,false,false,false,false,false,false,false,false,false,false,false,false,false,false,false,false,false,false,false,false,false,true,false,true,true,true,false,false,false,68,22,6,4,0,0,0,false,true,true,false
Kubernetes,xgr,Kubernetes---kb_134_Normalized.json,5,2,3,2,3,5,0,completed,,,0.000102,0.026518,0.0259268,0.000136,13963,5061,693.8,363.4,666,2,3,0,0,0,0,0,1,1,0,false,false,false,false,false,false,false,false,false,true,false,false,false,false,false,false,false,false,false,false,false,false,false,false,false,false,false,false,false,false,false,false,false,false,false,true,false,true,true,true,false,false,false,68,22,6,4,0,0,0,false,true,true,false
Kubernetes,xgr,Kubernetes---kb_135_Normalized.json,10,2,8,2,8,10,0,completed,,,7.75194,0.0001082,7.02e-05,1.58e-05,39119,16941,864.8,238.5,277,0,8,0,2,0,1,0,1,0.8,-1,true,false,false,false,false,false,false,false,false,true,false,false,false,true,false,false,false,false,true,false,false,false,false,false,false,false,false,false,false,false,false,false,false,false,false,true,false,true,true,true,false,false,false,110,33,5,5,0,2,0,false,true,true,false
Kubernetes,xgr,Kubernetes---kb_136_Normalized.json,3,1,2,1,2,3,0,completed,,,8.25888,0.000104,6.76667e-05,1.33333e-05,24705,17099,590.333,172.667,174,0,2,0,1,0,1,0,1,0.666667,-1,true,false,false,false,false,false,false,false,false,true,false,false,false,true,false,false,false,false,true,false,false,false,false,false,false,false,false,false,false,false,false,false,false,false,false,true,false,true,true,true,false,false,false,110,33,5,5,0,2,0,false,true,true,false
Kubernetes,xgr,Kubernetes---kb_137_Normalized.json,8,2,6,2,6,8,0,completed,,,7.7233,0.000107875,7.05e-05,1.5625e-05,33975,17094,652.375,203.25,239,0,6,0,2,0,1,0,1,0.75,-1,true,false,false,false,false,false,false,false,false,true,false,false,false,true,false,false,false,false,true,false,false,false,false,false,false,false,false,false,false,false,false,false,false,false,false,true,false,true,true,true,false,false,false,110,33,5,5,0,2,0,false,true,true,false
Kubernetes,xgr,Kubernetes---kb_138_Normalized.json,10,2,8,2,8,10,0,completed,,,8.29924,0.0077683,0.0075731,8.3e-05,33651,16922,529.3,148.7,234,0,8,0,2,0,1,0,1,0.8,-1,true,false,false,false,false,false,false,false,false,true,false,false,false,true,false,false,false,false,true,false,false,false,false,false,false,false,false,false,false,false,false,false,false,false,false,true,false,true,true,true,false,false,false,109,33,5,5,0,1,0,false,true,true,false
Kubernetes,xgr,Kubernetes---kb_139_Normalized.json,6,2,4,2,4,6,0,completed,,,9.43148,0.000103333,6.63333e-05,1.26667e-05,35670,20872,594.333,167.333,256,0,4,0,2,0,1,0,1,0.666667,-1,true,false,false,false,false,false,false,false,false,true,false,false,false,true,false,false,false,false,true,false,false,false,false,false,false,false,false,false,false,false,false,false,false,false,false,true,false,true,true,true,false,false,false,141,41,6,6,0,3,0,false,true,true,false
Kubernetes,xgr,Kubernetes---kb_13_Normalized.json,2,1,1,1,1,2,0,completed,,,1.16515,0.000229,0.0001855,1.6e-05,2355,747,40.5,12,12,1,1,0,0,0,0,0,1,1,0,false,false,false,false,false,false,false,false,false,false,false,false,false,false,false,false,false,false,false,false,false,false,false,false,false,false,false,false,false,false,false,false,false,false,false,true,false,false,false,true,false,false,false,7,2,0,4,0,0,0,false,false,false,false
Kubernetes,xgr,Kubernetes---kb_142_Normalized.json,8,1,7,1,7,8,0,completed,,,10.2406,0.00429825,0.00419688,3.7625e-05,40520,20853,709.375,207.375,246,0,7,0,1,0,1,0,1,0.875,-1,true,false,false,false,false,false,false,false,false,true,false,false,false,true,false,false,false,false,true,false,false,false,false,false,false,false,false,false,false,false,false,false,false,false,false,true,false,true,true,true,false,false,false,140,41,6,6,0,2,0,false,true,true,false
Kubernetes,xgr,Kubernetes---kb_143_Normalized.json,2,2,0,2,0,2,0,completed,,,80.4562,0.000188,7e-05,9.4e-05,188439,152075,281.5,86,96,0,0,0,2,0,1,0,1,0,-1,true,false,false,false,false,false,false,false,false,true,false,false,false,true,false,false,false,false,true,false,false,false,false,false,false,false,false,false,false,false,false,true,false,false,false,true,false,true,true,true,false,false,false,1464,448,76,6,4,2,0,false,true,true,false
Kubernetes,xgr,Kubernetes---kb_144_Normalized.json,1,1,0,1,0,1,0,completed,,,77.4385,0.000242,0.000101,0.000106,187575,152053,251,76,76,0,0,0,1,0,1,0,1,0,-1,true,false,false,false,false,false,false,false,false,true,false,false,false,true,false,false,false,false,true,false,false,false,false,false,false,false,false,false,false,false,false,true,false,false,false,true,false,true,true,true,false,false,false,1464,448,76,6,4,2,0,false,true,true,false
Kubernetes,xgr,Kubernetes---kb_145_Normalized.json,1,1,0,1,0,1,0,completed,,,75.6825,0.006211,0.005834,0.000208,187521,152027,253,78,78,1,0,0,0,0,0,0,1,1,0,true,false,false,false,false,false,false,false,false,true,false,false,false,true,false,false,false,false,true,false,false,false,false,false,false,false,false,false,false,false,false,true,false,false,false,true,false,true,true,true,false,false,false,1463,448,76,6,4,1,0,false,true,true,false
Kubernetes,xgr,Kubernetes---kb_146_Normalized.json,1,1,0,1,0,1,0,completed,,,85.4383,0.000189,7.2e-05,9.1e-05,192527,155958,375,119,119,0,0,0,1,0,1,0,1,0,-1,true,false,false,false,false,false,false,false,false,true,false,false,false,true,false,false,false,false,true,false,false,false,false,false,false,false,false,false,false,false,false,true,false,false,false,true,false,true,true,true,false,false,false,1495,456,77,6,4,3,0,false,true,true,false
Kubernetes,xgr,Kubernetes---kb_149_Normalized.json,4,2,2,2,2,4,0,completed,,,70.2209,0.00541225,0.0052445,7.25e-05,185853,147736,236,72.5,87,2,2,0,0,0,0,0,1,1,0,true,false,false,false,false,false,false,false,false,true,false,false,false,false,false,false,false,false,true,false,false,false,false,false,false,false,false,false,false,false,false,true,false,false,false,true,false,true,true,true,false,false,false,1419,434,76,6,4,0,0,false,true,true,false
Kubernetes,xgr,Kubernetes---kb_14_Normalized.json,3,2,1,2,1,3,0,completed,,,0.944513,0.000164667,0.000126667,1.36667e-05,2458,684,40.3333,12,12,2,1,0,0,0,0,0,1,1,0,false,false,false,false,false,false,false,false,false,false,false,false,false,false,false,false,false,false,false,false,false,false,false,false,false,false,false,false,false,false,false,false,false,false,false,true,false,false,false,true,false,false,false,7,2,0,4,0,0,0,false,false,false,false
Kubernetes,xgr,Kubernetes---kb_150_Normalized.json,4,2,2,2,2,4,0,completed,,,86.841,0.006867,0.006622,0.00014,186151,147708,253.5,75,83,2,2,0,0,0,0,0,1,1,0,true,false,false,false,false,false,false,false,false,true,false,false,false,false,false,false,false,false,true,false,false,false,false,false,false,false,false,false,false,false,false,true,false,false,false,true,false,true,true,true,false,false,false,1419,434,76,6,4,0,0,false,true,true,false
Kubernetes,xgr,Kubernetes---kb_151_Normalized.json,2,2,0,2,0,2,0,completed,,,0.000879,0.006627,0.0064245,8.25e-05,182925,147708,205,62,65,2,0,0,0,0,0,0,1,1,0,true,false,false,false,false,false,false,false,false,true,false,false,false,false,false,false,false,false,true,false,false,false,false,false,false,false,false,false,false,false,false,true,false,false,false,true,false,true,true,true,false,false,false,1419,434,76,6,4,0,0,false,true,true,false
Kubernetes,xgr,Kubernetes---kb_152_Normalized.json,6,1,5,1,5,6,0,completed,,,2.09743,0.00116683,0.00104667,2.66667e-05,9371,2717,296.833,104.667,147,1,5,0,0,0,0,0,1,1,0,false,false,false,false,false,false,false,false,false,true,false,false,false,false,false,false,false,false,true,false,false,false,false,false,false,false,false,false,false,false,false,false,false,false,false,true,false,true,false,true,false,false,false,30,9,0,4,0,0,0,false,false,false,false
Kubernetes,xgr,Kubernetes---kb_153_Normalized.json,8,2,6,2,6,8,0,completed,,,6.8e-05,0.00155388,0.00140488,3.9875e-05,10320,2717,230.5,82,140,2,6,0,0,0,0,0,1,1,0,false,false,false,false,false,false,false,false,false,true,false,false,false,false,false,false,false,false,true,false,false,false,false,false,false,false,false,false,false,false,false,false,false,false,false,true,false,true,false,true,false,false,false,30,9,0,4,0,0,0,false,false,false,false
Kubernetes,xgr,Kubernetes---kb_154_Normalized.json,6,1,5,1,5,6,0,completed,,,6.7e-05,0.00179417,0.001622,4.38333e-05,10621,2717,312.5,108.333,175,1,5,0,0,0,0,0,1,1,0,false,false,false,false,false,false,false,false,false,true,false,false,false,false,false,false,false,false,true,false,false,false,false,false,false,false,false,false,false,false,false,false,false,false,false,true,false,true,false,true,false,false,false,30,9,0,4,0,0,0,false,false,false,false
Kubernetes,xgr,Kubernetes---kb_155_Normalized.json,3,1,2,1,2,3,0,completed,,,0.895738,0.00183167,0.00176167,2.13333e-05,2478,577,54.3333,21,22,1,2,0,0,0,0,0,1,1,0,false,false,false,false,false,false,false,false,false,false,false,false,false,false,false,false,false,false,false,false,false,false,false,false,false,false,false,false,false,false,false,false,false,false,false,true,false,false,true,true,false,false,false,10,3,2,4,0,0,0,false,false,false,false
Kubernetes,xgr,Kubernetes---kb_156_Normalized.json,5,1,4,1,4,5,0,completed,,,4.8e-05,0.0021328,0.0020674,2.38e-05,3648,577,54.8,21.2,22,1,4,0,0,0,0,0,1,1,0,false,false,false,false,false,false,false,false,false,false,false,false,false,false,false,false,false,false,false,false,false,false,false,false,false,false,false,false,false,false,false,false,false,false,false,true,false,false,true,true,false,false,false,10,3,2,4,0,0,0,false,false,false,false
Kubernetes,xgr,Kubernetes---kb_157_Normalized.json,5,1,4,1,4,5,0,completed,,,9.6e-05,0.0023406,0.0022746,2.3e-05,3694,577,60.6,22.6,30,1,4,0,0,0,0,0,1,1,0,false,false,false,false,false,false,false,false,false,false,false,false,false,false,false,false,false,false,false,false,false,false,false,false,false,false,false,false,false,false,false,false,false,false,false,true,false,false,true,true,false,false,false,10,3,2,4,0,0,0,false,false,false,false
Kubernetes,xgr,Kubernetes---kb_158_Normalized.json,4,1,3,1,3,4,0,completed,,,7.3e-05,0.00208275,0.00200575,2.825e-05,3037,577,55.25,20.75,22,1,3,0,0,0,0,0,1,1,0,false,false,false,false,false,false,false,false,false,false,false,false,false,false,false,false,false,false,false,false,false,false,false,false,false,false,false,false,false,false,false,false,false,false,false,true,false,false,true,true,false,false,false,10,3,2,4,0,0,0,false,false,false,false
Kubernetes,xgr,Kubernetes---kb_159_Normalized.json,5,2,3,2,3,5,0,completed,,,10.4858,0.0001538,9.6e-05,2.12e-05,26911,18440,248,75.2,84,0,3,0,2,0,1,0,1,0.6,-1,true,false,false,false,false,false,false,false,false,true,false,false,false,true,false,false,false,false,true,false,false,false,false,false,false,false,false,false,false,false,false,false,false,false,false,true,false,true,true,true,false,false,false,117,35,5,5,0,2,0,false,true,true,false
Kubernetes,xgr,Kubernetes---kb_15_Normalized.json,4,2,2,2,2,4,0,completed,,,6.9e-05,0.00026025,0.00021025,1.725e-05,3108,684,40.5,12.25,13,2,2,0,0,0,0,0,1,1,0,false,false,false,false,false,false,false,false,false,false,false,false,false,false,false,false,false,false,false,false,false,false,false,false,false,false,false,false,false,false,false,false,false,false,false,true,false,false,false,true,false,false,false,7,2,0,4,0,0,0,false,false,false,false
Kubernetes,xgr,Kubernetes---kb_160_Normalized.json,6,2,4,2,4,6,0,completed,,,10.2581,0.000130167,7.81667e-05,1.96667e-05,28489,18644,262.833,80,88,0,4,0,2,0,1,0,1,0.666667,-1,true,false,false,false,false,false,false,false,false,true,false,false,false,true,false,false,false,false,true,false,false,false,false,false,false,false,false,false,false,false,false,false,false,false,false,true,false,true,true,true,false,false,false,116,35,5,5,0,2,0,false,true,true,false
Kubernetes,xgr,Kubernetes---kb_161_Normalized.json,8,2,6,2,6,8,0,completed,,,8.8907,0.009288,0.00908963,7.1875e-05,31344,18610,261.875,80.25,88,1,6,0,1,0,0.5,0,1,0.875,-0.5,true,false,false,false,false,false,false,false,false,true,false,false,false,true,false,false,false,false,true,false,false,false,false,false,false,false,false,false,false,false,false,false,false,false,false,true,false,true,true,true,false,false,false,115,35,5,5,0,1,0,false,true,true,false
Kubernetes,xgr,Kubernetes---kb_162_Normalized.json,7,2,5,2,5,7,0,completed,,,11.2129,0.000121714,7.58571e-05,1.57143e-05,33796,22338,322.571,101.286,128,0,5,0,2,0,1,0,1,0.714286,-1,true,false,false,false,false,false,false,false,false,true,false,false,false,true,false,false,false,false,true,false,false,false,false,false,false,false,false,false,false,false,false,false,false,false,false,true,false,true,true,true,false,false,false,148,43,6,6,0,3,0,false,true,true,false
Kubernetes,xgr,Kubernetes---kb_163_Normalized.json,5,2,3,2,3,5,0,completed,,,8.10505,0.0001008,6.16e-05,1.3e-05,31627,22557,393.2,124.8,139,0,3,0,2,0,1,0,1,0.6,-1,true,false,false,false,false,false,false,false,false,true,false,false,false,true,false,false,false,false,true,false,false,false,false,false,false,false,false,false,false,false,false,false,false,false,false,true,false,true,true,true,false,false,false,147,43,6,6,0,3,0,false,true,true,false
Kubernetes,xgr,Kubernetes---kb_164_Normalized.json,5,1,4,1,4,5,0,completed,,,7.84059,0.0086696,0.0084564,4.7e-05,32112,22523,345.2,108.2,112,1,4,0,0,0,0,0,1,1,0,true,false,false,false,false,false,false,false,false,true,false,false,false,true,false,false,false,false,true,false,false,false,false,false,false,false,false,false,false,false,false,false,false,false,false,true,false,true,true,true,false,false,false,146,43,6,6,0,2,0,false,true,true,false
Kubernetes,xgr,Kubernetes---kb_165_Normalized.json,4,1,3,1,3,4,0,completed,,,1.19087,0.0001995,0.00016025,1.5e-05,8458,3182,101.75,27.75,28,1,3,0,0,0,0,0,1,1,0,false,false,false,false,false,false,false,false,false,false,false,false,false,false,false,false,false,false,true,false,false,false,false,false,false,false,false,false,false,false,false,false,false,false,false,true,false,false,false,true,false,false,false,12,3,0,5,0,0,0,false,false,false,false
Kubernetes,xgr,Kubernetes---kb_166_Normalized.json,7,1,6,1,6,7,0,completed,,,1.08847,0.000283429,0.000224571,2.17143e-05,11010,3131,101.286,27.7143,30,1,6,0,0,0,0,0,1,1,0,false,false,false,false,false,false,false,false,false,false,false,false,false,false,false,false,false,false,true,false,false,false,false,false,false,false,false,false,false,false,false,false,false,false,false,true,false,false,false,true,false,false,false,11,3,0,5,0,0,0,false,false,false,false
Kubernetes,xgr,Kubernetes---kb_167_Normalized.json,7,1,6,1,6,7,0,completed,,,6.2e-05,0.00025,0.000199714,1.71429e-05,11041,3131,103.714,28.5714,30,1,6,0,0,0,0,0,1,1,0,false,false,false,false,false,false,false,false,false,false,false,false,false,false,false,false,false,false,true,false,false,false,false,false,false,false,false,false,false,false,false,false,false,false,false,true,false,false,false,true,false,false,false,11,3,0,5,0,0,0,false,false,false,false
Kubernetes,xgr,Kubernetes---kb_168_Normalized.json,3,1,2,1,2,3,0,completed,,,7.83904,0.000185667,0.000115,2.66667e-05,29816,18391,1178,386.667,397,0,2,0,1,0,1,0,1,0.666667,-1,true,false,false,false,false,false,false,false,false,true,false,false,false,true,false,false,false,false,true,false,false,false,false,false,false,false,false,false,false,false,false,false,false,false,false,true,false,true,true,true,false,false,false,135,38,8,5,0,2,0,false,true,true,false
Kubernetes,xgr,Kubernetes---kb_169_Normalized.json,5,2,3,2,3,5,0,completed,,,9.22601,0.000147,9.26e-05,1.94e-05,30456,18525,475.4,153.4,196,0,3,0,2,0,1,0,1,0.6,-1,true,false,false,false,false,false,false,false,false,true,false,false,false,true,false,false,false,false,true,false,false,false,false,false,false,false,false,false,false,false,false,false,false,false,false,true,false,true,true,true,false,false,false,135,38,8,5,0,2,0,false,true,true,false
Kubernetes,xgr,Kubernetes---kb_16_Normalized.json,6,2,4,2,4,6,0,completed,,,2.79197,0.00560017,0.00534517,7.65e-05,13550,3757,478.833,155.5,196,2,4,0,0,0,0,0,1,1,0,false,false,false,false,false,false,false,false,false,true,false,false,false,true,false,false,false,false,true,false,false,false,false,false,false,false,false,false,false,false,false,false,false,false,false,true,false,true,true,true,false,false,false,43,10,6,4,0,2,0,false,true,true,false
Kubernetes,xgr,Kubernetes---kb_170_Normalized.json,6,2,4,2,4,6,0,completed,,,9.00063,0.0142892,0.0139053,0.0001425,32445,18491,520.5,170,272,1,4,0,1,0,0.5,0,1,0.833333,-0.5,true,false,false,false,false,false,false,false,false,true,false,false,false,true,false,false,false,false,true,false,false,false,false,false,false,false,false,false,false,false,false,false,false,false,false,true,false,true,true,true,false,false,false,134,38,8,5,0,1,0,false,true,true,false
Kubernetes,xgr,Kubernetes---kb_171_Normalized.json,5,2,3,2,3,5,0,completed,,,1.79748,0.002445,0.0023452,3.56e-05,7106,2666,132.4,42.8,44,2,3,0,0,0,0,0,1,1,0,false,false,false,false,false,false,false,false,false,true,false,false,false,false,false,false,false,false,true,false,false,false,false,false,false,false,false,false,false,false,false,false,false,false,false,true,false,true,true,true,false,false,false,21,5,2,5,0,0,0,false,false,false,false
Kubernetes,xgr,Kubernetes---kb_172_Normalized.json,5,2,3,2,3,5,0,completed,,,1.67173,0.002356,0.0022574,3.42e-05,7467,2646,132,43.6,45,2,3,0,0,0,0,0,1,1,0,false,false,false,false,false,false,false,false,false,true,false,false,false,false,false,false,false,false,true,false,false,false,false,false,false,false,false,false,false,false,false,false,false,false,false,true,false,true,true,true,false,false,false,21,5,2,5,0,0,0,false,false,false,false
Kubernetes,xgr,Kubernetes---kb_173_Normalized.json,5,2,3,2,3,5,0,completed,,,0.000107,0.0031868,0.0030636,4.56e-05,7070,2646,129.8,42.6,43,2,3,0,0,0,0,0,1,1,0,false,false,false,false,false,false,false,false,false,true,false,false,false,false,false,false,false,false,true,false,false,false,false,false,false,false,false,false,false,false,false,false,false,false,false,true,false,true,true,true,false,false,false,21,5,2,5,0,0,0,false,false,false,false
Kubernetes,xgr,Kubernetes---kb_174_Normalized.json,5,1,4,1,4,5,0,completed,,,10.8069,0.00012,7.22e-05,1.38e-05,42829,22275,1190.6,384.6,424,0,4,0,1,0,1,0,1,0.8,-1,true,false,false,false,false,false,false,false,false,true,false,false,false,true,false,false,false,false,true,false,false,false,false,false,false,false,false,false,false,false,false,false,false,false,false,true,false,true,true,true,false,false,false,166,46,9,6,0,3,0,false,true,true,false
Kubernetes,xgr,Kubernetes---kb_175_Normalized.json,5,1,4,1,4,5,0,completed,,,7.68517,0.0001004,6.12e-05,1.26e-05,39543,22424,929.2,296.6,326,0,4,0,1,0,1,0,1,0.8,-1,true,false,false,false,false,false,false,false,false,true,false,false,false,true,false,false,false,false,true,false,false,false,false,false,false,false,false,false,false,false,false,false,false,false,false,true,false,true,true,true,false,false,false,166,46,9,6,0,3,0,false,true,true,false
Kubernetes,xgr,Kubernetes---kb_176_Normalized.json,6,1,5,1,5,6,0,completed,,,7.93072,0.00794467,0.007718,5.56667e-05,44636,22390,1112.67,367.667,413,0,5,0,1,0,1,0,1,0.833333,-1,true,false,false,false,false,false,false,false,false,true,false,false,false,true,false,false,false,false,true,false,false,false,false,false,false,false,false,false,false,false,false,false,false,false,false,true,false,true,true,true,false,false,false,165,46,9,6,0,2,0,false,true,true,false
Kubernetes,xgr,Kubernetes---kb_177_Normalized.json,6,2,4,2,4,6,0,completed,,,1.27556,0.00208633,0.00196033,2.91667e-05,11553,3281,246.5,80,95,1,4,0,1,0,0.5,0,1,0.833333,-0.5,false,false,false,false,false,false,false,false,false,true,false,false,false,false,false,false,false,false,true,false,false,false,false,false,false,false,false,false,false,false,false,false,false,false,false,true,false,true,true,true,false,false,false,31,6,3,5,0,0,0,false,false,false,false
Kubernetes,xgr,Kubernetes---kb_178_Normalized.json,8,2,6,2,6,8,0,completed,,,1.30085,0.00330337,0.0031585,3.925e-05,15126,3271,250.5,78,153,2,6,0,0,0,0,0,1,1,0,false,false,false,false,false,false,false,false,false,true,false,false,false,false,false,false,false,false,true,false,false,false,false,false,false,false,false,false,false,false,false,false,false,false,false,true,false,true,true,true,false,false,false,31,6,3,5,0,0,0,false,false,false,false
Kubernetes,xgr,Kubernetes---kb_179_Normalized.json,7,2,5,2,5,7,0,completed,,,7.6e-05,0.00410157,0.00390629,7.35714e-05,13598,3271,278.429,90.8571,175,1,5,0,1,0,0.5,0,1,0.857143,-0.5,false,false,false,false,false,false,false,false,false,true,false,false,false,false,false,false,false,false,true,false,false,false,false,false,false,false,false,false,false,false,false,false,false,false,false,true,false,true,true,true,false,false,false,31,6,3,5,0,0,0,false,false,false,false
Kubernetes,xgr,Kubernetes---kb_17_Normalized.json,8,2,6,2,6,8,0,completed,,,1.93427,0.006932,0.00658138,0.00011825,17668,3743,473.125,152.125,213,2,6,0,0,0,0,0,1,1,0,false,false,false,false,false,false,false,false,false,true,false,false,false,true,false,false,false,false,true,false,false,false,false,false,false,false,false,false,false,false,false,false,false,false,false,true,false,true,true,true,false,false,false,42,10,6,4,0,1,0,false,true,true,false
Kubernetes,xgr,Kubernetes---kb_180_Normalized.json,7,2,5,2,5,7,0,completed,,,2.08175,0.00138457,0.00129671,2.77143e-05,12729,3494,499.857,136.143,143,1,5,0,1,0,0.5,0,1,0.857143,-0.5,true,false,false,false,false,false,false,false,false,true,false,false,false,false,false,false,false,false,false,false,false,false,false,false,false,false,false,false,false,false,false,false,false,false,false,true,false,true,true,true,false,false,false,32,11,2,5,0,0,0,false,false,true,false
Kubernetes,xgr,Kubernetes---kb_181_Normalized.json,7,2,5,2,5,7,0,completed,,,6.5e-05,0.00152,0.00141143,3.8e-05,12477,3494,479.857,131.286,142,1,5,0,1,0,0.5,0,1,0.857143,-0.5,true,false,false,false,false,false,false,false,false,true,false,false,false,false,false,false,false,false,false,false,false,false,false,false,false,false,false,false,false,false,false,false,false,false,false,true,false,true,true,true,false,false,false,32,11,2,5,0,0,0,false,false,true,false
Kubernetes,xgr,Kubernetes---kb_182_Normalized.json,7,2,5,2,5,7,0,completed,,,1.40201,0.000783286,0.000686857,2.28571e-05,7819,1908,181.857,55.4286,62,2,5,0,0,0,0,0,1,1,0,true,false,false,false,false,false,false,false,false,true,false,false,false,false,false,false,false,false,false,false,false,false,false,false,false,false,false,false,false,false,false,false,false,false,false,true,false,true,true,true,false,false,false,22,6,1,5,0,0,0,false,false,false,false
Kubernetes,xgr,Kubernetes---kb_183_Normalized.json,3,1,2,1,2,3,0,completed,,,0.000101,0.001395,0.00125067,4.83333e-05,4948,1908,183.333,56.3333,62,1,2,0,0,0,0,0,1,1,0,true,false,false,false,false,false,false,false,false,true,false,false,false,false,false,false,false,false,false,false,false,false,false,false,false,false,false,false,false,false,false,false,false,false,false,true,false,true,true,true,false,false,false,22,6,1,5,0,0,0,false,false,false,false
Kubernetes,xgr,Kubernetes---kb_184_Normalized.json,6,2,4,2,4,6,0,completed,,,1.21965,0.00451867,0.0044025,3.7e-05,6874,1423,167.167,46.1667,48,2,4,0,0,0,0,0,1,1,0,false,false,false,false,false,false,false,false,false,false,false,false,false,false,false,false,false,false,false,false,false,false,false,false,false,false,false,false,false,false,false,false,false,false,false,true,false,false,true,true,false,false,false,17,6,3,4,0,0,0,false,false,false,false
Kubernetes,xgr,Kubernetes---kb_185_Normalized.json,9,2,7,2,7,9,0,completed,,,1.06988,0.000697222,0.000619556,2.78889e-05,9162,1423,162,45,48,2,7,0,0,0,0,0,1,1,0,false,false,false,false,false,false,false,false,false,false,false,false,false,false,false,false,false,false,false,false,false,false,false,false,false,false,false,false,false,false,false,false,false,false,false,true,false,false,true,true,false,false,false,17,6,3,4,0,0,0,false,false,false,false
Kubernetes,xgr,Kubernetes---kb_186_Normalized.json,10,2,8,2,8,10,0,completed,,,4.3e-05,0.000579,0.0005033,2.07e-05,9821,1423,140,42.3,44,2,8,0,0,0,0,0,1,1,0,false,false,false,false,false,false,false,false,false,false,false,false,false,false,false,false,false,false,false,false,false,false,false,false,false,false,false,false,false,false,false,false,false,false,false,true,false,false,true,true,false,false,false,17,6,3,4,0,0,0,false,false,false,false
Kubernetes,xgr,Kubernetes---kb_187_Normalized.json,2,1,1,1,1,2,0,completed,,,1.98347,0.0025275,0.0024035,4.4e-05,8118,4863,190,58.5,59,1,1,0,0,0,0,0,1,1,0,false,false,false,false,false,false,false,false,false,true,false,false,false,false,false,false,false,false,true,false,false,false,false,false,false,false,false,false,false,false,false,false,false,false,false,true,false,true,true,true,false,false,false,42,11,4,5,0,0,0,false,false,true,false
Kubernetes,xgr,Kubernetes---kb_188_Normalized.json,4,1,3,1,3,4,0,completed,,,2.33918,0.001126,0.00097125,5.4e-05,9515,4437,182.5,52,55,0,3,0,1,0,1,0,1,0.75,-1,false,false,false,false,false,false,false,false,false,true,false,false,false,false,false,false,false,false,true,false,false,false,false,false,false,false,false,false,false,false,false,false,false,false,false,true,false,true,true,true,false,false,false,36,10,3,5,0,0,0,false,false,true,false
Kubernetes,xgr,Kubernetes---kb_189_Normalized.json,6,2,4,2,4,6,0,completed,,,0.000111,0.0015345,0.0013815,5.31667e-05,10439,4437,187.167,52.5,55,1,4,0,1,0,0.5,0,1,0.833333,-0.5,false,false,false,false,false,false,false,false,false,true,false,false,false,false,false,false,false,false,true,false,false,false,false,false,false,false,false,false,false,false,false,false,false,false,false,true,false,true,true,true,false,false,false,36,10,3,5,0,0,0,false,false,true,false
Kubernetes,xgr,Kubernetes---kb_18_Normalized.json,6,2,4,2,4,6,0,completed,,,3.00793,0.0075535,0.00729267,7.38333e-05,15416,4983,409.333,134.833,138,2,4,0,0,0,0,0,1,1,0,false,false,false,false,false,false,false,false,false,true,false,false,false,true,false,false,false,false,true,false,false,false,false,false,false,false,false,false,false,false,false,false,false,false,false,true,false,true,true,true,false,false,false,60,13,7,6,0,3,0,false,true,true,false
Kubernetes,xgr,Kubernetes---kb_190_Normalized.json,4,2,2,2,2,4,0,completed,,,38.396,0.0002525,7.66667e-05,6.23333e-05,61514,45521,495.333,147,149,0,2,0,2,0,1,0,1,0.5,-1,true,false,false,false,false,false,false,false,false,true,false,false,false,true,false,false,false,false,true,false,false,false,false,false,false,false,false,false,false,false,false,false,false,false,false,true,false,true,true,true,false,false,false,363,127,25,5,0,2,0,false,true,true,false
Kubernetes,xgr,Kubernetes---kb_191_Normalized.json,3,2,1,2,1,3,0,completed,,,34.3638,0.000192,0.000118,2.9e-05,60514,48181,397,116,116,0,1,0,2,0,1,0,1,0.333333,-1,true,false,false,false,false,false,false,false,false,true,false,false,false,true,false,false,false,false,true,false,false,false,false,false,false,false,false,false,false,false,false,false,false,false,false,true,false,true,true,true,false,false,false,367,130,23,5,0,2,0,false,true,true,false
Kubernetes,xgr,Kubernetes---kb_192_Normalized.json,6,2,4,2,4,6,0,completed,,,29.3746,0.0131913,0.0127925,0.0001545,67622,48141,577.667,172,196,2,4,0,0,0,0,0,1,1,0,true,false,false,false,false,false,false,false,false,true,false,false,false,true,false,false,false,false,true,false,false,false,false,false,false,false,false,false,false,false,false,false,false,false,false,true,false,true,true,true,false,false,false,366,130,23,5,0,1,0,false,true,true,false
Kubernetes,xgr,Kubernetes---kb_193_Normalized.json,4,2,2,2,2,4,0,completed,,,1.22073,0.00619175,0.00604325,5.025e-05,4104,1285,145.5,48.25,52,2,2,0,0,0,0,0,1,1,0,false,false,false,false,false,false,false,false,false,true,false,false,false,false,false,false,false,false,false,false,false,false,false,false,false,false,false,false,false,false,false,false,false,false,false,true,false,true,true,true,false,false,false,18,5,2,4,0,0,0,false,false,false,false
Kubernetes,xgr,Kubernetes---kb_194_Normalized.json,6,2,4,2,4,6,0,completed,,,5.9e-05,0.00541083,0.00530633,3.43333e-05,5697,1285,151.667,46.1667,49,2,4,0,0,0,0,0,1,1,0,false,false,false,false,false,false,false,false,false,true,false,false,false,false,false,false,false,false,false,false,false,false,false,false,false,false,false,false,false,false,false,false,false,false,false,true,false,true,true,true,false,false,false,18,5,2,4,0,0,0,false,false,false,false
Kubernetes,xgr,Kubernetes---kb_195_Normalized.json,3,1,2,1,2,3,0,completed,,,6.6e-05,0.00665167,0.00651833,4.16667e-05,3783,1285,147.333,47.6667,49,1,2,0,0,0,0,0,1,1,0,false,false,false,false,false,false,false,false,false,true,false,false,false,false,false,false,false,false,false,false,false,false,false,false,false,false,false,false,false,false,false,false,false,false,false,true,false,true,true,true,false,false,false,18,5,2,4,0,0,0,false,false,false,false
Kubernetes,xgr,Kubernetes---kb_197_Normalized.json,4,1,3,1,3,4,0,completed,,,25.5541,0.00013575,8.175e-05,1.775e-05,69126,52135,566.5,161.75,176,0,3,0,1,0,1,0,1,0.75,-1,true,false,false,false,false,false,false,false,false,true,false,false,false,true,false,false,false,false,true,false,false,false,false,false,false,false,false,false,false,false,false,false,false,false,false,true,false,true,true,true,false,false,false,397,138,24,6,0,3,0,false,true,true,false
Kubernetes,xgr,Kubernetes---kb_199_Normalized.json,5,2,3,2,3,5,0,completed,,,1.83141,0.00122,0.0011448,2.78e-05,5558,1547,169,48.4,53,1,3,0,1,0,0.5,0,1,0.8,-0.5,false,false,false,false,false,false,false,false,false,false,false,false,false,false,false,false,false,false,true,false,false,false,false,false,false,false,false,false,false,false,false,false,false,false,false,true,false,false,true,true,false,false,false,20,6,2,5,0,0,0,false,false,false,false
Kubernetes,xgr,Kubernetes---kb_19_Normalized.json,6,1,5,1,5,6,0,completed,,,3.22378,0.0110855,0.0106828,0.000126667,17259,4969,432.5,142.167,152,1,5,0,0,0,0,0,1,1,0,false,false,false,false,false,false,false,false,false,true,false,false,false,true,false,false,false,false,true,false,false,false,false,false,false,false,false,false,false,false,false,false,false,false,false,true,false,true,true,true,false,false,false,59,13,7,6,0,2,0,false,true,true,false
Kubernetes,xgr,Kubernetes---kb_1_Normalized.json,2,2,0,2,0,2,0,completed,,,9.37208,0.0324275,0.031122,0.000482,21621,12907,1157,309,309,2,0,0,0,0,0,0,1,1,0,true,false,false,false,false,false,false,false,false,true,false,false,false,false,false,false,false,false,true,false,false,false,false,false,false,false,false,false,false,false,false,false,false,false,false,true,false,true,true,true,false,false,false,127,27,10,5,0,0,0,false,true,true,false
Kubernetes,xgr,Kubernetes---kb_200_Normalized.json,3,1,2,1,2,3,0,completed,,,8.6e-05,0.001432,0.001357,2.9e-05,4156,1547,149,44,46,1,2,0,0,0,0,0,1,1,0,false,false,false,false,false,false,false,false,false,false,false,false,false,false,false,false,false,false,true,false,false,false,false,false,false,false,false,false,false,false,false,false,false,false,false,true,false,false,true,true,false,false,false,20,6,2,5,0,0,0,false,false,false,false
Kubernetes,xgr,Kubernetes---kb_201_Normalized.json,6,2,4,2,4,6,0,completed,,,7.3e-05,0.00157533,0.001488,3.3e-05,5947,1547,165.333,47.6667,53,2,4,0,0,0,0,0,1,1,0,false,false,false,false,false,false,false,false,false,false,false,false,false,false,false,false,false,false,true,false,false,false,false,false,false,false,false,false,false,false,false,false,false,false,false,true,false,false,true,true,false,false,false,20,6,2,5,0,0,0,false,false,false,false
Kubernetes,xgr,Kubernetes---kb_202_Normalized.json,5,1,4,1,4,5,0,completed,,,26.3499,0.0434214,0.042335,0.0004908,53542,28047,1786.2,442.2,457,1,4,0,0,0,0,0,1,1,0,true,false,false,false,false,false,false,false,false,true,false,false,false,false,false,false,false,false,true,false,false,false,false,false,false,false,false,false,false,false,false,false,false,false,false,true,false,true,true,true,false,false,false,231,86,18,5,0,0,0,false,true,true,false
Kubernetes,xgr,Kubernetes---kb_203_Normalized.json,5,1,4,1,4,5,0,completed,,,24.1873,0.00226225,0.0015406,0.0001,45652,30567,439.2,131.2,218,1,4,0,0,0,0,0,1,1,0,true,false,false,false,false,false,false,false,false,true,false,false,false,false,false,false,false,false,true,false,false,false,false,false,false,false,false,false,false,false,false,false,false,false,false,true,false,true,true,true,false,false,false,235,89,16,5,0,0,0,false,true,true,false
Kubernetes,xgr,Kubernetes---kb_204_Normalized.json,6,2,4,2,4,6,0,completed,,,0.000334,0.00406933,0.00383083,9.15e-05,44911,30567,349,104.167,119,1,4,0,1,0,0.5,0,1,0.833333,-0.5,true,false,false,false,false,false,false,false,false,true,false,false,false,false,false,false,false,false,true,false,false,false,false,false,false,false,false,false,false,false,false,false,false,false,false,true,false,true,true,true,false,false,false,235,89,16,5,0,0,0,false,true,true,false
Kubernetes,xgr,Kubernetes---kb_205_Normalized.json,4,1,3,1,3,4,0,completed,,,3.32361,0.0175257,0.0171138,0.00013975,11807,4311,459.5,143.5,157,1,3,0,0,0,0,0,1,1,0,false,false,false,false,false,false,false,false,false,true,false,false,false,false,false,false,false,false,true,false,false,false,false,false,false,false,false,false,false,false,false,false,false,false,false,true,false,true,true,true,false,false,false,51,14,4,5,0,0,0,false,false,true,false
Kubernetes,xgr,Kubernetes---kb_206_Normalized.json,6,2,4,2,4,6,0,completed,,,3.30014,0.0182898,0.0178235,0.00017,13364,4331,520.5,160.333,207,2,4,0,0,0,0,0,1,1,0,false,false,false,false,false,false,false,false,false,true,false,false,false,false,false,false,false,false,true,false,false,false,false,false,false,false,false,false,false,false,false,false,false,false,false,true,false,true,true,true,false,false,false,51,14,4,5,0,0,0,false,false,true,false
Kubernetes,xgr,Kubernetes---kb_207_Normalized.json,7,2,5,2,5,7,0,completed,,,0.000116,0.018583,0.0181333,0.000157,15278,4331,495.571,149,174,2,5,0,0,0,0,0,1,1,0,false,false,false,false,false,false,false,false,false,true,false,false,false,false,false,false,false,false,true,false,false,false,false,false,false,false,false,false,false,false,false,false,false,false,false,true,false,true,true,true,false,false,false,51,14,4,5,0,0,0,false,false,true,false
Kubernetes,xgr,Kubernetes---kb_208_Normalized.json,7,2,5,2,5,7,0,completed,,,16.0907,0.00408571,0.00392657,5.38571e-05,37386,18642,590,166.429,182,1,5,0,1,0,0.5,0,1,0.857143,-0.5,true,false,false,false,false,false,false,false,false,true,false,false,false,false,false,false,false,false,true,false,false,false,false,false,false,false,false,false,false,false,false,false,false,false,false,true,false,true,true,true,false,false,false,152,63,8,5,0,0,0,false,true,true,false
Kubernetes,xgr,Kubernetes---kb_209_Normalized.json,4,2,2,2,2,4,0,completed,,,11.7249,0.004928,0.00468,7.85e-05,30385,19375,556.25,156.5,179,2,2,0,0,0,0,0,1,1,0,true,false,false,false,false,false,false,false,false,true,false,false,false,false,false,false,false,false,true,false,false,false,false,false,false,false,false,false,false,false,false,false,false,false,false,true,false,true,true,true,false,false,false,152,63,8,5,0,0,0,false,true,true,false
Kubernetes,xgr,Kubernetes---kb_20_Normalized.json,7,2,5,2,5,7,0,completed,,,1.66935,0.00304371,0.00292871,3.75714e-05,10060,2390,283,88.2857,107,2,5,0,0,0,0,0,1,1,0,false,false,false,false,false,false,false,false,false,false,false,false,false,false,false,false,false,false,true,false,false,false,false,false,false,false,false,false,false,false,false,false,false,false,false,true,false,false,true,true,false,false,false,30,10,5,5,0,0,0,false,true,true,false
Kubernetes,xgr,Kubernetes---kb_210_Normalized.json,6,2,4,2,4,6,0,completed,,,0.000239,0.00451883,0.004193,9.51667e-05,35675,19375,670.833,193.833,226,2,4,0,0,0,0,0,1,1,0,true,false,false,false,false,false,false,false,false,true,false,false,false,false,false,false,false,false,true,false,false,false,false,false,false,false,false,false,false,false,false,false,false,false,false,true,false,true,true,true,false,false,false,152,63,8,5,0,0,0,false,true,true,false
Kubernetes,xgr,Kubernetes---kb_211_Normalized.json,1,1,0,1,0,1,0,completed,,,1.46227,0.003215,0.003078,3.4e-05,4535,3496,146,39,39,1,0,0,0,0,0,0,1,1,0,false,false,false,false,false,false,false,false,false,true,false,false,false,false,false,false,false,false,false,false,false,false,false,false,false,false,false,false,false,false,false,false,false,false,false,true,false,true,true,true,false,false,false,20,5,2,4,0,0,0,false,false,false,false
Kubernetes,xgr,Kubernetes---kb_212_Normalized.json,2,1,1,1,1,2,0,completed,,,1.44292,0.0032805,0.0031565,3.85e-05,5793,3516,149.5,39.5,40,1,1,0,0,0,0,0,1,1,0,false,false,false,false,false,false,false,false,false,true,false,false,false,false,false,false,false,false,false,false,false,false,false,false,false,false,false,false,false,false,false,false,false,false,false,true,false,true,true,true,false,false,false,20,5,2,4,0,0,0,false,false,false,false
Kubernetes,xgr,Kubernetes---kb_213_Normalized.json,1,1,0,1,0,1,0,completed,,,6.9e-05,0.003179,0.003058,3.6e-05,4555,3516,146,39,39,1,0,0,0,0,0,0,1,1,0,false,false,false,false,false,false,false,false,false,true,false,false,false,false,false,false,false,false,false,false,false,false,false,false,false,false,false,false,false,false,false,false,false,false,false,true,false,true,true,true,false,false,false,20,5,2,4,0,0,0,false,false,false,false
Kubernetes,xgr,Kubernetes---kb_214_Normalized.json,4,2,2,2,2,4,0,completed,,,1.25494,0.00157575,0.0015065,2.05e-05,5332,1756,114,30.25,31,2,2,0,0,0,0,0,1,1,0,false,false,false,false,false,false,false,false,false,false,false,false,false,false,false,false,false,false,false,false,false,false,false,false,false,false,false,false,false,false,false,false,false,false,false,true,false,false,true,true,false,false,false,10,3,2,4,0,0,0,false,false,false,false
Kubernetes,xgr,Kubernetes---kb_215_Normalized.json,4,2,2,2,2,4,0,completed,,,5.6e-05,0.001601,0.00153175,2.1e-05,5332,1756,114,30.25,31,2,2,0,0,0,0,0,1,1,0,false,false,false,false,false,false,false,false,false,false,false,false,false,false,false,false,false,false,false,false,false,false,false,false,false,false,false,false,false,false,false,false,false,false,false,true,false,false,true,true,false,false,false,10,3,2,4,0,0,0,false,false,false,false
Kubernetes,xgr,Kubernetes---kb_216_Normalized.json,4,2,2,2,2,4,0,completed,,,5.8e-05,0.0011885,0.001118,2.6e-05,5333,1756,114.25,30.25,31,1,2,0,1,0,0.5,0,1,0.75,-0.5,false,false,false,false,false,false,false,false,false,false,false,false,false,false,false,false,false,false,false,false,false,false,false,false,false,false,false,false,false,false,false,false,false,false,false,true,false,false,true,true,false,false,false,10,3,2,4,0,0,0,false,false,false,false
Kubernetes,xgr,Kubernetes---kb_21_Normalized.json,6,2,4,2,4,6,0,completed,,,9.7e-05,0.00536733,0.00518217,6.51667e-05,8758,2390,290.667,90.6667,93,2,4,0,0,0,0,0,1,1,0,false,false,false,false,false,false,false,false,false,false,false,false,false,false,false,false,false,false,true,false,false,false,false,false,false,false,false,false,false,false,false,false,false,false,false,true,false,false,true,true,false,false,false,30,10,5,5,0,0,0,false,true,true,false
Kubernetes,xgr,Kubernetes---kb_220_Normalized.json,3,2,1,2,1,3,0,completed,,,15.1491,0.00309467,0.002845,0.000109333,18045,11557,394.667,119.333,152,1,1,0,1,0,0.5,0,1,0.666667,-0.5,true,false,false,false,false,false,false,false,false,true,false,false,false,false,false,false,false,false,true,false,false,false,false,false,false,false,false,false,false,false,false,false,false,false,false,true,false,true,false,true,false,false,false,98,46,0,5,0,0,0,false,false,true,false
Kubernetes,xgr,Kubernetes---kb_221_Normalized.json,2,2,0,2,0,2,0,completed,,,16.9684,0.0047285,0.0044235,0.000125,16791,11717,399,122,123,1,0,0,1,0,0.5,0,1,0.5,-0.5,true,false,false,false,false,false,false,false,false,true,false,false,false,false,false,false,false,false,true,false,false,false,false,false,false,false,false,false,false,false,false,false,false,false,false,true,false,true,false,true,false,false,false,98,46,0,5,0,0,0,false,false,true,false
Kubernetes,xgr,Kubernetes---kb_222_Normalized.json,2,2,0,2,0,2,0,completed,,,0.000201,0.005806,0.005457,0.000161,17221,11717,493,143,144,1,0,0,1,0,0.5,0,1,0.5,-0.5,true,false,false,false,false,false,false,false,false,true,false,false,false,false,false,false,false,false,true,false,false,false,false,false,false,false,false,false,false,false,false,false,false,false,false,true,false,true,false,true,false,false,false,98,46,0,5,0,0,0,false,false,true,false
Kubernetes,xgr,Kubernetes---kb_223_Normalized.json,2,1,1,1,1,2,0,completed,,,1.24428,0.0001515,0.0001185,1.25e-05,1399,239,15,7,7,1,1,0,0,0,0,0,1,1,0,false,false,false,false,false,false,false,false,false,false,false,false,false,false,false,false,false,false,false,false,false,false,false,false,false,false,false,false,false,false,false,false,false,false,false,true,false,false,true,true,false,false,false,7,1,1,4,0,0,0,false,false,false,false
Kubernetes,xgr,Kubernetes---kb_224_Normalized.json,3,1,2,1,2,3,0,completed,,,7.3e-05,0.000181,0.000147667,1.26667e-05,1921,239,14.6667,7.33333,8,1,2,0,0,0,0,0,1,1,0,false,false,false,false,false,false,false,false,false,false,false,false,false,false,false,false,false,false,false,false,false,false,false,false,false,false,false,false,false,false,false,false,false,false,false,true,false,false,true,true,false,false,false,7,1,1,4,0,0,0,false,false,false,false
Kubernetes,xgr,Kubernetes---kb_225_Normalized.json,2,2,0,2,0,2,0,completed,,,98.6872,0.000204,8.3e-05,9.15e-05,186931,150514,322.5,94.5,99,0,0,0,2,0,1,0,1,0,-1,true,false,false,false,false,false,false,false,false,true,false,false,false,true,false,false,false,false,true,false,false,false,false,false,false,false,false,false,false,false,false,true,false,false,false,true,false,true,true,true,false,false,false,1464,445,81,6,4,2,0,false,true,true,false
Kubernetes,xgr,Kubernetes---kb_228_Normalized.json,2,2,0,2,0,2,0,completed,,,94.102,0.0076585,0.007117,0.0003265,186814,150495,298.5,88.5,93,2,0,0,0,0,0,0,1,1,0,true,false,false,false,false,false,false,false,false,true,false,false,false,true,false,false,false,false,true,false,false,false,false,false,false,false,false,false,false,false,false,true,false,false,false,true,false,true,true,true,false,false,false,1463,445,81,6,4,1,0,false,true,true,false
Kubernetes,xgr,Kubernetes---kb_229_Normalized.json,5,2,3,2,3,5,0,completed,,,1.46122,0.007532,0.007383,5.02e-05,4619,1124,148.8,48.4,50,2,3,0,0,0,0,0,1,1,0,false,false,false,false,false,false,false,false,false,true,false,false,false,false,false,false,false,false,false,false,false,false,false,false,false,false,false,false,false,false,false,false,false,false,false,true,false,true,true,true,false,false,false,18,5,2,4,0,0,0,false,false,false,false
Kubernetes,xgr,Kubernetes---kb_22_Normalized.json,5,2,3,2,3,5,0,completed,,,2.76867,0.0139136,0.0134764,0.0001452,18049,3859,921,278,350,2,3,0,0,0,0,0,1,1,0,false,false,false,false,false,false,false,false,false,true,false,false,false,true,false,false,false,false,true,false,false,false,false,false,false,false,false,false,false,false,false,false,false,false,false,true,false,true,true,true,false,false,false,51,14,7,5,0,2,0,false,true,true,false
Kubernetes,xgr,Kubernetes---kb_230_Normalized.json,5,1,4,1,4,5,0,completed,,,7.1e-05,0.0075216,0.0073472,6.88e-05,5114,1124,143,47,50,1,4,0,0,0,0,0,1,1,0,false,false,false,false,false,false,false,false,false,true,false,false,false,false,false,false,false,false,false,false,false,false,false,false,false,false,false,false,false,false,false,false,false,false,false,true,false,true,true,true,false,false,false,18,5,2,4,0,0,0,false,false,false,false
Kubernetes,xgr,Kubernetes---kb_231_Normalized.json,4,2,2,2,2,4,0,completed,,,8.1e-05,0.0064695,0.006339,4.175e-05,3913,1124,142.5,48,50,2,2,0,0,0,0,0,1,1,0,false,false,false,false,false,false,false,false,false,true,false,false,false,false,false,false,false,false,false,false,false,false,false,false,false,false,false,false,false,false,false,false,false,false,false,true,false,true,true,true,false,false,false,18,5,2,4,0,0,0,false,false,false,false
Kubernetes,xgr,Kubernetes---kb_232_Normalized.json,4,1,3,1,3,4,0,completed,,,5.3e-05,0.00634625,0.00621375,4.4e-05,4288,1124,143,48,50,1,3,0,0,0,0,0,1,1,0,false,false,false,false,false,false,false,false,false,true,false,false,false,false,false,false,false,false,false,false,false,false,false,false,false,false,false,false,false,false,false,false,false,false,false,true,false,true,true,true,false,false,false,18,5,2,4,0,0,0,false,false,false,false
Kubernetes,xgr,Kubernetes---kb_237_Normalized.json,5,2,3,2,3,5,0,completed,,,87.0089,0.0051734,0.0049414,0.000116,184285,145131,327,95.8,101,2,3,0,0,0,0,0,1,1,0,true,false,false,false,false,false,false,false,false,true,false,false,false,false,false,false,false,false,true,false,false,false,false,false,false,false,false,false,false,false,false,true,false,false,false,true,false,true,true,true,false,false,false,1394,425,75,6,4,0,0,false,true,true,false
Kubernetes,xgr,Kubernetes---kb_23_Normalized.json,4,1,3,1,3,4,0,completed,,,2.34109,0.0093255,0.0090195,7.95e-05,13893,3845,724.5,221.5,269,1,3,0,0,0,0,0,1,1,0,false,false,false,false,false,false,false,false,false,true,false,false,false,true,false,false,false,false,true,false,false,false,false,false,false,false,false,false,false,false,false,false,false,false,false,true,false,true,true,true,false,false,false,50,14,7,5,0,1,0,false,true,true,false
Kubernetes,xgr,Kubernetes---kb_240_Normalized.json,4,2,2,2,2,4,0,completed,,,0.00094,0.004835,0.0046635,6e-05,182792,145131,324.25,95.25,97,2,2,0,0,0,0,0,1,1,0,true,false,false,false,false,false,false,false,false,true,false,false,false,false,false,false,false,false,true,false,false,false,false,false,false,false,false,false,false,false,false,true,false,false,false,true,false,true,true,true,false,false,false,1394,425,75,6,4,0,0,false,true,true,false
Kubernetes,xgr,Kubernetes---kb_241_Normalized.json,8,2,6,2,6,8,0,completed,,,3.71489,0.0080455,0.00786325,4.9e-05,15521,3763,388.125,119,122,2,6,0,0,0,0,0,1,1,0,false,false,false,false,false,false,false,false,false,true,false,false,false,false,false,false,false,false,true,false,false,false,false,false,false,false,false,false,false,false,false,false,false,false,false,true,false,true,true,true,false,false,false,55,15,6,4,0,0,0,false,true,true,false
Kubernetes,xgr,Kubernetes---kb_244_Normalized.json,6,2,4,2,4,6,0,completed,,,8.9e-05,0.0127073,0.0124285,7.51667e-05,13386,3763,495.333,153.167,214,2,4,0,0,0,0,0,1,1,0,false,false,false,false,false,false,false,false,false,true,false,false,false,false,false,false,false,false,true,false,false,false,false,false,false,false,false,false,false,false,false,false,false,false,false,true,false,true,true,true,false,false,false,55,15,6,4,0,0,0,false,true,true,false
Kubernetes,xgr,Kubernetes---kb_245_Normalized.json,3,1,2,1,2,3,0,completed,,,1.20028,0.000301333,0.000254,1.53333e-05,4113,1889,61.6667,19,21,1,2,0,0,0,0,0,1,1,0,false,false,false,false,false,false,false,false,false,true,false,false,false,false,false,false,false,false,false,false,false,false,false,false,false,false,false,false,false,false,false,true,false,false,false,true,false,true,false,true,false,false,false,16,3,0,4,2,0,0,false,false,false,false
Kubernetes,xgr,Kubernetes---kb_248_Normalized.json,3,1,2,1,2,3,0,completed,,,7.3e-05,0.000289667,0.000244,1.46667e-05,4113,1889,61.6667,19,21,1,2,0,0,0,0,0,1,1,0,false,false,false,false,false,false,false,false,false,true,false,false,false,false,false,false,false,false,false,false,false,false,false,false,false,false,false,false,false,false,false,true,false,false,false,true,false,true,false,true,false,false,false,16,3,0,4,2,0,0,false,false,false,false
Kubernetes,xgr,Kubernetes---kb_249_Normalized.json,7,2,5,2,5,7,0,completed,,,13.2173,0.00114714,0.001002,5.28571e-05,22758,7669,214.857,70.5714,78,1,5,0,1,0,0.5,0,1,0.857143,-0.5,false,false,false,false,false,false,false,false,false,true,false,false,false,true,false,false,false,false,true,false,false,false,false,false,false,false,false,false,false,false,false,false,false,false,false,true,false,true,false,true,false,false,false,172,9,0,5,0,48,0,true,false,false,false
Kubernetes,xgr,Kubernetes---kb_24_Normalized.json,5,1,4,1,4,5,0,completed,,,12.979,0.00016,9.96e-05,2.08e-05,37239,20128,1247,408.4,459,0,4,0,1,0,1,0,1,0.8,-1,true,false,false,false,false,false,false,false,false,true,false,false,false,true,false,false,false,false,true,false,false,false,false,false,false,false,false,false,false,false,false,false,false,false,false,true,false,true,true,true,false,false,false,159,49,8,5,0,2,0,false,true,true,false
Kubernetes,xgr,Kubernetes---kb_250_Normalized.json,8,2,6,2,6,8,0,completed,,,3.89441,0.000894125,0.00076575,4.4125e-05,16545,6468,195.875,59.5,64,2,6,0,0,0,0,0,1,1,0,false,false,false,false,false,false,false,false,false,true,false,false,false,true,false,false,false,false,true,false,false,false,false,false,false,false,false,false,false,false,false,false,false,false,false,true,false,true,false,true,false,false,false,171,9,0,5,0,1,0,false,false,false,false
Kubernetes,xgr,Kubernetes---kb_251_Normalized.json,2,2,0,2,0,2,0,completed,,,96.8871,0.000336,0.000103,0.000201,187292,150661,326.5,95.5,102,0,0,0,2,0,1,0,1,0,-1,true,false,false,false,false,false,false,false,false,true,false,false,false,true,false,false,false,false,true,false,false,false,false,false,false,false,false,false,false,false,false,true,false,false,false,true,false,true,true,true,false,false,false,1470,448,77,6,4,2,0,false,true,true,false
Kubernetes,xgr,Kubernetes---kb_255_Normalized.json,1,1,0,1,0,1,0,completed,,,97.4471,0.011671,0.011012,0.000404,186473,150642,347,102,102,1,0,0,0,0,0,0,1,1,0,true,false,false,false,false,false,false,false,false,true,false,false,false,true,false,false,false,false,true,false,false,false,false,false,false,false,false,false,false,false,false,true,false,false,false,true,false,true,true,true,false,false,false,1469,448,77,6,4,1,0,false,true,true,false
Kubernetes,xgr,Kubernetes---kb_256_Normalized.json,4,2,2,2,2,4,0,completed,,,1.92704,0.0106515,0.0104437,7.9e-05,4356,1325,202.75,69,70,2,2,0,0,0,0,0,1,1,0,false,false,false,false,false,false,false,false,false,true,false,false,false,false,false,false,false,false,false,false,false,false,false,false,false,false,false,false,false,false,false,false,false,false,false,true,false,true,true,true,false,false,false,20,6,2,4,0,0,0,false,false,false,false
Kubernetes,xgr,Kubernetes---kb_257_Normalized.json,4,2,2,2,2,4,0,completed,,,8.9e-05,0.0153505,0.0150657,0.00011125,4349,1325,205.5,69.75,72,2,2,0,0,0,0,0,1,1,0,false,false,false,false,false,false,false,false,false,true,false,false,false,false,false,false,false,false,false,false,false,false,false,false,false,false,false,false,false,false,false,false,false,false,false,true,false,true,true,true,false,false,false,20,6,2,4,0,0,0,false,false,false,false
Kubernetes,xgr,Kubernetes---kb_258_Normalized.json,5,2,3,2,3,5,0,completed,,,8.6e-05,0.0142574,0.0139982,9.7e-05,5080,1325,202.6,69.8,72,2,3,0,0,0,0,0,1,1,0,false,false,false,false,false,false,false,false,false,true,false,false,false,false,false,false,false,false,false,false,false,false,false,false,false,false,false,false,false,false,false,false,false,false,false,true,false,true,true,true,false,false,false,20,6,2,4,0,0,0,false,false,false,false
Kubernetes,xgr,Kubernetes---kb_259_Normalized.json,6,2,4,2,4,6,0,completed,,,8.9e-05,0.0099155,0.00971033,7.88333e-05,6006,1325,204.5,67,70,2,4,0,0,0,0,0,1,1,0,false,false,false,false,false,false,false,false,false,true,false,false,false,false,false,false,false,false,false,false,false,false,false,false,false,false,false,false,false,false,false,false,false,false,false,true,false,true,true,true,false,false,false,20,6,2,4,0,0,0,false,false,false,false
Kubernetes,xgr,Kubernetes---kb_25_Normalized.json,7,1,6,1,6,7,0,completed,,,12.4755,0.000117714,7.41429e-05,1.32857e-05,44990,20178,1474.29,473.429,559,0,6,0,1,0,1,0,1,0.857143,-1,true,false,false,false,false,false,false,false,false,true,false,false,false,true,false,false,false,false,true,false,false,false,false,false,false,false,false,false,false,false,false,false,false,false,false,true,false,true,true,true,false,false,false,159,49,8,5,0,2,0,false,true,true,false
Kubernetes,xgr,Kubernetes---kb_260_Normalized.json,6,2,4,2,4,6,0,completed,,,6.7e-05,0.0100683,0.00980733,0.0001105,5718,1325,201.833,67.6667,72,2,4,0,0,0,0,0,1,1,0,false,false,false,false,false,false,false,false,false,true,false,false,false,false,false,false,false,false,false,false,false,false,false,false,false,false,false,false,false,false,false,false,false,false,false,true,false,true,true,true,false,false,false,20,6,2,4,0,0,0,false,false,false,false
Kubernetes,xgr,Kubernetes---kb_269_Normalized.json,3,2,1,2,1,3,0,completed,,,79.6586,0.014925,0.0145393,0.000163667,183329,146164,430.333,130,132,2,1,0,0,0,0,0,1,1,0,true,false,false,false,false,false,false,false,false,true,false,false,false,false,false,false,false,false,true,false,false,false,false,false,false,false,false,false,false,false,false,true,false,false,false,true,false,true,true,true,false,false,false,1405,429,75,6,4,0,0,false,true,true,false
Kubernetes,xgr,Kubernetes---kb_26_Normalized.json,7,1,6,1,6,7,0,completed,,,10.7843,0.00305943,0.00285557,5.41429e-05,53042,20136,2093.57,692.714,709,0,6,0,1,0,1,0,1,0.857143,-1,true,false,false,false,false,false,false,false,false,true,false,false,false,true,false,false,false,false,true,false,false,false,false,false,false,false,false,false,false,false,false,false,false,false,false,true,false,true,true,true,false,false,false,158,49,8,5,0,1,0,false,true,true,false
Kubernetes,xgr,Kubernetes---kb_273_Normalized.json,2,2,0,2,0,2,0,completed,,,0.001016,0.019475,0.018936,0.0002145,181673,146164,434,132,134,2,0,0,0,0,0,0,1,1,0,true,false,false,false,false,false,false,false,false,true,false,false,false,false,false,false,false,false,true,false,false,false,false,false,false,false,false,false,false,false,false,true,false,false,false,true,false,true,true,true,false,false,false,1405,429,75,6,4,0,0,false,true,true,false
Kubernetes,xgr,Kubernetes---kb_274_Normalized.json,9,2,7,2,7,9,0,completed,,,3.52811,0.0131446,0.0127838,0.000107889,18249,3262,661.667,217.667,288,2,7,0,0,0,0,0,1,1,0,false,false,false,false,false,false,false,false,false,true,false,false,false,false,false,false,false,false,true,false,false,false,false,false,false,false,false,false,false,false,false,false,false,false,false,true,false,true,true,true,false,false,false,50,14,2,4,0,0,0,false,false,true,false
Kubernetes,xgr,Kubernetes---kb_278_Normalized.json,7,2,5,2,5,7,0,completed,,,7.4e-05,0.0155511,0.0151956,0.000129143,14745,3262,603.571,200.286,283,2,5,0,0,0,0,0,1,1,0,false,false,false,false,false,false,false,false,false,true,false,false,false,false,false,false,false,false,true,false,false,false,false,false,false,false,false,false,false,false,false,false,false,false,false,true,false,true,true,true,false,false,false,50,14,2,4,0,0,0,false,false,true,false
Kubernetes,xgr,Kubernetes---kb_279_Normalized.json,3,1,2,1,2,3,0,completed,,,1.31258,0.000325333,0.000276333,1.53333e-05,4831,2492,79.3333,27,29,1,2,0,0,0,0,0,1,1,0,false,false,false,false,false,false,false,false,false,true,false,false,false,false,false,false,false,false,false,false,false,false,false,false,false,false,false,false,false,false,false,true,false,false,false,true,false,true,false,true,false,false,false,18,4,0,4,2,0,0,false,false,false,false
Kubernetes,xgr,Kubernetes---kb_27_Normalized.json,4,2,2,2,2,4,0,completed,,,1.08564,0.00419475,0.00409625,2.825e-05,3980,1172,149.25,48.25,49,2,2,0,0,0,0,0,1,1,0,false,false,false,false,false,false,false,false,false,true,false,false,false,false,false,false,false,false,false,false,false,false,false,false,false,false,false,false,false,false,false,false,false,false,false,true,false,true,true,true,false,false,false,18,5,2,4,0,0,0,false,false,false,false
Kubernetes,xgr,Kubernetes---kb_283_Normalized.json,3,1,2,1,2,3,0,completed,,,5.7e-05,0.000256,0.000216333,1.2e-05,4968,2492,88,29,31,1,2,0,0,0,0,0,1,1,0,false,false,false,false,false,false,false,false,false,true,false,false,false,false,false,false,false,false,false,false,false,false,false,false,false,false,false,false,false,false,false,true,false,false,false,true,false,true,false,true,false,false,false,18,4,0,4,2,0,0,false,false,false,false
Kubernetes,xgr,Kubernetes---kb_284_Normalized.json,3,2,1,2,1,3,0,completed,,,1.59282,0.0113143,0.0111303,4.46667e-05,6865,3262,223,71,104,2,1,0,0,0,0,0,1,1,0,false,false,false,false,false,false,false,false,false,true,false,false,false,false,false,false,false,false,true,false,false,false,false,false,false,false,false,false,false,false,false,true,false,false,false,true,false,true,true,true,false,false,false,42,10,3,4,2,0,0,false,false,true,false
Kubernetes,xgr,Kubernetes---kb_285_Normalized.json,3,2,1,2,1,3,0,completed,,,6.2e-05,0.0140413,0.0137543,0.000105,7559,3262,228,72.3333,106,2,1,0,0,0,0,0,1,1,0,false,false,false,false,false,false,false,false,false,true,false,false,false,false,false,false,false,false,true,false,false,false,false,false,false,false,false,false,false,false,false,true,false,false,false,true,false,true,true,true,false,false,false,42,10,3,4,2,0,0,false,false,true,false
Kubernetes,xgr,Kubernetes---kb_286_Normalized.json,4,1,3,1,3,4,0,completed,,,1.55514,0.00821825,0.0080685,5.1e-05,7498,2755,203.5,62.25,67,1,3,0,0,0,0,0,1,1,0,false,false,false,false,false,false,false,false,false,true,false,false,false,false,false,false,false,false,false,false,false,false,false,false,false,false,false,false,false,false,false,true,false,false,false,true,false,true,true,true,false,false,false,35,9,3,4,2,0,0,false,false,false,false
Kubernetes,xgr,Kubernetes---kb_287_Normalized.json,3,2,1,2,1,3,0,completed,,,6.6e-05,0.00980867,0.009635,5.7e-05,6200,2755,199.667,60.6667,62,2,1,0,0,0,0,0,1,1,0,false,false,false,false,false,false,false,false,false,true,false,false,false,false,false,false,false,false,false,false,false,false,false,false,false,false,false,false,false,false,false,true,false,false,false,true,false,true,true,true,false,false,false,35,9,3,4,2,0,0,false,false,false,false
Kubernetes,xgr,Kubernetes---kb_288_Normalized.json,4,2,2,2,2,4,0,completed,,,1.85186,0.013059,0.0128168,6.025e-05,10035,3852,322.25,101.25,111,2,2,0,0,0,0,0,1,1,0,false,false,false,false,false,false,false,false,false,true,false,false,false,false,false,false,false,false,true,false,false,false,false,false,false,false,false,false,false,false,false,true,false,false,false,true,false,true,true,true,false,false,false,45,11,3,4,2,0,0,false,false,true,false
Kubernetes,xgr,Kubernetes---kb_289_Normalized.json,5,2,3,2,3,5,0,completed,,,7.9e-05,0.0086954,0.0085258,4.62e-05,11926,3852,337.8,106,109,2,3,0,0,0,0,0,1,1,0,false,false,false,false,false,false,false,false,false,true,false,false,false,false,false,false,false,false,true,false,false,false,false,false,false,false,false,false,false,false,false,true,false,false,false,true,false,true,true,true,false,false,false,45,11,3,4,2,0,0,false,false,true,false
Kubernetes,xgr,Kubernetes---kb_28_Normalized.json,4,2,2,2,2,4,0,completed,,,5.9e-05,0.00592375,0.005807,3.825e-05,3882,1172,138.5,46.25,47,2,2,0,0,0,0,0,1,1,0,false,false,false,false,false,false,false,false,false,true,false,false,false,false,false,false,false,false,false,false,false,false,false,false,false,false,false,false,false,false,false,false,false,false,false,true,false,true,true,true,false,false,false,18,5,2,4,0,0,0,false,false,false,false
Kubernetes,xgr,Kubernetes---kb_290_Normalized.json,3,1,2,1,2,3,0,completed,,,1.07962,0.000175667,0.000143667,1.03333e-05,3606,1188,37.3333,13.3333,14,1,2,0,0,0,0,0,1,1,0,false,false,false,false,false,false,false,false,false,true,false,false,false,false,false,false,false,false,false,false,false,false,false,false,false,false,false,false,false,false,false,true,false,false,false,true,false,true,false,true,false,false,false,11,2,0,4,2,0,0,false,false,false,false
Kubernetes,xgr,Kubernetes---kb_291_Normalized.json,2,1,1,1,1,2,0,completed,,,5.9e-05,0.0002325,0.0001965,1.25e-05,2822,1188,38,13.5,14,1,1,0,0,0,0,0,1,1,0,false,false,false,false,false,false,false,false,false,true,false,false,false,false,false,false,false,false,false,false,false,false,false,false,false,false,false,false,false,false,false,true,false,false,false,true,false,true,false,true,false,false,false,11,2,0,4,2,0,0,false,false,false,false
Kubernetes,xgr,Kubernetes---kb_293_Normalized.json,6,2,4,2,4,6,0,completed,,,2.7018,0.00194967,0.00177767,5.3e-05,11589,4568,394.167,133,143,2,4,0,0,0,0,0,1,1,0,true,false,false,false,false,false,false,false,false,true,false,false,false,false,false,false,false,false,true,false,false,false,false,false,false,false,false,false,false,false,false,false,false,false,false,true,false,true,true,true,false,false,false,42,13,1,5,0,0,0,false,false,true,false
Kubernetes,xgr,Kubernetes---kb_294_Normalized.json,6,2,4,2,4,6,0,completed,,,0.000116,0.00250583,0.00227867,6.91667e-05,11629,4568,390.833,128.5,134,2,4,0,0,0,0,0,1,1,0,true,false,false,false,false,false,false,false,false,true,false,false,false,false,false,false,false,false,true,false,false,false,false,false,false,false,false,false,false,false,false,false,false,false,false,true,false,true,true,true,false,false,false,42,13,1,5,0,0,0,false,false,true,false
Kubernetes,xgr,Kubernetes---kb_295_Normalized.json,5,2,3,2,3,5,0,completed,,,2.67612,0.0044104,0.0042114,7.4e-05,8058,2697,266.4,94,99,2,3,0,0,0,0,0,1,1,0,false,false,false,false,false,false,false,false,false,true,false,false,false,false,false,false,false,false,false,false,false,false,false,false,false,false,false,false,false,false,false,false,false,false,false,true,false,true,true,true,false,false,false,30,11,1,4,0,0,0,false,false,true,false
Kubernetes,xgr,Kubernetes---kb_296_Normalized.json,6,2,4,2,4,6,0,completed,,,0.000102,0.0031045,0.0029595,5.16667e-05,8901,2697,265.167,95.3333,100,2,4,0,0,0,0,0,1,1,0,false,false,false,false,false,false,false,false,false,true,false,false,false,false,false,false,false,false,false,false,false,false,false,false,false,false,false,false,false,false,false,false,false,false,false,true,false,true,true,true,false,false,false,30,11,1,4,0,0,0,false,false,true,false
Kubernetes,xgr,Kubernetes---kb_297_Normalized.json,3,1,2,1,2,3,0,completed,,,1.06964,8.7e-05,5.76667e-05,1.06667e-05,2524,400,14.6667,5.66667,6,1,2,0,0,0,0,0,1,1,0,false,false,false,false,false,false,false,false,false,false,false,false,false,false,false,false,false,false,false,false,false,false,false,false,false,false,false,false,false,false,false,false,false,false,false,true,false,false,false,true,false,false,false,5,1,0,4,0,0,0,false,false,false,false
Kubernetes,xgr,Kubernetes---kb_298_Normalized.json,3,1,2,1,2,3,0,completed,,,5.4e-05,8.33333e-05,5.5e-05,8.66667e-06,2524,400,14.6667,5.66667,6,1,2,0,0,0,0,0,1,1,0,false,false,false,false,false,false,false,false,false,false,false,false,false,false,false,false,false,false,false,false,false,false,false,false,false,false,false,false,false,false,false,false,false,false,false,true,false,false,false,true,false,false,false,5,1,0,4,0,0,0,false,false,false,false
Kubernetes,xgr,Kubernetes---kb_299_Normalized.json,4,1,3,1,3,4,0,completed,,,6.7e-05,8.525e-05,5.675e-05,1.1e-05,3263,400,14.25,5.5,6,1,3,0,0,0,0,0,1,1,0,false,false,false,false,false,false,false,false,false,false,false,false,false,false,false,false,false,false,false,false,false,false,false,false,false,false,false,false,false,false,false,false,false,false,false,true,false,false,false,true,false,false,false,5,1,0,4,0,0,0,false,false,false,false
Kubernetes,xgr,Kubernetes---kb_29_Normalized.json,5,2,3,2,3,5,0,completed,,,9.1e-05,0.0086566,0.0084334,9.5e-05,4652,1172,138.8,46,47,2,3,0,0,0,0,0,1,1,0,false,false,false,false,false,false,false,false,false,true,false,false,false,false,false,false,false,false,false,false,false,false,false,false,false,false,false,false,false,false,false,false,false,false,false,true,false,true,true,true,false,false,false,18,5,2,4,0,0,0,false,false,false,false
Kubernetes,xgr,Kubernetes---kb_2_Normalized.json,9,2,7,2,7,9,0,completed,,,2.16133,0.000892667,0.000775333,3.93333e-05,12469,2499,191.667,58.7778,115,2,7,0,0,0,0,0,1,1,0,true,false,false,false,false,false,false,false,false,true,false,false,false,false,false,false,false,false,true,false,false,false,false,false,false,false,false,false,false,false,false,false,false,false,false,true,false,true,true,true,false,false,false,33,6,2,5,0,0,0,false,false,false,false
Kubernetes,xgr,Kubernetes---kb_300_Normalized.json,3,1,2,1,2,3,0,completed,,,1.46744,0.000238,0.000197,1.33333e-05,4068,960,45.3333,17.6667,18,1,2,0,0,0,0,0,1,1,0,false,false,false,false,false,false,false,false,false,false,false,false,false,false,false,false,false,false,false,false,false,false,false,false,false,false,false,false,false,false,false,false,false,false,false,true,false,false,false,true,false,false,false,10,3,0,4,0,0,0,false,false,false,false
Kubernetes,xgr,Kubernetes---kb_301_Normalized.json,4,2,2,2,2,4,0,completed,,,1.65481,0.000629,0.0005405,3.2e-05,4086,1303,74.5,26.5,28,2,2,0,0,0,0,0,1,1,0,false,false,false,false,false,false,false,false,false,false,false,false,false,false,false,false,false,false,false,false,false,false,false,false,false,false,false,false,false,false,false,false,false,false,false,true,false,false,false,true,false,false,false,12,4,0,4,0,0,0,false,false,false,false
Kubernetes,xgr,Kubernetes---kb_302_Normalized.json,4,1,3,1,3,4,0,completed,,,1.52382,0.00310175,0.003033,2.575e-05,4688,983,75.25,26,27,1,3,0,0,0,0,0,1,1,0,false,false,false,false,false,false,false,false,false,false,false,false,false,false,false,false,false,false,false,false,false,false,false,false,false,false,false,false,false,false,false,false,false,false,false,true,false,false,true,true,false,false,false,13,4,1,4,0,0,0,false,false,false,false
Kubernetes,xgr,Kubernetes---kb_303_Normalized.json,3,1,2,1,2,3,0,completed,,,7.9e-05,0.000673333,0.000582667,3.5e-05,3865,1303,74,25.3333,26,1,2,0,0,0,0,0,1,1,0,false,false,false,false,false,false,false,false,false,false,false,false,false,false,false,false,false,false,false,false,false,false,false,false,false,false,false,false,false,false,false,false,false,false,false,true,false,false,false,true,false,false,false,12,4,0,4,0,0,0,false,false,false,false
Kubernetes,xgr,Kubernetes---kb_304_Normalized.json,5,2,3,2,3,5,0,completed,,,11.8302,0.00896,0.0085142,0.0001666,34736,20714,544,190,206,1,3,0,1,0,0.5,0,1,0.8,-0.5,true,false,false,false,false,false,false,false,false,true,false,false,false,true,false,false,false,false,true,false,false,false,false,false,false,false,false,false,false,false,false,false,false,false,false,true,false,true,true,true,false,false,false,163,50,6,5,0,2,0,false,true,true,false
Kubernetes,xgr,Kubernetes---kb_305_Normalized.json,4,2,2,2,2,4,0,completed,,,11.7643,0.0076425,0.007278,0.00010375,31748,20700,515.25,180.5,205,1,2,0,1,0,0.5,0,1,0.75,-0.5,true,false,false,false,false,false,false,false,false,true,false,false,false,true,false,false,false,false,true,false,false,false,false,false,false,false,false,false,false,false,false,false,false,false,false,true,false,true,true,true,false,false,false,162,50,6,5,0,1,0,false,true,true,false
Kubernetes,xgr,Kubernetes---kb_307_Normalized.json,6,2,4,2,4,6,0,completed,,,11.3345,0.000288,0.000229833,2.01667e-05,42333,21733,1269.33,393.167,443,0,4,0,2,0,1,0,1,0.666667,-1,true,false,false,false,false,false,false,false,false,true,false,false,false,true,false,false,false,false,true,false,false,false,false,false,false,false,false,false,false,false,false,false,false,false,false,true,false,true,true,true,false,false,false,168,51,7,5,0,2,0,false,true,true,false
Kubernetes,xgr,Kubernetes---kb_308_Normalized.json,6,2,4,2,4,6,0,completed,,,8.09589,0.00679833,0.0062735,0.000185333,40634,21697,1162.5,363.333,462,1,4,0,1,0,0.5,0,1,0.833333,-0.5,true,false,false,false,false,false,false,false,false,true,false,false,false,true,false,false,false,false,true,false,false,false,false,false,false,false,false,false,false,false,false,false,false,false,false,true,false,true,true,true,false,false,false,167,51,7,5,0,1,0,false,true,true,false
Kubernetes,xgr,Kubernetes---kb_30_Normalized.json,5,2,3,2,3,5,0,completed,,,11.4574,0.0001892,0.000117,2.54e-05,38902,23902,795.4,261.4,295,0,3,0,2,0,1,0,1,0.6,-1,true,false,false,false,false,false,false,false,false,true,false,false,false,true,false,false,false,false,true,false,false,false,false,false,false,false,false,false,false,false,false,false,false,false,false,true,false,true,true,true,false,false,false,188,57,9,6,0,3,0,false,true,true,false
Kubernetes,xgr,Kubernetes---kb_310_Normalized.json,8,2,6,2,6,8,0,completed,,,13.9615,0.000138,8.7125e-05,1.6625e-05,50006,25534,1044,329.125,372,0,6,0,2,0,1,0,1,0.75,-1,true,false,false,false,false,false,false,false,false,true,false,false,false,true,false,false,false,false,true,false,false,false,false,false,false,false,false,false,false,false,false,false,false,false,false,true,false,true,true,true,false,false,false,199,59,8,6,0,3,0,false,true,true,false
Kubernetes,xgr,Kubernetes---kb_311_Normalized.json,4,1,3,1,3,4,0,completed,,,10.8206,0.0061725,0.0057695,0.000113,48945,25498,2093.75,656.25,664,0,3,0,1,0,1,0,1,0.75,-1,true,false,false,false,false,false,false,false,false,true,false,false,false,true,false,false,false,false,true,false,false,false,false,false,false,false,false,false,false,false,false,false,false,false,false,true,false,true,true,true,false,false,false,198,59,8,6,0,2,0,false,true,true,false
Kubernetes,xgr,Kubernetes---kb_312_Normalized.json,5,1,4,1,4,5,0,completed,,,10.4093,0.023008,0.0224436,0.0001942,39808,24561,625.6,199.4,218,1,4,0,0,0,0,0,1,1,0,true,false,false,false,false,false,false,false,false,true,false,false,false,true,false,false,false,false,true,false,false,false,false,false,false,false,false,false,false,false,false,false,false,false,false,true,false,true,true,true,false,false,false,194,58,7,6,0,3,0,false,true,true,false
Kubernetes,xgr,Kubernetes---kb_313_Normalized.json,5,1,4,1,4,5,0,completed,,,13.7344,0.0173104,0.0169012,0.000125,40471,24547,664,206.4,237,1,4,0,0,0,0,0,1,1,0,true,false,false,false,false,false,false,false,false,true,false,false,false,true,false,false,false,false,true,false,false,false,false,false,false,false,false,false,false,false,false,false,false,false,false,true,false,true,true,true,false,false,false,193,58,7,6,0,2,0,false,true,true,false
Kubernetes,xgr,Kubernetes---kb_314_Normalized.json,6,2,4,2,4,6,0,completed,,,4.15295,0.0119527,0.0115115,0.000128167,20425,5263,798.333,267.5,326,2,4,0,0,0,0,0,1,1,0,false,false,false,false,false,false,false,false,false,true,false,false,false,false,false,false,false,false,true,false,false,false,false,false,false,false,false,false,false,false,false,false,false,false,false,true,false,true,true,true,false,false,false,58,18,2,4,0,0,0,false,false,true,false
Kubernetes,xgr,Kubernetes---kb_315_Normalized.json,6,2,4,2,4,6,0,completed,,,0.000103,0.00897217,0.0086305,9.38333e-05,19658,5263,711.333,247.667,302,2,4,0,0,0,0,0,1,1,0,false,false,false,false,false,false,false,false,false,true,false,false,false,false,false,false,false,false,true,false,false,false,false,false,false,false,false,false,false,false,false,false,false,false,false,true,false,true,true,true,false,false,false,58,18,2,4,0,0,0,false,false,true,false
Kubernetes,xgr,Kubernetes---kb_316_Normalized.json,3,1,2,1,2,3,0,completed,,,1.95362,0.000450333,0.000374667,2.06667e-05,4485,1771,133,40,41,1,2,0,0,0,0,0,1,1,0,false,false,false,false,false,false,false,false,false,true,false,false,false,false,false,false,false,false,false,false,false,false,false,false,false,false,false,false,false,false,false,false,false,false,false,true,false,true,false,true,false,false,false,24,7,0,4,0,0,0,false,false,false,false
Kubernetes,xgr,Kubernetes---kb_317_Normalized.json,5,2,3,2,3,5,0,completed,,,7.9e-05,0.0004838,0.0003982,2.5e-05,5572,1771,133.4,40,41,2,3,0,0,0,0,0,1,1,0,false,false,false,false,false,false,false,false,false,true,false,false,false,false,false,false,false,false,false,false,false,false,false,false,false,false,false,false,false,false,false,false,false,false,false,true,false,true,false,true,false,false,false,24,7,0,4,0,0,0,false,false,false,false
Kubernetes,xgr,Kubernetes---kb_318_Normalized.json,2,1,1,1,1,2,0,completed,,,2.84612,0.0003235,0.0002705,1.15e-05,7593,4621,124.5,39.5,42,1,1,0,0,0,0,0,1,1,0,false,false,false,false,false,false,false,false,false,true,false,false,false,false,false,false,false,false,false,false,false,false,false,false,false,false,false,false,false,false,false,true,false,false,false,true,false,true,true,true,false,false,false,63,18,5,4,2,0,0,false,true,true,false
Kubernetes,xgr,Kubernetes---kb_319_Normalized.json,4,1,3,1,3,4,0,completed,,,0.000111,0.00103175,0.00094725,2.4e-05,9043,4621,117.25,37.5,41,1,3,0,0,0,0,0,1,1,0,false,false,false,false,false,false,false,false,false,true,false,false,false,false,false,false,false,false,false,false,false,false,false,false,false,false,false,false,false,false,false,true,false,false,false,true,false,true,true,true,false,false,false,63,18,5,4,2,0,0,false,true,true,false
Kubernetes,xgr,Kubernetes---kb_31_Normalized.json,4,2,2,2,2,4,0,completed,,,9.60623,0.000171,0.00010475,2.25e-05,36773,23967,941,301.75,303,0,2,0,2,0,1,0,1,0.5,-1,true,false,false,false,false,false,false,false,false,true,false,false,false,true,false,false,false,false,true,false,false,false,false,false,false,false,false,false,false,false,false,false,false,false,false,true,false,true,true,true,false,false,false,188,57,9,6,0,3,0,false,true,true,false
Kubernetes,xgr,Kubernetes---kb_320_Normalized.json,2,1,1,1,1,2,0,completed,,,2.67217,0.005341,0.005103,8.75e-05,7607,3591,359.5,108,118,1,1,0,0,0,0,0,1,1,0,false,false,false,false,false,false,false,false,false,true,false,false,false,false,false,false,false,false,false,false,false,false,false,false,false,false,false,false,false,false,false,true,false,false,false,true,false,true,true,true,false,false,false,53,15,4,4,2,0,0,false,false,true,false
Kubernetes,xgr,Kubernetes---kb_321_Normalized.json,3,1,2,1,2,3,0,completed,,,8.5e-05,0.00596167,0.00577767,5.43333e-05,7465,3591,243.333,73,98,1,2,0,0,0,0,0,1,1,0,false,false,false,false,false,false,false,false,false,true,false,false,false,false,false,false,false,false,false,false,false,false,false,false,false,false,false,false,false,false,false,true,false,false,false,true,false,true,true,true,false,false,false,53,15,4,4,2,0,0,false,false,true,false
Kubernetes,xgr,Kubernetes---kb_322_Normalized.json,4,2,2,2,2,4,0,completed,,,20.4245,0.00594725,0.00570625,8.1e-05,45597,31659,497,148.5,159,2,2,0,0,0,0,0,1,1,0,true,false,false,false,false,false,false,false,false,true,false,false,false,false,false,false,false,false,true,false,false,false,false,false,false,false,false,false,false,false,false,true,false,false,false,true,false,true,true,true,false,false,false,345,105,15,5,4,0,0,false,true,true,false
Kubernetes,xgr,Kubernetes---kb_323_Normalized.json,5,2,3,2,3,5,0,completed,,,0.000346,0.0047292,0.0045602,5.82e-05,46819,31659,382.4,119.4,163,1,3,0,1,0,0.5,0,1,0.8,-0.5,true,false,false,false,false,false,false,false,false,true,false,false,false,false,false,false,false,false,true,false,false,false,false,false,false,false,false,false,false,false,false,true,false,false,false,true,false,true,true,true,false,false,false,345,105,15,5,4,0,0,false,true,true,false
Kubernetes,xgr,Kubernetes---kb_324_Normalized.json,4,1,3,1,3,4,0,completed,,,9.64236,9.65e-05,6.175e-05,1.15e-05,32554,20258,900.75,296,316,0,3,0,1,0,1,0,1,0.75,-1,true,false,false,false,false,false,false,false,false,true,false,false,false,true,false,false,false,false,true,false,false,false,false,false,false,false,false,false,false,false,false,false,false,false,false,true,false,true,true,true,false,false,false,169,57,8,5,0,2,0,false,true,true,false
Kubernetes,xgr,Kubernetes---kb_325_Normalized.json,5,1,4,1,4,5,0,completed,,,9.82085,0.013709,0.0129016,0.0003052,38969,19909,1506,467.6,485,0,4,0,1,0,1,0,1,0.8,-1,true,false,false,false,false,false,false,false,false,true,false,false,false,true,false,false,false,false,true,false,false,false,false,false,false,false,false,false,false,false,false,false,false,false,false,true,false,true,true,true,false,false,false,169,57,6,5,0,2,0,false,true,true,false
Kubernetes,xgr,Kubernetes---kb_326_Normalized.json,6,1,5,1,5,6,0,completed,,,12.7617,0.0159035,0.0150608,0.000331333,38731,20225,1241.17,383.833,399,1,5,0,0,0,0,0,1,1,0,true,false,false,false,false,false,false,false,false,true,false,false,false,true,false,false,false,false,true,false,false,false,false,false,false,false,false,false,false,false,false,false,false,false,false,true,false,true,true,true,false,false,false,168,57,8,5,0,1,0,false,true,true,false
Kubernetes,xgr,Kubernetes---kb_327_Normalized.json,5,1,4,1,4,5,0,completed,,,13.0363,0.0001252,7.74e-05,1.52e-05,40402,24081,936.8,298.4,364,0,4,0,1,0,1,0,1,0.8,-1,true,false,false,false,false,false,false,false,false,true,false,false,false,true,false,false,false,false,true,false,false,false,false,false,false,false,false,false,false,false,false,false,false,false,false,true,false,true,true,true,false,false,false,200,65,9,6,0,3,0,false,true,true,false
Kubernetes,xgr,Kubernetes---kb_328_Normalized.json,8,2,6,2,6,8,0,completed,,,10.3359,0.018972,0.0182716,0.000195,47328,23676,996.25,332.75,458,2,6,0,0,0,0,0,1,1,0,true,false,false,false,false,false,false,false,false,true,false,false,false,true,false,false,false,false,true,false,false,false,false,false,false,false,false,false,false,false,false,false,false,false,false,true,false,true,true,true,false,false,false,200,65,7,6,0,3,0,false,true,true,false
Kubernetes,xgr,Kubernetes---kb_329_Normalized.json,5,2,3,2,3,5,0,completed,,,13.6126,0.026853,0.0254848,0.000536,40828,24048,1166.2,374,375,2,3,0,0,0,0,0,1,1,0,true,false,false,false,false,false,false,false,false,true,false,false,false,true,false,false,false,false,true,false,false,false,false,false,false,false,false,false,false,false,false,false,false,false,false,true,false,true,true,true,false,false,false,199,65,9,6,0,2,0,false,true,true,false
Kubernetes,xgr,Kubernetes---kb_32_Normalized.json,4,1,3,1,3,4,0,completed,,,12.4908,0.0219137,0.021106,0.00025625,37443,23925,866,285.5,314,1,3,0,0,0,0,0,1,1,0,true,false,false,false,false,false,false,false,false,true,false,false,false,true,false,false,false,false,true,false,false,false,false,false,false,false,false,false,false,false,false,false,false,false,false,true,false,true,true,true,false,false,false,187,57,9,6,0,2,0,false,true,true,false
Kubernetes,xgr,Kubernetes---kb_330_Normalized.json,6,2,4,2,4,6,0,completed,,,1.13825,0.000724333,0.000648833,2.28333e-05,4746,962,83.8333,36.8333,37,2,4,0,0,0,0,0,1,1,0,false,false,false,false,false,false,false,false,false,true,false,false,false,false,false,false,false,false,false,false,false,false,false,false,false,false,false,false,false,false,false,false,false,false,false,true,false,true,true,true,false,false,false,15,3,3,4,0,0,0,false,false,false,false
Kubernetes,xgr,Kubernetes---kb_331_Normalized.json,4,1,3,1,3,4,0,completed,,,1.3156,0.000303,0.0002665,9.25e-06,3849,868,91.75,38.75,42,1,3,0,0,0,0,0,1,1,0,false,false,false,false,false,false,false,false,false,true,false,false,false,false,false,false,false,false,false,false,false,false,false,false,false,false,false,false,false,false,false,false,false,false,false,true,false,true,false,true,false,false,false,14,3,0,4,0,0,0,false,false,false,false
Kubernetes,xgr,Kubernetes---kb_332_Normalized.json,4,1,3,1,3,4,0,completed,,,5.5e-05,0.00045325,0.00040475,1.65e-05,3848,962,85.75,37.5,39,1,3,0,0,0,0,0,1,1,0,false,false,false,false,false,false,false,false,false,true,false,false,false,false,false,false,false,false,false,false,false,false,false,false,false,false,false,false,false,false,false,false,false,false,false,true,false,true,true,true,false,false,false,15,3,3,4,0,0,0,false,false,false,false
Kubernetes,xgr,Kubernetes---kb_333_Normalized.json,5,2,3,2,3,5,0,completed,,,0.803853,0.0002208,0.0001796,1.38e-05,2686,288,40.8,14,15,2,3,0,0,0,0,0,1,1,0,false,false,false,false,false,false,false,false,false,false,false,false,false,false,false,false,false,false,false,false,false,false,false,false,false,false,false,false,false,false,false,false,false,false,false,true,false,false,false,true,false,false,false,7,2,0,4,0,0,0,false,false,false,false
Kubernetes,xgr,Kubernetes---kb_334_Normalized.json,5,2,3,2,3,5,0,completed,,,4.4e-05,0.0002574,0.0002152,1.66e-05,2689,288,41.4,13.4,14,2,3,0,0,0,0,0,1,1,0,false,false,false,false,false,false,false,false,false,false,false,false,false,false,false,false,false,false,false,false,false,false,false,false,false,false,false,false,false,false,false,false,false,false,false,true,false,false,false,true,false,false,false,7,2,0,4,0,0,0,false,false,false,false
Kubernetes,xgr,Kubernetes---kb_335_Normalized.json,4,2,2,2,2,4,0,completed,,,8.96906,0.0001005,6.525e-05,1.275e-05,31448,21161,279.75,87.5,92,0,2,0,2,0,1,0,1,0.5,-1,true,false,false,false,false,false,false,false,false,true,false,false,false,true,false,false,false,false,true,false,false,false,false,false,false,false,false,false,false,false,false,false,false,false,false,true,false,true,true,true,false,false,false,274,41,4,6,0,3,0,false,false,true,false
Kubernetes,xgr,Kubernetes---kb_336_Normalized.json,4,2,2,2,2,4,0,completed,,,11.208,0.0039515,0.00365075,0.0001065,33358,21135,585.75,193.25,408,0,2,0,2,0,1,0,1,0.5,-1,true,false,false,false,false,false,false,false,false,true,false,false,false,true,false,false,false,false,true,false,false,false,false,false,false,false,false,false,false,false,false,false,false,false,false,true,false,true,true,true,false,false,false,273,41,4,6,0,2,0,false,false,true,false
Kubernetes,xgr,Kubernetes---kb_337_Normalized.json,6,2,4,2,4,6,0,completed,,,1.07814,0.0005185,0.000458,2.35e-05,3510,583,48.5,17.1667,19,2,4,0,0,0,0,0,1,1,0,false,false,false,false,false,false,false,false,false,false,false,false,false,false,false,false,false,false,true,false,false,false,false,false,false,false,false,false,false,false,false,false,false,false,false,true,false,false,false,true,false,false,false,7,1,0,5,0,0,0,false,false,false,false
Kubernetes,xgr,Kubernetes---kb_338_Normalized.json,4,1,3,1,3,4,0,completed,,,5.7e-05,0.0005055,0.0004455,2.175e-05,2773,583,46.25,16.25,17,1,3,0,0,0,0,0,1,1,0,false,false,false,false,false,false,false,false,false,false,false,false,false,false,false,false,false,false,true,false,false,false,false,false,false,false,false,false,false,false,false,false,false,false,false,true,false,false,false,true,false,false,false,7,1,0,5,0,0,0,false,false,false,false
Kubernetes,xgr,Kubernetes---kb_339_Normalized.json,4,2,2,2,2,4,0,completed,,,1.24062,0.00100725,0.0009015,4.7e-05,2052,212,79.25,19,22,2,2,0,0,0,0,0,1,1,0,false,false,false,false,false,false,false,false,false,false,false,false,false,false,false,false,false,false,false,false,false,false,false,false,false,false,false,false,false,false,false,false,false,false,false,true,false,false,false,true,false,false,false,5,2,0,4,0,0,0,false,false,false,false
Kubernetes,xgr,Kubernetes---kb_33_Normalized.json,3,2,1,2,1,3,0,completed,,,2.71305,0.00422267,0.00407467,4.6e-05,6905,3809,220,69.3333,71,2,1,0,0,0,0,0,1,1,0,false,false,false,false,false,false,false,false,false,true,false,false,false,false,false,false,false,false,false,false,false,false,false,false,false,false,false,false,false,false,false,false,false,false,false,true,false,true,true,true,false,false,false,32,10,2,4,0,0,0,false,false,true,false
Kubernetes,xgr,Kubernetes---kb_340_Normalized.json,6,2,4,2,4,6,0,completed,,,4.6e-05,0.000411667,0.0003545,2.2e-05,2996,212,70.6667,17.8333,22,2,4,0,0,0,0,0,1,1,0,false,false,false,false,false,false,false,false,false,false,false,false,false,false,false,false,false,false,false,false,false,false,false,false,false,false,false,false,false,false,false,false,false,false,false,true,false,false,false,true,false,false,false,5,2,0,4,0,0,0,false,false,false,false
Kubernetes,xgr,Kubernetes---kb_341_Normalized.json,5,2,3,2,3,5,0,completed,,,5.8e-05,0.0006326,0.00056,2.84e-05,2492,212,75.8,18.4,22,2,3,0,0,0,0,0,1,1,0,false,false,false,false,false,false,false,false,false,false,false,false,false,false,false,false,false,false,false,false,false,false,false,false,false,false,false,false,false,false,false,false,false,false,false,true,false,false,false,true,false,false,false,5,2,0,4,0,0,0,false,false,false,false
Kubernetes,xgr,Kubernetes---kb_342_Normalized.json,3,1,2,1,2,3,0,completed,,,2.05208,0.000832333,0.000727333,4.26667e-05,6382,3346,114.333,31,32,1,2,0,0,0,0,0,1,1,0,true,false,false,false,false,false,false,false,false,true,false,false,false,false,false,false,false,false,true,false,false,false,false,false,false,false,false,false,false,false,false,true,false,false,false,true,false,true,true,true,false,false,false,41,9,3,5,2,0,0,false,false,false,false
Kubernetes,xgr,Kubernetes---kb_343_Normalized.json,3,2,1,2,1,3,0,completed,,,2.17989,0.000955,0.000813,4.56667e-05,8010,4746,126,40.3333,41,2,1,0,0,0,0,0,1,1,0,true,false,false,false,false,false,false,false,false,true,false,false,false,false,false,false,false,false,true,false,false,false,false,false,false,false,false,false,false,false,false,true,false,false,false,true,false,true,true,true,false,false,false,58,13,6,5,2,0,0,false,true,true,false
Kubernetes,xgr,Kubernetes---kb_344_Normalized.json,4,2,2,2,2,4,0,completed,,,7.8e-05,0.000607,0.00051275,2.65e-05,8818,4746,131.5,41.5,46,2,2,0,0,0,0,0,1,1,0,true,false,false,false,false,false,false,false,false,true,false,false,false,false,false,false,false,false,true,false,false,false,false,false,false,false,false,false,false,false,false,true,false,false,false,true,false,true,true,true,false,false,false,58,13,6,5,2,0,0,false,true,true,false
Kubernetes,xgr,Kubernetes---kb_345_Normalized.json,5,2,3,2,3,5,0,completed,,,1.58066,0.001239,0.0011648,2.22e-05,7625,3167,155.8,45.4,66,2,3,0,0,0,0,0,1,1,0,true,false,false,false,false,false,false,false,false,true,false,false,false,false,false,false,false,false,true,false,false,false,false,false,false,false,false,false,false,false,false,true,false,false,false,true,false,true,true,true,false,false,false,41,9,4,5,2,0,0,false,false,false,false
Kubernetes,xgr,Kubernetes---kb_346_Normalized.json,3,2,1,2,1,3,0,completed,,,2.0099,0.000767,0.000651333,3.9e-05,7916,4435,155.333,46,52,2,1,0,0,0,0,0,1,1,0,true,false,false,false,false,false,false,false,false,true,false,false,false,false,false,false,false,false,true,false,false,false,false,false,false,false,false,false,false,false,false,true,false,false,false,true,false,true,true,true,false,false,false,55,12,5,5,2,0,0,false,true,true,false
Kubernetes,xgr,Kubernetes---kb_347_Normalized.json,4,2,2,2,2,4,0,completed,,,0.000129,0.000547,0.000467,2.325e-05,9284,4435,160,48.25,52,2,2,0,0,0,0,0,1,1,0,true,false,false,false,false,false,false,false,false,true,false,false,false,false,false,false,false,false,true,false,false,false,false,false,false,false,false,false,false,false,false,true,false,false,false,true,false,true,true,true,false,false,false,55,12,5,5,2,0,0,false,true,true,false
Kubernetes,xgr,Kubernetes---kb_348_Normalized.json,4,2,2,2,2,4,0,completed,,,1.72489,0.00151925,0.0013655,4.95e-05,4166,1067,127.5,52,63,2,2,0,0,0,0,0,1,1,0,false,false,false,false,false,false,false,false,false,false,false,false,false,false,false,false,false,false,true,false,false,false,false,false,false,false,false,false,false,false,false,false,false,false,false,true,false,false,false,true,false,false,false,18,5,0,5,0,0,0,false,false,false,false
Kubernetes,xgr,Kubernetes---kb_349_Normalized.json,3,1,2,1,2,3,0,completed,,,6.7e-05,0.000710667,0.000621333,3.2e-05,4127,1067,120,47,50,1,2,0,0,0,0,0,1,1,0,false,false,false,false,false,false,false,false,false,false,false,false,false,false,false,false,false,false,true,false,false,false,false,false,false,false,false,false,false,false,false,false,false,false,false,true,false,false,false,true,false,false,false,18,5,0,5,0,0,0,false,false,false,false
Kubernetes,xgr,Kubernetes---kb_34_Normalized.json,3,2,1,2,1,3,0,completed,,,2.46571,0.00651867,0.006301,7.06667e-05,6728,3819,216,66.6667,67,2,1,0,0,0,0,0,1,1,0,false,false,false,false,false,false,false,false,false,true,false,false,false,false,false,false,false,false,false,false,false,false,false,false,false,false,false,false,false,false,false,false,false,false,false,true,false,true,true,true,false,false,false,32,10,2,4,0,0,0,false,false,true,false
Kubernetes,xgr,Kubernetes---kb_354_Normalized.json,6,1,5,1,5,6,0,completed,,,2.08505,0.000826833,0.000726333,3.5e-05,7020,1749,175.833,56.8333,63,1,5,0,0,0,0,0,1,1,0,true,false,false,false,false,false,false,false,false,true,false,false,false,false,false,false,false,false,false,false,false,false,false,false,false,false,false,false,false,false,false,false,false,false,false,true,false,true,true,true,false,false,false,24,7,1,5,0,0,0,false,false,false,false
Kubernetes,xgr,Kubernetes---kb_355_Normalized.json,7,1,6,1,6,7,0,completed,,,8.6e-05,0.000740857,0.000649857,3.1e-05,7717,1749,177.571,58,63,1,6,0,0,0,0,0,1,1,0,true,false,false,false,false,false,false,false,false,true,false,false,false,false,false,false,false,false,false,false,false,false,false,false,false,false,false,false,false,false,false,false,false,false,false,true,false,true,true,true,false,false,false,24,7,1,5,0,0,0,false,false,false,false
Kubernetes,xgr,Kubernetes---kb_356_Normalized.json,7,2,5,2,5,7,0,completed,,,1.71059,0.000952429,0.000841714,3.78571e-05,7031,1666,152.714,51.5714,57,2,5,0,0,0,0,0,1,1,0,true,false,false,false,false,false,false,false,false,true,false,false,false,false,false,false,false,false,false,false,false,false,false,false,false,false,false,false,false,false,false,false,false,false,false,true,false,true,true,true,false,false,false,22,6,1,5,0,0,0,false,false,false,false
Kubernetes,xgr,Kubernetes---kb_357_Normalized.json,8,2,6,2,6,8,0,completed,,,7.5e-05,0.00100687,0.000894,3.875e-05,7738,1666,151.5,51.125,57,2,6,0,0,0,0,0,1,1,0,true,false,false,false,false,false,false,false,false,true,false,false,false,false,false,false,false,false,false,false,false,false,false,false,false,false,false,false,false,false,false,false,false,false,false,true,false,true,true,true,false,false,false,22,6,1,5,0,0,0,false,false,false,false
Kubernetes,xgr,Kubernetes---kb_358_Normalized.json,3,1,2,1,2,3,0,completed,,,1.40215,0.000512667,0.000450333,2.1e-05,2353,535,41,15.3333,24,1,2,0,0,0,0,0,1,1,0,false,false,false,false,false,false,false,false,false,false,false,false,false,false,false,false,false,false,false,false,false,false,false,false,false,false,false,false,false,false,false,false,false,false,false,true,false,false,false,true,false,false,false,7,2,0,4,0,0,0,false,false,false,false
Kubernetes,xgr,Kubernetes---kb_359_Normalized.json,3,1,2,1,2,3,0,completed,,,6.6e-05,0.000521,0.000459667,2.3e-05,2275,535,32,12.3333,24,1,2,0,0,0,0,0,1,1,0,false,false,false,false,false,false,false,false,false,false,false,false,false,false,false,false,false,false,false,false,false,false,false,false,false,false,false,false,false,false,false,false,false,false,false,true,false,false,false,true,false,false,false,7,2,0,4,0,0,0,false,false,false,false
Kubernetes,xgr,Kubernetes---kb_35_Normalized.json,3,2,1,2,1,3,0,completed,,,0.000145,0.00555733,0.00536367,7.13333e-05,6898,3819,214.333,68,69,2,1,0,0,0,0,0,1,1,0,false,false,false,false,false,false,false,false,false,true,false,false,false,false,false,false,false,false,false,false,false,false,false,false,false,false,false,false,false,false,false,false,false,false,false,true,false,true,true,true,false,false,false,32,10,2,4,0,0,0,false,false,true,false
Kubernetes,xgr,Kubernetes---kb_360_Normalized.json,3,1,2,1,2,3,0,completed,,,0.872512,0.000148,0.000115667,1.1e-05,2060,302,14,6.33333,7,1,2,0,0,0,0,0,1,1,0,false,false,false,false,false,false,false,false,false,false,false,false,false,false,false,false,false,false,false,false,false,false,false,false,false,false,false,false,false,false,false,false,false,false,false,true,false,false,true,true,false,false,false,6,1,1,4,0,0,0,false,false,false,false
Kubernetes,xgr,Kubernetes---kb_361_Normalized.json,2,1,1,1,1,2,0,completed,,,7.2e-05,0.000178,0.0001475,1e-05,1497,302,15.5,6.5,7,1,1,0,0,0,0,0,1,1,0,false,false,false,false,false,false,false,false,false,false,false,false,false,false,false,false,false,false,false,false,false,false,false,false,false,false,false,false,false,false,false,false,false,false,false,true,false,false,true,true,false,false,false,6,1,1,4,0,0,0,false,false,false,false
Kubernetes,xgr,Kubernetes---kb_362_Normalized.json,3,2,1,2,1,3,0,completed,,,13.6775,0.000183,0.000117,2.16667e-05,39028,27240,629.667,188.667,224,0,1,0,2,0,1,0,1,0.333333,-1,true,false,false,false,false,false,false,false,false,true,false,false,false,true,false,false,false,false,true,false,false,false,false,false,false,false,false,false,false,false,false,false,false,false,false,true,false,true,true,true,false,false,false,250,63,18,6,0,2,0,false,true,true,false
Kubernetes,xgr,Kubernetes---kb_363_Normalized.json,4,2,2,2,2,4,0,completed,,,11.8549,0.011675,0.011157,0.000188,41806,27191,760,224.5,229,2,2,0,0,0,0,0,1,1,0,true,false,false,false,false,false,false,false,false,true,false,false,false,true,false,false,false,false,true,false,false,false,false,false,false,false,false,false,false,false,false,false,false,false,false,true,false,true,true,true,false,false,false,249,63,18,6,0,1,0,false,true,true,false
Kubernetes,xgr,Kubernetes---kb_364_Normalized.json,4,2,2,2,2,4,0,completed,,,1.99184,0.00224275,0.002082,5.9e-05,4038,1204,158,49,52,2,2,0,0,0,0,0,1,1,0,false,false,false,false,false,false,false,false,false,true,false,false,false,false,false,false,false,false,false,false,false,false,false,false,false,false,false,false,false,false,false,false,false,false,false,true,false,true,false,true,false,false,false,17,5,0,4,0,0,0,false,false,false,false
Kubernetes,xgr,Kubernetes---kb_365_Normalized.json,6,2,4,2,4,6,0,completed,,,7.4e-05,0.00206217,0.00191117,5.78333e-05,5498,1204,160.167,50.3333,56,2,4,0,0,0,0,0,1,1,0,false,false,false,false,false,false,false,false,false,true,false,false,false,false,false,false,false,false,false,false,false,false,false,false,false,false,false,false,false,false,false,false,false,false,false,true,false,true,false,true,false,false,false,17,5,0,4,0,0,0,false,false,false,false
Kubernetes,xgr,Kubernetes---kb_366_Normalized.json,5,2,3,2,3,5,0,completed,,,19.668,0.0002098,0.0001056,6.48e-05,49410,31183,670.6,202.4,228,0,3,0,2,0,1,0,1,0.6,-1,true,false,false,false,false,false,false,false,false,true,false,false,false,true,false,false,false,false,true,false,false,false,false,false,false,false,false,false,false,false,false,false,false,false,false,true,false,true,true,true,false,false,false,281,71,19,6,0,3,0,false,true,true,false
Kubernetes,xgr,Kubernetes---kb_367_Normalized.json,4,1,3,1,3,4,0,completed,,,17.112,0.0134563,0.0129955,0.00016875,47673,31134,675.5,201.25,205,1,3,0,0,0,0,0,1,1,0,true,false,false,false,false,false,false,false,false,true,false,false,false,true,false,false,false,false,true,false,false,false,false,false,false,false,false,false,false,false,false,false,false,false,false,true,false,true,true,true,false,false,false,280,71,19,6,0,2,0,false,true,true,false
Kubernetes,xgr,Kubernetes---kb_368_Normalized.json,3,2,1,2,1,3,0,completed,,,4.83376,0.0147517,0.0142943,0.000154333,19116,10466,523,147.667,167,1,1,0,1,0,0.5,0,1,0.666667,-0.5,false,false,false,false,false,false,false,false,false,true,false,false,false,false,false,false,false,false,true,false,false,false,false,false,false,false,false,false,false,false,false,false,false,false,false,true,false,true,true,true,false,false,false,123,24,14,5,0,0,0,false,true,true,false
Kubernetes,xgr,Kubernetes---kb_369_Normalized.json,4,2,2,2,2,4,0,completed,,,0.000158,0.012222,0.0117912,0.0001745,21125,10466,520.5,145.75,169,2,2,0,0,0,0,0,1,1,0,false,false,false,false,false,false,false,false,false,true,false,false,false,false,false,false,false,false,true,false,false,false,false,false,false,false,false,false,false,false,false,false,false,false,false,true,false,true,true,true,false,false,false,123,24,14,5,0,0,0,false,true,true,false
Kubernetes,xgr,Kubernetes---kb_36_Normalized.json,5,2,3,2,3,5,0,completed,,,1.85154,0.0120402,0.0117912,8.8e-05,7208,1708,199.4,61.2,100,2,3,0,0,0,0,0,1,1,0,false,false,false,false,false,false,false,false,false,true,false,false,false,false,false,false,false,false,true,false,false,false,false,false,false,false,false,false,false,false,false,false,false,false,false,true,false,true,true,true,false,false,false,27,6,2,4,0,0,0,false,false,false,false
Kubernetes,xgr,Kubernetes---kb_370_Normalized.json,5,2,3,2,3,5,0,completed,,,1.88798,0.002172,0.0019994,5.72e-05,6742,1715,207.2,65.4,107,2,3,0,0,0,0,0,1,1,0,false,false,false,false,false,false,false,false,false,true,false,false,false,false,false,false,false,false,true,false,false,false,false,false,false,false,false,false,false,false,false,false,false,false,false,true,false,true,false,true,false,false,false,26,6,0,4,0,0,0,false,false,false,false
Kubernetes,xgr,Kubernetes---kb_371_Normalized.json,5,2,3,2,3,5,0,completed,,,7e-05,0.0030872,0.0029202,5.66e-05,6752,1715,203.8,65.2,107,2,3,0,0,0,0,0,1,1,0,false,false,false,false,false,false,false,false,false,true,false,false,false,false,false,false,false,false,true,false,false,false,false,false,false,false,false,false,false,false,false,false,false,false,false,true,false,true,false,true,false,false,false,26,6,0,4,0,0,0,false,false,false,false
Kubernetes,xgr,Kubernetes---kb_373_Normalized.json,5,2,3,2,3,5,0,completed,,,1.40548,0.00045,0.0003804,1.7e-05,5539,1053,69.4,28.4,39,2,3,0,0,0,0,0,1,1,0,false,false,false,false,false,false,false,false,false,true,false,false,false,false,false,false,false,false,true,false,false,false,false,false,false,false,false,false,false,false,false,false,false,false,false,true,false,true,true,true,false,false,false,20,4,2,4,0,0,0,false,false,false,false
Kubernetes,xgr,Kubernetes---kb_374_Normalized.json,5,2,3,2,3,5,0,completed,,,8.2e-05,0.000511,0.0004178,3.16e-05,5173,1053,57.6,22.8,35,2,3,0,0,0,0,0,1,1,0,false,false,false,false,false,false,false,false,false,true,false,false,false,false,false,false,false,false,true,false,false,false,false,false,false,false,false,false,false,false,false,false,false,false,false,true,false,true,true,true,false,false,false,20,4,2,4,0,0,0,false,false,false,false
Kubernetes,xgr,Kubernetes---kb_375_Normalized.json,6,2,4,2,4,6,0,completed,,,1.20394,0.001152,0.0010895,2.23333e-05,6354,1594,86.5,29.8333,30,1,4,0,1,0,0.5,0,1,0.833333,-0.5,false,false,false,false,false,false,false,false,false,false,false,false,false,false,false,false,false,false,false,false,false,false,false,false,false,false,false,false,false,false,false,false,false,false,false,true,false,false,true,true,false,false,false,13,4,1,4,0,0,0,false,false,false,false
Kubernetes,xgr,Kubernetes---kb_376_Normalized.json,5,2,3,2,3,5,0,completed,,,4.6e-05,0.0016324,0.0015618,2.56e-05,5171,1594,88.6,30.2,31,1,3,0,1,0,0.5,0,1,0.8,-0.5,false,false,false,false,false,false,false,false,false,false,false,false,false,false,false,false,false,false,false,false,false,false,false,false,false,false,false,false,false,false,false,false,false,false,false,true,false,false,true,true,false,false,false,13,4,1,4,0,0,0,false,false,false,false
Kubernetes,xgr,Kubernetes---kb_377_Normalized.json,4,2,2,2,2,4,0,completed,,,0.954307,0.00107225,0.001016,1.975e-05,3088,912,86.25,24,27,1,2,0,1,0,0.5,0,1,0.75,-0.5,false,false,false,false,false,false,false,false,false,false,false,false,false,false,false,false,false,false,false,false,false,false,false,false,false,false,false,false,false,false,false,false,false,false,false,true,false,false,true,true,false,false,false,10,3,1,4,0,0,0,false,false,false,false
Kubernetes,xgr,Kubernetes---kb_378_Normalized.json,4,2,2,2,2,4,0,completed,,,4.6e-05,0.00081125,0.00076525,1.725e-05,3036,912,80.75,21.25,27,1,2,0,1,0,0.5,0,1,0.75,-0.5,false,false,false,false,false,false,false,false,false,false,false,false,false,false,false,false,false,false,false,false,false,false,false,false,false,false,false,false,false,false,false,false,false,false,false,true,false,false,true,true,false,false,false,10,3,1,4,0,0,0,false,false,false,false
Kubernetes,xgr,Kubernetes---kb_379_Normalized.json,3,1,2,1,2,3,0,completed,,,0.967552,0.000292333,0.000246333,1.36667e-05,3582,1123,102.333,30,33,1,2,0,0,0,0,0,1,1,0,false,false,false,false,false,false,false,false,false,false,false,false,false,false,false,false,false,false,false,false,false,false,false,false,false,false,false,false,false,false,false,false,false,false,false,true,false,false,true,true,false,false,false,12,4,2,4,0,0,0,false,false,false,false
Kubernetes,xgr,Kubernetes---kb_37_Normalized.json,4,2,2,2,2,4,0,completed,,,1.22809,0.00903925,0.008866,5.325e-05,6113,1718,200.75,63,98,2,2,0,0,0,0,0,1,1,0,false,false,false,false,false,false,false,false,false,true,false,false,false,false,false,false,false,false,true,false,false,false,false,false,false,false,false,false,false,false,false,false,false,false,false,true,false,true,true,true,false,false,false,27,6,2,4,0,0,0,false,false,false,false
Kubernetes,xgr,Kubernetes---kb_380_Normalized.json,5,2,3,2,3,5,0,completed,,,5.9e-05,0.0003826,0.0003222,1.92e-05,4558,1123,104.4,30.6,33,2,3,0,0,0,0,0,1,1,0,false,false,false,false,false,false,false,false,false,false,false,false,false,false,false,false,false,false,false,false,false,false,false,false,false,false,false,false,false,false,false,false,false,false,false,true,false,false,true,true,false,false,false,12,4,2,4,0,0,0,false,false,false,false
Kubernetes,xgr,Kubernetes---kb_381_Normalized.json,3,1,2,1,2,3,0,completed,,,0.997757,0.000745333,0.000656333,3.53333e-05,3131,818,75.3333,24,26,1,2,0,0,0,0,0,1,1,0,false,false,false,false,false,false,false,false,false,false,false,false,false,false,false,false,false,false,false,false,false,false,false,false,false,false,false,false,false,false,false,false,false,false,false,true,false,false,true,true,false,false,false,10,3,2,4,0,0,0,false,false,false,false
Kubernetes,xgr,Kubernetes---kb_382_Normalized.json,3,1,2,1,2,3,0,completed,,,5.9e-05,0.000290333,0.000242667,1.7e-05,3033,818,68.6667,21.6667,25,1,2,0,0,0,0,0,1,1,0,false,false,false,false,false,false,false,false,false,false,false,false,false,false,false,false,false,false,false,false,false,false,false,false,false,false,false,false,false,false,false,false,false,false,false,true,false,false,true,true,false,false,false,10,3,2,4,0,0,0,false,false,false,false
Kubernetes,xgr,Kubernetes---kb_383_Normalized.json,4,1,3,1,3,4,0,completed,,,0.805708,0.000165,0.0001285,1.6e-05,3115,385,16.25,6.5,8,1,3,0,0,0,0,0,1,1,0,false,false,false,false,false,false,false,false,false,false,false,false,false,false,false,false,false,false,false,false,false,false,false,false,false,false,false,false,false,false,false,false,false,false,false,true,false,false,true,true,false,false,false,6,1,1,4,0,0,0,false,false,false,false
Kubernetes,xgr,Kubernetes---kb_384_Normalized.json,2,1,1,1,1,2,0,completed,,,4.5e-05,0.0002605,0.000218,1.65e-05,1701,385,19.5,7,8,1,1,0,0,0,0,0,1,1,0,false,false,false,false,false,false,false,false,false,false,false,false,false,false,false,false,false,false,false,false,false,false,false,false,false,false,false,false,false,false,false,false,false,false,false,true,false,false,true,true,false,false,false,6,1,1,4,0,0,0,false,false,false,false
Kubernetes,xgr,Kubernetes---kb_385_Normalized.json,3,1,2,1,2,3,0,completed,,,0.948958,0.000276,0.000229333,1.66667e-05,2444,529,41,15,16,1,2,0,0,0,0,0,1,1,0,false,false,false,false,false,false,false,false,false,false,false,false,false,false,false,false,false,false,false,false,false,false,false,false,false,false,false,false,false,false,false,false,false,false,false,true,false,false,true,true,false,false,false,8,2,2,4,0,0,0,false,false,false,false
Kubernetes,xgr,Kubernetes---kb_386_Normalized.json,4,1,3,1,3,4,0,completed,,,7.4e-05,0.00036075,0.00029925,2.325e-05,3047,529,40,14.25,16,1,3,0,0,0,0,0,1,1,0,false,false,false,false,false,false,false,false,false,false,false,false,false,false,false,false,false,false,false,false,false,false,false,false,false,false,false,false,false,false,false,false,false,false,false,true,false,false,true,true,false,false,false,8,2,2,4,0,0,0,false,false,false,false
Kubernetes,xgr,Kubernetes---kb_387_Normalized.json,4,2,2,2,2,4,0,completed,,,2.38585,0.00061825,0.00053925,2.825e-05,6738,3582,63.25,22.5,25,2,2,0,0,0,0,0,1,1,0,false,false,false,false,false,false,false,false,false,true,false,false,false,false,false,false,false,false,true,false,false,false,false,false,false,false,false,false,false,false,false,true,false,false,false,true,false,true,true,true,false,false,false,52,13,4,5,2,0,0,false,false,true,false
Kubernetes,xgr,Kubernetes---kb_388_Normalized.json,2,1,1,1,1,2,0,completed,,,0.000109,0.0005885,0.0005085,3.2e-05,6520,3582,51.5,16.5,21,1,1,0,0,0,0,0,1,1,0,false,false,false,false,false,false,false,false,false,true,false,false,false,false,false,false,false,false,true,false,false,false,false,false,false,false,false,false,false,false,false,true,false,false,false,true,false,true,true,true,false,false,false,52,13,4,5,2,0,0,false,false,true,false
Kubernetes,xgr,Kubernetes---kb_389_Normalized.json,5,2,3,2,3,5,0,completed,,,11.5681,0.000161,8.04e-05,5.34e-05,29316,18181,534.8,164.8,185,0,3,0,2,0,1,0,1,0.6,-1,true,false,false,false,false,false,false,false,false,true,false,false,false,true,false,false,false,false,true,false,false,false,false,false,false,false,false,false,false,false,false,false,false,false,false,true,false,true,true,true,false,false,false,149,45,10,5,0,2,0,false,true,true,false
Kubernetes,xgr,Kubernetes---kb_38_Normalized.json,6,2,4,2,4,6,0,completed,,,0.000128,0.0127813,0.0125575,7.11667e-05,8902,1718,209.667,64.5,100,2,4,0,0,0,0,0,1,1,0,false,false,false,false,false,false,false,false,false,true,false,false,false,false,false,false,false,false,true,false,false,false,false,false,false,false,false,false,false,false,false,false,false,false,false,true,false,true,true,true,false,false,false,27,6,2,4,0,0,0,false,false,false,false
Kubernetes,xgr,Kubernetes---kb_390_Normalized.json,2,1,1,1,1,2,0,completed,,,15.6846,0.0001,6.25e-05,1.3e-05,48928,37454,676,211,213,0,1,0,1,0,1,0,1,0.5,-1,true,false,false,false,false,false,false,false,false,true,false,false,false,true,false,false,false,false,true,false,false,false,false,false,false,false,false,false,false,false,false,true,false,false,false,true,false,true,true,true,false,false,false,319,96,33,5,2,2,0,false,true,true,false
Kubernetes,xgr,Kubernetes---kb_393_Normalized.json,3,2,1,2,1,3,0,completed,,,2.02877,0.001489,0.00124,6.13333e-05,8309,3305,433,139,157,2,1,0,0,0,0,0,1,1,0,false,false,false,false,false,false,false,false,false,true,false,false,false,false,false,false,false,false,true,false,false,false,false,false,false,false,false,false,false,false,false,false,false,false,false,true,false,true,true,true,false,false,false,32,8,3,5,0,0,0,false,false,false,false
Kubernetes,xgr,Kubernetes---kb_394_Normalized.json,1,1,0,1,0,1,0,completed,,,5.9e-05,0.001442,0.001205,1.6e-05,5243,3305,384,128,128,1,0,0,0,0,0,0,1,1,0,false,false,false,false,false,false,false,false,false,true,false,false,false,false,false,false,false,false,true,false,false,false,false,false,false,false,false,false,false,false,false,false,false,false,false,true,false,true,true,true,false,false,false,32,8,3,5,0,0,0,false,false,false,false
Kubernetes,xgr,Kubernetes---kb_395_Normalized.json,4,2,2,2,2,4,0,completed,,,1.09811,0.00590025,0.005768,4.1e-05,4056,1216,148.25,51,56,2,2,0,0,0,0,0,1,1,0,false,false,false,false,false,false,false,false,false,true,false,false,false,false,false,false,false,false,false,false,false,false,false,false,false,false,false,false,false,false,false,false,false,false,false,true,false,true,true,true,false,false,false,18,5,2,4,0,0,0,false,false,false,false
Kubernetes,xgr,Kubernetes---kb_396_Normalized.json,4,2,2,2,2,4,0,completed,,,6.4e-05,0.00585875,0.0057015,5.5e-05,4083,1216,160.5,54,58,2,2,0,0,0,0,0,1,1,0,false,false,false,false,false,false,false,false,false,true,false,false,false,false,false,false,false,false,false,false,false,false,false,false,false,false,false,false,false,false,false,false,false,false,false,true,false,true,true,true,false,false,false,18,5,2,4,0,0,0,false,false,false,false
Kubernetes,xgr,Kubernetes---kb_397_Normalized.json,4,2,2,2,2,4,0,completed,,,7.7e-05,0.00609825,0.0059425,5.35e-05,4083,1216,155,53.5,61,2,2,0,0,0,0,0,1,1,0,false,false,false,false,false,false,false,false,false,true,false,false,false,false,false,false,false,false,false,false,false,false,false,false,false,false,false,false,false,false,false,false,false,false,false,true,false,true,true,true,false,false,false,18,5,2,4,0,0,0,false,false,false,false
Kubernetes,xgr,Kubernetes---kb_398_Normalized.json,7,2,5,2,5,7,0,completed,,,10.8069,0.000133857,7.17143e-05,3.9e-05,38985,22040,591.857,182.286,218,0,5,0,2,0,1,0,1,0.714286,-1,true,false,false,false,false,false,false,false,false,true,false,false,false,true,false,false,false,false,true,false,false,false,false,false,false,false,false,false,false,false,false,false,false,false,false,true,false,true,true,true,false,false,false,180,53,11,6,0,3,0,false,true,true,false
Kubernetes,xgr,Kubernetes---kb_39_Normalized.json,6,2,4,2,4,6,0,completed,,,1.63358,0.004923,0.00473533,5.75e-05,10830,2729,262.5,94.1667,107,2,4,0,0,0,0,0,1,1,0,false,false,false,false,false,false,false,false,false,true,false,false,false,true,false,false,false,false,true,false,false,false,false,false,false,false,false,false,false,false,false,false,false,false,false,true,false,true,true,true,false,false,false,31,6,4,5,0,2,0,false,false,false,false
Kubernetes,xgr,Kubernetes---kb_3_Normalized.json,10,2,8,2,8,10,0,completed,,,7.4e-05,0.0007218,0.0006224,3.51e-05,13791,2499,202.6,61.5,82,2,8,0,0,0,0,0,1,1,0,true,false,false,false,false,false,false,false,false,true,false,false,false,false,false,false,false,false,true,false,false,false,false,false,false,false,false,false,false,false,false,false,false,false,false,true,false,true,true,true,false,false,false,33,6,2,5,0,0,0,false,false,false,false
Kubernetes,xgr,Kubernetes---kb_402_Normalized.json,7,1,6,1,6,7,0,completed,,,1.79299,0.00165175,0.00157375,2.1e-05,10205,1999,162.75,53,56,1,6,0,0,0,0,0,1,1,0,false,false,false,false,false,false,false,false,false,true,false,false,false,false,false,false,false,false,false,false,false,false,false,false,false,false,false,false,false,false,false,false,false,false,false,true,false,true,true,true,false,false,false,26,7,4,4,0,0,0,false,false,false,false
Kubernetes,xgr,Kubernetes---kb_403_Normalized.json,5,2,3,2,3,5,0,completed,,,4.1364,0.004591,0.004418,3.64e-05,24547,12119,651,195,230,1,3,0,1,0,0.5,0,1,0.8,-0.5,true,false,false,false,false,false,false,false,false,true,false,false,false,false,false,false,false,false,true,false,false,false,false,false,false,false,false,false,false,false,false,true,false,false,false,true,false,true,true,true,false,false,false,116,32,14,5,2,0,0,false,true,true,false
Kubernetes,xgr,Kubernetes---kb_404_Normalized.json,3,2,1,2,1,3,0,completed,,,5.27105,0.007513,0.00722467,5.96667e-05,24626,15934,550.667,175,175,2,1,0,0,0,0,0,1,1,0,true,false,false,false,false,false,false,false,false,true,false,false,false,false,false,false,false,false,true,false,false,false,false,false,false,false,false,false,false,false,false,true,false,false,false,true,false,true,true,true,false,false,false,156,41,21,5,2,0,0,false,true,true,false
Kubernetes,xgr,Kubernetes---kb_405_Normalized.json,2,2,0,2,0,2,0,completed,,,0.00014,0.0111705,0.0107575,9.05e-05,22560,15934,546,175,175,2,0,0,0,0,0,0,1,1,0,true,false,false,false,false,false,false,false,false,true,false,false,false,false,false,false,false,false,true,false,false,false,false,false,false,false,false,false,false,false,false,true,false,false,false,true,false,true,true,true,false,false,false,156,41,21,5,2,0,0,false,true,true,false
Kubernetes,xgr,Kubernetes---kb_406_Normalized.json,6,2,4,2,4,6,0,completed,,,1.74828,0.00138067,0.0012885,3.11667e-05,6757,1461,155.333,54.3333,56,2,4,0,0,0,0,0,1,1,0,false,false,false,false,false,false,false,false,false,true,false,false,false,false,false,false,false,false,false,false,false,false,false,false,false,false,false,false,false,false,false,false,false,false,false,true,false,true,true,true,false,false,false,22,5,2,4,0,0,0,false,false,false,false
Kubernetes,xgr,Kubernetes---kb_407_Normalized.json,3,2,1,2,1,3,0,completed,,,5.17123,0.0247313,0.024099,0.000211,20659,13140,573.667,188.667,190,2,1,0,0,0,0,0,1,1,0,true,false,false,false,false,false,false,false,false,true,false,false,false,false,false,false,false,false,true,false,false,false,false,false,false,false,false,false,false,false,false,true,false,false,false,true,false,true,true,true,false,false,false,140,39,19,5,2,0,0,false,true,true,false
Kubernetes,xgr,Kubernetes---kb_408_Normalized.json,4,2,2,2,2,4,0,completed,,,4.99997,0.018313,0.0177572,0.00014025,24293,12715,728.75,237,412,2,2,0,0,0,0,0,1,1,0,true,false,false,false,false,false,false,false,false,true,false,false,false,false,false,false,false,false,true,false,false,false,false,false,false,false,false,false,false,false,false,true,false,false,false,true,false,true,true,true,false,false,false,144,38,20,5,2,0,0,false,true,true,false
Kubernetes,xgr,Kubernetes---kb_409_Normalized.json,4,2,2,2,2,4,0,completed,,,0.000129,0.00741475,0.00720875,4.25e-05,20824,12715,406.5,128,134,2,2,0,0,0,0,0,1,1,0,true,false,false,false,false,false,false,false,false,true,false,false,false,false,false,false,false,false,true,false,false,false,false,false,false,false,false,false,false,false,false,true,false,false,false,true,false,true,true,true,false,false,false,144,38,20,5,2,0,0,false,true,true,false
Kubernetes,xgr,Kubernetes---kb_40_Normalized.json,6,2,4,2,4,6,0,completed,,,1.40872,0.00559467,0.00539517,6.28333e-05,10569,2715,264.833,91.8333,112,2,4,0,0,0,0,0,1,1,0,false,false,false,false,false,false,false,false,false,true,false,false,false,true,false,false,false,false,true,false,false,false,false,false,false,false,false,false,false,false,false,false,false,false,false,true,false,true,true,true,false,false,false,30,6,4,5,0,1,0,false,false,false,false
Kubernetes,xgr,Kubernetes---kb_410_Normalized.json,4,2,2,2,2,4,0,completed,,,0.883789,0.0004065,0.00035875,1.225e-05,2511,368,65.5,23,25,2,2,0,0,0,0,0,1,1,0,false,false,false,false,false,false,false,false,false,false,false,false,false,false,false,false,false,false,true,false,false,false,false,false,false,false,false,false,false,false,false,false,false,false,false,true,false,false,false,true,false,false,false,9,2,0,5,0,0,0,false,false,false,false
Kubernetes,xgr,Kubernetes---kb_411_Normalized.json,3,1,2,1,2,3,0,completed,,,4.7e-05,0.000339333,0.000295667,1.36667e-05,2291,368,57,22.3333,25,1,2,0,0,0,0,0,1,1,0,false,false,false,false,false,false,false,false,false,false,false,false,false,false,false,false,false,false,true,false,false,false,false,false,false,false,false,false,false,false,false,false,false,false,false,true,false,false,false,true,false,false,false,9,2,0,5,0,0,0,false,false,false,false
Kubernetes,xgr,Kubernetes---kb_412_Normalized.json,3,1,2,1,2,3,0,completed,,,0.83762,0.000205333,0.000170667,1.26667e-05,3259,576,32.3333,10.3333,13,1,2,0,0,0,0,0,1,1,0,false,false,false,false,false,false,false,false,false,false,false,false,false,false,false,false,false,false,false,false,false,false,false,false,false,false,false,false,false,false,false,false,false,false,false,true,false,false,true,true,false,false,false,8,2,1,4,0,0,0,false,false,false,false
Kubernetes,xgr,Kubernetes---kb_413_Normalized.json,3,1,2,1,2,3,0,completed,,,5.7e-05,0.000274,0.000230667,1.7e-05,2719,576,37,12,13,1,2,0,0,0,0,0,1,1,0,false,false,false,false,false,false,false,false,false,false,false,false,false,false,false,false,false,false,false,false,false,false,false,false,false,false,false,false,false,false,false,false,false,false,false,true,false,false,true,true,false,false,false,8,2,1,4,0,0,0,false,false,false,false
Kubernetes,xgr,Kubernetes---kb_414_Normalized.json,4,2,2,2,2,4,0,completed,,,1.00608,0.00025875,0.00020575,1.825e-05,2490,495,27,14,14,2,2,0,0,0,0,0,1,1,0,false,false,false,false,false,false,false,false,false,false,false,false,false,false,false,false,false,false,false,false,false,false,false,false,false,false,false,false,false,false,false,false,false,false,false,true,false,false,true,true,false,false,false,10,2,2,4,0,0,0,false,false,false,false
Kubernetes,xgr,Kubernetes---kb_415_Normalized.json,4,2,2,2,2,4,0,completed,,,0.869865,0.00023475,0.00019275,1.45e-05,2383,434,27,14,14,2,2,0,0,0,0,0,1,1,0,false,false,false,false,false,false,false,false,false,false,false,false,false,false,false,false,false,false,false,false,false,false,false,false,false,false,false,false,false,false,false,false,false,false,false,true,false,false,true,true,false,false,false,10,2,2,4,0,0,0,false,false,false,false
Kubernetes,xgr,Kubernetes---kb_416_Normalized.json,5,2,3,2,3,5,0,completed,,,5.3e-05,0.000168,0.0001364,1.04e-05,2928,434,26.8,14.2,15,2,3,0,0,0,0,0,1,1,0,false,false,false,false,false,false,false,false,false,false,false,false,false,false,false,false,false,false,false,false,false,false,false,false,false,false,false,false,false,false,false,false,false,false,false,true,false,false,true,true,false,false,false,10,2,2,4,0,0,0,false,false,false,false
Kubernetes,xgr,Kubernetes---kb_417_Normalized.json,4,1,3,1,3,4,0,completed,,,1.08303,0.00022925,0.00018625,1.375e-05,3428,682,48.5,19.5,20,1,3,0,0,0,0,0,1,1,0,false,false,false,false,false,false,false,false,false,false,false,false,false,false,false,false,false,false,false,false,false,false,false,false,false,false,false,false,false,false,false,false,false,false,false,true,false,false,true,true,false,false,false,12,3,3,4,0,0,0,false,false,false,false
Kubernetes,xgr,Kubernetes---kb_418_Normalized.json,3,1,2,1,2,3,0,completed,,,6.6e-05,0.000349333,0.000297667,1.46667e-05,2765,682,50.6667,19.6667,20,1,2,0,0,0,0,0,1,1,0,false,false,false,false,false,false,false,false,false,false,false,false,false,false,false,false,false,false,false,false,false,false,false,false,false,false,false,false,false,false,false,false,false,false,false,true,false,false,true,true,false,false,false,12,3,3,4,0,0,0,false,false,false,false
Kubernetes,xgr,Kubernetes---kb_419_Normalized.json,5,2,3,2,3,5,0,completed,,,1.74965,0.0007478,0.0006242,3.06e-05,7064,2275,166.4,54.4,63,2,3,0,0,0,0,0,1,1,0,false,false,false,false,false,false,false,false,false,true,false,false,false,false,false,false,false,false,true,false,false,false,false,false,false,false,false,false,false,false,false,false,false,false,false,true,false,true,true,true,false,false,false,25,6,3,4,0,0,0,false,false,false,false
Kubernetes,xgr,Kubernetes---kb_41_Normalized.json,5,2,3,2,3,5,0,completed,,,0.893435,0.0003238,0.0002736,1.88e-05,2816,343,46.4,15.8,17,2,3,0,0,0,0,0,1,1,0,false,false,false,false,false,false,false,false,false,false,false,false,false,false,false,false,false,false,false,false,false,false,false,false,false,false,false,false,false,false,false,false,false,false,false,true,false,false,true,true,false,false,false,8,2,2,4,0,0,0,false,false,false,false
Kubernetes,xgr,Kubernetes---kb_420_Normalized.json,5,2,3,2,3,5,0,completed,,,7.7e-05,0.0013988,0.0011794,8.36e-05,7128,2275,172,55.4,66,2,3,0,0,0,0,0,1,1,0,false,false,false,false,false,false,false,false,false,true,false,false,false,false,false,false,false,false,true,false,false,false,false,false,false,false,false,false,false,false,false,false,false,false,false,true,false,true,true,true,false,false,false,25,6,3,4,0,0,0,false,false,false,false
Kubernetes,xgr,Kubernetes---kb_421_Normalized.json,4,2,2,2,2,4,0,completed,,,1.67334,0.00539575,0.00523825,6.025e-05,5172,1532,194.25,58,59,2,2,0,0,0,0,0,1,1,0,false,false,false,false,false,false,false,false,false,true,false,false,false,false,false,false,false,false,true,false,false,false,false,false,false,false,false,false,false,false,false,true,false,false,false,true,false,true,true,true,false,false,false,28,7,3,4,2,0,0,false,false,false,false
Kubernetes,xgr,Kubernetes---kb_422_Normalized.json,5,2,3,2,3,5,0,completed,,,9.9e-05,0.0042852,0.0041622,4.66e-05,6167,1532,183.6,55.2,59,2,3,0,0,0,0,0,1,1,0,false,false,false,false,false,false,false,false,false,true,false,false,false,false,false,false,false,false,true,false,false,false,false,false,false,false,false,false,false,false,false,true,false,false,false,true,false,true,true,true,false,false,false,28,7,3,4,2,0,0,false,false,false,false
Kubernetes,xgr,Kubernetes---kb_423_Normalized.json,5,2,3,2,3,5,0,completed,,,1.05269,0.0002852,0.0002404,1.42e-05,2620,285,41.8,15,20,2,3,0,0,0,0,0,1,1,0,false,false,false,false,false,false,false,false,false,false,false,false,false,false,false,false,false,false,false,false,false,false,false,false,false,false,false,false,false,false,false,false,false,false,false,true,false,false,true,true,false,false,false,8,2,2,4,0,0,0,false,false,false,false
Kubernetes,xgr,Kubernetes---kb_424_Normalized.json,5,2,3,2,3,5,0,completed,,,6e-05,0.0003,0.0002542,1.54e-05,2634,285,45.2,15.8,20,2,3,0,0,0,0,0,1,1,0,false,false,false,false,false,false,false,false,false,false,false,false,false,false,false,false,false,false,false,false,false,false,false,false,false,false,false,false,false,false,false,false,false,false,false,true,false,false,true,true,false,false,false,8,2,2,4,0,0,0,false,false,false,false
Kubernetes,xgr,Kubernetes---kb_425_Normalized.json,3,1,2,1,2,3,0,completed,,,2.37492,0.00237233,0.00226933,3.56667e-05,7440,3464,116.667,37.3333,43,1,2,0,0,0,0,0,1,1,0,false,false,false,false,false,false,false,false,false,true,false,false,false,false,false,false,false,false,false,false,false,false,false,false,false,false,false,false,false,false,false,true,false,false,false,true,false,true,true,true,false,false,false,33,9,3,4,2,0,0,false,false,false,false
Kubernetes,xgr,Kubernetes---kb_426_Normalized.json,4,2,2,2,2,4,0,completed,,,2.139,0.0045285,0.00435425,7.05e-05,7094,3464,135.25,41.25,42,2,2,0,0,0,0,0,1,1,0,false,false,false,false,false,false,false,false,false,true,false,false,false,false,false,false,false,false,false,false,false,false,false,false,false,false,false,false,false,false,false,true,false,false,false,true,false,true,true,true,false,false,false,33,9,3,4,2,0,0,false,false,false,false
Kubernetes,xgr,Kubernetes---kb_427_Normalized.json,4,1,3,1,3,4,0,completed,,,9.4e-05,0.00264925,0.002559,3.2e-05,8279,3464,139.25,41.5,51,1,3,0,0,0,0,0,1,1,0,false,false,false,false,false,false,false,false,false,true,false,false,false,false,false,false,false,false,false,false,false,false,false,false,false,false,false,false,false,false,false,true,false,false,false,true,false,true,true,true,false,false,false,33,9,3,4,2,0,0,false,false,false,false
Kubernetes,xgr,Kubernetes---kb_428_Normalized.json,4,2,2,2,2,4,0,completed,,,2.30554,0.00255375,0.0023935,4.875e-05,8507,4150,190.5,55.75,106,2,2,0,0,0,0,0,1,1,0,false,false,false,false,false,false,false,false,false,true,false,false,false,false,false,false,false,false,true,false,false,false,false,false,false,false,false,false,false,false,false,true,false,false,false,true,false,true,true,true,false,false,false,41,10,4,4,2,0,0,false,false,true,false
Kubernetes,xgr,Kubernetes---kb_429_Normalized.json,4,2,2,2,2,4,0,completed,,,2.38537,0.006688,0.00637825,0.00011125,10127,4150,305.25,94.5,163,2,2,0,0,0,0,0,1,1,0,false,false,false,false,false,false,false,false,false,true,false,false,false,false,false,false,false,false,true,false,false,false,false,false,false,false,false,false,false,false,false,true,false,false,false,true,false,true,true,true,false,false,false,41,10,4,4,2,0,0,false,false,true,false
Kubernetes,xgr,Kubernetes---kb_42_Normalized.json,6,2,4,2,4,6,0,completed,,,6.2e-05,0.000312833,0.0002645,1.76667e-05,3368,343,44.3333,16.1667,18,2,4,0,0,0,0,0,1,1,0,false,false,false,false,false,false,false,false,false,false,false,false,false,false,false,false,false,false,false,false,false,false,false,false,false,false,false,false,false,false,false,false,false,false,false,true,false,false,true,true,false,false,false,8,2,2,4,0,0,0,false,false,false,false
Kubernetes,xgr,Kubernetes---kb_430_Normalized.json,3,2,1,2,1,3,0,completed,,,0.000131,0.00306633,0.00289733,5.3e-05,7500,4150,180,53.3333,80,2,1,0,0,0,0,0,1,1,0,false,false,false,false,false,false,false,false,false,true,false,false,false,false,false,false,false,false,true,false,false,false,false,false,false,false,false,false,false,false,false,true,false,false,false,true,false,true,true,true,false,false,false,41,10,4,4,2,0,0,false,false,true,false
Kubernetes,xgr,Kubernetes---kb_431_Normalized.json,5,2,3,2,3,5,0,completed,,,1.24979,0.0002838,0.0002384,1.56e-05,2864,399,23.2,12,12,2,3,0,0,0,0,0,1,1,0,false,false,false,false,false,false,false,false,false,false,false,false,false,false,false,false,false,false,false,false,false,false,false,false,false,false,false,false,false,false,false,false,false,false,false,true,false,false,true,true,false,false,false,10,2,2,4,0,0,0,false,false,false,false
Kubernetes,xgr,Kubernetes---kb_432_Normalized.json,6,2,4,2,4,6,0,completed,,,1.262,0.000223833,0.000183667,1.3e-05,3351,344,23.3333,12,12,2,4,0,0,0,0,0,1,1,0,false,false,false,false,false,false,false,false,false,false,false,false,false,false,false,false,false,false,false,false,false,false,false,false,false,false,false,false,false,false,false,false,false,false,false,true,false,false,true,true,false,false,false,10,2,2,4,0,0,0,false,false,false,false
Kubernetes,xgr,Kubernetes---kb_433_Normalized.json,5,2,3,2,3,5,0,completed,,,5.1e-05,0.0002258,0.0001844,1.52e-05,2807,344,23,11.8,12,2,3,0,0,0,0,0,1,1,0,false,false,false,false,false,false,false,false,false,false,false,false,false,false,false,false,false,false,false,false,false,false,false,false,false,false,false,false,false,false,false,false,false,false,false,true,false,false,true,true,false,false,false,10,2,2,4,0,0,0,false,false,false,false
Kubernetes,xgr,Kubernetes---kb_434_Normalized.json,3,1,2,1,2,3,0,completed,,,1.97311,0.001695,0.001518,4.93333e-05,3244,593,200.667,82.3333,86,1,2,0,0,0,0,0,1,1,0,false,false,false,false,false,false,false,false,false,false,false,false,false,false,false,false,false,false,false,false,false,false,false,false,false,false,false,false,false,false,false,false,false,false,false,true,false,false,true,true,false,false,false,13,9,9,4,0,0,0,false,true,false,false
Kubernetes,xgr,Kubernetes---kb_435_Normalized.json,6,1,5,1,5,6,0,completed,,,8.9e-05,0.00102283,0.000906,3.55e-05,5354,593,206.667,82.1667,89,1,5,0,0,0,0,0,1,1,0,false,false,false,false,false,false,false,false,false,false,false,false,false,false,false,false,false,false,false,false,false,false,false,false,false,false,false,false,false,false,false,false,false,false,false,true,false,false,true,true,false,false,false,13,9,9,4,0,0,0,false,true,false,false
Kubernetes,xgr,Kubernetes---kb_436_Normalized.json,3,2,1,2,1,3,0,completed,,,12.1217,0.000105,6.6e-05,1.36667e-05,34463,26045,396,116.333,131,0,1,0,2,0,1,0,1,0.333333,-1,true,false,false,false,false,false,false,false,false,true,false,false,false,true,false,false,false,false,true,false,false,false,false,false,false,false,false,false,false,false,false,true,false,false,false,true,false,true,true,true,false,false,false,195,55,8,5,2,2,0,false,true,true,false
Kubernetes,xgr,Kubernetes---kb_437_Normalized.json,3,2,1,2,1,3,0,completed,,,9.36597,8.66667e-05,5.46667e-05,9.33333e-06,35303,25925,468,140,147,0,1,0,2,0,1,0,1,0.333333,-1,true,false,false,false,false,false,false,false,false,true,false,false,false,true,false,false,false,false,true,false,false,false,false,false,false,false,false,false,false,false,false,true,false,false,false,true,false,true,true,true,false,false,false,195,55,8,5,2,2,0,false,true,true,false
Kubernetes,xgr,Kubernetes---kb_438_Normalized.json,3,2,1,2,1,3,0,completed,,,8.33313,0.00362733,0.003222,0.000123667,35234,25888,461.333,138,151,2,1,0,0,0,0,0,1,1,0,true,false,false,false,false,false,false,false,false,true,false,false,false,true,false,false,false,false,true,false,false,false,false,false,false,false,false,false,false,false,false,true,false,false,false,true,false,true,true,true,false,false,false,194,55,8,5,2,1,0,false,true,true,false
Kubernetes,xgr,Kubernetes---kb_439_Normalized.json,4,1,3,1,3,4,0,completed,,,1.46377,0.00227475,0.0021995,2.575e-05,4785,1639,102.75,30,46,1,3,0,0,0,0,0,1,1,0,false,false,false,false,false,false,false,false,false,true,false,false,false,false,false,false,false,false,false,false,false,false,false,false,false,false,false,false,false,false,false,true,false,false,false,true,false,true,true,true,false,false,false,23,6,2,4,2,0,0,false,false,false,false
Kubernetes,xgr,Kubernetes---kb_43_Normalized.json,5,2,3,2,3,5,0,completed,,,7.49629,8.7e-05,5.34e-05,1.04e-05,30252,19636,380.6,109,125,0,3,0,2,0,1,0,1,0.6,-1,true,false,false,false,false,false,false,false,false,true,false,false,false,true,false,false,false,false,true,false,false,false,false,false,false,false,false,false,false,false,false,false,false,false,false,true,false,true,true,true,false,false,false,161,47,10,5,0,2,0,false,true,true,false
Kubernetes,xgr,Kubernetes---kb_440_Normalized.json,4,1,3,1,3,4,0,completed,,,5.1e-05,0.00282225,0.00274,2.6e-05,4866,1639,107.75,31,39,1,3,0,0,0,0,0,1,1,0,false,false,false,false,false,false,false,false,false,true,false,false,false,false,false,false,false,false,false,false,false,false,false,false,false,false,false,false,false,false,false,true,false,false,false,true,false,true,true,true,false,false,false,23,6,2,4,2,0,0,false,false,false,false
Kubernetes,xgr,Kubernetes---kb_441_Normalized.json,3,1,2,1,2,3,0,completed,,,6e-05,0.00165267,0.00158633,2.03333e-05,4279,1639,91.6667,26,30,1,2,0,0,0,0,0,1,1,0,false,false,false,false,false,false,false,false,false,true,false,false,false,false,false,false,false,false,false,false,false,false,false,false,false,false,false,false,false,false,false,true,false,false,false,true,false,true,true,true,false,false,false,23,6,2,4,2,0,0,false,false,false,false
Kubernetes,xgr,Kubernetes---kb_442_Normalized.json,6,2,4,2,4,6,0,completed,,,6.39378,0.000115167,7.31667e-05,1.26667e-05,25650,16755,377.333,105,112,0,4,0,2,0,1,0,1,0.666667,-1,true,false,false,false,false,false,false,false,false,true,false,false,false,true,false,false,false,false,true,false,false,false,false,false,false,false,false,false,false,false,false,false,false,false,false,true,false,true,true,true,false,false,false,121,37,6,5,0,2,0,false,true,true,false
Kubernetes,xgr,Kubernetes---kb_443_Normalized.json,7,2,5,2,5,7,0,completed,,,6.97792,0.00200957,0.00185886,3.84286e-05,27628,16718,379,104.286,112,1,5,0,1,0,0.5,0,1,0.857143,-0.5,true,false,false,false,false,false,false,false,false,true,false,false,false,true,false,false,false,false,true,false,false,false,false,false,false,false,false,false,false,false,false,false,false,false,false,true,false,true,true,true,false,false,false,120,37,6,5,0,1,0,false,true,true,false
Kubernetes,xgr,Kubernetes---kb_444_Normalized.json,8,2,6,2,6,8,0,completed,,,7.70305,0.000109875,6.7375e-05,1.3375e-05,37546,20592,484.125,142.875,171,0,6,0,2,0,1,0,1,0.75,-1,true,false,false,false,false,false,false,false,false,true,false,false,false,true,false,false,false,false,true,false,false,false,false,false,false,false,false,false,false,false,false,false,false,false,false,true,false,true,true,true,false,false,false,152,45,7,6,0,3,0,false,true,true,false
Kubernetes,xgr,Kubernetes---kb_445_Normalized.json,7,2,5,2,5,7,0,completed,,,9.63378,0.00534971,0.00509786,6.22857e-05,35647,20555,534.571,157.143,227,2,5,0,0,0,0,0,1,1,0,true,false,false,false,false,false,false,false,false,true,false,false,false,true,false,false,false,false,true,false,false,false,false,false,false,false,false,false,false,false,false,false,false,false,false,true,false,true,true,true,false,false,false,151,45,7,6,0,2,0,false,true,true,false
Kubernetes,xgr,Kubernetes---kb_446_Normalized.json,7,2,5,2,5,7,0,completed,,,1.0501,0.00253557,0.00244643,3.08571e-05,8889,1627,128.857,36.4286,44,2,5,0,0,0,0,0,1,1,0,false,false,false,false,false,false,false,false,false,true,false,false,false,false,false,false,false,false,false,false,false,false,false,false,false,false,false,false,false,false,false,false,false,false,false,true,false,true,true,true,false,false,false,18,5,2,4,0,0,0,false,false,false,false
Kubernetes,xgr,Kubernetes---kb_447_Normalized.json,3,1,2,1,2,3,0,completed,,,5.2e-05,0.00235367,0.002248,3.9e-05,5347,1627,137.333,39,44,1,2,0,0,0,0,0,1,1,0,false,false,false,false,false,false,false,false,false,true,false,false,false,false,false,false,false,false,false,false,false,false,false,false,false,false,false,false,false,false,false,false,false,false,false,true,false,true,true,true,false,false,false,18,5,2,4,0,0,0,false,false,false,false
Kubernetes,xgr,Kubernetes---kb_448_Normalized.json,1,1,0,1,0,1,0,completed,,,12.0001,8.8e-05,5.6e-05,1.3e-05,37078,29944,539,157,157,0,0,0,1,0,1,0,1,0,-1,true,false,false,false,false,false,false,false,false,true,false,false,false,true,false,false,false,false,true,false,false,false,false,false,false,false,false,false,false,false,false,true,false,false,false,true,false,true,true,true,false,false,false,226,63,9,6,2,3,0,false,true,true,false
Kubernetes,xgr,Kubernetes---kb_449_Normalized.json,3,2,1,2,1,3,0,completed,,,9.56657,9.16667e-05,5.6e-05,1.06667e-05,39691,29831,485,154,161,0,1,0,2,0,1,0,1,0.333333,-1,true,false,false,false,false,false,false,false,false,true,false,false,false,true,false,false,false,false,true,false,false,false,false,false,false,false,false,false,false,false,false,true,false,false,false,true,false,true,true,true,false,false,false,226,63,9,6,2,3,0,false,true,true,false
Kubernetes,xgr,Kubernetes---kb_44_Normalized.json,6,2,4,2,4,6,0,completed,,,7.30324,0.00172967,0.00156383,4.63333e-05,31755,19591,360.833,102.667,117,2,4,0,0,0,0,0,1,1,0,true,false,false,false,false,false,false,false,false,true,false,false,false,true,false,false,false,false,true,false,false,false,false,false,false,false,false,false,false,false,false,false,false,false,false,true,false,true,true,true,false,false,false,160,47,10,5,0,1,0,false,true,true,false
Kubernetes,xgr,Kubernetes---kb_451_Normalized.json,4,2,2,2,2,4,0,completed,,,1.90878,0.00149275,0.00136725,3.2e-05,12162,6102,276.25,81,84,2,2,0,0,0,0,0,1,1,0,false,false,false,false,false,false,false,false,false,true,false,false,false,false,false,false,false,false,true,false,false,false,false,false,false,false,false,false,false,false,false,true,false,false,false,true,false,true,true,true,false,false,false,47,12,4,5,2,0,0,false,false,true,false
Kubernetes,xgr,Kubernetes---kb_452_Normalized.json,4,2,2,2,2,4,0,completed,,,1.88671,0.00320625,0.00296475,8.825e-05,12754,6102,263.5,81.75,87,2,2,0,0,0,0,0,1,1,0,false,false,false,false,false,false,false,false,false,true,false,false,false,false,false,false,false,false,true,false,false,false,false,false,false,false,false,false,false,false,false,true,false,false,false,true,false,true,true,true,false,false,false,47,12,4,5,2,0,0,false,false,true,false
Kubernetes,xgr,Kubernetes---kb_453_Normalized.json,4,2,2,2,2,4,0,completed,,,8.1e-05,0.00191125,0.00178575,2.7e-05,12179,6102,278.75,82.75,90,2,2,0,0,0,0,0,1,1,0,false,false,false,false,false,false,false,false,false,true,false,false,false,false,false,false,false,false,true,false,false,false,false,false,false,false,false,false,false,false,false,true,false,false,false,true,false,true,true,true,false,false,false,47,12,4,5,2,0,0,false,false,true,false
Kubernetes,xgr,Kubernetes---kb_454_Normalized.json,5,2,3,2,3,5,0,completed,,,2.64118,0.0008498,0.0007212,2.58e-05,17496,9128,268.8,78,96,2,3,0,0,0,0,0,1,1,0,false,false,false,false,false,false,false,false,false,true,false,false,false,false,false,false,false,false,true,false,false,false,false,false,false,false,false,false,false,false,false,true,false,false,false,true,false,true,true,true,false,false,false,71,18,4,5,2,0,0,false,false,true,false
Kubernetes,xgr,Kubernetes---kb_455_Normalized.json,4,2,2,2,2,4,0,completed,,,2.7944,0.0006845,0.00057925,2.125e-05,16597,9133,282.25,80.75,96,2,2,0,0,0,0,0,1,1,0,false,false,false,false,false,false,false,false,false,true,false,false,false,false,false,false,false,false,true,false,false,false,false,false,false,false,false,false,false,false,false,true,false,false,false,true,false,true,true,true,false,false,false,71,18,4,5,2,0,0,false,false,true,false
Kubernetes,xgr,Kubernetes---kb_456_Normalized.json,2,2,0,2,0,2,0,completed,,,0.00011,0.000643,0.00052,4.25e-05,12893,9133,271,81,82,0,0,0,2,0,1,0,1,0,-1,false,false,false,false,false,false,false,false,false,true,false,false,false,false,false,false,false,false,true,false,false,false,false,false,false,false,false,false,false,false,false,true,false,false,false,true,false,true,true,true,false,false,false,71,18,4,5,2,0,0,false,false,true,false
Kubernetes,xgr,Kubernetes---kb_457_Normalized.json,4,2,2,2,2,4,0,completed,,,1.16115,0.00049475,0.00042025,1.975e-05,5130,1430,94.5,35,42,2,2,0,0,0,0,0,1,1,0,false,false,false,false,false,false,false,false,false,true,false,false,false,false,false,false,false,false,true,false,false,false,false,false,false,false,false,false,false,false,false,false,false,false,false,true,false,true,false,true,false,false,false,20,4,0,5,0,0,0,false,false,false,false
Kubernetes,xgr,Kubernetes---kb_458_Normalized.json,4,2,2,2,2,4,0,completed,,,4.4e-05,0.00067,0.00057875,2.925e-05,4508,1430,105.25,36.75,48,2,2,0,0,0,0,0,1,1,0,false,false,false,false,false,false,false,false,false,true,false,false,false,false,false,false,false,false,true,false,false,false,false,false,false,false,false,false,false,false,false,false,false,false,false,true,false,true,false,true,false,false,false,20,4,0,5,0,0,0,false,false,false,false
Kubernetes,xgr,Kubernetes---kb_459_Normalized.json,4,2,2,2,2,4,0,completed,,,6.2e-05,0.0007145,0.000618,2.65e-05,4577,1430,116.75,41.5,50,2,2,0,0,0,0,0,1,1,0,false,false,false,false,false,false,false,false,false,true,false,false,false,false,false,false,false,false,true,false,false,false,false,false,false,false,false,false,false,false,false,false,false,false,false,true,false,true,false,true,false,false,false,20,4,0,5,0,0,0,false,false,false,false
Kubernetes,xgr,Kubernetes---kb_45_Normalized.json,5,1,4,1,4,5,0,completed,,,8.69762,0.0001196,7.32e-05,1.68e-05,36506,23430,468,135.2,160,0,4,0,1,0,1,0,1,0.8,-1,true,false,false,false,false,false,false,false,false,true,false,false,false,true,false,false,false,false,true,false,false,false,false,false,false,false,false,false,false,false,false,false,false,false,false,true,false,true,true,true,false,false,false,191,55,11,6,0,3,0,false,true,true,false
Kubernetes,xgr,Kubernetes---kb_460_Normalized.json,6,2,4,2,4,6,0,completed,,,1.18362,0.000409667,0.000358,1.81667e-05,4353,841,70,20.1667,23,2,4,0,0,0,0,0,1,1,0,false,false,false,false,false,false,false,false,false,false,false,false,false,false,false,false,false,false,true,false,false,false,false,false,false,false,false,false,false,false,false,false,false,false,false,true,false,false,false,true,false,false,false,9,2,0,5,0,0,0,false,false,false,false
Kubernetes,xgr,Kubernetes---kb_461_Normalized.json,6,2,4,2,4,6,0,completed,,,1.44157,0.000488,0.000430667,1.86667e-05,3994,846,74.6667,21.5,25,2,4,0,0,0,0,0,1,1,0,false,false,false,false,false,false,false,false,false,false,false,false,false,false,false,false,false,false,true,false,false,false,false,false,false,false,false,false,false,false,false,false,false,false,false,true,false,false,false,true,false,false,false,9,2,0,5,0,0,0,false,false,false,false
Kubernetes,xgr,Kubernetes---kb_462_Normalized.json,5,2,3,2,3,5,0,completed,,,6.5e-05,0.000415,0.000365,1.64e-05,3445,846,68.6,19.8,22,2,3,0,0,0,0,0,1,1,0,false,false,false,false,false,false,false,false,false,false,false,false,false,false,false,false,false,false,true,false,false,false,false,false,false,false,false,false,false,false,false,false,false,false,false,true,false,false,false,true,false,false,false,9,2,0,5,0,0,0,false,false,false,false
Kubernetes,xgr,Kubernetes---kb_463_Normalized.json,2,1,1,1,1,2,0,completed,,,0.798138,0.000153,0.0001205,1.4e-05,1407,264,23.5,6.5,7,1,1,0,0,0,0,0,1,1,0,false,false,false,false,false,false,false,false,false,false,false,false,false,false,false,false,false,false,false,false,false,false,false,false,false,false,false,false,false,false,false,false,false,false,false,true,false,false,true,true,false,false,false,6,1,1,4,0,0,0,false,false,false,false
Kubernetes,xgr,Kubernetes---kb_464_Normalized.json,2,1,1,1,1,2,0,completed,,,4e-05,0.0001945,0.000163,1.3e-05,1407,264,23.5,7,8,1,1,0,0,0,0,0,1,1,0,false,false,false,false,false,false,false,false,false,false,false,false,false,false,false,false,false,false,false,false,false,false,false,false,false,false,false,false,false,false,false,false,false,false,false,true,false,false,true,true,false,false,false,6,1,1,4,0,0,0,false,false,false,false
Kubernetes,xgr,Kubernetes---kb_46_Normalized.json,2,1,1,1,1,2,0,completed,,,8.78748,0.0097945,0.0093615,0.000144,31232,23385,539.5,162,162,1,1,0,0,0,0,0,1,1,0,true,false,false,false,false,false,false,false,false,true,false,false,false,true,false,false,false,false,true,false,false,false,false,false,false,false,false,false,false,false,false,false,false,false,false,true,false,true,true,true,false,false,false,190,55,11,6,0,2,0,false,true,true,false
Kubernetes,xgr,Kubernetes---kb_471_Normalized.json,4,2,2,2,2,4,0,completed,,,0.996499,0.0009255,0.000845,2.1e-05,3140,764,68.75,36.25,40,2,2,0,0,0,0,0,1,1,0,false,false,false,false,false,false,false,false,false,false,false,false,false,false,false,false,false,false,true,false,false,false,false,false,false,false,false,false,false,false,false,false,false,false,false,true,false,false,true,true,false,false,false,10,2,1,5,0,0,0,false,false,false,false
Kubernetes,xgr,Kubernetes---kb_472_Normalized.json,4,2,2,2,2,4,0,completed,,,1.10201,0.0011345,0.00104375,2.725e-05,3153,737,69,36,40,2,2,0,0,0,0,0,1,1,0,false,false,false,false,false,false,false,false,false,false,false,false,false,false,false,false,false,false,true,false,false,false,false,false,false,false,false,false,false,false,false,false,false,false,false,true,false,false,true,true,false,false,false,10,2,1,5,0,0,0,false,false,false,false
Kubernetes,xgr,Kubernetes---kb_473_Normalized.json,4,2,2,2,2,4,0,completed,,,7.6e-05,0.0008085,0.00073775,1.775e-05,3163,737,70,36.25,40,2,2,0,0,0,0,0,1,1,0,false,false,false,false,false,false,false,false,false,false,false,false,false,false,false,false,false,false,true,false,false,false,false,false,false,false,false,false,false,false,false,false,false,false,false,true,false,false,true,true,false,false,false,10,2,1,5,0,0,0,false,false,false,false
Kubernetes,xgr,Kubernetes---kb_474_Normalized.json,5,2,3,2,3,5,0,completed,,,2.43168,0.0058568,0.0056638,5.02e-05,8250,2636,352.8,134.4,151,2,3,0,0,0,0,0,1,1,0,false,false,false,false,false,false,false,false,false,true,false,false,false,false,false,false,false,false,true,false,false,false,false,false,false,false,false,false,false,false,false,false,false,false,false,true,false,true,true,true,false,false,false,37,13,3,5,0,0,0,false,false,true,false
Kubernetes,xgr,Kubernetes---kb_475_Normalized.json,8,2,6,2,6,8,0,completed,,,8e-05,0.00733362,0.00711475,6.0625e-05,11469,2636,385.625,146.75,154,2,6,0,0,0,0,0,1,1,0,false,false,false,false,false,false,false,false,false,true,false,false,false,false,false,false,false,false,true,false,false,false,false,false,false,false,false,false,false,false,false,false,false,false,false,true,false,true,true,true,false,false,false,37,13,3,5,0,0,0,false,false,true,false
Kubernetes,xgr,Kubernetes---kb_476_Normalized.json,8,2,6,2,6,8,0,completed,,,1.73082,0.0021245,0.00202325,1.85e-05,10086,2552,239.75,93.875,141,1,6,0,1,0,0.5,0,1,0.875,-0.5,false,false,false,false,false,false,false,false,false,true,false,false,false,false,false,false,false,false,true,false,false,false,false,false,false,false,false,false,false,false,false,false,false,false,false,true,false,true,true,true,false,false,false,35,12,3,5,0,0,0,false,false,true,false
Kubernetes,xgr,Kubernetes---kb_477_Normalized.json,8,2,6,2,6,8,0,completed,,,6.8e-05,0.00744588,0.007241,6.175e-05,10722,2552,314.125,120.25,142,2,6,0,0,0,0,0,1,1,0,false,false,false,false,false,false,false,false,false,true,false,false,false,false,false,false,false,false,true,false,false,false,false,false,false,false,false,false,false,false,false,false,false,false,false,true,false,true,true,true,false,false,false,35,12,3,5,0,0,0,false,false,true,false
Kubernetes,xgr,Kubernetes---kb_478_Normalized.json,2,2,0,2,0,2,0,completed,,,84.318,0.0002275,8.15e-05,0.0001195,185039,149489,209.5,61.5,69,0,0,0,2,0,1,0,1,0,-1,true,false,false,false,false,false,false,false,false,true,false,false,false,true,false,false,false,false,true,false,false,false,false,false,false,false,false,false,false,false,false,true,false,false,false,true,false,true,true,true,false,false,false,1448,442,76,6,4,2,0,false,true,true,false
Kubernetes,xgr,Kubernetes---kb_479_Normalized.json,2,2,0,2,0,2,0,completed,,,70.8625,0.0062955,0.0058105,0.0003505,184956,149469,198,57,60,2,0,0,0,0,0,0,1,1,0,true,false,false,false,false,false,false,false,false,true,false,false,false,true,false,false,false,false,true,false,false,false,false,false,false,false,false,false,false,false,false,true,false,false,false,true,false,true,true,true,false,false,false,1447,442,76,6,4,1,0,false,true,true,false
Kubernetes,xgr,Kubernetes---kb_47_Normalized.json,2,2,0,2,0,2,0,completed,,,2.38726,9.98096,9.92386,0.0065435,15271,5067,3903.5,3533,6980,1,0,0,1,0,0.5,0,1,0.5,-0.5,false,false,false,false,false,false,false,false,false,true,false,false,false,false,false,false,false,false,true,false,false,false,false,false,false,false,false,false,false,false,false,false,false,false,false,true,false,true,true,true,false,false,false,59,15,6,5,0,0,0,false,true,true,false
Kubernetes,xgr,Kubernetes---kb_480_Normalized.json,3,1,2,1,2,3,0,completed,,,1.36122,0.0109007,0.0107013,6.76667e-05,3932,1301,180.667,66,67,1,2,0,0,0,0,0,1,1,0,false,false,false,false,false,false,false,false,false,true,false,false,false,false,false,false,false,false,false,false,false,false,false,false,false,false,false,false,false,false,false,false,false,false,false,true,false,true,true,true,false,false,false,20,6,2,4,0,0,0,false,false,false,false
Kubernetes,xgr,Kubernetes---kb_481_Normalized.json,4,2,2,2,2,4,0,completed,,,9.6e-05,0.0108115,0.010594,8.65e-05,4290,1301,185.5,67,68,2,2,0,0,0,0,0,1,1,0,false,false,false,false,false,false,false,false,false,true,false,false,false,false,false,false,false,false,false,false,false,false,false,false,false,false,false,false,false,false,false,false,false,false,false,true,false,true,true,true,false,false,false,20,6,2,4,0,0,0,false,false,false,false
Kubernetes,xgr,Kubernetes---kb_484_Normalized.json,5,2,3,2,3,5,0,completed,,,71.4798,0.0155314,0.0152582,0.000114,185157,145091,387.8,114.2,115,2,3,0,0,0,0,0,1,1,0,true,false,false,false,false,false,false,false,false,true,false,false,false,false,false,false,false,false,true,false,false,false,false,false,false,false,false,false,false,false,false,true,false,false,false,true,false,true,true,true,false,false,false,1391,425,74,6,4,0,0,false,true,true,false
Kubernetes,xgr,Kubernetes---kb_485_Normalized.json,5,2,3,2,3,5,0,completed,,,0.001094,0.0098246,0.0096242,8.38e-05,184564,145091,393.2,115.8,121,2,3,0,0,0,0,0,1,1,0,true,false,false,false,false,false,false,false,false,true,false,false,false,false,false,false,false,false,true,false,false,false,false,false,false,false,false,false,false,false,false,true,false,false,false,true,false,true,true,true,false,false,false,1391,425,74,6,4,0,0,false,true,true,false
Kubernetes,xgr,Kubernetes---kb_486_Normalized.json,3,1,2,1,2,3,0,completed,,,2.86551,0.00881267,0.00857367,5.16667e-05,6839,2895,333,127.667,129,1,2,0,0,0,0,0,1,1,0,false,false,false,false,false,false,false,false,false,true,false,false,false,false,false,false,false,false,true,false,false,false,false,false,false,false,false,false,false,false,false,false,false,false,false,true,false,true,true,true,false,false,false,42,12,2,4,0,0,0,false,false,true,false
Kubernetes,xgr,Kubernetes---kb_487_Normalized.json,8,2,6,2,6,8,0,completed,,,9.1e-05,0.0108354,0.0106089,6.8625e-05,12446,2895,365.375,135.25,168,2,6,0,0,0,0,0,1,1,0,false,false,false,false,false,false,false,false,false,true,false,false,false,false,false,false,false,false,true,false,false,false,false,false,false,false,false,false,false,false,false,false,false,false,false,true,false,true,true,true,false,false,false,42,12,2,4,0,0,0,false,false,true,false
Kubernetes,xgr,Kubernetes---kb_488_Normalized.json,3,2,1,2,1,3,0,completed,,,70.3291,0.00852767,0.008182,0.000227333,181607,145879,270,79.3333,101,1,1,0,1,0,0.5,0,1,0.666667,-0.5,true,false,false,false,false,false,false,false,false,true,false,false,false,false,false,false,false,false,true,false,false,false,false,false,false,false,false,false,false,false,false,true,false,false,false,true,false,true,true,true,false,false,false,1398,427,74,6,4,0,0,false,true,true,false
Kubernetes,xgr,Kubernetes---kb_489_Normalized.json,5,2,3,2,3,5,0,completed,,,0.001666,0.0023508,0.00226,4.12e-05,184578,145879,243.8,69.4,77,0,3,0,2,0,1,0,1,0.6,-1,true,false,false,false,false,false,false,false,false,true,false,false,false,false,false,false,false,false,true,false,false,false,false,false,false,false,false,false,false,false,false,true,false,false,false,true,false,true,true,true,false,false,false,1398,427,74,6,4,0,0,false,true,true,false
Kubernetes,xgr,Kubernetes---kb_48_Normalized.json,3,2,1,2,1,3,0,completed,,,9e-05,0.0410087,0.040384,0.000178333,10329,5067,726.667,380,529,1,1,0,1,0,0.5,0,1,0.666667,-0.5,false,false,false,false,false,false,false,false,false,true,false,false,false,false,false,false,false,false,true,false,false,false,false,false,false,false,false,false,false,false,false,false,false,false,false,true,false,true,true,true,false,false,false,59,15,6,5,0,0,0,false,true,true,false
Kubernetes,xgr,Kubernetes---kb_490_Normalized.json,3,2,1,2,1,3,0,completed,,,0.001466,0.0117913,0.0115317,0.000123,181643,145879,277.667,84.6667,92,0,1,0,2,0,1,0,1,0.333333,-1,true,false,false,false,false,false,false,false,false,true,false,false,false,false,false,false,false,false,true,false,false,false,false,false,false,false,false,false,false,false,false,true,false,false,false,true,false,true,true,true,false,false,false,1398,427,74,6,4,0,0,false,true,true,false
Kubernetes,xgr,Kubernetes---kb_494_Normalized.json,6,2,4,2,4,6,0,completed,,,25.0555,0.00406,0.003895,6.61667e-05,39227,21079,836.167,245.667,274,1,4,0,1,0,0.5,0,1,0.833333,-0.5,true,false,false,false,false,false,false,false,false,true,false,false,false,false,false,false,false,false,true,false,false,false,false,false,false,false,false,false,false,false,false,false,false,false,false,true,false,true,false,true,false,false,false,176,88,0,5,0,0,0,false,false,true,false
Kubernetes,xgr,Kubernetes---kb_495_Normalized.json,5,2,3,2,3,5,0,completed,,,23.6669,0.007732,0.0074216,0.0001336,36190,21359,722,214.4,323,1,3,0,1,0,0.5,0,1,0.8,-0.5,true,false,false,false,false,false,false,false,false,true,false,false,false,false,false,false,false,false,true,false,false,false,false,false,false,false,false,false,false,false,false,false,false,false,false,true,false,true,false,true,false,false,false,176,88,0,5,0,0,0,false,false,true,false
Kubernetes,xgr,Kubernetes---kb_496_Normalized.json,5,2,3,2,3,5,0,completed,,,0.000289,0.0106326,0.010255,0.0001762,37546,21359,949,255,345,1,3,0,1,0,0.5,0,1,0.8,-0.5,true,false,false,false,false,false,false,false,false,true,false,false,false,false,false,false,false,false,true,false,false,false,false,false,false,false,false,false,false,false,false,false,false,false,false,true,false,true,false,true,false,false,false,176,88,0,5,0,0,0,false,false,true,false
Kubernetes,xgr,Kubernetes---kb_49_Normalized.json,5,2,3,2,3,5,0,completed,,,1.3641,0.0029658,0.002888,3.12e-05,5342,1532,81.8,30,30,1,3,0,1,0,0.5,0,1,0.8,-0.5,false,false,false,false,false,false,false,false,false,false,false,false,false,false,false,false,false,false,false,false,false,false,false,false,false,false,false,false,false,false,false,false,false,false,false,true,false,false,true,true,false,false,false,13,4,1,4,0,0,0,false,false,false,false
Kubernetes,xgr,Kubernetes---kb_4_Normalized.json,9,2,7,2,7,9,0,completed,,,7.8e-05,0.000492111,0.000417889,2.13333e-05,13531,2499,238.333,73,111,1,7,0,1,0,0.5,0,1,0.888889,-0.5,true,false,false,false,false,false,false,false,false,true,false,false,false,false,false,false,false,false,true,false,false,false,false,false,false,false,false,false,false,false,false,false,false,false,false,true,false,true,true,true,false,false,false,33,6,2,5,0,0,0,false,false,false,false
Kubernetes,xgr,Kubernetes---kb_506_Normalized.json,5,2,3,2,3,5,0,completed,,,0.981587,0.0003084,0.000263,1.58e-05,3479,872,53.4,19,20,2,3,0,0,0,0,0,1,1,0,false,false,false,false,false,false,false,false,false,false,false,false,false,false,false,false,false,false,false,false,false,false,false,false,false,false,false,false,false,false,false,false,false,false,false,true,false,false,true,true,false,false,false,11,3,2,4,0,0,0,false,false,false,false
Kubernetes,xgr,Kubernetes---kb_507_Normalized.json,5,2,3,2,3,5,0,completed,,,5.8e-05,0.0003998,0.0003416,2.28e-05,4082,872,61.2,21,28,2,3,0,0,0,0,0,1,1,0,false,false,false,false,false,false,false,false,false,false,false,false,false,false,false,false,false,false,false,false,false,false,false,false,false,false,false,false,false,false,false,false,false,false,false,true,false,false,true,true,false,false,false,11,3,2,4,0,0,0,false,false,false,false
Kubernetes,xgr,Kubernetes---kb_508_Normalized.json,8,2,6,2,6,8,0,completed,,,1.43525,0.00126875,0.00110137,3.7e-05,10395,1887,214,68.25,90,2,6,0,0,0,0,0,1,1,0,true,false,false,false,false,false,false,false,false,true,false,false,false,false,false,false,false,false,true,false,false,false,false,false,false,false,false,false,false,false,false,false,false,false,false,true,false,true,true,true,false,false,false,26,5,2,5,0,0,0,false,false,false,false
Kubernetes,xgr,Kubernetes---kb_509_Normalized.json,8,2,6,2,6,8,0,completed,,,7e-05,0.00107588,0.000933625,4.15e-05,9985,1887,219.75,67.5,108,2,6,0,0,0,0,0,1,1,0,true,false,false,false,false,false,false,false,false,true,false,false,false,false,false,false,false,false,true,false,false,false,false,false,false,false,false,false,false,false,false,false,false,false,false,true,false,true,true,true,false,false,false,26,5,2,5,0,0,0,false,false,false,false
Kubernetes,xgr,Kubernetes---kb_50_Normalized.json,6,2,4,2,4,6,0,completed,,,6.4e-05,0.00149517,0.00144283,1.76667e-05,6304,1532,80.8333,29.6667,30,1,4,0,1,0,0.5,0,1,0.833333,-0.5,false,false,false,false,false,false,false,false,false,false,false,false,false,false,false,false,false,false,false,false,false,false,false,false,false,false,false,false,false,false,false,false,false,false,false,true,false,false,true,true,false,false,false,13,4,1,4,0,0,0,false,false,false,false
Kubernetes,xgr,Kubernetes---kb_510_Normalized.json,4,2,2,2,2,4,0,completed,,,0.838891,0.000346,0.000297,1.3e-05,3608,866,57,20.25,21,2,2,0,0,0,0,0,1,1,0,false,false,false,false,false,false,false,false,false,false,false,false,false,false,false,false,false,false,true,false,false,false,false,false,false,false,false,false,false,false,false,false,false,false,false,true,false,false,true,true,false,false,false,14,3,2,5,0,0,0,false,false,false,false
Kubernetes,xgr,Kubernetes---kb_511_Normalized.json,4,1,3,1,3,4,0,completed,,,4.2e-05,0.0002755,0.0002325,1.2e-05,3944,866,63,21.75,22,1,3,0,0,0,0,0,1,1,0,false,false,false,false,false,false,false,false,false,false,false,false,false,false,false,false,false,false,true,false,false,false,false,false,false,false,false,false,false,false,false,false,false,false,false,true,false,false,true,true,false,false,false,14,3,2,5,0,0,0,false,false,false,false
Kubernetes,xgr,Kubernetes---kb_512_Normalized.json,5,2,3,2,3,5,0,completed,,,7.08559,8.94e-05,5.62e-05,8.2e-06,25320,15992,513,161.4,186,0,3,0,2,0,1,0,1,0.6,-1,true,false,false,false,false,false,false,false,false,true,false,false,false,true,false,false,false,false,true,false,false,false,false,false,false,false,false,false,false,false,false,false,false,false,false,true,false,true,true,true,false,false,false,122,37,4,5,0,2,0,false,false,true,false
Kubernetes,xgr,Kubernetes---kb_513_Normalized.json,4,2,2,2,2,4,0,completed,,,7.6315,9.75e-05,6.275e-05,1.075e-05,23561,16012,476.25,163.5,189,0,2,0,2,0,1,0,1,0.5,-1,true,false,false,false,false,false,false,false,false,true,false,false,false,true,false,false,false,false,true,false,false,false,false,false,false,false,false,false,false,false,false,false,false,false,false,true,false,true,true,true,false,false,false,122,37,4,5,0,2,0,false,false,true,false
Kubernetes,xgr,Kubernetes---kb_514_Normalized.json,6,2,4,2,4,6,0,completed,,,7.19024,0.00229417,0.0020915,6.68333e-05,25766,15973,427.5,138.667,148,1,4,0,1,0,0.5,0,1,0.833333,-0.5,true,false,false,false,false,false,false,false,false,true,false,false,false,true,false,false,false,false,true,false,false,false,false,false,false,false,false,false,false,false,false,false,false,false,false,true,false,true,true,true,false,false,false,121,37,4,5,0,1,0,false,false,true,false
Kubernetes,xgr,Kubernetes---kb_515_Normalized.json,8,2,6,2,6,8,0,completed,,,8.37074,9.7375e-05,6.0875e-05,1.15e-05,35157,19880,445.75,152,164,0,6,0,2,0,1,0,1,0.75,-1,true,false,false,false,false,false,false,false,false,true,false,false,false,true,false,false,false,false,true,false,false,false,false,false,false,false,false,false,false,false,false,false,false,false,false,true,false,true,true,true,false,false,false,153,45,5,6,0,3,0,false,true,true,false
Kubernetes,xgr,Kubernetes---kb_516_Normalized.json,5,1,4,1,4,5,0,completed,,,8.79722,0.0001124,6.84e-05,1.42e-05,31032,19915,418.2,145.8,147,0,4,0,1,0,1,0,1,0.8,-1,true,false,false,false,false,false,false,false,false,true,false,false,false,true,false,false,false,false,true,false,false,false,false,false,false,false,false,false,false,false,false,false,false,false,false,true,false,true,true,true,false,false,false,153,45,5,6,0,3,0,false,true,true,false
Kubernetes,xgr,Kubernetes---kb_517_Normalized.json,5,1,4,1,4,5,0,completed,,,8.85998,0.01356,0.012746,0.000255,33589,19876,695.8,256.4,260,1,4,0,0,0,0,0,1,1,0,true,false,false,false,false,false,false,false,false,true,false,false,false,true,false,false,false,false,true,false,false,false,false,false,false,false,false,false,false,false,false,false,false,false,false,true,false,true,true,true,false,false,false,152,45,5,6,0,2,0,false,true,true,false
Kubernetes,xgr,Kubernetes---kb_518_Normalized.json,4,2,2,2,2,4,0,completed,,,2.74387,0.00295225,0.00275625,6.45e-05,4240,1308,166.5,69.5,71,2,2,0,0,0,0,0,1,1,0,false,false,false,false,false,false,false,false,false,true,false,false,false,false,false,false,false,false,false,false,false,false,false,false,false,false,false,false,false,false,false,false,false,false,false,true,false,true,false,true,false,false,false,19,5,0,4,0,0,0,false,false,false,false
Kubernetes,xgr,Kubernetes---kb_519_Normalized.json,4,2,2,2,2,4,0,completed,,,6.8e-05,0.00297225,0.002783,6.425e-05,4240,1308,166.5,69.5,71,2,2,0,0,0,0,0,1,1,0,false,false,false,false,false,false,false,false,false,true,false,false,false,false,false,false,false,false,false,false,false,false,false,false,false,false,false,false,false,false,false,false,false,false,false,true,false,true,false,true,false,false,false,19,5,0,4,0,0,0,false,false,false,false
Kubernetes,xgr,Kubernetes---kb_51_Normalized.json,2,1,1,1,1,2,0,completed,,,1.65856,0.0028435,0.0027145,4.45e-05,3002,1097,200.5,60.5,61,1,1,0,0,0,0,0,1,1,0,false,false,false,false,false,false,false,false,false,false,false,false,false,false,false,false,false,false,false,false,false,false,false,false,false,false,false,false,false,false,false,false,false,false,false,true,false,false,true,true,false,false,false,16,6,2,4,0,0,0,false,false,false,false
Kubernetes,xgr,Kubernetes---kb_520_Normalized.json,5,2,3,2,3,5,0,completed,,,0.000113,0.0027008,0.0025208,6.16e-05,4997,1308,166.2,69.2,71,2,3,0,0,0,0,0,1,1,0,false,false,false,false,false,false,false,false,false,true,false,false,false,false,false,false,false,false,false,false,false,false,false,false,false,false,false,false,false,false,false,false,false,false,false,true,false,true,false,true,false,false,false,19,5,0,4,0,0,0,false,false,false,false
Kubernetes,xgr,Kubernetes---kb_521_Normalized.json,4,2,2,2,2,4,0,completed,,,2.86925,0.008548,0.0083015,8.75e-05,10542,5342,268.5,86.5,106,2,2,0,0,0,0,0,1,1,0,false,false,false,false,false,false,false,false,false,true,false,false,false,false,false,false,false,false,true,false,false,false,false,false,false,false,false,false,false,false,false,true,false,false,false,true,false,true,true,true,false,false,false,59,15,4,5,2,0,0,false,false,true,false
Kubernetes,xgr,Kubernetes---kb_522_Normalized.json,2,2,0,2,0,2,0,completed,,,0.000103,0.010958,0.010674,9.55e-05,8397,5342,260.5,83,85,2,0,0,0,0,0,0,1,1,0,false,false,false,false,false,false,false,false,false,true,false,false,false,false,false,false,false,false,true,false,false,false,false,false,false,false,false,false,false,false,false,true,false,false,false,true,false,true,true,true,false,false,false,59,15,4,5,2,0,0,false,false,true,false
Kubernetes,xgr,Kubernetes---kb_523_Normalized.json,5,2,3,2,3,5,0,completed,,,2.71712,0.0008486,0.0007812,2.52e-05,10339,3896,144.6,44.8,46,1,3,0,1,0,0.5,0,1,0.8,-0.5,false,false,false,false,false,false,false,false,false,true,false,false,false,false,false,false,false,false,false,false,false,false,false,false,false,false,false,false,false,false,false,false,false,false,false,true,false,true,true,true,false,false,false,33,7,1,5,0,0,0,false,false,false,false
Kubernetes,xgr,Kubernetes---kb_524_Normalized.json,5,2,3,2,3,5,0,completed,,,0.000127,0.0010588,0.0009844,2.72e-05,10333,3896,143.6,44.8,46,1,3,0,1,0,0.5,0,1,0.8,-0.5,false,false,false,false,false,false,false,false,false,true,false,false,false,false,false,false,false,false,false,false,false,false,false,false,false,false,false,false,false,false,false,false,false,false,false,true,false,true,true,true,false,false,false,33,7,1,5,0,0,0,false,false,false,false
Kubernetes,xgr,Kubernetes---kb_525_Normalized.json,4,2,2,2,2,4,0,completed,,,9.32671,0.009147,0.0088735,8.6e-05,26532,17163,433.25,153,153,2,2,0,0,0,0,0,1,1,0,true,false,false,false,false,false,false,false,false,true,false,false,false,true,false,false,false,false,true,false,false,false,false,false,false,false,false,false,false,false,false,true,false,false,false,true,false,true,true,true,false,false,false,141,39,6,5,2,2,0,false,true,true,false
Kubernetes,xgr,Kubernetes---kb_526_Normalized.json,3,2,1,2,1,3,0,completed,,,7.07509,0.010457,0.01016,6.7e-05,24909,17149,470,165,171,2,1,0,0,0,0,0,1,1,0,true,false,false,false,false,false,false,false,false,true,false,false,false,true,false,false,false,false,true,false,false,false,false,false,false,false,false,false,false,false,false,true,false,false,false,true,false,true,true,true,false,false,false,140,39,6,5,2,1,0,false,true,true,false
Kubernetes,xgr,Kubernetes---kb_527_Normalized.json,5,1,4,1,4,5,0,completed,,,1.63992,0.0035864,0.0034702,4.36e-05,7566,1989,250.6,93,99,1,4,0,0,0,0,0,1,1,0,true,false,false,false,false,false,false,false,false,true,false,false,false,false,false,false,false,false,false,false,false,false,false,false,false,false,false,false,false,false,false,true,false,false,false,true,false,true,true,true,false,false,false,30,6,1,4,2,0,0,false,false,false,false
Kubernetes,xgr,Kubernetes---kb_528_Normalized.json,5,2,3,2,3,5,0,completed,,,9.3e-05,0.0054212,0.0052608,5.2e-05,7284,1989,244.8,92,98,2,3,0,0,0,0,0,1,1,0,true,false,false,false,false,false,false,false,false,true,false,false,false,false,false,false,false,false,false,false,false,false,false,false,false,false,false,false,false,false,false,true,false,false,false,true,false,true,true,true,false,false,false,30,6,1,4,2,0,0,false,false,false,false
Kubernetes,xgr,Kubernetes---kb_529_Normalized.json,4,2,2,2,2,4,0,completed,,,8.29917,0.0122702,0.0118415,0.000145,31438,21148,433.5,149.25,153,2,2,0,0,0,0,0,1,1,0,true,false,false,false,false,false,false,false,false,true,false,false,false,true,false,false,false,false,true,false,false,false,false,false,false,false,false,false,false,false,false,true,false,false,false,true,false,true,true,true,false,false,false,172,47,7,6,2,3,0,false,true,true,false
Kubernetes,xgr,Kubernetes---kb_52_Normalized.json,4,2,2,2,2,4,0,completed,,,6.6e-05,0.0032885,0.003158,4.825e-05,4105,1097,199.75,60.75,62,2,2,0,0,0,0,0,1,1,0,false,false,false,false,false,false,false,false,false,false,false,false,false,false,false,false,false,false,false,false,false,false,false,false,false,false,false,false,false,false,false,false,false,false,false,true,false,false,true,true,false,false,false,16,6,2,4,0,0,0,false,false,false,false
Kubernetes,xgr,Kubernetes---kb_531_Normalized.json,2,2,0,2,0,2,0,completed,,,2.25938,0.044638,0.043769,0.0003405,6300,2415,517.5,188,188,2,0,0,0,0,0,0,1,1,0,true,false,false,false,false,false,false,false,false,true,false,false,false,false,false,false,false,false,true,false,false,false,false,false,false,false,false,false,false,false,false,true,false,false,false,true,false,true,true,true,false,false,false,38,7,2,5,2,0,0,false,false,false,false
Kubernetes,xgr,Kubernetes---kb_532_Normalized.json,3,2,1,2,1,3,0,completed,,,0.000116,0.044529,0.0435283,0.000403667,8892,2415,543,199,221,2,1,0,0,0,0,0,1,1,0,true,false,false,false,false,false,false,false,false,true,false,false,false,false,false,false,false,false,true,false,false,false,false,false,false,false,false,false,false,false,false,true,false,false,false,true,false,true,true,true,false,false,false,38,7,2,5,2,0,0,false,false,false,false
Kubernetes,xgr,Kubernetes---kb_533_Normalized.json,4,2,2,2,2,4,0,completed,,,2.18235,0.00105275,0.000999,1.775e-05,5788,2472,87.5,31.5,32,1,2,0,1,0,0.5,0,1,0.75,-0.5,false,false,false,false,false,false,false,false,false,true,false,false,false,false,false,false,false,false,false,false,false,false,false,false,false,false,false,false,false,false,false,false,false,false,false,true,false,true,true,true,false,false,false,25,5,1,4,0,0,0,false,false,false,false
Kubernetes,xgr,Kubernetes---kb_534_Normalized.json,3,2,1,2,1,3,0,completed,,,8.9e-05,0.00130267,0.00123667,2.3e-05,4825,2472,90.3333,31.6667,32,1,1,0,1,0,0.5,0,1,0.666667,-0.5,false,false,false,false,false,false,false,false,false,true,false,false,false,false,false,false,false,false,false,false,false,false,false,false,false,false,false,false,false,false,false,false,false,false,false,true,false,true,true,true,false,false,false,25,5,1,4,0,0,0,false,false,false,false
Kubernetes,xgr,Kubernetes---kb_535_Normalized.json,7,2,5,2,5,7,0,completed,,,2.0397,0.00185229,0.00174243,3.54286e-05,10880,2338,148,53.7143,92,2,5,0,0,0,0,0,1,1,0,false,false,false,false,false,false,false,false,false,false,false,false,false,false,false,false,false,false,false,false,false,false,false,false,false,false,false,false,false,false,false,false,false,false,false,true,false,false,false,true,false,false,false,12,4,0,4,0,0,0,false,false,false,false
Kubernetes,xgr,Kubernetes---kb_536_Normalized.json,7,2,5,2,5,7,0,completed,,,7.2e-05,0.00120357,0.00111443,3.17143e-05,10805,2338,136,45,89,2,5,0,0,0,0,0,1,1,0,false,false,false,false,false,false,false,false,false,false,false,false,false,false,false,false,false,false,false,false,false,false,false,false,false,false,false,false,false,false,false,false,false,false,false,true,false,false,false,true,false,false,false,12,4,0,4,0,0,0,false,false,false,false
Kubernetes,xgr,Kubernetes---kb_537_Normalized.json,5,1,4,1,4,5,0,completed,,,1.15854,0.0003322,0.0002778,1.92e-05,3550,499,41.6,16.6,19,1,4,0,0,0,0,0,1,1,0,false,false,false,false,false,false,false,false,false,false,false,false,false,false,false,false,false,false,false,false,false,false,false,false,false,false,false,false,false,false,false,false,false,false,false,true,false,false,false,true,false,false,false,7,2,0,4,0,0,0,false,false,false,false
Kubernetes,xgr,Kubernetes---kb_538_Normalized.json,7,2,5,2,5,7,0,completed,,,6.5e-05,0.000376857,0.000320857,2.02857e-05,4332,499,41.2857,16.1429,19,2,5,0,0,0,0,0,1,1,0,false,false,false,false,false,false,false,false,false,false,false,false,false,false,false,false,false,false,false,false,false,false,false,false,false,false,false,false,false,false,false,false,false,false,false,true,false,false,false,true,false,false,false,7,2,0,4,0,0,0,false,false,false,false
Kubernetes,xgr,Kubernetes---kb_539_Normalized.json,7,2,5,2,5,7,0,completed,,,1.43924,0.000772286,0.000678429,3.18571e-05,6395,1024,92.1429,34,46,2,5,0,0,0,0,0,1,1,0,false,false,false,false,false,false,false,false,false,true,false,false,false,false,false,false,false,false,true,false,false,false,false,false,false,false,false,false,false,false,false,false,false,false,false,true,false,true,false,true,false,false,false,15,3,0,4,0,0,0,false,false,false,false
Kubernetes,xgr,Kubernetes---kb_53_Normalized.json,6,1,5,1,5,6,0,completed,,,1.48818,0.001171,0.00111933,1.96667e-05,4914,683,110.833,29.5,30,1,5,0,0,0,0,0,1,1,0,false,false,false,false,false,false,false,false,false,false,false,false,false,false,false,false,false,false,false,false,false,false,false,false,false,false,false,false,false,false,false,false,false,false,false,true,false,false,true,true,false,false,false,12,4,2,4,0,0,0,false,false,false,false
Kubernetes,xgr,Kubernetes---kb_540_Normalized.json,5,1,4,1,4,5,0,completed,,,6.4e-05,0.000457,0.0003954,2.1e-05,5165,1024,69,24.2,43,1,4,0,0,0,0,0,1,1,0,false,false,false,false,false,false,false,false,false,true,false,false,false,false,false,false,false,false,true,false,false,false,false,false,false,false,false,false,false,false,false,false,false,false,false,true,false,true,false,true,false,false,false,15,3,0,4,0,0,0,false,false,false,false
Kubernetes,xgr,Kubernetes---kb_541_Normalized.json,2,1,1,1,1,2,0,completed,,,0.804979,0.000161,0.0001295,1.15e-05,1467,326,19.5,6.5,7,1,1,0,0,0,0,0,1,1,0,false,false,false,false,false,false,false,false,false,false,false,false,false,false,false,false,false,false,false,false,false,false,false,false,false,false,false,false,false,false,false,false,false,false,false,true,false,false,false,true,false,false,false,5,1,0,4,0,0,0,false,false,false,false
Kubernetes,xgr,Kubernetes---kb_542_Normalized.json,2,1,1,1,1,2,0,completed,,,4.8e-05,0.0001605,0.0001335,9.5e-06,1467,326,19.5,6.5,7,1,1,0,0,0,0,0,1,1,0,false,false,false,false,false,false,false,false,false,false,false,false,false,false,false,false,false,false,false,false,false,false,false,false,false,false,false,false,false,false,false,false,false,false,false,true,false,false,false,true,false,false,false,5,1,0,4,0,0,0,false,false,false,false
Kubernetes,xgr,Kubernetes---kb_543_Normalized.json,7,2,5,2,5,7,0,completed,,,8.67713,0.000100714,6.21429e-05,1.34286e-05,33744,19449,515.857,145.286,187,0,5,0,2,0,1,0,1,0.714286,-1,true,false,false,false,false,false,false,false,false,true,false,false,false,true,false,false,false,false,true,false,false,false,false,false,false,false,false,false,false,false,false,false,false,false,false,true,false,true,true,true,false,false,false,163,52,6,6,0,2,0,false,true,true,false
Kubernetes,xgr,Kubernetes---kb_544_Normalized.json,4,2,2,2,2,4,0,completed,,,7.9528,0.00011375,6.675e-05,1.725e-05,29227,19497,618.25,185,193,0,2,0,2,0,1,0,1,0.5,-1,true,false,false,false,false,false,false,false,false,true,false,false,false,true,false,false,false,false,true,false,false,false,false,false,false,false,false,false,false,false,false,false,false,false,false,true,false,true,true,true,false,false,false,163,52,6,6,0,2,0,false,true,true,false
Kubernetes,xgr,Kubernetes---kb_545_Normalized.json,7,2,5,2,5,7,0,completed,,,8.78994,0.00851886,0.00820071,0.000105429,33608,19457,599.286,179,193,2,5,0,0,0,0,0,1,1,0,true,false,false,false,false,false,false,false,false,true,false,false,false,true,false,false,false,false,true,false,false,false,false,false,false,false,false,false,false,false,false,false,false,false,false,true,false,true,true,true,false,false,false,162,52,6,6,0,1,0,false,true,true,false
Kubernetes,xgr,Kubernetes---kb_546_Normalized.json,4,2,2,2,2,4,0,completed,,,0.768294,0.00067975,0.0006495,1e-05,3087,595,38,14.25,15,1,2,0,1,0,0.5,0,1,0.75,-0.5,false,false,false,false,false,false,false,false,false,false,false,false,false,false,false,false,false,false,false,false,false,false,false,false,false,false,false,false,false,false,false,false,false,false,false,true,false,false,true,true,false,false,false,8,2,1,4,0,0,0,false,false,false,false
Kubernetes,xgr,Kubernetes---kb_547_Normalized.json,4,2,2,2,2,4,0,completed,,,6.1e-05,0.00091375,0.0008775,1.3e-05,2852,595,36.5,14.5,15,1,2,0,1,0,0.5,0,1,0.75,-0.5,false,false,false,false,false,false,false,false,false,false,false,false,false,false,false,false,false,false,false,false,false,false,false,false,false,false,false,false,false,false,false,false,false,false,false,true,false,false,true,true,false,false,false,8,2,1,4,0,0,0,false,false,false,false
Kubernetes,xgr,Kubernetes---kb_548_Normalized.json,2,1,1,1,1,2,0,completed,,,1.63256,0.0004085,0.00036,1.4e-05,5134,2679,208.5,79.5,80,0,1,0,1,0,1,0,1,0.5,-1,false,false,false,false,false,false,false,false,false,true,false,false,false,false,false,false,false,false,false,false,false,false,false,false,false,false,false,false,false,false,false,false,false,false,false,true,false,true,false,true,false,false,false,21,6,0,4,0,0,0,false,false,false,false
Kubernetes,xgr,Kubernetes---kb_549_Normalized.json,5,2,3,2,3,5,0,completed,,,6e-05,0.0003226,0.0002786,1.36e-05,16322,2679,1377.4,412.2,1685,0,3,0,2,0,1,0,1,0.6,-1,false,false,false,false,false,false,false,false,false,true,false,false,false,false,false,false,false,false,false,false,false,false,false,false,false,false,false,false,false,false,false,false,false,false,false,true,false,true,false,true,false,false,false,21,6,0,4,0,0,0,false,false,false,false
Kubernetes,xgr,Kubernetes---kb_54_Normalized.json,7,2,5,2,5,7,0,completed,,,4.9e-05,0.00132,0.00126171,2.04286e-05,5073,683,106.857,29,30,2,5,0,0,0,0,0,1,1,0,false,false,false,false,false,false,false,false,false,false,false,false,false,false,false,false,false,false,false,false,false,false,false,false,false,false,false,false,false,false,false,false,false,false,false,true,false,false,true,true,false,false,false,12,4,2,4,0,0,0,false,false,false,false
Kubernetes,xgr,Kubernetes---kb_550_Normalized.json,8,2,6,2,6,8,0,completed,,,1.58977,0.000609,0.00053275,1.9375e-05,11074,2623,238.375,77.375,91,1,6,0,1,0,0.5,0,1,0.875,-0.5,true,false,false,false,false,false,false,false,false,true,false,false,false,false,false,false,false,false,true,false,false,false,false,false,false,false,false,false,false,false,false,false,false,false,false,true,false,true,true,true,false,false,false,34,7,3,5,0,0,0,false,false,false,false
Kubernetes,xgr,Kubernetes---kb_551_Normalized.json,8,2,6,2,6,8,0,completed,,,7.1e-05,0.000860625,0.00075425,3.1625e-05,10847,2623,229.75,72.5,80,1,6,0,1,0,0.5,0,1,0.875,-0.5,true,false,false,false,false,false,false,false,false,true,false,false,false,false,false,false,false,false,true,false,false,false,false,false,false,false,false,false,false,false,false,false,false,false,false,true,false,true,true,true,false,false,false,34,7,3,5,0,0,0,false,false,false,false
Kubernetes,xgr,Kubernetes---kb_552_Normalized.json,3,1,2,1,2,3,0,completed,,,3.7426,0.000890667,0.000851333,1.26667e-05,14996,10221,83.3333,24.3333,25,1,2,0,0,0,0,0,1,1,0,true,false,false,false,false,false,false,false,false,true,false,false,false,false,false,false,false,false,true,false,false,false,false,false,false,false,false,false,false,false,false,true,false,false,false,true,false,true,true,true,false,false,false,100,28,12,5,2,0,0,false,true,true,false
Kubernetes,xgr,Kubernetes---kb_553_Normalized.json,2,1,1,1,1,2,0,completed,,,3.12083,0.002469,0.0023875,3.15e-05,14428,10170,116,35.5,37,1,1,0,0,0,0,0,1,1,0,true,false,false,false,false,false,false,false,false,true,false,false,false,false,false,false,false,false,true,false,false,false,false,false,false,false,false,false,false,false,false,true,false,false,false,true,false,true,true,true,false,false,false,107,28,16,5,2,0,0,false,true,true,false
Kubernetes,xgr,Kubernetes---kb_554_Normalized.json,3,1,2,1,2,3,0,completed,,,0.000129,0.00232933,0.00225533,3.23333e-05,16342,10170,235.333,71.6667,149,1,2,0,0,0,0,0,1,1,0,true,false,false,false,false,false,false,false,false,true,false,false,false,false,false,false,false,false,true,false,false,false,false,false,false,false,false,false,false,false,false,true,false,false,false,true,false,true,true,true,false,false,false,107,28,16,5,2,0,0,false,true,true,false
Kubernetes,xgr,Kubernetes---kb_555_Normalized.json,3,2,1,2,1,3,0,completed,,,3.89997,0.00342667,0.00335167,2.43333e-05,14355,10067,113.667,33,33,2,1,0,0,0,0,0,1,1,0,true,false,false,false,false,false,false,false,false,true,false,false,false,false,false,false,false,false,true,false,false,false,false,false,false,false,false,false,false,false,false,true,false,false,false,true,false,true,true,true,false,false,false,100,28,14,5,2,0,0,false,true,true,false
Kubernetes,xgr,Kubernetes---kb_556_Normalized.json,4,2,2,2,2,4,0,completed,,,4.01411,0.00130575,0.0012535,1.55e-05,14538,9642,89.75,28,33,2,2,0,0,0,0,0,1,1,0,true,false,false,false,false,false,false,false,false,true,false,false,false,false,false,false,false,false,true,false,false,false,false,false,false,false,false,false,false,false,false,true,false,false,false,true,false,true,true,true,false,false,false,104,27,15,5,2,0,0,false,true,true,false
Kubernetes,xgr,Kubernetes---kb_557_Normalized.json,3,2,1,2,1,3,0,completed,,,0.000133,0.00164267,0.00158,1.86667e-05,13954,9642,114.667,35.3333,41,2,1,0,0,0,0,0,1,1,0,true,false,false,false,false,false,false,false,false,true,false,false,false,false,false,false,false,false,true,false,false,false,false,false,false,false,false,false,false,false,false,true,false,false,false,true,false,true,true,true,false,false,false,104,27,15,5,2,0,0,false,true,true,false
Kubernetes,xgr,Kubernetes---kb_558_Normalized.json,4,2,2,2,2,4,0,completed,,,0.986515,0.00257025,0.002477,3.9e-05,4156,1251,88.5,30.25,34,2,2,0,0,0,0,0,1,1,0,false,false,false,false,false,false,false,false,false,true,false,false,false,false,false,false,false,false,false,false,false,false,false,false,false,false,false,false,false,false,false,true,false,false,false,true,false,true,true,true,false,false,false,17,4,1,4,2,0,0,false,false,false,false
Kubernetes,xgr,Kubernetes---kb_559_Normalized.json,5,2,3,2,3,5,0,completed,,,5.4e-05,0.002539,0.002462,2.96e-05,5048,1251,85.6,27.8,31,2,3,0,0,0,0,0,1,1,0,false,false,false,false,false,false,false,false,false,true,false,false,false,false,false,false,false,false,false,false,false,false,false,false,false,false,false,false,false,false,false,true,false,false,false,true,false,true,true,true,false,false,false,17,4,1,4,2,0,0,false,false,false,false
Kubernetes,xgr,Kubernetes---kb_55_Normalized.json,6,2,4,2,4,6,0,completed,,,0.980477,0.001557,0.00150017,2.03333e-05,4023,514,83.1667,23.3333,26,2,4,0,0,0,0,0,1,1,0,false,false,false,false,false,false,false,false,false,false,false,false,false,false,false,false,false,false,false,false,false,false,false,false,false,false,false,false,false,false,false,false,false,false,false,true,false,false,true,true,false,false,false,10,3,2,4,0,0,0,false,false,false,false
Kubernetes,xgr,Kubernetes---kb_560_Normalized.json,5,2,3,2,3,5,0,completed,,,1.43209,0.0004056,0.0003366,2.72e-05,4363,1016,64.4,21.8,24,2,3,0,0,0,0,0,1,1,0,false,false,false,false,false,false,false,false,false,true,false,false,false,false,false,false,false,false,false,false,false,false,false,false,false,false,false,false,false,false,false,true,false,false,false,true,false,true,false,true,false,false,false,14,3,0,4,2,0,0,false,false,false,false
Kubernetes,xgr,Kubernetes---kb_561_Normalized.json,3,2,1,2,1,3,0,completed,,,6.4e-05,0.000685333,0.000582,3.9e-05,2705,1016,64.6667,22,23,2,1,0,0,0,0,0,1,1,0,false,false,false,false,false,false,false,false,false,true,false,false,false,false,false,false,false,false,false,false,false,false,false,false,false,false,false,false,false,false,false,true,false,false,false,true,false,true,false,true,false,false,false,14,3,0,4,2,0,0,false,false,false,false
Kubernetes,xgr,Kubernetes---kb_562_Normalized.json,3,1,2,1,2,3,0,completed,,,0.681272,0.000212667,0.000192333,4e-06,2125,118,64.3333,20.3333,30,1,2,0,0,0,0,0,1,1,0,false,false,false,false,false,false,false,false,false,false,false,false,false,false,false,false,false,false,false,false,false,false,false,false,false,false,false,false,false,false,false,false,false,false,false,false,false,false,false,true,false,false,false,3,0,0,0,0,0,0,false,false,false,false
Kubernetes,xgr,Kubernetes---kb_563_Normalized.json,2,1,1,1,1,2,0,completed,,,3.4e-05,0.0005735,0.000525,1.75e-05,1503,118,76,24,30,1,1,0,0,0,0,0,1,1,0,false,false,false,false,false,false,false,false,false,false,false,false,false,false,false,false,false,false,false,false,false,false,false,false,false,false,false,false,false,false,false,false,false,false,false,false,false,false,false,true,false,false,false,3,0,0,0,0,0,0,false,false,false,false
Kubernetes,xgr,Kubernetes---kb_564_Normalized.json,4,1,3,1,3,4,0,completed,,,4.32939,0.00310475,0.00274725,0.00013175,23777,14076,637.5,183.5,203,1,3,0,0,0,0,0,1,1,0,true,false,false,false,false,false,false,false,false,true,false,false,false,false,false,false,false,false,true,false,false,false,false,false,false,false,false,false,false,false,false,false,false,false,false,true,false,true,true,true,false,false,false,101,28,8,5,0,0,0,false,true,true,false
Kubernetes,xgr,Kubernetes---kb_565_Normalized.json,6,2,4,2,4,6,0,completed,,,4.36819,0.0024135,0.00221433,4.41667e-05,26495,14060,554.667,157.667,163,2,4,0,0,0,0,0,1,1,0,true,false,false,false,false,false,false,false,false,true,false,false,false,false,false,false,false,false,true,false,false,false,false,false,false,false,false,false,false,false,false,false,false,false,false,true,false,true,true,true,false,false,false,101,28,6,5,0,0,0,false,true,true,false
Kubernetes,xgr,Kubernetes---kb_566_Normalized.json,6,2,4,2,4,6,0,completed,,,0.000139,0.00169267,0.00155583,2.86667e-05,27752,14060,620.167,175.333,223,2,4,0,0,0,0,0,1,1,0,true,false,false,false,false,false,false,false,false,true,false,false,false,false,false,false,false,false,true,false,false,false,false,false,false,false,false,false,false,false,false,false,false,false,false,true,false,true,true,true,false,false,false,101,28,6,5,0,0,0,false,true,true,false
Kubernetes,xgr,Kubernetes---kb_567_Normalized.json,4,2,2,2,2,4,0,completed,,,10.0946,0.0001365,8.425e-05,1.775e-05,42826,28975,766.5,212.25,230,0,2,0,2,0,1,0,1,0.5,-1,true,false,false,false,false,false,false,false,false,true,false,false,false,true,false,false,false,false,true,false,false,false,false,false,false,false,false,false,false,false,false,false,false,false,false,true,false,true,true,true,false,false,false,208,60,12,5,0,2,0,false,true,true,false
Kubernetes,xgr,Kubernetes---kb_568_Normalized.json,5,2,3,2,3,5,0,completed,,,13.4705,0.00013,5.16667e-05,1.16667e-05,43604,29104,615,171,212,0,3,0,2,0,1,0,1,0.6,-1,true,false,false,false,false,false,false,false,false,true,false,false,false,true,false,false,false,false,true,false,false,false,false,false,false,false,false,false,false,false,false,false,false,false,false,true,false,true,true,true,false,false,false,208,60,10,5,0,2,0,false,true,true,false
Kubernetes,xgr,Kubernetes---kb_569_Normalized.json,5,2,3,2,3,5,0,completed,,,11.7301,0.00318933,0.00218625,4.825e-05,45593,29056,795.75,222.5,247,2,3,0,0,0,0,0,1,1,0,true,false,false,false,false,false,false,false,false,true,false,false,false,true,false,false,false,false,true,false,false,false,false,false,false,false,false,false,false,false,false,false,false,false,false,true,false,true,true,true,false,false,false,207,60,10,5,0,1,0,false,true,true,false
Kubernetes,xgr,Kubernetes---kb_56_Normalized.json,4,1,3,1,3,4,0,completed,,,3.8e-05,0.001359,0.0013115,1.675e-05,3163,514,78.75,22.25,23,1,3,0,0,0,0,0,1,1,0,false,false,false,false,false,false,false,false,false,false,false,false,false,false,false,false,false,false,false,false,false,false,false,false,false,false,false,false,false,false,false,false,false,false,false,true,false,false,true,true,false,false,false,10,3,2,4,0,0,0,false,false,false,false
Kubernetes,xgr,Kubernetes---kb_570_Normalized.json,2,1,1,1,1,2,0,completed,,,11.4611,0.000129,7.75e-05,1.8e-05,45179,33017,1084,302,326,0,1,0,1,0,1,0,1,0.5,-1,true,false,false,false,false,false,false,false,false,true,false,false,false,true,false,false,false,false,true,false,false,false,false,false,false,false,false,false,false,false,false,false,false,false,false,true,false,true,true,true,false,false,false,239,68,13,6,0,3,0,false,true,true,false
Kubernetes,xgr,Kubernetes---kb_571_Normalized.json,2,1,1,1,1,2,0,completed,,,11.6344,0.0001125,6.9e-05,1.55e-05,42396,33161,586.5,166,269,0,1,0,1,0,1,0,1,0.5,-1,true,false,false,false,false,false,false,false,false,true,false,false,false,true,false,false,false,false,true,false,false,false,false,false,false,false,false,false,false,false,false,false,false,false,false,true,false,true,true,true,false,false,false,239,68,11,6,0,3,0,false,true,true,false
Kubernetes,xgr,Kubernetes---kb_572_Normalized.json,3,1,2,1,2,3,0,completed,,,11.5008,0.00921267,0.00861567,0.000169,47798,33113,1015.67,285,298,1,2,0,0,0,0,0,1,1,0,true,false,false,false,false,false,false,false,false,true,false,false,false,true,false,false,false,false,true,false,false,false,false,false,false,false,false,false,false,false,false,false,false,false,false,true,false,true,true,true,false,false,false,238,68,11,6,0,2,0,false,true,true,false
Kubernetes,xgr,Kubernetes---kb_573_Normalized.json,5,2,3,2,3,5,0,completed,,,6.87955,0.0036856,0.0035416,4e-05,27167,16757,591.6,166.6,204,1,3,0,1,0,0.5,0,1,0.8,-0.5,true,false,false,false,false,false,false,false,false,true,false,false,false,true,false,false,false,false,true,false,false,false,false,false,false,false,false,false,false,false,false,false,false,false,false,true,false,true,true,true,false,false,false,135,41,6,5,0,2,0,false,true,true,false
Kubernetes,xgr,Kubernetes---kb_574_Normalized.json,6,2,4,2,4,6,0,completed,,,6.60242,0.00236383,0.002188,5.68333e-05,28127,16743,575.167,159.167,225,1,4,0,1,0,0.5,0,1,0.833333,-0.5,true,false,false,false,false,false,false,false,false,true,false,false,false,true,false,false,false,false,true,false,false,false,false,false,false,false,false,false,false,false,false,false,false,false,false,true,false,true,true,true,false,false,false,134,41,6,5,0,1,0,false,true,true,false
Kubernetes,xgr,Kubernetes---kb_575_Normalized.json,5,2,3,2,3,5,0,completed,,,1.0675,0.0058344,0.0056938,5.26e-05,4229,896,157.8,49.8,54,2,3,0,0,0,0,0,1,1,0,false,false,false,false,false,false,false,false,false,true,false,false,false,false,false,false,false,false,false,false,false,false,false,false,false,false,false,false,false,false,false,false,false,false,false,true,false,true,true,true,false,false,false,15,5,2,4,0,0,0,false,false,false,false
Kubernetes,xgr,Kubernetes---kb_576_Normalized.json,5,2,3,2,3,5,0,completed,,,4.7e-05,0.0066184,0.0064854,4.34e-05,4852,896,145,46.6,50,2,3,0,0,0,0,0,1,1,0,false,false,false,false,false,false,false,false,false,true,false,false,false,false,false,false,false,false,false,false,false,false,false,false,false,false,false,false,false,false,false,false,false,false,false,true,false,true,true,true,false,false,false,15,5,2,4,0,0,0,false,false,false,false
Kubernetes,xgr,Kubernetes---kb_577_Normalized.json,5,2,3,2,3,5,0,completed,,,9.50312,0.0121508,0.0117162,0.000157,35289,20736,784.4,239.2,366,1,3,0,1,0,0.5,0,1,0.8,-0.5,true,false,false,false,false,false,false,false,false,true,false,false,false,true,false,false,false,false,true,false,false,false,false,false,false,false,false,false,false,false,false,false,false,false,false,true,false,true,true,true,false,false,false,166,49,7,6,0,3,0,false,true,true,false
Kubernetes,xgr,Kubernetes---kb_578_Normalized.json,6,1,5,1,5,6,0,completed,,,8.14117,0.0115688,0.0111812,0.0001035,36840,20722,666.667,203.333,207,1,5,0,0,0,0,0,1,1,0,true,false,false,false,false,false,false,false,false,true,false,false,false,true,false,false,false,false,true,false,false,false,false,false,false,false,false,false,false,false,false,false,false,false,false,true,false,true,true,true,false,false,false,165,49,7,6,0,2,0,false,true,true,false
Kubernetes,xgr,Kubernetes---kb_579_Normalized.json,6,2,4,2,4,6,0,completed,,,0.869283,0.000404167,0.0003555,1.71667e-05,3542,369,47.5,14.1667,21,2,4,0,0,0,0,0,1,1,0,false,false,false,false,false,false,false,false,false,false,false,false,false,false,false,false,false,false,true,false,false,false,false,false,false,false,false,false,false,false,false,false,false,false,false,true,false,false,false,true,false,false,false,7,1,0,5,0,0,0,false,false,false,false
Kubernetes,xgr,Kubernetes---kb_57_Normalized.json,8,2,6,2,6,8,0,completed,,,8.25307,0.0049775,0.00483275,5.0625e-05,28122,16517,279,85,97,1,6,0,1,0,0.5,0,1,0.875,-0.5,true,false,false,false,false,false,false,false,false,true,false,false,false,true,false,false,false,false,true,false,false,false,false,false,false,false,false,false,false,false,false,false,false,false,false,true,false,true,true,true,false,false,false,122,39,5,5,0,2,0,false,true,true,false
Kubernetes,xgr,Kubernetes---kb_580_Normalized.json,6,1,5,1,5,6,0,completed,,,4.7e-05,0.000164667,0.000132833,1e-05,4058,369,32.6667,9.66667,13,1,5,0,0,0,0,0,1,1,0,false,false,false,false,false,false,false,false,false,false,false,false,false,false,false,false,false,false,true,false,false,false,false,false,false,false,false,false,false,false,false,false,false,false,false,true,false,false,false,true,false,false,false,7,1,0,5,0,0,0,false,false,false,false
Kubernetes,xgr,Kubernetes---kb_581_Normalized.json,6,2,4,2,4,6,0,completed,,,1.4564,0.0163412,0.0159157,0.000166667,8841,1593,304.833,89.6667,108,2,4,0,0,0,0,0,1,1,0,false,false,false,false,false,false,false,false,false,true,false,false,false,false,false,false,false,false,true,false,false,false,false,false,false,false,false,false,false,false,false,false,false,false,false,true,false,true,true,true,false,false,false,26,7,2,4,0,0,0,false,false,false,false
Kubernetes,xgr,Kubernetes---kb_582_Normalized.json,4,1,3,1,3,4,0,completed,,,7.1e-05,0.0122107,0.0119562,8.4e-05,7006,1593,273.75,80.75,106,1,3,0,0,0,0,0,1,1,0,false,false,false,false,false,false,false,false,false,true,false,false,false,false,false,false,false,false,true,false,false,false,false,false,false,false,false,false,false,false,false,false,false,false,false,true,false,true,true,true,false,false,false,26,7,2,4,0,0,0,false,false,false,false
Kubernetes,xgr,Kubernetes---kb_584_Normalized.json,2,1,1,1,1,2,0,completed,,,8.28129,8.7e-05,5.6e-05,9e-06,34067,25743,457,148.5,152,0,1,0,1,0,1,0,1,0.5,-1,true,false,false,false,false,false,false,false,false,true,false,false,false,true,false,false,false,false,true,false,false,false,false,false,false,false,false,false,false,false,false,true,false,false,false,true,false,true,true,true,false,false,false,198,52,8,5,2,2,0,false,true,true,false
Kubernetes,xgr,Kubernetes---kb_585_Normalized.json,2,2,0,2,0,2,0,completed,,,9.9249,0.010396,0.0098375,0.000196,33443,25711,464.5,152.5,153,2,0,0,0,0,0,0,1,1,0,true,false,false,false,false,false,false,false,false,true,false,false,false,true,false,false,false,false,true,false,false,false,false,false,false,false,false,false,false,false,false,true,false,false,false,true,false,true,true,true,false,false,false,197,52,8,5,2,1,0,false,true,true,false
Kubernetes,xgr,Kubernetes---kb_587_Normalized.json,2,1,1,1,1,2,0,completed,,,3.652,0.001486,0.001284,6.55e-05,10532,6559,264,95.5,96,1,1,0,0,0,0,0,1,1,0,true,false,false,false,false,false,false,false,false,true,false,false,false,false,false,false,false,false,true,false,false,false,false,false,false,false,false,false,false,false,false,true,false,false,false,true,false,true,true,true,false,false,false,66,14,3,5,2,0,0,false,false,true,false
Kubernetes,xgr,Kubernetes---kb_588_Normalized.json,2,1,1,1,1,2,0,completed,,,0.00012,0.001527,0.001341,5e-05,11298,6559,262.5,91.5,96,1,1,0,0,0,0,0,1,1,0,true,false,false,false,false,false,false,false,false,true,false,false,false,false,false,false,false,false,true,false,false,false,false,false,false,false,false,false,false,false,false,true,false,false,false,true,false,true,true,true,false,false,false,66,14,3,5,2,0,0,false,false,true,false
Kubernetes,xgr,Kubernetes---kb_58_Normalized.json,8,2,6,2,6,8,0,completed,,,9.70661,0.00545575,0.00531587,5.3875e-05,29183,16503,391.125,116.875,136,1,6,0,1,0,0.5,0,1,0.875,-0.5,true,false,false,false,false,false,false,false,false,true,false,false,false,true,false,false,false,false,true,false,false,false,false,false,false,false,false,false,false,false,false,false,false,false,false,true,false,true,true,true,false,false,false,121,39,5,5,0,1,0,false,true,true,false
Kubernetes,xgr,Kubernetes---kb_590_Normalized.json,3,2,1,2,1,3,0,completed,,,3.48899,0.00195133,0.00173167,6.33333e-05,11975,6565,294.333,95.6667,96,2,1,0,0,0,0,0,1,1,0,true,false,false,false,false,false,false,false,false,true,false,false,false,false,false,false,false,false,true,false,false,false,false,false,false,false,false,false,false,false,false,true,false,false,false,true,false,true,true,true,false,false,false,66,14,3,5,2,0,0,false,false,true,false
Kubernetes,xgr,Kubernetes---kb_591_Normalized.json,3,1,2,1,2,3,0,completed,,,0.000161,0.00223233,0.001986,7.53333e-05,11685,6565,220.667,83,117,1,2,0,0,0,0,0,1,1,0,true,false,false,false,false,false,false,false,false,true,false,false,false,false,false,false,false,false,true,false,false,false,false,false,false,false,false,false,false,false,false,true,false,false,false,true,false,true,true,true,false,false,false,66,14,3,5,2,0,0,false,false,true,false
Kubernetes,xgr,Kubernetes---kb_596_Normalized.json,2,2,0,2,0,2,0,completed,,,3.02362,0.0017835,0.0016525,3.2e-05,6195,4281,87,45,45,2,0,0,0,0,0,0,1,1,0,true,false,false,false,false,false,false,false,false,true,false,false,false,false,false,false,false,false,true,false,false,false,false,false,false,false,false,false,false,false,false,false,false,false,false,true,false,true,true,true,false,false,false,45,10,3,5,0,0,0,false,false,true,false
Kubernetes,xgr,Kubernetes---kb_597_Normalized.json,2,1,1,1,1,2,0,completed,,,0.000117,0.001279,0.0011645,2.95e-05,6589,4281,89,38,45,1,1,0,0,0,0,0,1,1,0,true,false,false,false,false,false,false,false,false,true,false,false,false,false,false,false,false,false,true,false,false,false,false,false,false,false,false,false,false,false,false,false,false,false,false,true,false,true,true,true,false,false,false,45,10,3,5,0,0,0,false,false,true,false
Kubernetes,xgr,Kubernetes---kb_598_Normalized.json,4,2,2,2,2,4,0,completed,,,1.17957,0.000268,0.000227,1.425e-05,2868,900,32.5,12.5,14,2,2,0,0,0,0,0,1,1,0,false,false,false,false,false,false,false,false,false,true,false,false,false,false,false,false,false,false,false,false,false,false,false,false,false,false,false,false,false,false,false,true,false,false,false,true,false,true,false,true,false,false,false,11,2,0,4,2,0,0,false,false,false,false
Kubernetes,xgr,Kubernetes---kb_599_Normalized.json,2,1,1,1,1,2,0,completed,,,1.00721,0.0003215,0.0002785,1.6e-05,2163,744,32.5,12.5,13,1,1,0,0,0,0,0,1,1,0,false,false,false,false,false,false,false,false,false,true,false,false,false,false,false,false,false,false,false,false,false,false,false,false,false,false,false,false,false,false,false,true,false,false,false,true,false,true,false,true,false,false,false,11,2,0,4,2,0,0,false,false,false,false
Kubernetes,xgr,Kubernetes---kb_59_Normalized.json,5,1,4,1,4,5,0,completed,,,1.12387,0.0003294,0.0002854,1.22e-05,3715,458,104.6,42.8,44,1,4,0,0,0,0,0,1,1,0,false,false,false,false,false,false,false,false,false,false,false,false,false,false,false,false,false,false,false,false,false,false,false,false,false,false,false,false,false,false,false,false,false,false,false,true,false,false,false,true,false,false,false,11,4,0,4,0,0,0,false,false,false,false
Kubernetes,xgr,Kubernetes---kb_5_Normalized.json,8,2,6,2,6,8,0,completed,,,0.000103,0.000539125,0.000462,1.7375e-05,13125,2499,268.25,82.75,110,1,6,0,1,0,0.5,0,1,0.875,-0.5,true,false,false,false,false,false,false,false,false,true,false,false,false,false,false,false,false,false,true,false,false,false,false,false,false,false,false,false,false,false,false,false,false,false,false,true,false,true,true,true,false,false,false,33,6,2,5,0,0,0,false,false,false,false
Kubernetes,xgr,Kubernetes---kb_600_Normalized.json,4,1,3,1,3,4,0,completed,,,7.9e-05,0.000261,0.00021975,1.6e-05,3179,744,33,13,14,1,3,0,0,0,0,0,1,1,0,false,false,false,false,false,false,false,false,false,true,false,false,false,false,false,false,false,false,false,false,false,false,false,false,false,false,false,false,false,false,false,true,false,false,false,true,false,true,false,true,false,false,false,11,2,0,4,2,0,0,false,false,false,false
Kubernetes,xgr,Kubernetes---kb_602_Normalized.json,3,2,1,2,1,3,0,completed,,,2.92257,0.00538833,0.005035,0.000128667,17272,11052,321.667,113.333,115,2,1,0,0,0,0,0,1,1,0,true,false,false,false,false,false,false,false,false,true,false,false,false,false,false,false,false,false,true,false,false,false,false,false,false,false,false,false,false,false,false,true,false,false,false,true,false,true,true,true,false,false,false,95,20,4,5,2,0,0,false,false,true,false
Kubernetes,xgr,Kubernetes---kb_603_Normalized.json,2,2,0,2,0,2,0,completed,,,0.000127,0.005981,0.0057145,5.55e-05,15732,11052,309,114.5,115,2,0,0,0,0,0,0,1,1,0,true,false,false,false,false,false,false,false,false,true,false,false,false,false,false,false,false,false,true,false,false,false,false,false,false,false,false,false,false,false,false,true,false,false,false,true,false,true,true,true,false,false,false,95,20,4,5,2,0,0,false,false,true,false
Kubernetes,xgr,Kubernetes---kb_604_Normalized.json,6,2,4,2,4,6,0,completed,,,0.862081,0.0004335,0.000371167,2.26667e-05,4529,762,69.3333,21.1667,24,2,4,0,0,0,0,0,1,1,0,false,false,false,false,false,false,false,false,false,false,false,false,false,false,false,false,false,false,false,false,false,false,false,false,false,false,false,false,false,false,false,false,false,false,false,true,false,false,true,true,false,false,false,10,3,2,4,0,0,0,false,false,false,false
Kubernetes,xgr,Kubernetes---kb_605_Normalized.json,7,2,5,2,5,7,0,completed,,,6.1e-05,0.000287143,0.000243571,1.37143e-05,5142,762,65.5714,22.1429,25,2,5,0,0,0,0,0,1,1,0,false,false,false,false,false,false,false,false,false,false,false,false,false,false,false,false,false,false,false,false,false,false,false,false,false,false,false,false,false,false,false,false,false,false,false,true,false,false,true,true,false,false,false,10,3,2,4,0,0,0,false,false,false,false
Kubernetes,xgr,Kubernetes---kb_606_Normalized.json,6,2,4,2,4,6,0,completed,,,23.3966,0.0555275,0.053526,0.0007775,61027,30730,1945.5,697,869,2,4,0,0,0,0,0,1,1,0,true,false,false,false,false,false,false,false,false,true,false,false,false,true,false,false,false,false,true,false,false,false,false,false,false,false,false,false,false,false,false,true,false,false,false,true,false,true,true,true,false,false,false,295,89,27,5,2,2,0,false,true,true,false
Kubernetes,xgr,Kubernetes---kb_607_Normalized.json,4,2,2,2,2,4,0,completed,,,20.6263,0.0720973,0.0694857,0.00090325,57176,30716,2674,967.5,1038,2,2,0,0,0,0,0,1,1,0,true,false,false,false,false,false,false,false,false,true,false,false,false,true,false,false,false,false,true,false,false,false,false,false,false,false,false,false,false,false,false,true,false,false,false,true,false,true,true,true,false,false,false,294,89,27,5,2,1,0,false,true,true,false
Kubernetes,xgr,Kubernetes---kb_608_Normalized.json,4,1,3,1,3,4,0,completed,,,1.13259,0.0003735,0.00031825,2.1e-05,2502,318,39,14.25,19,1,3,0,0,0,0,0,1,1,0,false,false,false,false,false,false,false,false,false,false,false,false,false,false,false,false,false,false,false,false,false,false,false,false,false,false,false,false,false,false,false,false,false,false,false,true,false,false,true,true,false,false,false,8,2,2,4,0,0,0,false,false,false,false
Kubernetes,xgr,Kubernetes---kb_609_Normalized.json,4,2,2,2,2,4,0,completed,,,7.4e-05,0.000401,0.0003465,2.025e-05,2158,318,44,16.25,19,2,2,0,0,0,0,0,1,1,0,false,false,false,false,false,false,false,false,false,false,false,false,false,false,false,false,false,false,false,false,false,false,false,false,false,false,false,false,false,false,false,false,false,false,false,true,false,false,true,true,false,false,false,8,2,2,4,0,0,0,false,false,false,false
Kubernetes,xgr,Kubernetes---kb_60_Normalized.json,4,2,2,2,2,4,0,completed,,,4.4e-05,0.001075,0.000981,3.075e-05,2772,458,102.25,43.25,44,2,2,0,0,0,0,0,1,1,0,false,false,false,false,false,false,false,false,false,false,false,false,false,false,false,false,false,false,false,false,false,false,false,false,false,false,false,false,false,false,false,false,false,false,false,true,false,false,false,true,false,false,false,11,4,0,4,0,0,0,false,false,false,false
Kubernetes,xgr,Kubernetes---kb_610_Normalized.json,5,2,3,2,3,5,0,completed,,,2.72221,0.0001464,8.96e-05,1.98e-05,14947,4523,412.2,110.6,153,0,3,0,2,0,1,0,1,0.6,-1,false,false,false,false,false,false,false,false,false,true,false,false,false,false,false,false,false,false,true,false,false,false,false,false,false,false,false,false,false,false,false,false,false,false,false,true,false,true,true,true,false,false,false,50,10,5,5,0,0,0,false,true,true,false
Kubernetes,xgr,Kubernetes---kb_611_Normalized.json,4,2,2,2,2,4,0,completed,,,8.4e-05,0.000976,0.00079775,6.05e-05,12447,4523,423.25,114.75,139,1,2,0,1,0,0.5,0,1,0.75,-0.5,false,false,false,false,false,false,false,false,false,true,false,false,false,false,false,false,false,false,true,false,false,false,false,false,false,false,false,false,false,false,false,false,false,false,false,true,false,true,true,true,false,false,false,50,10,5,5,0,0,0,false,true,true,false
Kubernetes,xgr,Kubernetes---kb_612_Normalized.json,5,2,3,2,3,5,0,completed,,,1.17274,0.0074666,0.0073432,3.54e-05,4919,1308,176.4,69,72,2,3,0,0,0,0,0,1,1,0,false,false,false,false,false,false,false,false,false,true,false,false,false,false,false,false,false,false,false,false,false,false,false,false,false,false,false,false,false,false,false,false,false,false,false,true,false,true,true,true,false,false,false,20,6,2,4,0,0,0,false,false,false,false
Kubernetes,xgr,Kubernetes---kb_613_Normalized.json,5,2,3,2,3,5,0,completed,,,7e-05,0.008349,0.0081486,5.88e-05,4957,1308,175.4,69.2,70,2,3,0,0,0,0,0,1,1,0,false,false,false,false,false,false,false,false,false,true,false,false,false,false,false,false,false,false,false,false,false,false,false,false,false,false,false,false,false,false,false,false,false,false,false,true,false,true,true,true,false,false,false,20,6,2,4,0,0,0,false,false,false,false
Kubernetes,xgr,Kubernetes---kb_614_Normalized.json,3,2,1,2,1,3,0,completed,,,0.983771,0.000733,0.000634333,2.96667e-05,3642,1536,132.333,39.6667,46,2,1,0,0,0,0,0,1,1,0,false,false,false,false,false,false,false,false,false,true,false,false,false,false,false,false,false,false,false,false,false,false,false,false,false,false,false,false,false,false,false,false,false,false,false,true,false,true,true,true,false,false,false,20,6,3,4,0,0,0,false,false,false,false
Kubernetes,xgr,Kubernetes---kb_615_Normalized.json,3,2,1,2,1,3,0,completed,,,5.2e-05,0.000820667,0.000714667,2.16667e-05,3782,1536,170.333,55.6667,61,2,1,0,0,0,0,0,1,1,0,false,false,false,false,false,false,false,false,false,true,false,false,false,false,false,false,false,false,false,false,false,false,false,false,false,false,false,false,false,false,false,false,false,false,false,true,false,true,true,true,false,false,false,20,6,3,4,0,0,0,false,false,false,false
Kubernetes,xgr,Kubernetes---kb_616_Normalized.json,6,2,4,2,4,6,0,completed,,,1.62039,0.0021515,0.00186117,7.1e-05,15668,4925,517,157.5,164,2,4,0,0,0,0,0,1,1,0,false,false,false,false,false,false,false,false,false,true,false,false,false,false,false,false,false,false,false,false,false,false,false,false,false,false,false,false,false,false,false,false,false,false,false,true,false,true,true,true,false,false,false,31,10,3,4,0,0,0,false,false,true,false
Kubernetes,xgr,Kubernetes---kb_617_Normalized.json,6,2,4,2,4,6,0,completed,,,8.7e-05,0.0022755,0.00196833,8.41667e-05,15492,4925,486,150.5,156,2,4,0,0,0,0,0,1,1,0,false,false,false,false,false,false,false,false,false,true,false,false,false,false,false,false,false,false,false,false,false,false,false,false,false,false,false,false,false,false,false,false,false,false,false,true,false,true,true,true,false,false,false,31,10,3,4,0,0,0,false,false,true,false
Kubernetes,xgr,Kubernetes---kb_618_Normalized.json,3,1,2,1,2,3,0,completed,,,1.27899,0.000152333,0.000109667,1.5e-05,2476,648,36.3333,11.3333,12,1,2,0,0,0,0,0,1,1,0,false,false,false,false,false,false,false,false,false,true,false,false,false,false,false,false,false,false,false,false,false,false,false,false,false,false,false,false,false,false,false,false,false,false,false,true,false,true,true,true,false,false,false,13,2,1,4,0,0,0,false,false,false,false
Kubernetes,xgr,Kubernetes---kb_619_Normalized.json,2,1,1,1,1,2,0,completed,,,6.9e-05,0.000176,0.000134,1.35e-05,1935,648,37,12,12,1,1,0,0,0,0,0,1,1,0,false,false,false,false,false,false,false,false,false,true,false,false,false,false,false,false,false,false,false,false,false,false,false,false,false,false,false,false,false,false,false,false,false,false,false,true,false,true,true,true,false,false,false,13,2,1,4,0,0,0,false,false,false,false
Kubernetes,xgr,Kubernetes---kb_61_Normalized.json,7,2,5,2,5,7,0,completed,,,1.3258,0.000762857,0.000684571,2.75714e-05,4751,316,108.857,35.8571,46,2,5,0,0,0,0,0,1,1,0,false,false,false,false,false,false,false,false,false,false,false,false,false,false,false,false,false,false,true,false,false,false,false,false,false,false,false,false,false,false,false,false,false,false,false,true,false,false,false,true,false,false,false,11,2,0,5,0,0,0,false,false,false,false
Kubernetes,xgr,Kubernetes---kb_620_Normalized.json,2,1,1,1,1,2,0,completed,,,21.4644,0.0811705,0.0769645,0.001467,56652,34603,3473.5,1248,1392,1,1,0,0,0,0,0,1,1,0,true,false,false,false,false,false,false,false,false,true,false,false,false,true,false,false,false,false,true,false,false,false,false,false,false,false,false,false,false,false,false,true,false,false,false,true,false,true,true,true,false,false,false,326,97,28,6,2,3,0,false,true,true,false
Kubernetes,xgr,Kubernetes---kb_621_Normalized.json,2,1,1,1,1,2,0,completed,,,18.2705,0.0164735,0.0155915,0.000249,49641,34589,1575,546.5,551,1,1,0,0,0,0,0,1,1,0,true,false,false,false,false,false,false,false,false,true,false,false,false,true,false,false,false,false,true,false,false,false,false,false,false,false,false,false,false,false,false,true,false,false,false,true,false,true,true,true,false,false,false,325,97,28,6,2,2,0,false,true,true,false
Kubernetes,xgr,Kubernetes---kb_622_Normalized.json,4,2,2,2,2,4,0,completed,,,1.46928,0.00144475,0.0012545,5.325e-05,7050,2270,224.75,67.5,90,2,2,0,0,0,0,0,1,1,0,false,false,false,false,false,false,false,false,false,true,false,false,false,false,false,false,false,false,true,false,false,false,false,false,false,false,false,false,false,false,false,false,false,false,false,true,false,true,true,true,false,false,false,32,6,3,5,0,0,0,false,false,false,false
Kubernetes,xgr,Kubernetes---kb_623_Normalized.json,4,2,2,2,2,4,0,completed,,,5.4e-05,0.0007935,0.00067775,1.9e-05,7792,2270,214.25,63.75,86,2,2,0,0,0,0,0,1,1,0,false,false,false,false,false,false,false,false,false,true,false,false,false,false,false,false,false,false,true,false,false,false,false,false,false,false,false,false,false,false,false,false,false,false,false,true,false,true,true,true,false,false,false,32,6,3,5,0,0,0,false,false,false,false
Kubernetes,xgr,Kubernetes---kb_624_Normalized.json,4,2,2,2,2,4,0,completed,,,0.975091,0.00042675,0.00036875,1.825e-05,3668,888,62,21,22,2,2,0,0,0,0,0,1,1,0,false,false,false,false,false,false,false,false,false,false,false,false,false,false,false,false,false,false,true,false,false,false,false,false,false,false,false,false,false,false,false,false,false,false,false,true,false,false,true,true,false,false,false,12,3,2,5,0,0,0,false,false,false,false
Kubernetes,xgr,Kubernetes---kb_625_Normalized.json,4,2,2,2,2,4,0,completed,,,7.3e-05,0.000432,0.0003715,2e-05,3668,888,61.25,21,22,2,2,0,0,0,0,0,1,1,0,false,false,false,false,false,false,false,false,false,false,false,false,false,false,false,false,false,false,true,false,false,false,false,false,false,false,false,false,false,false,false,false,false,false,false,true,false,false,true,true,false,false,false,12,3,2,5,0,0,0,false,false,false,false
Kubernetes,xgr,Kubernetes---kb_626_Normalized.json,6,2,4,2,4,6,0,completed,,,1.10194,0.00106467,0.000927333,3.13333e-05,8647,1675,249.667,74.8333,103,2,4,0,0,0,0,0,1,1,0,false,false,false,false,false,false,false,false,false,true,false,false,false,false,false,false,false,false,true,false,false,false,false,false,false,false,false,false,false,false,false,false,false,false,false,true,false,true,true,true,false,false,false,24,5,2,5,0,0,0,false,false,false,false
Kubernetes,xgr,Kubernetes---kb_627_Normalized.json,6,2,4,2,4,6,0,completed,,,6e-05,0.00146417,0.00127967,5.76667e-05,7745,1675,208,62.1667,132,2,4,0,0,0,0,0,1,1,0,false,false,false,false,false,false,false,false,false,true,false,false,false,false,false,false,false,false,true,false,false,false,false,false,false,false,false,false,false,false,false,false,false,false,false,true,false,true,true,true,false,false,false,24,5,2,5,0,0,0,false,false,false,false
Kubernetes,xgr,Kubernetes---kb_628_Normalized.json,6,1,5,1,5,6,0,completed,,,3.79047,0.0011055,0.000951,4.6e-05,13431,4441,343.167,123.167,127,1,5,0,0,0,0,0,1,1,0,false,false,false,false,false,false,false,false,false,true,false,false,false,false,false,false,false,false,true,false,false,false,false,false,false,false,false,false,false,false,false,false,false,false,false,true,false,true,true,true,false,false,false,57,17,5,5,0,0,0,false,true,true,false
Kubernetes,xgr,Kubernetes---kb_629_Normalized.json,5,2,3,2,3,5,0,completed,,,0.000123,0.002545,0.002297,6.28e-05,11046,4441,366.8,131,145,2,3,0,0,0,0,0,1,1,0,false,false,false,false,false,false,false,false,false,true,false,false,false,false,false,false,false,false,true,false,false,false,false,false,false,false,false,false,false,false,false,false,false,false,false,true,false,true,true,true,false,false,false,57,17,5,5,0,0,0,false,true,true,false
Kubernetes,xgr,Kubernetes---kb_62_Normalized.json,6,2,4,2,4,6,0,completed,,,6e-05,0.0053295,0.00497067,0.000123333,8822,316,615.667,200.333,218,2,4,0,0,0,0,0,1,1,0,false,false,false,false,false,false,false,false,false,false,false,false,false,false,false,false,false,false,true,false,false,false,false,false,false,false,false,false,false,false,false,false,false,false,false,true,false,false,false,true,false,false,false,11,2,0,5,0,0,0,false,false,false,false
Kubernetes,xgr,Kubernetes---kb_630_Normalized.json,5,2,3,2,3,5,0,completed,,,9.23265,0.0371348,0.0357218,0.0004504,38479,13554,2161,725.8,950,2,3,0,0,0,0,0,1,1,0,true,false,false,false,false,false,false,false,false,true,false,false,false,false,false,false,false,false,true,false,false,false,false,false,false,false,false,false,false,false,false,true,false,false,false,true,false,true,true,true,false,false,false,159,45,21,5,2,0,0,false,true,true,false
Kubernetes,xgr,Kubernetes---kb_631_Normalized.json,4,2,2,2,2,4,0,completed,,,0.000187,0.0309908,0.0296105,0.000426,33166,13554,1956,660,749,2,2,0,0,0,0,0,1,1,0,true,false,false,false,false,false,false,false,false,true,false,false,false,false,false,false,false,false,true,false,false,false,false,false,false,false,false,false,false,false,false,true,false,false,false,true,false,true,true,true,false,false,false,159,45,21,5,2,0,0,false,true,true,false
Kubernetes,xgr,Kubernetes---kb_632_Normalized.json,6,2,4,2,4,6,0,completed,,,2.62606,0.00312317,0.0028595,8.73333e-05,7932,1743,376.167,144.5,148,2,4,0,0,0,0,0,1,1,0,false,false,false,false,false,false,false,false,false,false,false,false,false,false,false,false,false,false,false,false,false,false,false,false,false,false,false,false,false,false,false,false,false,false,false,true,false,false,true,true,false,false,false,24,10,10,4,0,0,0,false,true,true,false
Kubernetes,xgr,Kubernetes---kb_633_Normalized.json,5,1,4,1,4,5,0,completed,,,0.000109,0.001611,0.0014614,4.02e-05,7407,1743,380.4,146.4,148,1,4,0,0,0,0,0,1,1,0,false,false,false,false,false,false,false,false,false,false,false,false,false,false,false,false,false,false,false,false,false,false,false,false,false,false,false,false,false,false,false,false,false,false,false,true,false,false,true,true,false,false,false,24,10,10,4,0,0,0,false,true,true,false
Kubernetes,xgr,Kubernetes---kb_634_Normalized.json,3,1,2,1,2,3,0,completed,,,1.13624,0.000377333,0.000329,1.56667e-05,1965,339,35.3333,14,15,1,2,0,0,0,0,0,1,1,0,false,false,false,false,false,false,false,false,false,false,false,false,false,false,false,false,false,false,false,false,false,false,false,false,false,false,false,false,false,false,false,false,false,false,false,true,false,false,false,true,false,false,false,7,2,0,4,0,0,0,false,false,false,false
Kubernetes,xgr,Kubernetes---kb_635_Normalized.json,3,1,2,1,2,3,0,completed,,,5e-05,0.000345333,0.000301,1.36667e-05,1965,339,35.3333,14,15,1,2,0,0,0,0,0,1,1,0,false,false,false,false,false,false,false,false,false,false,false,false,false,false,false,false,false,false,false,false,false,false,false,false,false,false,false,false,false,false,false,false,false,false,false,true,false,false,false,true,false,false,false,7,2,0,4,0,0,0,false,false,false,false
Kubernetes,xgr,Kubernetes---kb_636_Normalized.json,3,1,2,1,2,3,0,completed,,,6e-05,0.000339667,0.000294333,1.5e-05,1965,339,35.3333,14,15,1,2,0,0,0,0,0,1,1,0,false,false,false,false,false,false,false,false,false,false,false,false,false,false,false,false,false,false,false,false,false,false,false,false,false,false,false,false,false,false,false,false,false,false,false,true,false,false,false,true,false,false,false,7,2,0,4,0,0,0,false,false,false,false
Kubernetes,xgr,Kubernetes---kb_637_Normalized.json,2,1,1,1,1,2,0,completed,,,0.953263,0.0007095,0.0006305,2.9e-05,2733,1178,68.5,24,25,1,1,0,0,0,0,0,1,1,0,false,false,false,false,false,false,false,false,false,false,false,false,false,false,false,false,false,false,true,false,false,false,false,false,false,false,false,false,false,false,false,false,false,false,false,true,false,false,true,true,false,false,false,14,2,2,5,0,0,0,false,false,false,false
Kubernetes,xgr,Kubernetes---kb_638_Normalized.json,2,1,1,1,1,2,0,completed,,,5.9e-05,0.0003955,0.0003315,2.2e-05,3449,1178,64,21.5,25,1,1,0,0,0,0,0,1,1,0,false,false,false,false,false,false,false,false,false,false,false,false,false,false,false,false,false,false,true,false,false,false,false,false,false,false,false,false,false,false,false,false,false,false,false,true,false,false,true,true,false,false,false,14,2,2,5,0,0,0,false,false,false,false
Kubernetes,xgr,Kubernetes---kb_639_Normalized.json,5,2,3,2,3,5,0,completed,,,1.1691,0.003024,0.0029268,2.26e-05,4610,606,140.4,48.4,74,2,3,0,0,0,0,0,1,1,0,false,false,false,false,false,false,false,false,false,false,false,false,false,false,false,false,false,false,true,false,false,false,false,false,false,false,false,false,false,false,false,false,false,false,false,true,false,false,true,true,false,false,false,12,2,1,5,0,0,0,false,false,false,false
Kubernetes,xgr,Kubernetes---kb_63_Normalized.json,6,1,5,1,5,6,0,completed,,,1.22734,0.00156917,0.00144833,3.66667e-05,7257,1992,213.5,80,90,1,5,0,0,0,0,0,1,1,0,false,false,false,false,false,false,false,false,false,true,false,false,false,false,false,false,false,false,true,false,false,false,false,false,false,false,false,false,false,false,false,false,false,false,false,true,false,true,true,true,false,false,false,26,8,1,5,0,0,0,false,false,false,false
Kubernetes,xgr,Kubernetes---kb_640_Normalized.json,5,2,3,2,3,5,0,completed,,,6.7e-05,0.0021424,0.0020402,3.36e-05,4474,606,96.2,34.2,50,2,3,0,0,0,0,0,1,1,0,false,false,false,false,false,false,false,false,false,false,false,false,false,false,false,false,false,false,true,false,false,false,false,false,false,false,false,false,false,false,false,false,false,false,false,true,false,false,true,true,false,false,false,12,2,1,5,0,0,0,false,false,false,false
Kubernetes,xgr,Kubernetes---kb_641_Normalized.json,7,2,5,2,5,7,0,completed,,,4.9e-05,0.004035,0.003964,2.42857e-05,5981,606,96.2857,33.8571,49,2,5,0,0,0,0,0,1,1,0,false,false,false,false,false,false,false,false,false,false,false,false,false,false,false,false,false,false,true,false,false,false,false,false,false,false,false,false,false,false,false,false,false,false,false,true,false,false,true,true,false,false,false,12,2,1,5,0,0,0,false,false,false,false
Kubernetes,xgr,Kubernetes---kb_642_Normalized.json,5,1,4,1,4,5,0,completed,,,0.829136,0.0011744,0.0011294,1.48e-05,4013,386,46.8,16.8,21,1,4,0,0,0,0,0,1,1,0,false,false,false,false,false,false,false,false,false,false,false,false,false,false,false,false,false,false,false,false,false,false,false,false,false,false,false,false,false,false,false,false,false,false,false,true,false,false,true,true,false,false,false,8,2,1,4,0,0,0,false,false,false,false
Kubernetes,xgr,Kubernetes---kb_643_Normalized.json,5,1,4,1,4,5,0,completed,,,6.4e-05,0.0022674,0.0022162,1.86e-05,3967,386,46.8,16.8,21,1,4,0,0,0,0,0,1,1,0,false,false,false,false,false,false,false,false,false,false,false,false,false,false,false,false,false,false,false,false,false,false,false,false,false,false,false,false,false,false,false,false,false,false,false,true,false,false,true,true,false,false,false,8,2,1,4,0,0,0,false,false,false,false
Kubernetes,xgr,Kubernetes---kb_644_Normalized.json,2,2,0,2,0,2,0,completed,,,7.7949,9e-05,6.2e-05,1.35e-05,26632,13218,2759.5,925.5,1515,0,0,0,2,0,1,0,1,0,-1,true,false,false,false,false,false,false,false,false,true,false,false,false,false,false,false,false,false,true,false,false,false,false,false,false,false,false,false,false,false,false,false,false,false,false,true,false,true,true,true,false,false,false,87,28,4,5,0,0,0,false,false,true,false
Kubernetes,xgr,Kubernetes---kb_645_Normalized.json,2,2,0,2,0,2,0,completed,,,0.000244,9.25e-05,6.2e-05,1.5e-05,22757,13218,1808,613.5,853,0,0,0,2,0,1,0,1,0,-1,true,false,false,false,false,false,false,false,false,true,false,false,false,false,false,false,false,false,true,false,false,false,false,false,false,false,false,false,false,false,false,false,false,false,false,true,false,true,true,true,false,false,false,87,28,4,5,0,0,0,false,false,true,false
Kubernetes,xgr,Kubernetes---kb_646_Normalized.json,5,2,3,2,3,5,0,completed,,,2.94037,0.006373,0.0061836,6.12e-05,10052,4246,206.8,65.4,73,2,3,0,0,0,0,0,1,1,0,true,false,false,false,false,false,false,false,false,true,false,false,false,false,false,false,false,false,true,false,false,false,false,false,false,false,false,false,false,false,false,true,false,false,false,true,false,true,true,true,false,false,false,53,13,7,5,2,0,0,false,true,true,false
Kubernetes,xgr,Kubernetes---kb_647_Normalized.json,3,1,2,1,2,3,0,completed,,,3.38833,0.00417667,0.003994,5.8e-05,10643,5519,229.333,71,74,1,2,0,0,0,0,0,1,1,0,true,false,false,false,false,false,false,false,false,true,false,false,false,false,false,false,false,false,true,false,false,false,false,false,false,false,false,false,false,false,false,true,false,false,false,true,false,true,true,true,false,false,false,69,17,9,5,2,0,0,false,true,true,false
Kubernetes,xgr,Kubernetes---kb_648_Normalized.json,4,2,2,2,2,4,0,completed,,,0.000117,0.00426,0.004057,6.275e-05,10369,5519,235.25,73.25,78,2,2,0,0,0,0,0,1,1,0,true,false,false,false,false,false,false,false,false,true,false,false,false,false,false,false,false,false,true,false,false,false,false,false,false,false,false,false,false,false,false,true,false,false,false,true,false,true,true,true,false,false,false,69,17,9,5,2,0,0,false,true,true,false
Kubernetes,xgr,Kubernetes---kb_649_Normalized.json,5,1,4,1,4,5,0,completed,,,2.88267,0.0033666,0.0032474,4.4e-05,10472,4283,202.4,61.4,69,1,4,0,0,0,0,0,1,1,0,true,false,false,false,false,false,false,false,false,true,false,false,false,false,false,false,false,false,true,false,false,false,false,false,false,false,false,false,false,false,false,true,false,false,false,true,false,true,true,true,false,false,false,53,13,7,5,2,0,0,false,true,true,false
Kubernetes,xgr,Kubernetes---kb_64_Normalized.json,6,1,5,1,5,6,0,completed,,,0.00012,0.00375933,0.00360667,4.58333e-05,7449,1992,214.5,82.3333,90,1,5,0,0,0,0,0,1,1,0,false,false,false,false,false,false,false,false,false,true,false,false,false,false,false,false,false,false,true,false,false,false,false,false,false,false,false,false,false,false,false,false,false,false,false,true,false,true,true,true,false,false,false,26,8,1,5,0,0,0,false,false,false,false
Kubernetes,xgr,Kubernetes---kb_650_Normalized.json,4,2,2,2,2,4,0,completed,,,3.45464,0.00254525,0.00239625,4.8e-05,10823,5311,217.25,65.75,85,2,2,0,0,0,0,0,1,1,0,true,false,false,false,false,false,false,false,false,true,false,false,false,false,false,false,false,false,true,false,false,false,false,false,false,false,false,false,false,false,false,true,false,false,false,true,false,true,true,true,false,false,false,66,16,8,5,2,0,0,false,true,true,false
Kubernetes,xgr,Kubernetes---kb_651_Normalized.json,2,2,0,2,0,2,0,completed,,,0.000102,0.007401,0.0070065,0.0001595,8374,5311,252,76.5,77,2,0,0,0,0,0,0,1,1,0,true,false,false,false,false,false,false,false,false,true,false,false,false,false,false,false,false,false,true,false,false,false,false,false,false,false,false,false,false,false,false,true,false,false,false,true,false,true,true,true,false,false,false,66,16,8,5,2,0,0,false,true,true,false
Kubernetes,xgr,Kubernetes---kb_652_Normalized.json,4,1,3,1,3,4,0,completed,,,2.32673,0.00101025,0.0009095,3.625e-05,5092,1786,195.75,66.75,68,1,3,0,0,0,0,0,1,1,0,false,false,false,false,false,false,false,false,false,false,false,false,false,false,false,false,false,false,false,false,false,false,false,false,false,false,false,false,false,false,false,false,false,false,false,true,false,false,false,true,false,false,false,17,7,0,4,0,0,0,false,false,false,false
Kubernetes,xgr,Kubernetes---kb_653_Normalized.json,6,2,4,2,4,6,0,completed,,,0.000107,0.00114983,0.00104633,3.48333e-05,6212,1786,199.667,68.3333,74,2,4,0,0,0,0,0,1,1,0,false,false,false,false,false,false,false,false,false,false,false,false,false,false,false,false,false,false,false,false,false,false,false,false,false,false,false,false,false,false,false,false,false,false,false,true,false,false,false,true,false,false,false,17,7,0,4,0,0,0,false,false,false,false
Kubernetes,xgr,Kubernetes---kb_654_Normalized.json,5,2,3,2,3,5,0,completed,,,1.10434,0.000415,0.0003614,1.92e-05,3546,582,39.2,14.8,18,2,3,0,0,0,0,0,1,1,0,true,false,false,false,false,false,false,false,false,true,false,false,false,false,false,false,false,false,false,false,false,false,false,false,false,false,false,false,false,false,false,true,false,false,false,true,false,true,false,true,false,false,false,11,1,0,4,2,0,0,false,false,false,false
Kubernetes,xgr,Kubernetes---kb_655_Normalized.json,3,1,2,1,2,3,0,completed,,,8.4e-05,0.000308,0.000265667,1.53333e-05,2853,582,38.6667,15,20,1,2,0,0,0,0,0,1,1,0,true,false,false,false,false,false,false,false,false,true,false,false,false,false,false,false,false,false,false,false,false,false,false,false,false,false,false,false,false,false,false,true,false,false,false,true,false,true,false,true,false,false,false,11,1,0,4,2,0,0,false,false,false,false
Kubernetes,xgr,Kubernetes---kb_656_Normalized.json,4,1,3,1,3,4,0,completed,,,7.5e-05,0.00057775,0.00051175,2.575e-05,3524,582,47.5,18.75,23,1,3,0,0,0,0,0,1,1,0,true,false,false,false,false,false,false,false,false,true,false,false,false,false,false,false,false,false,false,false,false,false,false,false,false,false,false,false,false,false,false,true,false,false,false,true,false,true,false,true,false,false,false,11,1,0,4,2,0,0,false,false,false,false
Kubernetes,xgr,Kubernetes---kb_657_Normalized.json,4,2,2,2,2,4,0,completed,,,1.56944,0.00124175,0.0011125,4e-05,6674,1313,524.75,181.5,556,1,2,0,1,0,0.5,0,1,0.75,-0.5,false,false,false,false,false,false,false,false,false,false,false,false,false,false,false,false,false,false,false,false,false,false,false,false,false,false,false,false,false,false,false,false,false,false,false,true,false,false,true,true,false,false,false,16,6,4,4,0,0,0,false,false,false,false
Kubernetes,xgr,Kubernetes---kb_658_Normalized.json,7,2,5,2,5,7,0,completed,,,8.4e-05,0.000878429,0.000779143,3.15714e-05,6330,1313,179.571,63.1429,113,1,5,0,1,0,0.5,0,1,0.857143,-0.5,false,false,false,false,false,false,false,false,false,false,false,false,false,false,false,false,false,false,false,false,false,false,false,false,false,false,false,false,false,false,false,false,false,false,false,true,false,false,true,true,false,false,false,16,6,4,4,0,0,0,false,false,false,false
Kubernetes,xgr,Kubernetes---kb_65_Normalized.json,7,2,5,2,5,7,0,completed,,,1.82138,0.00204986,0.00188929,5.15714e-05,7391,1936,192.571,76.2857,84,2,5,0,0,0,0,0,1,1,0,false,false,false,false,false,false,false,false,false,true,false,false,false,false,false,false,false,false,true,false,false,false,false,false,false,false,false,false,false,false,false,false,false,false,false,true,false,true,true,true,false,false,false,24,7,1,5,0,0,0,false,false,false,false
Kubernetes,xgr,Kubernetes---kb_661_Normalized.json,4,2,2,2,2,4,0,completed,,,33.5079,0.0030875,0.00264025,0.00024575,78208,58085,490,139.5,158,2,2,0,0,0,0,0,1,1,0,true,false,false,false,false,false,false,false,false,true,false,false,false,true,false,false,false,false,true,false,false,false,false,false,false,false,false,false,false,false,false,true,false,false,false,true,false,true,true,true,false,false,false,568,191,37,5,2,2,0,false,true,true,false
Kubernetes,xgr,Kubernetes---kb_662_Normalized.json,4,2,2,2,2,4,0,completed,,,30.96,0.002296,0.0020275,9.925e-05,77676,58071,424.75,122.25,129,2,2,0,0,0,0,0,1,1,0,true,false,false,false,false,false,false,false,false,true,false,false,false,true,false,false,false,false,true,false,false,false,false,false,false,false,false,false,false,false,false,true,false,false,false,true,false,true,true,true,false,false,false,567,191,37,5,2,1,0,false,true,true,false
Kubernetes,xgr,Kubernetes---kb_663_Normalized.json,3,2,1,2,1,3,0,completed,,,13.989,0.009913,0.00949733,0.000142667,32729,23741,546,170,197,2,1,0,0,0,0,0,1,1,0,true,false,false,false,false,false,false,false,false,true,false,false,false,true,false,false,false,false,true,false,false,false,false,false,false,false,false,false,false,false,false,true,false,false,false,true,false,true,true,true,false,false,false,207,60,10,5,2,2,0,false,true,true,false
Kubernetes,xgr,Kubernetes---kb_664_Normalized.json,4,2,2,2,2,4,0,completed,,,13.7191,0.00789775,0.00753325,0.000124,34067,23727,549,165.25,172,2,2,0,0,0,0,0,1,1,0,true,false,false,false,false,false,false,false,false,true,false,false,false,true,false,false,false,false,true,false,false,false,false,false,false,false,false,false,false,false,false,true,false,false,false,true,false,true,true,true,false,false,false,206,60,10,5,2,1,0,false,true,true,false
Kubernetes,xgr,Kubernetes---kb_665_Normalized.json,3,1,2,1,2,3,0,completed,,,1.83307,0.0119437,0.011724,7.33333e-05,3880,1354,193.667,69.3333,71,1,2,0,0,0,0,0,1,1,0,false,false,false,false,false,false,false,false,false,true,false,false,false,false,false,false,false,false,false,false,false,false,false,false,false,false,false,false,false,false,false,false,false,false,false,true,false,true,true,true,false,false,false,18,6,2,4,0,0,0,false,false,false,false
Kubernetes,xgr,Kubernetes---kb_666_Normalized.json,3,1,2,1,2,3,0,completed,,,7e-05,0.0128537,0.0125373,0.000123,3926,1354,193.667,69.3333,71,1,2,0,0,0,0,0,1,1,0,false,false,false,false,false,false,false,false,false,true,false,false,false,false,false,false,false,false,false,false,false,false,false,false,false,false,false,false,false,false,false,false,false,false,false,true,false,true,true,true,false,false,false,18,6,2,4,0,0,0,false,false,false,false
Kubernetes,xgr,Kubernetes---kb_667_Normalized.json,3,1,2,1,2,3,0,completed,,,15.8811,0.006249,0.005842,0.000168333,38226,27789,509.333,139,141,1,2,0,0,0,0,0,1,1,0,true,false,false,false,false,false,false,false,false,true,false,false,false,true,false,false,false,false,true,false,false,false,false,false,false,false,false,false,false,false,false,true,false,false,false,true,false,true,true,true,false,false,false,238,68,11,6,2,3,0,false,true,true,false
Kubernetes,xgr,Kubernetes---kb_669_Normalized.json,4,2,2,2,2,4,0,completed,,,4.33834,0.003824,0.0035775,8.8e-05,12495,6295,448,130.75,148,2,2,0,0,0,0,0,1,1,0,true,false,false,false,false,false,false,false,false,true,false,false,false,false,false,false,false,false,true,false,false,false,false,false,false,false,false,false,false,false,false,true,false,false,false,true,false,true,true,true,false,false,false,69,17,4,5,2,0,0,false,false,true,false
Kubernetes,xgr,Kubernetes---kb_66_Normalized.json,6,2,4,2,4,6,0,completed,,,0.000108,0.00221417,0.0020495,5.68333e-05,6787,1936,188.167,73.1667,86,2,4,0,0,0,0,0,1,1,0,false,false,false,false,false,false,false,false,false,true,false,false,false,false,false,false,false,false,true,false,false,false,false,false,false,false,false,false,false,false,false,false,false,false,false,true,false,true,true,true,false,false,false,24,7,1,5,0,0,0,false,false,false,false
Kubernetes,xgr,Kubernetes---kb_670_Normalized.json,2,1,1,1,1,2,0,completed,,,0.000133,0.0035665,0.003337,8.05e-05,10612,6295,406,120,122,1,1,0,0,0,0,0,1,1,0,true,false,false,false,false,false,false,false,false,true,false,false,false,false,false,false,false,false,true,false,false,false,false,false,false,false,false,false,false,false,false,true,false,false,false,true,false,true,true,true,false,false,false,69,17,4,5,2,0,0,false,false,true,false
Kubernetes,xgr,Kubernetes---kb_671_Normalized.json,4,1,3,1,3,4,0,completed,,,2.59373,0.0166663,0.016174,0.00019825,10691,2754,635.5,216,351,1,3,0,0,0,0,0,1,1,0,true,false,false,false,false,false,false,false,false,true,false,false,false,false,false,false,false,false,true,false,false,false,false,false,false,false,false,false,false,false,false,true,false,false,false,true,false,true,true,true,false,false,false,40,10,2,5,2,0,0,false,false,true,false
Kubernetes,xgr,Kubernetes---kb_672_Normalized.json,5,2,3,2,3,5,0,completed,,,8.2e-05,0.0072968,0.0070998,6.16e-05,10269,2754,457.8,152.6,170,2,3,0,0,0,0,0,1,1,0,true,false,false,false,false,false,false,false,false,true,false,false,false,false,false,false,false,false,true,false,false,false,false,false,false,false,false,false,false,false,false,true,false,false,false,true,false,true,true,true,false,false,false,40,10,2,5,2,0,0,false,false,true,false
Kubernetes,xgr,Kubernetes---kb_673_Normalized.json,2,1,1,1,1,2,0,completed,,,0.794993,0.0001495,0.000119,8.5e-06,2198,732,39.5,13,14,1,1,0,0,0,0,0,1,1,0,false,false,false,false,false,false,false,false,false,false,false,false,false,false,false,false,false,false,false,false,false,false,false,false,false,false,false,false,false,false,false,false,false,false,false,true,false,false,true,true,false,false,false,8,2,1,4,0,0,0,false,false,false,false
Kubernetes,xgr,Kubernetes---kb_674_Normalized.json,3,1,2,1,2,3,0,completed,,,4.6e-05,0.000186,0.00015,1.23333e-05,2927,732,39.3333,13,14,1,2,0,0,0,0,0,1,1,0,false,false,false,false,false,false,false,false,false,false,false,false,false,false,false,false,false,false,false,false,false,false,false,false,false,false,false,false,false,false,false,false,false,false,false,true,false,false,true,true,false,false,false,8,2,1,4,0,0,0,false,false,false,false
Kubernetes,xgr,Kubernetes---kb_675_Normalized.json,3,2,1,2,1,3,0,completed,,,39.8091,0.00796333,0.007356,0.000329667,82532,62072,594.333,168.333,171,2,1,0,0,0,0,0,1,1,0,true,false,false,false,false,false,false,false,false,true,false,false,false,true,false,false,false,false,true,false,false,false,false,false,false,false,false,false,false,false,false,true,false,false,false,true,false,true,true,true,false,false,false,599,199,38,6,2,3,0,false,true,true,false
Kubernetes,xgr,Kubernetes---kb_676_Normalized.json,2,1,1,1,1,2,0,completed,,,38.892,0.005555,0.0052465,0.0001165,81957,62058,847,239,308,1,1,0,0,0,0,0,1,1,0,true,false,false,false,false,false,false,false,false,true,false,false,false,true,false,false,false,false,true,false,false,false,false,false,false,false,false,false,false,false,false,true,false,false,false,true,false,true,true,true,false,false,false,598,199,38,6,2,2,0,false,true,true,false
Kubernetes,xgr,Kubernetes---kb_677_Normalized.json,2,2,0,2,0,2,0,completed,,,20.9002,0.007162,0.0065815,0.000404,55205,42152,429,127,133,1,0,0,1,0,0.5,0,1,0.5,-0.5,true,false,false,false,false,false,false,false,false,true,false,false,false,false,false,false,false,false,true,false,false,false,false,false,false,false,false,false,false,false,false,true,false,false,false,true,false,true,true,true,false,false,false,454,155,33,5,2,0,0,false,true,true,false
Kubernetes,xgr,Kubernetes---kb_678_Normalized.json,1,1,0,1,0,1,0,completed,,,0.000373,0.011963,0.011539,0.000139,54198,42152,441,139,139,1,0,0,0,0,0,0,1,1,0,true,false,false,false,false,false,false,false,false,true,false,false,false,false,false,false,false,false,true,false,false,false,false,false,false,false,false,false,false,false,false,true,false,false,false,true,false,true,true,true,false,false,false,454,155,33,5,2,0,0,false,true,true,false
Kubernetes,xgr,Kubernetes---kb_679_Normalized.json,5,2,3,2,3,5,0,completed,,,1.02243,0.0003964,0.0003438,1.62e-05,3620,644,81.4,21.8,24,2,3,0,0,0,0,0,1,1,0,false,false,false,false,false,false,false,false,false,false,false,false,false,false,false,false,false,false,false,false,false,false,false,false,false,false,false,false,false,false,false,false,false,false,false,true,false,false,false,true,false,false,false,9,3,0,4,0,0,0,false,false,false,false
Kubernetes,xgr,Kubernetes---kb_680_Normalized.json,6,2,4,2,4,6,0,completed,,,6.2e-05,0.000476833,0.0004215,1.91667e-05,4427,644,80.1667,21.3333,23,2,4,0,0,0,0,0,1,1,0,false,false,false,false,false,false,false,false,false,false,false,false,false,false,false,false,false,false,false,false,false,false,false,false,false,false,false,false,false,false,false,false,false,false,false,true,false,false,false,true,false,false,false,9,3,0,4,0,0,0,false,false,false,false
Kubernetes,xgr,Kubernetes---kb_681_Normalized.json,4,2,2,2,2,4,0,completed,,,0.808223,0.000822,0.00077875,1.2e-05,2587,456,38.25,17.5,18,1,2,0,1,0,0.5,0,1,0.75,-0.5,false,false,false,false,false,false,false,false,false,false,false,false,false,false,false,false,false,false,false,false,false,false,false,false,false,false,false,false,false,false,false,false,false,false,false,true,false,false,true,true,false,false,false,8,2,1,4,0,0,0,false,false,false,false
Kubernetes,xgr,Kubernetes---kb_682_Normalized.json,5,2,3,2,3,5,0,completed,,,6e-05,0.0006802,0.0006416,1.1e-05,3125,456,37,16.8,18,1,3,0,1,0,0.5,0,1,0.8,-0.5,false,false,false,false,false,false,false,false,false,false,false,false,false,false,false,false,false,false,false,false,false,false,false,false,false,false,false,false,false,false,false,false,false,false,false,true,false,false,true,true,false,false,false,8,2,1,4,0,0,0,false,false,false,false
Kubernetes,xgr,Kubernetes---kb_683_Normalized.json,2,2,0,2,0,2,0,completed,,,92.1926,0.0075765,0.0071005,0.000312,191185,154358,171,53.5,59,2,0,0,0,0,0,0,1,1,0,true,false,false,false,false,false,false,false,false,true,false,false,false,true,false,false,false,false,true,false,false,false,false,false,false,false,false,false,false,false,false,true,false,false,false,true,false,true,true,true,false,false,false,1506,462,81,6,4,2,0,false,true,true,false
Kubernetes,xgr,Kubernetes---kb_684_Normalized.json,2,2,0,2,0,2,0,completed,,,92.7248,0.00574,0.0053535,0.000254,191142,154344,171.5,53,59,2,0,0,0,0,0,0,1,1,0,true,false,false,false,false,false,false,false,false,true,false,false,false,true,false,false,false,false,true,false,false,false,false,false,false,false,false,false,false,false,false,true,false,false,false,true,false,true,true,true,false,false,false,1505,462,81,6,4,1,0,false,true,true,false
Kubernetes,xgr,Kubernetes---kb_685_Normalized.json,5,2,3,2,3,5,0,completed,,,4.73658,0.0101342,0.0097792,0.0001282,15697,5652,402.4,108.8,168,2,3,0,0,0,0,0,1,1,0,true,false,false,false,false,false,false,false,false,true,false,false,false,false,false,false,false,false,true,false,false,false,false,false,false,false,false,false,false,false,false,false,false,false,false,true,false,true,true,true,false,false,false,58,12,5,5,0,0,0,false,true,true,false
Kubernetes,xgr,Kubernetes---kb_686_Normalized.json,9,2,7,2,7,9,0,completed,,,0.000167,0.00795444,0.00771167,8.53333e-05,24590,5652,464.556,126,175,2,7,0,0,0,0,0,1,1,0,true,false,false,false,false,false,false,false,false,true,false,false,false,false,false,false,false,false,true,false,false,false,false,false,false,false,false,false,false,false,false,false,false,false,false,true,false,true,true,true,false,false,false,58,12,5,5,0,0,0,false,true,true,false
Kubernetes,xgr,Kubernetes---kb_687_Normalized.json,8,2,6,2,6,8,0,completed,,,2.71036,0.00294575,0.00276387,6.1625e-05,12553,3247,266.5,78.375,91,1,6,0,1,0,0.5,0,1,0.875,-0.5,true,false,false,false,false,false,false,false,false,true,false,false,false,false,false,false,false,false,true,false,false,false,false,false,false,false,false,false,false,false,false,false,false,false,false,true,false,true,true,true,false,false,false,38,8,3,5,0,0,0,false,false,false,false
Kubernetes,xgr,Kubernetes---kb_688_Normalized.json,8,2,6,2,6,8,0,completed,,,0.000109,0.00235963,0.00220138,5.2875e-05,12283,3247,259.75,78.75,92,1,6,0,1,0,0.5,0,1,0.875,-0.5,true,false,false,false,false,false,false,false,false,true,false,false,false,false,false,false,false,false,true,false,false,false,false,false,false,false,false,false,false,false,false,false,false,false,false,true,false,true,true,true,false,false,false,38,8,3,5,0,0,0,false,false,false,false
Kubernetes,xgr,Kubernetes---kb_689_Normalized.json,5,2,3,2,3,5,0,completed,,,4.76104,0.011801,0.0114496,0.000128,16600,5682,450.6,123.4,226,2,3,0,0,0,0,0,1,1,0,true,false,false,false,false,false,false,false,false,true,false,false,false,false,false,false,false,false,true,false,false,false,false,false,false,false,false,false,false,false,false,false,false,false,false,true,false,true,true,true,false,false,false,58,12,5,5,0,0,0,false,true,true,false
Kubernetes,xgr,Kubernetes---kb_690_Normalized.json,7,2,5,2,5,7,0,completed,,,0.000133,0.014346,0.013951,0.000144571,22410,5682,612.857,168.714,231,2,5,0,0,0,0,0,1,1,0,true,false,false,false,false,false,false,false,false,true,false,false,false,false,false,false,false,false,true,false,false,false,false,false,false,false,false,false,false,false,false,false,false,false,false,true,false,true,true,true,false,false,false,58,12,5,5,0,0,0,false,true,true,false
Kubernetes,xgr,Kubernetes---kb_691_Normalized.json,5,2,3,2,3,5,0,completed,,,1.88674,0.012957,0.0127256,8.26e-05,5311,1534,169.2,66.2,67,2,3,0,0,0,0,0,1,1,0,false,false,false,false,false,false,false,false,false,true,false,false,false,false,false,false,false,false,false,false,false,false,false,false,false,false,false,false,false,false,false,false,false,false,false,true,false,true,true,true,false,false,false,20,6,2,4,0,0,0,false,false,false,false
Kubernetes,xgr,Kubernetes---kb_692_Normalized.json,5,2,3,2,3,5,0,completed,,,9e-05,0.0112178,0.0110152,7.32e-05,5309,1534,170,66.6,69,2,3,0,0,0,0,0,1,1,0,false,false,false,false,false,false,false,false,false,true,false,false,false,false,false,false,false,false,false,false,false,false,false,false,false,false,false,false,false,false,false,false,false,false,false,true,false,true,true,true,false,false,false,20,6,2,4,0,0,0,false,false,false,false
Kubernetes,xgr,Kubernetes---kb_693_Normalized.json,2,1,1,1,1,2,0,completed,,,13.4931,0.000116,7.65e-05,1.25e-05,26526,20292,358,111.5,112,0,1,0,1,0,1,0,1,0.5,-1,true,false,false,false,false,false,false,false,false,true,false,false,false,true,false,false,false,false,true,false,false,false,false,false,false,false,false,false,false,false,false,true,false,false,false,true,false,true,true,true,false,false,false,165,47,10,5,2,2,0,false,true,true,false
Kubernetes,xgr,Kubernetes---kb_694_Normalized.json,4,2,2,2,2,4,0,completed,,,13.379,0.00307467,0.00270767,0.000125333,28292,20266,357.667,111.333,112,2,2,0,0,0,0,0,1,1,0,true,false,false,false,false,false,false,false,false,true,false,false,false,true,false,false,false,false,true,false,false,false,false,false,false,false,false,false,false,false,false,true,false,false,false,true,false,true,true,true,false,false,false,164,47,10,5,2,1,0,false,true,true,false
Kubernetes,xgr,Kubernetes---kb_697_Normalized.json,4,2,2,2,2,4,0,completed,,,2.6444,0.000768,0.00066425,3.75e-05,6635,3338,104.25,31.5,56,2,2,0,0,0,0,0,1,1,0,true,false,false,false,false,false,false,false,false,true,false,false,false,false,false,false,false,false,true,false,false,false,false,false,false,false,false,false,false,false,false,true,false,false,false,true,false,true,true,true,false,false,false,38,8,2,5,2,0,0,false,false,false,false
Kubernetes,xgr,Kubernetes---kb_698_Normalized.json,4,2,2,2,2,4,0,completed,,,7.9e-05,0.0009075,0.00077025,5.425e-05,7034,3338,141,43.25,54,2,2,0,0,0,0,0,1,1,0,true,false,false,false,false,false,false,false,false,true,false,false,false,false,false,false,false,false,true,false,false,false,false,false,false,false,false,false,false,false,false,true,false,false,false,true,false,true,true,true,false,false,false,38,8,2,5,2,0,0,false,false,false,false
Kubernetes,xgr,Kubernetes---kb_699_Normalized.json,6,2,4,2,4,6,0,completed,,,1.62714,0.0005905,0.000500833,2.33333e-05,7899,2392,204.333,86.1667,93,1,4,0,1,0,0.5,0,1,0.833333,-0.5,true,false,false,false,false,false,false,false,false,true,false,false,false,false,false,false,false,false,false,false,false,false,false,false,false,false,false,false,false,false,false,false,false,false,false,true,false,true,true,true,false,false,false,27,6,4,4,0,0,0,false,false,false,false
Kubernetes,xgr,Kubernetes---kb_69_Normalized.json,3,1,2,1,2,3,0,completed,,,1.02018,0.00774533,0.00758,6.66667e-05,3212,904,130.667,41,42,1,2,0,0,0,0,0,1,1,0,false,false,false,false,false,false,false,false,false,true,false,false,false,false,false,false,false,false,false,false,false,false,false,false,false,false,false,false,false,false,false,false,false,false,false,true,false,true,true,true,false,false,false,15,4,1,4,0,0,0,false,false,false,false
Kubernetes,xgr,Kubernetes---kb_700_Normalized.json,3,2,1,2,1,3,0,completed,,,7e-05,0.00182533,0.00165233,4.8e-05,5084,2392,199,84,84,2,1,0,0,0,0,0,1,1,0,true,false,false,false,false,false,false,false,false,true,false,false,false,false,false,false,false,false,false,false,false,false,false,false,false,false,false,false,false,false,false,false,false,false,false,true,false,true,true,true,false,false,false,27,6,4,4,0,0,0,false,false,false,false
Kubernetes,xgr,Kubernetes---kb_701_Normalized.json,8,2,6,2,6,8,0,completed,,,1.54597,0.0008165,0.000735125,1.775e-05,8122,1342,170.375,62.625,81,2,6,0,0,0,0,0,1,1,0,false,false,false,false,false,false,false,false,false,true,false,false,false,false,false,false,false,false,true,false,false,false,false,false,false,false,false,false,false,false,false,false,false,false,false,true,false,true,false,true,false,false,false,22,5,0,5,0,0,0,false,false,false,false
Kubernetes,xgr,Kubernetes---kb_702_Normalized.json,8,2,6,2,6,8,0,completed,,,5.9e-05,0.00121188,0.00110125,3e-05,7943,1342,179.125,65,71,2,6,0,0,0,0,0,1,1,0,false,false,false,false,false,false,false,false,false,true,false,false,false,false,false,false,false,false,true,false,false,false,false,false,false,false,false,false,false,false,false,false,false,false,false,true,false,true,false,true,false,false,false,22,5,0,5,0,0,0,false,false,false,false
Kubernetes,xgr,Kubernetes---kb_703_Normalized.json,2,1,1,1,1,2,0,completed,,,0.938199,0.0002185,0.000184,1.15e-05,1302,201,29,12.5,13,1,1,0,0,0,0,0,1,1,0,false,false,false,false,false,false,false,false,false,false,false,false,false,false,false,false,false,false,false,false,false,false,false,false,false,false,false,false,false,false,false,false,false,false,false,true,false,false,false,true,false,false,false,6,2,0,4,0,0,0,false,false,false,false
Kubernetes,xgr,Kubernetes---kb_704_Normalized.json,2,1,1,1,1,2,0,completed,,,4.4e-05,0.0002205,0.000186,1.15e-05,1302,201,29,12.5,13,1,1,0,0,0,0,0,1,1,0,false,false,false,false,false,false,false,false,false,false,false,false,false,false,false,false,false,false,false,false,false,false,false,false,false,false,false,false,false,false,false,false,false,false,false,true,false,false,false,true,false,false,false,6,2,0,4,0,0,0,false,false,false,false
Kubernetes,xgr,Kubernetes---kb_705_Normalized.json,4,1,3,1,3,4,0,completed,,,0.969317,0.00019475,0.00015975,1.05e-05,2428,319,15.5,8.25,12,1,3,0,0,0,0,0,1,1,0,false,false,false,false,false,false,false,false,false,false,false,false,false,false,false,false,false,false,false,false,false,false,false,false,false,false,false,false,false,false,false,false,false,false,false,true,false,false,false,true,false,false,false,5,1,0,4,0,0,0,false,false,false,false
Kubernetes,xgr,Kubernetes---kb_706_Normalized.json,5,1,4,1,4,5,0,completed,,,6e-05,0.000233,0.0001944,1.3e-05,3017,319,17.6,9.6,15,1,4,0,0,0,0,0,1,1,0,false,false,false,false,false,false,false,false,false,false,false,false,false,false,false,false,false,false,false,false,false,false,false,false,false,false,false,false,false,false,false,false,false,false,false,true,false,false,false,true,false,false,false,5,1,0,4,0,0,0,false,false,false,false
Kubernetes,xgr,Kubernetes---kb_709_Normalized.json,4,2,2,2,2,4,0,completed,,,41.4123,0.00020525,8.9e-05,8.3e-05,100790,76214,478.5,142.5,148,0,2,0,2,0,1,0,1,0.5,-1,true,false,false,false,false,false,false,false,false,true,false,false,false,true,false,false,false,false,true,false,false,false,false,false,false,false,false,false,false,false,false,true,false,false,false,true,false,true,true,true,false,false,false,766,244,49,5,2,2,0,false,true,true,false
Kubernetes,xgr,Kubernetes---kb_70_Normalized.json,2,1,1,1,1,2,0,completed,,,5.4e-05,0.008323,0.0081435,7.35e-05,2558,904,129,40.5,42,1,1,0,0,0,0,0,1,1,0,false,false,false,false,false,false,false,false,false,true,false,false,false,false,false,false,false,false,false,false,false,false,false,false,false,false,false,false,false,false,false,false,false,false,false,true,false,true,true,true,false,false,false,15,4,1,4,0,0,0,false,false,false,false
Kubernetes,xgr,Kubernetes---kb_710_Normalized.json,5,2,3,2,3,5,0,completed,,,44.9977,0.0059394,0.005471,0.0002224,102868,76178,517.6,153.2,180,2,3,0,0,0,0,0,1,1,0,true,false,false,false,false,false,false,false,false,true,false,false,false,true,false,false,false,false,true,false,false,false,false,false,false,false,false,false,false,false,false,true,false,false,false,true,false,true,true,true,false,false,false,765,244,49,5,2,1,0,false,true,true,false
Kubernetes,xgr,Kubernetes---kb_713_Normalized.json,4,2,2,2,2,4,0,completed,,,36.1852,0.003977,0.003735,0.000104,81948,61736,297.5,86,135,2,2,0,0,0,0,0,1,1,0,true,false,false,false,false,false,false,false,false,true,false,false,false,false,false,false,false,false,true,false,false,false,false,false,false,false,false,false,false,false,false,true,false,false,false,true,false,true,true,true,false,false,false,665,212,45,5,2,0,0,false,true,true,false
Kubernetes,xgr,Kubernetes---kb_714_Normalized.json,5,2,3,2,3,5,0,completed,,,0.000509,0.0016598,0.0015132,4.06e-05,84320,61736,337.4,107,128,2,3,0,0,0,0,0,1,1,0,true,false,false,false,false,false,false,false,false,true,false,false,false,false,false,false,false,false,true,false,false,false,false,false,false,false,false,false,false,false,false,true,false,false,false,true,false,true,true,true,false,false,false,665,212,45,5,2,0,0,false,true,true,false
Kubernetes,xgr,Kubernetes---kb_715_Normalized.json,3,1,2,1,2,3,0,completed,,,0.787398,0.000117333,8.86667e-05,9.33333e-06,2053,279,25.3333,7,8,1,2,0,0,0,0,0,1,1,0,false,false,false,false,false,false,false,false,false,false,false,false,false,false,false,false,false,false,false,false,false,false,false,false,false,false,false,false,false,false,false,false,false,false,false,true,false,false,true,true,false,false,false,6,1,1,4,0,0,0,false,false,false,false
Kubernetes,xgr,Kubernetes---kb_716_Normalized.json,2,1,1,1,1,2,0,completed,,,4.6e-05,0.000145,0.000114,1.1e-05,1465,279,27.5,7.5,8,1,1,0,0,0,0,0,1,1,0,false,false,false,false,false,false,false,false,false,false,false,false,false,false,false,false,false,false,false,false,false,false,false,false,false,false,false,false,false,false,false,false,false,false,false,true,false,false,true,true,false,false,false,6,1,1,4,0,0,0,false,false,false,false
Kubernetes,xgr,Kubernetes---kb_717_Normalized.json,9,2,7,2,7,9,0,completed,,,3.88313,0.001389,0.00120356,6.52222e-05,21531,5809,495.333,171.333,182,2,7,0,0,0,0,0,1,1,0,false,false,false,false,false,false,false,false,false,true,false,false,false,false,false,false,false,false,true,false,false,false,false,false,false,false,false,false,false,false,false,false,false,false,false,true,false,true,true,true,false,false,false,58,18,2,5,0,0,0,false,false,true,false
Kubernetes,xgr,Kubernetes---kb_718_Normalized.json,8,2,6,2,6,8,0,completed,,,0.000112,0.00149288,0.0012965,6.9e-05,19475,5809,499.625,173.5,180,2,6,0,0,0,0,0,1,1,0,false,false,false,false,false,false,false,false,false,true,false,false,false,false,false,false,false,false,true,false,false,false,false,false,false,false,false,false,false,false,false,false,false,false,false,true,false,true,true,true,false,false,false,58,18,2,5,0,0,0,false,false,true,false
Kubernetes,xgr,Kubernetes---kb_720_Normalized.json,6,2,4,2,4,6,0,completed,,,20.9183,0.000145,7.175e-05,1.3e-05,53177,29440,1351.75,419.25,424,0,4,0,2,0,1,0,1,0.666667,-1,true,false,false,false,false,false,false,false,false,true,false,false,false,true,false,false,false,false,true,false,false,false,false,false,false,false,false,false,false,false,false,false,false,false,false,true,false,true,true,true,false,false,false,284,80,18,5,0,2,0,false,true,true,false
Kubernetes,xgr,Kubernetes---kb_721_Normalized.json,6,2,4,2,4,6,0,completed,,,18.8217,0.0418803,0.0404493,0.000520833,55142,29414,1425.67,431.667,435,2,4,0,0,0,0,0,1,1,0,true,false,false,false,false,false,false,false,false,true,false,false,false,true,false,false,false,false,true,false,false,false,false,false,false,false,false,false,false,false,false,false,false,false,false,true,false,true,true,true,false,false,false,283,80,18,5,0,1,0,false,true,true,false
Kubernetes,xgr,Kubernetes---kb_723_Normalized.json,4,2,2,2,2,4,0,completed,,,17.4779,0.00010125,6.625e-05,1.225e-05,56138,33390,1500.75,452.25,468,0,2,0,2,0,1,0,1,0.5,-1,true,false,false,false,false,false,false,false,false,true,false,false,false,true,false,false,false,false,true,false,false,false,false,false,false,false,false,false,false,false,false,false,false,false,false,true,false,true,true,true,false,false,false,315,88,19,6,0,3,0,false,true,true,false
Kubernetes,xgr,Kubernetes---kb_724_Normalized.json,6,2,4,2,4,6,0,completed,,,15.1471,0.0226218,0.0219367,0.000164667,63724,33364,1410.17,429,476,2,4,0,0,0,0,0,1,1,0,true,false,false,false,false,false,false,false,false,true,false,false,false,true,false,false,false,false,true,false,false,false,false,false,false,false,false,false,false,false,false,false,false,false,false,true,false,true,true,true,false,false,false,314,88,19,6,0,2,0,false,true,true,false
Kubernetes,xgr,Kubernetes---kb_726_Normalized.json,4,2,2,2,2,4,0,completed,,,8.22972,0.0109502,0.0104897,8.1e-05,32308,14901,1470.25,460,487,2,2,0,0,0,0,0,1,1,0,false,false,false,false,false,false,false,false,false,true,false,false,false,false,false,false,false,false,true,false,false,false,false,false,false,false,false,false,false,false,false,false,false,false,false,true,false,true,true,true,false,false,false,181,48,14,5,0,0,0,false,true,true,false
Kubernetes,xgr,Kubernetes---kb_727_Normalized.json,4,2,2,2,2,4,0,completed,,,0.000207,0.0148625,0.0143305,0.0001025,32382,14901,1510.5,474.5,481,2,2,0,0,0,0,0,1,1,0,false,false,false,false,false,false,false,false,false,true,false,false,false,false,false,false,false,false,true,false,false,false,false,false,false,false,false,false,false,false,false,false,false,false,false,true,false,true,true,true,false,false,false,181,48,14,5,0,0,0,false,true,true,false
Kubernetes,xgr,Kubernetes---kb_728_Normalized.json,5,1,4,1,4,5,0,completed,,,1.62554,0.000534,0.0004602,2.16e-05,7652,3251,124.2,34.2,39,1,4,0,0,0,0,0,1,1,0,true,false,false,false,false,false,false,false,false,true,false,false,false,false,false,false,false,false,true,false,false,false,false,false,false,false,false,false,false,false,false,true,false,false,false,true,false,true,true,true,false,false,false,39,8,4,5,2,0,0,false,false,false,false
Kubernetes,xgr,Kubernetes---kb_729_Normalized.json,3,1,2,1,2,3,0,completed,,,2.12183,0.00137567,0.00128367,2.76667e-05,8414,4767,142.333,41.6667,43,1,2,0,0,0,0,0,1,1,0,true,false,false,false,false,false,false,false,false,true,false,false,false,false,false,false,false,false,true,false,false,false,false,false,false,false,false,false,false,false,false,true,false,false,false,true,false,true,true,true,false,false,false,58,13,6,5,2,0,0,false,true,true,false
Kubernetes,xgr,Kubernetes---kb_730_Normalized.json,2,1,1,1,1,2,0,completed,,,0.000104,0.0022335,0.002103,3.9e-05,7727,4767,149,42.5,43,1,1,0,0,0,0,0,1,1,0,true,false,false,false,false,false,false,false,false,true,false,false,false,false,false,false,false,false,true,false,false,false,false,false,false,false,false,false,false,false,false,true,false,false,false,true,false,true,true,true,false,false,false,58,13,6,5,2,0,0,false,true,true,false
Kubernetes,xgr,Kubernetes---kb_731_Normalized.json,6,2,4,2,4,6,0,completed,,,2.09623,0.0003915,0.000334167,1.83333e-05,9148,3205,205.333,56.3333,67,2,4,0,0,0,0,0,1,1,0,true,false,false,false,false,false,false,false,false,true,false,false,false,false,false,false,false,false,true,false,false,false,false,false,false,false,false,false,false,false,false,true,false,false,false,true,false,true,true,true,false,false,false,39,8,4,5,2,0,0,false,false,false,false
Kubernetes,xgr,Kubernetes---kb_732_Normalized.json,3,2,1,2,1,3,0,completed,,,1.97834,0.000623,0.000527667,2.63333e-05,7839,4479,169.667,50,51,2,1,0,0,0,0,0,1,1,0,true,false,false,false,false,false,false,false,false,true,false,false,false,false,false,false,false,false,true,false,false,false,false,false,false,false,false,false,false,false,false,true,false,false,false,true,false,true,true,true,false,false,false,55,12,5,5,2,0,0,false,true,true,false
Kubernetes,xgr,Kubernetes---kb_733_Normalized.json,4,2,2,2,2,4,0,completed,,,9.6e-05,0.00052675,0.000446,2.375e-05,8574,4479,169.75,47.75,51,2,2,0,0,0,0,0,1,1,0,true,false,false,false,false,false,false,false,false,true,false,false,false,false,false,false,false,false,true,false,false,false,false,false,false,false,false,false,false,false,false,true,false,false,false,true,false,true,true,true,false,false,false,55,12,5,5,2,0,0,false,true,true,false
Kubernetes,xgr,Kubernetes---kb_734_Normalized.json,4,2,2,2,2,4,0,completed,,,66.5585,0.0978052,0.0945528,0.00152775,185342,127790,3114.5,934,2350,2,2,0,0,0,0,0,1,1,0,true,false,false,false,false,false,false,false,false,true,false,false,false,false,false,false,false,false,true,false,false,false,false,false,false,false,false,false,false,false,false,true,false,false,false,true,false,true,true,true,false,false,false,1273,387,69,6,4,0,0,false,true,true,false
Kubernetes,xgr,Kubernetes---kb_735_Normalized.json,5,2,3,2,3,5,0,completed,,,0.000905,0.005164,0.0048856,0.000132,163440,127790,209.2,59.8,66,2,3,0,0,0,0,0,1,1,0,true,false,false,false,false,false,false,false,false,true,false,false,false,false,false,false,false,false,true,false,false,false,false,false,false,false,false,false,false,false,false,true,false,false,false,true,false,true,true,true,false,false,false,1273,387,69,6,4,0,0,false,true,true,false
Kubernetes,xgr,Kubernetes---kb_736_Normalized.json,5,2,3,2,3,5,0,completed,,,6.83045,0.0171726,0.0165808,0.0001356,25708,12075,911,335.6,396,2,3,0,0,0,0,0,1,1,0,false,false,false,false,false,false,false,false,false,true,false,false,false,false,false,false,false,false,true,false,false,false,false,false,false,false,false,false,false,false,false,false,false,false,false,true,false,true,true,true,false,false,false,132,42,8,4,0,0,0,false,true,true,false
Kubernetes,xgr,Kubernetes---kb_737_Normalized.json,5,2,3,2,3,5,0,completed,,,0.000165,0.0161182,0.0155252,0.0001652,24443,12075,772.8,276,308,2,3,0,0,0,0,0,1,1,0,false,false,false,false,false,false,false,false,false,true,false,false,false,false,false,false,false,false,true,false,false,false,false,false,false,false,false,false,false,false,false,false,false,false,false,true,false,true,true,true,false,false,false,132,42,8,4,0,0,0,false,true,true,false
Kubernetes,xgr,Kubernetes---kb_738_Normalized.json,3,1,2,1,2,3,0,completed,,,79.7544,0.00324533,0.00285267,0.000285667,179161,143086,234.667,66.3333,74,1,2,0,0,0,0,0,1,1,0,true,false,false,false,false,false,false,false,false,true,false,false,false,true,false,false,false,false,true,false,false,false,false,false,false,false,false,false,false,false,false,true,false,false,false,true,false,true,true,true,false,false,false,1383,421,73,6,4,2,0,false,true,true,false
Kubernetes,xgr,Kubernetes---kb_739_Normalized.json,2,1,1,1,1,2,0,completed,,,95.1762,0.0037925,0.003434,0.000252,177817,143072,215.5,61.5,63,1,1,0,0,0,0,0,1,1,0,true,false,false,false,false,false,false,false,false,true,false,false,false,true,false,false,false,false,true,false,false,false,false,false,false,false,false,false,false,false,false,true,false,false,false,true,false,true,true,true,false,false,false,1382,421,73,6,4,1,0,false,true,true,false
Kubernetes,xgr,Kubernetes---kb_740_Normalized.json,3,2,1,2,1,3,0,completed,,,80.1713,0.00999,0.00959833,0.000156333,184626,146958,344.667,105.667,127,2,1,0,0,0,0,0,1,1,0,true,false,false,false,false,false,false,false,false,true,false,false,false,true,false,false,false,false,true,false,false,false,false,false,false,false,false,false,false,false,false,true,false,false,false,true,false,true,true,true,false,false,false,1414,429,74,6,4,3,0,false,true,true,false
Kubernetes,xgr,Kubernetes---kb_741_Normalized.json,4,2,2,2,2,4,0,completed,,,91.5459,0.00600875,0.00569125,0.00016075,185991,146944,387,118.5,152,2,2,0,0,0,0,0,1,1,0,true,false,false,false,false,false,false,false,false,true,false,false,false,true,false,false,false,false,true,false,false,false,false,false,false,false,false,false,false,false,false,true,false,false,false,true,false,true,true,true,false,false,false,1413,429,74,6,4,2,0,false,true,true,false
Kubernetes,xgr,Kubernetes---kb_742_Normalized.json,3,1,2,1,2,3,0,completed,,,79.6858,0.001752,0.001575,0.000126667,176864,141459,195.667,61,66,0,2,0,1,0,1,0,1,0.666667,-1,true,false,false,false,false,false,false,false,false,true,false,false,false,false,false,false,false,false,true,false,false,false,false,false,false,false,false,false,false,false,false,true,false,false,false,true,false,true,true,true,false,false,false,1366,417,73,6,4,0,0,false,true,true,false
Kubernetes,xgr,Kubernetes---kb_743_Normalized.json,1,1,0,1,0,1,0,completed,,,0.001385,0.005067,0.004859,9.6e-05,174520,141459,188,58,58,0,0,0,1,0,1,0,1,0,-1,true,false,false,false,false,false,false,false,false,true,false,false,false,false,false,false,false,false,true,false,false,false,false,false,false,false,false,false,false,false,false,true,false,false,false,true,false,true,true,true,false,false,false,1366,417,73,6,4,0,0,false,true,true,false
Kubernetes,xgr,Kubernetes---kb_744_Normalized.json,2,1,1,1,1,2,0,completed,,,1.34266,0.0005655,0.000496,2.7e-05,2059,441,91,22.5,23,1,1,0,0,0,0,0,1,1,0,false,false,false,false,false,false,false,false,false,false,false,false,false,false,false,false,false,false,true,false,false,false,false,false,false,false,false,false,false,false,false,false,false,false,false,true,false,false,true,true,false,false,false,10,2,1,5,0,0,0,false,false,false,false
Kubernetes,xgr,Kubernetes---kb_745_Normalized.json,3,1,2,1,2,3,0,completed,,,9.1e-05,0.000408667,0.000347,2.13333e-05,2789,441,88,22.3333,23,1,2,0,0,0,0,0,1,1,0,false,false,false,false,false,false,false,false,false,false,false,false,false,false,false,false,false,false,true,false,false,false,false,false,false,false,false,false,false,false,false,false,false,false,false,true,false,false,true,true,false,false,false,10,2,1,5,0,0,0,false,false,false,false
Kubernetes,xgr,Kubernetes---kb_746_Normalized.json,7,1,6,1,6,7,0,completed,,,2.25455,0.00430214,0.00418157,4.6e-05,9976,1644,205.857,65,79,1,6,0,0,0,0,0,1,1,0,false,false,false,false,false,false,false,false,false,false,false,false,false,false,false,false,false,false,true,false,false,false,false,false,false,false,false,false,false,false,false,false,false,false,false,true,false,false,true,true,false,false,false,24,5,1,5,0,0,0,false,false,false,false
Kubernetes,xgr,Kubernetes---kb_747_Normalized.json,7,2,5,2,5,7,0,completed,,,9.1e-05,0.00706129,0.00690029,6.35714e-05,8512,1644,229,71.8571,77,2,5,0,0,0,0,0,1,1,0,false,false,false,false,false,false,false,false,false,false,false,false,false,false,false,false,false,false,true,false,false,false,false,false,false,false,false,false,false,false,false,false,false,false,false,true,false,false,true,true,false,false,false,24,5,1,5,0,0,0,false,false,false,false
Kubernetes,xgr,Kubernetes---kb_748_Normalized.json,6,1,5,1,5,6,0,completed,,,2.27766,0.00560783,0.005475,5.08333e-05,8012,1750,223.167,71,80,1,5,0,0,0,0,0,1,1,0,false,false,false,false,false,false,false,false,false,false,false,false,false,false,false,false,false,false,true,false,false,false,false,false,false,false,false,false,false,false,false,false,false,false,false,true,false,false,true,true,false,false,false,24,5,1,5,0,0,0,false,false,false,false
Kubernetes,xgr,Kubernetes---kb_749_Normalized.json,6,2,4,2,4,6,0,completed,,,0.000126,0.00814067,0.00796833,6.78333e-05,7907,1750,214.5,68.1667,75,2,4,0,0,0,0,0,1,1,0,false,false,false,false,false,false,false,false,false,false,false,false,false,false,false,false,false,false,true,false,false,false,false,false,false,false,false,false,false,false,false,false,false,false,false,true,false,false,true,true,false,false,false,24,5,1,5,0,0,0,false,false,false,false
Kubernetes,xgr,Kubernetes---kb_750_Normalized.json,4,2,2,2,2,4,0,completed,,,4.07014,0.00490375,0.00465375,8.55e-05,17521,7705,507.5,145.75,185,1,2,0,1,0,0.5,0,1,0.75,-0.5,false,false,false,false,false,false,false,false,false,true,false,false,false,false,false,false,false,false,true,false,false,false,false,false,false,false,false,false,false,false,false,false,false,false,false,true,false,true,true,true,false,false,false,95,18,11,5,0,0,0,false,true,true,false
Kubernetes,xgr,Kubernetes---kb_751_Normalized.json,2,2,0,2,0,2,0,completed,,,0.000168,0.01459,0.0139215,0.000247,13334,7705,585,168.5,170,2,0,0,0,0,0,0,1,1,0,false,false,false,false,false,false,false,false,false,true,false,false,false,false,false,false,false,false,true,false,false,false,false,false,false,false,false,false,false,false,false,false,false,false,false,true,false,true,true,true,false,false,false,95,18,11,5,0,0,0,false,true,true,false
Kubernetes,xgr,Kubernetes---kb_752_Normalized.json,7,2,5,2,5,7,0,completed,,,1.07016,0.00270329,0.00264429,1.88571e-05,5597,622,60.1429,23,26,2,5,0,0,0,0,0,1,1,0,false,false,false,false,false,false,false,false,false,false,false,false,false,false,false,false,false,false,false,false,false,false,false,false,false,false,false,false,false,false,false,false,false,false,false,true,false,false,true,true,false,false,false,10,3,1,4,0,0,0,false,false,false,false
Kubernetes,xgr,Kubernetes---kb_753_Normalized.json,4,2,2,2,2,4,0,completed,,,7.1e-05,0.00145575,0.00140275,1.55e-05,2957,622,65.25,25,26,1,2,0,1,0,0.5,0,1,0.75,-0.5,false,false,false,false,false,false,false,false,false,false,false,false,false,false,false,false,false,false,false,false,false,false,false,false,false,false,false,false,false,false,false,false,false,false,false,true,false,false,true,true,false,false,false,10,3,1,4,0,0,0,false,false,false,false
Kubernetes,xgr,Kubernetes---kb_754_Normalized.json,5,2,3,2,3,5,0,completed,,,0.976497,0.0003368,0.0002858,1.94e-05,2793,312,49,16,18,2,3,0,0,0,0,0,1,1,0,false,false,false,false,false,false,false,false,false,false,false,false,false,false,false,false,false,false,false,false,false,false,false,false,false,false,false,false,false,false,false,false,false,false,false,true,false,false,false,true,false,false,false,7,2,0,4,0,0,0,false,false,false,false
Kubernetes,xgr,Kubernetes---kb_755_Normalized.json,3,1,2,1,2,3,0,completed,,,5.5e-05,0.000264,0.000219,1.66667e-05,2120,312,55.6667,18.6667,20,1,2,0,0,0,0,0,1,1,0,false,false,false,false,false,false,false,false,false,false,false,false,false,false,false,false,false,false,false,false,false,false,false,false,false,false,false,false,false,false,false,false,false,false,false,true,false,false,false,true,false,false,false,7,2,0,4,0,0,0,false,false,false,false
Kubernetes,xgr,Kubernetes---kb_756_Normalized.json,4,2,2,2,2,4,0,completed,,,1.72904,0.0010205,0.000873,4.275e-05,6518,2378,174,51.25,52,2,2,0,0,0,0,0,1,1,0,false,false,false,false,false,false,false,false,false,true,false,false,false,false,false,false,false,false,true,false,false,false,false,false,false,false,false,false,false,false,false,false,false,false,false,true,false,true,true,true,false,false,false,33,7,4,5,0,0,0,false,false,false,false
Kubernetes,xgr,Kubernetes---kb_757_Normalized.json,6,2,4,2,4,6,0,completed,,,7.9e-05,0.00168233,0.0014645,6.21667e-05,9467,2378,241.5,74.8333,83,2,4,0,0,0,0,0,1,1,0,false,false,false,false,false,false,false,false,false,true,false,false,false,false,false,false,false,false,true,false,false,false,false,false,false,false,false,false,false,false,false,false,false,false,false,true,false,true,true,true,false,false,false,33,7,4,5,0,0,0,false,false,false,false
Kubernetes,xgr,Kubernetes---kb_758_Normalized.json,10,2,8,2,8,10,0,completed,,,7.11943,8.87e-05,5.5e-05,1.09e-05,29032,15645,372,99.6,124,0,8,0,2,0,1,0,1,0.8,-1,true,false,false,false,false,false,false,false,false,true,false,false,false,true,false,false,false,false,true,false,false,false,false,false,false,false,false,false,false,false,false,false,false,false,false,true,false,true,true,true,false,false,false,112,35,5,5,0,2,0,false,true,true,false
Kubernetes,xgr,Kubernetes---kb_759_Normalized.json,5,1,4,1,4,5,0,completed,,,6.60004,0.0001072,6.7e-05,1.32e-05,24623,15759,413.8,106.4,130,0,4,0,1,0,1,0,1,0.8,-1,true,false,false,false,false,false,false,false,false,true,false,false,false,true,false,false,false,false,true,false,false,false,false,false,false,false,false,false,false,false,false,false,false,false,false,true,false,true,true,true,false,false,false,112,35,5,5,0,2,0,false,true,true,false
Kubernetes,xgr,Kubernetes---kb_75_Normalized.json,4,2,2,2,2,4,0,completed,,,1.31883,0.005408,0.00528725,3.125e-05,5024,1462,216.25,69.25,97,2,2,0,0,0,0,0,1,1,0,false,false,false,false,false,false,false,false,false,true,false,false,false,false,false,false,false,false,true,false,false,false,false,false,false,false,false,false,false,false,false,false,false,false,false,true,false,true,true,true,false,false,false,24,6,1,4,0,0,0,false,false,false,false
Kubernetes,xgr,Kubernetes---kb_760_Normalized.json,9,2,7,2,7,9,0,completed,,,6.99334,0.000113667,7.05556e-05,1.5e-05,39568,15757,998.444,324.222,420,0,7,0,2,0,1,0,1,0.777778,-1,true,false,false,false,false,false,false,false,false,true,false,false,false,true,false,false,false,false,true,false,false,false,false,false,false,false,false,false,false,false,false,false,false,false,false,true,false,true,true,true,false,false,false,112,35,5,5,0,2,0,false,true,true,false
Kubernetes,xgr,Kubernetes---kb_761_Normalized.json,9,2,7,2,7,9,0,completed,,,6.06597,0.0148336,0.0144227,0.000151667,35334,15720,817.111,247.222,358,1,7,0,1,0,0.5,0,1,0.888889,-0.5,true,false,false,false,false,false,false,false,false,true,false,false,false,true,false,false,false,false,true,false,false,false,false,false,false,false,false,false,false,false,false,false,false,false,false,true,false,true,true,true,false,false,false,111,35,5,5,0,1,0,false,true,true,false
Kubernetes,xgr,Kubernetes---kb_762_Normalized.json,7,2,5,2,5,7,0,completed,,,9.28854,0.000133571,8.4e-05,1.64286e-05,38795,19542,1077.29,331.571,467,0,5,0,2,0,1,0,1,0.714286,-1,true,false,false,false,false,false,false,false,false,true,false,false,false,true,false,false,false,false,true,false,false,false,false,false,false,false,false,false,false,false,false,false,false,false,false,true,false,true,true,true,false,false,false,143,43,6,6,0,3,0,false,true,true,false
Kubernetes,xgr,Kubernetes---kb_763_Normalized.json,6,2,4,2,4,6,0,completed,,,11.0059,0.000128833,8.11667e-05,1.71667e-05,36581,19674,1146.33,347.167,479,0,4,0,2,0,1,0,1,0.666667,-1,true,false,false,false,false,false,false,false,false,true,false,false,false,true,false,false,false,false,true,false,false,false,false,false,false,false,false,false,false,false,false,false,false,false,false,true,false,true,true,true,false,false,false,143,43,6,6,0,3,0,false,true,true,false
Kubernetes,xgr,Kubernetes---kb_764_Normalized.json,6,2,4,2,4,6,0,completed,,,9.4602,0.0001215,7.35e-05,1.63333e-05,36587,19669,1036.17,318.5,357,0,4,0,2,0,1,0,1,0.666667,-1,true,false,false,false,false,false,false,false,false,true,false,false,false,true,false,false,false,false,true,false,false,false,false,false,false,false,false,false,false,false,false,false,false,false,false,true,false,true,true,true,false,false,false,143,43,6,6,0,3,0,false,true,true,false
Kubernetes,xgr,Kubernetes---kb_765_Normalized.json,6,2,4,2,4,6,0,completed,,,6.81151,0.0480427,0.0468638,0.000433667,36825,19632,1157.67,362.333,513,2,4,0,0,0,0,0,1,1,0,true,false,false,false,false,false,false,false,false,true,false,false,false,true,false,false,false,false,true,false,false,false,false,false,false,false,false,false,false,false,false,false,false,false,false,true,false,true,true,true,false,false,false,142,43,6,6,0,2,0,false,true,true,false
Kubernetes,xgr,Kubernetes---kb_766_Normalized.json,2,2,0,2,0,2,0,completed,,,12.3202,0.000163,0.0001015,1.9e-05,28070,21943,448.5,132.5,160,0,0,0,2,0,1,0,1,0,-1,true,false,false,false,false,false,false,false,false,true,false,false,false,true,false,false,false,false,true,false,false,false,false,false,false,false,false,false,false,false,false,false,false,false,false,true,false,true,true,true,false,false,false,172,48,6,6,0,2,0,false,true,true,false
Kubernetes,xgr,Kubernetes---kb_767_Normalized.json,3,2,1,2,1,3,0,completed,,,11.8633,0.009314,0.00883333,0.000177667,30478,21894,549.333,155,165,2,1,0,0,0,0,0,1,1,0,true,false,false,false,false,false,false,false,false,true,false,false,false,true,false,false,false,false,true,false,false,false,false,false,false,false,false,false,false,false,false,false,false,false,false,true,false,true,true,true,false,false,false,171,48,6,6,0,1,0,false,true,true,false
Kubernetes,xgr,Kubernetes---kb_768_Normalized.json,5,2,3,2,3,5,0,completed,,,1.71872,0.0015968,0.00147,3.88e-05,4685,1222,156.8,47.8,51,2,3,0,0,0,0,0,1,1,0,false,false,false,false,false,false,false,false,false,true,false,false,false,false,false,false,false,false,false,false,false,false,false,false,false,false,false,false,false,false,false,false,false,false,false,true,false,true,false,true,false,false,false,17,5,0,4,0,0,0,false,false,false,false
Kubernetes,xgr,Kubernetes---kb_769_Normalized.json,2,1,1,1,1,2,0,completed,,,5.5e-05,0.0015315,0.001407,3.8e-05,3032,1222,170,49,51,1,1,0,0,0,0,0,1,1,0,false,false,false,false,false,false,false,false,false,true,false,false,false,false,false,false,false,false,false,false,false,false,false,false,false,false,false,false,false,false,false,false,false,false,false,true,false,true,false,true,false,false,false,17,5,0,4,0,0,0,false,false,false,false
Kubernetes,xgr,Kubernetes---kb_76_Normalized.json,3,2,1,2,1,3,0,completed,,,6.5e-05,0.00504733,0.00492867,3.16667e-05,4106,1462,195.333,58.6667,69,2,1,0,0,0,0,0,1,1,0,false,false,false,false,false,false,false,false,false,true,false,false,false,false,false,false,false,false,true,false,false,false,false,false,false,false,false,false,false,false,false,false,false,false,false,true,false,true,true,true,false,false,false,24,6,1,4,0,0,0,false,false,false,false
Kubernetes,xgr,Kubernetes---kb_770_Normalized.json,4,1,3,1,3,4,0,completed,,,10.1743,0.00011925,7.125e-05,1.225e-05,38532,25993,528.5,147,184,0,3,0,1,0,1,0,1,0.75,-1,true,false,false,false,false,false,false,false,false,true,false,false,false,true,false,false,false,false,true,false,false,false,false,false,false,false,false,false,false,false,false,false,false,false,false,true,false,true,true,true,false,false,false,203,56,7,6,0,3,0,false,true,true,false
Kubernetes,xgr,Kubernetes---kb_771_Normalized.json,5,2,3,2,3,5,0,completed,,,9.63968,0.0079598,0.007668,6.76e-05,39374,25944,529.6,153,164,2,3,0,0,0,0,0,1,1,0,true,false,false,false,false,false,false,false,false,true,false,false,false,true,false,false,false,false,true,false,false,false,false,false,false,false,false,false,false,false,false,false,false,false,false,true,false,true,true,true,false,false,false,202,56,7,6,0,2,0,false,true,true,false
Kubernetes,xgr,Kubernetes---kb_772_Normalized.json,2,1,1,1,1,2,0,completed,,,0.840561,0.000167,0.000139,9e-06,1455,309,19,7,8,1,1,0,0,0,0,0,1,1,0,false,false,false,false,false,false,false,false,false,false,false,false,false,false,false,false,false,false,false,false,false,false,false,false,false,false,false,false,false,false,false,false,false,false,false,true,false,false,true,true,false,false,false,6,1,1,4,0,0,0,false,false,false,false
Kubernetes,xgr,Kubernetes---kb_773_Normalized.json,2,1,1,1,1,2,0,completed,,,5.4e-05,0.0001875,0.000155,1.05e-05,1455,309,19,7,8,1,1,0,0,0,0,0,1,1,0,false,false,false,false,false,false,false,false,false,false,false,false,false,false,false,false,false,false,false,false,false,false,false,false,false,false,false,false,false,false,false,false,false,false,false,true,false,false,true,true,false,false,false,6,1,1,4,0,0,0,false,false,false,false
Kubernetes,xgr,Kubernetes---kb_774_Normalized.json,3,2,1,2,1,3,0,completed,,,2.49577,0.00209,0.00201167,2.56667e-05,8837,5126,172.333,55.3333,58,1,1,0,1,0,0.5,0,1,0.666667,-0.5,false,false,false,false,false,false,false,false,false,true,false,false,false,false,false,false,false,false,false,false,false,false,false,false,false,false,false,false,false,false,false,false,false,false,false,true,false,true,true,true,false,false,false,45,9,2,5,0,0,0,false,false,false,false
Kubernetes,xgr,Kubernetes---kb_775_Normalized.json,3,2,1,2,1,3,0,completed,,,8.8e-05,0.002258,0.00217967,2.36667e-05,8726,5126,164.333,54,54,1,1,0,1,0,0.5,0,1,0.666667,-0.5,false,false,false,false,false,false,false,false,false,true,false,false,false,false,false,false,false,false,false,false,false,false,false,false,false,false,false,false,false,false,false,false,false,false,false,true,false,true,true,true,false,false,false,45,9,2,5,0,0,0,false,false,false,false
Kubernetes,xgr,Kubernetes---kb_776_Normalized.json,3,2,1,2,1,3,0,completed,,,2.05007,0.003569,0.00329767,0.000112333,4559,1790,182.333,53.6667,103,2,1,0,0,0,0,0,1,1,0,false,false,false,false,false,false,false,false,false,true,false,false,false,false,false,false,false,false,true,false,false,false,false,false,false,false,false,false,false,false,false,false,false,false,false,true,false,true,false,true,false,false,false,26,6,0,4,0,0,0,false,false,false,false
Kubernetes,xgr,Kubernetes---kb_777_Normalized.json,5,2,3,2,3,5,0,completed,,,7.8e-05,0.0021372,0.0019578,6.54e-05,6972,1790,228,63.4,109,2,3,0,0,0,0,0,1,1,0,false,false,false,false,false,false,false,false,false,true,false,false,false,false,false,false,false,false,true,false,false,false,false,false,false,false,false,false,false,false,false,false,false,false,false,true,false,true,false,true,false,false,false,26,6,0,4,0,0,0,false,false,false,false
Kubernetes,xgr,Kubernetes---kb_778_Normalized.json,3,2,1,2,1,3,0,completed,,,5.10703,0.000914667,0.000792333,4.03333e-05,9246,4799,184,60,65,2,1,0,0,0,0,0,1,1,0,false,false,false,false,false,false,false,false,false,true,false,false,false,false,false,false,false,false,true,false,false,false,false,false,false,false,false,false,false,false,false,true,false,false,false,true,false,true,true,true,false,false,false,67,18,4,5,2,0,0,false,false,true,false
Kubernetes,xgr,Kubernetes---kb_779_Normalized.json,4,2,2,2,2,4,0,completed,,,0.000108,0.00093675,0.00081875,3.9e-05,9262,4799,177.75,58.5,59,2,2,0,0,0,0,0,1,1,0,false,false,false,false,false,false,false,false,false,true,false,false,false,false,false,false,false,false,true,false,false,false,false,false,false,false,false,false,false,false,false,true,false,false,false,true,false,true,true,true,false,false,false,67,18,4,5,2,0,0,false,false,true,false
Kubernetes,xgr,Kubernetes---kb_77_Normalized.json,4,1,3,1,3,4,0,completed,,,1.68847,0.00404275,0.0039575,2.875e-05,5393,1713,140.5,51.5,53,1,3,0,0,0,0,0,1,1,0,false,false,false,false,false,false,false,false,false,true,false,false,false,false,false,false,false,false,false,false,false,false,false,false,false,false,false,false,false,false,false,false,false,false,false,true,false,true,true,true,false,false,false,20,6,1,4,0,0,0,false,false,false,false
Kubernetes,xgr,Kubernetes---kb_780_Normalized.json,6,2,4,2,4,6,0,completed,,,4.92681,0.00734717,0.00709667,7.75e-05,27197,10137,597.5,190.333,235,2,4,0,0,0,0,0,1,1,0,false,false,false,false,false,false,false,false,false,true,false,false,false,false,false,false,false,false,true,false,false,false,false,false,false,false,false,false,false,false,false,true,false,false,false,true,false,true,true,true,false,false,false,108,28,7,5,2,0,0,false,true,true,false
Kubernetes,xgr,Kubernetes---kb_781_Normalized.json,4,2,2,2,2,4,0,completed,,,0.000164,0.0092155,0.00887825,9.65e-05,21102,10137,581.75,184,203,2,2,0,0,0,0,0,1,1,0,false,false,false,false,false,false,false,false,false,true,false,false,false,false,false,false,false,false,true,false,false,false,false,false,false,false,false,false,false,false,false,true,false,false,false,true,false,true,true,true,false,false,false,108,28,7,5,2,0,0,false,true,true,false
Kubernetes,xgr,Kubernetes---kb_784_Normalized.json,3,2,1,2,1,3,0,completed,,,1.47836,0.000253667,0.000205667,1.43333e-05,3892,1520,54.3333,21,21,2,1,0,0,0,0,0,1,1,0,false,false,false,false,false,false,false,false,false,false,false,false,false,false,false,false,false,false,false,false,false,false,false,false,false,false,false,false,false,false,false,false,false,false,false,true,false,false,false,true,false,false,false,12,3,0,4,0,0,0,false,false,false,false
Kubernetes,xgr,Kubernetes---kb_785_Normalized.json,4,2,2,2,2,4,0,completed,,,4.8e-05,0.00021375,0.00017625,9.25e-06,5292,1520,56.5,21,21,2,2,0,0,0,0,0,1,1,0,false,false,false,false,false,false,false,false,false,false,false,false,false,false,false,false,false,false,false,false,false,false,false,false,false,false,false,false,false,false,false,false,false,false,false,true,false,false,false,true,false,false,false,12,3,0,4,0,0,0,false,false,false,false
Kubernetes,xgr,Kubernetes---kb_786_Normalized.json,6,2,4,2,4,6,0,completed,,,1.19476,0.0015735,0.00147833,3.35e-05,5381,1156,142.667,48.6667,50,1,4,0,1,0,0.5,0,1,0.833333,-0.5,false,false,false,false,false,false,false,false,false,false,false,false,false,false,false,false,false,false,false,false,false,false,false,false,false,false,false,false,false,false,false,false,false,false,false,true,false,false,true,true,false,false,false,16,6,2,4,0,0,0,false,false,false,false
Kubernetes,xgr,Kubernetes---kb_787_Normalized.json,6,2,4,2,4,6,0,completed,,,4.9e-05,0.00147933,0.0013995,2.41667e-05,5422,1156,142.167,48.6667,50,1,4,0,1,0,0.5,0,1,0.833333,-0.5,false,false,false,false,false,false,false,false,false,false,false,false,false,false,false,false,false,false,false,false,false,false,false,false,false,false,false,false,false,false,false,false,false,false,false,true,false,false,true,true,false,false,false,16,6,2,4,0,0,0,false,false,false,false
Kubernetes,xgr,Kubernetes---kb_78_Normalized.json,6,2,4,2,4,6,0,completed,,,5.7e-05,0.00223117,0.00216733,2.03333e-05,6418,1713,134,44.1667,53,1,4,0,1,0,0.5,0,1,0.833333,-0.5,false,false,false,false,false,false,false,false,false,true,false,false,false,false,false,false,false,false,false,false,false,false,false,false,false,false,false,false,false,false,false,false,false,false,false,true,false,true,true,true,false,false,false,20,6,1,4,0,0,0,false,false,false,false
Kubernetes,xgr,Kubernetes---kb_790_Normalized.json,7,2,5,2,5,7,0,completed,,,1.43767,0.00305743,0.002903,3.97143e-05,10177,2434,262.571,101.571,111,2,5,0,0,0,0,0,1,1,0,false,false,false,false,false,false,false,false,false,true,false,false,false,false,false,false,false,false,true,false,false,false,false,false,false,false,false,false,false,false,false,false,false,false,false,true,false,true,true,true,false,false,false,30,10,2,5,0,0,0,false,false,true,false
Kubernetes,xgr,Kubernetes---kb_791_Normalized.json,6,2,4,2,4,6,0,completed,,,7.6e-05,0.00338717,0.00320983,3.91667e-05,8901,2434,255.667,106.167,111,2,4,0,0,0,0,0,1,1,0,false,false,false,false,false,false,false,false,false,true,false,false,false,false,false,false,false,false,true,false,false,false,false,false,false,false,false,false,false,false,false,false,false,false,false,true,false,true,true,true,false,false,false,30,10,2,5,0,0,0,false,false,true,false
Kubernetes,xgr,Kubernetes---kb_792_Normalized.json,6,2,4,2,4,6,0,completed,,,1.19823,0.003189,0.00301767,4.3e-05,8641,2378,227.833,89.8333,97,2,4,0,0,0,0,0,1,1,0,false,false,false,false,false,false,false,false,false,true,false,false,false,false,false,false,false,false,true,false,false,false,false,false,false,false,false,false,false,false,false,false,false,false,false,true,false,true,true,true,false,false,false,28,9,2,5,0,0,0,false,false,false,false
Kubernetes,xgr,Kubernetes---kb_793_Normalized.json,6,2,4,2,4,6,0,completed,,,6e-05,0.0027145,0.0025665,4.31667e-05,8873,2378,222.167,89.6667,97,2,4,0,0,0,0,0,1,1,0,false,false,false,false,false,false,false,false,false,true,false,false,false,false,false,false,false,false,true,false,false,false,false,false,false,false,false,false,false,false,false,false,false,false,false,true,false,true,true,true,false,false,false,28,9,2,5,0,0,0,false,false,false,false
Kubernetes,xgr,Kubernetes---kb_794_Normalized.json,4,2,2,2,2,4,0,completed,,,93.2619,0.00018075,7.45e-05,8.25e-05,186851,147551,336.75,100.25,101,0,2,0,2,0,1,0,1,0.5,-1,true,false,false,false,false,false,false,false,false,true,false,false,false,true,false,false,false,false,true,false,false,false,false,false,false,false,false,false,false,false,false,true,false,false,false,true,false,true,true,true,false,false,false,1438,437,77,6,4,2,0,false,true,true,false
Kubernetes,xgr,Kubernetes---kb_797_Normalized.json,3,2,1,2,1,3,0,completed,,,90.5488,0.00893033,0.008445,0.000277,184859,147532,326.667,100,102,2,1,0,0,0,0,0,1,1,0,true,false,false,false,false,false,false,false,false,true,false,false,false,true,false,false,false,false,true,false,false,false,false,false,false,false,false,false,false,false,false,true,false,false,false,true,false,true,true,true,false,false,false,1437,437,77,6,4,1,0,false,true,true,false
Kubernetes,xgr,Kubernetes---kb_798_Normalized.json,4,2,2,2,2,4,0,completed,,,1.70347,0.0070515,0.00689375,5.825e-05,3847,1133,143.25,49.5,61,2,2,0,0,0,0,0,1,1,0,false,false,false,false,false,false,false,false,false,true,false,false,false,false,false,false,false,false,false,false,false,false,false,false,false,false,false,false,false,false,false,false,false,false,false,true,false,true,true,true,false,false,false,18,5,2,4,0,0,0,false,false,false,false
Kubernetes,xgr,Kubernetes---kb_799_Normalized.json,5,2,3,2,3,5,0,completed,,,0.000105,0.0079274,0.0077696,5.74e-05,4616,1133,156.8,53.6,58,2,3,0,0,0,0,0,1,1,0,false,false,false,false,false,false,false,false,false,true,false,false,false,false,false,false,false,false,false,false,false,false,false,false,false,false,false,false,false,false,false,false,false,false,false,true,false,true,true,true,false,false,false,18,5,2,4,0,0,0,false,false,false,false
Kubernetes,xgr,Kubernetes---kb_79_Normalized.json,5,2,3,2,3,5,0,completed,,,1.64887,0.0057608,0.0056618,3.66e-05,5343,1657,101.4,34,36,2,3,0,0,0,0,0,1,1,0,false,false,false,false,false,false,false,false,false,true,false,false,false,false,false,false,false,false,false,false,false,false,false,false,false,false,false,false,false,false,false,false,false,false,false,true,false,true,true,true,false,false,false,18,5,1,4,0,0,0,false,false,false,false
Kubernetes,xgr,Kubernetes---kb_7_Normalized.json,3,1,2,1,2,3,0,completed,,,1.12001,0.000188667,0.00015,1.33333e-05,1792,247,18,7,8,1,2,0,0,0,0,0,1,1,0,false,false,false,false,false,false,false,false,false,false,false,false,false,false,false,false,false,false,false,false,false,false,false,false,false,false,false,false,false,false,false,false,false,false,false,true,false,false,true,true,false,false,false,6,1,1,4,0,0,0,false,false,false,false
Kubernetes,xgr,Kubernetes---kb_800_Normalized.json,5,2,3,2,3,5,0,completed,,,0.000109,0.0078488,0.0076918,5.6e-05,4649,1133,153,52.4,54,2,3,0,0,0,0,0,1,1,0,false,false,false,false,false,false,false,false,false,true,false,false,false,false,false,false,false,false,false,false,false,false,false,false,false,false,false,false,false,false,false,false,false,false,false,true,false,true,true,true,false,false,false,18,5,2,4,0,0,0,false,false,false,false
Kubernetes,xgr,Kubernetes---kb_801_Normalized.json,4,2,2,2,2,4,0,completed,,,0.000102,0.00843025,0.00824625,7.55e-05,3944,1133,159,53,54,2,2,0,0,0,0,0,1,1,0,false,false,false,false,false,false,false,false,false,true,false,false,false,false,false,false,false,false,false,false,false,false,false,false,false,false,false,false,false,false,false,false,false,false,false,true,false,true,true,true,false,false,false,18,5,2,4,0,0,0,false,false,false,false
Kubernetes,xgr,Kubernetes---kb_806_Normalized.json,4,2,2,2,2,4,0,completed,,,82.8549,0.00616775,0.005985,8e-05,179885,143114,229.25,72.25,82,2,2,0,0,0,0,0,1,1,0,true,false,false,false,false,false,false,false,false,true,false,false,false,false,false,false,false,false,true,false,false,false,false,false,false,false,false,false,false,false,false,true,false,false,false,true,false,true,true,true,false,false,false,1380,421,74,6,4,0,0,false,true,true,false
Kubernetes,xgr,Kubernetes---kb_807_Normalized.json,4,2,2,2,2,4,0,completed,,,0.001394,0.00638175,0.006197,8.1e-05,179763,143114,217.25,68.75,69,2,2,0,0,0,0,0,1,1,0,true,false,false,false,false,false,false,false,false,true,false,false,false,false,false,false,false,false,true,false,false,false,false,false,false,false,false,false,false,false,false,true,false,false,false,true,false,true,true,true,false,false,false,1380,421,74,6,4,0,0,false,true,true,false
Kubernetes,xgr,Kubernetes---kb_808_Normalized.json,2,2,0,2,0,2,0,completed,,,68.8014,5.95e-05,4.2e-05,6e-06,177653,143134,316,97.5,103,0,0,0,2,0,1,0,1,0,-1,true,false,false,false,false,false,false,false,false,true,false,false,false,false,false,false,false,false,true,false,false,false,false,false,false,false,false,false,false,false,false,true,false,false,false,true,false,true,true,true,false,false,false,1379,421,73,6,4,0,0,false,true,true,false
Kubernetes,xgr,Kubernetes---kb_809_Normalized.json,5,2,3,2,3,5,0,completed,,,0.00074,0.0026926,0.0026046,3.02e-05,180885,143114,210,64.8,69,2,3,0,0,0,0,0,1,1,0,true,false,false,false,false,false,false,false,false,true,false,false,false,false,false,false,false,false,true,false,false,false,false,false,false,false,false,false,false,false,false,true,false,false,false,true,false,true,true,true,false,false,false,1380,421,74,6,4,0,0,false,true,true,false
Kubernetes,xgr,Kubernetes---kb_80_Normalized.json,8,2,6,2,6,8,0,completed,,,4.9e-05,0.002404,0.00234825,1.5625e-05,8099,1657,121.25,46.25,48,2,6,0,0,0,0,0,1,1,0,false,false,false,false,false,false,false,false,false,true,false,false,false,false,false,false,false,false,false,false,false,false,false,false,false,false,false,false,false,false,false,false,false,false,false,true,false,true,true,true,false,false,false,18,5,1,4,0,0,0,false,false,false,false
Kubernetes,xgr,Kubernetes---kb_810_Normalized.json,8,2,6,2,6,8,0,completed,,,2.3958,0.018641,0.018323,0.000104375,15141,2570,516.75,164.75,206,2,6,0,0,0,0,0,1,1,0,false,false,false,false,false,false,false,false,false,true,false,false,false,false,false,false,false,false,true,false,false,false,false,false,false,false,false,false,false,false,false,false,false,false,false,true,false,true,true,true,false,false,false,43,11,3,4,0,0,0,false,false,true,false
Kubernetes,xgr,Kubernetes---kb_813_Normalized.json,7,2,5,2,5,7,0,completed,,,0.000109,0.0142869,0.0140304,8.1e-05,12842,2570,422.857,133.143,157,2,5,0,0,0,0,0,1,1,0,false,false,false,false,false,false,false,false,false,true,false,false,false,false,false,false,false,false,true,false,false,false,false,false,false,false,false,false,false,false,false,false,false,false,false,true,false,true,true,true,false,false,false,43,11,3,4,0,0,0,false,false,true,false
Kubernetes,xgr,Kubernetes---kb_814_Normalized.json,1,1,0,1,0,1,0,completed,,,75.6858,0.005132,0.004596,0.000356,182832,147844,301,90,90,1,0,0,0,0,0,0,1,1,0,true,false,false,false,false,false,false,false,false,true,false,false,false,true,false,false,false,false,true,false,false,false,false,false,false,false,false,false,false,false,false,true,false,false,false,true,false,true,true,true,false,false,false,1439,437,76,6,4,2,0,false,true,true,false
Kubernetes,xgr,Kubernetes---kb_815_Normalized.json,2,2,0,2,0,2,0,completed,,,75.0949,0.0065755,0.0061015,0.000269,183685,147830,318,94,104,2,0,0,0,0,0,0,1,1,0,true,false,false,false,false,false,false,false,false,true,false,false,false,true,false,false,false,false,true,false,false,false,false,false,false,false,false,false,false,false,false,true,false,false,false,true,false,true,true,true,false,false,false,1438,437,76,6,4,1,0,false,true,true,false
Kubernetes,xgr,Kubernetes---kb_816_Normalized.json,4,2,2,2,2,4,0,completed,,,1.22235,0.0087915,0.00861375,6.825e-05,4035,1166,162.5,49.5,52,2,2,0,0,0,0,0,1,1,0,false,false,false,false,false,false,false,false,false,true,false,false,false,false,false,false,false,false,false,false,false,false,false,false,false,false,false,false,false,false,false,false,false,false,false,true,false,true,true,true,false,false,false,18,5,2,4,0,0,0,false,false,false,false
Kubernetes,xgr,Kubernetes---kb_817_Normalized.json,3,1,2,1,2,3,0,completed,,,9.9e-05,0.00712567,0.00697967,4.9e-05,3693,1166,165.333,49.6667,51,1,2,0,0,0,0,0,1,1,0,false,false,false,false,false,false,false,false,false,true,false,false,false,false,false,false,false,false,false,false,false,false,false,false,false,false,false,false,false,false,false,false,false,false,false,true,false,true,true,true,false,false,false,18,5,2,4,0,0,0,false,false,false,false
Kubernetes,xgr,Kubernetes---kb_818_Normalized.json,1,1,0,1,0,1,0,completed,,,65.4432,0.00894,0.008517,0.000165,187937,151885,436,126,126,1,0,0,0,0,0,0,1,1,0,true,false,false,false,false,false,false,false,false,true,false,false,false,true,false,false,false,false,true,false,false,false,false,false,false,false,false,false,false,false,false,true,false,false,false,true,false,true,true,true,false,false,false,1470,445,77,6,4,3,0,false,true,true,false
Kubernetes,xgr,Kubernetes---kb_81_Normalized.json,2,1,1,1,1,2,0,completed,,,1.15605,0.0001795,0.00014,1.45e-05,1789,399,25,8,8,1,1,0,0,0,0,0,1,1,0,false,false,false,false,false,false,false,false,false,false,false,false,false,false,false,false,false,false,false,false,false,false,false,false,false,false,false,false,false,false,false,false,false,false,false,true,false,false,false,true,false,false,false,6,1,0,4,0,0,0,false,false,false,false
Kubernetes,xgr,Kubernetes---kb_820_Normalized.json,2,2,0,2,0,2,0,completed,,,89.7337,0.0002675,7.1e-05,0.0001765,177142,143197,171.5,53,59,0,0,0,2,0,1,0,1,0,-1,true,false,false,false,false,false,false,false,false,true,false,false,false,false,false,false,false,false,true,false,false,false,false,false,false,false,false,false,false,false,false,true,false,false,false,true,false,true,true,true,false,false,false,1381,421,73,6,4,0,0,false,true,true,false
Kubernetes,xgr,Kubernetes---kb_821_Normalized.json,2,2,0,2,0,2,0,completed,,,0.00154,8.35e-05,5.8e-05,1e-05,177142,143197,171.5,53,59,0,0,0,2,0,1,0,1,0,-1,true,false,false,false,false,false,false,false,false,true,false,false,false,false,false,false,false,false,true,false,false,false,false,false,false,false,false,false,false,false,false,true,false,false,false,true,false,true,true,true,false,false,false,1381,421,73,6,4,0,0,false,true,true,false
Kubernetes,xgr,Kubernetes---kb_822_Normalized.json,5,2,3,2,3,5,0,completed,,,3.58668,0.0204242,0.0200824,0.0001286,10111,2704,419.2,134.6,204,1,3,0,1,0,0.5,0,1,0.8,-0.5,false,false,false,false,false,false,false,false,false,true,false,false,false,false,false,false,false,false,true,false,false,false,false,false,false,false,false,false,false,false,false,false,false,false,false,true,false,true,true,true,false,false,false,43,11,3,4,0,0,0,false,false,true,false
Kubernetes,xgr,Kubernetes---kb_823_Normalized.json,6,2,4,2,4,6,0,completed,,,0.000111,0.0142492,0.0140015,9.15e-05,12283,2704,467.167,147,154,1,4,0,1,0,0.5,0,1,0.833333,-0.5,false,false,false,false,false,false,false,false,false,true,false,false,false,false,false,false,false,false,true,false,false,false,false,false,false,false,false,false,false,false,false,false,false,false,false,true,false,true,true,true,false,false,false,43,11,3,4,0,0,0,false,false,true,false
Kubernetes,xgr,Kubernetes---kb_824_Normalized.json,2,1,1,1,1,2,0,completed,,,2.52289,0.0010455,0.000936,4e-05,3217,1372,150.5,47,47,1,1,0,0,0,0,0,1,1,0,false,false,false,false,false,false,false,false,false,false,false,false,false,false,false,false,false,false,false,false,false,false,false,false,false,false,false,false,false,false,false,false,false,false,false,true,false,false,false,true,false,false,false,17,7,0,4,0,0,0,false,false,false,false
Kubernetes,xgr,Kubernetes---kb_825_Normalized.json,2,1,1,1,1,2,0,completed,,,0.000108,0.0009655,0.0008555,4.1e-05,3201,1372,142.5,45,45,1,1,0,0,0,0,0,1,1,0,false,false,false,false,false,false,false,false,false,false,false,false,false,false,false,false,false,false,false,false,false,false,false,false,false,false,false,false,false,false,false,false,false,false,false,true,false,false,false,true,false,false,false,17,7,0,4,0,0,0,false,false,false,false
Kubernetes,xgr,Kubernetes---kb_826_Normalized.json,2,1,1,1,1,2,0,completed,,,0.000116,0.000968,0.000864,3.8e-05,3201,1372,142.5,45,45,1,1,0,0,0,0,0,1,1,0,false,false,false,false,false,false,false,false,false,false,false,false,false,false,false,false,false,false,false,false,false,false,false,false,false,false,false,false,false,false,false,false,false,false,false,true,false,false,false,true,false,false,false,17,7,0,4,0,0,0,false,false,false,false
Kubernetes,xgr,Kubernetes---kb_827_Normalized.json,5,2,3,2,3,5,0,completed,,,1.45156,0.0043392,0.004255,3.44e-05,3613,758,66.6,20.4,22,2,3,0,0,0,0,0,1,1,0,false,false,false,false,false,false,false,false,false,true,false,false,false,false,false,false,false,false,false,false,false,false,false,false,false,false,false,false,false,false,false,true,false,false,false,true,false,true,true,true,false,false,false,14,3,1,4,2,0,0,false,false,false,false
Kubernetes,xgr,Kubernetes---kb_828_Normalized.json,3,1,2,1,2,3,0,completed,,,6.9e-05,0.0043345,0.002834,2.36667e-05,2950,758,69.6667,22,24,1,2,0,0,0,0,0,1,1,0,false,false,false,false,false,false,false,false,false,true,false,false,false,false,false,false,false,false,false,false,false,false,false,false,false,false,false,false,false,false,false,true,false,false,false,true,false,true,true,true,false,false,false,14,3,1,4,2,0,0,false,false,false,false
Kubernetes,xgr,Kubernetes---kb_829_Normalized.json,3,1,2,1,2,3,0,completed,,,1.25953,0.000388333,0.000318667,2.33333e-05,3696,1444,79.3333,24.3333,26,1,2,0,0,0,0,0,1,1,0,false,false,false,false,false,false,false,false,false,true,false,false,false,false,false,false,false,false,false,false,false,false,false,false,false,false,false,false,false,false,false,true,false,false,false,true,false,true,true,true,false,false,false,15,3,1,4,2,0,0,false,false,false,false
Kubernetes,xgr,Kubernetes---kb_82_Normalized.json,2,1,1,1,1,2,0,completed,,,3.7e-05,0.000111,8.7e-05,8.5e-06,1789,399,25,8,8,1,1,0,0,0,0,0,1,1,0,false,false,false,false,false,false,false,false,false,false,false,false,false,false,false,false,false,false,false,false,false,false,false,false,false,false,false,false,false,false,false,false,false,false,false,true,false,false,false,true,false,false,false,6,1,0,4,0,0,0,false,false,false,false
Kubernetes,xgr,Kubernetes---kb_830_Normalized.json,2,1,1,1,1,2,0,completed,,,1.05331,0.001422,0.0013445,2.8e-05,4020,2178,70.5,22.5,24,1,1,0,0,0,0,0,1,1,0,false,false,false,false,false,false,false,false,false,true,false,false,false,false,false,false,false,false,false,false,false,false,false,false,false,false,false,false,false,false,false,true,false,false,false,true,false,true,true,true,false,false,false,25,6,3,4,2,0,0,false,false,false,false
Kubernetes,xgr,Kubernetes---kb_831_Normalized.json,2,1,1,1,1,2,0,completed,,,5.6e-05,0.001501,0.001416,3.05e-05,4056,2178,83.5,26.5,29,1,1,0,0,0,0,0,1,1,0,false,false,false,false,false,false,false,false,false,true,false,false,false,false,false,false,false,false,false,false,false,false,false,false,false,false,false,false,false,false,false,true,false,false,false,true,false,true,true,true,false,false,false,25,6,3,4,2,0,0,false,false,false,false
Kubernetes,xgr,Kubernetes---kb_832_Normalized.json,3,1,2,1,2,3,0,completed,,,1.17382,0.000825333,0.000794333,9.66667e-06,3803,1538,78.3333,24,26,1,2,0,0,0,0,0,1,1,0,false,false,false,false,false,false,false,false,false,true,false,false,false,false,false,false,false,false,false,false,false,false,false,false,false,false,false,false,false,false,false,true,false,false,false,true,false,true,true,true,false,false,false,15,3,2,4,2,0,0,false,false,false,false
Kubernetes,xgr,Kubernetes---kb_833_Normalized.json,4,2,2,2,2,4,0,completed,,,1.35085,0.00036825,0.00030925,1.85e-05,4640,1854,94,31,32,2,2,0,0,0,0,0,1,1,0,false,false,false,false,false,false,false,false,false,true,false,false,false,false,false,false,false,false,false,false,false,false,false,false,false,false,false,false,false,false,false,true,false,false,false,true,false,true,true,true,false,false,false,22,5,2,4,2,0,0,false,false,false,false
Kubernetes,xgr,Kubernetes---kb_834_Normalized.json,4,2,2,2,2,4,0,completed,,,7.6e-05,0.000349,0.00029375,1.7e-05,4938,1854,96.5,32.25,34,2,2,0,0,0,0,0,1,1,0,false,false,false,false,false,false,false,false,false,true,false,false,false,false,false,false,false,false,false,false,false,false,false,false,false,false,false,false,false,false,false,true,false,false,false,true,false,true,true,true,false,false,false,22,5,2,4,2,0,0,false,false,false,false
Kubernetes,xgr,Kubernetes---kb_835_Normalized.json,4,2,2,2,2,4,0,completed,,,1.14639,0.00079875,0.00070075,3.625e-05,6068,2294,167.5,48.5,51,1,2,0,1,0,0.5,0,1,0.75,-0.5,false,false,false,false,false,false,false,false,false,false,false,false,false,false,false,false,false,false,true,false,false,false,false,false,false,false,false,false,false,false,false,false,false,false,false,true,false,false,true,true,false,false,false,26,5,3,5,0,0,0,false,false,false,false
Kubernetes,xgr,Kubernetes---kb_836_Normalized.json,5,2,3,2,3,5,0,completed,,,6.7e-05,0.0007948,0.000699,3.58e-05,7172,2294,172,50.8,58,2,3,0,0,0,0,0,1,1,0,false,false,false,false,false,false,false,false,false,false,false,false,false,false,false,false,false,false,true,false,false,false,false,false,false,false,false,false,false,false,false,false,false,false,false,true,false,false,true,true,false,false,false,26,5,3,5,0,0,0,false,false,false,false
Kubernetes,xgr,Kubernetes---kb_837_Normalized.json,2,1,1,1,1,2,0,completed,,,7.521,0.002309,0.0020465,6.1e-05,25472,18489,551.5,175,211,1,1,0,0,0,0,0,1,1,0,true,false,false,false,false,false,false,false,false,true,false,false,false,true,false,false,false,false,true,false,false,false,false,false,false,false,false,false,false,false,false,true,false,false,false,true,false,true,true,true,false,false,false,152,42,6,5,2,2,0,false,true,true,false
Kubernetes,xgr,Kubernetes---kb_838_Normalized.json,4,2,2,2,2,4,0,completed,,,7.7297,0.00307075,0.0027485,9.475e-05,27169,18475,452,144.75,158,2,2,0,0,0,0,0,1,1,0,true,false,false,false,false,false,false,false,false,true,false,false,false,true,false,false,false,false,true,false,false,false,false,false,false,false,false,false,false,false,false,true,false,false,false,true,false,true,true,true,false,false,false,151,42,6,5,2,1,0,false,true,true,false
Kubernetes,xgr,Kubernetes---kb_83_Normalized.json,6,2,4,2,4,6,0,completed,,,8.01047,0.000139167,8.56667e-05,1.8e-05,29689,19211,293.833,88.5,122,0,4,0,2,0,1,0,1,0.666667,-1,true,false,false,false,false,false,false,false,false,true,false,false,false,true,false,false,false,false,true,false,false,false,false,false,false,false,false,false,false,false,false,false,false,false,false,true,false,true,true,true,false,false,false,164,44,7,5,0,2,0,false,true,true,false
Kubernetes,xgr,Kubernetes---kb_841_Normalized.json,3,1,2,1,2,3,0,completed,,,1.93807,0.001447,0.001273,5.03333e-05,6701,2650,261,76.6667,81,1,2,0,0,0,0,0,1,1,0,true,false,false,false,false,false,false,false,false,true,false,false,false,false,false,false,false,false,true,false,false,false,false,false,false,false,false,false,false,false,false,true,false,false,false,true,false,true,true,true,false,false,false,36,7,2,5,2,0,0,false,false,false,false
Kubernetes,xgr,Kubernetes---kb_842_Normalized.json,4,2,2,2,2,4,0,completed,,,6e-05,0.00138575,0.00123725,4.1e-05,7627,2650,287,86.25,92,2,2,0,0,0,0,0,1,1,0,true,false,false,false,false,false,false,false,false,true,false,false,false,false,false,false,false,false,true,false,false,false,false,false,false,false,false,false,false,false,false,true,false,false,false,true,false,true,true,true,false,false,false,36,7,2,5,2,0,0,false,false,false,false
Kubernetes,xgr,Kubernetes---kb_843_Normalized.json,4,2,2,2,2,4,0,completed,,,0.944809,0.0008865,0.00079325,2.9e-05,3545,898,80.75,32.25,33,2,2,0,0,0,0,0,1,1,0,true,false,false,false,false,false,false,false,false,true,false,false,false,false,false,false,false,false,false,false,false,false,false,false,false,false,false,false,false,false,false,true,false,false,false,true,false,true,false,true,false,false,false,15,2,0,4,2,0,0,false,false,false,false
Kubernetes,xgr,Kubernetes---kb_844_Normalized.json,5,1,4,1,4,5,0,completed,,,4.7e-05,0.0006098,0.0005466,2.16e-05,4915,898,85.8,33.2,39,1,4,0,0,0,0,0,1,1,0,true,false,false,false,false,false,false,false,false,true,false,false,false,false,false,false,false,false,false,false,false,false,false,false,false,false,false,false,false,false,false,true,false,false,false,true,false,true,false,true,false,false,false,15,2,0,4,2,0,0,false,false,false,false
Kubernetes,xgr,Kubernetes---kb_845_Normalized.json,5,2,3,2,3,5,0,completed,,,1.12864,0.0007538,0.0006738,2.8e-05,4705,1158,79.8,29.2,32,2,3,0,0,0,0,0,1,1,0,true,false,false,false,false,false,false,false,false,true,false,false,false,false,false,false,false,false,false,false,false,false,false,false,false,false,false,false,false,false,false,true,false,false,false,true,false,true,false,true,false,false,false,15,2,0,4,2,0,0,false,false,false,false
Kubernetes,xgr,Kubernetes---kb_846_Normalized.json,6,2,4,2,4,6,0,completed,,,6.1e-05,0.0006555,0.000586,2.31667e-05,5559,1158,92.5,33.8333,48,2,4,0,0,0,0,0,1,1,0,true,false,false,false,false,false,false,false,false,true,false,false,false,false,false,false,false,false,false,false,false,false,false,false,false,false,false,false,false,false,false,true,false,false,false,true,false,true,false,true,false,false,false,15,2,0,4,2,0,0,false,false,false,false
Kubernetes,xgr,Kubernetes---kb_847_Normalized.json,6,2,4,2,4,6,0,completed,,,1.12598,0.00688833,0.00609433,0.000602833,6574,1271,189,55.3333,61,2,4,0,0,0,0,0,1,1,0,false,false,false,false,false,false,false,false,false,false,false,false,false,false,false,false,false,false,true,false,false,false,false,false,false,false,false,false,false,false,false,false,false,false,false,true,false,false,true,true,false,false,false,20,4,1,5,0,0,0,false,false,false,false
Kubernetes,xgr,Kubernetes---kb_848_Normalized.json,6,2,4,2,4,6,0,completed,,,8.9e-05,0.00548333,0.00536617,4.4e-05,7239,1271,264.667,84.6667,243,1,4,0,1,0,0.5,0,1,0.833333,-0.5,false,false,false,false,false,false,false,false,false,false,false,false,false,false,false,false,false,false,true,false,false,false,false,false,false,false,false,false,false,false,false,false,false,false,false,true,false,false,true,true,false,false,false,20,4,1,5,0,0,0,false,false,false,false
Kubernetes,xgr,Kubernetes---kb_849_Normalized.json,7,2,5,2,5,7,0,completed,,,5.2e-05,0.00393943,0.00384686,2.64286e-05,7284,1271,178.857,54.4286,59,2,5,0,0,0,0,0,1,1,0,false,false,false,false,false,false,false,false,false,false,false,false,false,false,false,false,false,false,true,false,false,false,false,false,false,false,false,false,false,false,false,false,false,false,false,true,false,false,true,true,false,false,false,20,4,1,5,0,0,0,false,false,false,false
Kubernetes,xgr,Kubernetes---kb_84_Normalized.json,6,2,4,2,4,6,0,completed,,,8.68229,0.000309,0.000237167,2.4e-05,32298,19360,479.333,139.333,144,0,4,0,2,0,1,0,1,0.666667,-1,true,false,false,false,false,false,false,false,false,true,false,false,false,true,false,false,false,false,true,false,false,false,false,false,false,false,false,false,false,false,false,false,false,false,false,true,false,true,true,true,false,false,false,164,44,7,5,0,2,0,false,true,true,false
Kubernetes,xgr,Kubernetes---kb_850_Normalized.json,8,2,6,2,6,8,0,completed,,,9.78982,0.00012475,7.75e-05,1.475e-05,30639,16215,302.25,91.75,128,0,6,0,2,0,1,0,1,0.75,-1,true,false,false,false,false,false,false,false,false,true,false,false,false,true,false,false,false,false,true,false,false,false,false,false,false,false,false,false,false,false,false,false,false,false,false,true,false,true,true,true,false,false,false,130,37,5,5,0,2,0,false,true,true,false
Kubernetes,xgr,Kubernetes---kb_851_Normalized.json,5,2,3,2,3,5,0,completed,,,10.0218,0.0001298,8.06e-05,1.74e-05,26273,16345,325,97.8,115,0,3,0,2,0,1,0,1,0.6,-1,true,false,false,false,false,false,false,false,false,true,false,false,false,true,false,false,false,false,true,false,false,false,false,false,false,false,false,false,false,false,false,false,false,false,false,true,false,true,true,true,false,false,false,130,37,5,5,0,2,0,false,true,true,false
Kubernetes,xgr,Kubernetes---kb_852_Normalized.json,7,2,5,2,5,7,0,completed,,,10.1504,0.000138571,8.5e-05,1.88571e-05,28950,16447,340.714,106.143,134,0,5,0,2,0,1,0,1,0.714286,-1,true,false,false,false,false,false,false,false,false,true,false,false,false,true,false,false,false,false,true,false,false,false,false,false,false,false,false,false,false,false,false,false,false,false,false,true,false,true,true,true,false,false,false,130,37,5,5,0,2,0,false,true,true,false
Kubernetes,xgr,Kubernetes---kb_853_Normalized.json,7,2,5,2,5,7,0,completed,,,9.63576,0.0124527,0.0120951,0.000136286,29734,16402,331.714,102.286,110,2,5,0,0,0,0,0,1,1,0,true,false,false,false,false,false,false,false,false,true,false,false,false,true,false,false,false,false,true,false,false,false,false,false,false,false,false,false,false,false,false,false,false,false,false,true,false,true,true,true,false,false,false,129,37,5,5,0,1,0,false,true,true,false
Kubernetes,xgr,Kubernetes---kb_854_Normalized.json,6,2,4,2,4,6,0,completed,,,9.32244,0.000138667,8.56667e-05,1.86667e-05,28761,16768,482.167,141.833,163,0,4,0,2,0,1,0,1,0.666667,-1,true,false,false,false,false,false,false,false,false,true,false,false,false,true,false,false,false,false,true,false,false,false,false,false,false,false,false,false,false,false,false,false,false,false,false,true,false,true,true,true,false,false,false,131,40,10,5,0,2,0,false,true,true,false
Kubernetes,xgr,Kubernetes---kb_855_Normalized.json,6,2,4,2,4,6,0,completed,,,9.73333,0.000139,8.63333e-05,1.83333e-05,29541,16944,468,141,156,0,4,0,2,0,1,0,1,0.666667,-1,true,false,false,false,false,false,false,false,false,true,false,false,false,true,false,false,false,false,true,false,false,false,false,false,false,false,false,false,false,false,false,false,false,false,false,true,false,true,true,true,false,false,false,131,40,10,5,0,2,0,false,true,true,false
Kubernetes,xgr,Kubernetes---kb_856_Normalized.json,7,2,5,2,5,7,0,completed,,,9.64035,0.000140714,8.77143e-05,1.94286e-05,29539,16911,493.286,143.857,148,0,5,0,2,0,1,0,1,0.714286,-1,true,false,false,false,false,false,false,false,false,true,false,false,false,true,false,false,false,false,true,false,false,false,false,false,false,false,false,false,false,false,false,false,false,false,false,true,false,true,true,true,false,false,false,131,40,10,5,0,2,0,false,true,true,false
Kubernetes,xgr,Kubernetes---kb_857_Normalized.json,7,2,5,2,5,7,0,completed,,,9.4769,0.00671371,0.00654314,6.1e-05,29879,16866,470.714,137.857,168,1,5,0,1,0,0.5,0,1,0.857143,-0.5,true,false,false,false,false,false,false,false,false,true,false,false,false,true,false,false,false,false,true,false,false,false,false,false,false,false,false,false,false,false,false,false,false,false,false,true,false,true,true,true,false,false,false,130,40,10,5,0,1,0,false,true,true,false
Kubernetes,xgr,Kubernetes---kb_858_Normalized.json,7,1,6,1,6,7,0,completed,,,9.59232,9.24286e-05,5.65714e-05,1.01429e-05,36403,20568,457.429,138.857,151,0,6,0,1,0,1,0,1,0.857143,-1,true,false,false,false,false,false,false,false,false,true,false,false,false,true,false,false,false,false,true,false,false,false,false,false,false,false,false,false,false,false,false,false,false,false,false,true,false,true,true,true,false,false,false,162,48,11,6,0,3,0,false,true,true,false
Kubernetes,xgr,Kubernetes---kb_859_Normalized.json,5,2,3,2,3,5,0,completed,,,8.10239,0.0001148,7.02e-05,1.34e-05,31165,20879,462.4,140.4,163,0,3,0,2,0,1,0,1,0.6,-1,true,false,false,false,false,false,false,false,false,true,false,false,false,true,false,false,false,false,true,false,false,false,false,false,false,false,false,false,false,false,false,false,false,false,false,true,false,true,true,true,false,false,false,162,48,11,6,0,3,0,false,true,true,false
Kubernetes,xgr,Kubernetes---kb_85_Normalized.json,7,2,5,2,5,7,0,completed,,,7.70061,0.000195429,0.000143286,1.68571e-05,33975,19460,381,112,144,0,5,0,2,0,1,0,1,0.714286,-1,true,false,false,false,false,false,false,false,false,true,false,false,false,true,false,false,false,false,true,false,false,false,false,false,false,false,false,false,false,false,false,false,false,false,false,true,false,true,true,true,false,false,false,164,44,7,5,0,2,0,false,true,true,false
Kubernetes,xgr,Kubernetes---kb_860_Normalized.json,5,1,4,1,4,5,0,completed,,,10.0055,0.0001134,6.9e-05,1.48e-05,32938,20843,495.6,151.2,154,0,4,0,1,0,1,0,1,0.8,-1,true,false,false,false,false,false,false,false,false,true,false,false,false,true,false,false,false,false,true,false,false,false,false,false,false,false,false,false,false,false,false,false,false,false,false,true,false,true,true,true,false,false,false,162,48,11,6,0,3,0,false,true,true,false
Kubernetes,xgr,Kubernetes---kb_861_Normalized.json,7,1,6,1,6,7,0,completed,,,7.62076,,0,0,36970,20798,483,145.5,154,1,6,0,0,0,0,0,1,1,0,true,false,false,false,false,false,false,false,false,true,false,false,false,true,false,false,false,false,true,false,false,false,false,false,false,false,false,false,false,false,false,false,false,false,false,true,false,true,true,true,false,false,false,161,48,11,6,0,2,0,false,true,true,false
Kubernetes,xgr,Kubernetes---kb_862_Normalized.json,6,2,4,2,4,6,0,completed,,,12.6711,0.000144833,8.86667e-05,1.98333e-05,31535,19966,374.667,117.667,125,0,4,0,2,0,1,0,1,0.666667,-1,true,false,false,false,false,false,false,false,false,true,false,false,false,true,false,false,false,false,true,false,false,false,false,false,false,false,false,false,false,false,false,false,false,false,false,true,false,true,true,true,false,false,false,161,45,6,6,0,3,0,false,true,true,false
Kubernetes,xgr,Kubernetes---kb_863_Normalized.json,5,1,4,1,4,5,0,completed,,,11.5833,0.000123,7.44e-05,1.62e-05,31845,20225,375.4,119.4,139,0,4,0,1,0,1,0,1,0.8,-1,true,false,false,false,false,false,false,false,false,true,false,false,false,true,false,false,false,false,true,false,false,false,false,false,false,false,false,false,false,false,false,false,false,false,false,true,false,true,true,true,false,false,false,161,45,6,6,0,3,0,false,true,true,false
Kubernetes,xgr,Kubernetes---kb_864_Normalized.json,5,2,3,2,3,5,0,completed,,,7.7464,0.0001114,6.66e-05,1.34e-05,30816,20323,419,129.6,142,0,3,0,2,0,1,0,1,0.6,-1,true,false,false,false,false,false,false,false,false,true,false,false,false,true,false,false,false,false,true,false,false,false,false,false,false,false,false,false,false,false,false,false,false,false,false,true,false,true,true,true,false,false,false,161,45,6,6,0,3,0,false,true,true,false
Kubernetes,xgr,Kubernetes---kb_865_Normalized.json,5,1,4,1,4,5,0,completed,,,8.25944,0.0100744,0.0096694,0.0001472,32339,20278,489.4,145.8,155,1,4,0,0,0,0,0,1,1,0,true,false,false,false,false,false,false,false,false,true,false,false,false,true,false,false,false,false,true,false,false,false,false,false,false,false,false,false,false,false,false,false,false,false,false,true,false,true,true,true,false,false,false,160,45,6,6,0,2,0,false,true,true,false
Kubernetes,xgr,Kubernetes---kb_866_Normalized.json,4,1,3,1,3,4,0,completed,,,0.873022,0.000504,0.0004385,2.375e-05,3001,452,68.25,22.75,26,1,3,0,0,0,0,0,1,1,0,false,false,false,false,false,false,false,false,false,false,false,false,false,false,false,false,false,false,false,false,false,false,false,false,false,false,false,false,false,false,false,false,false,false,false,true,false,false,true,true,false,false,false,10,3,3,4,0,0,0,false,false,false,false
Kubernetes,xgr,Kubernetes---kb_867_Normalized.json,5,1,4,1,4,5,0,completed,,,4.7e-05,0.0004434,0.0003842,1.88e-05,4285,452,65.6,22.2,26,1,4,0,0,0,0,0,1,1,0,false,false,false,false,false,false,false,false,false,false,false,false,false,false,false,false,false,false,false,false,false,false,false,false,false,false,false,false,false,false,false,false,false,false,false,true,false,false,true,true,false,false,false,10,3,3,4,0,0,0,false,false,false,false
Kubernetes,xgr,Kubernetes---kb_868_Normalized.json,5,1,4,1,4,5,0,completed,,,5.3e-05,0.0005162,0.0004502,2.46e-05,3530,452,68.8,23.2,26,1,4,0,0,0,0,0,1,1,0,false,false,false,false,false,false,false,false,false,false,false,false,false,false,false,false,false,false,false,false,false,false,false,false,false,false,false,false,false,false,false,false,false,false,false,true,false,false,true,true,false,false,false,10,3,3,4,0,0,0,false,false,false,false
Kubernetes,xgr,Kubernetes---kb_869_Normalized.json,4,1,3,1,3,4,0,completed,,,4.8e-05,0.00040875,0.0003535,1.475e-05,2923,452,71.5,24.25,26,1,3,0,0,0,0,0,1,1,0,false,false,false,false,false,false,false,false,false,false,false,false,false,false,false,false,false,false,false,false,false,false,false,false,false,false,false,false,false,false,false,false,false,false,false,true,false,false,true,true,false,false,false,10,3,3,4,0,0,0,false,false,false,false
Kubernetes,xgr,Kubernetes---kb_86_Normalized.json,6,2,4,2,4,6,0,completed,,,7.53875,0.00833333,0.00810933,6.75e-05,31159,19415,306.833,91.6667,107,2,4,0,0,0,0,0,1,1,0,true,false,false,false,false,false,false,false,false,true,false,false,false,true,false,false,false,false,true,false,false,false,false,false,false,false,false,false,false,false,false,false,false,false,false,true,false,true,true,true,false,false,false,163,44,7,5,0,1,0,false,true,true,false
Kubernetes,xgr,Kubernetes---kb_870_Normalized.json,6,2,4,2,4,6,0,completed,,,0.992342,0.000110167,8.8e-05,8.83333e-06,3234,205,17.3333,6.16667,8,2,4,0,0,0,0,0,1,1,0,false,false,false,false,false,false,false,false,false,false,false,false,false,false,false,false,false,false,false,false,false,false,false,false,false,false,false,false,false,false,false,false,false,false,false,true,false,false,false,true,false,false,false,6,1,0,4,0,0,0,false,false,false,false
Kubernetes,xgr,Kubernetes---kb_871_Normalized.json,5,2,3,2,3,5,0,completed,,,3.2e-05,0.0001144,9.18e-05,7.6e-06,2680,205,17.4,6.2,8,2,3,0,0,0,0,0,1,1,0,false,false,false,false,false,false,false,false,false,false,false,false,false,false,false,false,false,false,false,false,false,false,false,false,false,false,false,false,false,false,false,false,false,false,false,true,false,false,false,true,false,false,false,6,1,0,4,0,0,0,false,false,false,false
Kubernetes,xgr,Kubernetes---kb_872_Normalized.json,7,2,5,2,5,7,0,completed,,,3.7e-05,0.000127143,0.000100571,1.07143e-05,3786,205,17.7143,6.42857,8,2,5,0,0,0,0,0,1,1,0,false,false,false,false,false,false,false,false,false,false,false,false,false,false,false,false,false,false,false,false,false,false,false,false,false,false,false,false,false,false,false,false,false,false,false,true,false,false,false,true,false,false,false,6,1,0,4,0,0,0,false,false,false,false
Kubernetes,xgr,Kubernetes---kb_873_Normalized.json,2,1,1,1,1,2,0,completed,,,0.816646,0.000199,0.0001675,1.3e-05,2462,1279,22,8,9,1,1,0,0,0,0,0,1,1,0,false,false,false,false,false,false,false,false,false,true,false,false,false,false,false,false,false,false,false,false,false,false,false,false,false,false,false,false,false,false,false,true,false,false,false,true,false,true,false,true,false,false,false,9,1,0,4,2,0,0,false,false,false,false
Kubernetes,xgr,Kubernetes---kb_874_Normalized.json,1,1,0,1,0,1,0,completed,,,4.3e-05,0.000181,0.000156,8e-06,1955,1279,21,7,7,1,0,0,0,0,0,0,1,1,0,false,false,false,false,false,false,false,false,false,true,false,false,false,false,false,false,false,false,false,false,false,false,false,false,false,false,false,false,false,false,false,true,false,false,false,true,false,true,false,true,false,false,false,9,1,0,4,2,0,0,false,false,false,false
Kubernetes,xgr,Kubernetes---kb_875_Normalized.json,3,2,1,2,1,3,0,completed,,,4.4e-05,0.000148333,0.000122,9.66667e-06,2643,1279,23,8,10,2,1,0,0,0,0,0,1,1,0,false,false,false,false,false,false,false,false,false,true,false,false,false,false,false,false,false,false,false,false,false,false,false,false,false,false,false,false,false,false,false,true,false,false,false,true,false,true,false,true,false,false,false,9,1,0,4,2,0,0,false,false,false,false
Kubernetes,xgr,Kubernetes---kb_876_Normalized.json,2,1,1,1,1,2,0,completed,,,6.2e-05,0.000206,0.000173,1.3e-05,2462,1279,22,8,9,1,1,0,0,0,0,0,1,1,0,false,false,false,false,false,false,false,false,false,true,false,false,false,false,false,false,false,false,false,false,false,false,false,false,false,false,false,false,false,false,false,true,false,false,false,true,false,true,false,true,false,false,false,9,1,0,4,2,0,0,false,false,false,false
Kubernetes,xgr,Kubernetes---kb_877_Normalized.json,2,2,0,2,0,2,0,completed,,,1.17994,0.000374,0.0003215,1.7e-05,2794,1889,40.5,15.5,16,2,0,0,0,0,0,0,1,1,0,false,false,false,false,false,false,false,false,false,true,false,false,false,false,false,false,false,false,false,false,false,false,false,false,false,false,false,false,false,false,false,true,false,false,false,true,false,true,false,true,false,false,false,11,2,0,4,2,0,0,false,false,false,false
Kubernetes,xgr,Kubernetes---kb_878_Normalized.json,3,1,2,1,2,3,0,completed,,,6.2e-05,0.000269,0.000224667,1.36667e-05,3657,1889,39.6667,15.3333,17,1,2,0,0,0,0,0,1,1,0,false,false,false,false,false,false,false,false,false,true,false,false,false,false,false,false,false,false,false,false,false,false,false,false,false,false,false,false,false,false,false,true,false,false,false,true,false,true,false,true,false,false,false,11,2,0,4,2,0,0,false,false,false,false
Kubernetes,xgr,Kubernetes---kb_879_Normalized.json,3,2,1,2,1,3,0,completed,,,5.8e-05,0.000301,0.000256667,1.4e-05,3320,1889,41.3333,15.3333,16,2,1,0,0,0,0,0,1,1,0,false,false,false,false,false,false,false,false,false,true,false,false,false,false,false,false,false,false,false,false,false,false,false,false,false,false,false,false,false,false,false,true,false,false,false,true,false,true,false,true,false,false,false,11,2,0,4,2,0,0,false,false,false,false
Kubernetes,xgr,Kubernetes---kb_87_Normalized.json,5,2,3,2,3,5,0,completed,,,6.94447,0.0001046,6.4e-05,1.36e-05,26381,16600,480.8,137.6,154,0,3,0,2,0,1,0,1,0.6,-1,true,false,false,false,false,false,false,false,false,true,false,false,false,true,false,false,false,false,true,false,false,false,false,false,false,false,false,false,false,false,false,false,false,false,false,true,false,true,true,true,false,false,false,131,40,10,5,0,2,0,false,true,true,false
Kubernetes,xgr,Kubernetes---kb_880_Normalized.json,1,1,0,1,0,1,0,completed,,,0.977496,0.000298,0.000256,1e-05,2628,1889,41,16,16,1,0,0,0,0,0,0,1,1,0,false,false,false,false,false,false,false,false,false,true,false,false,false,false,false,false,false,false,false,false,false,false,false,false,false,false,false,false,false,false,false,true,false,false,false,true,false,true,false,true,false,false,false,11,2,0,4,2,0,0,false,false,false,false
Kubernetes,xgr,Kubernetes---kb_881_Normalized.json,3,2,1,2,1,3,0,completed,,,5.1e-05,0.000313,0.000260667,1.9e-05,3308,1889,39.3333,14.6667,16,2,1,0,0,0,0,0,1,1,0,false,false,false,false,false,false,false,false,false,true,false,false,false,false,false,false,false,false,false,false,false,false,false,false,false,false,false,false,false,false,false,true,false,false,false,true,false,true,false,true,false,false,false,11,2,0,4,2,0,0,false,false,false,false
Kubernetes,xgr,Kubernetes---kb_882_Normalized.json,5,1,4,1,4,5,0,completed,,,0.867591,0.0001284,9.78e-05,1.22e-05,3481,329,18.6,6.2,8,1,4,0,0,0,0,0,1,1,0,false,false,false,false,false,false,false,false,false,false,false,false,false,false,false,false,false,false,false,false,false,false,false,false,false,false,false,false,false,false,false,false,false,false,false,true,false,false,false,true,false,false,false,6,1,0,4,0,0,0,false,false,false,false
Kubernetes,xgr,Kubernetes---kb_883_Normalized.json,3,1,2,1,2,3,0,completed,,,1.13221,0.000120667,9.06667e-05,1.3e-05,2121,309,18.6667,5.66667,6,1,2,0,0,0,0,0,1,1,0,false,false,false,false,false,false,false,false,false,false,false,false,false,false,false,false,false,false,false,false,false,false,false,false,false,false,false,false,false,false,false,false,false,false,false,true,false,false,false,true,false,false,false,6,1,0,4,0,0,0,false,false,false,false
Kubernetes,xgr,Kubernetes---kb_884_Normalized.json,4,1,3,1,3,4,0,completed,,,5.6e-05,0.00011075,8.15e-05,1.25e-05,2835,329,18.75,5.75,6,1,3,0,0,0,0,0,1,1,0,false,false,false,false,false,false,false,false,false,false,false,false,false,false,false,false,false,false,false,false,false,false,false,false,false,false,false,false,false,false,false,false,false,false,false,true,false,false,false,true,false,false,false,6,1,0,4,0,0,0,false,false,false,false
Kubernetes,xgr,Kubernetes---kb_885_Normalized.json,4,1,3,1,3,4,0,completed,,,4.4e-05,9.325e-05,6.8e-05,1.05e-05,2835,329,18.75,5.75,6,1,3,0,0,0,0,0,1,1,0,false,false,false,false,false,false,false,false,false,false,false,false,false,false,false,false,false,false,false,false,false,false,false,false,false,false,false,false,false,false,false,false,false,false,false,true,false,false,false,true,false,false,false,6,1,0,4,0,0,0,false,false,false,false
Kubernetes,xgr,Kubernetes---kb_887_Normalized.json,2,1,1,1,1,2,0,completed,,,1.61277,0.0004545,0.000389,1.85e-05,4243,1948,135.5,41,41,1,1,0,0,0,0,0,1,1,0,false,false,false,false,false,false,false,false,false,false,false,false,false,false,false,false,false,false,true,false,false,false,false,false,false,false,false,false,false,false,false,false,false,false,false,true,false,false,false,true,false,false,false,21,5,0,5,0,0,0,false,false,false,false
Kubernetes,xgr,Kubernetes---kb_888_Normalized.json,2,1,1,1,1,2,0,completed,,,6.6e-05,0.000438,0.000378,1.45e-05,4239,1948,135,41,41,1,1,0,0,0,0,0,1,1,0,false,false,false,false,false,false,false,false,false,false,false,false,false,false,false,false,false,false,true,false,false,false,false,false,false,false,false,false,false,false,false,false,false,false,false,true,false,false,false,true,false,false,false,21,5,0,5,0,0,0,false,false,false,false
Kubernetes,xgr,Kubernetes---kb_889_Normalized.json,2,1,1,1,1,2,0,completed,,,8.2e-05,0.0009145,0.000806,4.6e-05,4269,1948,138.5,41,41,1,1,0,0,0,0,0,1,1,0,false,false,false,false,false,false,false,false,false,false,false,false,false,false,false,false,false,false,true,false,false,false,false,false,false,false,false,false,false,false,false,false,false,false,false,true,false,false,false,true,false,false,false,21,5,0,5,0,0,0,false,false,false,false
Kubernetes,xgr,Kubernetes---kb_88_Normalized.json,7,2,5,2,5,7,0,completed,,,7.92478,0.000244143,7.98571e-05,0.000131,35086,16783,965.571,274,328,0,5,0,2,0,1,0,1,0.714286,-1,true,false,false,false,false,false,false,false,false,true,false,false,false,true,false,false,false,false,true,false,false,false,false,false,false,false,false,false,false,false,false,false,false,false,false,true,false,true,true,true,false,false,false,131,40,10,5,0,2,0,false,true,true,false
Kubernetes,xgr,Kubernetes---kb_891_Normalized.json,2,1,1,1,1,2,0,completed,,,1.16124,0.0015285,0.0014605,1.65e-05,3032,1090,85.5,38,39,1,1,0,0,0,0,0,1,1,0,false,false,false,false,false,false,false,false,false,true,false,false,false,false,false,false,false,false,true,false,false,false,false,false,false,false,false,false,false,false,false,false,false,false,false,true,false,true,true,true,false,false,false,21,4,3,4,0,0,0,false,false,false,false
Kubernetes,xgr,Kubernetes---kb_892_Normalized.json,2,1,1,1,1,2,0,completed,,,5.1e-05,0.001712,0.001637,2.15e-05,3172,1090,65,26.5,39,1,1,0,0,0,0,0,1,1,0,false,false,false,false,false,false,false,false,false,true,false,false,false,false,false,false,false,false,true,false,false,false,false,false,false,false,false,false,false,false,false,false,false,false,false,true,false,true,true,true,false,false,false,21,4,3,4,0,0,0,false,false,false,false
Kubernetes,xgr,Kubernetes---kb_894_Normalized.json,2,1,1,1,1,2,0,completed,,,1.227,0.0015485,0.001477,1.95e-05,3033,1088,86,39,39,1,1,0,0,0,0,0,1,1,0,false,false,false,false,false,false,false,false,false,true,false,false,false,false,false,false,false,false,true,false,false,false,false,false,false,false,false,false,false,false,false,false,false,false,false,true,false,true,true,true,false,false,false,21,4,3,4,0,0,0,false,false,false,false
Kubernetes,xgr,Kubernetes---kb_895_Normalized.json,2,1,1,1,1,2,0,completed,,,7.2e-05,0.003257,0.003138,2.9e-05,3025,1088,89,39,39,1,1,0,0,0,0,0,1,1,0,false,false,false,false,false,false,false,false,false,true,false,false,false,false,false,false,false,false,true,false,false,false,false,false,false,false,false,false,false,false,false,false,false,false,false,true,false,true,true,true,false,false,false,21,4,3,4,0,0,0,false,false,false,false
Kubernetes,xgr,Kubernetes---kb_896_Normalized.json,3,2,1,2,1,3,0,completed,,,8.41849,0.000114,6.9e-05,1.53333e-05,27417,20235,436,132.333,135,0,1,0,2,0,1,0,1,0.333333,-1,true,false,false,false,false,false,false,false,false,true,false,false,false,true,false,false,false,false,true,false,false,false,false,false,false,false,false,false,false,false,false,true,false,false,false,true,false,true,true,true,false,false,false,151,43,6,5,2,2,0,false,true,true,false
Kubernetes,xgr,Kubernetes---kb_897_Normalized.json,3,1,2,1,2,3,0,completed,,,7.50091,9.6e-05,5.96667e-05,1.03333e-05,28301,19453,539,161.333,234,0,2,0,1,0,1,0,1,0.666667,-1,true,false,false,false,false,false,false,false,false,true,false,false,false,true,false,false,false,false,true,false,false,false,false,false,false,false,false,false,false,false,false,true,false,false,false,true,false,true,true,true,false,false,false,145,42,5,5,2,2,0,false,true,true,false
Kubernetes,xgr,Kubernetes---kb_898_Normalized.json,3,2,1,2,1,3,0,completed,,,7.48296,0.00431633,0.00409967,5.73333e-05,26872,19422,416.667,123,126,2,1,0,0,0,0,0,1,1,0,true,false,false,false,false,false,false,false,false,true,false,false,false,true,false,false,false,false,true,false,false,false,false,false,false,false,false,false,false,false,false,true,false,false,false,true,false,true,true,true,false,false,false,144,42,5,5,2,1,0,false,true,true,false
Kubernetes,xgr,Kubernetes---kb_899_Normalized.json,3,2,1,2,1,3,0,completed,,,8.56586,0.000112,6.86667e-05,1.5e-05,33244,24159,604.667,184,195,0,1,0,2,0,1,0,1,0.333333,-1,true,false,false,false,false,false,false,false,false,true,false,false,false,true,false,false,false,false,true,false,false,false,false,false,false,false,false,false,false,false,false,true,false,false,false,true,false,true,true,true,false,false,false,182,51,7,6,2,3,0,false,true,true,false
Kubernetes,xgr,Kubernetes---kb_89_Normalized.json,7,2,5,2,5,7,0,completed,,,6.39226,0.000121,7.34286e-05,1.72857e-05,31320,16750,632.714,181.286,216,0,5,0,2,0,1,0,1,0.714286,-1,true,false,false,false,false,false,false,false,false,true,false,false,false,true,false,false,false,false,true,false,false,false,false,false,false,false,false,false,false,false,false,false,false,false,false,true,false,true,true,true,false,false,false,131,40,10,5,0,2,0,false,true,true,false
Kubernetes,xgr,Kubernetes---kb_8_Normalized.json,3,1,2,1,2,3,0,completed,,,4e-05,0.000135667,0.000108,1.06667e-05,1842,247,18.3333,7,8,1,2,0,0,0,0,0,1,1,0,false,false,false,false,false,false,false,false,false,false,false,false,false,false,false,false,false,false,false,false,false,false,false,false,false,false,false,false,false,false,false,false,false,false,false,true,false,false,true,true,false,false,false,6,1,1,4,0,0,0,false,false,false,false
Kubernetes,xgr,Kubernetes---kb_900_Normalized.json,4,2,2,2,2,4,0,completed,,,9.27285,9.475e-05,5.875e-05,1e-05,34207,23365,586,181.75,193,0,2,0,2,0,1,0,1,0.5,-1,true,false,false,false,false,false,false,false,false,true,false,false,false,true,false,false,false,false,true,false,false,false,false,false,false,false,false,false,false,false,false,true,false,false,false,true,false,true,true,true,false,false,false,176,50,6,6,2,3,0,false,true,true,false
Kubernetes,xgr,Kubernetes---kb_901_Normalized.json,3,2,1,2,1,3,0,completed,,,8.67993,0.00680467,0.00648967,7.2e-05,31535,23334,484.667,152,158,2,1,0,0,0,0,0,1,1,0,true,false,false,false,false,false,false,false,false,true,false,false,false,true,false,false,false,false,true,false,false,false,false,false,false,false,false,false,false,false,false,true,false,false,false,true,false,true,true,true,false,false,false,175,50,6,6,2,2,0,false,true,true,false
Kubernetes,xgr,Kubernetes---kb_904_Normalized.json,3,1,2,1,2,3,0,completed,,,0.984557,0.000477,0.000424667,1.4e-05,2937,806,111,29,32,1,2,0,0,0,0,0,1,1,0,false,false,false,false,false,false,false,false,false,false,false,false,false,false,false,false,false,false,true,false,false,false,false,false,false,false,false,false,false,false,false,false,false,false,false,true,false,false,true,true,false,false,false,10,2,1,5,0,0,0,false,false,false,false
Kubernetes,xgr,Kubernetes---kb_905_Normalized.json,2,1,1,1,1,2,0,completed,,,4.7e-05,0.0004725,0.0004165,1.35e-05,2300,806,107,27.5,29,1,1,0,0,0,0,0,1,1,0,false,false,false,false,false,false,false,false,false,false,false,false,false,false,false,false,false,false,true,false,false,false,false,false,false,false,false,false,false,false,false,false,false,false,false,true,false,false,true,true,false,false,false,10,2,1,5,0,0,0,false,false,false,false
Kubernetes,xgr,Kubernetes---kb_906_Normalized.json,2,1,1,1,1,2,0,completed,,,3.9e-05,0.0005225,0.000459,1.75e-05,2300,806,107,27.5,29,1,1,0,0,0,0,0,1,1,0,false,false,false,false,false,false,false,false,false,false,false,false,false,false,false,false,false,false,true,false,false,false,false,false,false,false,false,false,false,false,false,false,false,false,false,true,false,false,true,true,false,false,false,10,2,1,5,0,0,0,false,false,false,false
Kubernetes,xgr,Kubernetes---kb_909_Normalized.json,9,2,7,2,7,9,0,completed,,,6.70909,0.000110333,7.08889e-05,1.34444e-05,27335,15995,238.556,72.6667,79,0,7,0,2,0,1,0,1,0.777778,-1,true,false,false,false,false,false,false,false,false,true,false,false,false,true,false,false,false,false,true,false,false,false,false,false,false,false,false,false,false,false,false,false,false,false,false,true,false,true,true,true,false,false,false,121,36,5,5,0,2,0,false,true,true,false
Kubernetes,xgr,Kubernetes---kb_90_Normalized.json,8,2,6,2,6,8,0,completed,,,8.92209,0.008163,0.00793613,5.5e-05,31692,16705,582.625,167.375,191,1,6,0,1,0,0.5,0,1,0.875,-0.5,true,false,false,false,false,false,false,false,false,true,false,false,false,true,false,false,false,false,true,false,false,false,false,false,false,false,false,false,false,false,false,false,false,false,false,true,false,true,true,true,false,false,false,130,40,10,5,0,1,0,false,true,true,false
Kubernetes,xgr,Kubernetes---kb_911_Normalized.json,9,2,7,2,7,9,0,completed,,,6.21924,0.00124111,0.00111011,4.26667e-05,27961,15969,238.111,73,82,1,7,0,1,0,0.5,0,1,0.888889,-0.5,true,false,false,false,false,false,false,false,false,true,false,false,false,true,false,false,false,false,true,false,false,false,false,false,false,false,false,false,false,false,false,false,false,false,false,true,false,true,true,true,false,false,false,120,36,5,5,0,1,0,false,true,true,false
Kubernetes,xgr,Kubernetes---kb_912_Normalized.json,7,2,5,2,5,7,0,completed,,,2.55802,0.00179857,0.001653,5.15714e-05,9510,2201,325,94.1429,99,1,5,0,1,0,0.5,0,1,0.857143,-0.5,false,false,false,false,false,false,false,false,false,true,false,false,false,false,false,false,false,false,false,false,false,false,false,false,false,false,false,false,false,false,false,false,false,false,false,true,false,true,true,true,false,false,false,32,12,3,4,0,0,0,false,false,true,false
Kubernetes,xgr,Kubernetes---kb_913_Normalized.json,7,2,5,2,5,7,0,completed,,,0.000117,0.00175857,0.00161671,4.67143e-05,9421,2201,314.571,92.1429,99,1,5,0,1,0,0.5,0,1,0.857143,-0.5,false,false,false,false,false,false,false,false,false,true,false,false,false,false,false,false,false,false,false,false,false,false,false,false,false,false,false,false,false,false,false,false,false,false,false,true,false,true,true,true,false,false,false,32,12,3,4,0,0,0,false,false,true,false
Kubernetes,xgr,Kubernetes---kb_914_Normalized.json,7,2,5,2,5,7,0,completed,,,1.49736,0.00103071,0.000945857,1.98571e-05,9164,2136,301.571,89.7143,94,1,5,0,1,0,0.5,0,1,0.857143,-0.5,false,false,false,false,false,false,false,false,false,true,false,false,false,false,false,false,false,false,false,false,false,false,false,false,false,false,false,false,false,false,false,false,false,false,false,true,false,true,true,true,false,false,false,30,11,3,4,0,0,0,false,false,true,false
Kubernetes,xgr,Kubernetes---kb_915_Normalized.json,7,2,5,2,5,7,0,completed,,,5.5e-05,0.00131429,0.00120057,3.75714e-05,9139,2136,299.571,88,94,1,5,0,1,0,0.5,0,1,0.857143,-0.5,false,false,false,false,false,false,false,false,false,true,false,false,false,false,false,false,false,false,false,false,false,false,false,false,false,false,false,false,false,false,false,false,false,false,false,true,false,true,true,true,false,false,false,30,11,3,4,0,0,0,false,false,true,false
Kubernetes,xgr,Kubernetes---kb_916_Normalized.json,5,1,4,1,4,5,0,completed,,,0.878655,0.0001252,0.0001006,7.4e-06,2977,229,17.4,7.6,9,1,4,0,0,0,0,0,1,1,0,false,false,false,false,false,false,false,false,false,false,false,false,false,false,false,false,false,false,false,false,false,false,false,false,false,false,false,false,false,false,false,false,false,false,false,true,false,false,false,true,false,false,false,6,1,0,4,0,0,0,false,false,false,false
Kubernetes,xgr,Kubernetes---kb_917_Normalized.json,5,1,4,1,4,5,0,completed,,,5.6e-05,0.0001706,0.0001374,1.18e-05,2975,229,17.2,7.8,9,1,4,0,0,0,0,0,1,1,0,false,false,false,false,false,false,false,false,false,false,false,false,false,false,false,false,false,false,false,false,false,false,false,false,false,false,false,false,false,false,false,false,false,false,false,true,false,false,false,true,false,false,false,6,1,0,4,0,0,0,false,false,false,false
Kubernetes,xgr,Kubernetes---kb_918_Normalized.json,4,1,3,1,3,4,0,completed,,,1.19587,0.00019125,0.00015525,1.175e-05,2432,230,17.5,8,9,1,3,0,0,0,0,0,1,1,0,false,false,false,false,false,false,false,false,false,false,false,false,false,false,false,false,false,false,false,false,false,false,false,false,false,false,false,false,false,false,false,false,false,false,false,true,false,false,false,true,false,false,false,6,1,0,4,0,0,0,false,false,false,false
Kubernetes,xgr,Kubernetes---kb_919_Normalized.json,5,2,3,2,3,5,0,completed,,,1.16254,0.0001914,0.000158,1.16e-05,2596,219,16.8,7.8,9,2,3,0,0,0,0,0,1,1,0,false,false,false,false,false,false,false,false,false,false,false,false,false,false,false,false,false,false,false,false,false,false,false,false,false,false,false,false,false,false,false,false,false,false,false,true,false,false,false,true,false,false,false,6,1,0,4,0,0,0,false,false,false,false
Kubernetes,xgr,Kubernetes---kb_91_Normalized.json,2,1,1,1,1,2,0,completed,,,7.96303,0.000101,6.25e-05,1.25e-05,27387,20449,493.5,145.5,147,0,1,0,1,0,1,0,1,0.5,-1,true,false,false,false,false,false,false,false,false,true,false,false,false,true,false,false,false,false,true,false,false,false,false,false,false,false,false,false,false,false,false,false,false,false,false,true,false,true,true,true,false,false,false,162,48,11,6,0,3,0,false,true,true,false
Kubernetes,xgr,Kubernetes---kb_920_Normalized.json,4,1,3,1,3,4,0,completed,,,3.4e-05,0.00013525,0.000106,1.05e-05,2430,230,17.25,7.5,9,1,3,0,0,0,0,0,1,1,0,false,false,false,false,false,false,false,false,false,false,false,false,false,false,false,false,false,false,false,false,false,false,false,false,false,false,false,false,false,false,false,false,false,false,false,true,false,false,false,true,false,false,false,6,1,0,4,0,0,0,false,false,false,false
Kubernetes,xgr,Kubernetes---kb_921_Normalized.json,9,2,7,2,7,9,0,completed,,,1.12513,0.000541556,0.000476222,1.97778e-05,7140,1047,110.778,37.6667,43,2,7,0,0,0,0,0,1,1,0,true,false,false,false,false,false,false,false,false,false,false,false,false,false,false,false,false,false,false,false,false,false,false,false,false,false,false,false,false,false,false,false,false,false,false,true,false,false,true,true,false,false,false,13,3,1,5,0,0,0,false,false,false,false
Kubernetes,xgr,Kubernetes---kb_922_Normalized.json,8,2,6,2,6,8,0,completed,,,0.000103,0.000766125,0.000678625,3.2e-05,7207,1047,126.25,39.25,45,2,6,0,0,0,0,0,1,1,0,true,false,false,false,false,false,false,false,false,false,false,false,false,false,false,false,false,false,false,false,false,false,false,false,false,false,false,false,false,false,false,false,false,false,false,true,false,false,true,true,false,false,false,13,3,1,5,0,0,0,false,false,false,false
Kubernetes,xgr,Kubernetes---kb_923_Normalized.json,6,2,4,2,4,6,0,completed,,,0.884345,0.000418,0.000361667,2.1e-05,3963,635,50.3333,20,21,2,4,0,0,0,0,0,1,1,0,false,false,false,false,false,false,false,false,false,false,false,false,false,false,false,false,false,false,false,false,false,false,false,false,false,false,false,false,false,false,false,false,false,false,false,true,false,false,true,true,false,false,false,9,2,1,4,0,0,0,false,false,false,false
Kubernetes,xgr,Kubernetes---kb_924_Normalized.json,6,1,5,1,5,6,0,completed,,,1.21323,0.000411833,0.000358167,1.33333e-05,5530,1035,123,37.6667,43,1,5,0,0,0,0,0,1,1,0,true,false,false,false,false,false,false,false,false,false,false,false,false,false,false,false,false,false,false,false,false,false,false,false,false,false,false,false,false,false,false,false,false,false,false,true,false,false,true,true,false,false,false,13,3,1,5,0,0,0,false,false,false,false
Kubernetes,xgr,Kubernetes---kb_925_Normalized.json,6,2,4,2,4,6,0,completed,,,4e-05,0.0003135,0.0002735,1.33333e-05,4012,635,50.8333,20,21,2,4,0,0,0,0,0,1,1,0,false,false,false,false,false,false,false,false,false,false,false,false,false,false,false,false,false,false,false,false,false,false,false,false,false,false,false,false,false,false,false,false,false,false,false,true,false,false,true,true,false,false,false,9,2,1,4,0,0,0,false,false,false,false
Kubernetes,xgr,Kubernetes---kb_926_Normalized.json,6,2,4,2,4,6,0,completed,,,1.92817,0.001438,0.00129183,4.18333e-05,9980,2512,338.167,96.6667,134,1,4,0,1,0,0.5,0,1,0.833333,-0.5,true,false,false,false,false,false,false,false,false,true,false,false,false,false,false,false,false,false,true,false,false,false,false,false,false,false,false,false,false,false,false,false,false,false,false,true,false,true,false,true,false,false,false,27,7,0,5,0,0,0,false,false,false,false
Kubernetes,xgr,Kubernetes---kb_927_Normalized.json,8,2,6,2,6,8,0,completed,,,8.3e-05,0.00264025,0.00240475,8.35e-05,11910,2512,328.5,95.25,124,2,6,0,0,0,0,0,1,1,0,true,false,false,false,false,false,false,false,false,true,false,false,false,false,false,false,false,false,true,false,false,false,false,false,false,false,false,false,false,false,false,false,false,false,false,true,false,true,false,true,false,false,false,27,7,0,5,0,0,0,false,false,false,false
Kubernetes,xgr,Kubernetes---kb_928_Normalized.json,7,2,5,2,5,7,0,completed,,,8e-05,0.000855429,0.000762286,1.97143e-05,11124,2512,341.286,99.5714,114,1,5,0,1,0,0.5,0,1,0.857143,-0.5,true,false,false,false,false,false,false,false,false,true,false,false,false,false,false,false,false,false,true,false,false,false,false,false,false,false,false,false,false,false,false,false,false,false,false,true,false,true,false,true,false,false,false,27,7,0,5,0,0,0,false,false,false,false
Kubernetes,xgr,Kubernetes---kb_929_Normalized.json,5,2,3,2,3,5,0,completed,,,0.779396,0.000509,0.0004394,1.98e-05,4809,808,76.8,25,30,2,3,0,0,0,0,0,1,1,0,false,false,false,false,false,false,false,false,false,false,false,false,false,false,false,false,false,false,true,false,false,false,false,false,false,false,false,false,false,false,false,false,false,false,false,true,false,false,true,true,false,false,false,12,3,2,5,0,0,0,false,false,false,false
Kubernetes,xgr,Kubernetes---kb_92_Normalized.json,6,1,5,1,5,6,0,completed,,,8.7598,0.000106833,6.5e-05,1.3e-05,35257,20772,460.333,135,159,0,5,0,1,0,1,0,1,0.833333,-1,true,false,false,false,false,false,false,false,false,true,false,false,false,true,false,false,false,false,true,false,false,false,false,false,false,false,false,false,false,false,false,false,false,false,false,true,false,true,true,true,false,false,false,162,48,11,6,0,3,0,false,true,true,false
Kubernetes,xgr,Kubernetes---kb_930_Normalized.json,5,2,3,2,3,5,0,completed,,,4e-05,0.0004844,0.0004194,2e-05,4614,808,80.2,26.6,30,2,3,0,0,0,0,0,1,1,0,false,false,false,false,false,false,false,false,false,false,false,false,false,false,false,false,false,false,true,false,false,false,false,false,false,false,false,false,false,false,false,false,false,false,false,true,false,false,true,true,false,false,false,12,3,2,5,0,0,0,false,false,false,false
Kubernetes,xgr,Kubernetes---kb_931_Normalized.json,4,2,2,2,2,4,0,completed,,,1.13648,0.00068125,0.00058425,2.8e-05,4708,1327,113.25,33.75,73,2,2,0,0,0,0,0,1,1,0,false,false,false,false,false,false,false,false,false,true,false,false,false,false,false,false,false,false,true,false,false,false,false,false,false,false,false,false,false,false,false,false,false,false,false,true,false,true,true,true,false,false,false,20,4,2,5,0,0,0,false,false,false,false
Kubernetes,xgr,Kubernetes---kb_932_Normalized.json,4,2,2,2,2,4,0,completed,,,4.9e-05,0.000609,0.0005165,2.15e-05,4758,1327,117,34.25,74,2,2,0,0,0,0,0,1,1,0,false,false,false,false,false,false,false,false,false,true,false,false,false,false,false,false,false,false,true,false,false,false,false,false,false,false,false,false,false,false,false,false,false,false,false,true,false,true,true,true,false,false,false,20,4,2,5,0,0,0,false,false,false,false
Kubernetes,xgr,Kubernetes---kb_935_Normalized.json,3,1,2,1,2,3,0,completed,,,0.977156,0.000251667,0.000210667,1.5e-05,2263,496,36,12,13,1,2,0,0,0,0,0,1,1,0,false,false,false,false,false,false,false,false,false,false,false,false,false,false,false,false,false,false,false,false,false,false,false,false,false,false,false,false,false,false,false,false,false,false,false,true,false,false,false,true,false,false,false,7,2,0,4,0,0,0,false,false,false,false
Kubernetes,xgr,Kubernetes---kb_936_Normalized.json,2,1,1,1,1,2,0,completed,,,4.9e-05,0.0002215,0.000183,1.45e-05,1775,496,36,11.5,12,1,1,0,0,0,0,0,1,1,0,false,false,false,false,false,false,false,false,false,false,false,false,false,false,false,false,false,false,false,false,false,false,false,false,false,false,false,false,false,false,false,false,false,false,false,true,false,false,false,true,false,false,false,7,2,0,4,0,0,0,false,false,false,false
Kubernetes,xgr,Kubernetes---kb_937_Normalized.json,2,1,1,1,1,2,0,completed,,,0.878798,0.000223,0.0001875,9.5e-06,1893,499,58,19,20,1,1,0,0,0,0,0,1,1,0,false,false,false,false,false,false,false,false,false,false,false,false,false,false,false,false,false,false,false,false,false,false,false,false,false,false,false,false,false,false,false,false,false,false,false,true,false,false,true,true,false,false,false,10,3,1,4,0,0,0,false,false,false,false
Kubernetes,xgr,Kubernetes---kb_938_Normalized.json,3,1,2,1,2,3,0,completed,,,3.8e-05,0.000193667,0.000163667,8.66667e-06,3249,499,52,16.6667,20,1,2,0,0,0,0,0,1,1,0,false,false,false,false,false,false,false,false,false,false,false,false,false,false,false,false,false,false,false,false,false,false,false,false,false,false,false,false,false,false,false,false,false,false,false,true,false,false,true,true,false,false,false,10,3,1,4,0,0,0,false,false,false,false
Kubernetes,xgr,Kubernetes---kb_939_Normalized.json,8,2,6,2,6,8,0,completed,,,8.1474,0.003146,0.003004,2.6125e-05,32607,19518,386.75,131.75,184,2,6,0,0,0,0,0,1,1,0,true,false,false,false,false,false,false,false,false,true,false,false,false,true,false,false,false,false,true,false,false,false,false,false,false,false,false,false,false,false,false,false,false,false,false,true,false,true,true,true,false,false,false,146,43,5,6,0,3,0,false,true,true,false
Kubernetes,xgr,Kubernetes---kb_93_Normalized.json,6,1,5,1,5,6,0,completed,,,8.1173,0.000163333,7.1e-05,6.25e-05,34768,20739,488.667,144.333,155,0,5,0,1,0,1,0,1,0.833333,-1,true,false,false,false,false,false,false,false,false,true,false,false,false,true,false,false,false,false,true,false,false,false,false,false,false,false,false,false,false,false,false,false,false,false,false,true,false,true,true,true,false,false,false,162,48,11,6,0,3,0,false,true,true,false
Kubernetes,xgr,Kubernetes---kb_940_Normalized.json,7,2,5,2,5,7,0,completed,,,8.70227,0.00741514,0.00702829,0.000105571,33457,19504,617,207.286,303,2,5,0,0,0,0,0,1,1,0,true,false,false,false,false,false,false,false,false,true,false,false,false,true,false,false,false,false,true,false,false,false,false,false,false,false,false,false,false,false,false,false,false,false,false,true,false,true,true,true,false,false,false,145,43,5,6,0,2,0,false,true,true,false
Kubernetes,xgr,Kubernetes---kb_941_Normalized.json,5,2,3,2,3,5,0,completed,,,1.21283,0.0004306,0.0003718,1.06e-05,7552,2186,111,40.6,56,1,3,0,1,0,0.5,0,1,0.8,-0.5,false,false,false,false,false,false,false,false,false,true,false,false,false,false,false,false,false,false,true,false,false,false,false,false,false,false,false,false,false,false,false,false,false,false,false,true,false,true,true,true,false,false,false,23,6,2,4,0,0,0,false,false,false,false
Kubernetes,xgr,Kubernetes---kb_942_Normalized.json,4,2,2,2,2,4,0,completed,,,6.1e-05,0.00037975,0.000329,1.175e-05,5901,2186,100,36,54,1,2,0,1,0,0.5,0,1,0.75,-0.5,false,false,false,false,false,false,false,false,false,true,false,false,false,false,false,false,false,false,true,false,false,false,false,false,false,false,false,false,false,false,false,false,false,false,false,true,false,true,true,true,false,false,false,23,6,2,4,0,0,0,false,false,false,false
Kubernetes,xgr,Kubernetes---kb_943_Normalized.json,3,1,2,1,2,3,0,completed,,,0.904457,0.000173333,0.000143,1.1e-05,2167,401,31.6667,10.3333,13,1,2,0,0,0,0,0,1,1,0,false,false,false,false,false,false,false,false,false,false,false,false,false,false,false,false,false,false,false,false,false,false,false,false,false,false,false,false,false,false,false,false,false,false,false,true,false,false,false,true,false,false,false,7,2,0,4,0,0,0,false,false,false,false
Kubernetes,xgr,Kubernetes---kb_944_Normalized.json,5,2,3,2,3,5,0,completed,,,6.2e-05,0.0002278,0.0001922,1.22e-05,2919,401,42.6,13.4,15,2,3,0,0,0,0,0,1,1,0,false,false,false,false,false,false,false,false,false,false,false,false,false,false,false,false,false,false,false,false,false,false,false,false,false,false,false,false,false,false,false,false,false,false,false,true,false,false,false,true,false,false,false,7,2,0,4,0,0,0,false,false,false,false
Kubernetes,xgr,Kubernetes---kb_945_Normalized.json,4,2,2,2,2,4,0,completed,,,1.51002,0.0005085,0.00043625,1.225e-05,7517,2697,166,60,62,2,2,0,0,0,0,0,1,1,0,false,false,false,false,false,false,false,false,false,true,false,false,false,false,false,false,false,false,true,false,false,false,false,false,false,false,false,false,false,false,false,false,false,false,false,true,false,true,true,true,false,false,false,26,7,2,4,0,0,0,false,false,false,false
Kubernetes,xgr,Kubernetes---kb_946_Normalized.json,3,1,2,1,2,3,0,completed,,,6.3e-05,0.000328,0.000277333,1e-05,7075,2697,159.333,58,58,1,2,0,0,0,0,0,1,1,0,false,false,false,false,false,false,false,false,false,true,false,false,false,false,false,false,false,false,true,false,false,false,false,false,false,false,false,false,false,false,false,false,false,false,false,true,false,true,true,true,false,false,false,26,7,2,4,0,0,0,false,false,false,false
Kubernetes,xgr,Kubernetes---kb_947_Normalized.json,10,2,8,2,8,10,0,completed,,,3.48943,0.0009818,0.0008475,2.95e-05,21377,5474,518.6,167.2,176,2,8,0,0,0,0,0,1,1,0,false,false,false,false,false,false,false,false,false,true,false,false,false,false,false,false,false,false,true,false,false,false,false,false,false,false,false,false,false,false,false,false,false,false,false,true,false,true,false,true,false,false,false,57,19,0,5,0,0,0,false,false,true,false
Kubernetes,xgr,Kubernetes---kb_948_Normalized.json,9,2,7,2,7,9,0,completed,,,0.000122,0.000960444,0.000826333,3.35556e-05,19236,5474,443.889,138,156,2,7,0,0,0,0,0,1,1,0,false,false,false,false,false,false,false,false,false,true,false,false,false,false,false,false,false,false,true,false,false,false,false,false,false,false,false,false,false,false,false,false,false,false,false,true,false,true,false,true,false,false,false,57,19,0,5,0,0,0,false,false,true,false
Kubernetes,xgr,Kubernetes---kb_949_Normalized.json,5,2,3,2,3,5,0,completed,,,10.3233,0.0001324,8.14e-05,1.96e-05,27544,18763,376.4,106.8,111,0,3,0,2,0,1,0,1,0.6,-1,true,false,false,false,false,false,false,false,false,true,false,false,false,true,false,false,false,false,true,false,false,false,false,false,false,false,false,false,false,false,false,false,false,false,false,true,false,true,true,true,false,false,false,149,48,6,5,0,2,0,false,true,true,false
Kubernetes,xgr,Kubernetes---kb_94_Normalized.json,6,1,5,1,5,6,0,completed,,,10.8357,0.023209,0.0226207,0.000235,34745,20694,479.333,140.333,143,1,5,0,0,0,0,0,1,1,0,true,false,false,false,false,false,false,false,false,true,false,false,false,true,false,false,false,false,true,false,false,false,false,false,false,false,false,false,false,false,false,false,false,false,false,true,false,true,true,true,false,false,false,161,48,11,6,0,2,0,false,true,true,false
Kubernetes,xgr,Kubernetes---kb_950_Normalized.json,5,2,3,2,3,5,0,completed,,,12.6942,0.0001488,9.3e-05,2.18e-05,27871,18813,395.6,113,136,0,3,0,2,0,1,0,1,0.6,-1,true,false,false,false,false,false,false,false,false,true,false,false,false,true,false,false,false,false,true,false,false,false,false,false,false,false,false,false,false,false,false,false,false,false,false,true,false,true,true,true,false,false,false,149,48,6,5,0,2,0,false,true,true,false
Kubernetes,xgr,Kubernetes---kb_951_Normalized.json,4,1,3,1,3,4,0,completed,,,11.0434,0.0093815,0.0090975,0.0001035,27083,18773,372,105.75,108,1,3,0,0,0,0,0,1,1,0,true,false,false,false,false,false,false,false,false,true,false,false,false,true,false,false,false,false,true,false,false,false,false,false,false,false,false,false,false,false,false,false,false,false,false,true,false,true,true,true,false,false,false,148,48,6,5,0,1,0,false,true,true,false
Kubernetes,xgr,Kubernetes---kb_952_Normalized.json,5,2,3,2,3,5,0,completed,,,3.22037,0.0004016,0.0003388,2.18e-05,5911,2574,96.8,29.4,66,2,3,0,0,0,0,0,1,1,0,false,false,false,false,false,false,false,false,false,true,false,false,false,false,false,false,false,false,false,false,false,false,false,false,false,false,false,false,false,false,false,false,false,false,false,true,false,true,false,true,false,false,false,32,11,0,4,0,0,0,false,false,true,false
Kubernetes,xgr,Kubernetes---kb_953_Normalized.json,3,1,2,1,2,3,0,completed,,,3.05069,0.000349333,0.000288,2.2e-05,64849,2594,7289.33,2344.67,6994,1,2,0,0,0,0,0,1,1,0,false,false,false,false,false,false,false,false,false,true,false,false,false,false,false,false,false,false,false,false,false,false,false,false,false,false,false,false,false,false,false,false,false,false,false,true,false,true,false,true,false,false,false,32,11,0,4,0,0,0,false,false,true,false
Kubernetes,xgr,Kubernetes---kb_954_Normalized.json,3,1,2,1,2,3,0,completed,,,0.000127,0.000342667,0.000281333,2.2e-05,4910,2594,63.3333,18.6667,23,1,2,0,0,0,0,0,1,1,0,false,false,false,false,false,false,false,false,false,true,false,false,false,false,false,false,false,false,false,false,false,false,false,false,false,false,false,false,false,false,false,false,false,false,false,true,false,true,false,true,false,false,false,32,11,0,4,0,0,0,false,false,true,false
Kubernetes,xgr,Kubernetes---kb_955_Normalized.json,4,2,2,2,2,4,0,completed,,,7.56397,8.25e-05,5.125e-05,9.25e-06,34786,19400,1169.75,336.5,539,0,2,0,2,0,1,0,1,0.5,-1,true,false,false,false,false,false,false,false,false,true,false,false,false,true,false,false,false,false,true,false,false,false,false,false,false,false,false,false,false,false,false,false,false,false,false,true,false,true,true,true,false,false,false,158,44,10,5,0,2,0,false,true,true,false
Kubernetes,xgr,Kubernetes---kb_956_Normalized.json,6,2,4,2,4,6,0,completed,,,6.0347,8.41667e-05,5.21667e-05,9.66667e-06,32417,19450,495.667,145.667,164,0,4,0,2,0,1,0,1,0.666667,-1,true,false,false,false,false,false,false,false,false,true,false,false,false,true,false,false,false,false,true,false,false,false,false,false,false,false,false,false,false,false,false,false,false,false,false,true,false,true,true,true,false,false,false,158,44,10,5,0,2,0,false,true,true,false
Kubernetes,xgr,Kubernetes---kb_957_Normalized.json,6,2,4,2,4,6,0,completed,,,6.34704,0.00907417,0.00883967,8.15e-05,32654,19410,453.833,139.167,148,1,4,0,1,0,0.5,0,1,0.833333,-0.5,true,false,false,false,false,false,false,false,false,true,false,false,false,true,false,false,false,false,true,false,false,false,false,false,false,false,false,false,false,false,false,false,false,false,false,true,false,true,true,true,false,false,false,157,44,10,5,0,1,0,false,true,true,false
Kubernetes,xgr,Kubernetes---kb_958_Normalized.json,4,1,3,1,3,4,0,completed,,,0.817277,0.000132,9.85e-05,1.325e-05,2183,130,22.5,6,8,1,3,0,0,0,0,0,1,1,0,false,false,false,false,false,false,false,false,false,false,false,false,false,false,false,false,false,false,false,false,false,false,false,false,false,false,false,false,false,false,false,false,false,false,false,true,false,false,false,true,false,false,false,4,1,0,4,0,0,0,false,false,false,false
Kubernetes,xgr,Kubernetes---kb_959_Normalized.json,2,1,1,1,1,2,0,completed,,,4.7e-05,0.000181,0.000147,1.45e-05,1195,130,26,7,8,1,1,0,0,0,0,0,1,1,0,false,false,false,false,false,false,false,false,false,false,false,false,false,false,false,false,false,false,false,false,false,false,false,false,false,false,false,false,false,false,false,false,false,false,false,true,false,false,false,true,false,false,false,4,1,0,4,0,0,0,false,false,false,false
Kubernetes,xgr,Kubernetes---kb_95_Normalized.json,6,2,4,2,4,6,0,completed,,,13.4668,0.000127667,7.76667e-05,1.78333e-05,36305,23011,319,97.3333,112,0,4,0,2,0,1,0,1,0.666667,-1,true,false,false,false,false,false,false,false,false,true,false,false,false,true,false,false,false,false,true,false,false,false,false,false,false,false,false,false,false,false,false,false,false,false,false,true,false,true,true,true,false,false,false,195,52,8,6,0,3,0,false,true,true,false
Kubernetes,xgr,Kubernetes---kb_960_Normalized.json,2,1,1,1,1,2,0,completed,,,5.3e-05,0.0002805,0.000232,2.1e-05,1195,130,26,7,8,1,1,0,0,0,0,0,1,1,0,false,false,false,false,false,false,false,false,false,false,false,false,false,false,false,false,false,false,false,false,false,false,false,false,false,false,false,false,false,false,false,false,false,false,false,true,false,false,false,true,false,false,false,4,1,0,4,0,0,0,false,false,false,false
Kubernetes,xgr,Kubernetes---kb_961_Normalized.json,3,1,2,1,2,3,0,completed,,,1.49377,0.000459667,0.000403333,1.9e-05,2671,550,85,30.3333,32,1,2,0,0,0,0,0,1,1,0,false,false,false,false,false,false,false,false,false,false,false,false,false,false,false,false,false,false,false,false,false,false,false,false,false,false,false,false,false,false,false,false,false,false,false,true,false,false,false,true,false,false,false,11,4,0,4,0,0,0,false,false,false,false
Kubernetes,xgr,Kubernetes---kb_962_Normalized.json,3,1,2,1,2,3,0,completed,,,8.9e-05,0.000871,0.000783333,2.86667e-05,2607,550,82.6667,30.3333,32,1,2,0,0,0,0,0,1,1,0,false,false,false,false,false,false,false,false,false,false,false,false,false,false,false,false,false,false,false,false,false,false,false,false,false,false,false,false,false,false,false,false,false,false,false,true,false,false,false,true,false,false,false,11,4,0,4,0,0,0,false,false,false,false
Kubernetes,xgr,Kubernetes---kb_963_Normalized.json,5,1,4,1,4,5,0,completed,,,1.86553,0.0005678,0.0004914,2.46e-05,5119,1274,119,40.8,45,1,4,0,0,0,0,0,1,1,0,false,false,false,false,false,false,false,false,false,true,false,false,false,false,false,false,false,false,false,false,false,false,false,false,false,false,false,false,false,false,false,false,false,false,false,true,false,true,true,true,false,false,false,20,6,1,4,0,0,0,false,false,false,false
Kubernetes,xgr,Kubernetes---kb_964_Normalized.json,4,1,3,1,3,4,0,completed,,,1.78095,0.00065625,0.00057475,2.725e-05,4380,1204,121.75,41.75,45,1,3,0,0,0,0,0,1,1,0,false,false,false,false,false,false,false,false,false,true,false,false,false,false,false,false,false,false,false,false,false,false,false,false,false,false,false,false,false,false,false,false,false,false,false,true,false,true,true,true,false,false,false,20,6,1,4,0,0,0,false,false,false,false
Kubernetes,xgr,Kubernetes---kb_965_Normalized.json,6,2,4,2,4,6,0,completed,,,8.6e-05,0.00102617,0.000922,3.55e-05,5368,1204,122.833,42.5,45,2,4,0,0,0,0,0,1,1,0,false,false,false,false,false,false,false,false,false,true,false,false,false,false,false,false,false,false,false,false,false,false,false,false,false,false,false,false,false,false,false,false,false,false,false,true,false,true,true,true,false,false,false,20,6,1,4,0,0,0,false,false,false,false
Kubernetes,xgr,Kubernetes---kb_966_Normalized.json,4,1,3,1,3,4,0,completed,,,1.2111,0.00032075,0.00026725,1.625e-05,3183,578,59.75,21.25,27,1,3,0,0,0,0,0,1,1,0,false,false,false,false,false,false,false,false,false,false,false,false,false,false,false,false,false,false,false,false,false,false,false,false,false,false,false,false,false,false,false,false,false,false,false,true,false,false,true,true,false,false,false,8,2,2,4,0,0,0,false,false,false,false
Kubernetes,xgr,Kubernetes---kb_967_Normalized.json,3,1,2,1,2,3,0,completed,,,7.1e-05,0.000495,0.000422667,2.66667e-05,2593,578,61.6667,22.3333,27,1,2,0,0,0,0,0,1,1,0,false,false,false,false,false,false,false,false,false,false,false,false,false,false,false,false,false,false,false,false,false,false,false,false,false,false,false,false,false,false,false,false,false,false,false,true,false,false,true,true,false,false,false,8,2,2,4,0,0,0,false,false,false,false
Kubernetes,xgr,Kubernetes---kb_968_Normalized.json,4,2,2,2,2,4,0,completed,,,14.832,0.00377575,0.00340525,0.00017925,37508,27866,364.25,113,125,2,2,0,0,0,0,0,1,1,0,true,false,false,false,false,false,false,false,false,true,false,false,false,true,false,false,false,false,true,false,false,false,false,false,false,false,false,false,false,false,false,true,false,false,false,true,false,true,true,true,false,false,false,205,60,5,6,2,2,0,false,true,true,false
Kubernetes,xgr,Kubernetes---kb_969_Normalized.json,2,2,0,2,0,2,0,completed,,,12.8184,,,,34977,27852,,,,2,0,0,0,0,0,0,1,1,0,true,false,false,false,false,false,false,false,false,true,false,false,false,true,false,false,false,false,true,false,false,false,false,false,false,false,false,false,false,false,false,true,false,false,false,true,false,true,true,true,false,false,false,204,60,5,6,2,1,0,false,true,true,false
Kubernetes,xgr,Kubernetes---kb_96_Normalized.json,3,2,1,2,1,3,0,completed,,,9.06409,0.000114667,7.1e-05,1.5e-05,31570,23293,325.333,99.3333,105,0,1,0,2,0,1,0,1,0.333333,-1,true,false,false,false,false,false,false,false,false,true,false,false,false,true,false,false,false,false,true,false,false,false,false,false,false,false,false,false,false,false,false,false,false,false,false,true,false,true,true,true,false,false,false,195,52,8,6,0,3,0,false,true,true,false
Kubernetes,xgr,Kubernetes---kb_970_Normalized.json,5,2,3,2,3,5,0,completed,,,9.4183,0.0011308,0.000968,5.12e-05,26265,17983,338,90.8,106,1,3,0,1,0,0.5,0,1,0.8,-0.5,true,false,false,false,false,false,false,false,false,true,false,false,false,true,false,false,false,false,true,false,false,false,false,false,false,false,false,false,false,false,false,false,false,false,false,true,false,true,true,true,false,false,false,136,42,4,5,0,2,0,false,false,true,false
Kubernetes,xgr,Kubernetes---kb_971_Normalized.json,6,2,4,2,4,6,0,completed,,,7.8681,0.00103817,0.000916667,3.26667e-05,27619,17969,299.333,82,89,1,4,0,1,0,0.5,0,1,0.833333,-0.5,true,false,false,false,false,false,false,false,false,true,false,false,false,true,false,false,false,false,true,false,false,false,false,false,false,false,false,false,false,false,false,false,false,false,false,true,false,true,true,true,false,false,false,135,42,4,5,0,1,0,false,false,true,false
Kubernetes,xgr,Kubernetes---kb_972_Normalized.json,7,2,5,2,5,7,0,completed,,,9.0482,0.0053275,0.00503567,0.0001025,42972,21950,1002.33,300,399,1,5,0,1,0,0.5,0,1,0.857143,-0.5,true,false,false,false,false,false,false,false,false,true,false,false,false,true,false,false,false,false,true,false,false,false,false,false,false,false,false,false,false,false,false,false,false,false,false,true,false,true,true,true,false,false,false,167,50,5,6,0,3,0,false,true,true,false
Kubernetes,xgr,Kubernetes---kb_973_Normalized.json,5,2,3,2,3,5,0,completed,,,10.5396,0.0039358,0.0037044,6.34e-05,42287,21936,1420.4,452.8,526,0,3,0,2,0,1,0,1,0.6,-1,true,false,false,false,false,false,false,false,false,true,false,false,false,true,false,false,false,false,true,false,false,false,false,false,false,false,false,false,false,false,false,false,false,false,false,true,false,true,true,true,false,false,false,166,50,5,6,0,2,0,false,true,true,false
Kubernetes,xgr,Kubernetes---kb_974_Normalized.json,4,1,3,1,3,4,0,completed,,,0.889671,0.00011525,9.175e-05,7.75e-06,3018,446,41.75,12,14,1,3,0,0,0,0,0,1,1,0,false,false,false,false,false,false,false,false,false,false,false,false,false,false,false,false,false,false,false,false,false,false,false,false,false,false,false,false,false,false,false,false,false,false,false,true,false,false,true,true,false,false,false,8,2,2,4,0,0,0,false,false,false,false
Kubernetes,xgr,Kubernetes---kb_975_Normalized.json,4,1,3,1,3,4,0,completed,,,4.4e-05,0.00013625,0.00010375,1e-05,2967,446,40.25,12,14,1,3,0,0,0,0,0,1,1,0,false,false,false,false,false,false,false,false,false,false,false,false,false,false,false,false,false,false,false,false,false,false,false,false,false,false,false,false,false,false,false,false,false,false,false,true,false,false,true,true,false,false,false,8,2,2,4,0,0,0,false,false,false,false
Kubernetes,xgr,Kubernetes---kb_976_Normalized.json,3,1,2,1,2,3,0,completed,,,1.15635,0.00173967,0.00168467,1.9e-05,3978,1220,117,30.6667,35,1,2,0,0,0,0,0,1,1,0,false,false,false,false,false,false,false,false,false,false,false,false,false,false,false,false,false,false,false,false,false,false,false,false,false,false,false,false,false,false,false,false,false,false,false,true,false,false,true,true,false,false,false,11,3,1,4,0,0,0,false,false,false,false
Kubernetes,xgr,Kubernetes---kb_977_Normalized.json,2,1,1,1,1,2,0,completed,,,5.3e-05,0.0028285,0.0027515,2.95e-05,3061,1220,122,31.5,35,1,1,0,0,0,0,0,1,1,0,false,false,false,false,false,false,false,false,false,false,false,false,false,false,false,false,false,false,false,false,false,false,false,false,false,false,false,false,false,false,false,false,false,false,false,true,false,false,true,true,false,false,false,11,3,1,4,0,0,0,false,false,false,false
Kubernetes,xgr,Kubernetes---kb_978_Normalized.json,1,1,0,1,0,1,0,completed,,,11.8968,0.006696,0.006254,0.000157,38608,31712,377,118,118,1,0,0,0,0,0,0,1,1,0,true,false,false,false,false,false,false,false,false,true,false,false,false,true,false,false,false,false,true,false,false,false,false,false,false,false,false,false,false,false,false,true,false,false,false,true,false,true,true,true,false,false,false,236,68,6,6,2,3,0,false,true,true,false
Kubernetes,xgr,Kubernetes---kb_979_Normalized.json,1,1,0,1,0,1,0,completed,,,15.6688,0.008101,0.007737,0.00011,38583,31698,396,122,122,1,0,0,0,0,0,0,1,1,0,true,false,false,false,false,false,false,false,false,true,false,false,false,true,false,false,false,false,true,false,false,false,false,false,false,false,false,false,false,false,false,true,false,false,false,true,false,true,true,true,false,false,false,235,68,6,6,2,2,0,false,true,true,false
Kubernetes,xgr,Kubernetes---kb_97_Normalized.json,5,2,3,2,3,5,0,completed,,,13.5094,0.0001364,8.16e-05,2.04e-05,37217,23390,602.8,181.6,258,0,3,0,2,0,1,0,1,0.6,-1,true,false,false,false,false,false,false,false,false,true,false,false,false,true,false,false,false,false,true,false,false,false,false,false,false,false,false,false,false,false,false,false,false,false,false,true,false,true,true,true,false,false,false,195,52,8,6,0,3,0,false,true,true,false
Kubernetes,xgr,Kubernetes---kb_980_Normalized.json,3,2,1,2,1,3,0,completed,,,1.79971,0.006797,0.00667533,4.9e-05,4649,2474,97.3333,37.3333,42,2,1,0,0,0,0,0,1,1,0,false,false,false,false,false,false,false,false,false,true,false,false,false,false,false,false,false,false,false,false,false,false,false,false,false,false,false,false,false,false,false,true,false,false,false,true,false,true,true,true,false,false,false,22,6,1,4,2,0,0,false,false,false,false
Kubernetes,xgr,Kubernetes---kb_981_Normalized.json,4,2,2,2,2,4,0,completed,,,8.5e-05,0.00456225,0.0044555,3.925e-05,5378,2474,101.25,38,43,2,2,0,0,0,0,0,1,1,0,false,false,false,false,false,false,false,false,false,true,false,false,false,false,false,false,false,false,false,false,false,false,false,false,false,false,false,false,false,false,false,true,false,false,false,true,false,true,true,true,false,false,false,22,6,1,4,2,0,0,false,false,false,false
Kubernetes,xgr,Kubernetes---kb_982_Normalized.json,5,2,3,2,3,5,0,completed,,,1.52841,0.000447,0.0003848,2.14e-05,3707,705,92,28,29,2,3,0,0,0,0,0,1,1,0,false,false,false,false,false,false,false,false,false,false,false,false,false,false,false,false,false,false,false,false,false,false,false,false,false,false,false,false,false,false,false,false,false,false,false,true,false,false,true,true,false,false,false,13,4,2,4,0,0,0,false,false,false,false
Kubernetes,xgr,Kubernetes---kb_983_Normalized.json,4,2,2,2,2,4,0,completed,,,7e-05,0.00054275,0.00046725,2.85e-05,3056,705,79.75,26,27,2,2,0,0,0,0,0,1,1,0,false,false,false,false,false,false,false,false,false,false,false,false,false,false,false,false,false,false,false,false,false,false,false,false,false,false,false,false,false,false,false,false,false,false,false,true,false,false,true,true,false,false,false,13,4,2,4,0,0,0,false,false,false,false
Kubernetes,xgr,Kubernetes---kb_984_Normalized.json,5,2,3,2,3,5,0,completed,,,1.41138,0.0003916,0.000336,1.84e-05,3661,702,83.4,27,29,2,3,0,0,0,0,0,1,1,0,false,false,false,false,false,false,false,false,false,false,false,false,false,false,false,false,false,false,false,false,false,false,false,false,false,false,false,false,false,false,false,false,false,false,false,true,false,false,true,true,false,false,false,13,4,2,4,0,0,0,false,false,false,false
Kubernetes,xgr,Kubernetes---kb_985_Normalized.json,2,1,1,1,1,2,0,completed,,,5.7e-05,0.0004935,0.00043,2.3e-05,2264,702,93.5,28,29,1,1,0,0,0,0,0,1,1,0,false,false,false,false,false,false,false,false,false,false,false,false,false,false,false,false,false,false,false,false,false,false,false,false,false,false,false,false,false,false,false,false,false,false,false,true,false,false,true,true,false,false,false,13,4,2,4,0,0,0,false,false,false,false
Kubernetes,xgr,Kubernetes---kb_986_Normalized.json,3,1,2,1,2,3,0,completed,,,1.5342,0.000314667,0.000265333,1.8e-05,2415,517,56,19,20,1,2,0,0,0,0,0,1,1,0,false,false,false,false,false,false,false,false,false,false,false,false,false,false,false,false,false,false,false,false,false,false,false,false,false,false,false,false,false,false,false,false,false,false,false,true,false,false,false,true,false,false,false,10,3,0,4,0,0,0,false,false,false,false
Kubernetes,xgr,Kubernetes---kb_987_Normalized.json,3,1,2,1,2,3,0,completed,,,7.1e-05,0.00035,0.000298333,2.03333e-05,2415,517,56,19,20,1,2,0,0,0,0,0,1,1,0,false,false,false,false,false,false,false,false,false,false,false,false,false,false,false,false,false,false,false,false,false,false,false,false,false,false,false,false,false,false,false,false,false,false,false,true,false,false,false,true,false,false,false,10,3,0,4,0,0,0,false,false,false,false
Kubernetes,xgr,Kubernetes---kb_988_Normalized.json,5,2,3,2,3,5,0,completed,,,6.8e-05,0.0003316,0.0002804,1.66e-05,3642,705,79,26,27,2,3,0,0,0,0,0,1,1,0,false,false,false,false,false,false,false,false,false,false,false,false,false,false,false,false,false,false,false,false,false,false,false,false,false,false,false,false,false,false,false,false,false,false,false,true,false,false,true,true,false,false,false,13,4,2,4,0,0,0,false,false,false,false
Kubernetes,xgr,Kubernetes---kb_989_Normalized.json,2,1,1,1,1,2,0,completed,,,5.1e-05,0.000388,0.000336,1.9e-05,1874,517,58.5,19,20,1,1,0,0,0,0,0,1,1,0,false,false,false,false,false,false,false,false,false,false,false,false,false,false,false,false,false,false,false,false,false,false,false,false,false,false,false,false,false,false,false,false,false,false,false,true,false,false,false,true,false,false,false,10,3,0,4,0,0,0,false,false,false,false
Kubernetes,xgr,Kubernetes---kb_98_Normalized.json,6,1,5,1,5,6,0,completed,,,12.9961,0.0050425,0.00487,6.46667e-05,37627,23345,335.5,103.167,111,1,5,0,0,0,0,0,1,1,0,true,false,false,false,false,false,false,false,false,true,false,false,false,true,false,false,false,false,true,false,false,false,false,false,false,false,false,false,false,false,false,false,false,false,false,true,false,true,true,true,false,false,false,194,52,8,6,0,2,0,false,true,true,false
Kubernetes,xgr,Kubernetes---kb_990_Normalized.json,3,2,1,2,1,3,0,completed,,,7.45404,0.031226,0.03031,0.00034,18776,11277,766.333,258,288,2,1,0,0,0,0,0,1,1,0,true,false,false,false,false,false,false,false,false,true,false,false,false,false,false,false,false,false,true,false,false,false,false,false,false,false,false,false,false,false,false,true,false,false,false,true,false,true,true,true,false,false,false,81,23,1,5,2,0,0,false,false,true,false
Kubernetes,xgr,Kubernetes---kb_991_Normalized.json,4,2,2,2,2,4,0,completed,,,0.000187,0.0202048,0.0195787,0.0002025,20943,11277,766,265,271,2,2,0,0,0,0,0,1,1,0,true,false,false,false,false,false,false,false,false,true,false,false,false,false,false,false,false,false,true,false,false,false,false,false,false,false,false,false,false,false,false,true,false,false,false,true,false,true,true,true,false,false,false,81,23,1,5,2,0,0,false,false,true,false
Kubernetes,xgr,Kubernetes---kb_992_Normalized.json,3,1,2,1,2,3,0,completed,,,1.69768,0.000582333,0.000496333,2.5e-05,4299,1450,129.333,46,48,1,2,0,0,0,0,0,1,1,0,false,false,false,false,false,false,false,false,false,true,false,false,false,false,false,false,false,false,true,false,false,false,false,false,false,false,false,false,false,false,false,false,false,false,false,true,false,true,false,true,false,false,false,20,4,0,5,0,0,0,false,false,false,false
Kubernetes,xgr,Kubernetes---kb_993_Normalized.json,3,2,1,2,1,3,0,completed,,,6.3e-05,0.000807,0.000703333,3.36667e-05,3667,1450,98.3333,35,48,2,1,0,0,0,0,0,1,1,0,false,false,false,false,false,false,false,false,false,true,false,false,false,false,false,false,false,false,true,false,false,false,false,false,false,false,false,false,false,false,false,false,false,false,false,true,false,true,false,true,false,false,false,20,4,0,5,0,0,0,false,false,false,false
Kubernetes,xgr,Kubernetes---kb_994_Normalized.json,1,1,0,1,0,1,0,completed,,,1.36342,0.000322,0.000262,2.3e-05,1523,837,38,12,12,1,0,0,0,0,0,0,1,1,0,false,false,false,false,false,false,false,false,false,true,false,false,false,false,false,false,false,false,false,false,false,false,false,false,false,false,false,false,false,false,false,false,false,false,false,true,false,true,false,true,false,false,false,12,2,0,4,0,0,0,false,false,false,false
Kubernetes,xgr,Kubernetes---kb_995_Normalized.json,2,2,0,2,0,2,0,completed,,,6.9e-05,0.000279,0.0002265,1.75e-05,1700,837,38.5,12,12,2,0,0,0,0,0,0,1,1,0,false,false,false,false,false,false,false,false,false,true,false,false,false,false,false,false,false,false,false,false,false,false,false,false,false,false,false,false,false,false,false,false,false,false,false,true,false,true,false,true,false,false,false,12,2,0,4,0,0,0,false,false,false,false
Kubernetes,xgr,Kubernetes---kb_996_Normalized.json,2,2,0,2,0,2,0,completed,,,94.2511,0.0001495,0.0001,1.75e-05,197603,158506,503,145.5,164,0,0,0,2,0,1,0,1,0,-1,true,false,false,false,false,false,false,false,false,true,false,false,false,true,false,false,false,false,true,false,false,false,false,false,false,false,false,false,false,false,false,true,false,false,false,true,false,true,true,true,false,false,false,1547,472,83,6,4,3,0,false,true,true,false
Kubernetes,xgr,Kubernetes---kb_999_Normalized.json,2,2,0,2,0,2,0,completed,,,107.804,0.0120765,0.0115345,0.0002325,197390,158487,436,130.5,139,2,0,0,0,0,0,0,1,1,0,true,false,false,false,false,false,false,false,false,true,false,false,false,true,false,false,false,false,true,false,false,false,false,false,false,false,false,false,false,false,false,true,false,false,false,true,false,true,true,true,false,false,false,1546,472,83,6,4,2,0,false,true,true,false
Kubernetes,xgr,Kubernetes---kb_99_Normalized.json,4,2,2,2,2,4,0,completed,,,1.52417,0.0039055,0.003818,3.6e-05,3143,669,107.25,29,31,2,2,0,0,0,0,0,1,1,0,false,false,false,false,false,false,false,false,false,false,false,false,false,false,false,false,false,false,false,false,false,false,false,false,false,false,false,false,false,false,false,false,false,false,false,true,false,false,true,true,false,false,false,12,4,2,4,0,0,0,false,false,false,false
Kubernetes,xgr,Kubernetes---kb_9_Normalized.json,2,1,1,1,1,2,0,completed,,,8e-05,0.0002185,0.0001795,1.45e-05,1333,247,20,7,8,1,1,0,0,0,0,0,1,1,0,false,false,false,false,false,false,false,false,false,false,false,false,false,false,false,false,false,false,false,false,false,false,false,false,false,false,false,false,false,false,false,false,false,false,false,true,false,false,true,true,false,false,false,6,1,1,4,0,0,0,false,false,false,false
