schema_id,test_id,expected_validity,actual_result,accepted,result_available,constraint_case,compile_grammar_s,validation_loop_s,compute_mask_s,commit_token_s,num_tokens,tokens_checked
Kubernetes---kb_0_Normalized.json,Kubernetes---kb_0_Normalized.json::test_00000,valid,passed,True,True,correct_accept,8.22803,0.029192,0.028234,0.000319,313,313
Kubernetes---kb_0_Normalized.json,Kubernetes---kb_0_Normalized.json::test_00001,valid,passed,True,True,correct_accept,8.22803,0.031042,0.030023,0.000336,311,311
Kubernetes---kb_0_Normalized.json,Kubernetes---kb_0_Normalized.json::test_00002,invalid,passed,False,True,correct_reject,8.22803,0.001134,0.000948,6.2e-05,306,48
Kubernetes---kb_1000_Normalized.json,Kubernetes---kb_1000_Normalized.json::test_00000,valid,passed,True,True,correct_accept,1.1641,0.010196,0.010005,7.1e-05,51,51
Kubernetes---kb_1000_Normalized.json,Kubernetes---kb_1000_Normalized.json::test_00001,invalid,passed,False,True,correct_reject,1.1641,0.003736,0.003642,2.8e-05,47,25
Kubernetes---kb_1000_Normalized.json,Kubernetes---kb_1000_Normalized.json::test_00002,valid,passed,True,True,correct_accept,1.1641,0.010471,0.010285,6.5e-05,52,52
Kubernetes---kb_1000_Normalized.json,Kubernetes---kb_1000_Normalized.json::test_00003,invalid,passed,False,True,correct_reject,1.1641,0.006685,0.00656,4.5e-05,57,35
Kubernetes---kb_1001_Normalized.json,Kubernetes---kb_1001_Normalized.json::test_00000,valid,passed,True,True,correct_accept,1.26442,0.010254,0.010041,8.3e-05,52,52
Kubernetes---kb_1001_Normalized.json,Kubernetes---kb_1001_Normalized.json::test_00001,invalid,passed,False,True,correct_reject,1.26442,0.00384,0.003739,4.1e-05,48,25
Kubernetes---kb_1001_Normalized.json,Kubernetes---kb_1001_Normalized.json::test_00002,invalid,passed,False,True,correct_reject,1.26442,0.010471,0.010293,7.2e-05,52,45
Kubernetes---kb_1001_Normalized.json,Kubernetes---kb_1001_Normalized.json::test_00003,invalid,passed,False,True,correct_reject,1.26442,0.010522,0.010356,6.3e-05,52,45
Kubernetes---kb_1001_Normalized.json,Kubernetes---kb_1001_Normalized.json::test_00004,valid,passed,True,True,correct_accept,1.26442,0.01052,0.010323,7e-05,53,53
Kubernetes---kb_1001_Normalized.json,Kubernetes---kb_1001_Normalized.json::test_00005,invalid,passed,False,True,correct_reject,1.26442,6.6e-05,4.1e-05,7e-06,47,2
Kubernetes---kb_1001_Normalized.json,Kubernetes---kb_1001_Normalized.json::test_00006,invalid,passed,False,True,correct_reject,1.26442,6.9e-05,4.4e-05,8e-06,44,2
Kubernetes---kb_1002_Normalized.json,Kubernetes---kb_1002_Normalized.json::test_00000,valid,passed,True,True,correct_accept,1.13114,0.010564,0.010361,7.5e-05,51,51
Kubernetes---kb_1002_Normalized.json,Kubernetes---kb_1002_Normalized.json::test_00001,invalid,passed,False,True,correct_reject,1.13114,0.003622,0.003514,4.3e-05,47,25
Kubernetes---kb_1002_Normalized.json,Kubernetes---kb_1002_Normalized.json::test_00002,invalid,passed,False,True,correct_reject,1.13114,0.000104,6.9e-05,1.5e-05,41,7
Kubernetes---kb_1002_Normalized.json,Kubernetes---kb_1002_Normalized.json::test_00003,valid,passed,True,True,correct_accept,1.13114,0.00946,0.009281,6e-05,51,51
Kubernetes---kb_1002_Normalized.json,Kubernetes---kb_1002_Normalized.json::test_00004,invalid,passed,False,True,correct_reject,1.13114,7.3e-05,4.5e-05,8e-06,47,2
Kubernetes---kb_1002_Normalized.json,Kubernetes---kb_1002_Normalized.json::test_00005,invalid,passed,False,True,correct_reject,1.13114,8.4e-05,6.2e-05,9e-06,58,2
Kubernetes---kb_1003_Normalized.json,Kubernetes---kb_1003_Normalized.json::test_00000,valid,passed,True,True,correct_accept,1.14284,0.010074,0.009848,8.4e-05,51,51
Kubernetes---kb_1003_Normalized.json,Kubernetes---kb_1003_Normalized.json::test_00001,invalid,passed,False,True,correct_reject,1.14284,0.004059,0.003926,4.7e-05,47,25
Kubernetes---kb_1003_Normalized.json,Kubernetes---kb_1003_Normalized.json::test_00002,valid,passed,True,True,correct_accept,1.14284,0.012936,0.012638,0.00013,52,52
Kubernetes---kb_1003_Normalized.json,Kubernetes---kb_1003_Normalized.json::test_00003,invalid,passed,False,True,correct_reject,1.14284,6.7e-05,3.9e-05,7e-06,48,2
Kubernetes---kb_1008_Normalized.json,Kubernetes---kb_1008_Normalized.json::test_00000,valid,passed,True,True,correct_accept,69.415,0.018093,0.017447,0.000276,158,158
Kubernetes---kb_1008_Normalized.json,Kubernetes---kb_1008_Normalized.json::test_00001,valid,passed,True,True,correct_accept,69.415,0.018444,0.01783,0.000271,149,149
Kubernetes---kb_100_Normalized.json,Kubernetes---kb_100_Normalized.json::test_00000,valid,passed,True,True,correct_accept,1.20021,0.00944,0.009235,9.6e-05,31,31
Kubernetes---kb_100_Normalized.json,Kubernetes---kb_100_Normalized.json::test_00001,invalid,passed,False,True,correct_reject,1.20021,0.000109,7.5e-05,1.3e-05,30,5
Kubernetes---kb_100_Normalized.json,Kubernetes---kb_100_Normalized.json::test_00002,valid,passed,True,True,correct_accept,1.20021,0.009328,0.009152,8.4e-05,27,27
Kubernetes---kb_100_Normalized.json,Kubernetes---kb_100_Normalized.json::test_00003,invalid,passed,False,True,correct_reject,1.20021,8e-05,6e-05,9e-06,29,2
Kubernetes---kb_100_Normalized.json,Kubernetes---kb_100_Normalized.json::test_00004,invalid,passed,False,True,correct_reject,1.20021,7.2e-05,5.1e-05,8e-06,25,2
Kubernetes---kb_1011_Normalized.json,Kubernetes---kb_1011_Normalized.json::test_00000,valid,passed,True,True,correct_accept,80.5446,0.019546,0.018879,0.000306,149,149
Kubernetes---kb_1011_Normalized.json,Kubernetes---kb_1011_Normalized.json::test_00001,valid,passed,True,True,correct_accept,80.5446,0.018354,0.017699,0.00028,159,159
Kubernetes---kb_1012_Normalized.json,Kubernetes---kb_1012_Normalized.json::test_00000,valid,passed,True,True,correct_accept,4.00831,0.030635,0.030163,0.000183,118,118
Kubernetes---kb_1012_Normalized.json,Kubernetes---kb_1012_Normalized.json::test_00001,invalid,passed,False,True,correct_reject,4.00831,9e-05,5.7e-05,1.4e-05,117,5
Kubernetes---kb_1012_Normalized.json,Kubernetes---kb_1012_Normalized.json::test_00002,invalid,passed,False,True,correct_reject,4.00831,9.1e-05,5.7e-05,1.6e-05,119,5
Kubernetes---kb_1012_Normalized.json,Kubernetes---kb_1012_Normalized.json::test_00003,invalid,passed,False,True,correct_reject,4.00831,0.014056,0.013837,8.6e-05,112,51
Kubernetes---kb_1012_Normalized.json,Kubernetes---kb_1012_Normalized.json::test_00004,invalid,passed,False,True,correct_reject,4.00831,0.032649,0.032227,0.000168,118,102
Kubernetes---kb_1012_Normalized.json,Kubernetes---kb_1012_Normalized.json::test_00005,invalid,passed,False,True,correct_reject,4.00831,0.000128,8.5e-05,2.2e-05,118,5
Kubernetes---kb_1012_Normalized.json,Kubernetes---kb_1012_Normalized.json::test_00006,valid,passed,True,True,correct_accept,4.00831,0.04539,0.044693,0.000268,174,174
Kubernetes---kb_1012_Normalized.json,Kubernetes---kb_1012_Normalized.json::test_00007,invalid,passed,False,True,correct_reject,4.00831,0.026908,0.026464,0.000176,180,112
Kubernetes---kb_1012_Normalized.json,Kubernetes---kb_1012_Normalized.json::test_00008,invalid,passed,False,True,correct_reject,4.00831,0.000101,6.5e-05,1.8e-05,182,5
Kubernetes---kb_1015_Normalized.json,Kubernetes---kb_1015_Normalized.json::test_00000,valid,passed,True,True,correct_accept,3.4783,0.039621,0.038992,0.000234,174,174
Kubernetes---kb_1015_Normalized.json,Kubernetes---kb_1015_Normalized.json::test_00001,invalid,passed,False,True,correct_reject,3.4783,0.000115,7.2e-05,2.1e-05,167,5
Kubernetes---kb_1015_Normalized.json,Kubernetes---kb_1015_Normalized.json::test_00002,invalid,passed,False,True,correct_reject,3.4783,0.023909,0.023506,0.000141,176,114
Kubernetes---kb_1015_Normalized.json,Kubernetes---kb_1015_Normalized.json::test_00003,invalid,passed,False,True,correct_reject,3.4783,0.023092,0.022743,0.00012,168,106
Kubernetes---kb_1015_Normalized.json,Kubernetes---kb_1015_Normalized.json::test_00004,invalid,passed,False,True,correct_reject,3.4783,0.000104,6.4e-05,2.3e-05,174,5
Kubernetes---kb_1015_Normalized.json,Kubernetes---kb_1015_Normalized.json::test_00005,invalid,passed,False,True,correct_reject,3.4783,0.032769,0.032267,0.000171,219,157
Kubernetes---kb_1015_Normalized.json,Kubernetes---kb_1015_Normalized.json::test_00006,valid,passed,True,True,correct_accept,3.4783,0.040169,0.039505,0.000252,174,174
Kubernetes---kb_1015_Normalized.json,Kubernetes---kb_1015_Normalized.json::test_00007,invalid,passed,False,True,correct_reject,3.4783,0.023606,0.023231,0.000132,174,105
Kubernetes---kb_1016_Normalized.json,Kubernetes---kb_1016_Normalized.json::test_00000,valid,failed,False,True,over_constraint,1.10584,0.000254,0.00022,1.2e-05,18,8
Kubernetes---kb_1016_Normalized.json,Kubernetes---kb_1016_Normalized.json::test_00001,invalid,passed,False,True,correct_reject,1.10584,7.6e-05,5.7e-05,6e-06,16,5
Kubernetes---kb_1016_Normalized.json,Kubernetes---kb_1016_Normalized.json::test_00002,invalid,passed,False,True,correct_reject,1.10584,0.000207,0.000181,9e-06,18,8
Kubernetes---kb_1016_Normalized.json,Kubernetes---kb_1016_Normalized.json::test_00003,valid,passed,True,True,correct_accept,1.10584,0.000389,0.00034,1.6e-05,18,18
Kubernetes---kb_1016_Normalized.json,Kubernetes---kb_1016_Normalized.json::test_00004,invalid,passed,False,True,correct_reject,1.10584,7.2e-05,5.4e-05,6e-06,16,5
Kubernetes---kb_1019_Normalized.json,Kubernetes---kb_1019_Normalized.json::test_00000,valid,failed,False,True,over_constraint,1.2207,0.000305,0.000263,1.4e-05,18,8
Kubernetes---kb_1019_Normalized.json,Kubernetes---kb_1019_Normalized.json::test_00001,invalid,passed,False,True,correct_reject,1.2207,0.0001,7.4e-05,9e-06,16,5
Kubernetes---kb_1019_Normalized.json,Kubernetes---kb_1019_Normalized.json::test_00002,invalid,passed,False,True,correct_reject,1.2207,0.000295,0.000247,1.3e-05,18,8
Kubernetes---kb_1019_Normalized.json,Kubernetes---kb_1019_Normalized.json::test_00003,valid,passed,True,True,correct_accept,1.2207,0.000476,0.000411,2.4e-05,18,18
Kubernetes---kb_101_Normalized.json,Kubernetes---kb_101_Normalized.json::test_00000,valid,failed,False,True,over_constraint,6.14023,0.000655,0.000529,4.7e-05,70,33
Kubernetes---kb_101_Normalized.json,Kubernetes---kb_101_Normalized.json::test_00001,invalid,passed,False,True,correct_reject,6.14023,0.000667,0.000542,4.9e-05,95,33
Kubernetes---kb_101_Normalized.json,Kubernetes---kb_101_Normalized.json::test_00002,invalid,passed,False,True,correct_reject,6.14023,8.6e-05,5.7e-05,1.3e-05,67,6
Kubernetes---kb_101_Normalized.json,Kubernetes---kb_101_Normalized.json::test_00003,invalid,passed,False,True,correct_reject,6.14023,0.000521,0.000432,3e-05,90,33
Kubernetes---kb_101_Normalized.json,Kubernetes---kb_101_Normalized.json::test_00004,invalid,passed,False,True,correct_reject,6.14023,0.000585,0.000474,3.7e-05,79,33
Kubernetes---kb_101_Normalized.json,Kubernetes---kb_101_Normalized.json::test_00005,invalid,passed,False,True,correct_reject,6.14023,0.000902,0.000757,6e-05,69,33
Kubernetes---kb_101_Normalized.json,Kubernetes---kb_101_Normalized.json::test_00006,valid,passed,True,True,correct_accept,6.14023,0.005516,0.00529,7.2e-05,79,79
Kubernetes---kb_101_Normalized.json,Kubernetes---kb_101_Normalized.json::test_00007,invalid,passed,False,True,correct_reject,6.14023,6.6e-05,4.3e-05,9e-06,79,7
Kubernetes---kb_1020_Normalized.json,Kubernetes---kb_1020_Normalized.json::test_00000,valid,passed,True,True,correct_accept,5.51654,0.004816,0.004296,0.000196,155,155
Kubernetes---kb_1020_Normalized.json,Kubernetes---kb_1020_Normalized.json::test_00001,invalid,passed,False,True,correct_reject,5.51654,0.000291,0.000203,4.1e-05,159,12
Kubernetes---kb_1020_Normalized.json,Kubernetes---kb_1020_Normalized.json::test_00002,invalid,passed,False,True,correct_reject,5.51654,8.3e-05,5.5e-05,1e-05,154,6
Kubernetes---kb_1020_Normalized.json,Kubernetes---kb_1020_Normalized.json::test_00003,invalid,passed,False,True,correct_reject,5.51654,9.7e-05,5.9e-05,1.1e-05,155,7
Kubernetes---kb_1020_Normalized.json,Kubernetes---kb_1020_Normalized.json::test_00004,invalid,passed,False,True,correct_reject,5.51654,0.002019,0.001733,0.000115,155,84
Kubernetes---kb_1020_Normalized.json,Kubernetes---kb_1020_Normalized.json::test_00005,invalid,passed,False,True,correct_reject,5.51654,0.00018,0.000122,3.1e-05,155,12
Kubernetes---kb_1020_Normalized.json,Kubernetes---kb_1020_Normalized.json::test_00006,invalid,passed,False,True,correct_reject,5.51654,9e-05,5.9e-05,1.2e-05,163,7
Kubernetes---kb_1020_Normalized.json,Kubernetes---kb_1020_Normalized.json::test_00007,valid,passed,True,True,correct_accept,5.51654,0.00512,0.004604,0.000177,163,163
Kubernetes---kb_1020_Normalized.json,Kubernetes---kb_1020_Normalized.json::test_00008,invalid,passed,False,True,correct_reject,5.51654,0.000213,0.000158,2.2e-05,163,12
Kubernetes---kb_1020_Normalized.json,Kubernetes---kb_1020_Normalized.json::test_00009,invalid,passed,False,True,correct_reject,5.51654,0.000201,0.000155,1.7e-05,164,12
Kubernetes---kb_1021_Normalized.json,Kubernetes---kb_1021_Normalized.json::test_00000,valid,passed,True,True,correct_accept,4.94389,0.004867,0.004393,0.000149,163,163
Kubernetes---kb_1021_Normalized.json,Kubernetes---kb_1021_Normalized.json::test_00001,invalid,passed,False,True,correct_reject,4.94389,0.000438,0.000386,2e-05,163,12
Kubernetes---kb_1021_Normalized.json,Kubernetes---kb_1021_Normalized.json::test_00002,invalid,passed,False,True,correct_reject,4.94389,0.000153,0.00012,1.2e-05,162,6
Kubernetes---kb_1021_Normalized.json,Kubernetes---kb_1021_Normalized.json::test_00003,invalid,passed,False,True,correct_reject,4.94389,0.001874,0.001674,6.6e-05,215,69
Kubernetes---kb_1021_Normalized.json,Kubernetes---kb_1021_Normalized.json::test_00004,invalid,passed,False,True,correct_reject,4.94389,0.003196,0.002902,9e-05,105,98
Kubernetes---kb_1021_Normalized.json,Kubernetes---kb_1021_Normalized.json::test_00005,valid,passed,True,True,correct_accept,4.94389,0.003503,0.003129,0.000112,136,136
Kubernetes---kb_1021_Normalized.json,Kubernetes---kb_1021_Normalized.json::test_00006,invalid,passed,False,True,correct_reject,4.94389,0.000451,0.000401,2e-05,75,12
Kubernetes---kb_1021_Normalized.json,Kubernetes---kb_1021_Normalized.json::test_00007,invalid,passed,False,True,correct_reject,4.94389,0.001132,0.001001,4e-05,136,41
Kubernetes---kb_1022_Normalized.json,Kubernetes---kb_1022_Normalized.json::test_00000,valid,passed,True,True,correct_accept,1.28924,0.001365,0.001241,4.6e-05,32,32
Kubernetes---kb_1022_Normalized.json,Kubernetes---kb_1022_Normalized.json::test_00001,invalid,passed,False,True,correct_reject,1.28924,0.000103,7.9e-05,8e-06,28,5
Kubernetes---kb_1022_Normalized.json,Kubernetes---kb_1022_Normalized.json::test_00002,valid,passed,True,True,correct_accept,1.28924,0.001584,0.001446,5.8e-05,27,27
Kubernetes---kb_1022_Normalized.json,Kubernetes---kb_1022_Normalized.json::test_00003,invalid,passed,False,True,correct_reject,1.28924,9.1e-05,6.8e-05,8e-06,22,4
Kubernetes---kb_1022_Normalized.json,Kubernetes---kb_1022_Normalized.json::test_00004,invalid,passed,False,True,correct_reject,1.28924,0.000108,8.3e-05,8e-06,23,5
Kubernetes---kb_1023_Normalized.json,Kubernetes---kb_1023_Normalized.json::test_00000,valid,passed,True,True,correct_accept,1.27406,0.001393,0.001272,4.9e-05,31,31
Kubernetes---kb_1023_Normalized.json,Kubernetes---kb_1023_Normalized.json::test_00001,invalid,passed,False,True,correct_reject,1.27406,0.000147,0.000111,1.2e-05,27,5
Kubernetes---kb_1023_Normalized.json,Kubernetes---kb_1023_Normalized.json::test_00002,invalid,passed,False,True,correct_reject,1.27406,0.000149,0.000118,1.4e-05,35,5
Kubernetes---kb_1023_Normalized.json,Kubernetes---kb_1023_Normalized.json::test_00003,valid,passed,True,True,correct_accept,1.27406,0.002046,0.001862,0.0001,32,32
Kubernetes---kb_1023_Normalized.json,Kubernetes---kb_1023_Normalized.json::test_00004,invalid,passed,False,True,correct_reject,1.27406,0.000136,0.000108,1.1e-05,28,5
Kubernetes---kb_1024_Normalized.json,Kubernetes---kb_1024_Normalized.json::test_00000,valid,passed,True,True,correct_accept,2.45035,0.005206,0.004747,0.000184,105,105
Kubernetes---kb_1024_Normalized.json,Kubernetes---kb_1024_Normalized.json::test_00001,invalid,passed,False,True,correct_reject,2.45035,0.000112,7.8e-05,1.2e-05,59,5
Kubernetes---kb_1024_Normalized.json,Kubernetes---kb_1024_Normalized.json::test_00002,invalid,passed,False,True,correct_reject,2.45035,0.002432,0.002197,9.7e-05,104,53
Kubernetes---kb_1024_Normalized.json,Kubernetes---kb_1024_Normalized.json::test_00003,invalid,passed,False,True,correct_reject,2.45035,0.001719,0.001545,4.9e-05,104,59
Kubernetes---kb_1024_Normalized.json,Kubernetes---kb_1024_Normalized.json::test_00004,invalid,passed,False,True,correct_reject,2.45035,0.001117,0.000989,5.6e-05,104,26
Kubernetes---kb_1024_Normalized.json,Kubernetes---kb_1024_Normalized.json::test_00005,valid,passed,True,True,correct_accept,2.45035,0.004621,0.004231,0.000147,98,98
Kubernetes---kb_1024_Normalized.json,Kubernetes---kb_1024_Normalized.json::test_00006,invalid,passed,False,True,correct_reject,2.45035,0.000127,8e-05,2.7e-05,68,5
Kubernetes---kb_1025_Normalized.json,Kubernetes---kb_1025_Normalized.json::test_00000,valid,passed,True,True,correct_accept,1.9798,0.00272,0.002454,7.2e-05,105,105
Kubernetes---kb_1025_Normalized.json,Kubernetes---kb_1025_Normalized.json::test_00001,invalid,passed,False,True,correct_reject,1.9798,8.1e-05,5.7e-05,8e-06,57,5
Kubernetes---kb_1025_Normalized.json,Kubernetes---kb_1025_Normalized.json::test_00002,invalid,passed,False,True,correct_reject,1.9798,0.00126,0.001123,3.6e-05,104,53
Kubernetes---kb_1025_Normalized.json,Kubernetes---kb_1025_Normalized.json::test_00003,invalid,passed,False,True,correct_reject,1.9798,0.002017,0.001808,7.3e-05,105,60
Kubernetes---kb_1025_Normalized.json,Kubernetes---kb_1025_Normalized.json::test_00004,invalid,passed,False,True,correct_reject,1.9798,0.000115,8.4e-05,1.1e-05,133,8
Kubernetes---kb_1025_Normalized.json,Kubernetes---kb_1025_Normalized.json::test_00005,valid,passed,True,True,correct_accept,1.9798,0.003496,0.003171,0.0001,107,107
Kubernetes---kb_1025_Normalized.json,Kubernetes---kb_1025_Normalized.json::test_00006,invalid,passed,False,True,correct_reject,1.9798,7.6e-05,5.3e-05,9e-06,57,5
Kubernetes---kb_1026_Normalized.json,Kubernetes---kb_1026_Normalized.json::test_00000,valid,failed,False,True,over_constraint,8.82316,0.000196,0.000125,2.6e-05,135,11
Kubernetes---kb_1026_Normalized.json,Kubernetes---kb_1026_Normalized.json::test_00001,invalid,passed,False,True,correct_reject,8.82316,0.000135,8.4e-05,2e-05,169,11
Kubernetes---kb_1026_Normalized.json,Kubernetes---kb_1026_Normalized.json::test_00002,invalid,passed,False,True,correct_reject,8.82316,0.000181,0.000113,2.8e-05,132,11
Kubernetes---kb_1026_Normalized.json,Kubernetes---kb_1026_Normalized.json::test_00003,invalid,passed,False,True,correct_reject,8.82316,0.000114,7.3e-05,1.3e-05,136,11
Kubernetes---kb_1026_Normalized.json,Kubernetes---kb_1026_Normalized.json::test_00004,invalid,passed,False,True,correct_reject,8.82316,0.000131,8.1e-05,1.7e-05,136,11
Kubernetes---kb_1026_Normalized.json,Kubernetes---kb_1026_Normalized.json::test_00005,invalid,passed,False,True,correct_reject,8.82316,0.000137,8.5e-05,2e-05,132,11
Kubernetes---kb_1026_Normalized.json,Kubernetes---kb_1026_Normalized.json::test_00006,valid,failed,False,True,over_constraint,8.82316,0.003596,0.00351,4e-05,91,18
Kubernetes---kb_1026_Normalized.json,Kubernetes---kb_1026_Normalized.json::test_00007,invalid,passed,False,True,correct_reject,8.82316,0.00014,9e-05,2.1e-05,92,11
Kubernetes---kb_1026_Normalized.json,Kubernetes---kb_1026_Normalized.json::test_00008,invalid,passed,False,True,correct_reject,8.82316,0.000147,9.4e-05,2.4e-05,127,11
Kubernetes---kb_1027_Normalized.json,Kubernetes---kb_1027_Normalized.json::test_00000,valid,failed,False,True,over_constraint,9.90221,0.000169,0.00011,2.2e-05,137,11
Kubernetes---kb_1027_Normalized.json,Kubernetes---kb_1027_Normalized.json::test_00001,invalid,passed,False,True,correct_reject,9.90221,0.000146,9.3e-05,1.9e-05,138,11
Kubernetes---kb_1027_Normalized.json,Kubernetes---kb_1027_Normalized.json::test_00002,invalid,passed,False,True,correct_reject,9.90221,0.000158,0.000105,2.1e-05,138,11
Kubernetes---kb_1027_Normalized.json,Kubernetes---kb_1027_Normalized.json::test_00003,invalid,passed,False,True,correct_reject,9.90221,0.000117,7.4e-05,1.4e-05,143,11
Kubernetes---kb_1027_Normalized.json,Kubernetes---kb_1027_Normalized.json::test_00004,valid,failed,False,True,over_constraint,9.90221,0.007123,0.006896,7.5e-05,146,59
Kubernetes---kb_1027_Normalized.json,Kubernetes---kb_1027_Normalized.json::test_00005,invalid,passed,False,True,correct_reject,9.90221,0.000115,7.3e-05,1.5e-05,139,11
Kubernetes---kb_1027_Normalized.json,Kubernetes---kb_1027_Normalized.json::test_00006,invalid,passed,False,True,correct_reject,9.90221,0.000139,8.9e-05,1.9e-05,152,11
Kubernetes---kb_1027_Normalized.json,Kubernetes---kb_1027_Normalized.json::test_00007,invalid,passed,False,True,correct_reject,9.90221,0.000132,8.4e-05,1.9e-05,654,11
Kubernetes---kb_1028_Normalized.json,Kubernetes---kb_1028_Normalized.json::test_00000,valid,failed,False,True,over_constraint,9.92706,0.010512,0.010287,9.6e-05,119,54
Kubernetes---kb_1028_Normalized.json,Kubernetes---kb_1028_Normalized.json::test_00001,invalid,passed,False,True,correct_reject,9.92706,0.00731,0.007139,7.6e-05,145,41
Kubernetes---kb_1028_Normalized.json,Kubernetes---kb_1028_Normalized.json::test_00002,invalid,passed,False,True,correct_reject,9.92706,0.021326,0.021065,0.000123,109,54
Kubernetes---kb_1028_Normalized.json,Kubernetes---kb_1028_Normalized.json::test_00003,invalid,passed,False,True,correct_reject,9.92706,0.009594,0.00937,9.3e-05,150,54
Kubernetes---kb_1028_Normalized.json,Kubernetes---kb_1028_Normalized.json::test_00004,invalid,passed,False,True,correct_reject,9.92706,0.009755,0.009542,9.2e-05,115,54
Kubernetes---kb_1028_Normalized.json,Kubernetes---kb_1028_Normalized.json::test_00005,invalid,passed,False,True,correct_reject,9.92706,0.010668,0.010427,0.000105,116,54
Kubernetes---kb_1028_Normalized.json,Kubernetes---kb_1028_Normalized.json::test_00006,valid,passed,True,True,correct_accept,9.92706,0.023904,0.023451,0.000168,130,130
Kubernetes---kb_1028_Normalized.json,Kubernetes---kb_1028_Normalized.json::test_00007,invalid,passed,False,True,correct_reject,9.92706,0.010531,0.010272,0.000128,133,54
Kubernetes---kb_1028_Normalized.json,Kubernetes---kb_1028_Normalized.json::test_00008,invalid,passed,False,True,correct_reject,9.92706,0.01036,0.010118,0.000104,118,54
Kubernetes---kb_1029_Normalized.json,Kubernetes---kb_1029_Normalized.json::test_00000,valid,failed,False,True,over_constraint,11.2277,0.000182,0.00011,3.2e-05,131,11
Kubernetes---kb_1029_Normalized.json,Kubernetes---kb_1029_Normalized.json::test_00001,invalid,passed,False,True,correct_reject,11.2277,0.000119,7.2e-05,1.5e-05,135,11
Kubernetes---kb_1029_Normalized.json,Kubernetes---kb_1029_Normalized.json::test_00002,invalid,passed,False,True,correct_reject,11.2277,0.000123,7.6e-05,1.8e-05,130,11
Kubernetes---kb_1029_Normalized.json,Kubernetes---kb_1029_Normalized.json::test_00003,invalid,passed,False,True,correct_reject,11.2277,0.000116,7.3e-05,1.5e-05,38,11
Kubernetes---kb_1029_Normalized.json,Kubernetes---kb_1029_Normalized.json::test_00004,valid,failed,False,True,over_constraint,11.2277,0.00011,6.9e-05,1.4e-05,288,11
Kubernetes---kb_1029_Normalized.json,Kubernetes---kb_1029_Normalized.json::test_00005,invalid,passed,False,True,correct_reject,11.2277,0.000177,0.000108,2.7e-05,286,11
Kubernetes---kb_1029_Normalized.json,Kubernetes---kb_1029_Normalized.json::test_00006,invalid,passed,False,True,correct_reject,11.2277,0.000115,7.1e-05,1.5e-05,273,11
Kubernetes---kb_102_Normalized.json,Kubernetes---kb_102_Normalized.json::test_00000,valid,failed,False,True,over_constraint,9.00117,0.00091,0.000795,3.9e-05,65,33
Kubernetes---kb_102_Normalized.json,Kubernetes---kb_102_Normalized.json::test_00001,invalid,passed,False,True,correct_reject,9.00117,0.000141,0.000109,1.1e-05,63,6
Kubernetes---kb_102_Normalized.json,Kubernetes---kb_102_Normalized.json::test_00002,invalid,passed,False,True,correct_reject,9.00117,0.000876,0.00077,3.5e-05,64,33
Kubernetes---kb_102_Normalized.json,Kubernetes---kb_102_Normalized.json::test_00003,invalid,passed,False,True,correct_reject,9.00117,0.000822,0.000724,3e-05,70,33
Kubernetes---kb_102_Normalized.json,Kubernetes---kb_102_Normalized.json::test_00004,valid,passed,True,True,correct_accept,9.00117,0.007824,0.007576,8.8e-05,78,78
Kubernetes---kb_1030_Normalized.json,Kubernetes---kb_1030_Normalized.json::test_00000,valid,failed,False,True,over_constraint,11.0743,0.000171,0.000106,3e-05,171,11
Kubernetes---kb_1030_Normalized.json,Kubernetes---kb_1030_Normalized.json::test_00001,invalid,passed,False,True,correct_reject,11.0743,0.000122,7.4e-05,1.5e-05,157,11
Kubernetes---kb_1030_Normalized.json,Kubernetes---kb_1030_Normalized.json::test_00002,invalid,passed,False,True,correct_reject,11.0743,0.000139,8.8e-05,1.9e-05,178,11
Kubernetes---kb_1030_Normalized.json,Kubernetes---kb_1030_Normalized.json::test_00003,invalid,passed,False,True,correct_reject,11.0743,0.000132,8.4e-05,1.7e-05,236,11
Kubernetes---kb_1030_Normalized.json,Kubernetes---kb_1030_Normalized.json::test_00004,valid,failed,False,True,over_constraint,11.0743,0.000137,8.6e-05,1.8e-05,153,11
Kubernetes---kb_1030_Normalized.json,Kubernetes---kb_1030_Normalized.json::test_00005,invalid,passed,False,True,correct_reject,11.0743,0.000137,8.5e-05,2e-05,204,11
Kubernetes---kb_1030_Normalized.json,Kubernetes---kb_1030_Normalized.json::test_00006,invalid,passed,False,True,correct_reject,11.0743,0.000123,7.6e-05,1.6e-05,181,11
Kubernetes---kb_1031_Normalized.json,Kubernetes---kb_1031_Normalized.json::test_00000,valid,failed,False,True,over_constraint,11.2487,0.021305,0.020952,0.000133,112,104
Kubernetes---kb_1031_Normalized.json,Kubernetes---kb_1031_Normalized.json::test_00001,invalid,passed,False,True,correct_reject,11.2487,0.012765,0.012529,0.000103,111,59
Kubernetes---kb_1031_Normalized.json,Kubernetes---kb_1031_Normalized.json::test_00002,invalid,passed,False,True,correct_reject,11.2487,0.017558,0.017185,0.00015,112,104
Kubernetes---kb_1031_Normalized.json,Kubernetes---kb_1031_Normalized.json::test_00003,invalid,passed,False,True,correct_reject,11.2487,0.017039,0.016739,0.000126,111,80
Kubernetes---kb_1031_Normalized.json,Kubernetes---kb_1031_Normalized.json::test_00004,invalid,passed,False,True,correct_reject,11.2487,0.013518,0.01328,0.0001,111,59
Kubernetes---kb_1032_Normalized.json,Kubernetes---kb_1032_Normalized.json::test_00000,valid,passed,True,True,correct_accept,3.13969,0.00193,0.001698,7.7e-05,76,76
Kubernetes---kb_1032_Normalized.json,Kubernetes---kb_1032_Normalized.json::test_00001,invalid,passed,False,True,correct_reject,3.13969,0.000125,9e-05,1.1e-05,75,6
Kubernetes---kb_1032_Normalized.json,Kubernetes---kb_1032_Normalized.json::test_00002,invalid,passed,False,True,correct_reject,3.13969,0.000114,8.5e-05,9e-06,76,6
Kubernetes---kb_1032_Normalized.json,Kubernetes---kb_1032_Normalized.json::test_00003,invalid,passed,False,True,correct_reject,3.13969,0.000123,9.4e-05,9e-06,76,6
Kubernetes---kb_1033_Normalized.json,Kubernetes---kb_1033_Normalized.json::test_00000,valid,passed,True,True,correct_accept,3.1781,0.003305,0.002907,0.000158,76,76
Kubernetes---kb_1033_Normalized.json,Kubernetes---kb_1033_Normalized.json::test_00001,invalid,passed,False,True,correct_reject,3.1781,0.000136,0.000104,1e-05,75,6
Kubernetes---kb_1033_Normalized.json,Kubernetes---kb_1033_Normalized.json::test_00002,valid,passed,True,True,correct_accept,3.1781,0.001914,0.00169,6.6e-05,79,79
Kubernetes---kb_1033_Normalized.json,Kubernetes---kb_1033_Normalized.json::test_00003,invalid,passed,False,True,correct_reject,3.1781,0.000133,0.000104,1e-05,78,6
Kubernetes---kb_1033_Normalized.json,Kubernetes---kb_1033_Normalized.json::test_00004,invalid,passed,False,True,correct_reject,3.1781,0.000113,8.6e-05,1e-05,380,6
Kubernetes---kb_1034_Normalized.json,Kubernetes---kb_1034_Normalized.json::test_00000,valid,passed,True,True,correct_accept,1.59677,0.000754,0.000642,3.2e-05,41,41
Kubernetes---kb_1034_Normalized.json,Kubernetes---kb_1034_Normalized.json::test_00001,invalid,passed,False,True,correct_reject,1.59677,0.00011,8.1e-05,1e-05,40,6
Kubernetes---kb_1034_Normalized.json,Kubernetes---kb_1034_Normalized.json::test_00002,invalid,passed,False,True,correct_reject,1.59677,0.000551,0.000465,3.2e-05,39,22
Kubernetes---kb_1034_Normalized.json,Kubernetes---kb_1034_Normalized.json::test_00003,invalid,passed,False,True,correct_reject,1.59677,0.000113,8.6e-05,1e-05,38,6
Kubernetes---kb_1035_Normalized.json,Kubernetes---kb_1035_Normalized.json::test_00000,valid,passed,True,True,correct_accept,1.51896,0.000739,0.000636,2.3e-05,42,42
Kubernetes---kb_1035_Normalized.json,Kubernetes---kb_1035_Normalized.json::test_00001,invalid,passed,False,True,correct_reject,1.51896,8.4e-05,6.3e-05,6e-06,41,6
Kubernetes---kb_1035_Normalized.json,Kubernetes---kb_1035_Normalized.json::test_00002,invalid,passed,False,True,correct_reject,1.51896,0.000315,0.000265,1.2e-05,40,22
Kubernetes---kb_1035_Normalized.json,Kubernetes---kb_1035_Normalized.json::test_00003,valid,passed,True,True,correct_accept,1.51896,0.000652,0.000565,1.9e-05,41,41
Kubernetes---kb_1035_Normalized.json,Kubernetes---kb_1035_Normalized.json::test_00004,invalid,passed,False,True,correct_reject,1.51896,8.4e-05,6.3e-05,7e-06,40,6
Kubernetes---kb_1036_Normalized.json,Kubernetes---kb_1036_Normalized.json::test_00000,valid,passed,True,True,correct_accept,1.42882,0.000309,0.000256,1.7e-05,15,15
Kubernetes---kb_1036_Normalized.json,Kubernetes---kb_1036_Normalized.json::test_00001,invalid,passed,False,True,correct_reject,1.42882,8e-05,5.5e-05,7e-06,15,5
Kubernetes---kb_1036_Normalized.json,Kubernetes---kb_1036_Normalized.json::test_00002,invalid,passed,False,True,correct_reject,1.42882,0.000194,0.000155,1e-05,15,14
Kubernetes---kb_1036_Normalized.json,Kubernetes---kb_1036_Normalized.json::test_00003,valid,passed,True,True,correct_accept,1.42882,0.000221,0.000182,1.1e-05,15,15
Kubernetes---kb_1036_Normalized.json,Kubernetes---kb_1036_Normalized.json::test_00004,invalid,passed,False,True,correct_reject,1.42882,4.4e-05,2.9e-05,4e-06,15,5
Kubernetes---kb_1037_Normalized.json,Kubernetes---kb_1037_Normalized.json::test_00000,valid,passed,True,True,correct_accept,0.984158,0.002774,0.002682,2.3e-05,32,32
Kubernetes---kb_1037_Normalized.json,Kubernetes---kb_1037_Normalized.json::test_00001,invalid,passed,False,True,correct_reject,0.984158,0.0001,6.9e-05,1.2e-05,26,6
Kubernetes---kb_1037_Normalized.json,Kubernetes---kb_1037_Normalized.json::test_00002,invalid,passed,False,True,correct_reject,0.984158,0.002594,0.002527,2e-05,30,24
Kubernetes---kb_1037_Normalized.json,Kubernetes---kb_1037_Normalized.json::test_00003,invalid,passed,False,True,correct_reject,0.984158,0.00257,0.002507,1.8e-05,25,21
Kubernetes---kb_1038_Normalized.json,Kubernetes---kb_1038_Normalized.json::test_00000,valid,passed,True,True,correct_accept,0.986525,0.002942,0.002843,2.5e-05,36,36
Kubernetes---kb_1038_Normalized.json,Kubernetes---kb_1038_Normalized.json::test_00001,invalid,passed,False,True,correct_reject,0.986525,6.7e-05,4.6e-05,7e-06,26,6
Kubernetes---kb_1038_Normalized.json,Kubernetes---kb_1038_Normalized.json::test_00002,invalid,passed,False,True,correct_reject,0.986525,6e-05,4.1e-05,8e-06,45,5
Kubernetes---kb_1039_Normalized.json,Kubernetes---kb_1039_Normalized.json::test_00000,valid,passed,True,True,correct_accept,1.32433,0.005001,0.004841,6.3e-05,32,32
Kubernetes---kb_1039_Normalized.json,Kubernetes---kb_1039_Normalized.json::test_00001,invalid,passed,False,True,correct_reject,1.32433,0.000127,8.7e-05,1.4e-05,26,6
Kubernetes---kb_1039_Normalized.json,Kubernetes---kb_1039_Normalized.json::test_00002,invalid,passed,False,True,correct_reject,1.32433,0.004461,0.004346,4.3e-05,30,24
Kubernetes---kb_103_Normalized.json,Kubernetes---kb_103_Normalized.json::test_00000,valid,passed,True,True,correct_accept,7.56578,0.003834,0.00355,6.2e-05,116,116
Kubernetes---kb_103_Normalized.json,Kubernetes---kb_103_Normalized.json::test_00001,invalid,passed,False,True,correct_reject,7.56578,0.004293,0.00395,0.00012,115,75
Kubernetes---kb_103_Normalized.json,Kubernetes---kb_103_Normalized.json::test_00002,invalid,passed,False,True,correct_reject,7.56578,0.004235,0.003942,0.00011,110,70
Kubernetes---kb_103_Normalized.json,Kubernetes---kb_103_Normalized.json::test_00003,invalid,passed,False,True,correct_reject,7.56578,0.002681,0.002594,2.9e-05,116,27
Kubernetes---kb_1040_Normalized.json,Kubernetes---kb_1040_Normalized.json::test_00000,valid,passed,True,True,correct_accept,0.922374,0.002973,0.002879,2.5e-05,32,32
Kubernetes---kb_1040_Normalized.json,Kubernetes---kb_1040_Normalized.json::test_00001,invalid,passed,False,True,correct_reject,0.922374,7.1e-05,4.8e-05,7e-06,26,6
Kubernetes---kb_1040_Normalized.json,Kubernetes---kb_1040_Normalized.json::test_00002,invalid,passed,False,True,correct_reject,0.922374,0.002522,0.002457,1.7e-05,30,24
Kubernetes---kb_1040_Normalized.json,Kubernetes---kb_1040_Normalized.json::test_00003,invalid,passed,False,True,correct_reject,0.922374,0.003,0.00287,4.3e-05,33,32
Kubernetes---kb_1041_Normalized.json,Kubernetes---kb_1041_Normalized.json::test_00000,valid,failed,False,True,over_constraint,9.06856,0.000175,0.000113,2.6e-05,124,11
Kubernetes---kb_1041_Normalized.json,Kubernetes---kb_1041_Normalized.json::test_00001,invalid,passed,False,True,correct_reject,9.06856,8.8e-05,5.2e-05,1.1e-05,123,11
Kubernetes---kb_1041_Normalized.json,Kubernetes---kb_1041_Normalized.json::test_00002,invalid,passed,False,True,correct_reject,9.06856,0.000141,8.9e-05,2.1e-05,122,11
Kubernetes---kb_1041_Normalized.json,Kubernetes---kb_1041_Normalized.json::test_00003,invalid,passed,False,True,correct_reject,9.06856,9.3e-05,5.7e-05,1.2e-05,122,11
Kubernetes---kb_1041_Normalized.json,Kubernetes---kb_1041_Normalized.json::test_00004,valid,failed,False,True,over_constraint,9.06856,0.00011,7.2e-05,1.3e-05,185,11
Kubernetes---kb_1041_Normalized.json,Kubernetes---kb_1041_Normalized.json::test_00005,invalid,passed,False,True,correct_reject,9.06856,0.000153,9.6e-05,2.4e-05,188,11
Kubernetes---kb_1041_Normalized.json,Kubernetes---kb_1041_Normalized.json::test_00006,invalid,passed,False,True,correct_reject,9.06856,0.000101,6.2e-05,1.2e-05,204,11
Kubernetes---kb_1041_Normalized.json,Kubernetes---kb_1041_Normalized.json::test_00007,invalid,passed,False,True,correct_reject,9.06856,0.000134,8.4e-05,2.4e-05,184,11
Kubernetes---kb_1042_Normalized.json,Kubernetes---kb_1042_Normalized.json::test_00000,valid,failed,False,True,over_constraint,9.17409,0.000158,0.0001,2.3e-05,180,11
Kubernetes---kb_1042_Normalized.json,Kubernetes---kb_1042_Normalized.json::test_00001,invalid,passed,False,True,correct_reject,9.17409,8e-05,4.8e-05,9e-06,179,11
Kubernetes---kb_1042_Normalized.json,Kubernetes---kb_1042_Normalized.json::test_00002,invalid,passed,False,True,correct_reject,9.17409,8.1e-05,5e-05,1.1e-05,187,11
Kubernetes---kb_1042_Normalized.json,Kubernetes---kb_1042_Normalized.json::test_00003,invalid,passed,False,True,correct_reject,9.17409,7.9e-05,4.9e-05,1e-05,168,11
Kubernetes---kb_1043_Normalized.json,Kubernetes---kb_1043_Normalized.json::test_00000,valid,passed,True,True,correct_accept,8.92641,0.008869,0.008542,0.0001,125,125
Kubernetes---kb_1043_Normalized.json,Kubernetes---kb_1043_Normalized.json::test_00001,valid,passed,True,True,correct_accept,8.92641,0.009531,0.009213,9.2e-05,119,119
Kubernetes---kb_1043_Normalized.json,Kubernetes---kb_1043_Normalized.json::test_00002,invalid,passed,False,True,correct_reject,8.92641,0.012309,0.011889,0.000186,120,109
Kubernetes---kb_1043_Normalized.json,Kubernetes---kb_1043_Normalized.json::test_00003,invalid,passed,False,True,correct_reject,8.92641,0.01064,0.010402,0.000104,118,54
Kubernetes---kb_1044_Normalized.json,Kubernetes---kb_1044_Normalized.json::test_00000,valid,passed,True,True,correct_accept,2.79169,0.004761,0.004296,0.000176,121,121
Kubernetes---kb_1044_Normalized.json,Kubernetes---kb_1044_Normalized.json::test_00001,invalid,passed,False,True,correct_reject,2.79169,0.000688,0.00062,1.5e-05,128,28
Kubernetes---kb_1044_Normalized.json,Kubernetes---kb_1044_Normalized.json::test_00002,invalid,passed,False,True,correct_reject,2.79169,0.000538,0.00048,2.3e-05,119,13
Kubernetes---kb_1044_Normalized.json,Kubernetes---kb_1044_Normalized.json::test_00003,invalid,passed,False,True,correct_reject,2.79169,0.004071,0.00364,0.000149,120,112
Kubernetes---kb_1044_Normalized.json,Kubernetes---kb_1044_Normalized.json::test_00004,invalid,passed,False,True,correct_reject,2.79169,0.000875,0.000787,2.8e-05,134,28
Kubernetes---kb_1044_Normalized.json,Kubernetes---kb_1044_Normalized.json::test_00005,invalid,passed,False,True,correct_reject,2.79169,0.000553,0.00049,2.4e-05,120,13
Kubernetes---kb_1044_Normalized.json,Kubernetes---kb_1044_Normalized.json::test_00006,valid,passed,True,True,correct_accept,2.79169,0.004166,0.003731,0.000152,120,120
Kubernetes---kb_1044_Normalized.json,Kubernetes---kb_1044_Normalized.json::test_00007,invalid,passed,False,True,correct_reject,2.79169,0.000281,0.000241,1.6e-05,102,8
Kubernetes---kb_1044_Normalized.json,Kubernetes---kb_1044_Normalized.json::test_00008,invalid,passed,False,True,correct_reject,2.79169,0.001228,0.001119,3.9e-05,127,28
Kubernetes---kb_1044_Normalized.json,Kubernetes---kb_1044_Normalized.json::test_00009,invalid,passed,False,True,correct_reject,2.79169,0.000677,0.000611,1.5e-05,31,28
Kubernetes---kb_1045_Normalized.json,Kubernetes---kb_1045_Normalized.json::test_00000,valid,passed,True,True,correct_accept,3.84419,0.004407,0.004008,0.000131,121,121
Kubernetes---kb_1045_Normalized.json,Kubernetes---kb_1045_Normalized.json::test_00001,invalid,passed,False,True,correct_reject,3.84419,0.000707,0.000632,2.6e-05,130,17
Kubernetes---kb_1045_Normalized.json,Kubernetes---kb_1045_Normalized.json::test_00002,invalid,passed,False,True,correct_reject,3.84419,0.000398,0.000349,2.1e-05,116,8
Kubernetes---kb_1045_Normalized.json,Kubernetes---kb_1045_Normalized.json::test_00003,invalid,passed,False,True,correct_reject,3.84419,0.002442,0.00219,8e-05,120,89
Kubernetes---kb_1045_Normalized.json,Kubernetes---kb_1045_Normalized.json::test_00004,invalid,passed,False,True,correct_reject,3.84419,0.000279,0.000241,1.4e-05,120,8
Kubernetes---kb_1045_Normalized.json,Kubernetes---kb_1045_Normalized.json::test_00005,invalid,passed,False,True,correct_reject,3.84419,0.000487,0.000426,2.7e-05,119,9
Kubernetes---kb_1045_Normalized.json,Kubernetes---kb_1045_Normalized.json::test_00006,invalid,passed,False,True,correct_reject,3.84419,0.001114,0.000994,3.8e-05,121,41
Kubernetes---kb_1045_Normalized.json,Kubernetes---kb_1045_Normalized.json::test_00007,valid,passed,True,True,correct_accept,3.84419,0.004204,0.003832,0.000111,133,133
Kubernetes---kb_1045_Normalized.json,Kubernetes---kb_1045_Normalized.json::test_00008,invalid,passed,False,True,correct_reject,3.84419,0.000274,0.000238,1.2e-05,129,8
Kubernetes---kb_1045_Normalized.json,Kubernetes---kb_1045_Normalized.json::test_00009,invalid,passed,False,True,correct_reject,3.84419,0.001,0.000908,2.8e-05,147,28
Kubernetes---kb_1045_Normalized.json,Kubernetes---kb_1045_Normalized.json::test_00010,invalid,passed,False,True,correct_reject,3.84419,0.00076,0.000682,3.2e-05,141,13
Kubernetes---kb_1046_Normalized.json,Kubernetes---kb_1046_Normalized.json::test_00000,valid,passed,True,True,correct_accept,3.62111,0.003317,0.002979,9.4e-05,120,120
Kubernetes---kb_1046_Normalized.json,Kubernetes---kb_1046_Normalized.json::test_00001,invalid,passed,False,True,correct_reject,3.62111,0.001091,0.000989,3.3e-05,127,28
Kubernetes---kb_1046_Normalized.json,Kubernetes---kb_1046_Normalized.json::test_00002,invalid,passed,False,True,correct_reject,3.62111,0.002805,0.002516,7.9e-05,120,108
Kubernetes---kb_1046_Normalized.json,Kubernetes---kb_1046_Normalized.json::test_00003,invalid,passed,False,True,correct_reject,3.62111,0.003779,0.003414,0.000127,119,101
Kubernetes---kb_1046_Normalized.json,Kubernetes---kb_1046_Normalized.json::test_00004,invalid,passed,False,True,correct_reject,3.62111,0.000443,0.000393,1.8e-05,119,13
Kubernetes---kb_1046_Normalized.json,Kubernetes---kb_1046_Normalized.json::test_00005,valid,passed,True,True,correct_accept,3.62111,0.005937,0.005411,0.000192,132,132
Kubernetes---kb_1046_Normalized.json,Kubernetes---kb_1046_Normalized.json::test_00006,invalid,passed,False,True,correct_reject,3.62111,0.000721,0.00065,2.4e-05,131,20
Kubernetes---kb_1046_Normalized.json,Kubernetes---kb_1046_Normalized.json::test_00007,invalid,passed,False,True,correct_reject,3.62111,0.001004,0.000906,3e-05,138,28
Kubernetes---kb_1046_Normalized.json,Kubernetes---kb_1046_Normalized.json::test_00008,invalid,passed,False,True,correct_reject,3.62111,0.000615,0.000547,2e-05,141,19
Kubernetes---kb_1047_Normalized.json,Kubernetes---kb_1047_Normalized.json::test_00000,valid,passed,True,True,correct_accept,1.01633,0.000608,0.000515,2.9e-05,33,33
Kubernetes---kb_1047_Normalized.json,Kubernetes---kb_1047_Normalized.json::test_00001,invalid,passed,False,True,correct_reject,1.01633,5.4e-05,3.6e-05,6e-06,34,4
Kubernetes---kb_1047_Normalized.json,Kubernetes---kb_1047_Normalized.json::test_00002,invalid,passed,False,True,correct_reject,1.01633,6.2e-05,4.1e-05,8e-06,34,5
Kubernetes---kb_1047_Normalized.json,Kubernetes---kb_1047_Normalized.json::test_00003,invalid,passed,False,True,correct_reject,1.01633,6.1e-05,4.1e-05,7e-06,34,5
Kubernetes---kb_1048_Normalized.json,Kubernetes---kb_1048_Normalized.json::test_00000,valid,passed,True,True,correct_accept,1.07299,0.001398,0.001196,8.8e-05,33,33
Kubernetes---kb_1048_Normalized.json,Kubernetes---kb_1048_Normalized.json::test_00001,invalid,passed,False,True,correct_reject,1.07299,7.3e-05,4.7e-05,1e-05,34,4
Kubernetes---kb_1048_Normalized.json,Kubernetes---kb_1048_Normalized.json::test_00002,valid,passed,True,True,correct_accept,1.07299,0.000784,0.000675,3.9e-05,33,33
Kubernetes---kb_1049_Normalized.json,Kubernetes---kb_1049_Normalized.json::test_00000,valid,passed,True,True,correct_accept,1.24578,0.000994,0.000842,6.2e-05,33,33
Kubernetes---kb_1049_Normalized.json,Kubernetes---kb_1049_Normalized.json::test_00001,invalid,passed,False,True,correct_reject,1.24578,7.5e-05,4.8e-05,9e-06,34,4
Kubernetes---kb_1049_Normalized.json,Kubernetes---kb_1049_Normalized.json::test_00002,invalid,passed,False,True,correct_reject,1.24578,8.5e-05,5.5e-05,1.2e-05,34,5
Kubernetes---kb_1049_Normalized.json,Kubernetes---kb_1049_Normalized.json::test_00003,valid,passed,True,True,correct_accept,1.24578,0.001582,0.001356,0.000114,33,33
Kubernetes---kb_1049_Normalized.json,Kubernetes---kb_1049_Normalized.json::test_00004,invalid,passed,False,True,correct_reject,1.24578,0.000107,7e-05,1.3e-05,34,5
Kubernetes---kb_104_Normalized.json,Kubernetes---kb_104_Normalized.json::test_00000,valid,passed,True,True,correct_accept,7.54575,0.016469,0.015891,0.000117,264,264
Kubernetes---kb_104_Normalized.json,Kubernetes---kb_104_Normalized.json::test_00001,invalid,passed,False,True,correct_reject,7.54575,6.6e-05,4.5e-05,7e-06,263,6
Kubernetes---kb_104_Normalized.json,Kubernetes---kb_104_Normalized.json::test_00002,invalid,passed,False,True,correct_reject,7.54575,9.8e-05,6.6e-05,1.3e-05,263,6
Kubernetes---kb_104_Normalized.json,Kubernetes---kb_104_Normalized.json::test_00003,invalid,passed,False,True,correct_reject,7.54575,7.4e-05,4.8e-05,1.1e-05,262,5
Kubernetes---kb_104_Normalized.json,Kubernetes---kb_104_Normalized.json::test_00004,invalid,passed,False,True,correct_reject,7.54575,0.016223,0.015758,0.000147,276,147
Kubernetes---kb_1050_Normalized.json,Kubernetes---kb_1050_Normalized.json::test_00000,valid,passed,True,True,correct_accept,2.62553,0.019247,0.018654,0.000237,102,102
Kubernetes---kb_1050_Normalized.json,Kubernetes---kb_1050_Normalized.json::test_00001,invalid,passed,False,True,correct_reject,2.62553,0.000132,8.8e-05,1.7e-05,103,6
Kubernetes---kb_1050_Normalized.json,Kubernetes---kb_1050_Normalized.json::test_00002,invalid,passed,False,True,correct_reject,2.62553,0.00434,0.004135,8.1e-05,93,38
Kubernetes---kb_1050_Normalized.json,Kubernetes---kb_1050_Normalized.json::test_00003,invalid,passed,False,True,correct_reject,2.62553,0.022973,0.022563,0.000181,87,85
Kubernetes---kb_1050_Normalized.json,Kubernetes---kb_1050_Normalized.json::test_00004,invalid,passed,False,True,correct_reject,2.62553,0.011288,0.010958,0.000138,123,68
Kubernetes---kb_1050_Normalized.json,Kubernetes---kb_1050_Normalized.json::test_00005,valid,passed,True,True,correct_accept,2.62553,0.029763,0.029058,0.000277,160,160
Kubernetes---kb_1050_Normalized.json,Kubernetes---kb_1050_Normalized.json::test_00006,invalid,passed,False,True,correct_reject,2.62553,0.000128,8.6e-05,1.8e-05,161,6
Kubernetes---kb_1051_Normalized.json,Kubernetes---kb_1051_Normalized.json::test_00000,valid,passed,True,True,correct_accept,2.46069,0.022345,0.021918,0.000162,112,112
Kubernetes---kb_1051_Normalized.json,Kubernetes---kb_1051_Normalized.json::test_00001,invalid,passed,False,True,correct_reject,2.46069,9.6e-05,6.4e-05,1.2e-05,113,6
Kubernetes---kb_1051_Normalized.json,Kubernetes---kb_1051_Normalized.json::test_00002,invalid,passed,False,True,correct_reject,2.46069,0.006339,0.006186,5e-05,106,48
Kubernetes---kb_1051_Normalized.json,Kubernetes---kb_1051_Normalized.json::test_00003,invalid,passed,False,True,correct_reject,2.46069,0.02185,0.021482,0.000131,115,113
Kubernetes---kb_1051_Normalized.json,Kubernetes---kb_1051_Normalized.json::test_00004,valid,passed,True,True,correct_accept,2.46069,0.016698,0.016377,0.000109,100,100
Kubernetes---kb_1051_Normalized.json,Kubernetes---kb_1051_Normalized.json::test_00005,invalid,passed,False,True,correct_reject,2.46069,0.006771,0.006599,5.6e-05,106,52
Kubernetes---kb_1052_Normalized.json,Kubernetes---kb_1052_Normalized.json::test_00000,valid,passed,True,True,correct_accept,1.88907,0.011036,0.010684,0.000124,93,93
Kubernetes---kb_1052_Normalized.json,Kubernetes---kb_1052_Normalized.json::test_00001,invalid,passed,False,True,correct_reject,1.88907,9.7e-05,6.7e-05,1.3e-05,94,6
Kubernetes---kb_1052_Normalized.json,Kubernetes---kb_1052_Normalized.json::test_00002,valid,passed,True,True,correct_accept,1.88907,0.021196,0.020649,0.000213,121,121
Kubernetes---kb_1052_Normalized.json,Kubernetes---kb_1052_Normalized.json::test_00003,invalid,passed,False,True,correct_reject,1.88907,7.8e-05,5.1e-05,1.2e-05,121,5
Kubernetes---kb_1054_Normalized.json,Kubernetes---kb_1054_Normalized.json::test_00000,valid,passed,True,True,correct_accept,1.41565,0.001193,0.001001,6.8e-05,35,35
Kubernetes---kb_1054_Normalized.json,Kubernetes---kb_1054_Normalized.json::test_00001,invalid,passed,False,True,correct_reject,1.41565,7.8e-05,5.5e-05,8e-06,16,4
Kubernetes---kb_1054_Normalized.json,Kubernetes---kb_1054_Normalized.json::test_00002,invalid,passed,False,True,correct_reject,1.41565,0.0001,7.3e-05,9e-06,14,5
Kubernetes---kb_1054_Normalized.json,Kubernetes---kb_1054_Normalized.json::test_00003,valid,passed,True,True,correct_accept,1.41565,0.001009,0.000852,5e-05,35,35
Kubernetes---kb_1054_Normalized.json,Kubernetes---kb_1054_Normalized.json::test_00004,invalid,passed,False,True,correct_reject,1.41565,9.6e-05,7.3e-05,9e-06,14,4
Kubernetes---kb_1055_Normalized.json,Kubernetes---kb_1055_Normalized.json::test_00000,valid,passed,True,True,correct_accept,1.37951,0.00086,0.000745,3.2e-05,35,35
Kubernetes---kb_1055_Normalized.json,Kubernetes---kb_1055_Normalized.json::test_00001,invalid,passed,False,True,correct_reject,1.37951,8.2e-05,5.7e-05,1e-05,14,4
Kubernetes---kb_1055_Normalized.json,Kubernetes---kb_1055_Normalized.json::test_00002,valid,passed,True,True,correct_accept,1.37951,0.000855,0.000749,3e-05,35,35
Kubernetes---kb_1056_Normalized.json,Kubernetes---kb_1056_Normalized.json::test_00000,valid,passed,True,True,correct_accept,0.953396,0.0006,0.00053,2.2e-05,17,17
Kubernetes---kb_1056_Normalized.json,Kubernetes---kb_1056_Normalized.json::test_00001,invalid,passed,False,True,correct_reject,0.953396,8.8e-05,6.2e-05,7e-06,12,5
Kubernetes---kb_1056_Normalized.json,Kubernetes---kb_1056_Normalized.json::test_00002,invalid,passed,False,True,correct_reject,0.953396,0.000501,0.000443,1.9e-05,17,16
Kubernetes---kb_1056_Normalized.json,Kubernetes---kb_1056_Normalized.json::test_00003,invalid,passed,False,True,correct_reject,0.953396,6.9e-05,4.7e-05,7e-06,11,4
Kubernetes---kb_1056_Normalized.json,Kubernetes---kb_1056_Normalized.json::test_00004,invalid,passed,False,True,correct_reject,0.953396,0.000112,7.6e-05,1.1e-05,10,9
Kubernetes---kb_1057_Normalized.json,Kubernetes---kb_1057_Normalized.json::test_00000,valid,passed,True,True,correct_accept,0.950773,0.000874,0.000783,3.2e-05,18,18
Kubernetes---kb_1057_Normalized.json,Kubernetes---kb_1057_Normalized.json::test_00001,invalid,passed,False,True,correct_reject,0.950773,8.7e-05,6.2e-05,9e-06,13,5
Kubernetes---kb_1057_Normalized.json,Kubernetes---kb_1057_Normalized.json::test_00002,invalid,passed,False,True,correct_reject,0.950773,0.000481,0.000426,1.6e-05,18,16
Kubernetes---kb_1057_Normalized.json,Kubernetes---kb_1057_Normalized.json::test_00003,invalid,passed,False,True,correct_reject,0.950773,0.00019,0.00013,2.3e-05,12,10
Kubernetes---kb_1057_Normalized.json,Kubernetes---kb_1057_Normalized.json::test_00004,valid,passed,True,True,correct_accept,0.950773,0.000571,0.000511,1.8e-05,17,17
Kubernetes---kb_1057_Normalized.json,Kubernetes---kb_1057_Normalized.json::test_00005,invalid,passed,False,True,correct_reject,0.950773,8.4e-05,5.9e-05,7e-06,12,5
Kubernetes---kb_1057_Normalized.json,Kubernetes---kb_1057_Normalized.json::test_00006,invalid,passed,False,True,correct_reject,0.950773,8.7e-05,6.4e-05,7e-06,13,5
Kubernetes---kb_1058_Normalized.json,Kubernetes---kb_1058_Normalized.json::test_00000,valid,passed,True,True,correct_accept,0.973724,0.002455,0.002212,0.000122,44,44
Kubernetes---kb_1058_Normalized.json,Kubernetes---kb_1058_Normalized.json::test_00001,invalid,passed,False,True,correct_reject,0.973724,8e-05,5.8e-05,8e-06,43,5
Kubernetes---kb_1058_Normalized.json,Kubernetes---kb_1058_Normalized.json::test_00002,valid,passed,True,True,correct_accept,0.973724,0.001784,0.001609,7.1e-05,40,40
Kubernetes---kb_1058_Normalized.json,Kubernetes---kb_1058_Normalized.json::test_00003,invalid,passed,False,True,correct_reject,0.973724,8.9e-05,6.2e-05,1e-05,39,5
Kubernetes---kb_1059_Normalized.json,Kubernetes---kb_1059_Normalized.json::test_00000,valid,passed,True,True,correct_accept,1.16406,0.001362,0.001195,7.2e-05,40,40
Kubernetes---kb_1059_Normalized.json,Kubernetes---kb_1059_Normalized.json::test_00001,invalid,passed,False,True,correct_reject,1.16406,9e-05,6.3e-05,1e-05,39,5
Kubernetes---kb_1059_Normalized.json,Kubernetes---kb_1059_Normalized.json::test_00002,valid,passed,True,True,correct_accept,1.16406,0.001647,0.001469,7.3e-05,44,44
Kubernetes---kb_1059_Normalized.json,Kubernetes---kb_1059_Normalized.json::test_00003,invalid,passed,False,True,correct_reject,1.16406,9.8e-05,6.8e-05,1.1e-05,43,5
Kubernetes---kb_105_Normalized.json,Kubernetes---kb_105_Normalized.json::test_00000,valid,failed,False,True,over_constraint,8.08549,0.001061,0.000856,0.000101,110,34
Kubernetes---kb_105_Normalized.json,Kubernetes---kb_105_Normalized.json::test_00001,valid,failed,False,True,over_constraint,8.08549,0.001147,0.000985,7.5e-05,209,34
Kubernetes---kb_105_Normalized.json,Kubernetes---kb_105_Normalized.json::test_00002,invalid,passed,False,True,correct_reject,8.08549,0.000111,7.4e-05,1.6e-05,215,6
Kubernetes---kb_105_Normalized.json,Kubernetes---kb_105_Normalized.json::test_00003,invalid,passed,False,True,correct_reject,8.08549,0.001222,0.001039,9.7e-05,353,34
Kubernetes---kb_105_Normalized.json,Kubernetes---kb_105_Normalized.json::test_00004,invalid,passed,False,True,correct_reject,8.08549,0.00015,9.8e-05,2.4e-05,208,7
Kubernetes---kb_1060_Normalized.json,Kubernetes---kb_1060_Normalized.json::test_00000,valid,passed,True,True,correct_accept,0.851477,0.003072,0.002961,6.2e-05,13,13
Kubernetes---kb_1060_Normalized.json,Kubernetes---kb_1060_Normalized.json::test_00001,valid,passed,True,True,correct_accept,0.851477,0.003359,0.003248,5.6e-05,14,14
Kubernetes---kb_1060_Normalized.json,Kubernetes---kb_1060_Normalized.json::test_00002,invalid,passed,False,True,correct_reject,0.851477,8.9e-05,6.2e-05,1e-05,13,5
Kubernetes---kb_1060_Normalized.json,Kubernetes---kb_1060_Normalized.json::test_00003,invalid,passed,False,True,correct_reject,0.851477,0.002791,0.002706,5e-05,16,11
Kubernetes---kb_1061_Normalized.json,Kubernetes---kb_1061_Normalized.json::test_00000,valid,passed,True,True,correct_accept,0.96425,0.003545,0.003407,7.5e-05,14,14
Kubernetes---kb_1061_Normalized.json,Kubernetes---kb_1061_Normalized.json::test_00001,invalid,passed,False,True,correct_reject,0.96425,0.000113,7.9e-05,1.4e-05,13,5
Kubernetes---kb_1061_Normalized.json,Kubernetes---kb_1061_Normalized.json::test_00002,invalid,passed,False,True,correct_reject,0.96425,0.003356,0.003248,6.5e-05,23,11
Kubernetes---kb_1062_Normalized.json,Kubernetes---kb_1062_Normalized.json::test_00000,valid,passed,True,True,correct_accept,0.813077,0.000708,0.000646,1.8e-05,15,15
Kubernetes---kb_1062_Normalized.json,Kubernetes---kb_1062_Normalized.json::test_00001,invalid,passed,False,True,correct_reject,0.813077,5e-05,3.8e-05,3e-06,52,1
Kubernetes---kb_1063_Normalized.json,Kubernetes---kb_1063_Normalized.json::test_00000,valid,passed,True,True,correct_accept,0.807868,0.000762,0.000697,2e-05,15,15
Kubernetes---kb_1063_Normalized.json,Kubernetes---kb_1063_Normalized.json::test_00001,invalid,passed,False,True,correct_reject,0.807868,5.4e-05,4e-05,4e-06,52,1
Kubernetes---kb_1064_Normalized.json,Kubernetes---kb_1064_Normalized.json::test_00000,valid,failed,False,True,over_constraint,8.67644,0.00016,9.9e-05,2.6e-05,122,11
Kubernetes---kb_1064_Normalized.json,Kubernetes---kb_1064_Normalized.json::test_00001,invalid,passed,False,True,correct_reject,8.67644,0.000135,8.3e-05,2.1e-05,122,11
Kubernetes---kb_1064_Normalized.json,Kubernetes---kb_1064_Normalized.json::test_00002,invalid,passed,False,True,correct_reject,8.67644,0.000135,8.3e-05,2.1e-05,122,11
Kubernetes---kb_1064_Normalized.json,Kubernetes---kb_1064_Normalized.json::test_00003,valid,failed,False,True,over_constraint,8.67644,0.000127,7.8e-05,2e-05,125,11
Kubernetes---kb_1064_Normalized.json,Kubernetes---kb_1064_Normalized.json::test_00004,invalid,passed,False,True,correct_reject,8.67644,9.4e-05,5.8e-05,1.2e-05,96,11
Kubernetes---kb_1064_Normalized.json,Kubernetes---kb_1064_Normalized.json::test_00005,invalid,passed,False,True,correct_reject,8.67644,0.000135,8.3e-05,2.1e-05,104,11
Kubernetes---kb_1065_Normalized.json,Kubernetes---kb_1065_Normalized.json::test_00000,valid,passed,True,True,correct_accept,7.79,0.011912,0.011486,0.000157,125,125
Kubernetes---kb_1065_Normalized.json,Kubernetes---kb_1065_Normalized.json::test_00001,invalid,passed,False,True,correct_reject,7.79,0.010221,0.009963,0.000121,129,55
Kubernetes---kb_1065_Normalized.json,Kubernetes---kb_1065_Normalized.json::test_00002,invalid,passed,False,True,correct_reject,7.79,0.011124,0.010791,0.000135,125,93
Kubernetes---kb_1065_Normalized.json,Kubernetes---kb_1065_Normalized.json::test_00003,valid,passed,True,True,correct_accept,7.79,0.011565,0.011158,0.000154,122,122
Kubernetes---kb_1065_Normalized.json,Kubernetes---kb_1065_Normalized.json::test_00004,invalid,passed,False,True,correct_reject,7.79,0.010759,0.010433,0.000131,122,90
Kubernetes---kb_1065_Normalized.json,Kubernetes---kb_1065_Normalized.json::test_00005,invalid,passed,False,True,correct_reject,7.79,0.009721,0.009507,0.000105,118,46
Kubernetes---kb_1066_Normalized.json,Kubernetes---kb_1066_Normalized.json::test_00000,valid,passed,True,True,correct_accept,1.92481,0.004048,0.003719,0.000126,73,73
Kubernetes---kb_1066_Normalized.json,Kubernetes---kb_1066_Normalized.json::test_00001,invalid,passed,False,True,correct_reject,1.92481,0.00055,0.000485,2.6e-05,71,12
Kubernetes---kb_1066_Normalized.json,Kubernetes---kb_1066_Normalized.json::test_00002,invalid,passed,False,True,correct_reject,1.92481,0.002701,0.002479,7.8e-05,123,57
Kubernetes---kb_1066_Normalized.json,Kubernetes---kb_1066_Normalized.json::test_00003,invalid,passed,False,True,correct_reject,1.92481,0.000679,0.000613,2.3e-05,77,18
Kubernetes---kb_1067_Normalized.json,Kubernetes---kb_1067_Normalized.json::test_00000,valid,passed,True,True,correct_accept,1.91895,0.003689,0.003365,0.000118,76,76
Kubernetes---kb_1067_Normalized.json,Kubernetes---kb_1067_Normalized.json::test_00001,invalid,passed,False,True,correct_reject,1.91895,0.000529,0.000474,2.2e-05,72,13
Kubernetes---kb_1067_Normalized.json,Kubernetes---kb_1067_Normalized.json::test_00002,invalid,passed,False,True,correct_reject,1.91895,0.002413,0.002222,6e-05,119,60
Kubernetes---kb_1067_Normalized.json,Kubernetes---kb_1067_Normalized.json::test_00003,invalid,passed,False,True,correct_reject,1.91895,0.000872,0.000797,2.8e-05,78,20
Kubernetes---kb_1067_Normalized.json,Kubernetes---kb_1067_Normalized.json::test_00004,invalid,passed,False,True,correct_reject,1.91895,0.000893,0.000816,3e-05,79,21
Kubernetes---kb_1067_Normalized.json,Kubernetes---kb_1067_Normalized.json::test_00005,invalid,passed,False,True,correct_reject,1.91895,0.001294,0.001171,4.1e-05,133,40
Kubernetes---kb_1067_Normalized.json,Kubernetes---kb_1067_Normalized.json::test_00006,invalid,passed,False,True,correct_reject,1.91895,0.000898,0.000819,3e-05,79,21
Kubernetes---kb_1068_Normalized.json,Kubernetes---kb_1068_Normalized.json::test_00000,valid,passed,True,True,correct_accept,1.06728,0.007186,0.006862,8.7e-05,116,116
Kubernetes---kb_1068_Normalized.json,Kubernetes---kb_1068_Normalized.json::test_00001,invalid,passed,False,True,correct_reject,1.06728,0.000775,0.000696,2.4e-05,26,24
Kubernetes---kb_1068_Normalized.json,Kubernetes---kb_1068_Normalized.json::test_00002,valid,passed,True,True,correct_accept,1.06728,0.008848,0.008489,9.9e-05,132,132
Kubernetes---kb_1068_Normalized.json,Kubernetes---kb_1068_Normalized.json::test_00003,invalid,passed,False,True,correct_reject,1.06728,0.000768,0.000692,2.7e-05,26,24
Kubernetes---kb_1069_Normalized.json,Kubernetes---kb_1069_Normalized.json::test_00000,valid,passed,True,True,correct_accept,0.917541,0.00511,0.00487,1.6e-05,116,116
Kubernetes---kb_1069_Normalized.json,Kubernetes---kb_1069_Normalized.json::test_00001,invalid,passed,False,True,correct_reject,0.917541,0.001054,0.000956,3.5e-05,26,24
Kubernetes---kb_1069_Normalized.json,Kubernetes---kb_1069_Normalized.json::test_00002,valid,passed,True,True,correct_accept,0.917541,0.006764,0.006447,6.7e-05,116,116
Kubernetes---kb_1069_Normalized.json,Kubernetes---kb_1069_Normalized.json::test_00003,invalid,passed,False,True,correct_reject,0.917541,0.000551,0.000492,1.2e-05,25,24
Kubernetes---kb_106_Normalized.json,Kubernetes---kb_106_Normalized.json::test_00000,valid,failed,False,True,over_constraint,6.69896,0.001087,0.000969,3.7e-05,185,34
Kubernetes---kb_106_Normalized.json,Kubernetes---kb_106_Normalized.json::test_00001,valid,failed,False,True,over_constraint,6.69896,0.00109,0.000946,7e-05,88,34
Kubernetes---kb_106_Normalized.json,Kubernetes---kb_106_Normalized.json::test_00002,invalid,passed,False,True,correct_reject,6.69896,0.001054,0.000941,3.9e-05,87,34
Kubernetes---kb_106_Normalized.json,Kubernetes---kb_106_Normalized.json::test_00003,invalid,passed,False,True,correct_reject,6.69896,0.001096,0.000983,3.9e-05,101,34
Kubernetes---kb_1070_Normalized.json,Kubernetes---kb_1070_Normalized.json::test_00000,valid,failed,False,True,over_constraint,7.87751,0.000149,9.5e-05,2.2e-05,213,11
Kubernetes---kb_1070_Normalized.json,Kubernetes---kb_1070_Normalized.json::test_00001,invalid,passed,False,True,correct_reject,7.87751,0.000115,7.1e-05,2e-05,216,11
Kubernetes---kb_1070_Normalized.json,Kubernetes---kb_1070_Normalized.json::test_00002,invalid,passed,False,True,correct_reject,7.87751,8.9e-05,5.6e-05,1.1e-05,206,11
Kubernetes---kb_1070_Normalized.json,Kubernetes---kb_1070_Normalized.json::test_00003,invalid,passed,False,True,correct_reject,7.87751,8.5e-05,5.1e-05,1e-05,205,11
Kubernetes---kb_1070_Normalized.json,Kubernetes---kb_1070_Normalized.json::test_00004,valid,failed,False,True,over_constraint,7.87751,0.000121,7.7e-05,2e-05,115,11
Kubernetes---kb_1070_Normalized.json,Kubernetes---kb_1070_Normalized.json::test_00005,invalid,passed,False,True,correct_reject,7.87751,0.000111,6.8e-05,1.6e-05,116,11
Kubernetes---kb_1070_Normalized.json,Kubernetes---kb_1070_Normalized.json::test_00006,invalid,passed,False,True,correct_reject,7.87751,0.000123,7.6e-05,1.9e-05,137,11
Kubernetes---kb_1071_Normalized.json,Kubernetes---kb_1071_Normalized.json::test_00000,valid,failed,False,True,over_constraint,8.0984,0.000106,6.6e-05,1.2e-05,283,11
Kubernetes---kb_1071_Normalized.json,Kubernetes---kb_1071_Normalized.json::test_00001,invalid,passed,False,True,correct_reject,8.0984,8.4e-05,5.1e-05,1.1e-05,289,11
Kubernetes---kb_1071_Normalized.json,Kubernetes---kb_1071_Normalized.json::test_00002,invalid,passed,False,True,correct_reject,8.0984,8.3e-05,5.2e-05,1.1e-05,287,11
Kubernetes---kb_1071_Normalized.json,Kubernetes---kb_1071_Normalized.json::test_00003,invalid,passed,False,True,correct_reject,8.0984,8.2e-05,5e-05,1.1e-05,177,11
Kubernetes---kb_1071_Normalized.json,Kubernetes---kb_1071_Normalized.json::test_00004,invalid,passed,False,True,correct_reject,8.0984,8.1e-05,4.9e-05,1.1e-05,285,11
Kubernetes---kb_1071_Normalized.json,Kubernetes---kb_1071_Normalized.json::test_00005,invalid,passed,False,True,correct_reject,8.0984,0.000198,0.000122,3.4e-05,275,11
Kubernetes---kb_1071_Normalized.json,Kubernetes---kb_1071_Normalized.json::test_00006,valid,failed,False,True,over_constraint,8.0984,8.5e-05,5e-05,1.1e-05,204,11
Kubernetes---kb_1071_Normalized.json,Kubernetes---kb_1071_Normalized.json::test_00007,invalid,passed,False,True,correct_reject,8.0984,8.2e-05,5e-05,1.1e-05,207,11
Kubernetes---kb_1071_Normalized.json,Kubernetes---kb_1071_Normalized.json::test_00008,invalid,passed,False,True,correct_reject,8.0984,7.8e-05,4.8e-05,9e-06,202,11
Kubernetes---kb_1072_Normalized.json,Kubernetes---kb_1072_Normalized.json::test_00000,valid,failed,False,True,over_constraint,7.02946,0.007124,0.006938,7.3e-05,108,49
Kubernetes---kb_1072_Normalized.json,Kubernetes---kb_1072_Normalized.json::test_00001,invalid,passed,False,True,correct_reject,7.02946,0.007368,0.007161,6.9e-05,116,77
Kubernetes---kb_1072_Normalized.json,Kubernetes---kb_1072_Normalized.json::test_00002,invalid,passed,False,True,correct_reject,7.02946,0.006912,0.006756,5.9e-05,110,49
Kubernetes---kb_1072_Normalized.json,Kubernetes---kb_1072_Normalized.json::test_00003,invalid,passed,False,True,correct_reject,7.02946,0.00715,0.007002,5.9e-05,106,47
Kubernetes---kb_1072_Normalized.json,Kubernetes---kb_1072_Normalized.json::test_00004,invalid,passed,False,True,correct_reject,7.02946,0.007017,0.006848,6.8e-05,107,47
Kubernetes---kb_1072_Normalized.json,Kubernetes---kb_1072_Normalized.json::test_00005,invalid,passed,False,True,correct_reject,7.02946,0.007016,0.006814,9.5e-05,166,47
Kubernetes---kb_1072_Normalized.json,Kubernetes---kb_1072_Normalized.json::test_00006,valid,passed,True,True,correct_accept,7.02946,0.013686,0.013187,9.9e-05,217,217
Kubernetes---kb_1072_Normalized.json,Kubernetes---kb_1072_Normalized.json::test_00007,invalid,passed,False,True,correct_reject,7.02946,0.007444,0.007245,8.7e-05,225,48
Kubernetes---kb_1072_Normalized.json,Kubernetes---kb_1072_Normalized.json::test_00008,invalid,passed,False,True,correct_reject,7.02946,0.01398,0.013511,9.7e-05,224,195
Kubernetes---kb_1072_Normalized.json,Kubernetes---kb_1072_Normalized.json::test_00009,invalid,passed,False,True,correct_reject,7.02946,0.014032,0.013536,0.000104,217,204
Kubernetes---kb_1073_Normalized.json,Kubernetes---kb_1073_Normalized.json::test_00000,valid,passed,True,True,correct_accept,0.881017,0.005659,0.005406,2.8e-05,121,121
Kubernetes---kb_1073_Normalized.json,Kubernetes---kb_1073_Normalized.json::test_00001,invalid,passed,False,True,correct_reject,0.881017,0.000443,0.000399,1.3e-05,125,15
Kubernetes---kb_1073_Normalized.json,Kubernetes---kb_1073_Normalized.json::test_00002,invalid,passed,False,True,correct_reject,0.881017,0.000475,0.00043,1.4e-05,114,15
Kubernetes---kb_1073_Normalized.json,Kubernetes---kb_1073_Normalized.json::test_00003,invalid,passed,False,True,correct_reject,0.881017,0.000472,0.000426,1.4e-05,113,15
Kubernetes---kb_1073_Normalized.json,Kubernetes---kb_1073_Normalized.json::test_00004,valid,passed,True,True,correct_accept,0.881017,0.007122,0.006815,5.1e-05,130,130
Kubernetes---kb_1073_Normalized.json,Kubernetes---kb_1073_Normalized.json::test_00005,invalid,passed,False,True,correct_reject,0.881017,0.000376,0.000338,1.2e-05,127,13
Kubernetes---kb_1073_Normalized.json,Kubernetes---kb_1073_Normalized.json::test_00006,invalid,passed,False,True,correct_reject,0.881017,0.000442,0.000398,1.8e-05,133,13
Kubernetes---kb_1074_Normalized.json,Kubernetes---kb_1074_Normalized.json::test_00000,valid,passed,True,True,correct_accept,0.942838,0.008078,0.007705,8.6e-05,134,134
Kubernetes---kb_1074_Normalized.json,Kubernetes---kb_1074_Normalized.json::test_00001,invalid,passed,False,True,correct_reject,0.942838,0.000399,0.000353,1.5e-05,129,14
Kubernetes---kb_1074_Normalized.json,Kubernetes---kb_1074_Normalized.json::test_00002,invalid,passed,False,True,correct_reject,0.942838,0.000396,0.000354,1.4e-05,128,14
Kubernetes---kb_1074_Normalized.json,Kubernetes---kb_1074_Normalized.json::test_00003,valid,passed,True,True,correct_accept,0.942838,0.007541,0.007195,6.4e-05,137,137
Kubernetes---kb_1074_Normalized.json,Kubernetes---kb_1074_Normalized.json::test_00004,invalid,passed,False,True,correct_reject,0.942838,0.0001,7.1e-05,1.1e-05,121,6
Kubernetes---kb_1074_Normalized.json,Kubernetes---kb_1074_Normalized.json::test_00005,invalid,passed,False,True,correct_reject,0.942838,8.4e-05,5.8e-05,1e-05,126,5
Kubernetes---kb_1075_Normalized.json,Kubernetes---kb_1075_Normalized.json::test_00000,valid,passed,True,True,correct_accept,1.14538,0.015969,0.015384,0.000209,137,137
Kubernetes---kb_1075_Normalized.json,Kubernetes---kb_1075_Normalized.json::test_00001,invalid,passed,False,True,correct_reject,1.14538,0.000662,0.000599,2.4e-05,140,15
Kubernetes---kb_1075_Normalized.json,Kubernetes---kb_1075_Normalized.json::test_00002,invalid,passed,False,True,correct_reject,1.14538,0.000822,0.000743,3.5e-05,130,15
Kubernetes---kb_1075_Normalized.json,Kubernetes---kb_1075_Normalized.json::test_00003,invalid,passed,False,True,correct_reject,1.14538,0.00014,9.8e-05,1.6e-05,120,6
Kubernetes---kb_1075_Normalized.json,Kubernetes---kb_1075_Normalized.json::test_00004,valid,passed,True,True,correct_accept,1.14538,0.008838,0.008431,0.000121,121,121
Kubernetes---kb_1075_Normalized.json,Kubernetes---kb_1075_Normalized.json::test_00005,invalid,passed,False,True,correct_reject,1.14538,8.5e-05,5.9e-05,8e-06,106,5
Kubernetes---kb_1075_Normalized.json,Kubernetes---kb_1075_Normalized.json::test_00006,invalid,passed,False,True,correct_reject,1.14538,0.000989,0.000908,3.7e-05,114,15
Kubernetes---kb_1076_Normalized.json,Kubernetes---kb_1076_Normalized.json::test_00000,valid,passed,True,True,correct_accept,2.25752,0.002819,0.002549,8.3e-05,88,88
Kubernetes---kb_1076_Normalized.json,Kubernetes---kb_1076_Normalized.json::test_00001,invalid,passed,False,True,correct_reject,2.25752,0.002012,0.001824,5.2e-05,95,64
Kubernetes---kb_1076_Normalized.json,Kubernetes---kb_1076_Normalized.json::test_00002,invalid,passed,False,True,correct_reject,2.25752,0.000963,0.000876,3.3e-05,92,21
Kubernetes---kb_1076_Normalized.json,Kubernetes---kb_1076_Normalized.json::test_00003,invalid,passed,False,True,correct_reject,2.25752,0.001341,0.001196,4.8e-05,87,45
Kubernetes---kb_1076_Normalized.json,Kubernetes---kb_1076_Normalized.json::test_00004,invalid,passed,False,True,correct_reject,2.25752,0.001997,0.001811,5.2e-05,95,64
Kubernetes---kb_1076_Normalized.json,Kubernetes---kb_1076_Normalized.json::test_00005,invalid,passed,False,True,correct_reject,2.25752,0.000703,0.00063,2.9e-05,79,13
Kubernetes---kb_1076_Normalized.json,Kubernetes---kb_1076_Normalized.json::test_00006,valid,passed,True,True,correct_accept,2.25752,0.002515,0.002286,7.3e-05,75,75
Kubernetes---kb_1076_Normalized.json,Kubernetes---kb_1076_Normalized.json::test_00007,invalid,passed,False,True,correct_reject,2.25752,0.000516,0.000467,2e-05,69,12
Kubernetes---kb_1076_Normalized.json,Kubernetes---kb_1076_Normalized.json::test_00008,invalid,passed,False,True,correct_reject,2.25752,0.002112,0.001899,9.1e-05,84,35
Kubernetes---kb_1076_Normalized.json,Kubernetes---kb_1076_Normalized.json::test_00009,invalid,passed,False,True,correct_reject,2.25752,0.000548,0.000495,1.9e-05,61,13
Kubernetes---kb_1077_Normalized.json,Kubernetes---kb_1077_Normalized.json::test_00000,valid,passed,True,True,correct_accept,2.2542,0.003136,0.002859,8.2e-05,89,89
Kubernetes---kb_1077_Normalized.json,Kubernetes---kb_1077_Normalized.json::test_00001,invalid,passed,False,True,correct_reject,2.2542,0.002486,0.002285,6.3e-05,100,67
Kubernetes---kb_1077_Normalized.json,Kubernetes---kb_1077_Normalized.json::test_00002,invalid,passed,False,True,correct_reject,2.2542,0.000923,0.000846,3e-05,93,21
Kubernetes---kb_1077_Normalized.json,Kubernetes---kb_1077_Normalized.json::test_00003,invalid,passed,False,True,correct_reject,2.2542,0.002723,0.002488,7.4e-05,89,79
Kubernetes---kb_1077_Normalized.json,Kubernetes---kb_1077_Normalized.json::test_00004,invalid,passed,False,True,correct_reject,2.2542,0.001489,0.00135,4.7e-05,86,44
Kubernetes---kb_1077_Normalized.json,Kubernetes---kb_1077_Normalized.json::test_00005,valid,passed,True,True,correct_accept,2.2542,0.003386,0.003095,8.7e-05,100,100
Kubernetes---kb_1077_Normalized.json,Kubernetes---kb_1077_Normalized.json::test_00006,invalid,passed,False,True,correct_reject,2.2542,0.000928,0.00085,3e-05,103,21
Kubernetes---kb_1077_Normalized.json,Kubernetes---kb_1077_Normalized.json::test_00007,invalid,passed,False,True,correct_reject,2.2542,0.00225,0.002046,6.5e-05,109,60
Kubernetes---kb_1077_Normalized.json,Kubernetes---kb_1077_Normalized.json::test_00008,invalid,passed,False,True,correct_reject,2.2542,0.00093,0.000854,2.8e-05,106,21
Kubernetes---kb_1078_Normalized.json,Kubernetes---kb_1078_Normalized.json::test_00000,valid,passed,True,True,correct_accept,1.76792,0.003408,0.003086,0.000107,88,88
Kubernetes---kb_1078_Normalized.json,Kubernetes---kb_1078_Normalized.json::test_00001,invalid,passed,False,True,correct_reject,1.76792,0.001403,0.001259,2.9e-05,95,64
Kubernetes---kb_1078_Normalized.json,Kubernetes---kb_1078_Normalized.json::test_00002,invalid,passed,False,True,correct_reject,1.76792,0.000964,0.000879,3.3e-05,92,21
Kubernetes---kb_1078_Normalized.json,Kubernetes---kb_1078_Normalized.json::test_00003,invalid,passed,False,True,correct_reject,1.76792,0.001696,0.001511,6.9e-05,87,45
Kubernetes---kb_1078_Normalized.json,Kubernetes---kb_1078_Normalized.json::test_00004,invalid,passed,False,True,correct_reject,1.76792,0.002753,0.002485,0.0001,103,64
Kubernetes---kb_1078_Normalized.json,Kubernetes---kb_1078_Normalized.json::test_00005,valid,passed,True,True,correct_accept,1.76792,0.003191,0.002888,0.000108,80,80
Kubernetes---kb_1078_Normalized.json,Kubernetes---kb_1078_Normalized.json::test_00006,invalid,passed,False,True,correct_reject,1.76792,0.001204,0.001104,4.3e-05,84,21
Kubernetes---kb_1078_Normalized.json,Kubernetes---kb_1078_Normalized.json::test_00007,invalid,passed,False,True,correct_reject,1.76792,0.001252,0.001126,2.7e-05,86,56
Kubernetes---kb_1078_Normalized.json,Kubernetes---kb_1078_Normalized.json::test_00008,invalid,passed,False,True,correct_reject,1.76792,9.3e-05,7.1e-05,8e-06,72,6
Kubernetes---kb_1079_Normalized.json,Kubernetes---kb_1079_Normalized.json::test_00000,valid,passed,True,True,correct_accept,1.54654,0.001607,0.001456,5e-05,40,40
Kubernetes---kb_1079_Normalized.json,Kubernetes---kb_1079_Normalized.json::test_00001,invalid,passed,False,True,correct_reject,1.54654,0.000116,8.9e-05,1e-05,39,5
Kubernetes---kb_1079_Normalized.json,Kubernetes---kb_1079_Normalized.json::test_00002,invalid,passed,False,True,correct_reject,1.54654,0.001699,0.00153,6.7e-05,40,39
Kubernetes---kb_1079_Normalized.json,Kubernetes---kb_1079_Normalized.json::test_00003,invalid,passed,False,True,correct_reject,1.54654,0.001741,0.001494,8.7e-05,39,38
Kubernetes---kb_1079_Normalized.json,Kubernetes---kb_1079_Normalized.json::test_00004,invalid,passed,False,True,correct_reject,1.54654,0.000899,0.000812,2.5e-05,41,33
Kubernetes---kb_107_Normalized.json,Kubernetes---kb_107_Normalized.json::test_00000,valid,passed,True,True,correct_accept,1.05338,0.000427,0.000365,1.9e-05,13,13
Kubernetes---kb_107_Normalized.json,Kubernetes---kb_107_Normalized.json::test_00001,invalid,passed,False,True,correct_reject,1.05338,9.9e-05,7.4e-05,8e-06,11,5
Kubernetes---kb_1080_Normalized.json,Kubernetes---kb_1080_Normalized.json::test_00000,valid,passed,True,True,correct_accept,1.48425,0.001005,0.000902,2.5e-05,40,40
Kubernetes---kb_1080_Normalized.json,Kubernetes---kb_1080_Normalized.json::test_00001,invalid,passed,False,True,correct_reject,1.48425,0.0009,0.000817,2e-05,42,34
Kubernetes---kb_1080_Normalized.json,Kubernetes---kb_1080_Normalized.json::test_00002,invalid,passed,False,True,correct_reject,1.48425,8.2e-05,6.2e-05,7e-06,39,5
Kubernetes---kb_1080_Normalized.json,Kubernetes---kb_1080_Normalized.json::test_00003,invalid,passed,False,True,correct_reject,1.48425,0.001468,0.001338,5e-05,40,31
Kubernetes---kb_1080_Normalized.json,Kubernetes---kb_1080_Normalized.json::test_00004,invalid,passed,False,True,correct_reject,1.48425,0.000926,0.000838,2.1e-05,39,38
Kubernetes---kb_1080_Normalized.json,Kubernetes---kb_1080_Normalized.json::test_00005,valid,passed,True,True,correct_accept,1.48425,0.000982,0.000889,2.4e-05,39,39
Kubernetes---kb_1080_Normalized.json,Kubernetes---kb_1080_Normalized.json::test_00006,invalid,passed,False,True,correct_reject,1.48425,0.000872,0.000789,2.1e-05,39,31
Kubernetes---kb_1081_Normalized.json,Kubernetes---kb_1081_Normalized.json::test_00000,valid,passed,True,True,correct_accept,0.742194,0.000675,0.0006,2.8e-05,16,16
Kubernetes---kb_1081_Normalized.json,Kubernetes---kb_1081_Normalized.json::test_00001,invalid,passed,False,True,correct_reject,0.742194,8.1e-05,5.8e-05,8e-06,15,5
Kubernetes---kb_1081_Normalized.json,Kubernetes---kb_1081_Normalized.json::test_00002,invalid,passed,False,True,correct_reject,0.742194,0.000362,0.000315,1.6e-05,16,12
Kubernetes---kb_1081_Normalized.json,Kubernetes---kb_1081_Normalized.json::test_00003,invalid,passed,False,True,correct_reject,0.742194,0.000493,0.000431,2.4e-05,16,15
Kubernetes---kb_1081_Normalized.json,Kubernetes---kb_1081_Normalized.json::test_00004,invalid,passed,False,True,correct_reject,0.742194,0.000202,0.00017,9e-06,12,11
Kubernetes---kb_1082_Normalized.json,Kubernetes---kb_1082_Normalized.json::test_00000,valid,passed,True,True,correct_accept,1.08924,0.000875,0.000774,3.9e-05,16,16
Kubernetes---kb_1082_Normalized.json,Kubernetes---kb_1082_Normalized.json::test_00001,invalid,passed,False,True,correct_reject,1.08924,0.000116,8.1e-05,1.1e-05,15,5
Kubernetes---kb_1082_Normalized.json,Kubernetes---kb_1082_Normalized.json::test_00002,invalid,passed,False,True,correct_reject,1.08924,0.000726,0.000637,3.4e-05,16,15
Kubernetes---kb_1082_Normalized.json,Kubernetes---kb_1082_Normalized.json::test_00003,invalid,passed,False,True,correct_reject,1.08924,0.000654,0.000566,3.8e-05,13,12
Kubernetes---kb_1082_Normalized.json,Kubernetes---kb_1082_Normalized.json::test_00004,invalid,passed,False,True,correct_reject,1.08924,0.00055,0.000476,2.9e-05,16,12
Kubernetes---kb_1083_Normalized.json,Kubernetes---kb_1083_Normalized.json::test_00000,valid,passed,True,True,correct_accept,1.00629,0.001308,0.001179,2.9e-05,57,57
Kubernetes---kb_1083_Normalized.json,Kubernetes---kb_1083_Normalized.json::test_00001,invalid,passed,False,True,correct_reject,1.00629,8.8e-05,5.6e-05,1.4e-05,8,6
Kubernetes---kb_1083_Normalized.json,Kubernetes---kb_1083_Normalized.json::test_00002,invalid,passed,False,True,correct_reject,1.00629,0.001234,0.001108,4.7e-05,52,29
Kubernetes---kb_1083_Normalized.json,Kubernetes---kb_1083_Normalized.json::test_00003,valid,passed,True,True,correct_accept,1.00629,0.002142,0.001972,5e-05,57,57
Kubernetes---kb_1083_Normalized.json,Kubernetes---kb_1083_Normalized.json::test_00004,invalid,passed,False,True,correct_reject,1.00629,9.3e-05,6.4e-05,1.4e-05,10,6
Kubernetes---kb_1083_Normalized.json,Kubernetes---kb_1083_Normalized.json::test_00005,invalid,passed,False,True,correct_reject,1.00629,0.000962,0.000845,4.3e-05,54,23
Kubernetes---kb_1084_Normalized.json,Kubernetes---kb_1084_Normalized.json::test_00000,valid,passed,True,True,correct_accept,1.34601,0.001568,0.001406,4.9e-05,51,51
Kubernetes---kb_1084_Normalized.json,Kubernetes---kb_1084_Normalized.json::test_00001,invalid,passed,False,True,correct_reject,1.34601,0.000115,7.2e-05,1.9e-05,8,6
Kubernetes---kb_1084_Normalized.json,Kubernetes---kb_1084_Normalized.json::test_00002,invalid,passed,False,True,correct_reject,1.34601,0.001991,0.001801,7.6e-05,50,44
Kubernetes---kb_1084_Normalized.json,Kubernetes---kb_1084_Normalized.json::test_00003,invalid,passed,False,True,correct_reject,1.34601,0.000994,0.000884,4.6e-05,49,24
Kubernetes---kb_1084_Normalized.json,Kubernetes---kb_1084_Normalized.json::test_00004,valid,passed,True,True,correct_accept,1.34601,0.002674,0.002448,8.5e-05,57,57
Kubernetes---kb_1084_Normalized.json,Kubernetes---kb_1084_Normalized.json::test_00005,invalid,passed,False,True,correct_reject,1.34601,0.001795,0.00162,6.9e-05,53,44
Kubernetes---kb_1085_Normalized.json,Kubernetes---kb_1085_Normalized.json::test_00000,valid,passed,True,True,correct_accept,2.2684,0.004391,0.004169,6.9e-05,70,70
Kubernetes---kb_1085_Normalized.json,Kubernetes---kb_1085_Normalized.json::test_00001,invalid,passed,False,True,correct_reject,2.2684,0.00149,0.001292,8.6e-05,75,42
Kubernetes---kb_1085_Normalized.json,Kubernetes---kb_1085_Normalized.json::test_00002,invalid,passed,False,True,correct_reject,2.2684,0.003978,0.003774,7.6e-05,70,44
Kubernetes---kb_1085_Normalized.json,Kubernetes---kb_1085_Normalized.json::test_00003,invalid,passed,False,True,correct_reject,2.2684,0.003382,0.00325,3.9e-05,70,44
Kubernetes---kb_1085_Normalized.json,Kubernetes---kb_1085_Normalized.json::test_00004,valid,passed,True,True,correct_accept,2.2684,0.004486,0.004267,7.1e-05,73,73
Kubernetes---kb_1085_Normalized.json,Kubernetes---kb_1085_Normalized.json::test_00005,invalid,passed,False,True,correct_reject,2.2684,0.003684,0.003535,4.6e-05,73,47
Kubernetes---kb_1086_Normalized.json,Kubernetes---kb_1086_Normalized.json::test_00000,valid,passed,True,True,correct_accept,1.81854,0.004097,0.003801,0.000105,70,70
Kubernetes---kb_1086_Normalized.json,Kubernetes---kb_1086_Normalized.json::test_00001,invalid,passed,False,True,correct_reject,1.81854,0.000636,0.000541,1.9e-05,76,43
Kubernetes---kb_1086_Normalized.json,Kubernetes---kb_1086_Normalized.json::test_00002,invalid,passed,False,True,correct_reject,1.81854,0.002589,0.002476,2.8e-05,70,44
Kubernetes---kb_1086_Normalized.json,Kubernetes---kb_1086_Normalized.json::test_00003,invalid,passed,False,True,correct_reject,1.81854,0.002972,0.002846,3.3e-05,70,44
Kubernetes---kb_1086_Normalized.json,Kubernetes---kb_1086_Normalized.json::test_00004,invalid,passed,False,True,correct_reject,1.81854,0.002747,0.002646,2e-05,70,44
Kubernetes---kb_1086_Normalized.json,Kubernetes---kb_1086_Normalized.json::test_00005,invalid,passed,False,True,correct_reject,1.81854,0.000586,0.000494,1.9e-05,75,42
Kubernetes---kb_1086_Normalized.json,Kubernetes---kb_1086_Normalized.json::test_00006,valid,passed,True,True,correct_accept,1.81854,0.003286,0.003098,3.2e-05,90,90
Kubernetes---kb_1086_Normalized.json,Kubernetes---kb_1086_Normalized.json::test_00007,invalid,passed,False,True,correct_reject,1.81854,0.00264,0.002547,2.1e-05,66,38
Kubernetes---kb_1087_Normalized.json,Kubernetes---kb_1087_Normalized.json::test_00000,valid,passed,True,True,correct_accept,0.977961,0.003482,0.003374,4e-05,21,21
Kubernetes---kb_1087_Normalized.json,Kubernetes---kb_1087_Normalized.json::test_00001,invalid,passed,False,True,correct_reject,0.977961,0.000138,0.000101,1.6e-05,21,6
Kubernetes---kb_1087_Normalized.json,Kubernetes---kb_1087_Normalized.json::test_00002,invalid,passed,False,True,correct_reject,0.977961,0.00441,0.004314,4.2e-05,19,18
Kubernetes---kb_1087_Normalized.json,Kubernetes---kb_1087_Normalized.json::test_00003,invalid,passed,False,True,correct_reject,0.977961,9.2e-05,6.2e-05,1.2e-05,20,5
Kubernetes---kb_1088_Normalized.json,Kubernetes---kb_1088_Normalized.json::test_00000,valid,passed,True,True,correct_accept,0.904602,0.00489,0.004781,4.6e-05,21,21
Kubernetes---kb_1088_Normalized.json,Kubernetes---kb_1088_Normalized.json::test_00001,invalid,passed,False,True,correct_reject,0.904602,9.7e-05,6.2e-05,1e-05,21,6
Kubernetes---kb_1088_Normalized.json,Kubernetes---kb_1088_Normalized.json::test_00002,invalid,passed,False,True,correct_reject,0.904602,0.002441,0.002389,1.3e-05,19,18
Kubernetes---kb_1088_Normalized.json,Kubernetes---kb_1088_Normalized.json::test_00003,invalid,passed,False,True,correct_reject,0.904602,0.003353,0.003291,2.5e-05,21,12
Kubernetes---kb_1089_Normalized.json,Kubernetes---kb_1089_Normalized.json::test_00000,valid,passed,True,True,correct_accept,1.25523,0.001564,0.001395,5.3e-05,53,53
Kubernetes---kb_1089_Normalized.json,Kubernetes---kb_1089_Normalized.json::test_00001,invalid,passed,False,True,correct_reject,1.25523,0.000664,0.000592,2e-05,61,28
Kubernetes---kb_1089_Normalized.json,Kubernetes---kb_1089_Normalized.json::test_00002,invalid,passed,False,True,correct_reject,1.25523,0.000406,0.000358,2e-05,54,13
Kubernetes---kb_1089_Normalized.json,Kubernetes---kb_1089_Normalized.json::test_00003,invalid,passed,False,True,correct_reject,1.25523,0.000325,0.000286,1.2e-05,53,12
Kubernetes---kb_1089_Normalized.json,Kubernetes---kb_1089_Normalized.json::test_00004,invalid,passed,False,True,correct_reject,1.25523,0.000699,0.000623,1.8e-05,60,30
Kubernetes---kb_1089_Normalized.json,Kubernetes---kb_1089_Normalized.json::test_00005,invalid,passed,False,True,correct_reject,1.25523,0.00033,0.000292,1.4e-05,55,13
Kubernetes---kb_1089_Normalized.json,Kubernetes---kb_1089_Normalized.json::test_00006,valid,passed,True,True,correct_accept,1.25523,0.001293,0.001166,3.1e-05,54,54
Kubernetes---kb_1089_Normalized.json,Kubernetes---kb_1089_Normalized.json::test_00007,invalid,passed,False,True,correct_reject,1.25523,0.000172,0.000148,8e-06,40,7
Kubernetes---kb_1089_Normalized.json,Kubernetes---kb_1089_Normalized.json::test_00008,invalid,passed,False,True,correct_reject,1.25523,0.000756,0.000682,2e-05,60,30
Kubernetes---kb_1089_Normalized.json,Kubernetes---kb_1089_Normalized.json::test_00009,invalid,passed,False,True,correct_reject,1.25523,0.000418,0.000375,1.6e-05,60,15
Kubernetes---kb_108_Normalized.json,Kubernetes---kb_108_Normalized.json::test_00000,valid,passed,True,True,correct_accept,0.827988,0.000652,0.000525,7.4e-05,13,13
Kubernetes---kb_108_Normalized.json,Kubernetes---kb_108_Normalized.json::test_00001,invalid,passed,False,True,correct_reject,0.827988,8.1e-05,6.1e-05,6e-06,11,5
Kubernetes---kb_1090_Normalized.json,Kubernetes---kb_1090_Normalized.json::test_00000,valid,passed,True,True,correct_accept,1.4626,0.00159,0.00142,4.4e-05,55,55
Kubernetes---kb_1090_Normalized.json,Kubernetes---kb_1090_Normalized.json::test_00001,invalid,passed,False,True,correct_reject,1.4626,0.000743,0.000666,2.2e-05,63,30
Kubernetes---kb_1090_Normalized.json,Kubernetes---kb_1090_Normalized.json::test_00002,invalid,passed,False,True,correct_reject,1.4626,0.000496,0.000439,2.3e-05,56,13
Kubernetes---kb_1090_Normalized.json,Kubernetes---kb_1090_Normalized.json::test_00003,invalid,passed,False,True,correct_reject,1.4626,0.000575,0.000513,2.5e-05,58,13
Kubernetes---kb_1090_Normalized.json,Kubernetes---kb_1090_Normalized.json::test_00004,invalid,passed,False,True,correct_reject,1.4626,0.00076,0.000686,1.7e-05,62,32
Kubernetes---kb_1090_Normalized.json,Kubernetes---kb_1090_Normalized.json::test_00005,invalid,passed,False,True,correct_reject,1.4626,0.000481,0.000423,2.3e-05,55,13
Kubernetes---kb_1090_Normalized.json,Kubernetes---kb_1090_Normalized.json::test_00006,valid,passed,True,True,correct_accept,1.4626,0.002207,0.002027,6.4e-05,54,54
Kubernetes---kb_1090_Normalized.json,Kubernetes---kb_1090_Normalized.json::test_00007,invalid,passed,False,True,correct_reject,1.4626,0.001489,0.001371,5.6e-05,57,13
Kubernetes---kb_1090_Normalized.json,Kubernetes---kb_1090_Normalized.json::test_00008,invalid,passed,False,True,correct_reject,1.4626,0.001279,0.001164,4.4e-05,55,24
Kubernetes---kb_1091_Normalized.json,Kubernetes---kb_1091_Normalized.json::test_00000,valid,passed,True,True,correct_accept,1.40965,0.002441,0.002213,9e-05,50,50
Kubernetes---kb_1091_Normalized.json,Kubernetes---kb_1091_Normalized.json::test_00001,invalid,passed,False,True,correct_reject,1.40965,0.000886,0.000803,2.6e-05,66,26
Kubernetes---kb_1091_Normalized.json,Kubernetes---kb_1091_Normalized.json::test_00002,invalid,passed,False,True,correct_reject,1.40965,0.000608,0.000546,2.6e-05,54,13
Kubernetes---kb_1091_Normalized.json,Kubernetes---kb_1091_Normalized.json::test_00003,invalid,passed,False,True,correct_reject,1.40965,0.000694,0.000617,3.3e-05,49,15
Kubernetes---kb_1091_Normalized.json,Kubernetes---kb_1091_Normalized.json::test_00004,invalid,passed,False,True,correct_reject,1.40965,0.000809,0.000733,2.3e-05,55,24
Kubernetes---kb_1091_Normalized.json,Kubernetes---kb_1091_Normalized.json::test_00005,invalid,passed,False,True,correct_reject,1.40965,0.000784,0.000708,2.2e-05,55,27
Kubernetes---kb_1091_Normalized.json,Kubernetes---kb_1091_Normalized.json::test_00006,invalid,passed,False,True,correct_reject,1.40965,0.000446,0.000402,1.6e-05,53,13
Kubernetes---kb_1091_Normalized.json,Kubernetes---kb_1091_Normalized.json::test_00007,valid,passed,True,True,correct_accept,1.40965,0.001909,0.001734,5.7e-05,53,53
Kubernetes---kb_1091_Normalized.json,Kubernetes---kb_1091_Normalized.json::test_00008,invalid,passed,False,True,correct_reject,1.40965,0.000747,0.000683,2.6e-05,57,16
Kubernetes---kb_1091_Normalized.json,Kubernetes---kb_1091_Normalized.json::test_00009,invalid,passed,False,True,correct_reject,1.54178,0.001434,0.001292,4.8e-05,61,30
Kubernetes---kb_1092_Normalized.json,Kubernetes---kb_1092_Normalized.json::test_00000,valid,passed,True,True,correct_accept,0.752144,0.000387,0.000338,1.6e-05,8,8
Kubernetes---kb_1092_Normalized.json,Kubernetes---kb_1092_Normalized.json::test_00001,invalid,passed,False,True,correct_reject,0.752144,9.3e-05,6.6e-05,1e-05,6,5
Kubernetes---kb_1092_Normalized.json,Kubernetes---kb_1092_Normalized.json::test_00002,valid,passed,True,True,correct_accept,0.752144,0.000231,0.000205,9e-06,8,8
Kubernetes---kb_1093_Normalized.json,Kubernetes---kb_1093_Normalized.json::test_00000,valid,passed,True,True,correct_accept,0.705525,0.000359,0.000313,1.5e-05,8,8
Kubernetes---kb_1093_Normalized.json,Kubernetes---kb_1093_Normalized.json::test_00001,invalid,passed,False,True,correct_reject,0.705525,7.1e-05,5.1e-05,6e-06,6,5
Kubernetes---kb_1093_Normalized.json,Kubernetes---kb_1093_Normalized.json::test_00002,invalid,passed,False,True,correct_reject,0.705525,7e-05,4.8e-05,9e-06,5,4
Kubernetes---kb_1094_Normalized.json,Kubernetes---kb_1094_Normalized.json::test_00000,valid,passed,True,True,correct_accept,6.64591,0.006297,0.005591,0.000276,177,177
Kubernetes---kb_1094_Normalized.json,Kubernetes---kb_1094_Normalized.json::test_00001,invalid,passed,False,True,correct_reject,6.64591,0.001117,0.001005,4.5e-05,180,18
Kubernetes---kb_1094_Normalized.json,Kubernetes---kb_1094_Normalized.json::test_00002,invalid,passed,False,True,correct_reject,6.64591,0.000552,0.000483,2.9e-05,174,12
Kubernetes---kb_1094_Normalized.json,Kubernetes---kb_1094_Normalized.json::test_00003,valid,passed,True,True,correct_accept,6.64591,0.003829,0.003358,0.00016,144,144
Kubernetes---kb_1094_Normalized.json,Kubernetes---kb_1094_Normalized.json::test_00004,invalid,passed,False,True,correct_reject,6.64591,6.7e-05,4.8e-05,6e-06,143,2
Kubernetes---kb_1095_Normalized.json,Kubernetes---kb_1095_Normalized.json::test_00000,valid,passed,True,True,correct_accept,6.72059,0.011235,0.010442,0.000329,173,173
Kubernetes---kb_1095_Normalized.json,Kubernetes---kb_1095_Normalized.json::test_00001,invalid,passed,False,True,correct_reject,6.72059,0.010866,0.010169,0.00028,173,171
Kubernetes---kb_1095_Normalized.json,Kubernetes---kb_1095_Normalized.json::test_00002,valid,passed,True,True,correct_accept,6.72059,0.010532,0.009645,0.000363,159,159
Kubernetes---kb_1096_Normalized.json,Kubernetes---kb_1096_Normalized.json::test_00000,valid,passed,True,True,correct_accept,5.86229,0.007428,0.006896,0.000185,173,173
Kubernetes---kb_1096_Normalized.json,Kubernetes---kb_1096_Normalized.json::test_00001,invalid,passed,False,True,correct_reject,5.86229,0.004798,0.004533,0.000125,174,45
Kubernetes---kb_1096_Normalized.json,Kubernetes---kb_1096_Normalized.json::test_00002,invalid,passed,False,True,correct_reject,5.86229,0.007593,0.006888,0.000259,173,171
Kubernetes---kb_1096_Normalized.json,Kubernetes---kb_1096_Normalized.json::test_00003,invalid,passed,False,True,correct_reject,5.86229,0.000557,0.000489,2.6e-05,176,14
Kubernetes---kb_1096_Normalized.json,Kubernetes---kb_1096_Normalized.json::test_00004,valid,passed,True,True,correct_accept,5.86229,0.007111,0.006631,0.000153,158,158
Kubernetes---kb_1096_Normalized.json,Kubernetes---kb_1096_Normalized.json::test_00005,invalid,passed,False,True,correct_reject,5.86229,6.7e-05,5.3e-05,6e-06,165,2
Kubernetes---kb_1096_Normalized.json,Kubernetes---kb_1096_Normalized.json::test_00006,invalid,passed,False,True,correct_reject,5.86229,8.1e-05,6.6e-05,6e-06,172,2
Kubernetes---kb_1097_Normalized.json,Kubernetes---kb_1097_Normalized.json::test_00000,valid,failed,False,True,over_constraint,14.5019,0.000172,8.5e-05,5.2e-05,213,13
Kubernetes---kb_1097_Normalized.json,Kubernetes---kb_1097_Normalized.json::test_00001,invalid,passed,False,True,correct_reject,14.5019,0.000158,9.8e-05,2.3e-05,213,13
Kubernetes---kb_1097_Normalized.json,Kubernetes---kb_1097_Normalized.json::test_00002,valid,failed,False,True,over_constraint,14.5019,0.000148,9.4e-05,1.9e-05,161,13
Kubernetes---kb_1097_Normalized.json,Kubernetes---kb_1097_Normalized.json::test_00003,invalid,passed,False,True,correct_reject,14.5019,0.000135,8.4e-05,2e-05,367,13
Kubernetes---kb_1098_Normalized.json,Kubernetes---kb_1098_Normalized.json::test_00000,valid,failed,False,True,over_constraint,15.2137,0.000109,7e-05,1.4e-05,209,13
Kubernetes---kb_1098_Normalized.json,Kubernetes---kb_1098_Normalized.json::test_00001,invalid,passed,False,True,correct_reject,15.2137,8.4e-05,5.5e-05,1.1e-05,200,6
Kubernetes---kb_1098_Normalized.json,Kubernetes---kb_1098_Normalized.json::test_00002,valid,failed,False,True,over_constraint,15.2137,9.1e-05,5.8e-05,1e-05,114,13
Kubernetes---kb_1099_Normalized.json,Kubernetes---kb_1099_Normalized.json::test_00000,valid,passed,True,True,correct_accept,13.1466,0.011081,0.010084,0.000385,217,217
Kubernetes---kb_1099_Normalized.json,Kubernetes---kb_1099_Normalized.json::test_00001,invalid,passed,False,True,correct_reject,13.1466,0.004595,0.004344,6.2e-05,224,98
Kubernetes---kb_1099_Normalized.json,Kubernetes---kb_1099_Normalized.json::test_00002,valid,passed,True,True,correct_accept,13.1466,0.002794,0.002481,7.5e-05,120,120
Kubernetes---kb_109_Normalized.json,Kubernetes---kb_109_Normalized.json::test_00000,valid,passed,True,True,correct_accept,0.921201,0.000514,0.000448,2.1e-05,20,20
Kubernetes---kb_109_Normalized.json,Kubernetes---kb_109_Normalized.json::test_00001,invalid,passed,False,True,correct_reject,0.921201,0.00012,8.7e-05,1.1e-05,19,5
Kubernetes---kb_10_Normalized.json,Kubernetes---kb_10_Normalized.json::test_00000,valid,passed,True,True,correct_accept,0.903684,0.00041,0.00035,2.9e-05,9,9
Kubernetes---kb_10_Normalized.json,Kubernetes---kb_10_Normalized.json::test_00001,invalid,passed,False,True,correct_reject,0.903684,6.8e-05,4.7e-05,7e-06,6,5
Kubernetes---kb_1100_Normalized.json,Kubernetes---kb_1100_Normalized.json::test_00000,valid,failed,False,True,over_constraint,15.8259,0.000307,0.000158,9.4e-05,251,13
Kubernetes---kb_1100_Normalized.json,Kubernetes---kb_1100_Normalized.json::test_00001,invalid,passed,False,True,correct_reject,15.8259,0.000168,0.000105,2.6e-05,251,13
Kubernetes---kb_1100_Normalized.json,Kubernetes---kb_1100_Normalized.json::test_00002,invalid,passed,False,True,correct_reject,15.8259,0.000184,0.000115,3.1e-05,254,13
Kubernetes---kb_1100_Normalized.json,Kubernetes---kb_1100_Normalized.json::test_00003,invalid,passed,False,True,correct_reject,15.8259,0.000171,0.000106,2.7e-05,245,13
Kubernetes---kb_1100_Normalized.json,Kubernetes---kb_1100_Normalized.json::test_00004,invalid,passed,False,True,correct_reject,15.8259,0.000182,0.000113,2.9e-05,259,13
Kubernetes---kb_1101_Normalized.json,Kubernetes---kb_1101_Normalized.json::test_00000,valid,failed,False,True,over_constraint,16.3496,9.1e-05,5.4e-05,9e-06,260,13
Kubernetes---kb_1101_Normalized.json,Kubernetes---kb_1101_Normalized.json::test_00001,invalid,passed,False,True,correct_reject,16.3496,0.000143,8.9e-05,2.2e-05,260,13
Kubernetes---kb_1101_Normalized.json,Kubernetes---kb_1101_Normalized.json::test_00002,invalid,passed,False,True,correct_reject,16.3496,9.1e-05,5.4e-05,8e-06,255,13
Kubernetes---kb_1102_Normalized.json,Kubernetes---kb_1102_Normalized.json::test_00000,valid,passed,True,True,correct_accept,11.3447,0.01373,0.012643,0.000432,263,263
Kubernetes---kb_1102_Normalized.json,Kubernetes---kb_1102_Normalized.json::test_00001,invalid,passed,False,True,correct_reject,11.3447,7.6e-05,5e-05,1.2e-05,276,5
Kubernetes---kb_1102_Normalized.json,Kubernetes---kb_1102_Normalized.json::test_00002,invalid,passed,False,True,correct_reject,11.3447,0.01058,0.009881,0.000225,263,220
Kubernetes---kb_1102_Normalized.json,Kubernetes---kb_1102_Normalized.json::test_00003,invalid,passed,False,True,correct_reject,11.3447,9.8e-05,6.7e-05,1.3e-05,253,6
Kubernetes---kb_1103_Normalized.json,Kubernetes---kb_1103_Normalized.json::test_00000,valid,passed,True,True,correct_accept,24.9667,0.001676,0.001434,0.000158,26,26
Kubernetes---kb_1103_Normalized.json,Kubernetes---kb_1103_Normalized.json::test_00001,invalid,passed,False,True,correct_reject,24.9667,0.000149,0.000106,2.3e-05,25,5
Kubernetes---kb_1103_Normalized.json,Kubernetes---kb_1103_Normalized.json::test_00002,invalid,passed,False,True,correct_reject,24.9667,0.001147,0.001037,4.8e-05,27,25
Kubernetes---kb_1103_Normalized.json,Kubernetes---kb_1103_Normalized.json::test_00003,invalid,passed,False,True,correct_reject,24.9667,0.000795,0.000711,4e-05,24,18
Kubernetes---kb_1104_Normalized.json,Kubernetes---kb_1104_Normalized.json::test_00000,valid,passed,True,True,correct_accept,26.1663,0.001479,0.001243,0.000157,26,26
Kubernetes---kb_1104_Normalized.json,Kubernetes---kb_1104_Normalized.json::test_00001,invalid,passed,False,True,correct_reject,26.1663,0.000171,0.000117,2.9e-05,25,5
Kubernetes---kb_1104_Normalized.json,Kubernetes---kb_1104_Normalized.json::test_00002,invalid,passed,False,True,correct_reject,26.1663,0.001661,0.001511,7.6e-05,27,25
Kubernetes---kb_1104_Normalized.json,Kubernetes---kb_1104_Normalized.json::test_00003,invalid,passed,False,True,correct_reject,26.1663,0.001156,0.001054,5.2e-05,24,18
Kubernetes---kb_1105_Normalized.json,Kubernetes---kb_1105_Normalized.json::test_00000,valid,failed,False,True,over_constraint,37.6329,0.000292,0.000138,0.000107,92,11
Kubernetes---kb_1105_Normalized.json,Kubernetes---kb_1105_Normalized.json::test_00001,valid,failed,False,True,over_constraint,37.6329,0.000157,0.0001,2.3e-05,75,11
Kubernetes---kb_1105_Normalized.json,Kubernetes---kb_1105_Normalized.json::test_00002,invalid,passed,False,True,correct_reject,37.6329,0.000152,0.000101,2.3e-05,72,11
Kubernetes---kb_1105_Normalized.json,Kubernetes---kb_1105_Normalized.json::test_00003,invalid,passed,False,True,correct_reject,37.6329,0.000149,9.4e-05,2.3e-05,75,11
Kubernetes---kb_1106_Normalized.json,Kubernetes---kb_1106_Normalized.json::test_00000,valid,failed,False,True,over_constraint,37.6051,0.000112,7.1e-05,1.3e-05,94,11
Kubernetes---kb_1106_Normalized.json,Kubernetes---kb_1106_Normalized.json::test_00001,invalid,passed,False,True,correct_reject,37.6051,0.000168,0.000106,2.6e-05,105,11
Kubernetes---kb_1106_Normalized.json,Kubernetes---kb_1106_Normalized.json::test_00002,invalid,passed,False,True,correct_reject,37.6051,0.000117,7.5e-05,1.4e-05,78,11
Kubernetes---kb_1107_Normalized.json,Kubernetes---kb_1107_Normalized.json::test_00000,valid,failed,False,True,over_constraint,39.715,0.000302,0.000138,0.000116,94,11
Kubernetes---kb_1107_Normalized.json,Kubernetes---kb_1107_Normalized.json::test_00001,valid,failed,False,True,over_constraint,39.715,0.000162,0.000102,2.4e-05,77,11
Kubernetes---kb_1107_Normalized.json,Kubernetes---kb_1107_Normalized.json::test_00002,invalid,passed,False,True,correct_reject,39.715,0.000159,0.000103,2.3e-05,73,11
Kubernetes---kb_1108_Normalized.json,Kubernetes---kb_1108_Normalized.json::test_00000,valid,passed,True,True,correct_accept,37.1622,0.016395,0.015857,0.000286,94,94
Kubernetes---kb_1108_Normalized.json,Kubernetes---kb_1108_Normalized.json::test_00001,valid,passed,True,True,correct_accept,37.1622,0.016059,0.015672,0.000181,77,77
Kubernetes---kb_1108_Normalized.json,Kubernetes---kb_1108_Normalized.json::test_00002,invalid,passed,False,True,correct_reject,37.1622,0.010258,0.010048,9.4e-05,73,42
Kubernetes---kb_1108_Normalized.json,Kubernetes---kb_1108_Normalized.json::test_00003,invalid,passed,False,True,correct_reject,37.1622,0.016472,0.016088,0.000185,92,64
Kubernetes---kb_1109_Normalized.json,Kubernetes---kb_1109_Normalized.json::test_00000,valid,failed,False,True,over_constraint,40.3064,9.9e-05,6e-05,1.3e-05,110,11
Kubernetes---kb_1109_Normalized.json,Kubernetes---kb_1109_Normalized.json::test_00001,invalid,passed,False,True,correct_reject,40.3064,8.1e-05,5.1e-05,9e-06,106,11
Kubernetes---kb_1109_Normalized.json,Kubernetes---kb_1109_Normalized.json::test_00002,invalid,passed,False,True,correct_reject,40.3064,0.000124,7.6e-05,1.8e-05,109,11
Kubernetes---kb_110_Normalized.json,Kubernetes---kb_110_Normalized.json::test_00000,valid,passed,True,True,correct_accept,0.866329,0.000872,0.000783,3.4e-05,20,20
Kubernetes---kb_110_Normalized.json,Kubernetes---kb_110_Normalized.json::test_00001,invalid,passed,False,True,correct_reject,0.866329,9.7e-05,7.2e-05,1e-05,19,5
Kubernetes---kb_1111_Normalized.json,Kubernetes---kb_1111_Normalized.json::test_00000,valid,failed,False,True,over_constraint,40.7017,0.000277,0.000131,9.9e-05,233,11
Kubernetes---kb_1113_Normalized.json,Kubernetes---kb_1113_Normalized.json::test_00000,valid,passed,True,True,correct_accept,26.0056,0.002444,0.002201,0.000106,64,64
Kubernetes---kb_1113_Normalized.json,Kubernetes---kb_1113_Normalized.json::test_00001,valid,passed,True,True,correct_accept,26.0056,0.005127,0.004826,0.000114,88,88
Kubernetes---kb_1113_Normalized.json,Kubernetes---kb_1113_Normalized.json::test_00002,invalid,passed,False,True,correct_reject,26.0056,0.000108,7.9e-05,1.1e-05,85,7
Kubernetes---kb_1113_Normalized.json,Kubernetes---kb_1113_Normalized.json::test_00003,invalid,passed,False,True,correct_reject,26.0056,0.000395,0.000352,1.6e-05,92,11
Kubernetes---kb_1114_Normalized.json,Kubernetes---kb_1114_Normalized.json::test_00000,valid,passed,True,True,correct_accept,0.00043,0.002296,0.00206,9.7e-05,64,64
Kubernetes---kb_1114_Normalized.json,Kubernetes---kb_1114_Normalized.json::test_00001,valid,passed,True,True,correct_accept,0.00043,0.003682,0.003281,0.000215,63,63
Kubernetes---kb_1114_Normalized.json,Kubernetes---kb_1114_Normalized.json::test_00002,invalid,passed,False,True,correct_reject,0.00043,0.000398,0.000298,7.3e-05,58,10
Kubernetes---kb_1115_Normalized.json,Kubernetes---kb_1115_Normalized.json::test_00000,valid,passed,True,True,correct_accept,0.000521,0.003168,0.002747,0.000168,106,106
Kubernetes---kb_1115_Normalized.json,Kubernetes---kb_1115_Normalized.json::test_00001,valid,passed,True,True,correct_accept,0.000521,0.002623,0.002349,0.000125,64,64
Kubernetes---kb_1115_Normalized.json,Kubernetes---kb_1115_Normalized.json::test_00002,invalid,passed,False,True,correct_reject,0.000521,0.000486,0.000431,2.4e-05,71,11
Kubernetes---kb_1116_Normalized.json,Kubernetes---kb_1116_Normalized.json::test_00000,valid,passed,True,True,correct_accept,0.000552,0.001861,0.001647,8.5e-05,64,64
Kubernetes---kb_1116_Normalized.json,Kubernetes---kb_1116_Normalized.json::test_00001,invalid,passed,False,True,correct_reject,0.000552,0.000108,7.4e-05,1.4e-05,60,6
Kubernetes---kb_1117_Normalized.json,Kubernetes---kb_1117_Normalized.json::test_00000,valid,passed,True,True,correct_accept,31.0839,0.011916,0.011394,0.000271,105,105
Kubernetes---kb_1117_Normalized.json,Kubernetes---kb_1117_Normalized.json::test_00001,valid,passed,True,True,correct_accept,31.0839,0.001311,0.001166,6.1e-05,34,34
Kubernetes---kb_1117_Normalized.json,Kubernetes---kb_1117_Normalized.json::test_00002,invalid,passed,False,True,correct_reject,31.0839,0.000102,7.1e-05,1.2e-05,30,6
Kubernetes---kb_1117_Normalized.json,Kubernetes---kb_1117_Normalized.json::test_00003,invalid,passed,False,True,correct_reject,31.0839,7.9e-05,5.6e-05,8e-06,29,6
Kubernetes---kb_1118_Normalized.json,Kubernetes---kb_1118_Normalized.json::test_00000,valid,passed,True,True,correct_accept,30.0562,0.010359,0.00989,0.000145,183,183
Kubernetes---kb_1118_Normalized.json,Kubernetes---kb_1118_Normalized.json::test_00001,valid,passed,True,True,correct_accept,30.0562,0.008918,0.008466,0.000146,170,170
Kubernetes---kb_1118_Normalized.json,Kubernetes---kb_1118_Normalized.json::test_00002,invalid,passed,False,True,correct_reject,30.0562,0.000101,7e-05,1.1e-05,167,6
Kubernetes---kb_1119_Normalized.json,Kubernetes---kb_1119_Normalized.json::test_00000,valid,passed,True,True,correct_accept,33.2307,0.008082,0.007604,0.000244,99,99
Kubernetes---kb_1119_Normalized.json,Kubernetes---kb_1119_Normalized.json::test_00001,valid,running_validation,,False,no_decision,33.2307,,,,106,
Kubernetes---kb_111_Normalized.json,Kubernetes---kb_111_Normalized.json::test_00000,valid,passed,True,True,correct_accept,12.3797,0.01218,0.011514,0.00027,146,146
Kubernetes---kb_111_Normalized.json,Kubernetes---kb_111_Normalized.json::test_00001,invalid,passed,False,True,correct_reject,12.3797,0.007569,0.007342,8.4e-05,164,44
Kubernetes---kb_111_Normalized.json,Kubernetes---kb_111_Normalized.json::test_00002,invalid,passed,False,True,correct_reject,12.3797,0.011667,0.011074,0.000248,178,130
Kubernetes---kb_111_Normalized.json,Kubernetes---kb_111_Normalized.json::test_00003,invalid,passed,False,True,correct_reject,12.3797,0.010027,0.009546,0.000181,152,123
Kubernetes---kb_111_Normalized.json,Kubernetes---kb_111_Normalized.json::test_00004,invalid,passed,False,True,correct_reject,12.3797,0.00968,0.009233,0.000173,151,102
Kubernetes---kb_111_Normalized.json,Kubernetes---kb_111_Normalized.json::test_00005,invalid,passed,False,True,correct_reject,12.3797,0.006905,0.006702,7.6e-05,153,44
Kubernetes---kb_111_Normalized.json,Kubernetes---kb_111_Normalized.json::test_00006,valid,passed,True,True,correct_accept,12.3797,0.012258,0.011574,0.000278,154,154
Kubernetes---kb_111_Normalized.json,Kubernetes---kb_111_Normalized.json::test_00007,invalid,passed,False,True,correct_reject,12.3797,0.007696,0.007507,7.3e-05,92,36
Kubernetes---kb_111_Normalized.json,Kubernetes---kb_111_Normalized.json::test_00008,invalid,passed,False,True,correct_reject,12.3797,0.006882,0.006667,8.6e-05,161,44
Kubernetes---kb_111_Normalized.json,Kubernetes---kb_111_Normalized.json::test_00009,invalid,passed,False,True,correct_reject,12.3797,0.006144,0.005972,6.7e-05,193,36
Kubernetes---kb_1120_Normalized.json,Kubernetes---kb_1120_Normalized.json::test_00000,valid,passed,True,True,correct_accept,0.000617,0.004152,0.003712,0.000222,84,84
Kubernetes---kb_1120_Normalized.json,Kubernetes---kb_1120_Normalized.json::test_00001,valid,passed,True,True,correct_accept,0.000617,0.004108,0.003673,0.000216,84,84
Kubernetes---kb_1120_Normalized.json,Kubernetes---kb_1120_Normalized.json::test_00002,invalid,passed,False,True,correct_reject,0.000617,0.001079,0.000929,7.1e-05,83,33
Kubernetes---kb_1120_Normalized.json,Kubernetes---kb_1120_Normalized.json::test_00003,invalid,passed,False,True,correct_reject,0.000617,0.000656,0.000546,5.7e-05,78,17
Kubernetes---kb_1123_Normalized.json,Kubernetes---kb_1123_Normalized.json::test_00000,valid,passed,True,True,correct_accept,2.31505,0.010275,0.009835,0.00018,92,92
Kubernetes---kb_1123_Normalized.json,Kubernetes---kb_1123_Normalized.json::test_00001,invalid,passed,False,True,correct_reject,2.31505,0.000114,7.6e-05,1.8e-05,93,5
Kubernetes---kb_1123_Normalized.json,Kubernetes---kb_1123_Normalized.json::test_00002,invalid,passed,False,True,correct_reject,2.31505,0.000141,9e-05,2.3e-05,99,8
Kubernetes---kb_1123_Normalized.json,Kubernetes---kb_1123_Normalized.json::test_00003,invalid,passed,False,True,correct_reject,2.31505,0.000134,8.6e-05,2.2e-05,89,8
Kubernetes---kb_1125_Normalized.json,Kubernetes---kb_1125_Normalized.json::test_00000,valid,passed,True,True,correct_accept,1.3697,0.001385,0.001251,5.5e-05,21,21
Kubernetes---kb_1125_Normalized.json,Kubernetes---kb_1125_Normalized.json::test_00001,invalid,passed,False,True,correct_reject,1.3697,0.000102,7.1e-05,1.2e-05,18,6
Kubernetes---kb_1125_Normalized.json,Kubernetes---kb_1125_Normalized.json::test_00002,invalid,passed,False,True,correct_reject,1.3697,0.000694,0.000612,3.3e-05,16,15
Kubernetes---kb_1125_Normalized.json,Kubernetes---kb_1125_Normalized.json::test_00003,valid,passed,True,True,correct_accept,1.3697,0.000895,0.000801,3.8e-05,18,18
Kubernetes---kb_1125_Normalized.json,Kubernetes---kb_1125_Normalized.json::test_00004,invalid,passed,False,True,correct_reject,1.3697,7.2e-05,5.2e-05,6e-06,15,2
Kubernetes---kb_1125_Normalized.json,Kubernetes---kb_1125_Normalized.json::test_00005,invalid,passed,False,True,correct_reject,1.3697,7.1e-05,5.1e-05,7e-06,15,2
Kubernetes---kb_1126_Normalized.json,Kubernetes---kb_1126_Normalized.json::test_00000,valid,passed,True,True,correct_accept,4.6e-05,0.001091,0.000991,4.3e-05,21,21
Kubernetes---kb_1126_Normalized.json,Kubernetes---kb_1126_Normalized.json::test_00001,invalid,passed,False,True,correct_reject,4.6e-05,0.000129,9.2e-05,1.5e-05,18,6
Kubernetes---kb_1126_Normalized.json,Kubernetes---kb_1126_Normalized.json::test_00002,invalid,passed,False,True,correct_reject,4.6e-05,0.000644,0.000565,3.2e-05,16,15
Kubernetes---kb_1126_Normalized.json,Kubernetes---kb_1126_Normalized.json::test_00003,valid,passed,True,True,correct_accept,4.6e-05,0.001089,0.000962,5.8e-05,17,17
Kubernetes---kb_1126_Normalized.json,Kubernetes---kb_1126_Normalized.json::test_00004,invalid,passed,False,True,correct_reject,4.6e-05,6.6e-05,4.7e-05,7e-06,15,2
Kubernetes---kb_1126_Normalized.json,Kubernetes---kb_1126_Normalized.json::test_00005,invalid,passed,False,True,correct_reject,4.6e-05,5.6e-05,4.1e-05,5e-06,15,2
Kubernetes---kb_1127_Normalized.json,Kubernetes---kb_1127_Normalized.json::test_00000,valid,passed,True,True,correct_accept,1.22739,0.003134,0.002905,0.000114,31,31
Kubernetes---kb_1127_Normalized.json,Kubernetes---kb_1127_Normalized.json::test_00001,invalid,passed,False,True,correct_reject,1.22739,0.000102,7.7e-05,9e-06,24,5
Kubernetes---kb_1127_Normalized.json,Kubernetes---kb_1127_Normalized.json::test_00002,valid,passed,True,True,correct_accept,1.22739,0.002541,0.002349,8.7e-05,31,31
Kubernetes---kb_1127_Normalized.json,Kubernetes---kb_1127_Normalized.json::test_00003,invalid,passed,False,True,correct_reject,1.22739,0.000134,0.0001,1.4e-05,24,5
Kubernetes---kb_1127_Normalized.json,Kubernetes---kb_1127_Normalized.json::test_00004,invalid,passed,False,True,correct_reject,1.22739,0.000127,9.5e-05,1.4e-05,24,5
Kubernetes---kb_1128_Normalized.json,Kubernetes---kb_1128_Normalized.json::test_00000,valid,passed,True,True,correct_accept,1.27331,0.002467,0.002269,8.9e-05,31,31
Kubernetes---kb_1128_Normalized.json,Kubernetes---kb_1128_Normalized.json::test_00001,invalid,passed,False,True,correct_reject,1.27331,0.000162,0.00012,1.7e-05,24,5
Kubernetes---kb_1128_Normalized.json,Kubernetes---kb_1128_Normalized.json::test_00002,invalid,passed,False,True,correct_reject,1.27331,0.000174,0.000102,3.7e-05,23,4
Kubernetes---kb_1128_Normalized.json,Kubernetes---kb_1128_Normalized.json::test_00003,invalid,passed,False,True,correct_reject,1.27331,0.001454,0.001322,6.4e-05,22,18
Kubernetes---kb_1129_Normalized.json,Kubernetes---kb_1129_Normalized.json::test_00000,valid,passed,True,True,correct_accept,7.6e-05,0.001664,0.001538,5.4e-05,28,28
Kubernetes---kb_1129_Normalized.json,Kubernetes---kb_1129_Normalized.json::test_00001,invalid,passed,False,True,correct_reject,7.6e-05,0.000125,9.4e-05,1.2e-05,24,5
Kubernetes---kb_112_Normalized.json,Kubernetes---kb_112_Normalized.json::test_00000,valid,passed,True,True,correct_accept,10.8978,0.015192,0.01436,0.000247,276,276
Kubernetes---kb_112_Normalized.json,Kubernetes---kb_112_Normalized.json::test_00001,invalid,passed,False,True,correct_reject,10.8978,0.005576,0.005411,6e-05,283,44
Kubernetes---kb_112_Normalized.json,Kubernetes---kb_112_Normalized.json::test_00002,invalid,passed,False,True,correct_reject,10.8978,0.0001,6.9e-05,1.1e-05,276,6
Kubernetes---kb_112_Normalized.json,Kubernetes---kb_112_Normalized.json::test_00003,invalid,passed,False,True,correct_reject,10.8978,0.020661,0.01962,0.000397,274,240
Kubernetes---kb_112_Normalized.json,Kubernetes---kb_112_Normalized.json::test_00004,invalid,passed,False,True,correct_reject,10.8978,0.013318,0.012652,0.000262,271,147
Kubernetes---kb_112_Normalized.json,Kubernetes---kb_112_Normalized.json::test_00005,invalid,passed,False,True,correct_reject,10.8978,0.00423,0.004036,6.5e-05,196,44
Kubernetes---kb_1130_Normalized.json,Kubernetes---kb_1130_Normalized.json::test_00000,valid,passed,True,True,correct_accept,4.9e-05,0.002884,0.002669,9.7e-05,31,31
Kubernetes---kb_1130_Normalized.json,Kubernetes---kb_1130_Normalized.json::test_00001,invalid,passed,False,True,correct_reject,4.9e-05,0.000114,8.5e-05,1.3e-05,24,5
Kubernetes---kb_1131_Normalized.json,Kubernetes---kb_1131_Normalized.json::test_00000,valid,passed,True,True,correct_accept,1.42953,0.001336,0.001136,5.7e-05,38,38
Kubernetes---kb_1131_Normalized.json,Kubernetes---kb_1131_Normalized.json::test_00001,invalid,passed,False,True,correct_reject,1.42953,0.000485,0.000417,1.9e-05,39,28
Kubernetes---kb_1131_Normalized.json,Kubernetes---kb_1131_Normalized.json::test_00002,invalid,passed,False,True,correct_reject,1.42953,0.000478,0.000411,1.8e-05,41,27
Kubernetes---kb_1131_Normalized.json,Kubernetes---kb_1131_Normalized.json::test_00003,valid,passed,True,True,correct_accept,1.42953,0.000721,0.000627,3.1e-05,29,29
Kubernetes---kb_1131_Normalized.json,Kubernetes---kb_1131_Normalized.json::test_00004,invalid,passed,False,True,correct_reject,1.42953,5.5e-05,4.1e-05,5e-06,38,2
Kubernetes---kb_1132_Normalized.json,Kubernetes---kb_1132_Normalized.json::test_00000,valid,passed,True,True,correct_accept,5.8e-05,0.000985,0.000871,4.4e-05,30,30
Kubernetes---kb_1132_Normalized.json,Kubernetes---kb_1132_Normalized.json::test_00001,invalid,passed,False,True,correct_reject,5.8e-05,0.000106,7.6e-05,1.1e-05,29,6
Kubernetes---kb_1132_Normalized.json,Kubernetes---kb_1132_Normalized.json::test_00002,valid,passed,True,True,correct_accept,5.8e-05,0.000875,0.000768,3.9e-05,30,30
Kubernetes---kb_1132_Normalized.json,Kubernetes---kb_1132_Normalized.json::test_00003,invalid,passed,False,True,correct_reject,5.8e-05,5.6e-05,4e-05,5e-06,28,2
Kubernetes---kb_1133_Normalized.json,Kubernetes---kb_1133_Normalized.json::test_00000,valid,passed,True,True,correct_accept,1.9178,0.002822,0.002465,0.000125,90,90
Kubernetes---kb_1133_Normalized.json,Kubernetes---kb_1133_Normalized.json::test_00001,valid,passed,True,True,correct_accept,1.9178,0.002594,0.002302,0.0001,89,89
Kubernetes---kb_1134_Normalized.json,Kubernetes---kb_1134_Normalized.json::test_00000,valid,passed,True,True,correct_accept,8.3e-05,0.0032,0.002815,0.000145,90,90
Kubernetes---kb_1134_Normalized.json,Kubernetes---kb_1134_Normalized.json::test_00001,valid,passed,True,True,correct_accept,8.3e-05,0.002115,0.001803,0.000112,80,80
Kubernetes---kb_1135_Normalized.json,Kubernetes---kb_1135_Normalized.json::test_00000,valid,passed,True,True,correct_accept,1.12922,0.000285,0.000258,1.1e-05,6,6
Kubernetes---kb_1135_Normalized.json,Kubernetes---kb_1135_Normalized.json::test_00001,invalid,passed,False,True,correct_reject,1.12922,7e-05,4.7e-05,9e-06,6,4
Kubernetes---kb_1135_Normalized.json,Kubernetes---kb_1135_Normalized.json::test_00002,invalid,passed,False,True,correct_reject,1.12922,0.000241,0.000206,1.4e-05,8,6
Kubernetes---kb_1136_Normalized.json,Kubernetes---kb_1136_Normalized.json::test_00000,valid,passed,True,True,correct_accept,1.05489,0.000253,0.00022,1.5e-05,6,6
Kubernetes---kb_1136_Normalized.json,Kubernetes---kb_1136_Normalized.json::test_00001,invalid,passed,False,True,correct_reject,1.05489,6.8e-05,4.7e-05,9e-06,6,4
Kubernetes---kb_1136_Normalized.json,Kubernetes---kb_1136_Normalized.json::test_00002,invalid,passed,False,True,correct_reject,1.05489,7.8e-05,5.4e-05,1.1e-05,6,4
Kubernetes---kb_1136_Normalized.json,Kubernetes---kb_1136_Normalized.json::test_00003,invalid,passed,False,True,correct_reject,1.05489,0.000192,0.000162,1.3e-05,8,6
Kubernetes---kb_1137_Normalized.json,Kubernetes---kb_1137_Normalized.json::test_00000,valid,passed,True,True,correct_accept,4.5e-05,0.000259,0.000223,1.6e-05,6,6
Kubernetes---kb_1137_Normalized.json,Kubernetes---kb_1137_Normalized.json::test_00001,invalid,passed,False,True,correct_reject,4.5e-05,5.4e-05,3.6e-05,7e-06,6,4
Kubernetes---kb_1137_Normalized.json,Kubernetes---kb_1137_Normalized.json::test_00002,invalid,passed,False,True,correct_reject,4.5e-05,0.000168,0.000145,8e-06,8,6
Kubernetes---kb_1138_Normalized.json,Kubernetes---kb_1138_Normalized.json::test_00000,valid,passed,True,True,correct_accept,4.76286,0.020121,0.019412,0.000275,163,163
Kubernetes---kb_1138_Normalized.json,Kubernetes---kb_1138_Normalized.json::test_00001,valid,passed,True,True,correct_accept,4.76286,0.021078,0.020488,0.000245,138,138
Kubernetes---kb_1139_Normalized.json,Kubernetes---kb_1139_Normalized.json::test_00000,valid,passed,True,True,correct_accept,0.000169,0.017791,0.017277,0.000171,159,159
Kubernetes---kb_1139_Normalized.json,Kubernetes---kb_1139_Normalized.json::test_00001,valid,passed,True,True,correct_accept,0.000169,0.018122,0.017462,0.000261,164,164
Kubernetes---kb_1139_Normalized.json,Kubernetes---kb_1139_Normalized.json::test_00002,invalid,passed,False,True,correct_reject,0.000169,0.011628,0.01111,0.000187,164,145
Kubernetes---kb_113_Normalized.json,Kubernetes---kb_113_Normalized.json::test_00000,valid,passed,True,True,correct_accept,1.77064,0.002827,0.002595,8.5e-05,55,55
Kubernetes---kb_113_Normalized.json,Kubernetes---kb_113_Normalized.json::test_00001,invalid,passed,False,True,correct_reject,1.77064,0.000127,8.8e-05,1.7e-05,53,8
Kubernetes---kb_113_Normalized.json,Kubernetes---kb_113_Normalized.json::test_00002,valid,passed,True,True,correct_accept,1.77064,0.001273,0.001112,5.8e-05,42,42
Kubernetes---kb_113_Normalized.json,Kubernetes---kb_113_Normalized.json::test_00003,invalid,passed,False,True,correct_reject,1.77064,0.000122,8.1e-05,1.6e-05,41,8
Kubernetes---kb_1140_Normalized.json,Kubernetes---kb_1140_Normalized.json::test_00000,valid,passed,True,True,correct_accept,1.41408,0.013695,0.013469,9.7e-05,47,47
Kubernetes---kb_1140_Normalized.json,Kubernetes---kb_1140_Normalized.json::test_00001,invalid,passed,False,True,correct_reject,1.41408,0.000117,8e-05,1.5e-05,47,6
Kubernetes---kb_1140_Normalized.json,Kubernetes---kb_1140_Normalized.json::test_00002,invalid,passed,False,True,correct_reject,1.41408,0.013366,0.01315,0.000115,38,36
Kubernetes---kb_1140_Normalized.json,Kubernetes---kb_1140_Normalized.json::test_00003,invalid,passed,False,True,correct_reject,1.41408,0.000118,8.1e-05,1.5e-05,46,6
Kubernetes---kb_1140_Normalized.json,Kubernetes---kb_1140_Normalized.json::test_00004,valid,passed,True,True,correct_accept,1.41408,0.015991,0.01573,0.000126,46,46
Kubernetes---kb_1140_Normalized.json,Kubernetes---kb_1140_Normalized.json::test_00005,invalid,passed,False,True,correct_reject,1.41408,9.5e-05,6.4e-05,1.2e-05,44,5
Kubernetes---kb_1140_Normalized.json,Kubernetes---kb_1140_Normalized.json::test_00006,invalid,passed,False,True,correct_reject,1.41408,0.000137,0.000101,1.5e-05,45,6
Kubernetes---kb_1141_Normalized.json,Kubernetes---kb_1141_Normalized.json::test_00000,valid,passed,True,True,correct_accept,5e-05,0.013414,0.013186,9.4e-05,52,52
Kubernetes---kb_1141_Normalized.json,Kubernetes---kb_1141_Normalized.json::test_00001,invalid,passed,False,True,correct_reject,5e-05,0.000107,7.7e-05,1.2e-05,51,6
Kubernetes---kb_1141_Normalized.json,Kubernetes---kb_1141_Normalized.json::test_00002,invalid,passed,False,True,correct_reject,5e-05,0.014469,0.014185,0.000123,40,39
Kubernetes---kb_1141_Normalized.json,Kubernetes---kb_1141_Normalized.json::test_00003,valid,passed,True,True,correct_accept,5e-05,0.015262,0.01493,0.00015,48,48
Kubernetes---kb_1141_Normalized.json,Kubernetes---kb_1141_Normalized.json::test_00004,invalid,passed,False,True,correct_reject,5e-05,0.000128,8.8e-05,1.6e-05,47,6
Kubernetes---kb_1141_Normalized.json,Kubernetes---kb_1141_Normalized.json::test_00005,invalid,passed,False,True,correct_reject,5e-05,0.000135,9.1e-05,1.7e-05,47,6
Kubernetes---kb_1142_Normalized.json,Kubernetes---kb_1142_Normalized.json::test_00000,valid,failed,False,True,over_constraint,1.51344,9.1e-05,6e-05,1.3e-05,64,4
Kubernetes---kb_1142_Normalized.json,Kubernetes---kb_1142_Normalized.json::test_00001,invalid,passed,False,True,correct_reject,1.51344,9.9e-05,6.6e-05,1.4e-05,63,4
Kubernetes---kb_1142_Normalized.json,Kubernetes---kb_1142_Normalized.json::test_00002,valid,failed,False,True,over_constraint,1.51344,8.1e-05,5.3e-05,1.1e-05,63,4
Kubernetes---kb_1142_Normalized.json,Kubernetes---kb_1142_Normalized.json::test_00003,invalid,passed,False,True,correct_reject,1.51344,9e-05,6.1e-05,1.3e-05,62,4
Kubernetes---kb_1142_Normalized.json,Kubernetes---kb_1142_Normalized.json::test_00004,invalid,passed,False,True,correct_reject,1.51344,0.0001,6.6e-05,1.5e-05,62,4
Kubernetes---kb_1143_Normalized.json,Kubernetes---kb_1143_Normalized.json::test_00000,valid,failed,False,True,over_constraint,0.000128,9.1e-05,6e-05,1.2e-05,63,4
Kubernetes---kb_1143_Normalized.json,Kubernetes---kb_1143_Normalized.json::test_00001,invalid,passed,False,True,correct_reject,0.000128,8.9e-05,5.9e-05,1.3e-05,62,4
Kubernetes---kb_1143_Normalized.json,Kubernetes---kb_1143_Normalized.json::test_00002,valid,failed,False,True,over_constraint,0.000128,0.000121,7.4e-05,2.8e-05,63,4
Kubernetes---kb_1143_Normalized.json,Kubernetes---kb_1143_Normalized.json::test_00003,invalid,passed,False,True,correct_reject,0.000128,0.000106,8.7e-05,7e-06,62,2
Kubernetes---kb_1143_Normalized.json,Kubernetes---kb_1143_Normalized.json::test_00004,invalid,passed,False,True,correct_reject,0.000128,6.4e-05,4.6e-05,7e-06,62,2
Kubernetes---kb_1144_Normalized.json,Kubernetes---kb_1144_Normalized.json::test_00000,valid,passed,True,True,correct_accept,6.12778,0.007821,0.007221,0.000226,150,150
Kubernetes---kb_1144_Normalized.json,Kubernetes---kb_1144_Normalized.json::test_00001,invalid,passed,False,True,correct_reject,6.12778,0.007843,0.007238,0.000239,150,142
Kubernetes---kb_1144_Normalized.json,Kubernetes---kb_1144_Normalized.json::test_00002,invalid,passed,False,True,correct_reject,6.12778,0.000596,0.000521,3e-05,153,14
Kubernetes---kb_1144_Normalized.json,Kubernetes---kb_1144_Normalized.json::test_00003,valid,passed,True,True,correct_accept,6.12778,0.005752,0.005403,0.000111,116,116
Kubernetes---kb_1144_Normalized.json,Kubernetes---kb_1144_Normalized.json::test_00004,invalid,passed,False,True,correct_reject,6.12778,7.5e-05,5.1e-05,9e-06,117,2
Kubernetes---kb_1145_Normalized.json,Kubernetes---kb_1145_Normalized.json::test_00000,valid,passed,True,True,correct_accept,3.0027,0.010934,0.010472,0.000175,110,110
Kubernetes---kb_1146_Normalized.json,Kubernetes---kb_1146_Normalized.json::test_00000,valid,passed,True,True,correct_accept,0.000105,0.016572,0.015957,0.00026,115,115
Kubernetes---kb_1147_Normalized.json,Kubernetes---kb_1147_Normalized.json::test_00000,valid,failed,False,True,over_constraint,2.24353,0.001042,0.000906,6.1e-05,523,34
Kubernetes---kb_1147_Normalized.json,Kubernetes---kb_1147_Normalized.json::test_00001,valid,passed,True,True,correct_accept,2.24353,0.001317,0.001148,6.4e-05,42,42
Kubernetes---kb_1147_Normalized.json,Kubernetes---kb_1147_Normalized.json::test_00002,invalid,passed,False,True,correct_reject,2.24353,0.000149,0.000113,1.5e-05,43,6
Kubernetes---kb_1149_Normalized.json,Kubernetes---kb_1149_Normalized.json::test_00000,valid,passed,True,True,correct_accept,2.09262,0.00165,0.001426,9.4e-05,42,42
Kubernetes---kb_1149_Normalized.json,Kubernetes---kb_1149_Normalized.json::test_00001,invalid,passed,False,True,correct_reject,2.09262,0.000156,0.000116,1.6e-05,43,6
Kubernetes---kb_114_Normalized.json,Kubernetes---kb_114_Normalized.json::test_00000,valid,passed,True,True,correct_accept,8.5e-05,0.002083,0.001884,8.2e-05,46,46
Kubernetes---kb_114_Normalized.json,Kubernetes---kb_114_Normalized.json::test_00001,invalid,passed,False,True,correct_reject,8.5e-05,0.000117,7.9e-05,1.5e-05,46,8
Kubernetes---kb_114_Normalized.json,Kubernetes---kb_114_Normalized.json::test_00002,invalid,passed,False,True,correct_reject,8.5e-05,0.000169,0.000112,2.2e-05,45,8
Kubernetes---kb_114_Normalized.json,Kubernetes---kb_114_Normalized.json::test_00003,valid,passed,True,True,correct_accept,8.5e-05,0.001633,0.001454,7.4e-05,42,42
Kubernetes---kb_114_Normalized.json,Kubernetes---kb_114_Normalized.json::test_00004,invalid,passed,False,True,correct_reject,8.5e-05,0.00014,9.6e-05,1.7e-05,40,8
Kubernetes---kb_114_Normalized.json,Kubernetes---kb_114_Normalized.json::test_00005,invalid,passed,False,True,correct_reject,8.5e-05,0.000156,0.000112,1.8e-05,41,8
Kubernetes---kb_1150_Normalized.json,Kubernetes---kb_1150_Normalized.json::test_00000,valid,failed,False,True,over_constraint,2.16366,0.000839,0.000724,4.1e-05,90,31
Kubernetes---kb_1150_Normalized.json,Kubernetes---kb_1150_Normalized.json::test_00001,valid,passed,True,True,correct_accept,2.16366,0.139979,0.137829,0.00075,452,452
Kubernetes---kb_1150_Normalized.json,Kubernetes---kb_1150_Normalized.json::test_00002,invalid,passed,False,True,correct_reject,2.16366,0.000119,8.8e-05,1e-05,43,6
Kubernetes---kb_1151_Normalized.json,Kubernetes---kb_1151_Normalized.json::test_00000,valid,failed,False,True,over_constraint,2.10229,0.001376,0.001225,6.3e-05,93,33
Kubernetes---kb_1151_Normalized.json,Kubernetes---kb_1151_Normalized.json::test_00001,invalid,passed,False,True,correct_reject,2.10229,0.000137,9.1e-05,2e-05,96,8
Kubernetes---kb_1152_Normalized.json,Kubernetes---kb_1152_Normalized.json::test_00000,valid,passed,True,True,correct_accept,0.000101,0.001462,0.001284,7.1e-05,43,43
Kubernetes---kb_1152_Normalized.json,Kubernetes---kb_1152_Normalized.json::test_00001,valid,passed,True,True,correct_accept,0.000101,0.04041,0.039598,0.000288,191,191
Kubernetes---kb_1152_Normalized.json,Kubernetes---kb_1152_Normalized.json::test_00002,invalid,passed,False,True,correct_reject,0.000101,0.000114,8.5e-05,9e-06,36,6
Kubernetes---kb_1153_Normalized.json,Kubernetes---kb_1153_Normalized.json::test_00000,valid,passed,True,True,correct_accept,2.78701,0.003879,0.003733,4.6e-05,51,51
Kubernetes---kb_1153_Normalized.json,Kubernetes---kb_1153_Normalized.json::test_00001,invalid,passed,False,True,correct_reject,2.78701,0.003746,0.003605,4.5e-05,54,47
Kubernetes---kb_1153_Normalized.json,Kubernetes---kb_1153_Normalized.json::test_00002,invalid,passed,False,True,correct_reject,2.78701,0.004681,0.004459,9.1e-05,48,47
Kubernetes---kb_1153_Normalized.json,Kubernetes---kb_1153_Normalized.json::test_00003,invalid,passed,False,True,correct_reject,2.78701,0.005976,0.005746,9.5e-05,50,43
Kubernetes---kb_1154_Normalized.json,Kubernetes---kb_1154_Normalized.json::test_00000,valid,passed,True,True,correct_accept,0.000131,0.006187,0.005952,9.1e-05,50,50
Kubernetes---kb_1154_Normalized.json,Kubernetes---kb_1154_Normalized.json::test_00001,invalid,passed,False,True,correct_reject,0.000131,0.00483,0.004659,6.9e-05,53,46
Kubernetes---kb_1154_Normalized.json,Kubernetes---kb_1154_Normalized.json::test_00002,invalid,passed,False,True,correct_reject,0.000131,0.004807,0.004627,8.2e-05,49,42
Kubernetes---kb_1154_Normalized.json,Kubernetes---kb_1154_Normalized.json::test_00003,valid,passed,True,True,correct_accept,0.000131,0.003679,0.00353,4.4e-05,51,51
Kubernetes---kb_1154_Normalized.json,Kubernetes---kb_1154_Normalized.json::test_00004,invalid,passed,False,True,correct_reject,0.000131,0.004231,0.004022,7.9e-05,50,43
Kubernetes---kb_1155_Normalized.json,Kubernetes---kb_1155_Normalized.json::test_00000,valid,passed,True,True,correct_accept,1.56411,0.000397,0.000331,2.2e-05,13,13
Kubernetes---kb_1155_Normalized.json,Kubernetes---kb_1155_Normalized.json::test_00001,invalid,passed,False,True,correct_reject,1.56411,0.000316,0.000279,1.4e-05,15,6
Kubernetes---kb_1155_Normalized.json,Kubernetes---kb_1155_Normalized.json::test_00002,invalid,passed,False,True,correct_reject,1.56411,0.000422,0.000358,2.7e-05,13,11
Kubernetes---kb_1155_Normalized.json,Kubernetes---kb_1155_Normalized.json::test_00003,invalid,passed,False,True,correct_reject,1.56411,8.7e-05,6.2e-05,1.1e-05,13,4
Kubernetes---kb_1155_Normalized.json,Kubernetes---kb_1155_Normalized.json::test_00004,invalid,passed,False,True,correct_reject,1.56411,0.000522,0.000455,2.6e-05,15,13
Kubernetes---kb_1156_Normalized.json,Kubernetes---kb_1156_Normalized.json::test_00000,valid,passed,True,True,correct_accept,5.1e-05,0.000402,0.000334,2.3e-05,13,13
Kubernetes---kb_1156_Normalized.json,Kubernetes---kb_1156_Normalized.json::test_00001,invalid,passed,False,True,correct_reject,5.1e-05,0.000278,0.000243,1.6e-05,15,6
Kubernetes---kb_1156_Normalized.json,Kubernetes---kb_1156_Normalized.json::test_00002,invalid,passed,False,True,correct_reject,5.1e-05,7.2e-05,5e-05,8e-06,13,4
Kubernetes---kb_1156_Normalized.json,Kubernetes---kb_1156_Normalized.json::test_00003,invalid,passed,False,True,correct_reject,5.1e-05,0.000328,0.000262,2.3e-05,13,11
Kubernetes---kb_1156_Normalized.json,Kubernetes---kb_1156_Normalized.json::test_00004,invalid,passed,False,True,correct_reject,5.1e-05,9.8e-05,6.9e-05,1.2e-05,13,4
Kubernetes---kb_1157_Normalized.json,Kubernetes---kb_1157_Normalized.json::test_00000,valid,passed,True,True,correct_accept,2.58625,0.007678,0.00741,9.1e-05,75,75
Kubernetes---kb_1157_Normalized.json,Kubernetes---kb_1157_Normalized.json::test_00001,invalid,passed,False,True,correct_reject,2.58625,0.008078,0.007816,8.4e-05,75,73
Kubernetes---kb_1157_Normalized.json,Kubernetes---kb_1157_Normalized.json::test_00002,invalid,passed,False,True,correct_reject,2.58625,0.006064,0.005797,9.1e-05,76,73
Kubernetes---kb_1157_Normalized.json,Kubernetes---kb_1157_Normalized.json::test_00003,valid,passed,True,True,correct_accept,2.58625,0.008265,0.007978,0.000109,70,70
Kubernetes---kb_1157_Normalized.json,Kubernetes---kb_1157_Normalized.json::test_00004,invalid,passed,False,True,correct_reject,2.58625,0.005999,0.00577,8e-05,65,58
Kubernetes---kb_1158_Normalized.json,Kubernetes---kb_1158_Normalized.json::test_00000,valid,passed,True,True,correct_accept,9.4e-05,0.005878,0.00568,5.4e-05,70,70
Kubernetes---kb_1158_Normalized.json,Kubernetes---kb_1158_Normalized.json::test_00001,invalid,passed,False,True,correct_reject,9.4e-05,0.009383,0.009107,0.000109,70,68
Kubernetes---kb_1158_Normalized.json,Kubernetes---kb_1158_Normalized.json::test_00002,invalid,passed,False,True,correct_reject,9.4e-05,0.010154,0.009896,8.5e-05,71,68
Kubernetes---kb_1158_Normalized.json,Kubernetes---kb_1158_Normalized.json::test_00003,invalid,passed,False,True,correct_reject,9.4e-05,0.006487,0.006229,9.3e-05,70,68
Kubernetes---kb_1158_Normalized.json,Kubernetes---kb_1158_Normalized.json::test_00004,valid,passed,True,True,correct_accept,9.4e-05,0.009052,0.008858,7.8e-05,47,47
Kubernetes---kb_1158_Normalized.json,Kubernetes---kb_1158_Normalized.json::test_00005,invalid,passed,False,True,correct_reject,9.4e-05,0.007637,0.007477,5.7e-05,41,40
Kubernetes---kb_1159_Normalized.json,Kubernetes---kb_1159_Normalized.json::test_00000,valid,passed,True,True,correct_accept,1.57807,0.00217,0.001981,7.8e-05,44,44
Kubernetes---kb_1159_Normalized.json,Kubernetes---kb_1159_Normalized.json::test_00001,invalid,passed,False,True,correct_reject,1.57807,0.000188,0.000128,2.5e-05,37,9
Kubernetes---kb_1159_Normalized.json,Kubernetes---kb_1159_Normalized.json::test_00002,invalid,passed,False,True,correct_reject,1.57807,0.000139,9.6e-05,1.9e-05,36,8
Kubernetes---kb_1159_Normalized.json,Kubernetes---kb_1159_Normalized.json::test_00003,valid,passed,True,True,correct_accept,1.57807,0.001882,0.001733,5.4e-05,44,44
Kubernetes---kb_1159_Normalized.json,Kubernetes---kb_1159_Normalized.json::test_00004,invalid,passed,False,True,correct_reject,1.57807,0.000168,0.00012,1.9e-05,37,9
Kubernetes---kb_1159_Normalized.json,Kubernetes---kb_1159_Normalized.json::test_00005,invalid,passed,False,True,correct_reject,1.57807,0.000153,0.000105,1.8e-05,37,9
Kubernetes---kb_115_Normalized.json,Kubernetes---kb_115_Normalized.json::test_00000,valid,failed,False,True,over_constraint,1.52676,0.000541,0.000469,2.5e-05,51,17
Kubernetes---kb_115_Normalized.json,Kubernetes---kb_115_Normalized.json::test_00001,invalid,passed,False,True,correct_reject,1.52676,7.8e-05,5.6e-05,1e-05,19,4
Kubernetes---kb_115_Normalized.json,Kubernetes---kb_115_Normalized.json::test_00002,invalid,passed,False,True,correct_reject,1.52676,7.4e-05,5.5e-05,7e-06,19,5
Kubernetes---kb_115_Normalized.json,Kubernetes---kb_115_Normalized.json::test_00003,valid,passed,True,True,correct_accept,1.52676,0.001774,0.001558,7e-05,55,55
Kubernetes---kb_115_Normalized.json,Kubernetes---kb_115_Normalized.json::test_00004,invalid,passed,False,True,correct_reject,1.52676,7.2e-05,5.2e-05,7e-06,19,5
Kubernetes---kb_115_Normalized.json,Kubernetes---kb_115_Normalized.json::test_00005,invalid,passed,False,True,correct_reject,1.52676,0.000507,0.000446,1.5e-05,70,25
Kubernetes---kb_1160_Normalized.json,Kubernetes---kb_1160_Normalized.json::test_00000,valid,passed,True,True,correct_accept,5.1e-05,0.001534,0.00135,7.8e-05,39,39
Kubernetes---kb_1160_Normalized.json,Kubernetes---kb_1160_Normalized.json::test_00001,invalid,passed,False,True,correct_reject,5.1e-05,0.000146,0.000102,1.8e-05,36,9
Kubernetes---kb_1160_Normalized.json,Kubernetes---kb_1160_Normalized.json::test_00002,valid,passed,True,True,correct_accept,5.1e-05,0.001545,0.001383,6.4e-05,40,40
Kubernetes---kb_1160_Normalized.json,Kubernetes---kb_1160_Normalized.json::test_00003,invalid,passed,False,True,correct_reject,5.1e-05,0.000122,8.7e-05,1.3e-05,37,9
Kubernetes---kb_1160_Normalized.json,Kubernetes---kb_1160_Normalized.json::test_00004,invalid,passed,False,True,correct_reject,5.1e-05,0.000142,0.000101,1.8e-05,37,9
Kubernetes---kb_116_Normalized.json,Kubernetes---kb_116_Normalized.json::test_00000,valid,failed,False,True,over_constraint,5.3e-05,0.000623,0.000556,2.4e-05,55,19
Kubernetes---kb_116_Normalized.json,Kubernetes---kb_116_Normalized.json::test_00001,invalid,passed,False,True,correct_reject,5.3e-05,7.7e-05,5.5e-05,8e-06,23,4
Kubernetes---kb_116_Normalized.json,Kubernetes---kb_116_Normalized.json::test_00002,invalid,passed,False,True,correct_reject,5.3e-05,0.00153,0.001343,6.7e-05,53,47
Kubernetes---kb_116_Normalized.json,Kubernetes---kb_116_Normalized.json::test_00003,valid,passed,True,True,correct_accept,5.3e-05,0.001803,0.001605,7e-05,55,55
Kubernetes---kb_116_Normalized.json,Kubernetes---kb_116_Normalized.json::test_00004,invalid,passed,False,True,correct_reject,5.3e-05,9.2e-05,6.8e-05,1e-05,19,5
Kubernetes---kb_116_Normalized.json,Kubernetes---kb_116_Normalized.json::test_00005,invalid,passed,False,True,correct_reject,5.3e-05,0.000704,0.000634,2.5e-05,80,20
Kubernetes---kb_117_Normalized.json,Kubernetes---kb_117_Normalized.json::test_00000,valid,passed,True,True,correct_accept,1.72721,0.001587,0.001385,6.1e-05,62,62
Kubernetes---kb_117_Normalized.json,Kubernetes---kb_117_Normalized.json::test_00001,invalid,passed,False,True,correct_reject,1.72721,7.6e-05,5.4e-05,9e-06,62,5
Kubernetes---kb_117_Normalized.json,Kubernetes---kb_117_Normalized.json::test_00002,valid,passed,True,True,correct_accept,1.72721,0.001599,0.001398,6.2e-05,62,62
Kubernetes---kb_117_Normalized.json,Kubernetes---kb_117_Normalized.json::test_00003,invalid,passed,False,True,correct_reject,1.72721,7.9e-05,5.5e-05,1e-05,62,5
Kubernetes---kb_118_Normalized.json,Kubernetes---kb_118_Normalized.json::test_00000,valid,passed,True,True,correct_accept,6.5e-05,0.001578,0.001393,6e-05,58,58
Kubernetes---kb_118_Normalized.json,Kubernetes---kb_118_Normalized.json::test_00001,invalid,passed,False,True,correct_reject,6.5e-05,8.8e-05,6.3e-05,1.1e-05,58,5
Kubernetes---kb_118_Normalized.json,Kubernetes---kb_118_Normalized.json::test_00002,valid,passed,True,True,correct_accept,6.5e-05,0.002753,0.0024,0.000174,58,58
Kubernetes---kb_118_Normalized.json,Kubernetes---kb_118_Normalized.json::test_00003,invalid,passed,False,True,correct_reject,6.5e-05,0.000111,7.7e-05,1.5e-05,59,5
Kubernetes---kb_119_Normalized.json,Kubernetes---kb_119_Normalized.json::test_00000,valid,passed,True,True,correct_accept,17.9556,0.041534,0.039818,0.000642,456,456
Kubernetes---kb_119_Normalized.json,Kubernetes---kb_119_Normalized.json::test_00001,valid,passed,True,True,correct_accept,17.9556,0.023108,0.022329,0.000296,208,208
Kubernetes---kb_11_Normalized.json,Kubernetes---kb_11_Normalized.json::test_00000,valid,passed,True,True,correct_accept,1.02886,0.000422,0.000371,2.5e-05,9,9
Kubernetes---kb_11_Normalized.json,Kubernetes---kb_11_Normalized.json::test_00001,invalid,passed,False,True,correct_reject,1.02886,8.9e-05,6.4e-05,1.1e-05,6,5
Kubernetes---kb_120_Normalized.json,Kubernetes---kb_120_Normalized.json::test_00000,valid,passed,True,True,correct_accept,0.000262,0.02034,0.019582,0.000291,211,211
Kubernetes---kb_120_Normalized.json,Kubernetes---kb_120_Normalized.json::test_00001,valid,passed,True,True,correct_accept,0.000262,0.028773,0.027725,0.000386,289,289
Kubernetes---kb_120_Normalized.json,Kubernetes---kb_120_Normalized.json::test_00002,invalid,passed,False,True,correct_reject,0.000262,0.008752,0.008557,8.5e-05,287,44
Kubernetes---kb_120_Normalized.json,Kubernetes---kb_120_Normalized.json::test_00003,invalid,passed,False,True,correct_reject,0.000262,0.006364,0.006188,6.7e-05,326,44
Kubernetes---kb_121_Normalized.json,Kubernetes---kb_121_Normalized.json::test_00000,valid,passed,True,True,correct_accept,1.36299,0.003011,0.002803,7.8e-05,46,46
Kubernetes---kb_121_Normalized.json,Kubernetes---kb_121_Normalized.json::test_00001,invalid,passed,False,True,correct_reject,1.36299,0.001201,0.001122,2.9e-05,33,22
Kubernetes---kb_121_Normalized.json,Kubernetes---kb_121_Normalized.json::test_00002,invalid,passed,False,True,correct_reject,1.36299,9.5e-05,6.4e-05,1.2e-05,29,4
Kubernetes---kb_121_Normalized.json,Kubernetes---kb_121_Normalized.json::test_00003,invalid,passed,False,True,correct_reject,1.36299,0.001209,0.00113,2.7e-05,31,21
Kubernetes---kb_121_Normalized.json,Kubernetes---kb_121_Normalized.json::test_00004,invalid,passed,False,True,correct_reject,1.36299,0.001253,0.001168,3e-05,32,22
Kubernetes---kb_122_Normalized.json,Kubernetes---kb_122_Normalized.json::test_00000,valid,passed,True,True,correct_accept,4.9e-05,0.002649,0.002482,6e-05,46,46
Kubernetes---kb_122_Normalized.json,Kubernetes---kb_122_Normalized.json::test_00001,invalid,passed,False,True,correct_reject,4.9e-05,0.001236,0.001152,3.2e-05,33,22
Kubernetes---kb_122_Normalized.json,Kubernetes---kb_122_Normalized.json::test_00002,invalid,passed,False,True,correct_reject,4.9e-05,7.2e-05,4.9e-05,9e-06,29,4
Kubernetes---kb_122_Normalized.json,Kubernetes---kb_122_Normalized.json::test_00003,invalid,passed,False,True,correct_reject,4.9e-05,9.7e-05,6.8e-05,1.2e-05,15,5
Kubernetes---kb_123_Normalized.json,Kubernetes---kb_123_Normalized.json::test_00000,valid,passed,True,True,correct_accept,1.61322,0.001098,0.000965,4.2e-05,41,41
Kubernetes---kb_123_Normalized.json,Kubernetes---kb_123_Normalized.json::test_00001,invalid,passed,False,True,correct_reject,1.61322,8.9e-05,5.8e-05,1.3e-05,41,5
Kubernetes---kb_123_Normalized.json,Kubernetes---kb_123_Normalized.json::test_00002,invalid,passed,False,True,correct_reject,1.61322,0.000884,0.000786,2.5e-05,41,40
Kubernetes---kb_123_Normalized.json,Kubernetes---kb_123_Normalized.json::test_00003,invalid,passed,False,True,correct_reject,1.61322,9.9e-05,6.5e-05,1.5e-05,39,5
Kubernetes---kb_124_Normalized.json,Kubernetes---kb_124_Normalized.json::test_00000,valid,passed,True,True,correct_accept,6.1e-05,0.001952,0.001755,7.7e-05,41,41
Kubernetes---kb_124_Normalized.json,Kubernetes---kb_124_Normalized.json::test_00001,invalid,passed,False,True,correct_reject,6.1e-05,8.8e-05,5.7e-05,1.5e-05,41,5
Kubernetes---kb_124_Normalized.json,Kubernetes---kb_124_Normalized.json::test_00002,invalid,passed,False,True,correct_reject,6.1e-05,5.8e-05,3.7e-05,9e-06,39,5
Kubernetes---kb_125_Normalized.json,Kubernetes---kb_125_Normalized.json::test_00000,valid,passed,True,True,correct_accept,2.91951,0.001718,0.001552,8e-05,22,22
Kubernetes---kb_125_Normalized.json,Kubernetes---kb_125_Normalized.json::test_00001,invalid,passed,False,True,correct_reject,2.91951,0.000162,0.000112,2e-05,11,9
Kubernetes---kb_125_Normalized.json,Kubernetes---kb_125_Normalized.json::test_00002,valid,passed,True,True,correct_accept,2.91951,0.010506,0.01013,0.000158,81,81
Kubernetes---kb_126_Normalized.json,Kubernetes---kb_126_Normalized.json::test_00000,valid,passed,True,True,correct_accept,7.5e-05,0.001291,0.00118,4.5e-05,22,22
Kubernetes---kb_126_Normalized.json,Kubernetes---kb_126_Normalized.json::test_00001,invalid,passed,False,True,correct_reject,7.5e-05,0.000132,8.8e-05,1.6e-05,11,9
Kubernetes---kb_126_Normalized.json,Kubernetes---kb_126_Normalized.json::test_00002,valid,passed,True,True,correct_accept,7.5e-05,0.006538,0.006202,0.000127,80,80
Kubernetes---kb_127_Normalized.json,Kubernetes---kb_127_Normalized.json::test_00000,valid,passed,True,True,correct_accept,0.843014,0.000988,0.000911,2.8e-05,19,19
Kubernetes---kb_128_Normalized.json,Kubernetes---kb_128_Normalized.json::test_00000,valid,passed,True,True,correct_accept,4.4e-05,0.001058,0.000967,3.3e-05,19,19
Kubernetes---kb_129_Normalized.json,Kubernetes---kb_129_Normalized.json::test_00000,valid,passed,True,True,correct_accept,1.64823,0.005982,0.005688,0.0001,78,78
Kubernetes---kb_129_Normalized.json,Kubernetes---kb_129_Normalized.json::test_00001,invalid,passed,False,True,correct_reject,1.64823,8e-05,5.2e-05,1.4e-05,71,5
Kubernetes---kb_129_Normalized.json,Kubernetes---kb_129_Normalized.json::test_00002,invalid,passed,False,True,correct_reject,1.64823,0.002712,0.002641,2.6e-05,77,18
Kubernetes---kb_129_Normalized.json,Kubernetes---kb_129_Normalized.json::test_00003,valid,passed,True,True,correct_accept,1.64823,0.006106,0.005857,8e-05,77,77
Kubernetes---kb_12_Normalized.json,Kubernetes---kb_12_Normalized.json::test_00000,valid,passed,True,True,correct_accept,3.8e-05,0.000258,0.000222,1.6e-05,9,9
Kubernetes---kb_12_Normalized.json,Kubernetes---kb_12_Normalized.json::test_00001,invalid,passed,False,True,correct_reject,3.8e-05,6.9e-05,5e-05,6e-06,6,5
Kubernetes---kb_12_Normalized.json,Kubernetes---kb_12_Normalized.json::test_00002,invalid,passed,False,True,correct_reject,3.8e-05,8.4e-05,5.5e-05,1.2e-05,5,4
Kubernetes---kb_130_Normalized.json,Kubernetes---kb_130_Normalized.json::test_00000,valid,passed,True,True,correct_accept,7.9e-05,0.008586,0.008174,0.000169,77,77
Kubernetes---kb_130_Normalized.json,Kubernetes---kb_130_Normalized.json::test_00001,invalid,passed,False,True,correct_reject,7.9e-05,8.2e-05,5.4e-05,1e-05,71,5
Kubernetes---kb_130_Normalized.json,Kubernetes---kb_130_Normalized.json::test_00002,invalid,passed,False,True,correct_reject,7.9e-05,0.003811,0.003712,4.5e-05,77,17
Kubernetes---kb_130_Normalized.json,Kubernetes---kb_130_Normalized.json::test_00003,valid,passed,True,True,correct_accept,7.9e-05,0.007594,0.007263,0.000131,77,77
Kubernetes---kb_130_Normalized.json,Kubernetes---kb_130_Normalized.json::test_00004,invalid,passed,False,True,correct_reject,7.9e-05,8.7e-05,5.6e-05,1.3e-05,71,5
Kubernetes---kb_130_Normalized.json,Kubernetes---kb_130_Normalized.json::test_00005,invalid,passed,False,True,correct_reject,7.9e-05,0.003966,0.003885,3.4e-05,77,17
Kubernetes---kb_131_Normalized.json,Kubernetes---kb_131_Normalized.json::test_00000,valid,passed,True,True,correct_accept,1.08384,0.001241,0.001137,4.9e-05,20,20
Kubernetes---kb_131_Normalized.json,Kubernetes---kb_131_Normalized.json::test_00001,invalid,passed,False,True,correct_reject,1.08384,0.000178,0.000143,1.5e-05,13,5
Kubernetes---kb_131_Normalized.json,Kubernetes---kb_131_Normalized.json::test_00002,invalid,passed,False,True,correct_reject,1.08384,0.0007,0.000628,3.1e-05,19,18
Kubernetes---kb_131_Normalized.json,Kubernetes---kb_131_Normalized.json::test_00003,valid,passed,True,True,correct_accept,1.08384,0.001556,0.001423,6.7e-05,23,23
Kubernetes---kb_131_Normalized.json,Kubernetes---kb_131_Normalized.json::test_00004,invalid,passed,False,True,correct_reject,1.08384,0.000136,9.9e-05,1.6e-05,16,5
Kubernetes---kb_131_Normalized.json,Kubernetes---kb_131_Normalized.json::test_00005,invalid,passed,False,True,correct_reject,1.08384,0.001016,0.000913,5e-05,19,18
Kubernetes---kb_132_Normalized.json,Kubernetes---kb_132_Normalized.json::test_00000,valid,passed,True,True,correct_accept,5.1e-05,0.000968,0.000881,4.1e-05,20,20
Kubernetes---kb_132_Normalized.json,Kubernetes---kb_132_Normalized.json::test_00001,invalid,passed,False,True,correct_reject,5.1e-05,0.0001,7.6e-05,1e-05,13,5
Kubernetes---kb_132_Normalized.json,Kubernetes---kb_132_Normalized.json::test_00002,invalid,passed,False,True,correct_reject,5.1e-05,0.000994,0.000906,4.2e-05,19,18
Kubernetes---kb_132_Normalized.json,Kubernetes---kb_132_Normalized.json::test_00003,valid,passed,True,True,correct_accept,5.1e-05,0.001011,0.000926,3.6e-05,20,20
Kubernetes---kb_132_Normalized.json,Kubernetes---kb_132_Normalized.json::test_00004,invalid,passed,False,True,correct_reject,5.1e-05,0.000125,9.2e-05,1.4e-05,14,5
Kubernetes---kb_132_Normalized.json,Kubernetes---kb_132_Normalized.json::test_00005,invalid,passed,False,True,correct_reject,5.1e-05,0.000121,9e-05,1.3e-05,14,5
Kubernetes---kb_133_Normalized.json,Kubernetes---kb_133_Normalized.json::test_00000,valid,passed,True,True,correct_accept,3.67391,0.019003,0.01817,0.000293,211,211
Kubernetes---kb_133_Normalized.json,Kubernetes---kb_133_Normalized.json::test_00001,invalid,passed,False,True,correct_reject,3.67391,0.022039,0.021087,0.000418,211,178
Kubernetes---kb_133_Normalized.json,Kubernetes---kb_133_Normalized.json::test_00002,invalid,passed,False,True,correct_reject,3.67391,0.000115,7.9e-05,1.5e-05,208,6
Kubernetes---kb_133_Normalized.json,Kubernetes---kb_133_Normalized.json::test_00003,invalid,passed,False,True,correct_reject,3.67391,0.013034,0.012452,0.000155,199,197
Kubernetes---kb_133_Normalized.json,Kubernetes---kb_133_Normalized.json::test_00004,valid,passed,True,True,correct_accept,3.67391,0.016485,0.015791,0.000289,163,163
Kubernetes---kb_134_Normalized.json,Kubernetes---kb_134_Normalized.json::test_00000,valid,passed,True,True,correct_accept,0.000102,0.098162,0.09664,0.000205,666,666
Kubernetes---kb_134_Normalized.json,Kubernetes---kb_134_Normalized.json::test_00001,invalid,passed,False,True,correct_reject,0.000102,8.3e-05,5.8e-05,9e-06,587,6
Kubernetes---kb_134_Normalized.json,Kubernetes---kb_134_Normalized.json::test_00002,valid,passed,True,True,correct_accept,0.000102,0.009373,0.008914,0.000123,165,165
Kubernetes---kb_134_Normalized.json,Kubernetes---kb_134_Normalized.json::test_00003,invalid,passed,False,True,correct_reject,0.000102,0.015998,0.015282,0.000266,155,151
Kubernetes---kb_134_Normalized.json,Kubernetes---kb_134_Normalized.json::test_00004,invalid,passed,False,True,correct_reject,0.000102,0.008974,0.00874,7.7e-05,244,56
Kubernetes---kb_135_Normalized.json,Kubernetes---kb_135_Normalized.json::test_00000,valid,failed,False,True,over_constraint,7.75194,0.0001,6.6e-05,1.5e-05,264,7
Kubernetes---kb_135_Normalized.json,Kubernetes---kb_135_Normalized.json::test_00001,invalid,passed,False,True,correct_reject,7.75194,9.4e-05,6.1e-05,1.3e-05,277,7
Kubernetes---kb_135_Normalized.json,Kubernetes---kb_135_Normalized.json::test_00002,invalid,passed,False,True,correct_reject,7.75194,0.000103,6.6e-05,1.4e-05,264,7
Kubernetes---kb_135_Normalized.json,Kubernetes---kb_135_Normalized.json::test_00003,invalid,passed,False,True,correct_reject,7.75194,0.000117,7.7e-05,1.7e-05,262,6
Kubernetes---kb_135_Normalized.json,Kubernetes---kb_135_Normalized.json::test_00004,invalid,passed,False,True,correct_reject,7.75194,0.000115,7.4e-05,1.7e-05,264,7
Kubernetes---kb_135_Normalized.json,Kubernetes---kb_135_Normalized.json::test_00005,invalid,passed,False,True,correct_reject,7.75194,0.000101,6.6e-05,1.4e-05,264,7
Kubernetes---kb_135_Normalized.json,Kubernetes---kb_135_Normalized.json::test_00006,invalid,passed,False,True,correct_reject,7.75194,0.000105,6.6e-05,1.7e-05,264,7
Kubernetes---kb_135_Normalized.json,Kubernetes---kb_135_Normalized.json::test_00007,valid,failed,False,True,over_constraint,7.75194,0.000105,6.8e-05,1.7e-05,173,7
Kubernetes---kb_135_Normalized.json,Kubernetes---kb_135_Normalized.json::test_00008,invalid,passed,False,True,correct_reject,7.75194,0.000125,8.3e-05,1.7e-05,173,7
Kubernetes---kb_135_Normalized.json,Kubernetes---kb_135_Normalized.json::test_00009,invalid,passed,False,True,correct_reject,7.75194,0.000117,7.5e-05,1.7e-05,180,7
Kubernetes---kb_136_Normalized.json,Kubernetes---kb_136_Normalized.json::test_00000,valid,failed,False,True,over_constraint,8.25888,0.000104,6.7e-05,1.7e-05,172,7
Kubernetes---kb_136_Normalized.json,Kubernetes---kb_136_Normalized.json::test_00001,invalid,passed,False,True,correct_reject,8.25888,0.000106,7.4e-05,1.3e-05,174,7
Kubernetes---kb_136_Normalized.json,Kubernetes---kb_136_Normalized.json::test_00002,invalid,passed,False,True,correct_reject,8.25888,0.000102,6.2e-05,1e-05,172,7
Kubernetes---kb_137_Normalized.json,Kubernetes---kb_137_Normalized.json::test_00000,valid,failed,False,True,over_constraint,7.7233,7.3e-05,4.6e-05,9e-06,197,7
Kubernetes---kb_137_Normalized.json,Kubernetes---kb_137_Normalized.json::test_00001,invalid,passed,False,True,correct_reject,7.7233,9.8e-05,6.5e-05,1.4e-05,217,7
Kubernetes---kb_137_Normalized.json,Kubernetes---kb_137_Normalized.json::test_00002,invalid,passed,False,True,correct_reject,7.7233,9.4e-05,6.1e-05,1.2e-05,197,7
Kubernetes---kb_137_Normalized.json,Kubernetes---kb_137_Normalized.json::test_00003,invalid,passed,False,True,correct_reject,7.7233,0.0001,6.6e-05,1.5e-05,218,7
Kubernetes---kb_137_Normalized.json,Kubernetes---kb_137_Normalized.json::test_00004,invalid,passed,False,True,correct_reject,7.7233,0.000162,0.000105,2.5e-05,239,7
Kubernetes---kb_137_Normalized.json,Kubernetes---kb_137_Normalized.json::test_00005,valid,failed,False,True,over_constraint,7.7233,0.000101,6.6e-05,1.5e-05,190,7
Kubernetes---kb_137_Normalized.json,Kubernetes---kb_137_Normalized.json::test_00006,invalid,passed,False,True,correct_reject,7.7233,0.000139,9.2e-05,2.2e-05,184,7
Kubernetes---kb_137_Normalized.json,Kubernetes---kb_137_Normalized.json::test_00007,invalid,passed,False,True,correct_reject,7.7233,9.6e-05,6.3e-05,1.3e-05,184,7
Kubernetes---kb_138_Normalized.json,Kubernetes---kb_138_Normalized.json::test_00000,valid,failed,False,True,over_constraint,8.29924,0.006917,0.006718,9e-05,96,36
Kubernetes---kb_138_Normalized.json,Kubernetes---kb_138_Normalized.json::test_00001,invalid,passed,False,True,correct_reject,8.29924,0.007979,0.007759,7e-05,114,36
Kubernetes---kb_138_Normalized.json,Kubernetes---kb_138_Normalized.json::test_00002,invalid,passed,False,True,correct_reject,8.29924,0.000125,8.9e-05,1.5e-05,94,6
Kubernetes---kb_138_Normalized.json,Kubernetes---kb_138_Normalized.json::test_00003,invalid,passed,False,True,correct_reject,8.29924,0.016809,0.016463,0.000152,95,80
Kubernetes---kb_138_Normalized.json,Kubernetes---kb_138_Normalized.json::test_00004,invalid,passed,False,True,correct_reject,8.29924,0.005086,0.004998,3.7e-05,100,14
Kubernetes---kb_138_Normalized.json,Kubernetes---kb_138_Normalized.json::test_00005,invalid,passed,False,True,correct_reject,8.29924,0.011066,0.010865,0.000103,112,36
Kubernetes---kb_138_Normalized.json,Kubernetes---kb_138_Normalized.json::test_00006,valid,failed,False,True,over_constraint,8.29924,0.00419,0.004121,2.8e-05,214,13
Kubernetes---kb_138_Normalized.json,Kubernetes---kb_138_Normalized.json::test_00007,invalid,passed,False,True,correct_reject,8.29924,0.010004,0.0097,0.000127,214,67
Kubernetes---kb_138_Normalized.json,Kubernetes---kb_138_Normalized.json::test_00008,invalid,passed,False,True,correct_reject,8.29924,0.007662,0.007337,0.000137,214,67
Kubernetes---kb_138_Normalized.json,Kubernetes---kb_138_Normalized.json::test_00009,invalid,passed,False,True,correct_reject,8.29924,0.007845,0.007681,7.1e-05,234,36
Kubernetes---kb_139_Normalized.json,Kubernetes---kb_139_Normalized.json::test_00000,valid,failed,False,True,over_constraint,9.43148,0.000153,9.9e-05,1.3e-05,176,7
Kubernetes---kb_139_Normalized.json,Kubernetes---kb_139_Normalized.json::test_00001,invalid,passed,False,True,correct_reject,9.43148,9.8e-05,6.5e-05,1.3e-05,48,7
Kubernetes---kb_139_Normalized.json,Kubernetes---kb_139_Normalized.json::test_00002,invalid,passed,False,True,correct_reject,9.43148,9.7e-05,6.1e-05,1.3e-05,171,7
Kubernetes---kb_139_Normalized.json,Kubernetes---kb_139_Normalized.json::test_00003,invalid,passed,False,True,correct_reject,9.43148,9.2e-05,5.9e-05,1.3e-05,176,7
Kubernetes---kb_139_Normalized.json,Kubernetes---kb_139_Normalized.json::test_00004,invalid,passed,False,True,correct_reject,9.43148,9.4e-05,5.9e-05,1.3e-05,177,7
Kubernetes---kb_139_Normalized.json,Kubernetes---kb_139_Normalized.json::test_00005,valid,failed,False,True,over_constraint,9.43148,8.6e-05,5.5e-05,1.1e-05,256,7
Kubernetes---kb_13_Normalized.json,Kubernetes---kb_13_Normalized.json::test_00000,valid,passed,True,True,correct_accept,1.16515,0.000321,0.000271,1.9e-05,12,12
Kubernetes---kb_13_Normalized.json,Kubernetes---kb_13_Normalized.json::test_00001,invalid,passed,False,True,correct_reject,1.16515,0.000137,0.0001,1.3e-05,12,6
Kubernetes---kb_142_Normalized.json,Kubernetes---kb_142_Normalized.json::test_00000,valid,failed,False,True,over_constraint,10.2406,0.00599,0.005881,4.3e-05,229,25
Kubernetes---kb_142_Normalized.json,Kubernetes---kb_142_Normalized.json::test_00001,invalid,passed,False,True,correct_reject,10.2406,0.00248,0.002417,2.3e-05,50,14
Kubernetes---kb_142_Normalized.json,Kubernetes---kb_142_Normalized.json::test_00002,invalid,passed,False,True,correct_reject,10.2406,0.005513,0.005361,5.9e-05,229,25
Kubernetes---kb_142_Normalized.json,Kubernetes---kb_142_Normalized.json::test_00003,invalid,passed,False,True,correct_reject,10.2406,7.5e-05,5.3e-05,8e-06,226,6
Kubernetes---kb_142_Normalized.json,Kubernetes---kb_142_Normalized.json::test_00004,invalid,passed,False,True,correct_reject,10.2406,0.005356,0.005239,3.5e-05,229,25
Kubernetes---kb_142_Normalized.json,Kubernetes---kb_142_Normalized.json::test_00005,invalid,passed,False,True,correct_reject,10.2406,0.004964,0.004849,4.2e-05,231,25
Kubernetes---kb_142_Normalized.json,Kubernetes---kb_142_Normalized.json::test_00006,invalid,passed,False,True,correct_reject,10.2406,0.004705,0.004605,3.7e-05,246,25
Kubernetes---kb_142_Normalized.json,Kubernetes---kb_142_Normalized.json::test_00007,invalid,passed,False,True,correct_reject,10.2406,0.005303,0.00517,5.4e-05,219,25
Kubernetes---kb_143_Normalized.json,Kubernetes---kb_143_Normalized.json::test_00000,valid,failed,False,True,over_constraint,80.4562,0.000199,7.9e-05,9.4e-05,76,7
Kubernetes---kb_143_Normalized.json,Kubernetes---kb_143_Normalized.json::test_00001,valid,failed,False,True,over_constraint,80.4562,0.000177,6.1e-05,9.4e-05,96,7
Kubernetes---kb_144_Normalized.json,Kubernetes---kb_144_Normalized.json::test_00000,valid,failed,False,True,over_constraint,77.4385,0.000242,0.000101,0.000106,76,7
Kubernetes---kb_145_Normalized.json,Kubernetes---kb_145_Normalized.json::test_00000,valid,passed,True,True,correct_accept,75.6825,0.006211,0.005834,0.000208,78,78
Kubernetes---kb_146_Normalized.json,Kubernetes---kb_146_Normalized.json::test_00000,valid,failed,False,True,over_constraint,85.4383,0.000189,7.2e-05,9.1e-05,119,7
Kubernetes---kb_149_Normalized.json,Kubernetes---kb_149_Normalized.json::test_00000,valid,passed,True,True,correct_accept,70.2209,0.012559,0.012191,0.000157,87,87
Kubernetes---kb_149_Normalized.json,Kubernetes---kb_149_Normalized.json::test_00001,valid,passed,True,True,correct_accept,70.2209,0.008974,0.008705,0.000121,65,65
Kubernetes---kb_149_Normalized.json,Kubernetes---kb_149_Normalized.json::test_00002,invalid,passed,False,True,correct_reject,70.2209,5.9e-05,4.2e-05,7e-06,65,2
Kubernetes---kb_149_Normalized.json,Kubernetes---kb_149_Normalized.json::test_00003,invalid,passed,False,True,correct_reject,70.2209,5.7e-05,4e-05,5e-06,73,2
Kubernetes---kb_14_Normalized.json,Kubernetes---kb_14_Normalized.json::test_00000,valid,passed,True,True,correct_accept,0.944513,0.000201,0.000162,1.1e-05,12,12
Kubernetes---kb_14_Normalized.json,Kubernetes---kb_14_Normalized.json::test_00001,invalid,passed,False,True,correct_reject,0.944513,8.7e-05,6.3e-05,7e-06,12,6
Kubernetes---kb_14_Normalized.json,Kubernetes---kb_14_Normalized.json::test_00002,valid,passed,True,True,correct_accept,0.944513,0.000206,0.000155,2.3e-05,12,12
Kubernetes---kb_150_Normalized.json,Kubernetes---kb_150_Normalized.json::test_00000,valid,passed,True,True,correct_accept,86.841,0.011232,0.010776,0.00029,59,59
Kubernetes---kb_150_Normalized.json,Kubernetes---kb_150_Normalized.json::test_00001,valid,passed,True,True,correct_accept,86.841,0.01607,0.015596,0.00025,83,83
Kubernetes---kb_150_Normalized.json,Kubernetes---kb_150_Normalized.json::test_00002,invalid,passed,False,True,correct_reject,86.841,8.2e-05,5.8e-05,1e-05,81,2
Kubernetes---kb_150_Normalized.json,Kubernetes---kb_150_Normalized.json::test_00003,invalid,passed,False,True,correct_reject,86.841,8.4e-05,5.8e-05,1e-05,77,2
Kubernetes---kb_151_Normalized.json,Kubernetes---kb_151_Normalized.json::test_00000,valid,passed,True,True,correct_accept,0.000879,0.00677,0.006557,8.6e-05,65,65
Kubernetes---kb_151_Normalized.json,Kubernetes---kb_151_Normalized.json::test_00001,valid,passed,True,True,correct_accept,0.000879,0.006484,0.006292,7.9e-05,59,59
Kubernetes---kb_152_Normalized.json,Kubernetes---kb_152_Normalized.json::test_00000,valid,passed,True,True,correct_accept,2.09743,0.003727,0.003396,6.7e-05,140,140
Kubernetes---kb_152_Normalized.json,Kubernetes---kb_152_Normalized.json::test_00001,invalid,passed,False,True,correct_reject,2.09743,7.9e-05,5.4e-05,9e-06,28,4
Kubernetes---kb_152_Normalized.json,Kubernetes---kb_152_Normalized.json::test_00002,invalid,passed,False,True,correct_reject,2.09743,0.002847,0.002583,5e-05,137,113
Kubernetes---kb_152_Normalized.json,Kubernetes---kb_152_Normalized.json::test_00003,invalid,passed,False,True,correct_reject,2.09743,0.000158,0.000112,1.7e-05,147,9
Kubernetes---kb_152_Normalized.json,Kubernetes---kb_152_Normalized.json::test_00004,invalid,passed,False,True,correct_reject,2.09743,8.1e-05,5.6e-05,9e-06,30,4
Kubernetes---kb_152_Normalized.json,Kubernetes---kb_152_Normalized.json::test_00005,invalid,passed,False,True,correct_reject,2.09743,0.000109,7.9e-05,8e-06,146,9
Kubernetes---kb_153_Normalized.json,Kubernetes---kb_153_Normalized.json::test_00000,valid,passed,True,True,correct_accept,6.8e-05,0.004588,0.004195,0.000104,140,140
Kubernetes---kb_153_Normalized.json,Kubernetes---kb_153_Normalized.json::test_00001,invalid,passed,False,True,correct_reject,6.8e-05,6.1e-05,4.3e-05,5e-06,30,4
Kubernetes---kb_153_Normalized.json,Kubernetes---kb_153_Normalized.json::test_00002,invalid,passed,False,True,correct_reject,6.8e-05,0.001507,0.001346,4e-05,139,54
Kubernetes---kb_153_Normalized.json,Kubernetes---kb_153_Normalized.json::test_00003,invalid,passed,False,True,correct_reject,6.8e-05,7.8e-05,5.5e-05,9e-06,28,4
Kubernetes---kb_153_Normalized.json,Kubernetes---kb_153_Normalized.json::test_00004,invalid,passed,False,True,correct_reject,6.8e-05,0.002738,0.002489,4.5e-05,137,113
Kubernetes---kb_153_Normalized.json,Kubernetes---kb_153_Normalized.json::test_00005,valid,passed,True,True,correct_accept,6.8e-05,0.003242,0.002958,9.1e-05,80,80
Kubernetes---kb_153_Normalized.json,Kubernetes---kb_153_Normalized.json::test_00006,invalid,passed,False,True,correct_reject,6.8e-05,7.9e-05,5.4e-05,9e-06,25,4
Kubernetes---kb_153_Normalized.json,Kubernetes---kb_153_Normalized.json::test_00007,invalid,passed,False,True,correct_reject,6.8e-05,0.000138,9.9e-05,1.6e-05,77,8
Kubernetes---kb_154_Normalized.json,Kubernetes---kb_154_Normalized.json::test_00000,valid,passed,True,True,correct_accept,6.7e-05,0.003463,0.003147,4.7e-05,140,140
Kubernetes---kb_154_Normalized.json,Kubernetes---kb_154_Normalized.json::test_00001,invalid,passed,False,True,correct_reject,6.7e-05,7.8e-05,5.4e-05,9e-06,26,4
Kubernetes---kb_154_Normalized.json,Kubernetes---kb_154_Normalized.json::test_00002,invalid,passed,False,True,correct_reject,6.7e-05,0.002092,0.001893,7.5e-05,175,47
Kubernetes---kb_154_Normalized.json,Kubernetes---kb_154_Normalized.json::test_00003,invalid,passed,False,True,correct_reject,6.7e-05,0.00296,0.002691,4.6e-05,143,121
Kubernetes---kb_154_Normalized.json,Kubernetes---kb_154_Normalized.json::test_00004,invalid,passed,False,True,correct_reject,6.7e-05,8e-05,5.6e-05,9e-06,27,4
Kubernetes---kb_154_Normalized.json,Kubernetes---kb_154_Normalized.json::test_00005,invalid,passed,False,True,correct_reject,6.7e-05,0.002092,0.001891,7.7e-05,139,47
Kubernetes---kb_155_Normalized.json,Kubernetes---kb_155_Normalized.json::test_00000,valid,passed,True,True,correct_accept,0.895738,0.002885,0.002768,3.7e-05,22,22
Kubernetes---kb_155_Normalized.json,Kubernetes---kb_155_Normalized.json::test_00001,invalid,passed,False,True,correct_reject,0.895738,7.7e-05,5.2e-05,9e-06,21,6
Kubernetes---kb_155_Normalized.json,Kubernetes---kb_155_Normalized.json::test_00002,invalid,passed,False,True,correct_reject,0.895738,0.002533,0.002465,1.8e-05,20,19
Kubernetes---kb_156_Normalized.json,Kubernetes---kb_156_Normalized.json::test_00000,valid,passed,True,True,correct_accept,4.8e-05,0.003248,0.003149,4e-05,22,22
Kubernetes---kb_156_Normalized.json,Kubernetes---kb_156_Normalized.json::test_00001,invalid,passed,False,True,correct_reject,4.8e-05,0.000115,8e-05,1.2e-05,21,6
Kubernetes---kb_156_Normalized.json,Kubernetes---kb_156_Normalized.json::test_00002,invalid,passed,False,True,correct_reject,4.8e-05,0.003815,0.003727,3e-05,20,19
Kubernetes---kb_156_Normalized.json,Kubernetes---kb_156_Normalized.json::test_00003,invalid,passed,False,True,correct_reject,4.8e-05,0.000116,7.8e-05,1.4e-05,21,6
Kubernetes---kb_156_Normalized.json,Kubernetes---kb_156_Normalized.json::test_00004,invalid,passed,False,True,correct_reject,4.8e-05,0.00337,0.003303,2.3e-05,22,13
Kubernetes---kb_157_Normalized.json,Kubernetes---kb_157_Normalized.json::test_00000,valid,passed,True,True,correct_accept,9.6e-05,0.003997,0.003896,3.3e-05,22,22
Kubernetes---kb_157_Normalized.json,Kubernetes---kb_157_Normalized.json::test_00001,invalid,passed,False,True,correct_reject,9.6e-05,0.000116,8.1e-05,1.3e-05,21,6
Kubernetes---kb_157_Normalized.json,Kubernetes---kb_157_Normalized.json::test_00002,invalid,passed,False,True,correct_reject,9.6e-05,0.003909,0.003817,3.2e-05,20,19
Kubernetes---kb_157_Normalized.json,Kubernetes---kb_157_Normalized.json::test_00003,invalid,passed,False,True,correct_reject,9.6e-05,9.9e-05,6.5e-05,1.4e-05,20,5
Kubernetes---kb_157_Normalized.json,Kubernetes---kb_157_Normalized.json::test_00004,invalid,passed,False,True,correct_reject,9.6e-05,0.003582,0.003514,2.3e-05,30,13
Kubernetes---kb_158_Normalized.json,Kubernetes---kb_158_Normalized.json::test_00000,valid,passed,True,True,correct_accept,7.3e-05,0.004225,0.004104,4.5e-05,22,22
Kubernetes---kb_158_Normalized.json,Kubernetes---kb_158_Normalized.json::test_00001,invalid,passed,False,True,correct_reject,7.3e-05,0.000162,0.000109,1.9e-05,21,6
Kubernetes---kb_158_Normalized.json,Kubernetes---kb_158_Normalized.json::test_00002,invalid,passed,False,True,correct_reject,7.3e-05,0.003853,0.003752,3.7e-05,20,19
Kubernetes---kb_158_Normalized.json,Kubernetes---kb_158_Normalized.json::test_00003,invalid,passed,False,True,correct_reject,7.3e-05,9.1e-05,5.8e-05,1.2e-05,20,5
Kubernetes---kb_159_Normalized.json,Kubernetes---kb_159_Normalized.json::test_00000,valid,failed,False,True,over_constraint,10.4858,0.000131,8e-05,1.9e-05,69,11
Kubernetes---kb_159_Normalized.json,Kubernetes---kb_159_Normalized.json::test_00001,invalid,passed,False,True,correct_reject,10.4858,0.000143,9e-05,2e-05,72,11
Kubernetes---kb_159_Normalized.json,Kubernetes---kb_159_Normalized.json::test_00002,invalid,passed,False,True,correct_reject,10.4858,0.00018,0.000115,2.3e-05,70,11
Kubernetes---kb_159_Normalized.json,Kubernetes---kb_159_Normalized.json::test_00003,valid,failed,False,True,over_constraint,10.4858,0.00018,0.000111,2.5e-05,81,11
Kubernetes---kb_159_Normalized.json,Kubernetes---kb_159_Normalized.json::test_00004,invalid,passed,False,True,correct_reject,10.4858,0.000135,8.4e-05,1.9e-05,84,11
Kubernetes---kb_15_Normalized.json,Kubernetes---kb_15_Normalized.json::test_00000,valid,passed,True,True,correct_accept,6.9e-05,0.000284,0.000231,1.6e-05,12,12
Kubernetes---kb_15_Normalized.json,Kubernetes---kb_15_Normalized.json::test_00001,invalid,passed,False,True,correct_reject,6.9e-05,0.000126,9.3e-05,1e-05,12,6
Kubernetes---kb_15_Normalized.json,Kubernetes---kb_15_Normalized.json::test_00002,valid,passed,True,True,correct_accept,6.9e-05,0.000316,0.000258,2.4e-05,12,12
Kubernetes---kb_15_Normalized.json,Kubernetes---kb_15_Normalized.json::test_00003,invalid,passed,False,True,correct_reject,6.9e-05,0.000315,0.000259,1.9e-05,13,12
Kubernetes---kb_160_Normalized.json,Kubernetes---kb_160_Normalized.json::test_00000,valid,failed,False,True,over_constraint,10.2581,0.000129,7.8e-05,1.7e-05,83,11
Kubernetes---kb_160_Normalized.json,Kubernetes---kb_160_Normalized.json::test_00001,invalid,passed,False,True,correct_reject,10.2581,0.000129,7.9e-05,1.7e-05,86,11
Kubernetes---kb_160_Normalized.json,Kubernetes---kb_160_Normalized.json::test_00002,invalid,passed,False,True,correct_reject,10.2581,0.000122,7.5e-05,1.6e-05,88,11
Kubernetes---kb_160_Normalized.json,Kubernetes---kb_160_Normalized.json::test_00003,valid,failed,False,True,over_constraint,10.2581,0.000148,8.2e-05,3.4e-05,83,11
Kubernetes---kb_160_Normalized.json,Kubernetes---kb_160_Normalized.json::test_00004,invalid,passed,False,True,correct_reject,10.2581,0.000125,7.8e-05,1.7e-05,81,11
Kubernetes---kb_160_Normalized.json,Kubernetes---kb_160_Normalized.json::test_00005,invalid,passed,False,True,correct_reject,10.2581,0.000128,7.7e-05,1.7e-05,59,11
Kubernetes---kb_161_Normalized.json,Kubernetes---kb_161_Normalized.json::test_00000,valid,failed,False,True,over_constraint,8.8907,0.006397,0.00625,5.1e-05,83,41
Kubernetes---kb_161_Normalized.json,Kubernetes---kb_161_Normalized.json::test_00001,invalid,passed,False,True,correct_reject,8.8907,0.006867,0.00671,5.5e-05,86,41
Kubernetes---kb_161_Normalized.json,Kubernetes---kb_161_Normalized.json::test_00002,invalid,passed,False,True,correct_reject,8.8907,0.011377,0.011132,9e-05,88,60
Kubernetes---kb_161_Normalized.json,Kubernetes---kb_161_Normalized.json::test_00003,invalid,passed,False,True,correct_reject,8.8907,0.010377,0.010161,8.1e-05,84,60
Kubernetes---kb_161_Normalized.json,Kubernetes---kb_161_Normalized.json::test_00004,invalid,passed,False,True,correct_reject,8.8907,0.007109,0.00695,5.5e-05,83,41
Kubernetes---kb_161_Normalized.json,Kubernetes---kb_161_Normalized.json::test_00005,valid,passed,True,True,correct_accept,8.8907,0.009815,0.009567,8.3e-05,71,71
Kubernetes---kb_161_Normalized.json,Kubernetes---kb_161_Normalized.json::test_00006,invalid,passed,False,True,correct_reject,8.8907,0.011312,0.011106,7.9e-05,77,48
Kubernetes---kb_161_Normalized.json,Kubernetes---kb_161_Normalized.json::test_00007,invalid,passed,False,True,correct_reject,8.8907,0.01105,0.010841,8.1e-05,70,49
Kubernetes---kb_162_Normalized.json,Kubernetes---kb_162_Normalized.json::test_00000,valid,failed,False,True,over_constraint,11.2129,0.00012,7.6e-05,1.4e-05,100,11
Kubernetes---kb_162_Normalized.json,Kubernetes---kb_162_Normalized.json::test_00001,invalid,passed,False,True,correct_reject,11.2129,0.000111,6.8e-05,1.5e-05,103,11
Kubernetes---kb_162_Normalized.json,Kubernetes---kb_162_Normalized.json::test_00002,invalid,passed,False,True,correct_reject,11.2129,0.000146,9.4e-05,2.2e-05,39,11
Kubernetes---kb_162_Normalized.json,Kubernetes---kb_162_Normalized.json::test_00003,invalid,passed,False,True,correct_reject,11.2129,0.000147,9.2e-05,2.1e-05,102,11
Kubernetes---kb_162_Normalized.json,Kubernetes---kb_162_Normalized.json::test_00004,valid,failed,False,True,over_constraint,11.2129,0.000115,7e-05,1.3e-05,125,11
Kubernetes---kb_162_Normalized.json,Kubernetes---kb_162_Normalized.json::test_00005,invalid,passed,False,True,correct_reject,11.2129,0.000104,6.4e-05,1.2e-05,128,11
Kubernetes---kb_162_Normalized.json,Kubernetes---kb_162_Normalized.json::test_00006,invalid,passed,False,True,correct_reject,11.2129,0.000109,6.7e-05,1.3e-05,112,11
Kubernetes---kb_163_Normalized.json,Kubernetes---kb_163_Normalized.json::test_00000,valid,failed,False,True,over_constraint,8.10505,0.000115,7.1e-05,1.5e-05,131,11
Kubernetes---kb_163_Normalized.json,Kubernetes---kb_163_Normalized.json::test_00001,invalid,passed,False,True,correct_reject,8.10505,0.000117,7.3e-05,1.4e-05,135,11
Kubernetes---kb_163_Normalized.json,Kubernetes---kb_163_Normalized.json::test_00002,invalid,passed,False,True,correct_reject,8.10505,0.00012,7.2e-05,1.8e-05,139,11
Kubernetes---kb_163_Normalized.json,Kubernetes---kb_163_Normalized.json::test_00003,valid,failed,False,True,over_constraint,8.10505,7.6e-05,4.7e-05,9e-06,105,11
Kubernetes---kb_163_Normalized.json,Kubernetes---kb_163_Normalized.json::test_00004,invalid,passed,False,True,correct_reject,8.10505,7.6e-05,4.5e-05,9e-06,114,11
Kubernetes---kb_164_Normalized.json,Kubernetes---kb_164_Normalized.json::test_00000,valid,passed,True,True,correct_accept,7.84059,0.008272,0.008042,4.5e-05,105,105
Kubernetes---kb_164_Normalized.json,Kubernetes---kb_164_Normalized.json::test_00001,invalid,passed,False,True,correct_reject,7.84059,0.008849,0.008648,4.4e-05,108,80
Kubernetes---kb_164_Normalized.json,Kubernetes---kb_164_Normalized.json::test_00002,invalid,passed,False,True,correct_reject,7.84059,0.009261,0.009032,5.6e-05,109,85
Kubernetes---kb_164_Normalized.json,Kubernetes---kb_164_Normalized.json::test_00003,invalid,passed,False,True,correct_reject,7.84059,0.008104,0.007898,4.4e-05,107,84
Kubernetes---kb_164_Normalized.json,Kubernetes---kb_164_Normalized.json::test_00004,invalid,passed,False,True,correct_reject,7.84059,0.008862,0.008662,4.6e-05,112,80
Kubernetes---kb_165_Normalized.json,Kubernetes---kb_165_Normalized.json::test_00000,valid,passed,True,True,correct_accept,1.19087,0.000608,0.00051,3.8e-05,27,27
Kubernetes---kb_165_Normalized.json,Kubernetes---kb_165_Normalized.json::test_00001,invalid,passed,False,True,correct_reject,1.19087,6.4e-05,4.4e-05,7e-06,28,5
Kubernetes---kb_165_Normalized.json,Kubernetes---kb_165_Normalized.json::test_00002,invalid,passed,False,True,correct_reject,1.19087,6e-05,4.2e-05,7e-06,28,5
Kubernetes---kb_165_Normalized.json,Kubernetes---kb_165_Normalized.json::test_00003,invalid,passed,False,True,correct_reject,1.19087,6.6e-05,4.5e-05,8e-06,28,6
Kubernetes---kb_166_Normalized.json,Kubernetes---kb_166_Normalized.json::test_00000,valid,passed,True,True,correct_accept,1.08847,0.000639,0.000528,4.2e-05,27,27
Kubernetes---kb_166_Normalized.json,Kubernetes---kb_166_Normalized.json::test_00001,invalid,passed,False,True,correct_reject,1.08847,8.1e-05,5.3e-05,1.2e-05,28,5
Kubernetes---kb_166_Normalized.json,Kubernetes---kb_166_Normalized.json::test_00002,invalid,passed,False,True,correct_reject,1.08847,6.5e-05,4.4e-05,7e-06,28,5
Kubernetes---kb_166_Normalized.json,Kubernetes---kb_166_Normalized.json::test_00003,invalid,passed,False,True,correct_reject,1.08847,9.2e-05,6.2e-05,1.2e-05,28,6
Kubernetes---kb_166_Normalized.json,Kubernetes---kb_166_Normalized.json::test_00004,invalid,passed,False,True,correct_reject,1.08847,0.000661,0.000546,4.1e-05,30,29
Kubernetes---kb_166_Normalized.json,Kubernetes---kb_166_Normalized.json::test_00005,invalid,passed,False,True,correct_reject,1.08847,6.2e-05,4.2e-05,7e-06,28,5
Kubernetes---kb_166_Normalized.json,Kubernetes---kb_166_Normalized.json::test_00006,invalid,passed,False,True,correct_reject,1.08847,0.000384,0.000297,3.1e-05,25,24
Kubernetes---kb_167_Normalized.json,Kubernetes---kb_167_Normalized.json::test_00000,valid,passed,True,True,correct_accept,6.2e-05,0.000581,0.000491,3.1e-05,27,27
Kubernetes---kb_167_Normalized.json,Kubernetes---kb_167_Normalized.json::test_00001,invalid,passed,False,True,correct_reject,6.2e-05,8.5e-05,5.6e-05,1.1e-05,28,6
Kubernetes---kb_167_Normalized.json,Kubernetes---kb_167_Normalized.json::test_00002,invalid,passed,False,True,correct_reject,6.2e-05,7.9e-05,5.2e-05,1.1e-05,28,5
Kubernetes---kb_167_Normalized.json,Kubernetes---kb_167_Normalized.json::test_00003,invalid,passed,False,True,correct_reject,6.2e-05,8.4e-05,5.7e-05,1e-05,28,6
Kubernetes---kb_167_Normalized.json,Kubernetes---kb_167_Normalized.json::test_00004,invalid,passed,False,True,correct_reject,6.2e-05,0.00061,0.000514,3.2e-05,30,29
Kubernetes---kb_167_Normalized.json,Kubernetes---kb_167_Normalized.json::test_00005,invalid,passed,False,True,correct_reject,6.2e-05,8.1e-05,5.3e-05,1.1e-05,29,5
Kubernetes---kb_167_Normalized.json,Kubernetes---kb_167_Normalized.json::test_00006,invalid,passed,False,True,correct_reject,6.2e-05,0.00023,0.000175,1.4e-05,30,24
Kubernetes---kb_168_Normalized.json,Kubernetes---kb_168_Normalized.json::test_00000,valid,failed,False,True,over_constraint,7.83904,0.000173,0.000107,2.4e-05,397,11
Kubernetes---kb_168_Normalized.json,Kubernetes---kb_168_Normalized.json::test_00001,invalid,passed,False,True,correct_reject,7.83904,0.000176,0.000107,2.5e-05,395,11
Kubernetes---kb_168_Normalized.json,Kubernetes---kb_168_Normalized.json::test_00002,invalid,passed,False,True,correct_reject,7.83904,0.000208,0.000131,3.1e-05,368,11
Kubernetes---kb_169_Normalized.json,Kubernetes---kb_169_Normalized.json::test_00000,valid,failed,False,True,over_constraint,9.22601,0.000122,7.6e-05,1.3e-05,150,11
Kubernetes---kb_169_Normalized.json,Kubernetes---kb_169_Normalized.json::test_00001,invalid,passed,False,True,correct_reject,9.22601,0.000172,0.000109,2.5e-05,133,11
Kubernetes---kb_169_Normalized.json,Kubernetes---kb_169_Normalized.json::test_00002,invalid,passed,False,True,correct_reject,9.22601,0.000149,9.5e-05,2e-05,196,11
Kubernetes---kb_169_Normalized.json,Kubernetes---kb_169_Normalized.json::test_00003,valid,failed,False,True,over_constraint,9.22601,0.000167,0.000105,2.5e-05,144,11
Kubernetes---kb_169_Normalized.json,Kubernetes---kb_169_Normalized.json::test_00004,invalid,passed,False,True,correct_reject,9.22601,0.000125,7.8e-05,1.4e-05,144,11
Kubernetes---kb_16_Normalized.json,Kubernetes---kb_16_Normalized.json::test_00000,valid,passed,True,True,correct_accept,2.79197,0.009061,0.008641,0.000104,151,151
Kubernetes---kb_16_Normalized.json,Kubernetes---kb_16_Normalized.json::test_00001,invalid,passed,False,True,correct_reject,2.79197,0.000112,6.6e-05,1.4e-05,150,6
Kubernetes---kb_16_Normalized.json,Kubernetes---kb_16_Normalized.json::test_00002,invalid,passed,False,True,correct_reject,2.79197,8.7e-05,5.5e-05,1.2e-05,151,7
Kubernetes---kb_16_Normalized.json,Kubernetes---kb_16_Normalized.json::test_00003,invalid,passed,False,True,correct_reject,2.79197,0.007351,0.007067,8.9e-05,196,69
Kubernetes---kb_16_Normalized.json,Kubernetes---kb_16_Normalized.json::test_00004,valid,passed,True,True,correct_accept,2.79197,0.009952,0.009398,0.000175,143,143
Kubernetes---kb_16_Normalized.json,Kubernetes---kb_16_Normalized.json::test_00005,invalid,passed,False,True,correct_reject,2.79197,0.007038,0.006844,6.5e-05,142,60
Kubernetes---kb_170_Normalized.json,Kubernetes---kb_170_Normalized.json::test_00000,valid,failed,False,True,over_constraint,9.00063,0.00819,0.00801,7.1e-05,151,41
Kubernetes---kb_170_Normalized.json,Kubernetes---kb_170_Normalized.json::test_00001,invalid,passed,False,True,correct_reject,9.00063,0.011695,0.011389,0.000113,153,78
Kubernetes---kb_170_Normalized.json,Kubernetes---kb_170_Normalized.json::test_00002,invalid,passed,False,True,correct_reject,9.00063,0.015399,0.01497,0.00014,272,123
Kubernetes---kb_170_Normalized.json,Kubernetes---kb_170_Normalized.json::test_00003,valid,passed,True,True,correct_accept,9.00063,0.022355,0.02176,0.000221,150,150
Kubernetes---kb_170_Normalized.json,Kubernetes---kb_170_Normalized.json::test_00004,invalid,passed,False,True,correct_reject,9.00063,0.011952,0.011649,0.000114,150,78
Kubernetes---kb_170_Normalized.json,Kubernetes---kb_170_Normalized.json::test_00005,invalid,passed,False,True,correct_reject,9.00063,0.016144,0.015654,0.000196,144,118
Kubernetes---kb_171_Normalized.json,Kubernetes---kb_171_Normalized.json::test_00000,valid,passed,True,True,correct_accept,1.79748,0.004131,0.003975,5.4e-05,43,43
Kubernetes---kb_171_Normalized.json,Kubernetes---kb_171_Normalized.json::test_00001,invalid,passed,False,True,correct_reject,1.79748,0.003395,0.003322,2.6e-05,42,15
Kubernetes---kb_171_Normalized.json,Kubernetes---kb_171_Normalized.json::test_00002,invalid,passed,False,True,correct_reject,1.79748,0.000104,6.6e-05,1.3e-05,43,8
Kubernetes---kb_171_Normalized.json,Kubernetes---kb_171_Normalized.json::test_00003,valid,passed,True,True,correct_accept,1.79748,0.004496,0.0043,7.3e-05,44,44
Kubernetes---kb_171_Normalized.json,Kubernetes---kb_171_Normalized.json::test_00004,invalid,passed,False,True,correct_reject,1.79748,9.9e-05,6.3e-05,1.2e-05,42,8
Kubernetes---kb_172_Normalized.json,Kubernetes---kb_172_Normalized.json::test_00000,valid,passed,True,True,correct_accept,1.67173,0.004608,0.004443,6.2e-05,45,45
Kubernetes---kb_172_Normalized.json,Kubernetes---kb_172_Normalized.json::test_00001,invalid,passed,False,True,correct_reject,1.67173,0.002763,0.002682,2.9e-05,42,15
Kubernetes---kb_172_Normalized.json,Kubernetes---kb_172_Normalized.json::test_00002,invalid,passed,False,True,correct_reject,1.67173,0.000122,8.1e-05,1.6e-05,45,8
Kubernetes---kb_172_Normalized.json,Kubernetes---kb_172_Normalized.json::test_00003,valid,passed,True,True,correct_accept,1.67173,0.004137,0.003988,4.3e-05,43,43
Kubernetes---kb_172_Normalized.json,Kubernetes---kb_172_Normalized.json::test_00004,invalid,passed,False,True,correct_reject,1.67173,0.00015,9.3e-05,2.1e-05,43,8
Kubernetes---kb_173_Normalized.json,Kubernetes---kb_173_Normalized.json::test_00000,valid,passed,True,True,correct_accept,0.000107,0.00563,0.005352,0.000114,43,43
Kubernetes---kb_173_Normalized.json,Kubernetes---kb_173_Normalized.json::test_00001,invalid,passed,False,True,correct_reject,0.000107,0.002896,0.002837,1.8e-05,42,15
Kubernetes---kb_173_Normalized.json,Kubernetes---kb_173_Normalized.json::test_00002,invalid,passed,False,True,correct_reject,0.000107,0.0001,6.4e-05,1.2e-05,43,8
Kubernetes---kb_173_Normalized.json,Kubernetes---kb_173_Normalized.json::test_00003,valid,passed,True,True,correct_accept,0.000107,0.004318,0.004159,5.4e-05,43,43
Kubernetes---kb_173_Normalized.json,Kubernetes---kb_173_Normalized.json::test_00004,invalid,passed,False,True,correct_reject,0.000107,0.00299,0.002906,3e-05,42,15
Kubernetes---kb_174_Normalized.json,Kubernetes---kb_174_Normalized.json::test_00000,valid,failed,False,True,over_constraint,10.8069,0.000103,6.3e-05,1.1e-05,390,11
Kubernetes---kb_174_Normalized.json,Kubernetes---kb_174_Normalized.json::test_00001,invalid,passed,False,True,correct_reject,10.8069,9.4e-05,5.7e-05,1e-05,406,11
Kubernetes---kb_174_Normalized.json,Kubernetes---kb_174_Normalized.json::test_00002,invalid,passed,False,True,correct_reject,10.8069,0.000172,0.000107,2.2e-05,358,11
Kubernetes---kb_174_Normalized.json,Kubernetes---kb_174_Normalized.json::test_00003,invalid,passed,False,True,correct_reject,10.8069,0.00012,6.4e-05,1.2e-05,345,11
Kubernetes---kb_174_Normalized.json,Kubernetes---kb_174_Normalized.json::test_00004,invalid,passed,False,True,correct_reject,10.8069,0.000111,7e-05,1.4e-05,424,11
Kubernetes---kb_175_Normalized.json,Kubernetes---kb_175_Normalized.json::test_00000,valid,failed,False,True,over_constraint,7.68517,0.000122,7.1e-05,1.8e-05,311,11
Kubernetes---kb_175_Normalized.json,Kubernetes---kb_175_Normalized.json::test_00001,invalid,passed,False,True,correct_reject,7.68517,9.3e-05,5.5e-05,1.1e-05,326,11
Kubernetes---kb_175_Normalized.json,Kubernetes---kb_175_Normalized.json::test_00002,invalid,passed,False,True,correct_reject,7.68517,8.1e-05,5.1e-05,9e-06,237,11
Kubernetes---kb_175_Normalized.json,Kubernetes---kb_175_Normalized.json::test_00003,invalid,passed,False,True,correct_reject,7.68517,0.000121,7.4e-05,1.7e-05,300,11
Kubernetes---kb_175_Normalized.json,Kubernetes---kb_175_Normalized.json::test_00004,invalid,passed,False,True,correct_reject,7.68517,8.5e-05,5.5e-05,8e-06,309,11
Kubernetes---kb_176_Normalized.json,Kubernetes---kb_176_Normalized.json::test_00000,valid,failed,False,True,over_constraint,7.93072,0.007935,0.007707,5.6e-05,401,87
Kubernetes---kb_176_Normalized.json,Kubernetes---kb_176_Normalized.json::test_00001,invalid,passed,False,True,correct_reject,7.93072,0.007437,0.007234,4.1e-05,317,87
Kubernetes---kb_176_Normalized.json,Kubernetes---kb_176_Normalized.json::test_00002,invalid,passed,False,True,correct_reject,7.93072,0.007607,0.007406,3.8e-05,378,87
Kubernetes---kb_176_Normalized.json,Kubernetes---kb_176_Normalized.json::test_00003,invalid,passed,False,True,correct_reject,7.93072,0.008769,0.008478,9.2e-05,378,87
Kubernetes---kb_176_Normalized.json,Kubernetes---kb_176_Normalized.json::test_00004,invalid,passed,False,True,correct_reject,7.93072,0.007861,0.007653,5e-05,319,87
Kubernetes---kb_176_Normalized.json,Kubernetes---kb_176_Normalized.json::test_00005,invalid,passed,False,True,correct_reject,7.93072,0.008059,0.00783,5.7e-05,413,87
Kubernetes---kb_177_Normalized.json,Kubernetes---kb_177_Normalized.json::test_00000,valid,failed,False,True,over_constraint,1.27556,0.001276,0.001131,4.7e-05,94,38
Kubernetes---kb_177_Normalized.json,Kubernetes---kb_177_Normalized.json::test_00001,invalid,passed,False,True,correct_reject,1.27556,5.1e-05,3.4e-05,5e-06,6,4
Kubernetes---kb_177_Normalized.json,Kubernetes---kb_177_Normalized.json::test_00002,invalid,passed,False,True,correct_reject,1.27556,0.00074,0.000653,1.7e-05,95,38
Kubernetes---kb_177_Normalized.json,Kubernetes---kb_177_Normalized.json::test_00003,invalid,passed,False,True,correct_reject,1.27556,0.004148,0.003932,5e-05,95,84
Kubernetes---kb_177_Normalized.json,Kubernetes---kb_177_Normalized.json::test_00004,valid,passed,True,True,correct_accept,1.27556,0.005556,0.005351,3.9e-05,95,95
Kubernetes---kb_177_Normalized.json,Kubernetes---kb_177_Normalized.json::test_00005,invalid,passed,False,True,correct_reject,1.27556,0.000747,0.000661,1.7e-05,95,38
Kubernetes---kb_178_Normalized.json,Kubernetes---kb_178_Normalized.json::test_00000,valid,passed,True,True,correct_accept,1.30085,0.006301,0.006044,6e-05,95,95
Kubernetes---kb_178_Normalized.json,Kubernetes---kb_178_Normalized.json::test_00001,invalid,passed,False,True,correct_reject,1.30085,5.9e-05,3.8e-05,8e-06,8,4
Kubernetes---kb_178_Normalized.json,Kubernetes---kb_178_Normalized.json::test_00002,invalid,passed,False,True,correct_reject,1.30085,9e-05,5.5e-05,1.3e-05,86,11
Kubernetes---kb_178_Normalized.json,Kubernetes---kb_178_Normalized.json::test_00003,invalid,passed,False,True,correct_reject,1.30085,0.006185,0.005955,5.8e-05,89,83
Kubernetes---kb_178_Normalized.json,Kubernetes---kb_178_Normalized.json::test_00004,invalid,passed,False,True,correct_reject,1.30085,0.006916,0.006656,7.7e-05,92,73
Kubernetes---kb_178_Normalized.json,Kubernetes---kb_178_Normalized.json::test_00005,valid,passed,True,True,correct_accept,1.30085,0.006291,0.006038,5.9e-05,95,95
Kubernetes---kb_178_Normalized.json,Kubernetes---kb_178_Normalized.json::test_00006,invalid,passed,False,True,correct_reject,1.30085,6.7e-05,4.4e-05,1e-05,6,4
Kubernetes---kb_178_Normalized.json,Kubernetes---kb_178_Normalized.json::test_00007,invalid,passed,False,True,correct_reject,1.30085,0.000518,0.000438,2.9e-05,153,18
Kubernetes---kb_179_Normalized.json,Kubernetes---kb_179_Normalized.json::test_00000,valid,failed,False,True,over_constraint,7.6e-05,0.000762,0.000664,2.5e-05,95,23
Kubernetes---kb_179_Normalized.json,Kubernetes---kb_179_Normalized.json::test_00001,invalid,passed,False,True,correct_reject,7.6e-05,6.1e-05,4.3e-05,7e-06,6,4
Kubernetes---kb_179_Normalized.json,Kubernetes---kb_179_Normalized.json::test_00002,invalid,passed,False,True,correct_reject,7.6e-05,0.000556,0.000478,2.8e-05,37,23
Kubernetes---kb_179_Normalized.json,Kubernetes---kb_179_Normalized.json::test_00003,invalid,passed,False,True,correct_reject,7.6e-05,0.006341,0.006022,0.000124,175,69
Kubernetes---kb_179_Normalized.json,Kubernetes---kb_179_Normalized.json::test_00004,valid,passed,True,True,correct_accept,7.6e-05,0.009962,0.009614,0.000122,95,95
Kubernetes---kb_179_Normalized.json,Kubernetes---kb_179_Normalized.json::test_00005,invalid,passed,False,True,correct_reject,7.6e-05,0.0001,6.1e-05,1.5e-05,93,11
Kubernetes---kb_179_Normalized.json,Kubernetes---kb_179_Normalized.json::test_00006,invalid,passed,False,True,correct_reject,7.6e-05,0.010929,0.010462,0.000194,135,89
Kubernetes---kb_17_Normalized.json,Kubernetes---kb_17_Normalized.json::test_00000,valid,passed,True,True,correct_accept,1.93427,0.009363,0.008731,0.00022,139,139
Kubernetes---kb_17_Normalized.json,Kubernetes---kb_17_Normalized.json::test_00001,invalid,passed,False,True,correct_reject,1.93427,9.5e-05,6.5e-05,1.1e-05,138,6
Kubernetes---kb_17_Normalized.json,Kubernetes---kb_17_Normalized.json::test_00002,invalid,passed,False,True,correct_reject,1.93427,0.007982,0.007786,8.2e-05,132,36
Kubernetes---kb_17_Normalized.json,Kubernetes---kb_17_Normalized.json::test_00003,invalid,passed,False,True,correct_reject,1.93427,0.006836,0.006566,6.6e-05,136,97
Kubernetes---kb_17_Normalized.json,Kubernetes---kb_17_Normalized.json::test_00004,invalid,passed,False,True,correct_reject,1.93427,0.007634,0.007309,6.8e-05,213,118
Kubernetes---kb_17_Normalized.json,Kubernetes---kb_17_Normalized.json::test_00005,valid,passed,True,True,correct_accept,1.93427,0.013393,0.01263,0.000288,148,148
Kubernetes---kb_17_Normalized.json,Kubernetes---kb_17_Normalized.json::test_00006,invalid,passed,False,True,correct_reject,1.93427,0.000135,9.3e-05,1.8e-05,147,6
Kubernetes---kb_17_Normalized.json,Kubernetes---kb_17_Normalized.json::test_00007,invalid,passed,False,True,correct_reject,1.93427,0.010018,0.009471,0.000193,164,108
Kubernetes---kb_180_Normalized.json,Kubernetes---kb_180_Normalized.json::test_00000,valid,failed,False,True,over_constraint,2.08175,0.00084,0.000759,3.1e-05,141,18
Kubernetes---kb_180_Normalized.json,Kubernetes---kb_180_Normalized.json::test_00001,invalid,passed,False,True,correct_reject,2.08175,9e-05,6.2e-05,1.1e-05,137,5
Kubernetes---kb_180_Normalized.json,Kubernetes---kb_180_Normalized.json::test_00002,invalid,passed,False,True,correct_reject,2.08175,0.000458,0.000409,1.4e-05,139,18
Kubernetes---kb_180_Normalized.json,Kubernetes---kb_180_Normalized.json::test_00003,invalid,passed,False,True,correct_reject,2.08175,8.4e-05,5.8e-05,9e-06,138,5
Kubernetes---kb_180_Normalized.json,Kubernetes---kb_180_Normalized.json::test_00004,valid,passed,True,True,correct_accept,2.08175,0.007415,0.00709,8.7e-05,128,128
Kubernetes---kb_180_Normalized.json,Kubernetes---kb_180_Normalized.json::test_00005,invalid,passed,False,True,correct_reject,2.08175,9e-05,6.2e-05,1.2e-05,127,5
Kubernetes---kb_180_Normalized.json,Kubernetes---kb_180_Normalized.json::test_00006,invalid,passed,False,True,correct_reject,2.08175,0.000715,0.000637,3e-05,143,17
Kubernetes---kb_181_Normalized.json,Kubernetes---kb_181_Normalized.json::test_00000,valid,failed,False,True,over_constraint,6.5e-05,0.000853,0.000762,4e-05,127,16
Kubernetes---kb_181_Normalized.json,Kubernetes---kb_181_Normalized.json::test_00001,invalid,passed,False,True,correct_reject,6.5e-05,0.000738,0.000656,3.4e-05,134,16
Kubernetes---kb_181_Normalized.json,Kubernetes---kb_181_Normalized.json::test_00002,invalid,passed,False,True,correct_reject,6.5e-05,7.2e-05,5.1e-05,8e-06,126,5
Kubernetes---kb_181_Normalized.json,Kubernetes---kb_181_Normalized.json::test_00003,invalid,passed,False,True,correct_reject,6.5e-05,0.000744,0.000654,3.9e-05,142,16
Kubernetes---kb_181_Normalized.json,Kubernetes---kb_181_Normalized.json::test_00004,valid,passed,True,True,correct_accept,6.5e-05,0.007365,0.006986,0.000104,133,133
Kubernetes---kb_181_Normalized.json,Kubernetes---kb_181_Normalized.json::test_00005,invalid,passed,False,True,correct_reject,6.5e-05,0.000752,0.00069,2.6e-05,132,18
Kubernetes---kb_181_Normalized.json,Kubernetes---kb_181_Normalized.json::test_00006,invalid,passed,False,True,correct_reject,6.5e-05,0.000116,8.1e-05,1.5e-05,125,5
Kubernetes---kb_182_Normalized.json,Kubernetes---kb_182_Normalized.json::test_00000,valid,passed,True,True,correct_accept,1.40201,0.00095,0.000835,2.3e-05,53,53
Kubernetes---kb_182_Normalized.json,Kubernetes---kb_182_Normalized.json::test_00001,invalid,passed,False,True,correct_reject,1.40201,0.001069,0.000935,3.2e-05,60,59
Kubernetes---kb_182_Normalized.json,Kubernetes---kb_182_Normalized.json::test_00002,invalid,passed,False,True,correct_reject,1.40201,8e-05,5.7e-05,6e-06,52,5
Kubernetes---kb_182_Normalized.json,Kubernetes---kb_182_Normalized.json::test_00003,valid,passed,True,True,correct_accept,1.40201,0.001347,0.001195,4e-05,55,55
Kubernetes---kb_182_Normalized.json,Kubernetes---kb_182_Normalized.json::test_00004,invalid,passed,False,True,correct_reject,1.40201,7.4e-05,5.2e-05,8e-06,52,5
Kubernetes---kb_182_Normalized.json,Kubernetes---kb_182_Normalized.json::test_00005,invalid,passed,False,True,correct_reject,1.40201,0.001293,0.001145,2.9e-05,62,61
Kubernetes---kb_182_Normalized.json,Kubernetes---kb_182_Normalized.json::test_00006,invalid,passed,False,True,correct_reject,1.40201,0.00067,0.000589,2.2e-05,54,28
Kubernetes---kb_183_Normalized.json,Kubernetes---kb_183_Normalized.json::test_00000,valid,passed,True,True,correct_accept,0.000101,0.001484,0.001321,4.9e-05,55,55
Kubernetes---kb_183_Normalized.json,Kubernetes---kb_183_Normalized.json::test_00001,invalid,passed,False,True,correct_reject,0.000101,0.00262,0.002372,8.9e-05,62,61
Kubernetes---kb_183_Normalized.json,Kubernetes---kb_183_Normalized.json::test_00002,invalid,passed,False,True,correct_reject,0.000101,8.1e-05,5.9e-05,7e-06,52,5
Kubernetes---kb_184_Normalized.json,Kubernetes---kb_184_Normalized.json::test_00000,valid,passed,True,True,correct_accept,1.21965,0.005494,0.005309,7.1e-05,46,46
Kubernetes---kb_184_Normalized.json,Kubernetes---kb_184_Normalized.json::test_00001,invalid,passed,False,True,correct_reject,1.21965,0.004733,0.004634,3e-05,46,38
Kubernetes---kb_184_Normalized.json,Kubernetes---kb_184_Normalized.json::test_00002,invalid,passed,False,True,correct_reject,1.21965,0.00451,0.004391,3.1e-05,46,45
Kubernetes---kb_184_Normalized.json,Kubernetes---kb_184_Normalized.json::test_00003,valid,passed,True,True,correct_accept,1.21965,0.004789,0.004655,3.9e-05,46,46
Kubernetes---kb_184_Normalized.json,Kubernetes---kb_184_Normalized.json::test_00004,invalid,passed,False,True,correct_reject,1.21965,0.00253,0.002478,2e-05,45,16
Kubernetes---kb_184_Normalized.json,Kubernetes---kb_184_Normalized.json::test_00005,invalid,passed,False,True,correct_reject,1.21965,0.005056,0.004948,3.1e-05,48,40
Kubernetes---kb_185_Normalized.json,Kubernetes---kb_185_Normalized.json::test_00000,valid,passed,True,True,correct_accept,1.06988,0.001435,0.001291,5.1e-05,44,44
Kubernetes---kb_185_Normalized.json,Kubernetes---kb_185_Normalized.json::test_00001,invalid,passed,False,True,correct_reject,1.06988,9.4e-05,6.5e-05,8e-06,43,6
Kubernetes---kb_185_Normalized.json,Kubernetes---kb_185_Normalized.json::test_00002,invalid,passed,False,True,correct_reject,1.06988,0.001168,0.001048,4.4e-05,44,36
Kubernetes---kb_185_Normalized.json,Kubernetes---kb_185_Normalized.json::test_00003,invalid,passed,False,True,correct_reject,1.06988,0.000986,0.000886,3.7e-05,43,30
Kubernetes---kb_185_Normalized.json,Kubernetes---kb_185_Normalized.json::test_00004,invalid,passed,False,True,correct_reject,1.06988,6.3e-05,4e-05,8e-06,42,5
Kubernetes---kb_185_Normalized.json,Kubernetes---kb_185_Normalized.json::test_00005,invalid,passed,False,True,correct_reject,1.06988,0.001416,0.001266,6.9e-05,46,36
Kubernetes---kb_185_Normalized.json,Kubernetes---kb_185_Normalized.json::test_00006,valid,passed,True,True,correct_accept,1.06988,0.001025,0.000918,2.5e-05,48,48
Kubernetes---kb_185_Normalized.json,Kubernetes---kb_185_Normalized.json::test_00007,invalid,passed,False,True,correct_reject,1.06988,4.3e-05,3e-05,5e-06,47,2
Kubernetes---kb_185_Normalized.json,Kubernetes---kb_185_Normalized.json::test_00008,invalid,passed,False,True,correct_reject,1.06988,4.5e-05,3.2e-05,4e-06,48,2
Kubernetes---kb_186_Normalized.json,Kubernetes---kb_186_Normalized.json::test_00000,valid,passed,True,True,correct_accept,4.3e-05,0.000771,0.000677,1.9e-05,42,42
Kubernetes---kb_186_Normalized.json,Kubernetes---kb_186_Normalized.json::test_00001,invalid,passed,False,True,correct_reject,4.3e-05,0.000596,0.000519,1.7e-05,42,34
Kubernetes---kb_186_Normalized.json,Kubernetes---kb_186_Normalized.json::test_00002,invalid,passed,False,True,correct_reject,4.3e-05,6.6e-05,4.6e-05,5e-06,41,6
Kubernetes---kb_186_Normalized.json,Kubernetes---kb_186_Normalized.json::test_00003,invalid,passed,False,True,correct_reject,4.3e-05,0.000585,0.00051,2.1e-05,42,29
Kubernetes---kb_186_Normalized.json,Kubernetes---kb_186_Normalized.json::test_00004,invalid,passed,False,True,correct_reject,4.3e-05,0.000652,0.000568,2.2e-05,42,34
Kubernetes---kb_186_Normalized.json,Kubernetes---kb_186_Normalized.json::test_00005,invalid,passed,False,True,correct_reject,4.3e-05,0.000935,0.000827,3.1e-05,44,36
Kubernetes---kb_186_Normalized.json,Kubernetes---kb_186_Normalized.json::test_00006,valid,passed,True,True,correct_accept,4.3e-05,0.001091,0.000962,3.8e-05,43,43
Kubernetes---kb_186_Normalized.json,Kubernetes---kb_186_Normalized.json::test_00007,invalid,passed,False,True,correct_reject,4.3e-05,0.000126,8.7e-05,1.4e-05,42,6
Kubernetes---kb_186_Normalized.json,Kubernetes---kb_186_Normalized.json::test_00008,invalid,passed,False,True,correct_reject,4.3e-05,0.000876,0.00077,3.2e-05,43,35
Kubernetes---kb_186_Normalized.json,Kubernetes---kb_186_Normalized.json::test_00009,invalid,passed,False,True,correct_reject,4.3e-05,9.2e-05,6.7e-05,8e-06,42,6
Kubernetes---kb_187_Normalized.json,Kubernetes---kb_187_Normalized.json::test_00000,valid,passed,True,True,correct_accept,1.98347,0.004969,0.004747,7.8e-05,59,59
Kubernetes---kb_187_Normalized.json,Kubernetes---kb_187_Normalized.json::test_00001,invalid,passed,False,True,correct_reject,1.98347,8.6e-05,6e-05,1e-05,58,5
Kubernetes---kb_188_Normalized.json,Kubernetes---kb_188_Normalized.json::test_00000,valid,failed,False,True,over_constraint,2.33918,0.001069,0.000925,4.4e-05,54,43
Kubernetes---kb_188_Normalized.json,Kubernetes---kb_188_Normalized.json::test_00001,invalid,passed,False,True,correct_reject,2.33918,0.001166,0.001012,5.1e-05,51,43
Kubernetes---kb_188_Normalized.json,Kubernetes---kb_188_Normalized.json::test_00002,invalid,passed,False,True,correct_reject,2.33918,0.0007,0.000594,3.5e-05,48,27
Kubernetes---kb_188_Normalized.json,Kubernetes---kb_188_Normalized.json::test_00003,invalid,passed,False,True,correct_reject,2.33918,0.001569,0.001354,8.6e-05,55,41
Kubernetes---kb_189_Normalized.json,Kubernetes---kb_189_Normalized.json::test_00000,valid,failed,False,True,over_constraint,0.000111,0.001008,0.000874,4.3e-05,54,43
Kubernetes---kb_189_Normalized.json,Kubernetes---kb_189_Normalized.json::test_00001,invalid,passed,False,True,correct_reject,0.000111,0.001873,0.001614,0.000104,51,43
Kubernetes---kb_189_Normalized.json,Kubernetes---kb_189_Normalized.json::test_00002,invalid,passed,False,True,correct_reject,0.000111,0.00063,0.000523,2.9e-05,48,27
Kubernetes---kb_189_Normalized.json,Kubernetes---kb_189_Normalized.json::test_00003,valid,passed,True,True,correct_accept,0.000111,0.004288,0.004097,6.4e-05,55,55
Kubernetes---kb_189_Normalized.json,Kubernetes---kb_189_Normalized.json::test_00004,invalid,passed,False,True,correct_reject,0.000111,0.001049,0.000892,5.9e-05,53,42
Kubernetes---kb_189_Normalized.json,Kubernetes---kb_189_Normalized.json::test_00005,invalid,passed,False,True,correct_reject,0.000111,0.000359,0.000289,2e-05,54,21
Kubernetes---kb_18_Normalized.json,Kubernetes---kb_18_Normalized.json::test_00000,valid,passed,True,True,correct_accept,3.00793,0.010505,0.010106,0.000101,138,138
Kubernetes---kb_18_Normalized.json,Kubernetes---kb_18_Normalized.json::test_00001,invalid,passed,False,True,correct_reject,3.00793,0.000114,8e-05,1.2e-05,137,6
Kubernetes---kb_18_Normalized.json,Kubernetes---kb_18_Normalized.json::test_00002,invalid,passed,False,True,correct_reject,3.00793,0.011625,0.011235,0.000115,131,121
Kubernetes---kb_18_Normalized.json,Kubernetes---kb_18_Normalized.json::test_00003,invalid,passed,False,True,correct_reject,3.00793,0.010561,0.010264,8.4e-05,132,84
Kubernetes---kb_18_Normalized.json,Kubernetes---kb_18_Normalized.json::test_00004,valid,passed,True,True,correct_accept,3.00793,0.01243,0.012016,0.00012,136,136
Kubernetes---kb_18_Normalized.json,Kubernetes---kb_18_Normalized.json::test_00005,invalid,passed,False,True,correct_reject,3.00793,8.6e-05,5.5e-05,1.1e-05,135,6
Kubernetes---kb_190_Normalized.json,Kubernetes---kb_190_Normalized.json::test_00000,valid,failed,False,True,over_constraint,38.396,0.000382,0.000155,0.000172,146,12
Kubernetes---kb_190_Normalized.json,Kubernetes---kb_190_Normalized.json::test_00001,valid,failed,False,True,over_constraint,38.396,0.000123,7.5e-05,1.5e-05,146,12
Kubernetes---kb_190_Normalized.json,Kubernetes---kb_190_Normalized.json::test_00002,invalid,running_validation,,False,no_decision,38.396,,,,149,
Kubernetes---kb_190_Normalized.json,Kubernetes---kb_190_Normalized.json::test_00003,invalid,compiled,,False,no_decision,38.396,,,,,
Kubernetes---kb_191_Normalized.json,Kubernetes---kb_191_Normalized.json::test_00000,valid,running_compile_grammar,,False,no_decision,,,,,,
Kubernetes---kb_191_Normalized.json,Kubernetes---kb_191_Normalized.json::test_00001,valid,running_compile_grammar,,False,no_decision,,,,,,
Kubernetes---kb_191_Normalized.json,Kubernetes---kb_191_Normalized.json::test_00002,invalid,passed,False,True,correct_reject,34.3638,0.000192,0.000118,2.9e-05,116,12
Kubernetes---kb_192_Normalized.json,Kubernetes---kb_192_Normalized.json::test_00000,valid,passed,True,True,correct_accept,29.3746,0.021879,0.021228,0.000266,173,173
Kubernetes---kb_192_Normalized.json,Kubernetes---kb_192_Normalized.json::test_00001,invalid,passed,False,True,correct_reject,29.3746,0.011728,0.01141,0.000121,194,86
Kubernetes---kb_192_Normalized.json,Kubernetes---kb_192_Normalized.json::test_00002,invalid,passed,False,True,correct_reject,29.3746,0.010708,0.010429,0.000108,172,82
Kubernetes---kb_192_Normalized.json,Kubernetes---kb_192_Normalized.json::test_00003,invalid,passed,False,True,correct_reject,29.3746,0.010388,0.0101,0.000105,196,86
Kubernetes---kb_192_Normalized.json,Kubernetes---kb_192_Normalized.json::test_00004,valid,passed,True,True,correct_accept,29.3746,0.012763,0.012272,0.00019,147,147
Kubernetes---kb_192_Normalized.json,Kubernetes---kb_192_Normalized.json::test_00005,invalid,passed,False,True,correct_reject,29.3746,0.011682,0.011316,0.000137,150,104
Kubernetes---kb_193_Normalized.json,Kubernetes---kb_193_Normalized.json::test_00000,valid,passed,True,True,correct_accept,1.22073,0.009046,0.008844,6.8e-05,52,52
Kubernetes---kb_193_Normalized.json,Kubernetes---kb_193_Normalized.json::test_00001,invalid,passed,False,True,correct_reject,1.22073,0.003682,0.003564,4.1e-05,46,25
Kubernetes---kb_193_Normalized.json,Kubernetes---kb_193_Normalized.json::test_00002,valid,passed,True,True,correct_accept,1.22073,0.00886,0.008674,6.6e-05,49,49
Kubernetes---kb_193_Normalized.json,Kubernetes---kb_193_Normalized.json::test_00003,invalid,passed,False,True,correct_reject,1.22073,0.003179,0.003091,2.6e-05,46,25
Kubernetes---kb_194_Normalized.json,Kubernetes---kb_194_Normalized.json::test_00000,valid,passed,True,True,correct_accept,5.9e-05,0.009549,0.009369,5.9e-05,49,49
Kubernetes---kb_194_Normalized.json,Kubernetes---kb_194_Normalized.json::test_00001,invalid,passed,False,True,correct_reject,5.9e-05,0.00337,0.003287,2.3e-05,46,25
Kubernetes---kb_194_Normalized.json,Kubernetes---kb_194_Normalized.json::test_00002,invalid,passed,False,True,correct_reject,5.9e-05,0.010026,0.009865,5.3e-05,49,41
Kubernetes---kb_194_Normalized.json,Kubernetes---kb_194_Normalized.json::test_00003,valid,passed,True,True,correct_accept,5.9e-05,0.009385,0.009217,5.6e-05,48,48
Kubernetes---kb_194_Normalized.json,Kubernetes---kb_194_Normalized.json::test_00004,invalid,passed,False,True,correct_reject,5.9e-05,6.4e-05,4.5e-05,9e-06,48,2
Kubernetes---kb_194_Normalized.json,Kubernetes---kb_194_Normalized.json::test_00005,invalid,passed,False,True,correct_reject,5.9e-05,7.1e-05,5.5e-05,6e-06,37,2
Kubernetes---kb_195_Normalized.json,Kubernetes---kb_195_Normalized.json::test_00000,valid,passed,True,True,correct_accept,6.6e-05,0.008108,0.007956,4.5e-05,49,49
Kubernetes---kb_195_Normalized.json,Kubernetes---kb_195_Normalized.json::test_00001,invalid,passed,False,True,correct_reject,6.6e-05,0.003199,0.003119,2.4e-05,46,25
Kubernetes---kb_195_Normalized.json,Kubernetes---kb_195_Normalized.json::test_00002,invalid,passed,False,True,correct_reject,6.6e-05,0.008648,0.00848,5.6e-05,48,47
Kubernetes---kb_197_Normalized.json,Kubernetes---kb_197_Normalized.json::test_00000,valid,failed,False,True,over_constraint,25.5541,0.000118,7.3e-05,1.5e-05,145,12
Kubernetes---kb_197_Normalized.json,Kubernetes---kb_197_Normalized.json::test_00001,invalid,passed,False,True,correct_reject,25.5541,0.000157,9.8e-05,2.3e-05,176,12
Kubernetes---kb_197_Normalized.json,Kubernetes---kb_197_Normalized.json::test_00002,invalid,passed,False,True,correct_reject,25.5541,0.000119,7.5e-05,1.4e-05,176,12
Kubernetes---kb_197_Normalized.json,Kubernetes---kb_197_Normalized.json::test_00003,invalid,passed,False,True,correct_reject,25.5541,0.000149,8.1e-05,1.9e-05,150,12
Kubernetes---kb_199_Normalized.json,Kubernetes---kb_199_Normalized.json::test_00000,valid,failed,False,True,over_constraint,1.83141,0.000548,0.000479,2.6e-05,43,16
Kubernetes---kb_199_Normalized.json,Kubernetes---kb_199_Normalized.json::test_00001,invalid,passed,False,True,correct_reject,1.83141,0.000103,7.3e-05,1e-05,42,5
Kubernetes---kb_199_Normalized.json,Kubernetes---kb_199_Normalized.json::test_00002,valid,passed,True,True,correct_accept,1.83141,0.005067,0.004866,7.3e-05,53,53
Kubernetes---kb_199_Normalized.json,Kubernetes---kb_199_Normalized.json::test_00003,invalid,passed,False,True,correct_reject,1.83141,0.000108,7.7e-05,1.2e-05,53,5
Kubernetes---kb_199_Normalized.json,Kubernetes---kb_199_Normalized.json::test_00004,invalid,passed,False,True,correct_reject,1.83141,0.000274,0.000229,1.8e-05,51,8
Kubernetes---kb_19_Normalized.json,Kubernetes---kb_19_Normalized.json::test_00000,valid,passed,True,True,correct_accept,3.22378,0.012752,0.012298,0.00013,136,136
Kubernetes---kb_19_Normalized.json,Kubernetes---kb_19_Normalized.json::test_00001,invalid,passed,False,True,correct_reject,3.22378,0.000117,7.9e-05,1.5e-05,135,6
Kubernetes---kb_19_Normalized.json,Kubernetes---kb_19_Normalized.json::test_00002,invalid,passed,False,True,correct_reject,3.22378,0.013274,0.012791,0.000157,146,136
Kubernetes---kb_19_Normalized.json,Kubernetes---kb_19_Normalized.json::test_00003,invalid,passed,False,True,correct_reject,3.22378,0.012355,0.011927,0.000128,138,128
Kubernetes---kb_19_Normalized.json,Kubernetes---kb_19_Normalized.json::test_00004,invalid,passed,False,True,correct_reject,3.22378,0.012384,0.01192,0.000134,152,141
Kubernetes---kb_19_Normalized.json,Kubernetes---kb_19_Normalized.json::test_00005,invalid,passed,False,True,correct_reject,3.22378,0.015631,0.015082,0.000196,146,136
Kubernetes---kb_1_Normalized.json,Kubernetes---kb_1_Normalized.json::test_00000,valid,passed,True,True,correct_accept,9.37208,0.034419,0.032827,0.000645,309,309
Kubernetes---kb_1_Normalized.json,Kubernetes---kb_1_Normalized.json::test_00001,valid,passed,True,True,correct_accept,9.37208,0.030436,0.029417,0.000319,309,309
Kubernetes---kb_200_Normalized.json,Kubernetes---kb_200_Normalized.json::test_00000,valid,passed,True,True,correct_accept,8.6e-05,0.003904,0.003762,5e-05,43,43
Kubernetes---kb_200_Normalized.json,Kubernetes---kb_200_Normalized.json::test_00001,invalid,passed,False,True,correct_reject,8.6e-05,0.000151,0.000108,1.9e-05,43,5
Kubernetes---kb_200_Normalized.json,Kubernetes---kb_200_Normalized.json::test_00002,invalid,passed,False,True,correct_reject,8.6e-05,0.000241,0.000201,1.8e-05,46,8
Kubernetes---kb_201_Normalized.json,Kubernetes---kb_201_Normalized.json::test_00000,valid,passed,True,True,correct_accept,7.3e-05,0.004436,0.004271,6e-05,43,43
Kubernetes---kb_201_Normalized.json,Kubernetes---kb_201_Normalized.json::test_00001,invalid,passed,False,True,correct_reject,7.3e-05,0.000144,0.0001,2e-05,43,5
Kubernetes---kb_201_Normalized.json,Kubernetes---kb_201_Normalized.json::test_00002,invalid,passed,False,True,correct_reject,7.3e-05,0.000146,0.000104,1.9e-05,43,5
Kubernetes---kb_201_Normalized.json,Kubernetes---kb_201_Normalized.json::test_00003,valid,passed,True,True,correct_accept,7.3e-05,0.004178,0.003991,6.3e-05,53,53
Kubernetes---kb_201_Normalized.json,Kubernetes---kb_201_Normalized.json::test_00004,invalid,passed,False,True,correct_reject,7.3e-05,0.000283,0.00024,1.8e-05,53,8
Kubernetes---kb_201_Normalized.json,Kubernetes---kb_201_Normalized.json::test_00005,invalid,passed,False,True,correct_reject,7.3e-05,0.000265,0.000222,1.8e-05,51,8
Kubernetes---kb_202_Normalized.json,Kubernetes---kb_202_Normalized.json::test_00000,valid,passed,True,True,correct_accept,26.3499,0.092916,0.09063,0.001138,437,437
Kubernetes---kb_202_Normalized.json,Kubernetes---kb_202_Normalized.json::test_00001,invalid,passed,False,True,correct_reject,20.8913,0.009384,0.009001,0.000143,437,102
Kubernetes---kb_202_Normalized.json,Kubernetes---kb_202_Normalized.json::test_00002,invalid,passed,False,True,correct_reject,20.8913,0.01005,0.00962,0.000162,440,108
Kubernetes---kb_202_Normalized.json,Kubernetes---kb_202_Normalized.json::test_00003,invalid,passed,False,True,correct_reject,20.8913,0.00966,0.009249,0.00015,440,108
Kubernetes---kb_202_Normalized.json,Kubernetes---kb_202_Normalized.json::test_00004,invalid,passed,False,True,correct_reject,20.8913,0.095097,0.093175,0.000861,457,409
Kubernetes---kb_203_Normalized.json,Kubernetes---kb_203_Normalized.json::test_00000,valid,passed,True,True,correct_accept,24.1873,0.002963,0.002535,0.000168,81,81
Kubernetes---kb_203_Normalized.json,Kubernetes---kb_203_Normalized.json::test_00001,invalid,passed,False,True,correct_reject,24.1873,0.002653,0.002257,0.00015,125,80
Kubernetes---kb_203_Normalized.json,Kubernetes---kb_203_Normalized.json::test_00002,invalid,passed,False,True,correct_reject,24.1873,0.001605,0.001371,7.3e-05,111,80
Kubernetes---kb_203_Normalized.json,Kubernetes---kb_203_Normalized.json::test_00003,invalid,running_validation,,False,no_decision,24.1873,,,,121,
Kubernetes---kb_203_Normalized.json,Kubernetes---kb_203_Normalized.json::test_00004,invalid,passed,False,True,correct_reject,24.1873,0.001828,0.00154,0.000109,218,80
Kubernetes---kb_204_Normalized.json,Kubernetes---kb_204_Normalized.json::test_00000,valid,failed,False,True,over_constraint,0.000334,0.000709,0.000606,3.8e-05,113,28
Kubernetes---kb_204_Normalized.json,Kubernetes---kb_204_Normalized.json::test_00001,invalid,passed,False,True,correct_reject,0.000334,0.005514,0.005233,0.000104,115,71
Kubernetes---kb_204_Normalized.json,Kubernetes---kb_204_Normalized.json::test_00002,valid,passed,True,True,correct_accept,0.000334,0.007275,0.006802,0.000198,114,114
Kubernetes---kb_204_Normalized.json,Kubernetes---kb_204_Normalized.json::test_00003,invalid,passed,False,True,correct_reject,0.000334,0.005149,0.004882,8.7e-05,116,71
Kubernetes---kb_204_Normalized.json,Kubernetes---kb_204_Normalized.json::test_00004,invalid,passed,False,True,correct_reject,0.000334,0.004907,0.004718,7.5e-05,48,41
Kubernetes---kb_204_Normalized.json,Kubernetes---kb_204_Normalized.json::test_00005,invalid,passed,False,True,correct_reject,0.000334,0.000862,0.000744,4.7e-05,119,28
Kubernetes---kb_205_Normalized.json,Kubernetes---kb_205_Normalized.json::test_00000,valid,passed,True,True,correct_accept,3.32361,0.025007,0.024457,0.000192,157,157
Kubernetes---kb_205_Normalized.json,Kubernetes---kb_205_Normalized.json::test_00001,invalid,passed,False,True,correct_reject,3.32361,0.004559,0.004359,6.8e-05,109,51
Kubernetes---kb_205_Normalized.json,Kubernetes---kb_205_Normalized.json::test_00002,invalid,passed,False,True,correct_reject,3.32361,0.026442,0.025868,0.000192,152,151
Kubernetes---kb_205_Normalized.json,Kubernetes---kb_205_Normalized.json::test_00003,invalid,passed,False,True,correct_reject,3.32361,0.014095,0.013771,0.000107,156,89
Kubernetes---kb_206_Normalized.json,Kubernetes---kb_206_Normalized.json::test_00000,valid,passed,True,True,correct_accept,3.30014,0.02816,0.027319,0.000336,164,164
Kubernetes---kb_206_Normalized.json,Kubernetes---kb_206_Normalized.json::test_00001,invalid,passed,False,True,correct_reject,3.30014,0.00421,0.003984,9e-05,67,51
Kubernetes---kb_206_Normalized.json,Kubernetes---kb_206_Normalized.json::test_00002,invalid,passed,False,True,correct_reject,3.30014,0.013958,0.013636,0.000113,167,92
Kubernetes---kb_206_Normalized.json,Kubernetes---kb_206_Normalized.json::test_00003,valid,passed,True,True,correct_accept,3.30014,0.029013,0.028358,0.000247,157,157
Kubernetes---kb_206_Normalized.json,Kubernetes---kb_206_Normalized.json::test_00004,invalid,passed,False,True,correct_reject,3.30014,0.030443,0.029848,0.000183,200,184
Kubernetes---kb_206_Normalized.json,Kubernetes---kb_206_Normalized.json::test_00005,invalid,passed,False,True,correct_reject,3.30014,0.003955,0.003796,5.1e-05,207,49
Kubernetes---kb_207_Normalized.json,Kubernetes---kb_207_Normalized.json::test_00000,valid,passed,True,True,correct_accept,0.000116,0.025786,0.025091,0.000263,157,157
Kubernetes---kb_207_Normalized.json,Kubernetes---kb_207_Normalized.json::test_00001,invalid,passed,False,True,correct_reject,0.000116,0.004324,0.004123,7.1e-05,66,51
Kubernetes---kb_207_Normalized.json,Kubernetes---kb_207_Normalized.json::test_00002,invalid,passed,False,True,correct_reject,0.000116,0.023151,0.022681,0.000161,150,137
Kubernetes---kb_207_Normalized.json,Kubernetes---kb_207_Normalized.json::test_00003,invalid,passed,False,True,correct_reject,0.000116,0.014527,0.014193,0.000116,157,89
Kubernetes---kb_207_Normalized.json,Kubernetes---kb_207_Normalized.json::test_00004,valid,passed,True,True,correct_accept,0.000116,0.025576,0.024985,0.000208,168,168
Kubernetes---kb_207_Normalized.json,Kubernetes---kb_207_Normalized.json::test_00005,invalid,passed,False,True,correct_reject,0.000116,0.014006,0.013655,0.000117,171,94
Kubernetes---kb_207_Normalized.json,Kubernetes---kb_207_Normalized.json::test_00006,invalid,passed,False,True,correct_reject,0.000116,0.022711,0.022205,0.000163,174,155
Kubernetes---kb_208_Normalized.json,Kubernetes---kb_208_Normalized.json::test_00000,valid,failed,False,True,over_constraint,16.0907,0.0003,0.000245,1.5e-05,170,20
Kubernetes---kb_208_Normalized.json,Kubernetes---kb_208_Normalized.json::test_00001,invalid,passed,False,True,correct_reject,16.0907,0.000399,0.000316,2.9e-05,182,20
Kubernetes---kb_208_Normalized.json,Kubernetes---kb_208_Normalized.json::test_00002,invalid,passed,False,True,correct_reject,16.0907,0.00023,0.000184,1.3e-05,169,20
Kubernetes---kb_208_Normalized.json,Kubernetes---kb_208_Normalized.json::test_00003,invalid,passed,False,True,correct_reject,16.0907,0.000301,0.000241,1.4e-05,172,20
Kubernetes---kb_208_Normalized.json,Kubernetes---kb_208_Normalized.json::test_00004,valid,passed,True,True,correct_accept,16.0907,0.013983,0.013441,0.000211,141,141
Kubernetes---kb_208_Normalized.json,Kubernetes---kb_208_Normalized.json::test_00005,invalid,passed,False,True,correct_reject,16.0907,0.005427,0.005292,4.3e-05,162,50
Kubernetes---kb_208_Normalized.json,Kubernetes---kb_208_Normalized.json::test_00006,invalid,passed,False,True,correct_reject,16.0907,0.00796,0.007767,5.2e-05,169,68
Kubernetes---kb_209_Normalized.json,Kubernetes---kb_209_Normalized.json::test_00000,valid,passed,True,True,correct_accept,11.7249,0.0085,0.008094,0.000111,179,179
Kubernetes---kb_209_Normalized.json,Kubernetes---kb_209_Normalized.json::test_00001,valid,passed,True,True,correct_accept,11.7249,0.010402,0.00997,0.000151,144,144
Kubernetes---kb_209_Normalized.json,Kubernetes---kb_209_Normalized.json::test_00002,invalid,passed,False,True,correct_reject,11.7249,0.000398,0.000327,2.3e-05,146,20
Kubernetes---kb_209_Normalized.json,Kubernetes---kb_209_Normalized.json::test_00003,invalid,passed,False,True,correct_reject,11.7249,0.000412,0.000329,2.9e-05,157,20
Kubernetes---kb_20_Normalized.json,Kubernetes---kb_20_Normalized.json::test_00000,valid,passed,True,True,correct_accept,1.66935,0.007433,0.007166,8.8e-05,89,89
Kubernetes---kb_20_Normalized.json,Kubernetes---kb_20_Normalized.json::test_00001,invalid,passed,False,True,correct_reject,1.66935,0.000229,0.000192,1.4e-05,92,8
Kubernetes---kb_20_Normalized.json,Kubernetes---kb_20_Normalized.json::test_00002,invalid,passed,False,True,correct_reject,1.66935,0.006503,0.00632,5.8e-05,89,59
Kubernetes---kb_20_Normalized.json,Kubernetes---kb_20_Normalized.json::test_00003,invalid,passed,False,True,correct_reject,1.66935,0.000104,7.7e-05,1.2e-05,89,5
Kubernetes---kb_20_Normalized.json,Kubernetes---kb_20_Normalized.json::test_00004,valid,passed,True,True,correct_accept,1.66935,0.00691,0.006655,7.7e-05,87,87
Kubernetes---kb_20_Normalized.json,Kubernetes---kb_20_Normalized.json::test_00005,invalid,passed,False,True,correct_reject,1.66935,6.8e-05,4.9e-05,7e-06,65,2
Kubernetes---kb_20_Normalized.json,Kubernetes---kb_20_Normalized.json::test_00006,invalid,passed,False,True,correct_reject,1.66935,5.9e-05,4.2e-05,7e-06,107,2
Kubernetes---kb_210_Normalized.json,Kubernetes---kb_210_Normalized.json::test_00000,valid,passed,True,True,correct_accept,0.000239,0.011075,0.010423,0.000191,222,222
Kubernetes---kb_210_Normalized.json,Kubernetes---kb_210_Normalized.json::test_00001,invalid,passed,False,True,correct_reject,0.000239,0.005757,0.005383,0.000111,226,129
Kubernetes---kb_210_Normalized.json,Kubernetes---kb_210_Normalized.json::test_00002,invalid,passed,False,True,correct_reject,0.000239,0.001409,0.001257,4.5e-05,182,50
Kubernetes---kb_210_Normalized.json,Kubernetes---kb_210_Normalized.json::test_00003,valid,passed,True,True,correct_accept,0.000239,0.006738,0.006227,0.000153,184,184
Kubernetes---kb_210_Normalized.json,Kubernetes---kb_210_Normalized.json::test_00004,invalid,passed,False,True,correct_reject,0.000239,0.001059,0.000927,3.6e-05,145,45
Kubernetes---kb_210_Normalized.json,Kubernetes---kb_210_Normalized.json::test_00005,invalid,passed,False,True,correct_reject,0.000239,0.001075,0.000941,3.5e-05,204,47
Kubernetes---kb_211_Normalized.json,Kubernetes---kb_211_Normalized.json::test_00000,valid,passed,True,True,correct_accept,1.46227,0.003215,0.003078,3.4e-05,39,39
Kubernetes---kb_212_Normalized.json,Kubernetes---kb_212_Normalized.json::test_00000,valid,passed,True,True,correct_accept,1.44292,0.00331,0.003186,3.9e-05,39,39
Kubernetes---kb_212_Normalized.json,Kubernetes---kb_212_Normalized.json::test_00001,invalid,passed,False,True,correct_reject,1.44292,0.003251,0.003127,3.8e-05,40,38
Kubernetes---kb_213_Normalized.json,Kubernetes---kb_213_Normalized.json::test_00000,valid,passed,True,True,correct_accept,6.9e-05,0.003179,0.003058,3.6e-05,39,39
Kubernetes---kb_214_Normalized.json,Kubernetes---kb_214_Normalized.json::test_00000,valid,passed,True,True,correct_accept,1.25494,0.003016,0.002913,3e-05,31,31
Kubernetes---kb_214_Normalized.json,Kubernetes---kb_214_Normalized.json::test_00001,invalid,passed,False,True,correct_reject,1.25494,9.8e-05,6.5e-05,1e-05,30,7
Kubernetes---kb_214_Normalized.json,Kubernetes---kb_214_Normalized.json::test_00002,valid,passed,True,True,correct_accept,1.25494,0.003089,0.002982,3.3e-05,31,31
Kubernetes---kb_214_Normalized.json,Kubernetes---kb_214_Normalized.json::test_00003,invalid,passed,False,True,correct_reject,1.25494,0.0001,6.6e-05,9e-06,29,8
Kubernetes---kb_215_Normalized.json,Kubernetes---kb_215_Normalized.json::test_00000,valid,passed,True,True,correct_accept,5.6e-05,0.003154,0.003049,3.2e-05,31,31
Kubernetes---kb_215_Normalized.json,Kubernetes---kb_215_Normalized.json::test_00001,invalid,passed,False,True,correct_reject,5.6e-05,9.7e-05,6.5e-05,1e-05,30,7
Kubernetes---kb_215_Normalized.json,Kubernetes---kb_215_Normalized.json::test_00002,valid,passed,True,True,correct_accept,5.6e-05,0.003054,0.002947,3.3e-05,31,31
Kubernetes---kb_215_Normalized.json,Kubernetes---kb_215_Normalized.json::test_00003,invalid,passed,False,True,correct_reject,5.6e-05,9.9e-05,6.6e-05,9e-06,29,8
Kubernetes---kb_216_Normalized.json,Kubernetes---kb_216_Normalized.json::test_00000,valid,failed,False,True,over_constraint,5.8e-05,0.000512,0.00044,2.3e-05,31,22
Kubernetes---kb_216_Normalized.json,Kubernetes---kb_216_Normalized.json::test_00001,invalid,passed,False,True,correct_reject,5.8e-05,0.000129,8.8e-05,1.5e-05,29,8
Kubernetes---kb_216_Normalized.json,Kubernetes---kb_216_Normalized.json::test_00002,valid,passed,True,True,correct_accept,5.8e-05,0.004003,0.00387,5.2e-05,31,31
Kubernetes---kb_216_Normalized.json,Kubernetes---kb_216_Normalized.json::test_00003,invalid,passed,False,True,correct_reject,5.8e-05,0.00011,7.4e-05,1.4e-05,30,7
Kubernetes---kb_21_Normalized.json,Kubernetes---kb_21_Normalized.json::test_00000,valid,passed,True,True,correct_accept,9.7e-05,0.008929,0.008598,0.000113,89,89
Kubernetes---kb_21_Normalized.json,Kubernetes---kb_21_Normalized.json::test_00001,invalid,passed,False,True,correct_reject,9.7e-05,0.0003,0.000254,2e-05,92,8
Kubernetes---kb_21_Normalized.json,Kubernetes---kb_21_Normalized.json::test_00002,invalid,passed,False,True,correct_reject,9.7e-05,0.007143,0.00693,6.2e-05,89,59
Kubernetes---kb_21_Normalized.json,Kubernetes---kb_21_Normalized.json::test_00003,invalid,passed,False,True,correct_reject,9.7e-05,0.000125,9e-05,1.4e-05,89,5
Kubernetes---kb_21_Normalized.json,Kubernetes---kb_21_Normalized.json::test_00004,valid,passed,True,True,correct_accept,9.7e-05,0.008907,0.008572,0.000119,92,92
Kubernetes---kb_21_Normalized.json,Kubernetes---kb_21_Normalized.json::test_00005,invalid,passed,False,True,correct_reject,9.7e-05,0.0068,0.006649,6.3e-05,93,30
Kubernetes---kb_220_Normalized.json,Kubernetes---kb_220_Normalized.json::test_00000,valid,failed,False,True,over_constraint,15.1491,0.000422,0.000354,2.9e-05,65,15
Kubernetes---kb_220_Normalized.json,Kubernetes---kb_220_Normalized.json::test_00001,valid,passed,True,True,correct_accept,15.1491,0.00838,0.007776,0.000266,141,141
Kubernetes---kb_220_Normalized.json,Kubernetes---kb_220_Normalized.json::test_00002,invalid,passed,False,True,correct_reject,15.1491,0.000482,0.000405,3.3e-05,152,15
Kubernetes---kb_221_Normalized.json,Kubernetes---kb_221_Normalized.json::test_00000,valid,failed,False,True,over_constraint,16.9684,0.000468,0.000391,3.2e-05,121,15
Kubernetes---kb_221_Normalized.json,Kubernetes---kb_221_Normalized.json::test_00001,valid,passed,True,True,correct_accept,16.9684,0.008989,0.008456,0.000218,123,123
Kubernetes---kb_222_Normalized.json,Kubernetes---kb_222_Normalized.json::test_00000,valid,failed,False,True,over_constraint,0.000201,0.000642,0.00054,4.8e-05,142,15
Kubernetes---kb_222_Normalized.json,Kubernetes---kb_222_Normalized.json::test_00001,valid,passed,True,True,correct_accept,0.000201,0.01097,0.010374,0.000274,144,144
Kubernetes---kb_223_Normalized.json,Kubernetes---kb_223_Normalized.json::test_00000,valid,passed,True,True,correct_accept,1.24428,0.000223,0.000185,1.5e-05,7,7
Kubernetes---kb_223_Normalized.json,Kubernetes---kb_223_Normalized.json::test_00001,invalid,passed,False,True,correct_reject,1.24428,8e-05,5.2e-05,1e-05,7,4
Kubernetes---kb_224_Normalized.json,Kubernetes---kb_224_Normalized.json::test_00000,valid,passed,True,True,correct_accept,7.3e-05,0.00025,0.000211,1.6e-05,7,7
Kubernetes---kb_224_Normalized.json,Kubernetes---kb_224_Normalized.json::test_00001,invalid,passed,False,True,correct_reject,7.3e-05,7.7e-05,5e-05,9e-06,7,4
Kubernetes---kb_224_Normalized.json,Kubernetes---kb_224_Normalized.json::test_00002,invalid,passed,False,True,correct_reject,7.3e-05,0.000216,0.000182,1.3e-05,8,6
Kubernetes---kb_225_Normalized.json,Kubernetes---kb_225_Normalized.json::test_00000,valid,failed,False,True,over_constraint,98.6872,0.000307,0.000102,0.000172,99,7
Kubernetes---kb_225_Normalized.json,Kubernetes---kb_225_Normalized.json::test_00001,valid,failed,False,True,over_constraint,98.6872,0.000101,6.4e-05,1.1e-05,90,7
Kubernetes---kb_228_Normalized.json,Kubernetes---kb_228_Normalized.json::test_00000,valid,passed,True,True,correct_accept,94.102,0.006968,0.006444,0.000316,84,84
Kubernetes---kb_228_Normalized.json,Kubernetes---kb_228_Normalized.json::test_00001,valid,passed,True,True,correct_accept,94.102,0.008349,0.00779,0.000337,93,93
Kubernetes---kb_229_Normalized.json,Kubernetes---kb_229_Normalized.json::test_00000,valid,passed,True,True,correct_accept,1.46122,0.009411,0.009232,6e-05,50,50
Kubernetes---kb_229_Normalized.json,Kubernetes---kb_229_Normalized.json::test_00001,invalid,passed,False,True,correct_reject,1.46122,0.005295,0.005162,5e-05,47,25
Kubernetes---kb_229_Normalized.json,Kubernetes---kb_229_Normalized.json::test_00002,invalid,passed,False,True,correct_reject,1.46122,0.009546,0.009381,5.7e-05,50,42
Kubernetes---kb_229_Normalized.json,Kubernetes---kb_229_Normalized.json::test_00003,valid,passed,True,True,correct_accept,1.46122,0.009775,0.009602,5.4e-05,49,49
Kubernetes---kb_229_Normalized.json,Kubernetes---kb_229_Normalized.json::test_00004,invalid,passed,False,True,correct_reject,1.46122,0.003633,0.003538,3e-05,46,25
Kubernetes---kb_22_Normalized.json,Kubernetes---kb_22_Normalized.json::test_00000,valid,passed,True,True,correct_accept,2.76867,0.03458,0.033544,0.000398,257,257
Kubernetes---kb_22_Normalized.json,Kubernetes---kb_22_Normalized.json::test_00001,invalid,passed,False,True,correct_reject,2.76867,7.8e-05,5.1e-05,1e-05,256,6
Kubernetes---kb_22_Normalized.json,Kubernetes---kb_22_Normalized.json::test_00002,valid,passed,True,True,correct_accept,2.76867,0.024718,0.023925,0.000227,264,264
Kubernetes---kb_22_Normalized.json,Kubernetes---kb_22_Normalized.json::test_00003,invalid,passed,False,True,correct_reject,2.76867,9.3e-05,6.1e-05,1.2e-05,263,7
Kubernetes---kb_22_Normalized.json,Kubernetes---kb_22_Normalized.json::test_00004,invalid,passed,False,True,correct_reject,2.76867,0.010099,0.009801,7.9e-05,350,103
Kubernetes---kb_230_Normalized.json,Kubernetes---kb_230_Normalized.json::test_00000,valid,passed,True,True,correct_accept,7.1e-05,0.014931,0.014574,0.000155,50,50
Kubernetes---kb_230_Normalized.json,Kubernetes---kb_230_Normalized.json::test_00001,invalid,passed,False,True,correct_reject,7.1e-05,0.003563,0.003474,2.8e-05,47,25
Kubernetes---kb_230_Normalized.json,Kubernetes---kb_230_Normalized.json::test_00002,invalid,passed,False,True,correct_reject,7.1e-05,0.010018,0.009858,5.4e-05,50,43
Kubernetes---kb_230_Normalized.json,Kubernetes---kb_230_Normalized.json::test_00003,invalid,passed,False,True,correct_reject,7.1e-05,0.00899,0.008758,9.5e-05,47,34
Kubernetes---kb_230_Normalized.json,Kubernetes---kb_230_Normalized.json::test_00004,invalid,passed,False,True,correct_reject,7.1e-05,0.000106,7.2e-05,1.2e-05,41,7
Kubernetes---kb_231_Normalized.json,Kubernetes---kb_231_Normalized.json::test_00000,valid,passed,True,True,correct_accept,8.1e-05,0.009333,0.009167,5.5e-05,49,49
Kubernetes---kb_231_Normalized.json,Kubernetes---kb_231_Normalized.json::test_00001,invalid,passed,False,True,correct_reject,8.1e-05,0.003397,0.00331,2.5e-05,46,25
Kubernetes---kb_231_Normalized.json,Kubernetes---kb_231_Normalized.json::test_00002,valid,passed,True,True,correct_accept,8.1e-05,0.009607,0.009436,5.4e-05,50,50
Kubernetes---kb_231_Normalized.json,Kubernetes---kb_231_Normalized.json::test_00003,invalid,passed,False,True,correct_reject,8.1e-05,0.003541,0.003443,3.3e-05,47,25
Kubernetes---kb_232_Normalized.json,Kubernetes---kb_232_Normalized.json::test_00000,valid,passed,True,True,correct_accept,5.3e-05,0.008526,0.008347,5.4e-05,50,50
Kubernetes---kb_232_Normalized.json,Kubernetes---kb_232_Normalized.json::test_00001,invalid,passed,False,True,correct_reject,5.3e-05,0.003144,0.003064,2.3e-05,47,25
Kubernetes---kb_232_Normalized.json,Kubernetes---kb_232_Normalized.json::test_00002,invalid,passed,False,True,correct_reject,5.3e-05,0.008876,0.008727,4.8e-05,50,43
Kubernetes---kb_232_Normalized.json,Kubernetes---kb_232_Normalized.json::test_00003,invalid,passed,False,True,correct_reject,5.3e-05,0.004839,0.004717,5.1e-05,45,24
Kubernetes---kb_237_Normalized.json,Kubernetes---kb_237_Normalized.json::test_00000,valid,passed,True,True,correct_accept,87.0089,0.012937,0.012377,0.000321,101,101
Kubernetes---kb_237_Normalized.json,Kubernetes---kb_237_Normalized.json::test_00001,valid,passed,True,True,correct_accept,87.0089,0.012554,0.012094,0.000195,93,93
Kubernetes---kb_237_Normalized.json,Kubernetes---kb_237_Normalized.json::test_00002,invalid,passed,False,True,correct_reject,87.0089,0.000122,7.4e-05,2.1e-05,98,6
Kubernetes---kb_237_Normalized.json,Kubernetes---kb_237_Normalized.json::test_00003,invalid,passed,False,True,correct_reject,87.0089,0.000124,7.9e-05,2.1e-05,93,6
Kubernetes---kb_237_Normalized.json,Kubernetes---kb_237_Normalized.json::test_00004,invalid,passed,False,True,correct_reject,87.0089,0.00013,8.3e-05,2.2e-05,94,6
Kubernetes---kb_23_Normalized.json,Kubernetes---kb_23_Normalized.json::test_00000,valid,passed,True,True,correct_accept,2.34109,0.023029,0.02226,0.000211,257,257
Kubernetes---kb_23_Normalized.json,Kubernetes---kb_23_Normalized.json::test_00001,invalid,passed,False,True,correct_reject,2.34109,8.4e-05,5.7e-05,9e-06,256,6
Kubernetes---kb_23_Normalized.json,Kubernetes---kb_23_Normalized.json::test_00002,invalid,passed,False,True,correct_reject,2.34109,9.9e-05,6.7e-05,1e-05,104,6
Kubernetes---kb_23_Normalized.json,Kubernetes---kb_23_Normalized.json::test_00003,invalid,passed,False,True,correct_reject,2.34109,0.01409,0.013694,8.8e-05,269,153
Kubernetes---kb_240_Normalized.json,Kubernetes---kb_240_Normalized.json::test_00000,valid,passed,True,True,correct_accept,0.00094,0.009736,0.009417,0.000115,97,97
Kubernetes---kb_240_Normalized.json,Kubernetes---kb_240_Normalized.json::test_00001,valid,passed,True,True,correct_accept,0.00094,0.009441,0.009137,0.000101,95,95
Kubernetes---kb_240_Normalized.json,Kubernetes---kb_240_Normalized.json::test_00002,invalid,passed,False,True,correct_reject,0.00094,7.8e-05,4.7e-05,1.1e-05,94,6
Kubernetes---kb_240_Normalized.json,Kubernetes---kb_240_Normalized.json::test_00003,invalid,passed,False,True,correct_reject,0.00094,8.5e-05,5.3e-05,1.3e-05,95,6
Kubernetes---kb_241_Normalized.json,Kubernetes---kb_241_Normalized.json::test_00000,valid,passed,True,True,correct_accept,3.71489,0.013696,0.013365,7.8e-05,121,121
Kubernetes---kb_241_Normalized.json,Kubernetes---kb_241_Normalized.json::test_00001,invalid,passed,False,True,correct_reject,3.71489,6.6e-05,4.2e-05,1e-05,121,5
Kubernetes---kb_241_Normalized.json,Kubernetes---kb_241_Normalized.json::test_00002,invalid,passed,False,True,correct_reject,3.71489,0.01015,0.009997,4.5e-05,115,49
Kubernetes---kb_241_Normalized.json,Kubernetes---kb_241_Normalized.json::test_00003,invalid,passed,False,True,correct_reject,3.71489,6.9e-05,4.4e-05,1.1e-05,121,5
Kubernetes---kb_241_Normalized.json,Kubernetes---kb_241_Normalized.json::test_00004,invalid,passed,False,True,correct_reject,3.71489,0.011111,0.010899,6.9e-05,115,53
Kubernetes---kb_241_Normalized.json,Kubernetes---kb_241_Normalized.json::test_00005,valid,passed,True,True,correct_accept,3.71489,0.013886,0.013541,8.1e-05,122,122
Kubernetes---kb_241_Normalized.json,Kubernetes---kb_241_Normalized.json::test_00006,invalid,passed,False,True,correct_reject,3.71489,0.015318,0.014976,8.7e-05,122,120
Kubernetes---kb_241_Normalized.json,Kubernetes---kb_241_Normalized.json::test_00007,invalid,passed,False,True,correct_reject,3.71489,6.8e-05,4.2e-05,1.1e-05,115,5
Kubernetes---kb_244_Normalized.json,Kubernetes---kb_244_Normalized.json::test_00000,valid,passed,True,True,correct_accept,8.9e-05,0.02324,0.022719,0.000146,171,171
Kubernetes---kb_244_Normalized.json,Kubernetes---kb_244_Normalized.json::test_00001,invalid,passed,False,True,correct_reject,8.9e-05,9e-05,5.7e-05,1.4e-05,171,5
Kubernetes---kb_244_Normalized.json,Kubernetes---kb_244_Normalized.json::test_00002,invalid,passed,False,True,correct_reject,8.9e-05,0.025387,0.024958,0.000117,214,152
Kubernetes---kb_244_Normalized.json,Kubernetes---kb_244_Normalized.json::test_00003,valid,passed,True,True,correct_accept,8.9e-05,0.012763,0.01246,7e-05,121,121
Kubernetes---kb_244_Normalized.json,Kubernetes---kb_244_Normalized.json::test_00004,invalid,passed,False,True,correct_reject,8.9e-05,6.1e-05,3.9e-05,8e-06,121,5
Kubernetes---kb_244_Normalized.json,Kubernetes---kb_244_Normalized.json::test_00005,invalid,passed,False,True,correct_reject,8.9e-05,0.014703,0.014338,9.6e-05,121,119
Kubernetes---kb_245_Normalized.json,Kubernetes---kb_245_Normalized.json::test_00000,valid,passed,True,True,correct_accept,1.20028,0.00052,0.000443,2.6e-05,19,19
Kubernetes---kb_245_Normalized.json,Kubernetes---kb_245_Normalized.json::test_00001,invalid,passed,False,True,correct_reject,1.20028,0.000107,8e-05,8e-06,17,5
Kubernetes---kb_245_Normalized.json,Kubernetes---kb_245_Normalized.json::test_00002,invalid,passed,False,True,correct_reject,1.20028,0.000277,0.000239,1.2e-05,21,8
Kubernetes---kb_248_Normalized.json,Kubernetes---kb_248_Normalized.json::test_00000,valid,passed,True,True,correct_accept,7.3e-05,0.000476,0.000405,2.3e-05,19,19
Kubernetes---kb_248_Normalized.json,Kubernetes---kb_248_Normalized.json::test_00001,invalid,passed,False,True,correct_reject,7.3e-05,0.000102,7.5e-05,8e-06,17,5
Kubernetes---kb_248_Normalized.json,Kubernetes---kb_248_Normalized.json::test_00002,invalid,passed,False,True,correct_reject,7.3e-05,0.000291,0.000252,1.3e-05,21,8
Kubernetes---kb_249_Normalized.json,Kubernetes---kb_249_Normalized.json::test_00000,valid,failed,False,True,over_constraint,13.2173,0.001782,0.001576,7.3e-05,67,52
Kubernetes---kb_249_Normalized.json,Kubernetes---kb_249_Normalized.json::test_00001,invalid,passed,False,True,correct_reject,13.2173,0.001782,0.001578,7e-05,67,52
Kubernetes---kb_249_Normalized.json,Kubernetes---kb_249_Normalized.json::test_00002,invalid,passed,False,True,correct_reject,13.2173,0.000136,9.3e-05,1.9e-05,66,6
Kubernetes---kb_249_Normalized.json,Kubernetes---kb_249_Normalized.json::test_00003,invalid,passed,False,True,correct_reject,13.2173,0.00177,0.001573,6.8e-05,68,52
Kubernetes---kb_249_Normalized.json,Kubernetes---kb_249_Normalized.json::test_00004,valid,passed,True,True,correct_accept,13.2173,0.002306,0.002031,9.6e-05,74,74
Kubernetes---kb_249_Normalized.json,Kubernetes---kb_249_Normalized.json::test_00005,invalid,passed,False,True,correct_reject,13.2173,0.000108,6.6e-05,1.9e-05,78,5
Kubernetes---kb_249_Normalized.json,Kubernetes---kb_249_Normalized.json::test_00006,invalid,passed,False,True,correct_reject,13.2173,0.000146,9.7e-05,2.5e-05,74,7
Kubernetes---kb_24_Normalized.json,Kubernetes---kb_24_Normalized.json::test_00000,valid,failed,False,True,over_constraint,12.979,0.000147,8.8e-05,1.8e-05,397,14
Kubernetes---kb_24_Normalized.json,Kubernetes---kb_24_Normalized.json::test_00001,invalid,passed,False,True,correct_reject,12.979,0.00011,7.4e-05,1.3e-05,389,6
Kubernetes---kb_24_Normalized.json,Kubernetes---kb_24_Normalized.json::test_00002,invalid,passed,False,True,correct_reject,12.979,0.000163,9.9e-05,2.3e-05,399,14
Kubernetes---kb_24_Normalized.json,Kubernetes---kb_24_Normalized.json::test_00003,invalid,passed,False,True,correct_reject,12.979,0.000164,0.000103,2e-05,398,14
Kubernetes---kb_24_Normalized.json,Kubernetes---kb_24_Normalized.json::test_00004,invalid,passed,False,True,correct_reject,12.979,0.000216,0.000134,3e-05,459,14
Kubernetes---kb_250_Normalized.json,Kubernetes---kb_250_Normalized.json::test_00000,valid,passed,True,True,correct_accept,3.89441,0.00153,0.001322,6.9e-05,58,58
Kubernetes---kb_250_Normalized.json,Kubernetes---kb_250_Normalized.json::test_00001,invalid,passed,False,True,correct_reject,3.89441,0.000707,0.000613,3.2e-05,58,22
Kubernetes---kb_250_Normalized.json,Kubernetes---kb_250_Normalized.json::test_00002,invalid,passed,False,True,correct_reject,3.89441,0.000146,0.00011,1.5e-05,57,6
Kubernetes---kb_250_Normalized.json,Kubernetes---kb_250_Normalized.json::test_00003,invalid,passed,False,True,correct_reject,3.89441,0.000652,0.000567,2.8e-05,59,22
Kubernetes---kb_250_Normalized.json,Kubernetes---kb_250_Normalized.json::test_00004,invalid,passed,False,True,correct_reject,3.89441,0.001094,0.000919,7e-05,60,42
Kubernetes---kb_250_Normalized.json,Kubernetes---kb_250_Normalized.json::test_00005,valid,passed,True,True,correct_accept,3.89441,0.001756,0.001533,7.4e-05,60,60
Kubernetes---kb_250_Normalized.json,Kubernetes---kb_250_Normalized.json::test_00006,invalid,passed,False,True,correct_reject,3.89441,0.000649,0.000544,3.1e-05,60,25
Kubernetes---kb_250_Normalized.json,Kubernetes---kb_250_Normalized.json::test_00007,invalid,passed,False,True,correct_reject,3.89441,0.000619,0.000518,3.4e-05,64,25
Kubernetes---kb_251_Normalized.json,Kubernetes---kb_251_Normalized.json::test_00000,valid,failed,False,True,over_constraint,96.8871,0.000357,0.000118,0.000203,89,7
Kubernetes---kb_251_Normalized.json,Kubernetes---kb_251_Normalized.json::test_00001,valid,failed,False,True,over_constraint,96.8871,0.000315,8.8e-05,0.000199,102,7
Kubernetes---kb_255_Normalized.json,Kubernetes---kb_255_Normalized.json::test_00000,valid,passed,True,True,correct_accept,97.4471,0.011671,0.011012,0.000404,102,102
Kubernetes---kb_256_Normalized.json,Kubernetes---kb_256_Normalized.json::test_00000,valid,passed,True,True,correct_accept,1.92704,0.016809,0.016506,0.000116,70,70
Kubernetes---kb_256_Normalized.json,Kubernetes---kb_256_Normalized.json::test_00001,invalid,passed,False,True,correct_reject,1.92704,0.008843,0.008653,6.6e-05,68,44
Kubernetes---kb_256_Normalized.json,Kubernetes---kb_256_Normalized.json::test_00002,valid,passed,True,True,correct_accept,1.92704,0.016877,0.016562,0.000125,69,69
Kubernetes---kb_256_Normalized.json,Kubernetes---kb_256_Normalized.json::test_00003,invalid,passed,False,True,correct_reject,1.92704,7.7e-05,5.4e-05,9e-06,69,2
Kubernetes---kb_257_Normalized.json,Kubernetes---kb_257_Normalized.json::test_00000,valid,passed,True,True,correct_accept,8.9e-05,0.01566,0.015378,0.000106,70,70
Kubernetes---kb_257_Normalized.json,Kubernetes---kb_257_Normalized.json::test_00001,invalid,passed,False,True,correct_reject,8.9e-05,0.013348,0.013072,0.000114,67,44
Kubernetes---kb_257_Normalized.json,Kubernetes---kb_257_Normalized.json::test_00002,invalid,passed,False,True,correct_reject,8.9e-05,0.015767,0.015501,0.000102,70,63
Kubernetes---kb_257_Normalized.json,Kubernetes---kb_257_Normalized.json::test_00003,valid,passed,True,True,correct_accept,8.9e-05,0.016627,0.016312,0.000123,72,72
Kubernetes---kb_258_Normalized.json,Kubernetes---kb_258_Normalized.json::test_00000,valid,passed,True,True,correct_accept,8.6e-05,0.016077,0.015787,0.00011,72,72
Kubernetes---kb_258_Normalized.json,Kubernetes---kb_258_Normalized.json::test_00001,invalid,passed,False,True,correct_reject,8.6e-05,0.008275,0.008099,6.1e-05,67,44
Kubernetes---kb_258_Normalized.json,Kubernetes---kb_258_Normalized.json::test_00002,valid,passed,True,True,correct_accept,8.6e-05,0.016714,0.016412,0.000117,70,70
Kubernetes---kb_258_Normalized.json,Kubernetes---kb_258_Normalized.json::test_00003,invalid,passed,False,True,correct_reject,8.6e-05,0.015041,0.014773,0.000102,70,62
Kubernetes---kb_258_Normalized.json,Kubernetes---kb_258_Normalized.json::test_00004,invalid,passed,False,True,correct_reject,8.6e-05,0.01518,0.01492,9.5e-05,70,62
Kubernetes---kb_259_Normalized.json,Kubernetes---kb_259_Normalized.json::test_00000,valid,passed,True,True,correct_accept,8.9e-05,0.01697,0.016664,0.000121,70,70
Kubernetes---kb_259_Normalized.json,Kubernetes---kb_259_Normalized.json::test_00001,invalid,passed,False,True,correct_reject,8.9e-05,0.009195,0.008968,8.4e-05,67,44
Kubernetes---kb_259_Normalized.json,Kubernetes---kb_259_Normalized.json::test_00002,invalid,passed,False,True,correct_reject,8.9e-05,0.016195,0.015879,0.000124,70,63
Kubernetes---kb_259_Normalized.json,Kubernetes---kb_259_Normalized.json::test_00003,valid,passed,True,True,correct_accept,8.9e-05,0.016974,0.01664,0.000125,69,69
Kubernetes---kb_259_Normalized.json,Kubernetes---kb_259_Normalized.json::test_00004,invalid,passed,False,True,correct_reject,8.9e-05,7.9e-05,5.5e-05,1e-05,68,2
Kubernetes---kb_259_Normalized.json,Kubernetes---kb_259_Normalized.json::test_00005,invalid,passed,False,True,correct_reject,8.9e-05,8e-05,5.6e-05,9e-06,58,2
Kubernetes---kb_25_Normalized.json,Kubernetes---kb_25_Normalized.json::test_00000,valid,failed,False,True,over_constraint,12.4755,0.000135,8.4e-05,1.6e-05,462,14
Kubernetes---kb_25_Normalized.json,Kubernetes---kb_25_Normalized.json::test_00001,invalid,passed,False,True,correct_reject,12.4755,8.4e-05,5.5e-05,9e-06,451,6
Kubernetes---kb_25_Normalized.json,Kubernetes---kb_25_Normalized.json::test_00002,invalid,passed,False,True,correct_reject,12.4755,0.000128,8e-05,1.4e-05,460,14
Kubernetes---kb_25_Normalized.json,Kubernetes---kb_25_Normalized.json::test_00003,invalid,passed,False,True,correct_reject,12.4755,8.9e-05,5.8e-05,1e-05,451,6
Kubernetes---kb_25_Normalized.json,Kubernetes---kb_25_Normalized.json::test_00004,invalid,passed,False,True,correct_reject,12.4755,0.000133,8.4e-05,1.5e-05,468,14
Kubernetes---kb_25_Normalized.json,Kubernetes---kb_25_Normalized.json::test_00005,invalid,passed,False,True,correct_reject,12.4755,0.000128,8e-05,1.4e-05,559,14
Kubernetes---kb_25_Normalized.json,Kubernetes---kb_25_Normalized.json::test_00006,invalid,passed,False,True,correct_reject,12.4755,0.000127,7.8e-05,1.5e-05,463,14
Kubernetes---kb_260_Normalized.json,Kubernetes---kb_260_Normalized.json::test_00000,valid,passed,True,True,correct_accept,6.7e-05,0.018081,0.017732,0.000145,72,72
Kubernetes---kb_260_Normalized.json,Kubernetes---kb_260_Normalized.json::test_00001,invalid,passed,False,True,correct_reject,6.7e-05,0.008621,0.008355,0.000104,67,44
Kubernetes---kb_260_Normalized.json,Kubernetes---kb_260_Normalized.json::test_00002,invalid,passed,False,True,correct_reject,6.7e-05,0.017828,0.017364,0.000207,72,65
Kubernetes---kb_260_Normalized.json,Kubernetes---kb_260_Normalized.json::test_00003,valid,passed,True,True,correct_accept,6.7e-05,0.015728,0.01529,0.000186,69,69
Kubernetes---kb_260_Normalized.json,Kubernetes---kb_260_Normalized.json::test_00004,invalid,passed,False,True,correct_reject,6.7e-05,7.6e-05,5.2e-05,1.1e-05,69,2
Kubernetes---kb_260_Normalized.json,Kubernetes---kb_260_Normalized.json::test_00005,invalid,passed,False,True,correct_reject,6.7e-05,7.6e-05,5.1e-05,1e-05,57,2
Kubernetes---kb_269_Normalized.json,Kubernetes---kb_269_Normalized.json::test_00000,valid,passed,True,True,correct_accept,79.6586,0.019394,0.018915,0.000182,132,132
Kubernetes---kb_269_Normalized.json,Kubernetes---kb_269_Normalized.json::test_00001,valid,passed,True,True,correct_accept,79.6586,0.025243,0.024618,0.000283,129,129
Kubernetes---kb_269_Normalized.json,Kubernetes---kb_269_Normalized.json::test_00002,invalid,passed,False,True,correct_reject,79.6586,0.000138,8.5e-05,2.6e-05,129,6
Kubernetes---kb_26_Normalized.json,Kubernetes---kb_26_Normalized.json::test_00000,valid,failed,False,True,over_constraint,10.7843,0.00428,0.004,7.1e-05,700,99
Kubernetes---kb_26_Normalized.json,Kubernetes---kb_26_Normalized.json::test_00001,invalid,passed,False,True,correct_reject,10.7843,0.000109,8.3e-05,9e-06,689,6
Kubernetes---kb_26_Normalized.json,Kubernetes---kb_26_Normalized.json::test_00002,invalid,passed,False,True,correct_reject,10.7843,0.004168,0.003902,6.7e-05,707,99
Kubernetes---kb_26_Normalized.json,Kubernetes---kb_26_Normalized.json::test_00003,invalid,passed,False,True,correct_reject,10.7843,0.004257,0.003986,7.3e-05,709,99
Kubernetes---kb_26_Normalized.json,Kubernetes---kb_26_Normalized.json::test_00004,invalid,passed,False,True,correct_reject,10.7843,0.000108,8.2e-05,1e-05,691,6
Kubernetes---kb_26_Normalized.json,Kubernetes---kb_26_Normalized.json::test_00005,invalid,passed,False,True,correct_reject,10.7843,0.004258,0.003979,7.6e-05,708,99
Kubernetes---kb_26_Normalized.json,Kubernetes---kb_26_Normalized.json::test_00006,invalid,passed,False,True,correct_reject,10.7843,0.004236,0.003957,7.3e-05,645,99
Kubernetes---kb_273_Normalized.json,Kubernetes---kb_273_Normalized.json::test_00000,valid,passed,True,True,correct_accept,0.001016,0.019166,0.018734,0.000165,130,130
Kubernetes---kb_273_Normalized.json,Kubernetes---kb_273_Normalized.json::test_00001,valid,passed,True,True,correct_accept,0.001016,0.019784,0.019138,0.000264,134,134
Kubernetes---kb_274_Normalized.json,Kubernetes---kb_274_Normalized.json::test_00000,valid,passed,True,True,correct_accept,3.52811,0.020127,0.019598,0.000122,209,209
Kubernetes---kb_274_Normalized.json,Kubernetes---kb_274_Normalized.json::test_00001,invalid,passed,False,True,correct_reject,3.52811,9.5e-05,6.2e-05,1.4e-05,209,6
Kubernetes---kb_274_Normalized.json,Kubernetes---kb_274_Normalized.json::test_00002,invalid,passed,False,True,correct_reject,3.52811,7e-05,4.7e-05,1e-05,209,6
Kubernetes---kb_274_Normalized.json,Kubernetes---kb_274_Normalized.json::test_00003,invalid,passed,False,True,correct_reject,3.52811,0.026698,0.025982,0.000266,202,161
Kubernetes---kb_274_Normalized.json,Kubernetes---kb_274_Normalized.json::test_00004,invalid,passed,False,True,correct_reject,3.52811,0.033177,0.032272,0.000305,288,247
Kubernetes---kb_274_Normalized.json,Kubernetes---kb_274_Normalized.json::test_00005,valid,passed,True,True,correct_accept,3.52811,0.017847,0.017378,8.6e-05,211,211
Kubernetes---kb_274_Normalized.json,Kubernetes---kb_274_Normalized.json::test_00006,invalid,passed,False,True,correct_reject,3.52811,9.2e-05,5.9e-05,1.4e-05,210,6
Kubernetes---kb_274_Normalized.json,Kubernetes---kb_274_Normalized.json::test_00007,invalid,passed,False,True,correct_reject,3.52811,0.000273,0.000211,2.5e-05,212,13
Kubernetes---kb_274_Normalized.json,Kubernetes---kb_274_Normalized.json::test_00008,invalid,passed,False,True,correct_reject,3.52811,0.019922,0.019445,0.000129,209,168
Kubernetes---kb_278_Normalized.json,Kubernetes---kb_278_Normalized.json::test_00000,valid,passed,True,True,correct_accept,7.4e-05,0.033785,0.033041,0.000279,209,209
Kubernetes---kb_278_Normalized.json,Kubernetes---kb_278_Normalized.json::test_00001,invalid,passed,False,True,correct_reject,7.4e-05,7.1e-05,4.9e-05,9e-06,209,6
Kubernetes---kb_278_Normalized.json,Kubernetes---kb_278_Normalized.json::test_00002,invalid,passed,False,True,correct_reject,7.4e-05,8.7e-05,5.7e-05,1.3e-05,209,6
Kubernetes---kb_278_Normalized.json,Kubernetes---kb_278_Normalized.json::test_00003,invalid,passed,False,True,correct_reject,7.4e-05,0.03916,0.038388,0.000243,283,242
Kubernetes---kb_278_Normalized.json,Kubernetes---kb_278_Normalized.json::test_00004,valid,passed,True,True,correct_accept,7.4e-05,0.03548,0.034622,0.000335,207,207
Kubernetes---kb_278_Normalized.json,Kubernetes---kb_278_Normalized.json::test_00005,invalid,passed,False,True,correct_reject,7.4e-05,0.0002,0.000165,1.5e-05,78,8
Kubernetes---kb_278_Normalized.json,Kubernetes---kb_278_Normalized.json::test_00006,invalid,passed,False,True,correct_reject,7.4e-05,7.5e-05,4.7e-05,1e-05,207,6
Kubernetes---kb_279_Normalized.json,Kubernetes---kb_279_Normalized.json::test_00000,valid,passed,True,True,correct_accept,1.31258,0.000477,0.000408,1.6e-05,27,27
Kubernetes---kb_279_Normalized.json,Kubernetes---kb_279_Normalized.json::test_00001,invalid,passed,False,True,correct_reject,1.31258,0.000128,9.4e-05,1.3e-05,25,5
Kubernetes---kb_279_Normalized.json,Kubernetes---kb_279_Normalized.json::test_00002,invalid,passed,False,True,correct_reject,1.31258,0.000371,0.000327,1.7e-05,29,8
Kubernetes---kb_27_Normalized.json,Kubernetes---kb_27_Normalized.json::test_00000,valid,passed,True,True,correct_accept,1.08564,0.00716,0.006997,5e-05,49,49
Kubernetes---kb_27_Normalized.json,Kubernetes---kb_27_Normalized.json::test_00001,invalid,passed,False,True,correct_reject,1.08564,0.00261,0.002524,2.5e-05,46,25
Kubernetes---kb_27_Normalized.json,Kubernetes---kb_27_Normalized.json::test_00002,valid,passed,True,True,correct_accept,1.08564,0.006959,0.006829,3.2e-05,49,49
Kubernetes---kb_27_Normalized.json,Kubernetes---kb_27_Normalized.json::test_00003,invalid,passed,False,True,correct_reject,1.08564,5e-05,3.5e-05,6e-06,49,2
Kubernetes---kb_283_Normalized.json,Kubernetes---kb_283_Normalized.json::test_00000,valid,passed,True,True,correct_accept,5.7e-05,0.000469,0.000399,1.8e-05,27,27
Kubernetes---kb_283_Normalized.json,Kubernetes---kb_283_Normalized.json::test_00001,invalid,passed,False,True,correct_reject,5.7e-05,6.8e-05,5e-05,6e-06,31,4
Kubernetes---kb_283_Normalized.json,Kubernetes---kb_283_Normalized.json::test_00002,invalid,passed,False,True,correct_reject,5.7e-05,0.000231,0.0002,1.2e-05,29,8
Kubernetes---kb_284_Normalized.json,Kubernetes---kb_284_Normalized.json::test_00000,valid,passed,True,True,correct_accept,1.59282,0.018802,0.018512,7.1e-05,104,104
Kubernetes---kb_284_Normalized.json,Kubernetes---kb_284_Normalized.json::test_00001,valid,passed,True,True,correct_accept,1.59282,0.015085,0.014841,5.6e-05,103,103
Kubernetes---kb_284_Normalized.json,Kubernetes---kb_284_Normalized.json::test_00002,invalid,passed,False,True,correct_reject,1.59282,5.6e-05,3.8e-05,7e-06,6,4
Kubernetes---kb_285_Normalized.json,Kubernetes---kb_285_Normalized.json::test_00000,valid,passed,True,True,correct_accept,6.2e-05,0.024796,0.024294,0.0002,106,106
Kubernetes---kb_285_Normalized.json,Kubernetes---kb_285_Normalized.json::test_00001,valid,passed,True,True,correct_accept,6.2e-05,0.017264,0.016923,0.00011,105,105
Kubernetes---kb_285_Normalized.json,Kubernetes---kb_285_Normalized.json::test_00002,invalid,passed,False,True,correct_reject,6.2e-05,6.4e-05,4.6e-05,5e-06,6,5
Kubernetes---kb_286_Normalized.json,Kubernetes---kb_286_Normalized.json::test_00000,valid,passed,True,True,correct_accept,1.55514,0.012584,0.01237,6.7e-05,62,62
Kubernetes---kb_286_Normalized.json,Kubernetes---kb_286_Normalized.json::test_00001,invalid,passed,False,True,correct_reject,1.55514,0.007697,0.007565,5.5e-05,67,24
Kubernetes---kb_286_Normalized.json,Kubernetes---kb_286_Normalized.json::test_00002,invalid,passed,False,True,correct_reject,1.55514,0.00969,0.009538,4.3e-05,60,52
Kubernetes---kb_286_Normalized.json,Kubernetes---kb_286_Normalized.json::test_00003,invalid,passed,False,True,correct_reject,1.55514,0.002902,0.002801,3.9e-05,60,17
Kubernetes---kb_287_Normalized.json,Kubernetes---kb_287_Normalized.json::test_00000,valid,passed,True,True,correct_accept,6.6e-05,0.010904,0.010724,5.6e-05,62,62
Kubernetes---kb_287_Normalized.json,Kubernetes---kb_287_Normalized.json::test_00001,valid,passed,True,True,correct_accept,6.6e-05,0.013285,0.013066,7e-05,61,61
Kubernetes---kb_287_Normalized.json,Kubernetes---kb_287_Normalized.json::test_00002,invalid,passed,False,True,correct_reject,6.6e-05,0.005237,0.005115,4.5e-05,59,24
Kubernetes---kb_288_Normalized.json,Kubernetes---kb_288_Normalized.json::test_00000,valid,passed,True,True,correct_accept,1.85186,0.010772,0.010572,4.5e-05,78,78
Kubernetes---kb_288_Normalized.json,Kubernetes---kb_288_Normalized.json::test_00001,valid,passed,True,True,correct_accept,1.85186,0.01591,0.015636,6.3e-05,107,107
Kubernetes---kb_288_Normalized.json,Kubernetes---kb_288_Normalized.json::test_00002,invalid,passed,False,True,correct_reject,1.85186,0.017955,0.017609,9.1e-05,111,108
Kubernetes---kb_288_Normalized.json,Kubernetes---kb_288_Normalized.json::test_00003,invalid,passed,False,True,correct_reject,1.85186,0.007599,0.00745,4.2e-05,109,45
Kubernetes---kb_289_Normalized.json,Kubernetes---kb_289_Normalized.json::test_00000,valid,passed,True,True,correct_accept,7.9e-05,0.017503,0.017176,8.6e-05,105,105
Kubernetes---kb_289_Normalized.json,Kubernetes---kb_289_Normalized.json::test_00001,valid,passed,True,True,correct_accept,7.9e-05,0.018227,0.017909,8.3e-05,106,106
Kubernetes---kb_289_Normalized.json,Kubernetes---kb_289_Normalized.json::test_00002,invalid,passed,False,True,correct_reject,7.9e-05,9.1e-05,6e-05,1.4e-05,106,5
Kubernetes---kb_289_Normalized.json,Kubernetes---kb_289_Normalized.json::test_00003,invalid,passed,False,True,correct_reject,7.9e-05,9.3e-05,6e-05,1.4e-05,109,5
Kubernetes---kb_289_Normalized.json,Kubernetes---kb_289_Normalized.json::test_00004,invalid,passed,False,True,correct_reject,7.9e-05,0.007563,0.007424,3.4e-05,104,45
Kubernetes---kb_28_Normalized.json,Kubernetes---kb_28_Normalized.json::test_00000,valid,passed,True,True,correct_accept,5.9e-05,0.009844,0.009671,5.6e-05,47,47
Kubernetes---kb_28_Normalized.json,Kubernetes---kb_28_Normalized.json::test_00001,invalid,passed,False,True,correct_reject,5.9e-05,0.003314,0.003231,2.5e-05,44,25
Kubernetes---kb_28_Normalized.json,Kubernetes---kb_28_Normalized.json::test_00002,valid,passed,True,True,correct_accept,5.9e-05,0.010466,0.010276,6.3e-05,47,47
Kubernetes---kb_28_Normalized.json,Kubernetes---kb_28_Normalized.json::test_00003,invalid,passed,False,True,correct_reject,5.9e-05,7.1e-05,5e-05,9e-06,47,2
Kubernetes---kb_290_Normalized.json,Kubernetes---kb_290_Normalized.json::test_00000,valid,passed,True,True,correct_accept,1.07962,0.000362,0.000311,1.5e-05,14,14
Kubernetes---kb_290_Normalized.json,Kubernetes---kb_290_Normalized.json::test_00001,invalid,passed,False,True,correct_reject,1.07962,8.2e-05,6e-05,8e-06,13,4
Kubernetes---kb_290_Normalized.json,Kubernetes---kb_290_Normalized.json::test_00002,invalid,passed,False,True,correct_reject,1.07962,8.3e-05,6e-05,8e-06,13,4
Kubernetes---kb_291_Normalized.json,Kubernetes---kb_291_Normalized.json::test_00000,valid,passed,True,True,correct_accept,5.9e-05,0.000383,0.000332,1.7e-05,14,14
Kubernetes---kb_291_Normalized.json,Kubernetes---kb_291_Normalized.json::test_00001,invalid,passed,False,True,correct_reject,5.9e-05,8.2e-05,6.1e-05,8e-06,13,4
Kubernetes---kb_293_Normalized.json,Kubernetes---kb_293_Normalized.json::test_00000,valid,passed,True,True,correct_accept,2.7018,0.00567,0.005219,0.000131,139,139
Kubernetes---kb_293_Normalized.json,Kubernetes---kb_293_Normalized.json::test_00001,invalid,passed,False,True,correct_reject,2.7018,0.000563,0.000506,1.9e-05,134,14
Kubernetes---kb_293_Normalized.json,Kubernetes---kb_293_Normalized.json::test_00002,invalid,passed,False,True,correct_reject,2.7018,0.000583,0.000525,2.1e-05,143,14
Kubernetes---kb_293_Normalized.json,Kubernetes---kb_293_Normalized.json::test_00003,invalid,passed,False,True,correct_reject,2.7018,0.00011,7.9e-05,1.3e-05,134,5
Kubernetes---kb_293_Normalized.json,Kubernetes---kb_293_Normalized.json::test_00004,valid,passed,True,True,correct_accept,2.7018,0.004197,0.00382,0.000112,127,127
Kubernetes---kb_293_Normalized.json,Kubernetes---kb_293_Normalized.json::test_00005,invalid,passed,False,True,correct_reject,2.7018,0.000575,0.000517,2.2e-05,121,14
Kubernetes---kb_294_Normalized.json,Kubernetes---kb_294_Normalized.json::test_00000,valid,passed,True,True,correct_accept,0.000116,0.004085,0.003715,0.000106,127,127
Kubernetes---kb_294_Normalized.json,Kubernetes---kb_294_Normalized.json::test_00001,invalid,passed,False,True,correct_reject,0.000116,0.000994,0.000913,2.4e-05,131,23
Kubernetes---kb_294_Normalized.json,Kubernetes---kb_294_Normalized.json::test_00002,invalid,passed,False,True,correct_reject,0.000116,0.000697,0.00063,2.7e-05,131,14
Kubernetes---kb_294_Normalized.json,Kubernetes---kb_294_Normalized.json::test_00003,invalid,passed,False,True,correct_reject,0.000116,0.004645,0.004227,0.000129,134,133
Kubernetes---kb_294_Normalized.json,Kubernetes---kb_294_Normalized.json::test_00004,invalid,passed,False,True,correct_reject,0.000116,0.000567,0.000509,2e-05,122,14
Kubernetes---kb_294_Normalized.json,Kubernetes---kb_294_Normalized.json::test_00005,valid,passed,True,True,correct_accept,0.000116,0.004047,0.003678,0.000109,126,126
Kubernetes---kb_295_Normalized.json,Kubernetes---kb_295_Normalized.json::test_00000,valid,passed,True,True,correct_accept,2.67612,0.007568,0.007212,0.000122,99,99
Kubernetes---kb_295_Normalized.json,Kubernetes---kb_295_Normalized.json::test_00001,invalid,passed,False,True,correct_reject,2.67612,9.9e-05,6.9e-05,1.2e-05,98,5
Kubernetes---kb_295_Normalized.json,Kubernetes---kb_295_Normalized.json::test_00002,invalid,passed,False,True,correct_reject,2.67612,0.004622,0.004536,3.8e-05,87,9
Kubernetes---kb_295_Normalized.json,Kubernetes---kb_295_Normalized.json::test_00003,valid,passed,True,True,correct_accept,2.67612,0.009669,0.009179,0.000184,94,94
Kubernetes---kb_295_Normalized.json,Kubernetes---kb_295_Normalized.json::test_00004,invalid,passed,False,True,correct_reject,2.67612,9.4e-05,6.1e-05,1.4e-05,92,4
Kubernetes---kb_296_Normalized.json,Kubernetes---kb_296_Normalized.json::test_00000,valid,passed,True,True,correct_accept,0.000102,0.008088,0.007711,0.000134,100,100
Kubernetes---kb_296_Normalized.json,Kubernetes---kb_296_Normalized.json::test_00001,invalid,passed,False,True,correct_reject,0.000102,0.0001,6.6e-05,1.5e-05,98,4
Kubernetes---kb_296_Normalized.json,Kubernetes---kb_296_Normalized.json::test_00002,invalid,passed,False,True,correct_reject,0.000102,0.003799,0.003731,3.2e-05,88,9
Kubernetes---kb_296_Normalized.json,Kubernetes---kb_296_Normalized.json::test_00003,invalid,passed,False,True,correct_reject,0.000102,0.000112,7.7e-05,1.4e-05,99,5
Kubernetes---kb_296_Normalized.json,Kubernetes---kb_296_Normalized.json::test_00004,valid,passed,True,True,correct_accept,0.000102,0.006429,0.006105,0.000103,94,94
Kubernetes---kb_296_Normalized.json,Kubernetes---kb_296_Normalized.json::test_00005,invalid,passed,False,True,correct_reject,0.000102,9.9e-05,6.7e-05,1.2e-05,93,5
Kubernetes---kb_297_Normalized.json,Kubernetes---kb_297_Normalized.json::test_00000,valid,passed,True,True,correct_accept,1.06964,9.1e-05,5.9e-05,1.3e-05,5,5
Kubernetes---kb_297_Normalized.json,Kubernetes---kb_297_Normalized.json::test_00001,invalid,passed,False,True,correct_reject,1.06964,7.9e-05,5.3e-05,9e-06,6,4
Kubernetes---kb_297_Normalized.json,Kubernetes---kb_297_Normalized.json::test_00002,invalid,passed,False,True,correct_reject,1.06964,9.1e-05,6.1e-05,1e-05,6,5
Kubernetes---kb_298_Normalized.json,Kubernetes---kb_298_Normalized.json::test_00000,valid,passed,True,True,correct_accept,5.4e-05,8.8e-05,5.8e-05,1.1e-05,5,5
Kubernetes---kb_298_Normalized.json,Kubernetes---kb_298_Normalized.json::test_00001,invalid,passed,False,True,correct_reject,5.4e-05,7.7e-05,5.1e-05,8e-06,6,4
Kubernetes---kb_298_Normalized.json,Kubernetes---kb_298_Normalized.json::test_00002,invalid,passed,False,True,correct_reject,5.4e-05,8.5e-05,5.6e-05,7e-06,6,5
Kubernetes---kb_299_Normalized.json,Kubernetes---kb_299_Normalized.json::test_00000,valid,passed,True,True,correct_accept,6.7e-05,8.9e-05,5.6e-05,1.4e-05,5,5
Kubernetes---kb_299_Normalized.json,Kubernetes---kb_299_Normalized.json::test_00001,invalid,passed,False,True,correct_reject,6.7e-05,7.2e-05,5e-05,8e-06,6,4
Kubernetes---kb_299_Normalized.json,Kubernetes---kb_299_Normalized.json::test_00002,invalid,passed,False,True,correct_reject,6.7e-05,0.000109,7.3e-05,1.4e-05,6,5
Kubernetes---kb_299_Normalized.json,Kubernetes---kb_299_Normalized.json::test_00003,invalid,passed,False,True,correct_reject,6.7e-05,7.1e-05,4.8e-05,8e-06,5,4
Kubernetes---kb_29_Normalized.json,Kubernetes---kb_29_Normalized.json::test_00000,valid,passed,True,True,correct_accept,9.1e-05,0.009429,0.009257,5.9e-05,47,47
Kubernetes---kb_29_Normalized.json,Kubernetes---kb_29_Normalized.json::test_00001,invalid,passed,False,True,correct_reject,9.1e-05,0.004637,0.004478,6.7e-05,44,25
Kubernetes---kb_29_Normalized.json,Kubernetes---kb_29_Normalized.json::test_00002,invalid,passed,False,True,correct_reject,9.1e-05,0.011603,0.011342,0.000117,47,40
Kubernetes---kb_29_Normalized.json,Kubernetes---kb_29_Normalized.json::test_00003,valid,passed,True,True,correct_accept,9.1e-05,0.012862,0.01251,0.000159,47,47
Kubernetes---kb_29_Normalized.json,Kubernetes---kb_29_Normalized.json::test_00004,invalid,passed,False,True,correct_reject,9.1e-05,0.004752,0.00458,7.3e-05,45,25
Kubernetes---kb_2_Normalized.json,Kubernetes---kb_2_Normalized.json::test_00000,valid,passed,True,True,correct_accept,2.16133,0.001433,0.001255,5.4e-05,64,64
Kubernetes---kb_2_Normalized.json,Kubernetes---kb_2_Normalized.json::test_00001,invalid,passed,False,True,correct_reject,2.16133,0.000501,0.000427,2.7e-05,23,21
Kubernetes---kb_2_Normalized.json,Kubernetes---kb_2_Normalized.json::test_00002,invalid,passed,False,True,correct_reject,2.16133,9.2e-05,6e-05,1.3e-05,8,6
Kubernetes---kb_2_Normalized.json,Kubernetes---kb_2_Normalized.json::test_00003,invalid,passed,False,True,correct_reject,2.16133,0.000521,0.000446,2.6e-05,70,21
Kubernetes---kb_2_Normalized.json,Kubernetes---kb_2_Normalized.json::test_00004,invalid,passed,False,True,correct_reject,2.16133,0.000681,0.000597,2.7e-05,69,27
Kubernetes---kb_2_Normalized.json,Kubernetes---kb_2_Normalized.json::test_00005,invalid,passed,False,True,correct_reject,2.16133,0.000999,0.000867,5.8e-05,63,21
Kubernetes---kb_2_Normalized.json,Kubernetes---kb_2_Normalized.json::test_00006,valid,passed,True,True,correct_accept,2.16133,0.002988,0.002631,0.000107,109,109
Kubernetes---kb_2_Normalized.json,Kubernetes---kb_2_Normalized.json::test_00007,invalid,passed,False,True,correct_reject,2.16133,9.7e-05,6.4e-05,1.2e-05,8,7
Kubernetes---kb_2_Normalized.json,Kubernetes---kb_2_Normalized.json::test_00008,invalid,passed,False,True,correct_reject,2.16133,0.000722,0.000631,3e-05,115,28
Kubernetes---kb_300_Normalized.json,Kubernetes---kb_300_Normalized.json::test_00000,valid,passed,True,True,correct_accept,1.46744,0.000487,0.000424,2e-05,18,18
Kubernetes---kb_300_Normalized.json,Kubernetes---kb_300_Normalized.json::test_00001,invalid,passed,False,True,correct_reject,1.46744,0.00011,8.2e-05,9e-06,18,5
Kubernetes---kb_300_Normalized.json,Kubernetes---kb_300_Normalized.json::test_00002,invalid,passed,False,True,correct_reject,1.46744,0.000117,8.5e-05,1.1e-05,17,4
Kubernetes---kb_301_Normalized.json,Kubernetes---kb_301_Normalized.json::test_00000,valid,passed,True,True,correct_accept,1.65481,0.000855,0.000734,4.9e-05,26,26
Kubernetes---kb_301_Normalized.json,Kubernetes---kb_301_Normalized.json::test_00001,invalid,passed,False,True,correct_reject,1.65481,0.000138,9.9e-05,1.5e-05,25,5
Kubernetes---kb_301_Normalized.json,Kubernetes---kb_301_Normalized.json::test_00002,valid,passed,True,True,correct_accept,1.65481,0.00075,0.000658,3e-05,27,27
Kubernetes---kb_301_Normalized.json,Kubernetes---kb_301_Normalized.json::test_00003,invalid,passed,False,True,correct_reject,1.65481,0.000773,0.000671,3.4e-05,28,26
Kubernetes---kb_302_Normalized.json,Kubernetes---kb_302_Normalized.json::test_00000,valid,passed,True,True,correct_accept,1.52382,0.006179,0.00607,3.8e-05,26,26
Kubernetes---kb_302_Normalized.json,Kubernetes---kb_302_Normalized.json::test_00001,invalid,passed,False,True,correct_reject,1.52382,0.000139,9.5e-05,1.8e-05,26,6
Kubernetes---kb_302_Normalized.json,Kubernetes---kb_302_Normalized.json::test_00002,invalid,passed,False,True,correct_reject,1.52382,0.00598,0.005897,3e-05,27,18
Kubernetes---kb_302_Normalized.json,Kubernetes---kb_302_Normalized.json::test_00003,invalid,passed,False,True,correct_reject,1.52382,0.000109,7e-05,1.7e-05,25,5
Kubernetes---kb_303_Normalized.json,Kubernetes---kb_303_Normalized.json::test_00000,valid,passed,True,True,correct_accept,7.9e-05,0.001049,0.000918,5.2e-05,26,26
Kubernetes---kb_303_Normalized.json,Kubernetes---kb_303_Normalized.json::test_00001,invalid,passed,False,True,correct_reject,7.9e-05,0.000126,9.1e-05,1.5e-05,25,5
Kubernetes---kb_303_Normalized.json,Kubernetes---kb_303_Normalized.json::test_00002,invalid,passed,False,True,correct_reject,7.9e-05,0.000845,0.000739,3.8e-05,25,24
Kubernetes---kb_304_Normalized.json,Kubernetes---kb_304_Normalized.json::test_00000,valid,failed,False,True,over_constraint,11.8302,0.000924,0.000809,4.2e-05,205,33
Kubernetes---kb_304_Normalized.json,Kubernetes---kb_304_Normalized.json::test_00001,invalid,passed,False,True,correct_reject,11.8302,0.001479,0.00128,8.9e-05,193,33
Kubernetes---kb_304_Normalized.json,Kubernetes---kb_304_Normalized.json::test_00002,invalid,passed,False,True,correct_reject,11.8302,0.017424,0.016763,0.00021,206,203
Kubernetes---kb_304_Normalized.json,Kubernetes---kb_304_Normalized.json::test_00003,valid,passed,True,True,correct_accept,11.8302,0.019632,0.01867,0.000407,173,173
Kubernetes---kb_304_Normalized.json,Kubernetes---kb_304_Normalized.json::test_00004,invalid,passed,False,True,correct_reject,11.8302,0.005341,0.005049,8.5e-05,173,99
Kubernetes---kb_305_Normalized.json,Kubernetes---kb_305_Normalized.json::test_00000,valid,failed,False,True,over_constraint,11.7643,0.000976,0.000868,3.4e-05,205,33
Kubernetes---kb_305_Normalized.json,Kubernetes---kb_305_Normalized.json::test_00001,invalid,passed,False,True,correct_reject,11.7643,0.015623,0.015063,0.000148,204,193
Kubernetes---kb_305_Normalized.json,Kubernetes---kb_305_Normalized.json::test_00002,valid,passed,True,True,correct_accept,11.7643,0.010621,0.010144,0.000136,152,152
Kubernetes---kb_305_Normalized.json,Kubernetes---kb_305_Normalized.json::test_00003,invalid,passed,False,True,correct_reject,11.7643,0.00335,0.003037,9.7e-05,161,90
Kubernetes---kb_307_Normalized.json,Kubernetes---kb_307_Normalized.json::test_00000,valid,failed,False,True,over_constraint,11.3345,0.000322,0.000262,1.7e-05,433,20
Kubernetes---kb_307_Normalized.json,Kubernetes---kb_307_Normalized.json::test_00001,invalid,passed,False,True,correct_reject,11.3345,0.000113,6.9e-05,2.6e-05,432,6
Kubernetes---kb_307_Normalized.json,Kubernetes---kb_307_Normalized.json::test_00002,invalid,passed,False,True,correct_reject,11.3345,0.000322,0.000261,1.8e-05,433,20
Kubernetes---kb_307_Normalized.json,Kubernetes---kb_307_Normalized.json::test_00003,invalid,passed,False,True,correct_reject,11.3345,0.000341,0.000278,1.7e-05,443,20
Kubernetes---kb_307_Normalized.json,Kubernetes---kb_307_Normalized.json::test_00004,valid,failed,False,True,over_constraint,11.3345,0.000578,0.000471,3.8e-05,309,20
Kubernetes---kb_307_Normalized.json,Kubernetes---kb_307_Normalized.json::test_00005,invalid,passed,False,True,correct_reject,11.3345,5.2e-05,3.8e-05,5e-06,309,2
Kubernetes---kb_308_Normalized.json,Kubernetes---kb_308_Normalized.json::test_00000,valid,failed,False,True,over_constraint,8.09589,0.011115,0.010316,0.00024,454,281
Kubernetes---kb_308_Normalized.json,Kubernetes---kb_308_Normalized.json::test_00001,invalid,passed,False,True,correct_reject,8.09589,9.6e-05,6.6e-05,1e-05,453,6
Kubernetes---kb_308_Normalized.json,Kubernetes---kb_308_Normalized.json::test_00002,invalid,passed,False,True,correct_reject,8.09589,0.020232,0.018844,0.000596,454,281
Kubernetes---kb_308_Normalized.json,Kubernetes---kb_308_Normalized.json::test_00003,invalid,passed,False,True,correct_reject,8.09589,0.004107,0.003721,0.000104,462,139
Kubernetes---kb_308_Normalized.json,Kubernetes---kb_308_Normalized.json::test_00004,valid,passed,True,True,correct_accept,8.09589,0.005183,0.004654,0.000158,178,178
Kubernetes---kb_308_Normalized.json,Kubernetes---kb_308_Normalized.json::test_00005,invalid,passed,False,True,correct_reject,8.09589,5.7e-05,4e-05,4e-06,179,2
Kubernetes---kb_30_Normalized.json,Kubernetes---kb_30_Normalized.json::test_00000,valid,failed,False,True,over_constraint,11.4574,0.000131,8.1e-05,1.5e-05,273,14
Kubernetes---kb_30_Normalized.json,Kubernetes---kb_30_Normalized.json::test_00001,invalid,passed,False,True,correct_reject,11.4574,0.000177,0.000109,2.4e-05,175,14
Kubernetes---kb_30_Normalized.json,Kubernetes---kb_30_Normalized.json::test_00002,invalid,passed,False,True,correct_reject,11.4574,0.000229,0.000141,3.1e-05,271,14
Kubernetes---kb_30_Normalized.json,Kubernetes---kb_30_Normalized.json::test_00003,valid,failed,False,True,over_constraint,11.4574,0.00025,0.000156,3.7e-05,293,14
Kubernetes---kb_30_Normalized.json,Kubernetes---kb_30_Normalized.json::test_00004,invalid,passed,False,True,correct_reject,11.4574,0.000159,9.8e-05,2e-05,295,14
Kubernetes---kb_310_Normalized.json,Kubernetes---kb_310_Normalized.json::test_00000,valid,failed,False,True,over_constraint,13.9615,0.000118,7.6e-05,1.2e-05,333,12
Kubernetes---kb_310_Normalized.json,Kubernetes---kb_310_Normalized.json::test_00001,invalid,passed,False,True,correct_reject,13.9615,0.000184,0.000112,2.5e-05,333,12
Kubernetes---kb_310_Normalized.json,Kubernetes---kb_310_Normalized.json::test_00002,invalid,passed,False,True,correct_reject,13.9615,0.000158,0.0001,2.4e-05,331,12
Kubernetes---kb_310_Normalized.json,Kubernetes---kb_310_Normalized.json::test_00003,invalid,passed,False,True,correct_reject,13.9615,0.000123,7.9e-05,1.4e-05,263,12
Kubernetes---kb_310_Normalized.json,Kubernetes---kb_310_Normalized.json::test_00004,invalid,passed,False,True,correct_reject,13.9615,0.000155,0.000103,1.5e-05,341,12
Kubernetes---kb_310_Normalized.json,Kubernetes---kb_310_Normalized.json::test_00005,valid,failed,False,True,over_constraint,13.9615,0.000123,7.7e-05,1.5e-05,347,12
Kubernetes---kb_310_Normalized.json,Kubernetes---kb_310_Normalized.json::test_00006,invalid,passed,False,True,correct_reject,13.9615,0.000129,7.8e-05,1.6e-05,372,12
Kubernetes---kb_310_Normalized.json,Kubernetes---kb_310_Normalized.json::test_00007,invalid,passed,False,True,correct_reject,13.9615,0.000114,7.2e-05,1.2e-05,313,12
Kubernetes---kb_311_Normalized.json,Kubernetes---kb_311_Normalized.json::test_00000,valid,failed,False,True,over_constraint,10.8206,0.010767,0.010115,0.000127,656,300
Kubernetes---kb_311_Normalized.json,Kubernetes---kb_311_Normalized.json::test_00001,invalid,passed,False,True,correct_reject,10.8206,0.000101,6.9e-05,1.1e-05,648,6
Kubernetes---kb_311_Normalized.json,Kubernetes---kb_311_Normalized.json::test_00002,invalid,passed,False,True,correct_reject,10.8206,0.009721,0.008987,0.000268,664,158
Kubernetes---kb_311_Normalized.json,Kubernetes---kb_311_Normalized.json::test_00003,invalid,passed,False,True,correct_reject,10.8206,0.004101,0.003907,4.6e-05,657,67
Kubernetes---kb_312_Normalized.json,Kubernetes---kb_312_Normalized.json::test_00000,valid,passed,True,True,correct_accept,10.4093,0.024256,0.023629,0.000202,193,193
Kubernetes---kb_312_Normalized.json,Kubernetes---kb_312_Normalized.json::test_00001,invalid,passed,False,True,correct_reject,10.4093,0.027765,0.027189,0.000152,218,189
Kubernetes---kb_312_Normalized.json,Kubernetes---kb_312_Normalized.json::test_00002,invalid,passed,False,True,correct_reject,10.4093,0.008933,0.008673,0.000102,181,58
Kubernetes---kb_312_Normalized.json,Kubernetes---kb_312_Normalized.json::test_00003,invalid,passed,False,True,correct_reject,10.4093,0.038294,0.037323,0.000406,218,182
Kubernetes---kb_312_Normalized.json,Kubernetes---kb_312_Normalized.json::test_00004,invalid,passed,False,True,correct_reject,10.4093,0.015792,0.015404,0.000109,187,132
Kubernetes---kb_313_Normalized.json,Kubernetes---kb_313_Normalized.json::test_00000,valid,passed,True,True,correct_accept,13.7344,0.024522,0.023893,0.00018,212,212
Kubernetes---kb_313_Normalized.json,Kubernetes---kb_313_Normalized.json::test_00001,invalid,passed,False,True,correct_reject,13.7344,0.017752,0.017329,0.000131,212,132
Kubernetes---kb_313_Normalized.json,Kubernetes---kb_313_Normalized.json::test_00002,invalid,passed,False,True,correct_reject,13.7344,0.007449,0.007234,7.3e-05,200,58
Kubernetes---kb_313_Normalized.json,Kubernetes---kb_313_Normalized.json::test_00003,invalid,passed,False,True,correct_reject,13.7344,0.030199,0.02961,0.000179,237,182
Kubernetes---kb_313_Normalized.json,Kubernetes---kb_313_Normalized.json::test_00004,invalid,passed,False,True,correct_reject,13.7344,0.00663,0.00644,6.2e-05,171,58
Kubernetes---kb_314_Normalized.json,Kubernetes---kb_314_Normalized.json::test_00000,valid,passed,True,True,correct_accept,4.15295,0.026064,0.025242,0.000203,293,293
Kubernetes---kb_314_Normalized.json,Kubernetes---kb_314_Normalized.json::test_00001,invalid,passed,False,True,correct_reject,4.15295,7.8e-05,5.6e-05,1e-05,143,4
Kubernetes---kb_314_Normalized.json,Kubernetes---kb_314_Normalized.json::test_00002,invalid,passed,False,True,correct_reject,4.15295,0.003037,0.002956,3.4e-05,281,12
Kubernetes---kb_314_Normalized.json,Kubernetes---kb_314_Normalized.json::test_00003,invalid,passed,False,True,correct_reject,4.15295,0.003935,0.003793,5.2e-05,263,24
Kubernetes---kb_314_Normalized.json,Kubernetes---kb_314_Normalized.json::test_00004,valid,passed,True,True,correct_accept,4.15295,0.025563,0.024727,0.000213,299,299
Kubernetes---kb_314_Normalized.json,Kubernetes---kb_314_Normalized.json::test_00005,invalid,passed,False,True,correct_reject,4.15295,0.013039,0.012295,0.000257,326,184
Kubernetes---kb_315_Normalized.json,Kubernetes---kb_315_Normalized.json::test_00000,valid,passed,True,True,correct_accept,0.000103,0.026275,0.025442,0.000202,302,302
Kubernetes---kb_315_Normalized.json,Kubernetes---kb_315_Normalized.json::test_00001,invalid,passed,False,True,correct_reject,0.000103,0.000106,7.1e-05,1.4e-05,147,4
Kubernetes---kb_315_Normalized.json,Kubernetes---kb_315_Normalized.json::test_00002,invalid,passed,False,True,correct_reject,0.000103,0.003026,0.002941,3.7e-05,290,12
Kubernetes---kb_315_Normalized.json,Kubernetes---kb_315_Normalized.json::test_00003,valid,passed,True,True,correct_accept,0.000103,0.019376,0.018582,0.000214,274,274
Kubernetes---kb_315_Normalized.json,Kubernetes---kb_315_Normalized.json::test_00004,invalid,passed,False,True,correct_reject,0.000103,0.002183,0.001965,5.9e-05,204,72
Kubernetes---kb_315_Normalized.json,Kubernetes---kb_315_Normalized.json::test_00005,invalid,passed,False,True,correct_reject,0.000103,0.002867,0.002782,3.7e-05,269,12
Kubernetes---kb_316_Normalized.json,Kubernetes---kb_316_Normalized.json::test_00000,valid,passed,True,True,correct_accept,1.95362,0.000747,0.000632,2.9e-05,41,41
Kubernetes---kb_316_Normalized.json,Kubernetes---kb_316_Normalized.json::test_00001,invalid,passed,False,True,correct_reject,1.95362,0.00047,0.000399,2.1e-05,40,23
Kubernetes---kb_316_Normalized.json,Kubernetes---kb_316_Normalized.json::test_00002,invalid,passed,False,True,correct_reject,1.95362,0.000134,9.3e-05,1.2e-05,39,10
Kubernetes---kb_317_Normalized.json,Kubernetes---kb_317_Normalized.json::test_00000,valid,passed,True,True,correct_accept,7.9e-05,0.000742,0.00063,2.9e-05,41,41
Kubernetes---kb_317_Normalized.json,Kubernetes---kb_317_Normalized.json::test_00001,invalid,passed,False,True,correct_reject,7.9e-05,0.000429,0.000358,2.1e-05,40,23
Kubernetes---kb_317_Normalized.json,Kubernetes---kb_317_Normalized.json::test_00002,invalid,passed,False,True,correct_reject,7.9e-05,0.000185,0.000128,2.1e-05,39,10
Kubernetes---kb_317_Normalized.json,Kubernetes---kb_317_Normalized.json::test_00003,valid,passed,True,True,correct_accept,7.9e-05,0.0009,0.000767,4e-05,41,41
Kubernetes---kb_317_Normalized.json,Kubernetes---kb_317_Normalized.json::test_00004,invalid,passed,False,True,correct_reject,7.9e-05,0.000163,0.000108,1.4e-05,39,10
Kubernetes---kb_318_Normalized.json,Kubernetes---kb_318_Normalized.json::test_00000,valid,passed,True,True,correct_accept,2.84612,0.000579,0.000494,1.6e-05,37,37
Kubernetes---kb_318_Normalized.json,Kubernetes---kb_318_Normalized.json::test_00001,invalid,passed,False,True,correct_reject,2.84612,6.8e-05,4.7e-05,7e-06,42,4
Kubernetes---kb_319_Normalized.json,Kubernetes---kb_319_Normalized.json::test_00000,valid,passed,True,True,correct_accept,0.000111,0.000762,0.000658,2.6e-05,37,37
Kubernetes---kb_319_Normalized.json,Kubernetes---kb_319_Normalized.json::test_00001,invalid,passed,False,True,correct_reject,0.000111,0.00057,0.000467,3.6e-05,36,22
Kubernetes---kb_319_Normalized.json,Kubernetes---kb_319_Normalized.json::test_00002,invalid,passed,False,True,correct_reject,0.000111,0.002533,0.002452,2.2e-05,41,29
Kubernetes---kb_319_Normalized.json,Kubernetes---kb_319_Normalized.json::test_00003,invalid,passed,False,True,correct_reject,0.000111,0.000262,0.000212,1.2e-05,36,22
Kubernetes---kb_31_Normalized.json,Kubernetes---kb_31_Normalized.json::test_00000,valid,failed,False,True,over_constraint,9.60623,0.000196,0.000121,2.6e-05,301,14
Kubernetes---kb_31_Normalized.json,Kubernetes---kb_31_Normalized.json::test_00001,invalid,passed,False,True,correct_reject,9.60623,0.000192,0.000117,2.6e-05,300,14
Kubernetes---kb_31_Normalized.json,Kubernetes---kb_31_Normalized.json::test_00002,valid,failed,False,True,over_constraint,9.60623,0.000195,0.000118,2.6e-05,303,14
Kubernetes---kb_31_Normalized.json,Kubernetes---kb_31_Normalized.json::test_00003,invalid,passed,False,True,correct_reject,9.60623,0.000101,6.3e-05,1.2e-05,303,14
Kubernetes---kb_320_Normalized.json,Kubernetes---kb_320_Normalized.json::test_00000,valid,passed,True,True,correct_accept,2.67217,0.010485,0.010078,0.00015,98,98
Kubernetes---kb_320_Normalized.json,Kubernetes---kb_320_Normalized.json::test_00001,invalid,passed,False,True,correct_reject,2.67217,0.000197,0.000128,2.5e-05,118,11
Kubernetes---kb_321_Normalized.json,Kubernetes---kb_321_Normalized.json::test_00000,valid,passed,True,True,correct_accept,8.5e-05,0.009115,0.008838,7.2e-05,98,98
Kubernetes---kb_321_Normalized.json,Kubernetes---kb_321_Normalized.json::test_00001,invalid,passed,False,True,correct_reject,8.5e-05,0.002938,0.002836,4.3e-05,30,18
Kubernetes---kb_321_Normalized.json,Kubernetes---kb_321_Normalized.json::test_00002,invalid,passed,False,True,correct_reject,8.5e-05,0.005832,0.005659,4.8e-05,91,59
Kubernetes---kb_322_Normalized.json,Kubernetes---kb_322_Normalized.json::test_00000,valid,passed,True,True,correct_accept,20.4245,0.010816,0.010398,0.000141,143,143
Kubernetes---kb_322_Normalized.json,Kubernetes---kb_322_Normalized.json::test_00001,valid,passed,True,True,correct_accept,20.4245,0.010481,0.010062,0.000131,146,146
Kubernetes---kb_322_Normalized.json,Kubernetes---kb_322_Normalized.json::test_00002,invalid,passed,False,True,correct_reject,20.4245,0.001263,0.001198,2.8e-05,146,13
Kubernetes---kb_322_Normalized.json,Kubernetes---kb_322_Normalized.json::test_00003,invalid,passed,False,True,correct_reject,20.4245,0.001229,0.001167,2.4e-05,159,13
Kubernetes---kb_323_Normalized.json,Kubernetes---kb_323_Normalized.json::test_00000,valid,failed,False,True,over_constraint,0.000346,0.010122,0.009858,9.3e-05,142,78
Kubernetes---kb_323_Normalized.json,Kubernetes---kb_323_Normalized.json::test_00001,valid,passed,True,True,correct_accept,0.000346,0.010999,0.010562,0.000138,143,143
Kubernetes---kb_323_Normalized.json,Kubernetes---kb_323_Normalized.json::test_00002,invalid,passed,False,True,correct_reject,0.000346,0.001241,0.001179,2.5e-05,163,13
Kubernetes---kb_323_Normalized.json,Kubernetes---kb_323_Normalized.json::test_00003,invalid,passed,False,True,correct_reject,0.000346,0.001216,0.001155,2.6e-05,143,13
Kubernetes---kb_323_Normalized.json,Kubernetes---kb_323_Normalized.json::test_00004,invalid,passed,False,True,correct_reject,0.000346,6.8e-05,4.7e-05,9e-06,6,2
Kubernetes---kb_324_Normalized.json,Kubernetes---kb_324_Normalized.json::test_00000,valid,failed,False,True,over_constraint,9.64236,9.2e-05,5.7e-05,1.1e-05,292,11
Kubernetes---kb_324_Normalized.json,Kubernetes---kb_324_Normalized.json::test_00001,invalid,passed,False,True,correct_reject,9.64236,0.000109,6.8e-05,1.3e-05,292,11
Kubernetes---kb_324_Normalized.json,Kubernetes---kb_324_Normalized.json::test_00002,invalid,passed,False,True,correct_reject,9.64236,0.00011,7.2e-05,1.2e-05,316,11
Kubernetes---kb_324_Normalized.json,Kubernetes---kb_324_Normalized.json::test_00003,invalid,passed,False,True,correct_reject,9.64236,7.5e-05,5e-05,1e-05,284,6
Kubernetes---kb_325_Normalized.json,Kubernetes---kb_325_Normalized.json::test_00000,valid,failed,False,True,over_constraint,9.82085,0.012728,0.011937,0.000287,464,206
Kubernetes---kb_325_Normalized.json,Kubernetes---kb_325_Normalized.json::test_00001,invalid,passed,False,True,correct_reject,9.82085,0.011333,0.010729,0.000194,464,206
Kubernetes---kb_325_Normalized.json,Kubernetes---kb_325_Normalized.json::test_00002,invalid,passed,False,True,correct_reject,9.82085,0.011169,0.010554,0.000196,462,206
Kubernetes---kb_325_Normalized.json,Kubernetes---kb_325_Normalized.json::test_00003,invalid,passed,False,True,correct_reject,9.82085,0.019453,0.018318,0.000499,485,206
Kubernetes---kb_325_Normalized.json,Kubernetes---kb_325_Normalized.json::test_00004,invalid,passed,False,True,correct_reject,9.82085,0.013862,0.01297,0.00035,463,206
Kubernetes---kb_326_Normalized.json,Kubernetes---kb_326_Normalized.json::test_00000,valid,passed,True,True,correct_accept,12.7617,0.036063,0.033763,0.00102,380,380
Kubernetes---kb_326_Normalized.json,Kubernetes---kb_326_Normalized.json::test_00001,invalid,passed,False,True,correct_reject,12.7617,0.009501,0.009247,9.5e-05,394,68
Kubernetes---kb_326_Normalized.json,Kubernetes---kb_326_Normalized.json::test_00002,invalid,passed,False,True,correct_reject,12.7617,9.9e-05,6.9e-05,1.3e-05,380,5
Kubernetes---kb_326_Normalized.json,Kubernetes---kb_326_Normalized.json::test_00003,invalid,passed,False,True,correct_reject,12.7617,0.020443,0.01936,0.000372,399,344
Kubernetes---kb_326_Normalized.json,Kubernetes---kb_326_Normalized.json::test_00004,invalid,passed,False,True,correct_reject,12.7617,0.020918,0.01972,0.000398,381,379
Kubernetes---kb_326_Normalized.json,Kubernetes---kb_326_Normalized.json::test_00005,invalid,passed,False,True,correct_reject,12.7617,0.008397,0.008206,9e-05,369,27
Kubernetes---kb_327_Normalized.json,Kubernetes---kb_327_Normalized.json::test_00000,valid,failed,False,True,over_constraint,13.0363,0.00016,0.0001,2.2e-05,364,11
Kubernetes---kb_327_Normalized.json,Kubernetes---kb_327_Normalized.json::test_00001,invalid,passed,False,True,correct_reject,13.0363,0.00016,9.9e-05,2.1e-05,363,11
Kubernetes---kb_327_Normalized.json,Kubernetes---kb_327_Normalized.json::test_00002,invalid,passed,False,True,correct_reject,13.0363,0.000112,7e-05,1.2e-05,357,11
Kubernetes---kb_327_Normalized.json,Kubernetes---kb_327_Normalized.json::test_00003,invalid,passed,False,True,correct_reject,13.0363,9.9e-05,6e-05,1.1e-05,63,11
Kubernetes---kb_327_Normalized.json,Kubernetes---kb_327_Normalized.json::test_00004,invalid,passed,False,True,correct_reject,13.0363,9.5e-05,5.8e-05,1e-05,345,11
Kubernetes---kb_328_Normalized.json,Kubernetes---kb_328_Normalized.json::test_00000,valid,passed,True,True,correct_accept,10.3359,0.028235,0.027012,0.000325,443,443
Kubernetes---kb_328_Normalized.json,Kubernetes---kb_328_Normalized.json::test_00001,invalid,passed,False,True,correct_reject,10.3359,0.02872,0.027605,0.000326,442,398
Kubernetes---kb_328_Normalized.json,Kubernetes---kb_328_Normalized.json::test_00002,invalid,passed,False,True,correct_reject,10.3359,9.6e-05,6.4e-05,1.4e-05,441,5
Kubernetes---kb_328_Normalized.json,Kubernetes---kb_328_Normalized.json::test_00003,invalid,passed,False,True,correct_reject,10.3359,0.01833,0.017972,0.000103,137,125
Kubernetes---kb_328_Normalized.json,Kubernetes---kb_328_Normalized.json::test_00004,valid,passed,True,True,correct_accept,10.3359,0.028605,0.02738,0.000309,458,458
Kubernetes---kb_328_Normalized.json,Kubernetes---kb_328_Normalized.json::test_00005,invalid,passed,False,True,correct_reject,10.3359,0.028068,0.026977,0.000281,457,413
Kubernetes---kb_328_Normalized.json,Kubernetes---kb_328_Normalized.json::test_00006,invalid,passed,False,True,correct_reject,10.3359,0.019639,0.019109,0.000192,184,132
Kubernetes---kb_328_Normalized.json,Kubernetes---kb_328_Normalized.json::test_00007,invalid,passed,False,True,correct_reject,10.3359,8.3e-05,5.4e-05,1e-05,100,7
Kubernetes---kb_329_Normalized.json,Kubernetes---kb_329_Normalized.json::test_00000,valid,passed,True,True,correct_accept,13.6126,0.023219,0.022092,0.000361,374,374
Kubernetes---kb_329_Normalized.json,Kubernetes---kb_329_Normalized.json::test_00001,invalid,passed,False,True,correct_reject,13.6126,0.022996,0.021918,0.000361,373,329
Kubernetes---kb_329_Normalized.json,Kubernetes---kb_329_Normalized.json::test_00002,invalid,passed,False,True,correct_reject,13.6126,0.031528,0.029748,0.000711,373,336
Kubernetes---kb_329_Normalized.json,Kubernetes---kb_329_Normalized.json::test_00003,valid,passed,True,True,correct_accept,13.6126,0.044426,0.04187,0.001133,375,375
Kubernetes---kb_329_Normalized.json,Kubernetes---kb_329_Normalized.json::test_00004,invalid,passed,False,True,correct_reject,13.6126,0.012096,0.011796,0.000114,375,62
Kubernetes---kb_32_Normalized.json,Kubernetes---kb_32_Normalized.json::test_00000,valid,passed,True,True,correct_accept,12.4908,0.025818,0.024838,0.000334,314,314
Kubernetes---kb_32_Normalized.json,Kubernetes---kb_32_Normalized.json::test_00001,invalid,passed,False,True,correct_reject,12.4908,0.023968,0.023181,0.000236,313,268
Kubernetes---kb_32_Normalized.json,Kubernetes---kb_32_Normalized.json::test_00002,invalid,passed,False,True,correct_reject,12.4908,0.014181,0.013583,0.000189,214,195
Kubernetes---kb_32_Normalized.json,Kubernetes---kb_32_Normalized.json::test_00003,invalid,passed,False,True,correct_reject,12.4908,0.023688,0.022822,0.000266,301,299
Kubernetes---kb_330_Normalized.json,Kubernetes---kb_330_Normalized.json::test_00000,valid,passed,True,True,correct_accept,1.13825,0.002011,0.001842,6.1e-05,37,37
Kubernetes---kb_330_Normalized.json,Kubernetes---kb_330_Normalized.json::test_00001,invalid,passed,False,True,correct_reject,1.13825,8.9e-05,5.8e-05,1e-05,37,4
Kubernetes---kb_330_Normalized.json,Kubernetes---kb_330_Normalized.json::test_00002,invalid,passed,False,True,correct_reject,1.13825,0.001024,0.000921,2.1e-05,36,35
Kubernetes---kb_330_Normalized.json,Kubernetes---kb_330_Normalized.json::test_00003,valid,passed,True,True,correct_accept,1.13825,0.001074,0.000972,2.6e-05,37,37
Kubernetes---kb_330_Normalized.json,Kubernetes---kb_330_Normalized.json::test_00004,invalid,passed,False,True,correct_reject,1.13825,8.2e-05,5.7e-05,1.1e-05,37,4
Kubernetes---kb_330_Normalized.json,Kubernetes---kb_330_Normalized.json::test_00005,invalid,passed,False,True,correct_reject,1.13825,6.6e-05,4.3e-05,8e-06,37,4
Kubernetes---kb_331_Normalized.json,Kubernetes---kb_331_Normalized.json::test_00000,valid,passed,True,True,correct_accept,1.3156,0.000915,0.000832,1.2e-05,37,37
Kubernetes---kb_331_Normalized.json,Kubernetes---kb_331_Normalized.json::test_00001,invalid,passed,False,True,correct_reject,1.3156,5.7e-05,3.9e-05,7e-06,37,4
Kubernetes---kb_331_Normalized.json,Kubernetes---kb_331_Normalized.json::test_00002,invalid,passed,False,True,correct_reject,1.3156,0.000169,0.000144,1e-05,39,6
Kubernetes---kb_331_Normalized.json,Kubernetes---kb_331_Normalized.json::test_00003,invalid,passed,False,True,correct_reject,1.3156,7.1e-05,5.1e-05,8e-06,42,4
Kubernetes---kb_332_Normalized.json,Kubernetes---kb_332_Normalized.json::test_00000,valid,passed,True,True,correct_accept,5.5e-05,0.001505,0.001388,3.3e-05,37,37
Kubernetes---kb_332_Normalized.json,Kubernetes---kb_332_Normalized.json::test_00001,invalid,passed,False,True,correct_reject,5.5e-05,9.2e-05,6.1e-05,1.3e-05,37,4
Kubernetes---kb_332_Normalized.json,Kubernetes---kb_332_Normalized.json::test_00002,invalid,passed,False,True,correct_reject,5.5e-05,6.8e-05,4.5e-05,1e-05,37,4
Kubernetes---kb_332_Normalized.json,Kubernetes---kb_332_Normalized.json::test_00003,invalid,passed,False,True,correct_reject,5.5e-05,0.000148,0.000125,1e-05,39,6
Kubernetes---kb_333_Normalized.json,Kubernetes---kb_333_Normalized.json::test_00000,valid,passed,True,True,correct_accept,0.803853,0.000315,0.000271,1.3e-05,14,14
Kubernetes---kb_333_Normalized.json,Kubernetes---kb_333_Normalized.json::test_00001,invalid,passed,False,True,correct_reject,0.803853,8.8e-05,6.4e-05,8e-06,13,5
Kubernetes---kb_333_Normalized.json,Kubernetes---kb_333_Normalized.json::test_00002,valid,passed,True,True,correct_accept,0.803853,0.000432,0.000375,2e-05,15,15
Kubernetes---kb_333_Normalized.json,Kubernetes---kb_333_Normalized.json::test_00003,invalid,passed,False,True,correct_reject,0.803853,0.000121,8.9e-05,1.3e-05,14,5
Kubernetes---kb_333_Normalized.json,Kubernetes---kb_333_Normalized.json::test_00004,invalid,passed,False,True,correct_reject,0.803853,0.000148,9.9e-05,1.5e-05,14,5
Kubernetes---kb_334_Normalized.json,Kubernetes---kb_334_Normalized.json::test_00000,valid,passed,True,True,correct_accept,4.4e-05,0.000351,0.000301,1.5e-05,14,14
Kubernetes---kb_334_Normalized.json,Kubernetes---kb_334_Normalized.json::test_00001,invalid,passed,False,True,correct_reject,4.4e-05,9.2e-05,6.6e-05,1.1e-05,13,5
Kubernetes---kb_334_Normalized.json,Kubernetes---kb_334_Normalized.json::test_00002,valid,passed,True,True,correct_accept,4.4e-05,0.000609,0.000537,3.2e-05,14,14
Kubernetes---kb_334_Normalized.json,Kubernetes---kb_334_Normalized.json::test_00003,invalid,passed,False,True,correct_reject,4.4e-05,0.000136,0.0001,1.5e-05,13,5
Kubernetes---kb_334_Normalized.json,Kubernetes---kb_334_Normalized.json::test_00004,invalid,passed,False,True,correct_reject,4.4e-05,9.9e-05,7.2e-05,1e-05,13,5
Kubernetes---kb_335_Normalized.json,Kubernetes---kb_335_Normalized.json::test_00000,valid,failed,False,True,over_constraint,8.96906,0.000117,7.6e-05,1.8e-05,86,7
Kubernetes---kb_335_Normalized.json,Kubernetes---kb_335_Normalized.json::test_00001,invalid,passed,False,True,correct_reject,8.96906,9.8e-05,6.2e-05,1.2e-05,92,7
Kubernetes---kb_335_Normalized.json,Kubernetes---kb_335_Normalized.json::test_00002,valid,failed,False,True,over_constraint,8.96906,9.9e-05,6.4e-05,1.1e-05,86,7
Kubernetes---kb_335_Normalized.json,Kubernetes---kb_335_Normalized.json::test_00003,invalid,passed,False,True,correct_reject,8.96906,8.8e-05,5.9e-05,1e-05,86,7
Kubernetes---kb_336_Normalized.json,Kubernetes---kb_336_Normalized.json::test_00000,valid,failed,False,True,over_constraint,11.208,0.001148,0.001036,3.9e-05,117,35
Kubernetes---kb_336_Normalized.json,Kubernetes---kb_336_Normalized.json::test_00001,invalid,passed,False,True,correct_reject,11.208,0.001176,0.00106,4e-05,124,35
Kubernetes---kb_336_Normalized.json,Kubernetes---kb_336_Normalized.json::test_00002,invalid,passed,False,True,correct_reject,11.208,0.001335,0.001205,4.7e-05,124,35
Kubernetes---kb_336_Normalized.json,Kubernetes---kb_336_Normalized.json::test_00003,valid,failed,False,True,over_constraint,11.208,0.012147,0.011302,0.0003,408,231
Kubernetes---kb_337_Normalized.json,Kubernetes---kb_337_Normalized.json::test_00000,valid,passed,True,True,correct_accept,1.07814,0.000818,0.000731,4e-05,19,19
Kubernetes---kb_337_Normalized.json,Kubernetes---kb_337_Normalized.json::test_00001,invalid,passed,False,True,correct_reject,1.07814,0.000327,0.00028,1.5e-05,19,10
Kubernetes---kb_337_Normalized.json,Kubernetes---kb_337_Normalized.json::test_00002,invalid,passed,False,True,correct_reject,1.07814,0.000411,0.000362,1.6e-05,14,13
Kubernetes---kb_337_Normalized.json,Kubernetes---kb_337_Normalized.json::test_00003,valid,passed,True,True,correct_accept,1.07814,0.00067,0.000605,2.4e-05,17,17
Kubernetes---kb_337_Normalized.json,Kubernetes---kb_337_Normalized.json::test_00004,invalid,passed,False,True,correct_reject,1.07814,0.000516,0.00045,2.7e-05,17,9
Kubernetes---kb_337_Normalized.json,Kubernetes---kb_337_Normalized.json::test_00005,invalid,passed,False,True,correct_reject,1.07814,0.000369,0.00032,1.9e-05,17,9
Kubernetes---kb_338_Normalized.json,Kubernetes---kb_338_Normalized.json::test_00000,valid,passed,True,True,correct_accept,5.7e-05,0.000706,0.000634,2.5e-05,17,17
Kubernetes---kb_338_Normalized.json,Kubernetes---kb_338_Normalized.json::test_00001,invalid,passed,False,True,correct_reject,5.7e-05,0.000454,0.000394,2.3e-05,17,10
Kubernetes---kb_338_Normalized.json,Kubernetes---kb_338_Normalized.json::test_00002,invalid,passed,False,True,correct_reject,5.7e-05,0.00049,0.00043,2.1e-05,14,13
Kubernetes---kb_338_Normalized.json,Kubernetes---kb_338_Normalized.json::test_00003,invalid,passed,False,True,correct_reject,5.7e-05,0.000372,0.000324,1.8e-05,17,9
Kubernetes---kb_339_Normalized.json,Kubernetes---kb_339_Normalized.json::test_00000,valid,passed,True,True,correct_accept,1.24062,0.002198,0.001997,0.0001,22,22
Kubernetes---kb_339_Normalized.json,Kubernetes---kb_339_Normalized.json::test_00001,invalid,passed,False,True,correct_reject,1.24062,0.000147,0.000108,1.6e-05,16,5
Kubernetes---kb_339_Normalized.json,Kubernetes---kb_339_Normalized.json::test_00002,invalid,passed,False,True,correct_reject,1.24062,0.000876,0.000778,3.9e-05,18,17
Kubernetes---kb_339_Normalized.json,Kubernetes---kb_339_Normalized.json::test_00003,valid,passed,True,True,correct_accept,1.24062,0.000808,0.000723,3.3e-05,20,20
Kubernetes---kb_33_Normalized.json,Kubernetes---kb_33_Normalized.json::test_00000,valid,passed,True,True,correct_accept,2.71305,0.00625,0.006054,5.4e-05,67,67
Kubernetes---kb_33_Normalized.json,Kubernetes---kb_33_Normalized.json::test_00001,valid,passed,True,True,correct_accept,2.71305,0.006308,0.006089,7.4e-05,70,70
Kubernetes---kb_33_Normalized.json,Kubernetes---kb_33_Normalized.json::test_00002,invalid,passed,False,True,correct_reject,2.71305,0.00011,8.1e-05,1e-05,71,6
Kubernetes---kb_340_Normalized.json,Kubernetes---kb_340_Normalized.json::test_00000,valid,passed,True,True,correct_accept,4.6e-05,0.00081,0.000727,3.1e-05,22,22
Kubernetes---kb_340_Normalized.json,Kubernetes---kb_340_Normalized.json::test_00001,invalid,passed,False,True,correct_reject,4.6e-05,0.000144,0.000105,1.7e-05,16,5
Kubernetes---kb_340_Normalized.json,Kubernetes---kb_340_Normalized.json::test_00002,invalid,passed,False,True,correct_reject,4.6e-05,0.000615,0.000546,2.5e-05,18,17
Kubernetes---kb_340_Normalized.json,Kubernetes---kb_340_Normalized.json::test_00003,valid,passed,True,True,correct_accept,4.6e-05,0.00063,0.000556,2.7e-05,18,18
Kubernetes---kb_340_Normalized.json,Kubernetes---kb_340_Normalized.json::test_00004,invalid,passed,False,True,correct_reject,4.6e-05,0.000119,8.3e-05,1.5e-05,16,4
Kubernetes---kb_340_Normalized.json,Kubernetes---kb_340_Normalized.json::test_00005,invalid,passed,False,True,correct_reject,4.6e-05,0.000152,0.00011,1.7e-05,17,5
Kubernetes---kb_341_Normalized.json,Kubernetes---kb_341_Normalized.json::test_00000,valid,passed,True,True,correct_accept,5.8e-05,0.000746,0.000664,3.1e-05,20,20
Kubernetes---kb_341_Normalized.json,Kubernetes---kb_341_Normalized.json::test_00001,invalid,passed,False,True,correct_reject,5.8e-05,0.000104,7.6e-05,9e-06,16,5
Kubernetes---kb_341_Normalized.json,Kubernetes---kb_341_Normalized.json::test_00002,invalid,passed,False,True,correct_reject,5.8e-05,0.000453,0.000392,2.2e-05,16,15
Kubernetes---kb_341_Normalized.json,Kubernetes---kb_341_Normalized.json::test_00003,valid,passed,True,True,correct_accept,5.8e-05,0.000809,0.000728,3.1e-05,22,22
Kubernetes---kb_341_Normalized.json,Kubernetes---kb_341_Normalized.json::test_00004,invalid,passed,False,True,correct_reject,5.8e-05,0.001051,0.00094,4.9e-05,18,17
Kubernetes---kb_342_Normalized.json,Kubernetes---kb_342_Normalized.json::test_00000,valid,passed,True,True,correct_accept,2.05208,0.001204,0.001074,5.3e-05,32,32
Kubernetes---kb_342_Normalized.json,Kubernetes---kb_342_Normalized.json::test_00001,invalid,passed,False,True,correct_reject,2.05208,9.1e-05,6.1e-05,1.2e-05,30,5
Kubernetes---kb_342_Normalized.json,Kubernetes---kb_342_Normalized.json::test_00002,invalid,passed,False,True,correct_reject,2.05208,0.001202,0.001047,6.3e-05,31,30
Kubernetes---kb_343_Normalized.json,Kubernetes---kb_343_Normalized.json::test_00000,valid,passed,True,True,correct_accept,2.17989,0.001066,0.000901,5.9e-05,40,40
Kubernetes---kb_343_Normalized.json,Kubernetes---kb_343_Normalized.json::test_00001,valid,passed,True,True,correct_accept,2.17989,0.001066,0.00092,4.7e-05,41,41
Kubernetes---kb_343_Normalized.json,Kubernetes---kb_343_Normalized.json::test_00002,invalid,passed,False,True,correct_reject,2.17989,0.000733,0.000618,3.1e-05,40,39
Kubernetes---kb_344_Normalized.json,Kubernetes---kb_344_Normalized.json::test_00000,valid,passed,True,True,correct_accept,7.8e-05,0.000725,0.000614,2.9e-05,40,40
Kubernetes---kb_344_Normalized.json,Kubernetes---kb_344_Normalized.json::test_00001,valid,passed,True,True,correct_accept,7.8e-05,0.000609,0.000515,1.8e-05,40,40
Kubernetes---kb_344_Normalized.json,Kubernetes---kb_344_Normalized.json::test_00002,invalid,passed,False,True,correct_reject,7.8e-05,0.000994,0.000854,5e-05,46,38
Kubernetes---kb_344_Normalized.json,Kubernetes---kb_344_Normalized.json::test_00003,invalid,passed,False,True,correct_reject,7.8e-05,0.0001,6.8e-05,9e-06,40,8
Kubernetes---kb_345_Normalized.json,Kubernetes---kb_345_Normalized.json::test_00000,valid,passed,True,True,correct_accept,1.58066,0.003417,0.003213,5.7e-05,66,66
Kubernetes---kb_345_Normalized.json,Kubernetes---kb_345_Normalized.json::test_00001,valid,passed,True,True,correct_accept,1.58066,0.00261,0.002493,3.6e-05,40,40
Kubernetes---kb_345_Normalized.json,Kubernetes---kb_345_Normalized.json::test_00002,invalid,passed,False,True,correct_reject,1.58066,5.3e-05,3.7e-05,6e-06,37,2
Kubernetes---kb_345_Normalized.json,Kubernetes---kb_345_Normalized.json::test_00003,invalid,passed,False,True,correct_reject,1.58066,6e-05,4.2e-05,7e-06,39,2
Kubernetes---kb_345_Normalized.json,Kubernetes---kb_345_Normalized.json::test_00004,invalid,passed,False,True,correct_reject,1.58066,5.5e-05,3.9e-05,5e-06,45,2
Kubernetes---kb_346_Normalized.json,Kubernetes---kb_346_Normalized.json::test_00000,valid,passed,True,True,correct_accept,2.0099,0.000919,0.00078,4.3e-05,49,49
Kubernetes---kb_346_Normalized.json,Kubernetes---kb_346_Normalized.json::test_00001,valid,passed,True,True,correct_accept,2.0099,0.001331,0.001136,7e-05,52,52
Kubernetes---kb_346_Normalized.json,Kubernetes---kb_346_Normalized.json::test_00002,invalid,passed,False,True,correct_reject,2.0099,5.1e-05,3.8e-05,4e-06,37,2
Kubernetes---kb_347_Normalized.json,Kubernetes---kb_347_Normalized.json::test_00000,valid,passed,True,True,correct_accept,0.000129,0.00112,0.000973,4.4e-05,52,52
Kubernetes---kb_347_Normalized.json,Kubernetes---kb_347_Normalized.json::test_00001,valid,passed,True,True,correct_accept,0.000129,0.000963,0.000819,4e-05,50,50
Kubernetes---kb_347_Normalized.json,Kubernetes---kb_347_Normalized.json::test_00002,invalid,passed,False,True,correct_reject,0.000129,5.1e-05,3.6e-05,5e-06,49,2
Kubernetes---kb_347_Normalized.json,Kubernetes---kb_347_Normalized.json::test_00003,invalid,passed,False,True,correct_reject,0.000129,5.4e-05,4e-05,4e-06,42,2
Kubernetes---kb_348_Normalized.json,Kubernetes---kb_348_Normalized.json::test_00000,valid,passed,True,True,correct_accept,1.72489,0.001479,0.001337,3.6e-05,50,50
Kubernetes---kb_348_Normalized.json,Kubernetes---kb_348_Normalized.json::test_00001,invalid,passed,False,True,correct_reject,1.72489,0.000146,0.000108,1.5e-05,49,6
Kubernetes---kb_348_Normalized.json,Kubernetes---kb_348_Normalized.json::test_00002,valid,passed,True,True,correct_accept,1.72489,0.001615,0.001437,6e-05,46,46
Kubernetes---kb_348_Normalized.json,Kubernetes---kb_348_Normalized.json::test_00003,invalid,passed,False,True,correct_reject,1.72489,0.002837,0.00258,8.7e-05,63,62
Kubernetes---kb_349_Normalized.json,Kubernetes---kb_349_Normalized.json::test_00000,valid,passed,True,True,correct_accept,6.7e-05,0.001883,0.00168,7.1e-05,46,46
Kubernetes---kb_349_Normalized.json,Kubernetes---kb_349_Normalized.json::test_00001,invalid,passed,False,True,correct_reject,6.7e-05,0.000155,0.000115,1.5e-05,45,6
Kubernetes---kb_349_Normalized.json,Kubernetes---kb_349_Normalized.json::test_00002,invalid,passed,False,True,correct_reject,6.7e-05,9.4e-05,6.9e-05,1e-05,50,5
Kubernetes---kb_34_Normalized.json,Kubernetes---kb_34_Normalized.json::test_00000,valid,passed,True,True,correct_accept,2.46571,0.00637,0.00615,6.8e-05,67,67
Kubernetes---kb_34_Normalized.json,Kubernetes---kb_34_Normalized.json::test_00001,valid,passed,True,True,correct_accept,2.46571,0.005991,0.00578,6.8e-05,67,67
Kubernetes---kb_34_Normalized.json,Kubernetes---kb_34_Normalized.json::test_00002,invalid,passed,False,True,correct_reject,2.46571,0.007195,0.006973,7.6e-05,66,58
Kubernetes---kb_354_Normalized.json,Kubernetes---kb_354_Normalized.json::test_00000,valid,passed,True,True,correct_accept,2.08505,0.001734,0.001533,6.7e-05,56,56
Kubernetes---kb_354_Normalized.json,Kubernetes---kb_354_Normalized.json::test_00001,invalid,passed,False,True,correct_reject,2.08505,0.001444,0.0013,5e-05,63,40
Kubernetes---kb_354_Normalized.json,Kubernetes---kb_354_Normalized.json::test_00002,invalid,passed,False,True,correct_reject,2.08505,0.000139,9.6e-05,1.8e-05,55,5
Kubernetes---kb_354_Normalized.json,Kubernetes---kb_354_Normalized.json::test_00003,invalid,passed,False,True,correct_reject,2.08505,0.001113,0.000993,4.1e-05,55,32
Kubernetes---kb_354_Normalized.json,Kubernetes---kb_354_Normalized.json::test_00004,invalid,passed,False,True,correct_reject,2.08505,0.000424,0.00036,2.3e-05,57,13
Kubernetes---kb_354_Normalized.json,Kubernetes---kb_354_Normalized.json::test_00005,invalid,passed,False,True,correct_reject,2.08505,0.000107,7.6e-05,1.1e-05,55,5
Kubernetes---kb_355_Normalized.json,Kubernetes---kb_355_Normalized.json::test_00000,valid,passed,True,True,correct_accept,8.6e-05,0.001413,0.001248,4.9e-05,56,56
Kubernetes---kb_355_Normalized.json,Kubernetes---kb_355_Normalized.json::test_00001,invalid,passed,False,True,correct_reject,8.6e-05,0.000121,8.4e-05,1.4e-05,55,5
Kubernetes---kb_355_Normalized.json,Kubernetes---kb_355_Normalized.json::test_00002,invalid,passed,False,True,correct_reject,8.6e-05,0.000943,0.000842,3.2e-05,55,32
Kubernetes---kb_355_Normalized.json,Kubernetes---kb_355_Normalized.json::test_00003,invalid,passed,False,True,correct_reject,8.6e-05,0.001248,0.001105,5.2e-05,63,40
Kubernetes---kb_355_Normalized.json,Kubernetes---kb_355_Normalized.json::test_00004,invalid,passed,False,True,correct_reject,8.6e-05,9.7e-05,6.4e-05,1.4e-05,54,4
Kubernetes---kb_355_Normalized.json,Kubernetes---kb_355_Normalized.json::test_00005,invalid,passed,False,True,correct_reject,8.6e-05,0.001267,0.001137,4.5e-05,63,40
Kubernetes---kb_355_Normalized.json,Kubernetes---kb_355_Normalized.json::test_00006,invalid,passed,False,True,correct_reject,8.6e-05,9.7e-05,6.9e-05,1.1e-05,60,5
Kubernetes---kb_356_Normalized.json,Kubernetes---kb_356_Normalized.json::test_00000,valid,passed,True,True,correct_accept,1.71059,0.001292,0.001132,4.1e-05,50,50
Kubernetes---kb_356_Normalized.json,Kubernetes---kb_356_Normalized.json::test_00001,invalid,passed,False,True,correct_reject,1.71059,0.001888,0.001707,6.8e-05,57,40
Kubernetes---kb_356_Normalized.json,Kubernetes---kb_356_Normalized.json::test_00002,invalid,passed,False,True,correct_reject,1.71059,0.000139,9.9e-05,1.6e-05,49,5
Kubernetes---kb_356_Normalized.json,Kubernetes---kb_356_Normalized.json::test_00003,valid,passed,True,True,correct_accept,1.71059,0.001715,0.001523,6.6e-05,50,50
Kubernetes---kb_356_Normalized.json,Kubernetes---kb_356_Normalized.json::test_00004,invalid,passed,False,True,correct_reject,1.71059,9.7e-05,6.9e-05,1.1e-05,49,5
Kubernetes---kb_356_Normalized.json,Kubernetes---kb_356_Normalized.json::test_00005,invalid,passed,False,True,correct_reject,1.71059,0.001441,0.001295,5.2e-05,57,40
Kubernetes---kb_356_Normalized.json,Kubernetes---kb_356_Normalized.json::test_00006,invalid,passed,False,True,correct_reject,1.71059,9.5e-05,6.7e-05,1.1e-05,49,5
Kubernetes---kb_357_Normalized.json,Kubernetes---kb_357_Normalized.json::test_00000,valid,passed,True,True,correct_accept,7.5e-05,0.001957,0.001741,8.4e-05,50,50
Kubernetes---kb_357_Normalized.json,Kubernetes---kb_357_Normalized.json::test_00001,invalid,passed,False,True,correct_reject,7.5e-05,0.001233,0.001112,3.8e-05,57,40
Kubernetes---kb_357_Normalized.json,Kubernetes---kb_357_Normalized.json::test_00002,invalid,passed,False,True,correct_reject,7.5e-05,9.7e-05,6.9e-05,1e-05,49,5
Kubernetes---kb_357_Normalized.json,Kubernetes---kb_357_Normalized.json::test_00003,invalid,passed,False,True,correct_reject,7.5e-05,0.001343,0.0012,5.5e-05,49,32
Kubernetes---kb_357_Normalized.json,Kubernetes---kb_357_Normalized.json::test_00004,valid,passed,True,True,correct_accept,7.5e-05,0.001423,0.001261,5.2e-05,50,50
Kubernetes---kb_357_Normalized.json,Kubernetes---kb_357_Normalized.json::test_00005,invalid,passed,False,True,correct_reject,7.5e-05,0.000106,7.7e-05,1.1e-05,49,5
Kubernetes---kb_357_Normalized.json,Kubernetes---kb_357_Normalized.json::test_00006,invalid,passed,False,True,correct_reject,7.5e-05,0.001219,0.001094,3.5e-05,57,40
Kubernetes---kb_357_Normalized.json,Kubernetes---kb_357_Normalized.json::test_00007,invalid,passed,False,True,correct_reject,7.5e-05,0.000677,0.000598,2.5e-05,48,24
Kubernetes---kb_358_Normalized.json,Kubernetes---kb_358_Normalized.json::test_00000,valid,passed,True,True,correct_accept,1.40215,0.001295,0.00118,3.6e-05,24,24
Kubernetes---kb_358_Normalized.json,Kubernetes---kb_358_Normalized.json::test_00001,invalid,passed,False,True,correct_reject,1.40215,0.000122,8.6e-05,1.3e-05,7,6
Kubernetes---kb_358_Normalized.json,Kubernetes---kb_358_Normalized.json::test_00002,invalid,passed,False,True,correct_reject,1.40215,0.000121,8.5e-05,1.4e-05,15,6
Kubernetes---kb_359_Normalized.json,Kubernetes---kb_359_Normalized.json::test_00000,valid,passed,True,True,correct_accept,6.6e-05,0.001287,0.001183,3.7e-05,24,24
Kubernetes---kb_359_Normalized.json,Kubernetes---kb_359_Normalized.json::test_00001,invalid,passed,False,True,correct_reject,6.6e-05,0.000146,0.000105,1.6e-05,7,6
Kubernetes---kb_359_Normalized.json,Kubernetes---kb_359_Normalized.json::test_00002,invalid,passed,False,True,correct_reject,6.6e-05,0.00013,9.1e-05,1.6e-05,6,5
Kubernetes---kb_35_Normalized.json,Kubernetes---kb_35_Normalized.json::test_00000,valid,passed,True,True,correct_accept,0.000145,0.008875,0.008576,0.000112,69,69
Kubernetes---kb_35_Normalized.json,Kubernetes---kb_35_Normalized.json::test_00001,valid,passed,True,True,correct_accept,0.000145,0.007682,0.007436,8.9e-05,67,67
Kubernetes---kb_35_Normalized.json,Kubernetes---kb_35_Normalized.json::test_00002,invalid,passed,False,True,correct_reject,0.000145,0.000115,7.9e-05,1.3e-05,68,6
Kubernetes---kb_360_Normalized.json,Kubernetes---kb_360_Normalized.json::test_00000,valid,passed,True,True,correct_accept,0.872512,0.000227,0.000194,1.1e-05,7,7
Kubernetes---kb_360_Normalized.json,Kubernetes---kb_360_Normalized.json::test_00001,invalid,passed,False,True,correct_reject,0.872512,0.00012,8.5e-05,1.2e-05,6,5
Kubernetes---kb_360_Normalized.json,Kubernetes---kb_360_Normalized.json::test_00002,invalid,passed,False,True,correct_reject,0.872512,9.7e-05,6.8e-05,1e-05,6,5
Kubernetes---kb_361_Normalized.json,Kubernetes---kb_361_Normalized.json::test_00000,valid,passed,True,True,correct_accept,7.2e-05,0.000269,0.000233,1.3e-05,7,7
Kubernetes---kb_361_Normalized.json,Kubernetes---kb_361_Normalized.json::test_00001,invalid,passed,False,True,correct_reject,7.2e-05,8.7e-05,6.2e-05,7e-06,6,5
Kubernetes---kb_362_Normalized.json,Kubernetes---kb_362_Normalized.json::test_00000,valid,failed,False,True,over_constraint,13.6775,0.000201,0.000129,2.3e-05,224,15
Kubernetes---kb_362_Normalized.json,Kubernetes---kb_362_Normalized.json::test_00001,valid,failed,False,True,over_constraint,13.6775,0.000171,0.000109,2e-05,221,15
Kubernetes---kb_362_Normalized.json,Kubernetes---kb_362_Normalized.json::test_00002,invalid,passed,False,True,correct_reject,13.6775,0.000177,0.000113,2.2e-05,121,15
Kubernetes---kb_363_Normalized.json,Kubernetes---kb_363_Normalized.json::test_00000,valid,passed,True,True,correct_accept,11.8549,0.020568,0.019746,0.000281,229,229
Kubernetes---kb_363_Normalized.json,Kubernetes---kb_363_Normalized.json::test_00001,invalid,passed,False,True,correct_reject,11.8549,0.002385,0.002173,7.6e-05,228,57
Kubernetes---kb_363_Normalized.json,Kubernetes---kb_363_Normalized.json::test_00002,valid,passed,True,True,correct_accept,11.8549,0.021244,0.020428,0.000307,221,221
Kubernetes---kb_363_Normalized.json,Kubernetes---kb_363_Normalized.json::test_00003,invalid,passed,False,True,correct_reject,11.8549,0.002503,0.002281,8.8e-05,220,57
Kubernetes---kb_364_Normalized.json,Kubernetes---kb_364_Normalized.json::test_00000,valid,passed,True,True,correct_accept,1.99184,0.002717,0.002526,6.8e-05,52,52
Kubernetes---kb_364_Normalized.json,Kubernetes---kb_364_Normalized.json::test_00001,invalid,passed,False,True,correct_reject,1.99184,0.00156,0.001455,3.5e-05,48,25
Kubernetes---kb_364_Normalized.json,Kubernetes---kb_364_Normalized.json::test_00002,valid,passed,True,True,correct_accept,1.99184,0.00246,0.002273,7e-05,48,48
Kubernetes---kb_364_Normalized.json,Kubernetes---kb_364_Normalized.json::test_00003,invalid,passed,False,True,correct_reject,1.99184,0.002234,0.002074,6.3e-05,48,41
Kubernetes---kb_365_Normalized.json,Kubernetes---kb_365_Normalized.json::test_00000,valid,passed,True,True,correct_accept,7.4e-05,0.002734,0.002542,7e-05,52,52
Kubernetes---kb_365_Normalized.json,Kubernetes---kb_365_Normalized.json::test_00001,invalid,passed,False,True,correct_reject,7.4e-05,0.00145,0.001349,3.7e-05,48,25
Kubernetes---kb_365_Normalized.json,Kubernetes---kb_365_Normalized.json::test_00002,invalid,passed,False,True,correct_reject,7.4e-05,0.00226,0.002098,5.7e-05,52,43
Kubernetes---kb_365_Normalized.json,Kubernetes---kb_365_Normalized.json::test_00003,valid,passed,True,True,correct_accept,7.4e-05,0.002485,0.002281,9.3e-05,48,48
Kubernetes---kb_365_Normalized.json,Kubernetes---kb_365_Normalized.json::test_00004,invalid,passed,False,True,correct_reject,7.4e-05,0.001317,0.001226,3.1e-05,46,25
Kubernetes---kb_365_Normalized.json,Kubernetes---kb_365_Normalized.json::test_00005,invalid,passed,False,True,correct_reject,7.4e-05,0.002127,0.001971,5.9e-05,56,41
Kubernetes---kb_366_Normalized.json,Kubernetes---kb_366_Normalized.json::test_00000,valid,failed,False,True,over_constraint,19.668,0.000433,0.000139,0.000243,222,15
Kubernetes---kb_366_Normalized.json,Kubernetes---kb_366_Normalized.json::test_00001,invalid,passed,False,True,correct_reject,19.668,0.000184,0.000113,2.4e-05,227,15
Kubernetes---kb_366_Normalized.json,Kubernetes---kb_366_Normalized.json::test_00002,invalid,passed,False,True,correct_reject,19.668,0.000107,7.1e-05,1.4e-05,209,5
Kubernetes---kb_366_Normalized.json,Kubernetes---kb_366_Normalized.json::test_00003,valid,failed,False,True,over_constraint,19.668,0.000164,0.000104,2.2e-05,228,15
Kubernetes---kb_366_Normalized.json,Kubernetes---kb_366_Normalized.json::test_00004,invalid,passed,False,True,correct_reject,19.668,0.000161,0.000101,2.1e-05,126,15
Kubernetes---kb_367_Normalized.json,Kubernetes---kb_367_Normalized.json::test_00000,valid,passed,True,True,correct_accept,17.112,0.023515,0.022747,0.000274,205,205
Kubernetes---kb_367_Normalized.json,Kubernetes---kb_367_Normalized.json::test_00001,invalid,passed,False,True,correct_reject,17.112,0.006847,0.006556,0.00011,204,73
Kubernetes---kb_367_Normalized.json,Kubernetes---kb_367_Normalized.json::test_00002,invalid,passed,False,True,correct_reject,17.112,0.000128,8.8e-05,1.7e-05,193,6
Kubernetes---kb_367_Normalized.json,Kubernetes---kb_367_Normalized.json::test_00003,invalid,passed,False,True,correct_reject,17.112,0.023335,0.022591,0.000274,203,192
Kubernetes---kb_368_Normalized.json,Kubernetes---kb_368_Normalized.json::test_00000,valid,failed,False,True,over_constraint,4.83376,0.013862,0.013417,0.000141,167,133
Kubernetes---kb_368_Normalized.json,Kubernetes---kb_368_Normalized.json::test_00001,invalid,passed,False,True,correct_reject,4.83376,0.015512,0.01501,0.000174,162,133
Kubernetes---kb_368_Normalized.json,Kubernetes---kb_368_Normalized.json::test_00002,valid,passed,True,True,correct_accept,4.83376,0.014881,0.014456,0.000148,114,114
Kubernetes---kb_369_Normalized.json,Kubernetes---kb_369_Normalized.json::test_00000,valid,passed,True,True,correct_accept,0.000158,0.014393,0.013931,0.000165,123,123
Kubernetes---kb_369_Normalized.json,Kubernetes---kb_369_Normalized.json::test_00001,invalid,passed,False,True,correct_reject,0.000158,0.003449,0.003323,5.4e-05,122,20
Kubernetes---kb_369_Normalized.json,Kubernetes---kb_369_Normalized.json::test_00002,valid,passed,True,True,correct_accept,0.000158,0.026738,0.025709,0.000434,169,169
Kubernetes---kb_369_Normalized.json,Kubernetes---kb_369_Normalized.json::test_00003,invalid,passed,False,True,correct_reject,0.000158,0.004308,0.004202,4.5e-05,169,20
Kubernetes---kb_36_Normalized.json,Kubernetes---kb_36_Normalized.json::test_00000,valid,passed,True,True,correct_accept,1.85154,0.020826,0.020415,0.000147,100,100
Kubernetes---kb_36_Normalized.json,Kubernetes---kb_36_Normalized.json::test_00001,invalid,passed,False,True,correct_reject,1.85154,9.5e-05,6.9e-05,1.1e-05,6,4
Kubernetes---kb_36_Normalized.json,Kubernetes---kb_36_Normalized.json::test_00002,invalid,passed,False,True,correct_reject,1.85154,0.020138,0.019712,0.000161,94,93
Kubernetes---kb_36_Normalized.json,Kubernetes---kb_36_Normalized.json::test_00003,valid,passed,True,True,correct_accept,1.85154,0.019059,0.018707,0.000109,99,99
Kubernetes---kb_36_Normalized.json,Kubernetes---kb_36_Normalized.json::test_00004,invalid,passed,False,True,correct_reject,1.85154,8.3e-05,5.3e-05,1.2e-05,7,4
Kubernetes---kb_370_Normalized.json,Kubernetes---kb_370_Normalized.json::test_00000,valid,passed,True,True,correct_accept,1.88798,0.006367,0.005903,0.000165,107,107
Kubernetes---kb_370_Normalized.json,Kubernetes---kb_370_Normalized.json::test_00001,invalid,passed,False,True,correct_reject,1.88798,9e-05,5.9e-05,1.3e-05,6,4
Kubernetes---kb_370_Normalized.json,Kubernetes---kb_370_Normalized.json::test_00002,valid,passed,True,True,correct_accept,1.88798,0.004176,0.00388,8.1e-05,107,107
Kubernetes---kb_370_Normalized.json,Kubernetes---kb_370_Normalized.json::test_00003,invalid,passed,False,True,correct_reject,1.88798,9.3e-05,6.3e-05,1.3e-05,7,4
Kubernetes---kb_370_Normalized.json,Kubernetes---kb_370_Normalized.json::test_00004,invalid,passed,False,True,correct_reject,1.88798,0.000134,9.2e-05,1.4e-05,100,10
Kubernetes---kb_371_Normalized.json,Kubernetes---kb_371_Normalized.json::test_00000,valid,passed,True,True,correct_accept,7e-05,0.005781,0.005371,0.000138,107,107
Kubernetes---kb_371_Normalized.json,Kubernetes---kb_371_Normalized.json::test_00001,invalid,passed,False,True,correct_reject,7e-05,8.5e-05,5.6e-05,1.1e-05,10,4
Kubernetes---kb_371_Normalized.json,Kubernetes---kb_371_Normalized.json::test_00002,invalid,passed,False,True,correct_reject,7e-05,8.8e-05,5.7e-05,1.3e-05,6,4
Kubernetes---kb_371_Normalized.json,Kubernetes---kb_371_Normalized.json::test_00003,valid,passed,True,True,correct_accept,7e-05,0.009359,0.009034,0.000107,107,107
Kubernetes---kb_371_Normalized.json,Kubernetes---kb_371_Normalized.json::test_00004,invalid,passed,False,True,correct_reject,7e-05,0.000123,8.3e-05,1.4e-05,96,10
Kubernetes---kb_373_Normalized.json,Kubernetes---kb_373_Normalized.json::test_00000,valid,passed,True,True,correct_accept,1.40548,0.000778,0.000671,2.4e-05,35,35
Kubernetes---kb_373_Normalized.json,Kubernetes---kb_373_Normalized.json::test_00001,invalid,passed,False,True,correct_reject,1.40548,8e-05,5.7e-05,9e-06,14,4
Kubernetes---kb_373_Normalized.json,Kubernetes---kb_373_Normalized.json::test_00002,invalid,passed,False,True,correct_reject,1.40548,0.000538,0.000452,2e-05,38,29
Kubernetes---kb_373_Normalized.json,Kubernetes---kb_373_Normalized.json::test_00003,valid,passed,True,True,correct_accept,1.40548,0.000774,0.000666,2.4e-05,39,39
Kubernetes---kb_373_Normalized.json,Kubernetes---kb_373_Normalized.json::test_00004,invalid,passed,False,True,correct_reject,1.40548,8e-05,5.6e-05,8e-06,16,4
Kubernetes---kb_374_Normalized.json,Kubernetes---kb_374_Normalized.json::test_00000,valid,passed,True,True,correct_accept,8.2e-05,0.001129,0.000942,6.2e-05,35,35
Kubernetes---kb_374_Normalized.json,Kubernetes---kb_374_Normalized.json::test_00001,invalid,passed,False,True,correct_reject,8.2e-05,0.000105,7.2e-05,1.2e-05,16,4
Kubernetes---kb_374_Normalized.json,Kubernetes---kb_374_Normalized.json::test_00002,invalid,passed,False,True,correct_reject,8.2e-05,8.9e-05,6.1e-05,1e-05,14,4
Kubernetes---kb_374_Normalized.json,Kubernetes---kb_374_Normalized.json::test_00003,valid,passed,True,True,correct_accept,8.2e-05,0.001135,0.000947,6.4e-05,35,35
Kubernetes---kb_374_Normalized.json,Kubernetes---kb_374_Normalized.json::test_00004,invalid,passed,False,True,correct_reject,8.2e-05,9.7e-05,6.7e-05,1e-05,14,5
Kubernetes---kb_375_Normalized.json,Kubernetes---kb_375_Normalized.json::test_00000,valid,failed,False,True,over_constraint,1.20394,0.000526,0.000468,2.3e-05,30,13
Kubernetes---kb_375_Normalized.json,Kubernetes---kb_375_Normalized.json::test_00001,invalid,passed,False,True,correct_reject,1.20394,0.000495,0.000444,1.8e-05,30,13
Kubernetes---kb_375_Normalized.json,Kubernetes---kb_375_Normalized.json::test_00002,invalid,passed,False,True,correct_reject,1.20394,0.000557,0.000492,2.4e-05,30,13
Kubernetes---kb_375_Normalized.json,Kubernetes---kb_375_Normalized.json::test_00003,valid,passed,True,True,correct_accept,1.20394,0.00474,0.004611,4.7e-05,30,30
Kubernetes---kb_375_Normalized.json,Kubernetes---kb_375_Normalized.json::test_00004,invalid,passed,False,True,correct_reject,1.20394,0.000296,0.00026,1.2e-05,29,13
Kubernetes---kb_375_Normalized.json,Kubernetes---kb_375_Normalized.json::test_00005,invalid,passed,False,True,correct_reject,1.20394,0.000298,0.000262,1e-05,30,13
Kubernetes---kb_376_Normalized.json,Kubernetes---kb_376_Normalized.json::test_00000,valid,failed,False,True,over_constraint,4.6e-05,0.000534,0.000473,2.2e-05,30,13
Kubernetes---kb_376_Normalized.json,Kubernetes---kb_376_Normalized.json::test_00001,invalid,passed,False,True,correct_reject,4.6e-05,0.000302,0.000263,1.2e-05,30,13
Kubernetes---kb_376_Normalized.json,Kubernetes---kb_376_Normalized.json::test_00002,invalid,passed,False,True,correct_reject,4.6e-05,0.000509,0.000452,2.1e-05,30,13
Kubernetes---kb_376_Normalized.json,Kubernetes---kb_376_Normalized.json::test_00003,valid,passed,True,True,correct_accept,4.6e-05,0.006453,0.006306,6e-05,30,30
Kubernetes---kb_376_Normalized.json,Kubernetes---kb_376_Normalized.json::test_00004,invalid,passed,False,True,correct_reject,4.6e-05,0.000364,0.000315,1.3e-05,31,13
Kubernetes---kb_377_Normalized.json,Kubernetes---kb_377_Normalized.json::test_00000,valid,failed,False,True,over_constraint,0.954307,0.000587,0.00053,1.9e-05,27,15
Kubernetes---kb_377_Normalized.json,Kubernetes---kb_377_Normalized.json::test_00001,invalid,passed,False,True,correct_reject,0.954307,0.000102,7.2e-05,1.2e-05,20,5
Kubernetes---kb_377_Normalized.json,Kubernetes---kb_377_Normalized.json::test_00002,valid,passed,True,True,correct_accept,0.954307,0.003148,0.003061,3.1e-05,25,25
Kubernetes---kb_377_Normalized.json,Kubernetes---kb_377_Normalized.json::test_00003,invalid,passed,False,True,correct_reject,0.954307,0.000452,0.000401,1.7e-05,24,17
Kubernetes---kb_378_Normalized.json,Kubernetes---kb_378_Normalized.json::test_00000,valid,failed,False,True,over_constraint,4.6e-05,0.000742,0.00067,2.8e-05,27,19
Kubernetes---kb_378_Normalized.json,Kubernetes---kb_378_Normalized.json::test_00001,invalid,passed,False,True,correct_reject,4.6e-05,6.7e-05,4.7e-05,7e-06,20,5
Kubernetes---kb_378_Normalized.json,Kubernetes---kb_378_Normalized.json::test_00002,valid,passed,True,True,correct_accept,4.6e-05,0.002366,0.002295,2.5e-05,22,22
Kubernetes---kb_378_Normalized.json,Kubernetes---kb_378_Normalized.json::test_00003,invalid,passed,False,True,correct_reject,4.6e-05,7e-05,4.9e-05,9e-06,16,5
Kubernetes---kb_379_Normalized.json,Kubernetes---kb_379_Normalized.json::test_00000,valid,passed,True,True,correct_accept,0.967552,0.000733,0.000641,2.6e-05,33,33
Kubernetes---kb_379_Normalized.json,Kubernetes---kb_379_Normalized.json::test_00001,invalid,passed,False,True,correct_reject,0.967552,7.9e-05,5.5e-05,7e-06,29,6
Kubernetes---kb_379_Normalized.json,Kubernetes---kb_379_Normalized.json::test_00002,invalid,passed,False,True,correct_reject,0.967552,6.5e-05,4.3e-05,8e-06,28,5
Kubernetes---kb_37_Normalized.json,Kubernetes---kb_37_Normalized.json::test_00000,valid,passed,True,True,correct_accept,1.22809,0.01677,0.016474,8.3e-05,98,98
Kubernetes---kb_37_Normalized.json,Kubernetes---kb_37_Normalized.json::test_00001,invalid,passed,False,True,correct_reject,1.22809,7.4e-05,4.9e-05,1e-05,6,4
Kubernetes---kb_37_Normalized.json,Kubernetes---kb_37_Normalized.json::test_00002,valid,passed,True,True,correct_accept,1.22809,0.019216,0.018878,0.000104,98,98
Kubernetes---kb_37_Normalized.json,Kubernetes---kb_37_Normalized.json::test_00003,invalid,passed,False,True,correct_reject,1.22809,9.7e-05,6.3e-05,1.6e-05,50,4
Kubernetes---kb_380_Normalized.json,Kubernetes---kb_380_Normalized.json::test_00000,valid,passed,True,True,correct_accept,5.9e-05,0.000796,0.000696,2.9e-05,33,33
Kubernetes---kb_380_Normalized.json,Kubernetes---kb_380_Normalized.json::test_00001,invalid,passed,False,True,correct_reject,5.9e-05,0.000122,8.3e-05,1.4e-05,29,6
Kubernetes---kb_380_Normalized.json,Kubernetes---kb_380_Normalized.json::test_00002,valid,passed,True,True,correct_accept,5.9e-05,0.00079,0.000691,2.9e-05,33,33
Kubernetes---kb_380_Normalized.json,Kubernetes---kb_380_Normalized.json::test_00003,invalid,passed,False,True,correct_reject,5.9e-05,0.000122,8.3e-05,1.5e-05,29,6
Kubernetes---kb_380_Normalized.json,Kubernetes---kb_380_Normalized.json::test_00004,invalid,passed,False,True,correct_reject,5.9e-05,8.3e-05,5.8e-05,9e-06,29,6
Kubernetes---kb_381_Normalized.json,Kubernetes---kb_381_Normalized.json::test_00000,valid,passed,True,True,correct_accept,0.997757,0.001143,0.001022,4.9e-05,25,25
Kubernetes---kb_381_Normalized.json,Kubernetes---kb_381_Normalized.json::test_00001,invalid,passed,False,True,correct_reject,0.997757,0.000106,7.4e-05,1.3e-05,21,6
Kubernetes---kb_381_Normalized.json,Kubernetes---kb_381_Normalized.json::test_00002,invalid,passed,False,True,correct_reject,0.997757,0.000987,0.000873,4.4e-05,26,24
Kubernetes---kb_382_Normalized.json,Kubernetes---kb_382_Normalized.json::test_00000,valid,passed,True,True,correct_accept,5.9e-05,0.000679,0.000599,2.7e-05,25,25
Kubernetes---kb_382_Normalized.json,Kubernetes---kb_382_Normalized.json::test_00001,invalid,passed,False,True,correct_reject,5.9e-05,0.000119,8.1e-05,1.4e-05,21,6
Kubernetes---kb_382_Normalized.json,Kubernetes---kb_382_Normalized.json::test_00002,invalid,passed,False,True,correct_reject,5.9e-05,7.3e-05,4.8e-05,1e-05,19,5
Kubernetes---kb_383_Normalized.json,Kubernetes---kb_383_Normalized.json::test_00000,valid,passed,True,True,correct_accept,0.805708,0.000357,0.000302,3.1e-05,8,8
Kubernetes---kb_383_Normalized.json,Kubernetes---kb_383_Normalized.json::test_00001,invalid,passed,False,True,correct_reject,0.805708,0.00011,7.9e-05,1.1e-05,6,5
Kubernetes---kb_383_Normalized.json,Kubernetes---kb_383_Normalized.json::test_00002,invalid,passed,False,True,correct_reject,0.805708,8.6e-05,5.9e-05,1.1e-05,5,4
Kubernetes---kb_383_Normalized.json,Kubernetes---kb_383_Normalized.json::test_00003,invalid,passed,False,True,correct_reject,0.805708,0.000107,7.4e-05,1.1e-05,7,5
Kubernetes---kb_384_Normalized.json,Kubernetes---kb_384_Normalized.json::test_00000,valid,passed,True,True,correct_accept,4.5e-05,0.000413,0.00036,2.2e-05,8,8
Kubernetes---kb_384_Normalized.json,Kubernetes---kb_384_Normalized.json::test_00001,invalid,passed,False,True,correct_reject,4.5e-05,0.000108,7.6e-05,1.1e-05,6,5
Kubernetes---kb_385_Normalized.json,Kubernetes---kb_385_Normalized.json::test_00000,valid,passed,True,True,correct_accept,0.948958,0.000425,0.000365,2.1e-05,16,16
Kubernetes---kb_385_Normalized.json,Kubernetes---kb_385_Normalized.json::test_00001,invalid,passed,False,True,correct_reject,0.948958,0.000101,7e-05,1.2e-05,14,6
Kubernetes---kb_385_Normalized.json,Kubernetes---kb_385_Normalized.json::test_00002,invalid,passed,False,True,correct_reject,0.948958,0.000302,0.000253,1.7e-05,15,14
Kubernetes---kb_386_Normalized.json,Kubernetes---kb_386_Normalized.json::test_00000,valid,passed,True,True,correct_accept,7.4e-05,0.000739,0.00064,3.9e-05,16,16
Kubernetes---kb_386_Normalized.json,Kubernetes---kb_386_Normalized.json::test_00001,invalid,passed,False,True,correct_reject,7.4e-05,8.8e-05,6.1e-05,9e-06,14,6
Kubernetes---kb_386_Normalized.json,Kubernetes---kb_386_Normalized.json::test_00002,invalid,passed,False,True,correct_reject,7.4e-05,0.000516,0.000431,3.1e-05,15,14
Kubernetes---kb_386_Normalized.json,Kubernetes---kb_386_Normalized.json::test_00003,invalid,passed,False,True,correct_reject,7.4e-05,0.0001,6.5e-05,1.4e-05,12,5
Kubernetes---kb_387_Normalized.json,Kubernetes---kb_387_Normalized.json::test_00000,valid,passed,True,True,correct_accept,2.38585,0.000824,0.000733,3.4e-05,21,21
Kubernetes---kb_387_Normalized.json,Kubernetes---kb_387_Normalized.json::test_00001,valid,passed,True,True,correct_accept,2.38585,0.000945,0.00085,3.3e-05,23,23
Kubernetes---kb_387_Normalized.json,Kubernetes---kb_387_Normalized.json::test_00002,invalid,passed,False,True,correct_reject,2.38585,0.000515,0.000444,2.4e-05,25,15
Kubernetes---kb_387_Normalized.json,Kubernetes---kb_387_Normalized.json::test_00003,invalid,passed,False,True,correct_reject,2.38585,0.000189,0.00013,2.2e-05,21,8
Kubernetes---kb_388_Normalized.json,Kubernetes---kb_388_Normalized.json::test_00000,valid,passed,True,True,correct_accept,0.000109,0.001061,0.000941,4.9e-05,21,21
Kubernetes---kb_388_Normalized.json,Kubernetes---kb_388_Normalized.json::test_00001,invalid,passed,False,True,correct_reject,0.000109,0.000116,7.6e-05,1.5e-05,12,7
Kubernetes---kb_389_Normalized.json,Kubernetes---kb_389_Normalized.json::test_00000,valid,failed,False,True,over_constraint,11.5681,0.00013,8.3e-05,1.9e-05,161,8
Kubernetes---kb_389_Normalized.json,Kubernetes---kb_389_Normalized.json::test_00001,invalid,passed,False,True,correct_reject,11.5681,0.000106,6.8e-05,1.6e-05,158,6
Kubernetes---kb_389_Normalized.json,Kubernetes---kb_389_Normalized.json::test_00002,invalid,passed,False,True,correct_reject,11.5681,0.000146,9.1e-05,2e-05,160,8
Kubernetes---kb_389_Normalized.json,Kubernetes---kb_389_Normalized.json::test_00003,valid,failed,False,True,over_constraint,11.7264,0.000322,9.2e-05,0.000201,160,8
Kubernetes---kb_389_Normalized.json,Kubernetes---kb_389_Normalized.json::test_00004,invalid,passed,False,True,correct_reject,11.7264,0.000101,6.8e-05,1.1e-05,185,8
Kubernetes---kb_38_Normalized.json,Kubernetes---kb_38_Normalized.json::test_00000,valid,passed,True,True,correct_accept,0.000128,0.019674,0.019327,0.000107,100,100
Kubernetes---kb_38_Normalized.json,Kubernetes---kb_38_Normalized.json::test_00001,invalid,passed,False,True,correct_reject,0.000128,8.3e-05,5.4e-05,1.1e-05,6,4
Kubernetes---kb_38_Normalized.json,Kubernetes---kb_38_Normalized.json::test_00002,invalid,passed,False,True,correct_reject,0.000128,0.019437,0.019114,0.000104,94,93
Kubernetes---kb_38_Normalized.json,Kubernetes---kb_38_Normalized.json::test_00003,valid,passed,True,True,correct_accept,0.000128,0.018688,0.018348,0.000101,98,98
Kubernetes---kb_38_Normalized.json,Kubernetes---kb_38_Normalized.json::test_00004,invalid,passed,False,True,correct_reject,0.000128,7.9e-05,5.1e-05,1.3e-05,8,4
Kubernetes---kb_38_Normalized.json,Kubernetes---kb_38_Normalized.json::test_00005,invalid,passed,False,True,correct_reject,0.000128,0.018727,0.018451,9.1e-05,81,80
Kubernetes---kb_390_Normalized.json,Kubernetes---kb_390_Normalized.json::test_00000,valid,failed,False,True,over_constraint,15.6846,0.000104,6.5e-05,1.5e-05,209,8
Kubernetes---kb_390_Normalized.json,Kubernetes---kb_390_Normalized.json::test_00001,invalid,passed,False,True,correct_reject,15.6846,9.6e-05,6e-05,1.1e-05,213,8
Kubernetes---kb_393_Normalized.json,Kubernetes---kb_393_Normalized.json::test_00000,valid,passed,True,True,correct_accept,2.02877,0.001434,0.001206,1.8e-05,128,128
Kubernetes---kb_393_Normalized.json,Kubernetes---kb_393_Normalized.json::test_00001,valid,passed,True,True,correct_accept,2.02877,0.002752,0.002309,0.000137,132,132
Kubernetes---kb_393_Normalized.json,Kubernetes---kb_393_Normalized.json::test_00002,invalid,passed,False,True,correct_reject,2.02877,0.000281,0.000205,2.9e-05,157,18
Kubernetes---kb_394_Normalized.json,Kubernetes---kb_394_Normalized.json::test_00000,valid,passed,True,True,correct_accept,5.9e-05,0.001442,0.001205,1.6e-05,128,128
Kubernetes---kb_395_Normalized.json,Kubernetes---kb_395_Normalized.json::test_00000,valid,passed,True,True,correct_accept,1.09811,0.008674,0.008483,6.2e-05,54,54
Kubernetes---kb_395_Normalized.json,Kubernetes---kb_395_Normalized.json::test_00001,invalid,passed,False,True,correct_reject,1.09811,0.00282,0.002751,1.6e-05,46,25
Kubernetes---kb_395_Normalized.json,Kubernetes---kb_395_Normalized.json::test_00002,valid,passed,True,True,correct_accept,1.09811,0.009119,0.008937,6e-05,56,56
Kubernetes---kb_395_Normalized.json,Kubernetes---kb_395_Normalized.json::test_00003,invalid,passed,False,True,correct_reject,1.09811,0.002988,0.002901,2.6e-05,48,25
Kubernetes---kb_396_Normalized.json,Kubernetes---kb_396_Normalized.json::test_00000,valid,passed,True,True,correct_accept,6.4e-05,0.010797,0.010538,9.6e-05,54,54
Kubernetes---kb_396_Normalized.json,Kubernetes---kb_396_Normalized.json::test_00001,invalid,passed,False,True,correct_reject,6.4e-05,0.003523,0.003404,3.9e-05,46,25
Kubernetes---kb_396_Normalized.json,Kubernetes---kb_396_Normalized.json::test_00002,valid,passed,True,True,correct_accept,6.4e-05,0.00906,0.008825,7.9e-05,58,58
Kubernetes---kb_396_Normalized.json,Kubernetes---kb_396_Normalized.json::test_00003,invalid,passed,False,True,correct_reject,6.4e-05,5.5e-05,3.9e-05,6e-06,58,2
Kubernetes---kb_397_Normalized.json,Kubernetes---kb_397_Normalized.json::test_00000,valid,passed,True,True,correct_accept,7.7e-05,0.009014,0.008739,0.000105,61,61
Kubernetes---kb_397_Normalized.json,Kubernetes---kb_397_Normalized.json::test_00001,invalid,passed,False,True,correct_reject,7.7e-05,0.003306,0.003217,2.6e-05,50,25
Kubernetes---kb_397_Normalized.json,Kubernetes---kb_397_Normalized.json::test_00002,valid,passed,True,True,correct_accept,7.7e-05,0.007879,0.007718,4.7e-05,57,57
Kubernetes---kb_397_Normalized.json,Kubernetes---kb_397_Normalized.json::test_00003,invalid,passed,False,True,correct_reject,7.7e-05,0.004194,0.004096,3.6e-05,46,25
Kubernetes---kb_398_Normalized.json,Kubernetes---kb_398_Normalized.json::test_00000,valid,failed,False,True,over_constraint,10.8069,0.000293,8.6e-05,0.00018,209,8
Kubernetes---kb_398_Normalized.json,Kubernetes---kb_398_Normalized.json::test_00001,invalid,passed,False,True,correct_reject,10.8069,0.000112,7.2e-05,1.6e-05,204,8
Kubernetes---kb_398_Normalized.json,Kubernetes---kb_398_Normalized.json::test_00002,invalid,passed,False,True,correct_reject,10.8069,9.7e-05,6.7e-05,1.1e-05,110,8
Kubernetes---kb_398_Normalized.json,Kubernetes---kb_398_Normalized.json::test_00003,invalid,passed,False,True,correct_reject,10.8069,0.00011,7.2e-05,1.5e-05,209,8
Kubernetes---kb_398_Normalized.json,Kubernetes---kb_398_Normalized.json::test_00004,invalid,passed,False,True,correct_reject,10.8069,0.000126,8.2e-05,1.7e-05,110,8
Kubernetes---kb_398_Normalized.json,Kubernetes---kb_398_Normalized.json::test_00005,valid,failed,False,True,over_constraint,10.8069,9.2e-05,6e-05,1.1e-05,216,8
Kubernetes---kb_398_Normalized.json,Kubernetes---kb_398_Normalized.json::test_00006,invalid,passed,False,True,correct_reject,10.8069,0.000107,6.3e-05,2.3e-05,218,8
Kubernetes---kb_39_Normalized.json,Kubernetes---kb_39_Normalized.json::test_00000,valid,passed,True,True,correct_accept,1.63358,0.007831,0.007553,7.6e-05,94,94
Kubernetes---kb_39_Normalized.json,Kubernetes---kb_39_Normalized.json::test_00001,invalid,passed,False,True,correct_reject,1.63358,0.000112,7.2e-05,1.7e-05,93,6
Kubernetes---kb_39_Normalized.json,Kubernetes---kb_39_Normalized.json::test_00002,invalid,passed,False,True,correct_reject,1.63358,0.006729,0.00651,5.4e-05,82,68
Kubernetes---kb_39_Normalized.json,Kubernetes---kb_39_Normalized.json::test_00003,invalid,passed,False,True,correct_reject,1.63358,0.005843,0.005696,4.5e-05,107,41
Kubernetes---kb_39_Normalized.json,Kubernetes---kb_39_Normalized.json::test_00004,valid,passed,True,True,correct_accept,1.63358,0.008925,0.008518,0.000138,95,95
Kubernetes---kb_39_Normalized.json,Kubernetes---kb_39_Normalized.json::test_00005,invalid,passed,False,True,correct_reject,1.63358,9.8e-05,6.3e-05,1.5e-05,94,6
Kubernetes---kb_3_Normalized.json,Kubernetes---kb_3_Normalized.json::test_00000,valid,passed,True,True,correct_accept,7.4e-05,0.00156,0.001369,5.2e-05,73,73
Kubernetes---kb_3_Normalized.json,Kubernetes---kb_3_Normalized.json::test_00001,invalid,passed,False,True,correct_reject,7.4e-05,0.000807,0.000691,4.6e-05,72,21
Kubernetes---kb_3_Normalized.json,Kubernetes---kb_3_Normalized.json::test_00002,invalid,passed,False,True,correct_reject,7.4e-05,9.6e-05,6.1e-05,1.5e-05,8,6
Kubernetes---kb_3_Normalized.json,Kubernetes---kb_3_Normalized.json::test_00003,invalid,passed,False,True,correct_reject,7.4e-05,0.000222,0.000171,1.8e-05,73,14
Kubernetes---kb_3_Normalized.json,Kubernetes---kb_3_Normalized.json::test_00004,invalid,passed,False,True,correct_reject,7.4e-05,0.001021,0.000913,4.1e-05,79,28
Kubernetes---kb_3_Normalized.json,Kubernetes---kb_3_Normalized.json::test_00005,invalid,passed,False,True,correct_reject,7.4e-05,0.00024,0.000184,2e-05,72,14
Kubernetes---kb_3_Normalized.json,Kubernetes---kb_3_Normalized.json::test_00006,valid,passed,True,True,correct_accept,7.4e-05,0.002248,0.001985,0.0001,64,64
Kubernetes---kb_3_Normalized.json,Kubernetes---kb_3_Normalized.json::test_00007,invalid,passed,False,True,correct_reject,7.4e-05,7.8e-05,5e-05,1.1e-05,23,6
Kubernetes---kb_3_Normalized.json,Kubernetes---kb_3_Normalized.json::test_00008,invalid,passed,False,True,correct_reject,7.4e-05,0.000701,0.000611,2.8e-05,69,27
Kubernetes---kb_3_Normalized.json,Kubernetes---kb_3_Normalized.json::test_00009,invalid,passed,False,True,correct_reject,7.4e-05,0.000245,0.000189,2e-05,82,14
Kubernetes---kb_402_Normalized.json,Kubernetes---kb_402_Normalized.json::test_00000,valid,passed,True,True,correct_accept,1.79299,0.003277,0.003131,3.3e-05,54,54
Kubernetes---kb_402_Normalized.json,Kubernetes---kb_402_Normalized.json::test_00001,invalid,passed,False,True,correct_reject,1.79299,0.000185,0.000153,1e-05,56,8
Kubernetes---kb_402_Normalized.json,Kubernetes---kb_402_Normalized.json::test_00002,invalid,passed,False,True,correct_reject,1.79299,0.000107,7e-05,1.4e-05,54,6
Kubernetes---kb_402_Normalized.json,Kubernetes---kb_402_Normalized.json::test_00003,invalid,passed,False,True,correct_reject,1.79299,0.003038,0.002941,2.7e-05,48,32
Kubernetes---kb_402_Normalized.json,Kubernetes---kb_402_Normalized.json::test_00004,invalid,compiled,,False,no_decision,1.79299,,,,,
Kubernetes---kb_402_Normalized.json,Kubernetes---kb_402_Normalized.json::test_00005,invalid,compiled,,False,no_decision,1.79299,,,,,
Kubernetes---kb_402_Normalized.json,Kubernetes---kb_402_Normalized.json::test_00006,invalid,compiled,,False,no_decision,1.79299,,,,,
Kubernetes---kb_403_Normalized.json,Kubernetes---kb_403_Normalized.json::test_00000,valid,passed,True,True,correct_accept,4.1364,0.004989,0.004827,3.3e-05,72,72
Kubernetes---kb_403_Normalized.json,Kubernetes---kb_403_Normalized.json::test_00001,valid,failed,False,True,over_constraint,4.1364,0.010535,0.01015,8.1e-05,228,173
Kubernetes---kb_403_Normalized.json,Kubernetes---kb_403_Normalized.json::test_00002,invalid,passed,False,True,correct_reject,4.1364,5.9e-05,3.9e-05,6e-06,230,6
Kubernetes---kb_403_Normalized.json,Kubernetes---kb_403_Normalized.json::test_00003,invalid,passed,False,True,correct_reject,4.1364,0.002497,0.002383,3.1e-05,228,42
Kubernetes---kb_403_Normalized.json,Kubernetes---kb_403_Normalized.json::test_00004,invalid,passed,False,True,correct_reject,4.1364,0.004875,0.004691,3.1e-05,217,84
Kubernetes---kb_404_Normalized.json,Kubernetes---kb_404_Normalized.json::test_00000,valid,passed,True,True,correct_accept,5.27105,0.010793,0.010347,0.000106,175,175
Kubernetes---kb_404_Normalized.json,Kubernetes---kb_404_Normalized.json::test_00001,valid,passed,True,True,correct_accept,5.27105,0.011696,0.011291,6.8e-05,175,175
Kubernetes---kb_404_Normalized.json,Kubernetes---kb_404_Normalized.json::test_00002,invalid,passed,False,True,correct_reject,5.27105,5e-05,3.6e-05,5e-06,175,2
Kubernetes---kb_405_Normalized.json,Kubernetes---kb_405_Normalized.json::test_00000,valid,passed,True,True,correct_accept,0.00014,0.011946,0.011478,0.000122,175,175
Kubernetes---kb_405_Normalized.json,Kubernetes---kb_405_Normalized.json::test_00001,valid,passed,True,True,correct_accept,0.00014,0.010395,0.010037,5.9e-05,175,175
Kubernetes---kb_406_Normalized.json,Kubernetes---kb_406_Normalized.json::test_00000,valid,passed,True,True,correct_accept,1.74828,0.003738,0.003536,6e-05,54,54
Kubernetes---kb_406_Normalized.json,Kubernetes---kb_406_Normalized.json::test_00001,invalid,passed,False,True,correct_reject,1.74828,7.7e-05,4.7e-05,1.1e-05,54,8
Kubernetes---kb_406_Normalized.json,Kubernetes---kb_406_Normalized.json::test_00002,invalid,passed,False,True,correct_reject,1.74828,7.3e-05,4.5e-05,1.1e-05,54,8
Kubernetes---kb_406_Normalized.json,Kubernetes---kb_406_Normalized.json::test_00003,valid,passed,True,True,correct_accept,1.74828,0.003927,0.003732,6.3e-05,54,54
Kubernetes---kb_406_Normalized.json,Kubernetes---kb_406_Normalized.json::test_00004,invalid,passed,False,True,correct_reject,1.74828,0.000226,0.000185,1.8e-05,56,10
Kubernetes---kb_406_Normalized.json,Kubernetes---kb_406_Normalized.json::test_00005,invalid,passed,False,True,correct_reject,1.74828,0.000243,0.000186,2.4e-05,54,10
Kubernetes---kb_407_Normalized.json,Kubernetes---kb_407_Normalized.json::test_00000,valid,passed,True,True,correct_accept,5.17123,0.020913,0.020367,0.00014,190,190
Kubernetes---kb_407_Normalized.json,Kubernetes---kb_407_Normalized.json::test_00001,valid,passed,True,True,correct_accept,5.17123,0.032063,0.031125,0.000379,188,188
Kubernetes---kb_407_Normalized.json,Kubernetes---kb_407_Normalized.json::test_00002,invalid,passed,False,True,correct_reject,5.17123,0.021218,0.020805,0.000114,188,150
Kubernetes---kb_408_Normalized.json,Kubernetes---kb_408_Normalized.json::test_00000,valid,passed,True,True,correct_accept,4.99997,0.032027,0.030817,0.000325,412,412
Kubernetes---kb_408_Normalized.json,Kubernetes---kb_408_Normalized.json::test_00001,valid,passed,True,True,correct_accept,4.99997,0.015618,0.015193,8.4e-05,181,181
Kubernetes---kb_408_Normalized.json,Kubernetes---kb_408_Normalized.json::test_00002,invalid,passed,False,True,correct_reject,4.99997,0.012929,0.012633,7.3e-05,181,116
Kubernetes---kb_408_Normalized.json,Kubernetes---kb_408_Normalized.json::test_00003,invalid,passed,False,True,correct_reject,4.99997,0.012678,0.012386,7.9e-05,174,98
Kubernetes---kb_409_Normalized.json,Kubernetes---kb_409_Normalized.json::test_00000,valid,passed,True,True,correct_accept,0.000129,0.008965,0.00869,5.2e-05,130,130
Kubernetes---kb_409_Normalized.json,Kubernetes---kb_409_Normalized.json::test_00001,valid,passed,True,True,correct_accept,0.000129,0.009099,0.008821,5.2e-05,130,130
Kubernetes---kb_409_Normalized.json,Kubernetes---kb_409_Normalized.json::test_00002,invalid,passed,False,True,correct_reject,0.000129,0.005714,0.005576,3.6e-05,118,55
Kubernetes---kb_409_Normalized.json,Kubernetes---kb_409_Normalized.json::test_00003,invalid,passed,False,True,correct_reject,0.000129,0.005881,0.005748,3e-05,134,54
Kubernetes---kb_40_Normalized.json,Kubernetes---kb_40_Normalized.json::test_00000,valid,passed,True,True,correct_accept,1.40872,0.008388,0.008034,0.000127,91,91
Kubernetes---kb_40_Normalized.json,Kubernetes---kb_40_Normalized.json::test_00001,invalid,passed,False,True,correct_reject,1.40872,0.000117,8.1e-05,1.4e-05,90,6
Kubernetes---kb_40_Normalized.json,Kubernetes---kb_40_Normalized.json::test_00002,invalid,passed,False,True,correct_reject,1.40872,0.007919,0.007675,8.4e-05,77,69
Kubernetes---kb_40_Normalized.json,Kubernetes---kb_40_Normalized.json::test_00003,invalid,passed,False,True,correct_reject,1.40872,0.006855,0.006571,9.8e-05,112,71
Kubernetes---kb_40_Normalized.json,Kubernetes---kb_40_Normalized.json::test_00004,valid,passed,True,True,correct_accept,1.40872,0.005985,0.005782,3.4e-05,94,94
Kubernetes---kb_40_Normalized.json,Kubernetes---kb_40_Normalized.json::test_00005,invalid,passed,False,True,correct_reject,1.40872,0.004304,0.004228,2e-05,87,30
Kubernetes---kb_410_Normalized.json,Kubernetes---kb_410_Normalized.json::test_00000,valid,passed,True,True,correct_accept,0.883789,0.000609,0.000549,1.3e-05,25,25
Kubernetes---kb_410_Normalized.json,Kubernetes---kb_410_Normalized.json::test_00001,invalid,passed,False,True,correct_reject,0.883789,0.000265,0.00023,1.2e-05,23,10
Kubernetes---kb_410_Normalized.json,Kubernetes---kb_410_Normalized.json::test_00002,valid,passed,True,True,correct_accept,0.883789,0.000628,0.000563,1.3e-05,25,25
Kubernetes---kb_410_Normalized.json,Kubernetes---kb_410_Normalized.json::test_00003,invalid,passed,False,True,correct_reject,0.883789,0.000124,9.3e-05,1.1e-05,19,5
Kubernetes---kb_411_Normalized.json,Kubernetes---kb_411_Normalized.json::test_00000,valid,passed,True,True,correct_accept,4.7e-05,0.000684,0.000616,1.8e-05,25,25
Kubernetes---kb_411_Normalized.json,Kubernetes---kb_411_Normalized.json::test_00001,invalid,passed,False,True,correct_reject,4.7e-05,0.000233,0.0002,1.2e-05,23,10
Kubernetes---kb_411_Normalized.json,Kubernetes---kb_411_Normalized.json::test_00002,invalid,passed,False,True,correct_reject,4.7e-05,0.000101,7.1e-05,1.1e-05,19,6
Kubernetes---kb_412_Normalized.json,Kubernetes---kb_412_Normalized.json::test_00000,valid,passed,True,True,correct_accept,0.83762,0.000475,0.000413,2.4e-05,13,13
Kubernetes---kb_412_Normalized.json,Kubernetes---kb_412_Normalized.json::test_00001,invalid,passed,False,True,correct_reject,0.83762,9e-05,6.3e-05,1e-05,12,5
Kubernetes---kb_412_Normalized.json,Kubernetes---kb_412_Normalized.json::test_00002,invalid,passed,False,True,correct_reject,0.83762,5.1e-05,3.6e-05,4e-06,6,2
Kubernetes---kb_413_Normalized.json,Kubernetes---kb_413_Normalized.json::test_00000,valid,passed,True,True,correct_accept,5.7e-05,0.000665,0.000582,3.4e-05,13,13
Kubernetes---kb_413_Normalized.json,Kubernetes---kb_413_Normalized.json::test_00001,invalid,passed,False,True,correct_reject,5.7e-05,8.3e-05,6e-05,7e-06,12,5
Kubernetes---kb_413_Normalized.json,Kubernetes---kb_413_Normalized.json::test_00002,invalid,passed,False,True,correct_reject,5.7e-05,7.4e-05,5e-05,1e-05,11,4
Kubernetes---kb_414_Normalized.json,Kubernetes---kb_414_Normalized.json::test_00000,valid,passed,True,True,correct_accept,1.00608,0.000412,0.000335,2.5e-05,14,14
Kubernetes---kb_414_Normalized.json,Kubernetes---kb_414_Normalized.json::test_00001,invalid,passed,False,True,correct_reject,1.00608,7.6e-05,5.1e-05,1e-05,14,4
Kubernetes---kb_414_Normalized.json,Kubernetes---kb_414_Normalized.json::test_00002,invalid,passed,False,True,correct_reject,1.00608,0.000222,0.000174,1.7e-05,14,11
Kubernetes---kb_414_Normalized.json,Kubernetes---kb_414_Normalized.json::test_00003,valid,passed,True,True,correct_accept,1.00608,0.000325,0.000263,2.1e-05,14,14
Kubernetes---kb_415_Normalized.json,Kubernetes---kb_415_Normalized.json::test_00000,valid,passed,True,True,correct_accept,0.869865,0.000375,0.000319,2e-05,14,14
Kubernetes---kb_415_Normalized.json,Kubernetes---kb_415_Normalized.json::test_00001,invalid,passed,False,True,correct_reject,0.869865,6.4e-05,4.3e-05,9e-06,14,4
Kubernetes---kb_415_Normalized.json,Kubernetes---kb_415_Normalized.json::test_00002,invalid,passed,False,True,correct_reject,0.869865,0.00017,0.000138,8e-06,14,11
Kubernetes---kb_415_Normalized.json,Kubernetes---kb_415_Normalized.json::test_00003,valid,passed,True,True,correct_accept,0.869865,0.00033,0.000271,2.1e-05,14,14
Kubernetes---kb_416_Normalized.json,Kubernetes---kb_416_Normalized.json::test_00000,valid,passed,True,True,correct_accept,5.3e-05,0.000259,0.000219,1.1e-05,14,14
Kubernetes---kb_416_Normalized.json,Kubernetes---kb_416_Normalized.json::test_00001,invalid,passed,False,True,correct_reject,5.3e-05,5.2e-05,3.5e-05,7e-06,14,4
Kubernetes---kb_416_Normalized.json,Kubernetes---kb_416_Normalized.json::test_00002,invalid,passed,False,True,correct_reject,5.3e-05,0.000222,0.000173,1.8e-05,14,11
Kubernetes---kb_416_Normalized.json,Kubernetes---kb_416_Normalized.json::test_00003,valid,passed,True,True,correct_accept,5.3e-05,0.000264,0.000223,1.2e-05,14,14
Kubernetes---kb_416_Normalized.json,Kubernetes---kb_416_Normalized.json::test_00004,invalid,passed,False,True,correct_reject,5.3e-05,4.3e-05,3.2e-05,4e-06,15,2
Kubernetes---kb_417_Normalized.json,Kubernetes---kb_417_Normalized.json::test_00000,valid,passed,True,True,correct_accept,1.08303,0.00039,0.000336,1.4e-05,20,20
Kubernetes---kb_417_Normalized.json,Kubernetes---kb_417_Normalized.json::test_00001,invalid,passed,False,True,correct_reject,1.08303,7.1e-05,4.6e-05,1e-05,20,5
Kubernetes---kb_417_Normalized.json,Kubernetes---kb_417_Normalized.json::test_00002,invalid,passed,False,True,correct_reject,1.08303,0.000218,0.000174,1.3e-05,19,12
Kubernetes---kb_417_Normalized.json,Kubernetes---kb_417_Normalized.json::test_00003,invalid,passed,False,True,correct_reject,1.08303,0.000238,0.000189,1.8e-05,19,12
Kubernetes---kb_418_Normalized.json,Kubernetes---kb_418_Normalized.json::test_00000,valid,passed,True,True,correct_accept,6.6e-05,0.000547,0.000479,2.1e-05,20,20
Kubernetes---kb_418_Normalized.json,Kubernetes---kb_418_Normalized.json::test_00001,invalid,passed,False,True,correct_reject,6.6e-05,0.000306,0.000255,1.3e-05,20,18
Kubernetes---kb_418_Normalized.json,Kubernetes---kb_418_Normalized.json::test_00002,invalid,passed,False,True,correct_reject,6.6e-05,0.000195,0.000159,1e-05,19,12
Kubernetes---kb_419_Normalized.json,Kubernetes---kb_419_Normalized.json::test_00000,valid,passed,True,True,correct_accept,1.74965,0.001393,0.001156,8.2e-05,63,63
Kubernetes---kb_419_Normalized.json,Kubernetes---kb_419_Normalized.json::test_00001,invalid,passed,False,True,correct_reject,1.74965,6.6e-05,4.5e-05,7e-06,26,5
Kubernetes---kb_419_Normalized.json,Kubernetes---kb_419_Normalized.json::test_00002,invalid,passed,False,True,correct_reject,1.74965,0.000699,0.000586,2.1e-05,61,50
Kubernetes---kb_419_Normalized.json,Kubernetes---kb_419_Normalized.json::test_00003,valid,passed,True,True,correct_accept,1.74965,0.000841,0.000713,2.1e-05,62,62
Kubernetes---kb_419_Normalized.json,Kubernetes---kb_419_Normalized.json::test_00004,invalid,passed,False,True,correct_reject,1.74965,0.00074,0.000621,2.2e-05,60,49
Kubernetes---kb_41_Normalized.json,Kubernetes---kb_41_Normalized.json::test_00000,valid,passed,True,True,correct_accept,0.893435,0.000517,0.000435,3.6e-05,17,17
Kubernetes---kb_41_Normalized.json,Kubernetes---kb_41_Normalized.json::test_00001,invalid,passed,False,True,correct_reject,0.893435,9.8e-05,7e-05,1e-05,14,6
Kubernetes---kb_41_Normalized.json,Kubernetes---kb_41_Normalized.json::test_00002,invalid,passed,False,True,correct_reject,0.893435,0.000398,0.000343,1.7e-05,16,15
Kubernetes---kb_41_Normalized.json,Kubernetes---kb_41_Normalized.json::test_00003,valid,passed,True,True,correct_accept,0.893435,0.000538,0.000472,2.4e-05,17,17
Kubernetes---kb_41_Normalized.json,Kubernetes---kb_41_Normalized.json::test_00004,invalid,passed,False,True,correct_reject,0.893435,6.8e-05,4.8e-05,7e-06,15,2
Kubernetes---kb_420_Normalized.json,Kubernetes---kb_420_Normalized.json::test_00000,valid,passed,True,True,correct_accept,7.7e-05,0.002012,0.001692,0.000118,62,62
Kubernetes---kb_420_Normalized.json,Kubernetes---kb_420_Normalized.json::test_00001,invalid,passed,False,True,correct_reject,7.7e-05,9.5e-05,6.5e-05,1.3e-05,26,5
Kubernetes---kb_420_Normalized.json,Kubernetes---kb_420_Normalized.json::test_00002,invalid,passed,False,True,correct_reject,7.7e-05,0.000942,0.000795,4e-05,60,49
Kubernetes---kb_420_Normalized.json,Kubernetes---kb_420_Normalized.json::test_00003,valid,passed,True,True,correct_accept,7.7e-05,0.002359,0.002016,0.00014,63,63
Kubernetes---kb_420_Normalized.json,Kubernetes---kb_420_Normalized.json::test_00004,invalid,passed,False,True,correct_reject,7.7e-05,0.001586,0.001329,0.000107,66,42
Kubernetes---kb_421_Normalized.json,Kubernetes---kb_421_Normalized.json::test_00000,valid,passed,True,True,correct_accept,1.67334,0.010062,0.00985,7.4e-05,58,58
Kubernetes---kb_421_Normalized.json,Kubernetes---kb_421_Normalized.json::test_00001,valid,passed,True,True,correct_accept,1.67334,0.010968,0.010654,0.000129,58,58
Kubernetes---kb_421_Normalized.json,Kubernetes---kb_421_Normalized.json::test_00002,invalid,passed,False,True,correct_reject,1.67334,0.000267,0.000219,2e-05,57,9
Kubernetes---kb_421_Normalized.json,Kubernetes---kb_421_Normalized.json::test_00003,invalid,passed,False,True,correct_reject,1.67334,0.000286,0.00023,1.8e-05,59,6
Kubernetes---kb_422_Normalized.json,Kubernetes---kb_422_Normalized.json::test_00000,valid,passed,True,True,correct_accept,9.9e-05,0.010085,0.009837,8.8e-05,58,58
Kubernetes---kb_422_Normalized.json,Kubernetes---kb_422_Normalized.json::test_00001,valid,passed,True,True,correct_accept,9.9e-05,0.010618,0.010379,9.5e-05,57,57
Kubernetes---kb_422_Normalized.json,Kubernetes---kb_422_Normalized.json::test_00002,invalid,passed,False,True,correct_reject,9.9e-05,0.000257,0.000212,1.8e-05,59,9
Kubernetes---kb_422_Normalized.json,Kubernetes---kb_422_Normalized.json::test_00003,invalid,passed,False,True,correct_reject,9.9e-05,0.000247,0.000203,1.9e-05,58,6
Kubernetes---kb_422_Normalized.json,Kubernetes---kb_422_Normalized.json::test_00004,invalid,passed,False,True,correct_reject,9.9e-05,0.000219,0.00018,1.3e-05,44,9
Kubernetes---kb_423_Normalized.json,Kubernetes---kb_423_Normalized.json::test_00000,valid,passed,True,True,correct_accept,1.05269,0.000678,0.00061,2.1e-05,20,20
Kubernetes---kb_423_Normalized.json,Kubernetes---kb_423_Normalized.json::test_00001,invalid,passed,False,True,correct_reject,1.05269,9.9e-05,7e-05,9e-06,19,5
Kubernetes---kb_423_Normalized.json,Kubernetes---kb_423_Normalized.json::test_00002,valid,passed,True,True,correct_accept,1.05269,0.000449,0.000387,2e-05,14,14
Kubernetes---kb_423_Normalized.json,Kubernetes---kb_423_Normalized.json::test_00003,invalid,passed,False,True,correct_reject,1.05269,7.8e-05,5.2e-05,8e-06,11,4
Kubernetes---kb_423_Normalized.json,Kubernetes---kb_423_Normalized.json::test_00004,invalid,passed,False,True,correct_reject,1.05269,0.000122,8.3e-05,1.3e-05,11,10
Kubernetes---kb_424_Normalized.json,Kubernetes---kb_424_Normalized.json::test_00000,valid,passed,True,True,correct_accept,6e-05,0.000771,0.000691,2.6e-05,20,20
Kubernetes---kb_424_Normalized.json,Kubernetes---kb_424_Normalized.json::test_00001,invalid,passed,False,True,correct_reject,6e-05,0.000108,7.8e-05,1e-05,19,5
Kubernetes---kb_424_Normalized.json,Kubernetes---kb_424_Normalized.json::test_00002,valid,passed,True,True,correct_accept,6e-05,0.000415,0.000355,2.2e-05,13,13
Kubernetes---kb_424_Normalized.json,Kubernetes---kb_424_Normalized.json::test_00003,invalid,passed,False,True,correct_reject,6e-05,0.000106,7.6e-05,1e-05,13,5
Kubernetes---kb_424_Normalized.json,Kubernetes---kb_424_Normalized.json::test_00004,invalid,passed,False,True,correct_reject,6e-05,0.0001,7.1e-05,9e-06,14,5
Kubernetes---kb_425_Normalized.json,Kubernetes---kb_425_Normalized.json::test_00000,valid,passed,True,True,correct_accept,2.37492,0.003562,0.003427,4.2e-05,43,43
Kubernetes---kb_425_Normalized.json,Kubernetes---kb_425_Normalized.json::test_00001,invalid,passed,False,True,correct_reject,2.37492,0.003235,0.003126,3.5e-05,41,33
Kubernetes---kb_425_Normalized.json,Kubernetes---kb_425_Normalized.json::test_00002,invalid,passed,False,True,correct_reject,2.37492,0.00032,0.000255,3e-05,28,12
Kubernetes---kb_426_Normalized.json,Kubernetes---kb_426_Normalized.json::test_00000,valid,passed,True,True,correct_accept,2.139,0.003879,0.003715,5.7e-05,42,42
Kubernetes---kb_426_Normalized.json,Kubernetes---kb_426_Normalized.json::test_00001,valid,passed,True,True,correct_accept,2.139,0.005278,0.005085,8.2e-05,42,42
Kubernetes---kb_426_Normalized.json,Kubernetes---kb_426_Normalized.json::test_00002,invalid,passed,False,True,correct_reject,2.139,0.003746,0.003594,5.5e-05,42,33
Kubernetes---kb_426_Normalized.json,Kubernetes---kb_426_Normalized.json::test_00003,invalid,passed,False,True,correct_reject,2.139,0.005211,0.005023,8.8e-05,39,24
Kubernetes---kb_427_Normalized.json,Kubernetes---kb_427_Normalized.json::test_00000,valid,passed,True,True,correct_accept,9.4e-05,0.003832,0.003689,4.6e-05,42,42
Kubernetes---kb_427_Normalized.json,Kubernetes---kb_427_Normalized.json::test_00001,invalid,passed,False,True,correct_reject,9.4e-05,0.00347,0.003358,3.9e-05,40,32
Kubernetes---kb_427_Normalized.json,Kubernetes---kb_427_Normalized.json::test_00002,invalid,passed,False,True,correct_reject,9.4e-05,0.000265,0.000221,2e-05,51,10
Kubernetes---kb_427_Normalized.json,Kubernetes---kb_427_Normalized.json::test_00003,invalid,passed,False,True,correct_reject,9.4e-05,0.00303,0.002968,2.3e-05,33,15
Kubernetes---kb_428_Normalized.json,Kubernetes---kb_428_Normalized.json::test_00000,valid,passed,True,True,correct_accept,2.30554,0.00546,0.005116,0.000112,106,106
Kubernetes---kb_428_Normalized.json,Kubernetes---kb_428_Normalized.json::test_00001,valid,passed,True,True,correct_accept,2.30554,0.004588,0.004348,6.4e-05,80,80
Kubernetes---kb_428_Normalized.json,Kubernetes---kb_428_Normalized.json::test_00002,invalid,passed,False,True,correct_reject,2.30554,7.5e-05,5.1e-05,8e-06,6,4
Kubernetes---kb_428_Normalized.json,Kubernetes---kb_428_Normalized.json::test_00003,invalid,passed,False,True,correct_reject,2.30554,9.2e-05,5.9e-05,1.1e-05,31,5
Kubernetes---kb_429_Normalized.json,Kubernetes---kb_429_Normalized.json::test_00000,valid,passed,True,True,correct_accept,2.38537,0.005511,0.005205,0.000111,80,80
Kubernetes---kb_429_Normalized.json,Kubernetes---kb_429_Normalized.json::test_00001,valid,passed,True,True,correct_accept,2.38537,0.011386,0.010878,0.000188,128,128
Kubernetes---kb_429_Normalized.json,Kubernetes---kb_429_Normalized.json::test_00002,invalid,passed,False,True,correct_reject,2.38537,0.000106,7.3e-05,1.2e-05,7,5
Kubernetes---kb_429_Normalized.json,Kubernetes---kb_429_Normalized.json::test_00003,invalid,passed,False,True,correct_reject,2.38537,0.009749,0.009357,0.000134,163,101
Kubernetes---kb_42_Normalized.json,Kubernetes---kb_42_Normalized.json::test_00000,valid,passed,True,True,correct_accept,6.2e-05,0.000612,0.000537,2.7e-05,18,18
Kubernetes---kb_42_Normalized.json,Kubernetes---kb_42_Normalized.json::test_00001,invalid,passed,False,True,correct_reject,6.2e-05,0.000115,7.8e-05,1.3e-05,15,6
Kubernetes---kb_42_Normalized.json,Kubernetes---kb_42_Normalized.json::test_00002,invalid,passed,False,True,correct_reject,6.2e-05,0.00043,0.000366,2.3e-05,16,15
Kubernetes---kb_42_Normalized.json,Kubernetes---kb_42_Normalized.json::test_00003,valid,passed,True,True,correct_accept,6.2e-05,0.000588,0.000512,3e-05,17,17
Kubernetes---kb_42_Normalized.json,Kubernetes---kb_42_Normalized.json::test_00004,invalid,passed,False,True,correct_reject,6.2e-05,7e-05,5e-05,7e-06,16,2
Kubernetes---kb_42_Normalized.json,Kubernetes---kb_42_Normalized.json::test_00005,invalid,passed,False,True,correct_reject,6.2e-05,6.2e-05,4.4e-05,6e-06,15,2
Kubernetes---kb_430_Normalized.json,Kubernetes---kb_430_Normalized.json::test_00000,valid,passed,True,True,correct_accept,0.000131,0.00448,0.004247,7.2e-05,74,74
Kubernetes---kb_430_Normalized.json,Kubernetes---kb_430_Normalized.json::test_00001,valid,passed,True,True,correct_accept,0.000131,0.004629,0.004382,7.6e-05,80,80
Kubernetes---kb_430_Normalized.json,Kubernetes---kb_430_Normalized.json::test_00002,invalid,passed,False,True,correct_reject,0.000131,9e-05,6.3e-05,1.1e-05,6,4
Kubernetes---kb_431_Normalized.json,Kubernetes---kb_431_Normalized.json::test_00000,valid,passed,True,True,correct_accept,1.24979,0.00049,0.000428,2.3e-05,12,12
Kubernetes---kb_431_Normalized.json,Kubernetes---kb_431_Normalized.json::test_00001,invalid,passed,False,True,correct_reject,1.24979,0.000242,0.000199,1.5e-05,12,10
Kubernetes---kb_431_Normalized.json,Kubernetes---kb_431_Normalized.json::test_00002,invalid,passed,False,True,correct_reject,1.24979,0.000282,0.00023,1.8e-05,12,10
Kubernetes---kb_431_Normalized.json,Kubernetes---kb_431_Normalized.json::test_00003,valid,passed,True,True,correct_accept,1.24979,0.00034,0.000288,1.6e-05,12,12
Kubernetes---kb_431_Normalized.json,Kubernetes---kb_431_Normalized.json::test_00004,invalid,passed,False,True,correct_reject,1.24979,6.5e-05,4.7e-05,6e-06,12,2
Kubernetes---kb_432_Normalized.json,Kubernetes---kb_432_Normalized.json::test_00000,valid,passed,True,True,correct_accept,1.262,0.000338,0.000291,1.6e-05,12,12
Kubernetes---kb_432_Normalized.json,Kubernetes---kb_432_Normalized.json::test_00001,invalid,passed,False,True,correct_reject,1.262,0.000235,0.000192,1.2e-05,12,10
Kubernetes---kb_432_Normalized.json,Kubernetes---kb_432_Normalized.json::test_00002,invalid,passed,False,True,correct_reject,1.262,0.000221,0.000181,1.2e-05,12,10
Kubernetes---kb_432_Normalized.json,Kubernetes---kb_432_Normalized.json::test_00003,invalid,passed,False,True,correct_reject,1.262,0.000136,9.4e-05,1.6e-05,12,4
Kubernetes---kb_432_Normalized.json,Kubernetes---kb_432_Normalized.json::test_00004,valid,passed,True,True,correct_accept,1.262,0.000339,0.00029,1.5e-05,12,12
Kubernetes---kb_432_Normalized.json,Kubernetes---kb_432_Normalized.json::test_00005,invalid,passed,False,True,correct_reject,1.262,7.4e-05,5.4e-05,7e-06,12,2
Kubernetes---kb_433_Normalized.json,Kubernetes---kb_433_Normalized.json::test_00000,valid,passed,True,True,correct_accept,5.1e-05,0.000456,0.000376,3.1e-05,12,12
Kubernetes---kb_433_Normalized.json,Kubernetes---kb_433_Normalized.json::test_00001,invalid,passed,False,True,correct_reject,5.1e-05,7.1e-05,4.8e-05,9e-06,12,4
Kubernetes---kb_433_Normalized.json,Kubernetes---kb_433_Normalized.json::test_00002,invalid,passed,False,True,correct_reject,5.1e-05,0.000225,0.000183,1.5e-05,12,10
Kubernetes---kb_433_Normalized.json,Kubernetes---kb_433_Normalized.json::test_00003,valid,passed,True,True,correct_accept,5.1e-05,0.000318,0.000271,1.5e-05,12,12
Kubernetes---kb_433_Normalized.json,Kubernetes---kb_433_Normalized.json::test_00004,invalid,passed,False,True,correct_reject,5.1e-05,5.9e-05,4.4e-05,6e-06,11,2
Kubernetes---kb_434_Normalized.json,Kubernetes---kb_434_Normalized.json::test_00000,valid,passed,True,True,correct_accept,1.97311,0.002848,0.002567,8.2e-05,86,86
Kubernetes---kb_434_Normalized.json,Kubernetes---kb_434_Normalized.json::test_00001,invalid,passed,False,True,correct_reject,1.97311,0.000116,8.1e-05,1.1e-05,75,6
Kubernetes---kb_434_Normalized.json,Kubernetes---kb_434_Normalized.json::test_00002,invalid,passed,False,True,correct_reject,1.97311,0.002121,0.001906,5.5e-05,86,70
Kubernetes---kb_435_Normalized.json,Kubernetes---kb_435_Normalized.json::test_00000,valid,passed,True,True,correct_accept,8.9e-05,0.002852,0.00257,7.8e-05,89,89
Kubernetes---kb_435_Normalized.json,Kubernetes---kb_435_Normalized.json::test_00001,invalid,passed,False,True,correct_reject,8.9e-05,0.000164,0.000112,1.9e-05,78,6
Kubernetes---kb_435_Normalized.json,Kubernetes---kb_435_Normalized.json::test_00002,invalid,passed,False,True,correct_reject,8.9e-05,0.002769,0.002509,7.9e-05,89,73
Kubernetes---kb_435_Normalized.json,Kubernetes---kb_435_Normalized.json::test_00003,invalid,passed,False,True,correct_reject,8.9e-05,0.000112,7.8e-05,1.1e-05,77,6
Kubernetes---kb_435_Normalized.json,Kubernetes---kb_435_Normalized.json::test_00004,invalid,passed,False,True,correct_reject,8.9e-05,0.000132,9.3e-05,1.5e-05,80,6
Kubernetes---kb_435_Normalized.json,Kubernetes---kb_435_Normalized.json::test_00005,invalid,passed,False,True,correct_reject,8.9e-05,0.000108,7.4e-05,1.1e-05,80,6
Kubernetes---kb_436_Normalized.json,Kubernetes---kb_436_Normalized.json::test_00000,valid,failed,False,True,over_constraint,12.1217,9.7e-05,6.2e-05,1.3e-05,131,7
Kubernetes---kb_436_Normalized.json,Kubernetes---kb_436_Normalized.json::test_00001,valid,failed,False,True,over_constraint,12.1217,0.00011,6.9e-05,1.4e-05,111,7
Kubernetes---kb_436_Normalized.json,Kubernetes---kb_436_Normalized.json::test_00002,invalid,passed,False,True,correct_reject,12.1217,0.000108,6.7e-05,1.4e-05,107,7
Kubernetes---kb_437_Normalized.json,Kubernetes---kb_437_Normalized.json::test_00000,valid,failed,False,True,over_constraint,9.36597,9e-05,5.5e-05,1.1e-05,137,12
Kubernetes---kb_437_Normalized.json,Kubernetes---kb_437_Normalized.json::test_00001,valid,failed,False,True,over_constraint,9.36597,8.3e-05,5.3e-05,9e-06,136,12
Kubernetes---kb_437_Normalized.json,Kubernetes---kb_437_Normalized.json::test_00002,invalid,passed,False,True,correct_reject,9.36597,8.7e-05,5.6e-05,8e-06,147,12
Kubernetes---kb_438_Normalized.json,Kubernetes---kb_438_Normalized.json::test_00000,valid,passed,True,True,correct_accept,8.33313,0.005366,0.00478,0.000215,151,151
Kubernetes---kb_438_Normalized.json,Kubernetes---kb_438_Normalized.json::test_00001,valid,passed,True,True,correct_accept,8.33313,0.002831,0.002493,7.9e-05,136,136
Kubernetes---kb_438_Normalized.json,Kubernetes---kb_438_Normalized.json::test_00002,invalid,passed,False,True,correct_reject,8.33313,0.002685,0.002393,7.7e-05,127,108
Kubernetes---kb_439_Normalized.json,Kubernetes---kb_439_Normalized.json::test_00000,valid,passed,True,True,correct_accept,1.46377,0.002864,0.002782,2.8e-05,24,24
Kubernetes---kb_439_Normalized.json,Kubernetes---kb_439_Normalized.json::test_00001,invalid,passed,False,True,correct_reject,1.46377,0.00332,0.003218,3.5e-05,34,28
Kubernetes---kb_439_Normalized.json,Kubernetes---kb_439_Normalized.json::test_00002,invalid,passed,False,True,correct_reject,1.46377,9.2e-05,6.4e-05,1.2e-05,16,5
Kubernetes---kb_439_Normalized.json,Kubernetes---kb_439_Normalized.json::test_00003,invalid,passed,False,True,correct_reject,1.46377,0.002823,0.002734,2.8e-05,46,27
Kubernetes---kb_43_Normalized.json,Kubernetes---kb_43_Normalized.json::test_00000,valid,failed,False,True,over_constraint,7.49629,8.9e-05,5.5e-05,1e-05,103,12
Kubernetes---kb_43_Normalized.json,Kubernetes---kb_43_Normalized.json::test_00001,invalid,passed,False,True,correct_reject,7.49629,7.4e-05,4.8e-05,9e-06,94,6
Kubernetes---kb_43_Normalized.json,Kubernetes---kb_43_Normalized.json::test_00002,invalid,passed,False,True,correct_reject,7.49629,9.8e-05,5.6e-05,1.2e-05,102,12
Kubernetes---kb_43_Normalized.json,Kubernetes---kb_43_Normalized.json::test_00003,valid,failed,False,True,over_constraint,7.49629,8.6e-05,5.4e-05,9e-06,121,12
Kubernetes---kb_43_Normalized.json,Kubernetes---kb_43_Normalized.json::test_00004,invalid,passed,False,True,correct_reject,7.49629,8.8e-05,5.4e-05,1.2e-05,125,12
Kubernetes---kb_440_Normalized.json,Kubernetes---kb_440_Normalized.json::test_00000,valid,passed,True,True,correct_accept,5.1e-05,0.002393,0.002324,2.1e-05,24,24
Kubernetes---kb_440_Normalized.json,Kubernetes---kb_440_Normalized.json::test_00001,invalid,passed,False,True,correct_reject,5.1e-05,0.003032,0.002935,3.2e-05,37,29
Kubernetes---kb_440_Normalized.json,Kubernetes---kb_440_Normalized.json::test_00002,invalid,passed,False,True,correct_reject,5.1e-05,0.003138,0.003036,3.2e-05,39,29
Kubernetes---kb_440_Normalized.json,Kubernetes---kb_440_Normalized.json::test_00003,invalid,passed,False,True,correct_reject,5.1e-05,0.002726,0.002665,1.9e-05,24,15
Kubernetes---kb_441_Normalized.json,Kubernetes---kb_441_Normalized.json::test_00000,valid,passed,True,True,correct_accept,6e-05,0.002551,0.00246,2.9e-05,24,24
Kubernetes---kb_441_Normalized.json,Kubernetes---kb_441_Normalized.json::test_00001,invalid,passed,False,True,correct_reject,6e-05,0.002309,0.002234,2e-05,30,29
Kubernetes---kb_441_Normalized.json,Kubernetes---kb_441_Normalized.json::test_00002,invalid,passed,False,True,correct_reject,6e-05,9.8e-05,6.5e-05,1.2e-05,24,9
Kubernetes---kb_442_Normalized.json,Kubernetes---kb_442_Normalized.json::test_00000,valid,failed,False,True,over_constraint,6.39378,8.5e-05,5.6e-05,7e-06,112,12
Kubernetes---kb_442_Normalized.json,Kubernetes---kb_442_Normalized.json::test_00001,invalid,passed,False,True,correct_reject,6.39378,0.000131,8.2e-05,1.4e-05,109,12
Kubernetes---kb_442_Normalized.json,Kubernetes---kb_442_Normalized.json::test_00002,invalid,passed,False,True,correct_reject,6.39378,0.000131,8.4e-05,1.4e-05,109,12
Kubernetes---kb_442_Normalized.json,Kubernetes---kb_442_Normalized.json::test_00003,valid,failed,False,True,over_constraint,6.39378,0.000131,8.3e-05,1.6e-05,102,12
Kubernetes---kb_442_Normalized.json,Kubernetes---kb_442_Normalized.json::test_00004,invalid,passed,False,True,correct_reject,6.39378,8.2e-05,5.3e-05,7e-06,99,12
Kubernetes---kb_442_Normalized.json,Kubernetes---kb_442_Normalized.json::test_00005,invalid,passed,False,True,correct_reject,6.39378,0.000131,8.1e-05,1.8e-05,99,12
Kubernetes---kb_443_Normalized.json,Kubernetes---kb_443_Normalized.json::test_00000,valid,failed,False,True,over_constraint,6.97792,0.001065,0.000966,2.1e-05,112,44
Kubernetes---kb_443_Normalized.json,Kubernetes---kb_443_Normalized.json::test_00001,invalid,passed,False,True,correct_reject,6.97792,8.2e-05,6.2e-05,7e-06,103,6
Kubernetes---kb_443_Normalized.json,Kubernetes---kb_443_Normalized.json::test_00002,invalid,passed,False,True,correct_reject,6.97792,0.004178,0.003935,5.1e-05,108,107
Kubernetes---kb_443_Normalized.json,Kubernetes---kb_443_Normalized.json::test_00003,invalid,passed,False,True,correct_reject,6.97792,0.001158,0.001047,3.1e-05,109,44
Kubernetes---kb_443_Normalized.json,Kubernetes---kb_443_Normalized.json::test_00004,valid,passed,True,True,correct_accept,6.97792,0.004829,0.004517,0.000101,111,111
Kubernetes---kb_443_Normalized.json,Kubernetes---kb_443_Normalized.json::test_00005,invalid,passed,False,True,correct_reject,6.97792,0.001692,0.001521,3.6e-05,78,76
Kubernetes---kb_443_Normalized.json,Kubernetes---kb_443_Normalized.json::test_00006,invalid,passed,False,True,correct_reject,6.97792,0.001063,0.000964,2.2e-05,109,44
Kubernetes---kb_444_Normalized.json,Kubernetes---kb_444_Normalized.json::test_00000,valid,failed,False,True,over_constraint,7.70305,0.0001,5.9e-05,1.1e-05,158,12
Kubernetes---kb_444_Normalized.json,Kubernetes---kb_444_Normalized.json::test_00001,invalid,passed,False,True,correct_reject,7.70305,0.000122,7.5e-05,1.6e-05,137,12
Kubernetes---kb_444_Normalized.json,Kubernetes---kb_444_Normalized.json::test_00002,invalid,passed,False,True,correct_reject,7.70305,0.000134,8.1e-05,2.1e-05,149,12
Kubernetes---kb_444_Normalized.json,Kubernetes---kb_444_Normalized.json::test_00003,invalid,passed,False,True,correct_reject,7.70305,8.9e-05,5.5e-05,9e-06,155,12
Kubernetes---kb_444_Normalized.json,Kubernetes---kb_444_Normalized.json::test_00004,valid,failed,False,True,over_constraint,7.70305,9.1e-05,5.4e-05,1.1e-05,145,12
Kubernetes---kb_444_Normalized.json,Kubernetes---kb_444_Normalized.json::test_00005,invalid,passed,False,True,correct_reject,7.70305,0.000149,8.9e-05,2e-05,123,12
Kubernetes---kb_444_Normalized.json,Kubernetes---kb_444_Normalized.json::test_00006,invalid,passed,False,True,correct_reject,7.70305,0.000103,7e-05,1e-05,171,12
Kubernetes---kb_444_Normalized.json,Kubernetes---kb_444_Normalized.json::test_00007,invalid,passed,False,True,correct_reject,7.70305,9.1e-05,5.6e-05,9e-06,105,12
Kubernetes---kb_445_Normalized.json,Kubernetes---kb_445_Normalized.json::test_00000,valid,passed,True,True,correct_accept,9.63378,0.006903,0.006576,6.7e-05,156,156
Kubernetes---kb_445_Normalized.json,Kubernetes---kb_445_Normalized.json::test_00001,invalid,passed,False,True,correct_reject,9.63378,0.003666,0.003486,3.6e-05,135,80
Kubernetes---kb_445_Normalized.json,Kubernetes---kb_445_Normalized.json::test_00002,invalid,passed,False,True,correct_reject,9.63378,0.005577,0.005381,4e-05,147,88
Kubernetes---kb_445_Normalized.json,Kubernetes---kb_445_Normalized.json::test_00003,invalid,passed,False,True,correct_reject,9.63378,0.005726,0.005498,4.9e-05,154,100
Kubernetes---kb_445_Normalized.json,Kubernetes---kb_445_Normalized.json::test_00004,valid,passed,True,True,correct_accept,9.63378,0.008367,0.007895,0.000156,145,145
Kubernetes---kb_445_Normalized.json,Kubernetes---kb_445_Normalized.json::test_00005,invalid,passed,False,True,correct_reject,9.63378,7.4e-05,5.2e-05,7e-06,136,6
Kubernetes---kb_445_Normalized.json,Kubernetes---kb_445_Normalized.json::test_00006,invalid,passed,False,True,correct_reject,9.63378,0.007135,0.006797,8.1e-05,227,136
Kubernetes---kb_446_Normalized.json,Kubernetes---kb_446_Normalized.json::test_00000,valid,passed,True,True,correct_accept,1.0501,0.003317,0.003175,5.2e-05,39,39
Kubernetes---kb_446_Normalized.json,Kubernetes---kb_446_Normalized.json::test_00001,invalid,passed,False,True,correct_reject,1.0501,9.8e-05,7.1e-05,1.1e-05,33,5
Kubernetes---kb_446_Normalized.json,Kubernetes---kb_446_Normalized.json::test_00002,invalid,passed,False,True,correct_reject,1.0501,0.004455,0.004338,4.7e-05,30,25
Kubernetes---kb_446_Normalized.json,Kubernetes---kb_446_Normalized.json::test_00003,invalid,passed,False,True,correct_reject,1.0501,0.003743,0.003627,4.5e-05,36,28
Kubernetes---kb_446_Normalized.json,Kubernetes---kb_446_Normalized.json::test_00004,valid,passed,True,True,correct_accept,1.0501,0.003069,0.002961,2.9e-05,44,44
Kubernetes---kb_446_Normalized.json,Kubernetes---kb_446_Normalized.json::test_00005,invalid,passed,False,True,correct_reject,1.0501,0.000111,8.2e-05,1.2e-05,38,5
Kubernetes---kb_446_Normalized.json,Kubernetes---kb_446_Normalized.json::test_00006,invalid,passed,False,True,correct_reject,1.0501,0.002956,0.002871,2e-05,35,29
Kubernetes---kb_447_Normalized.json,Kubernetes---kb_447_Normalized.json::test_00000,valid,passed,True,True,correct_accept,5.2e-05,0.003689,0.003526,5.7e-05,44,44
Kubernetes---kb_447_Normalized.json,Kubernetes---kb_447_Normalized.json::test_00001,invalid,passed,False,True,correct_reject,5.2e-05,0.000107,8e-05,1.1e-05,38,5
Kubernetes---kb_447_Normalized.json,Kubernetes---kb_447_Normalized.json::test_00002,invalid,passed,False,True,correct_reject,5.2e-05,0.003265,0.003138,4.9e-05,35,29
Kubernetes---kb_448_Normalized.json,Kubernetes---kb_448_Normalized.json::test_00000,valid,failed,False,True,over_constraint,12.0001,8.8e-05,5.6e-05,1.3e-05,157,7
Kubernetes---kb_449_Normalized.json,Kubernetes---kb_449_Normalized.json::test_00000,valid,failed,False,True,over_constraint,9.56657,8.6e-05,5.3e-05,1e-05,159,12
Kubernetes---kb_449_Normalized.json,Kubernetes---kb_449_Normalized.json::test_00001,valid,failed,False,True,over_constraint,9.56657,0.000104,6.2e-05,1.3e-05,142,12
Kubernetes---kb_449_Normalized.json,Kubernetes---kb_449_Normalized.json::test_00002,invalid,passed,False,True,correct_reject,9.56657,8.5e-05,5.3e-05,9e-06,161,12
Kubernetes---kb_44_Normalized.json,Kubernetes---kb_44_Normalized.json::test_00000,valid,passed,True,True,correct_accept,7.30324,0.002791,0.00251,7.3e-05,103,103
Kubernetes---kb_44_Normalized.json,Kubernetes---kb_44_Normalized.json::test_00001,invalid,passed,False,True,correct_reject,7.30324,8.4e-05,6.2e-05,7e-06,94,6
Kubernetes---kb_44_Normalized.json,Kubernetes---kb_44_Normalized.json::test_00002,invalid,passed,False,True,correct_reject,7.30324,0.000635,0.000581,1.3e-05,102,21
Kubernetes---kb_44_Normalized.json,Kubernetes---kb_44_Normalized.json::test_00003,invalid,passed,False,True,correct_reject,7.30324,0.00262,0.002392,6.7e-05,84,75
Kubernetes---kb_44_Normalized.json,Kubernetes---kb_44_Normalized.json::test_00004,valid,passed,True,True,correct_accept,7.30324,0.003317,0.002978,9.5e-05,117,117
Kubernetes---kb_44_Normalized.json,Kubernetes---kb_44_Normalized.json::test_00005,invalid,passed,False,True,correct_reject,7.30324,0.000931,0.00086,2.3e-05,116,21
Kubernetes---kb_451_Normalized.json,Kubernetes---kb_451_Normalized.json::test_00000,valid,passed,True,True,correct_accept,1.90878,0.001474,0.001269,5.1e-05,75,75
Kubernetes---kb_451_Normalized.json,Kubernetes---kb_451_Normalized.json::test_00001,valid,passed,True,True,correct_accept,1.90878,0.004171,0.003938,5.9e-05,84,84
Kubernetes---kb_451_Normalized.json,Kubernetes---kb_451_Normalized.json::test_00002,invalid,passed,False,True,correct_reject,1.90878,9.4e-05,7e-05,7e-06,83,5
Kubernetes---kb_451_Normalized.json,Kubernetes---kb_451_Normalized.json::test_00003,invalid,passed,False,True,correct_reject,1.90878,0.000232,0.000192,1.1e-05,82,15
Kubernetes---kb_452_Normalized.json,Kubernetes---kb_452_Normalized.json::test_00000,valid,passed,True,True,correct_accept,1.88671,0.001323,0.001137,3.8e-05,75,75
Kubernetes---kb_452_Normalized.json,Kubernetes---kb_452_Normalized.json::test_00001,valid,passed,True,True,correct_accept,1.88671,0.007618,0.00711,0.000212,87,87
Kubernetes---kb_452_Normalized.json,Kubernetes---kb_452_Normalized.json::test_00002,invalid,passed,False,True,correct_reject,1.88671,0.000121,8.9e-05,1.2e-05,86,5
Kubernetes---kb_452_Normalized.json,Kubernetes---kb_452_Normalized.json::test_00003,invalid,passed,False,True,correct_reject,1.88671,0.003763,0.003523,9.1e-05,79,62
Kubernetes---kb_453_Normalized.json,Kubernetes---kb_453_Normalized.json::test_00000,valid,passed,True,True,correct_accept,8.1e-05,0.003402,0.003215,3.6e-05,90,90
Kubernetes---kb_453_Normalized.json,Kubernetes---kb_453_Normalized.json::test_00001,valid,passed,True,True,correct_accept,8.1e-05,0.003403,0.003227,3.5e-05,84,84
Kubernetes---kb_453_Normalized.json,Kubernetes---kb_453_Normalized.json::test_00002,invalid,passed,False,True,correct_reject,8.1e-05,8.2e-05,6.2e-05,7e-06,83,5
Kubernetes---kb_453_Normalized.json,Kubernetes---kb_453_Normalized.json::test_00003,invalid,passed,False,True,correct_reject,8.1e-05,0.000758,0.000639,3e-05,74,43
Kubernetes---kb_454_Normalized.json,Kubernetes---kb_454_Normalized.json::test_00000,valid,passed,True,True,correct_accept,2.64118,0.00146,0.001269,2.8e-05,96,96
Kubernetes---kb_454_Normalized.json,Kubernetes---kb_454_Normalized.json::test_00001,valid,passed,True,True,correct_accept,2.64118,0.001035,0.000885,2.7e-05,74,74
Kubernetes---kb_454_Normalized.json,Kubernetes---kb_454_Normalized.json::test_00002,invalid,passed,False,True,correct_reject,2.64118,9.1e-05,6.6e-05,9e-06,74,7
Kubernetes---kb_454_Normalized.json,Kubernetes---kb_454_Normalized.json::test_00003,invalid,passed,False,True,correct_reject,2.64118,0.000584,0.000483,2.4e-05,78,39
Kubernetes---kb_454_Normalized.json,Kubernetes---kb_454_Normalized.json::test_00004,invalid,passed,False,True,correct_reject,2.64118,0.001079,0.000903,4.1e-05,68,66
Kubernetes---kb_455_Normalized.json,Kubernetes---kb_455_Normalized.json::test_00000,valid,passed,True,True,correct_accept,2.7944,0.001427,0.00123,3.2e-05,96,96
Kubernetes---kb_455_Normalized.json,Kubernetes---kb_455_Normalized.json::test_00001,valid,passed,True,True,correct_accept,2.7944,0.001105,0.000941,3e-05,76,76
Kubernetes---kb_455_Normalized.json,Kubernetes---kb_455_Normalized.json::test_00002,invalid,passed,False,True,correct_reject,2.7944,0.000121,8.5e-05,1.4e-05,75,7
Kubernetes---kb_455_Normalized.json,Kubernetes---kb_455_Normalized.json::test_00003,invalid,passed,False,True,correct_reject,2.7944,8.5e-05,6.1e-05,9e-06,76,7
Kubernetes---kb_456_Normalized.json,Kubernetes---kb_456_Normalized.json::test_00000,valid,failed,False,True,over_constraint,0.00011,0.00064,0.000519,4.2e-05,82,30
Kubernetes---kb_456_Normalized.json,Kubernetes---kb_456_Normalized.json::test_00001,valid,failed,False,True,over_constraint,0.00011,0.000646,0.000521,4.3e-05,80,30
Kubernetes---kb_457_Normalized.json,Kubernetes---kb_457_Normalized.json::test_00000,valid,passed,True,True,correct_accept,1.16115,0.00062,0.000535,2.4e-05,29,29
Kubernetes---kb_457_Normalized.json,Kubernetes---kb_457_Normalized.json::test_00001,invalid,passed,False,True,correct_reject,1.16115,0.000128,8.1e-05,1.5e-05,28,13
Kubernetes---kb_457_Normalized.json,Kubernetes---kb_457_Normalized.json::test_00002,valid,passed,True,True,correct_accept,1.16115,0.000928,0.000819,2.4e-05,41,41
Kubernetes---kb_457_Normalized.json,Kubernetes---kb_457_Normalized.json::test_00003,invalid,passed,False,True,correct_reject,1.16115,0.000303,0.000246,1.6e-05,42,17
Kubernetes---kb_458_Normalized.json,Kubernetes---kb_458_Normalized.json::test_00000,valid,passed,True,True,correct_accept,4.4e-05,0.00122,0.001081,3.5e-05,48,48
Kubernetes---kb_458_Normalized.json,Kubernetes---kb_458_Normalized.json::test_00001,invalid,passed,False,True,correct_reject,4.4e-05,0.000306,0.000245,1.6e-05,41,19
Kubernetes---kb_458_Normalized.json,Kubernetes---kb_458_Normalized.json::test_00002,valid,passed,True,True,correct_accept,4.4e-05,0.000979,0.000871,4.2e-05,29,29
Kubernetes---kb_458_Normalized.json,Kubernetes---kb_458_Normalized.json::test_00003,invalid,passed,False,True,correct_reject,4.4e-05,0.000175,0.000118,2.4e-05,29,13
Kubernetes---kb_459_Normalized.json,Kubernetes---kb_459_Normalized.json::test_00000,valid,passed,True,True,correct_accept,6.2e-05,0.001352,0.001194,4.1e-05,50,50
Kubernetes---kb_459_Normalized.json,Kubernetes---kb_459_Normalized.json::test_00001,invalid,passed,False,True,correct_reject,6.2e-05,0.000345,0.000281,2.1e-05,46,20
Kubernetes---kb_459_Normalized.json,Kubernetes---kb_459_Normalized.json::test_00002,valid,passed,True,True,correct_accept,6.2e-05,0.001017,0.000902,2.9e-05,41,41
Kubernetes---kb_459_Normalized.json,Kubernetes---kb_459_Normalized.json::test_00003,invalid,passed,False,True,correct_reject,6.2e-05,0.000144,9.5e-05,1.5e-05,29,13
Kubernetes---kb_45_Normalized.json,Kubernetes---kb_45_Normalized.json::test_00000,valid,failed,False,True,over_constraint,8.69762,9.6e-05,5.5e-05,1.3e-05,152,12
Kubernetes---kb_45_Normalized.json,Kubernetes---kb_45_Normalized.json::test_00001,invalid,passed,False,True,correct_reject,8.69762,0.00015,9.7e-05,2e-05,150,12
Kubernetes---kb_45_Normalized.json,Kubernetes---kb_45_Normalized.json::test_00002,invalid,passed,False,True,correct_reject,8.69762,8.6e-05,5.3e-05,9e-06,160,12
Kubernetes---kb_45_Normalized.json,Kubernetes---kb_45_Normalized.json::test_00003,invalid,passed,False,True,correct_reject,8.69762,0.000155,9.5e-05,2.6e-05,159,12
Kubernetes---kb_45_Normalized.json,Kubernetes---kb_45_Normalized.json::test_00004,invalid,passed,False,True,correct_reject,8.69762,0.000111,6.6e-05,1.6e-05,55,12
Kubernetes---kb_460_Normalized.json,Kubernetes---kb_460_Normalized.json::test_00000,valid,passed,True,True,correct_accept,1.18362,0.000653,0.000582,2.4e-05,20,20
Kubernetes---kb_460_Normalized.json,Kubernetes---kb_460_Normalized.json::test_00001,invalid,passed,False,True,correct_reject,1.18362,0.000405,0.000353,2.2e-05,23,9
Kubernetes---kb_460_Normalized.json,Kubernetes---kb_460_Normalized.json::test_00002,invalid,passed,False,True,correct_reject,1.18362,0.000287,0.000247,1.3e-05,18,9
Kubernetes---kb_460_Normalized.json,Kubernetes---kb_460_Normalized.json::test_00003,valid,passed,True,True,correct_accept,1.18362,0.000722,0.000644,2.6e-05,22,22
Kubernetes---kb_460_Normalized.json,Kubernetes---kb_460_Normalized.json::test_00004,invalid,passed,False,True,correct_reject,1.18362,9e-05,6.5e-05,9e-06,17,4
Kubernetes---kb_460_Normalized.json,Kubernetes---kb_460_Normalized.json::test_00005,invalid,passed,False,True,correct_reject,1.18362,0.000301,0.000257,1.5e-05,21,9
Kubernetes---kb_461_Normalized.json,Kubernetes---kb_461_Normalized.json::test_00000,valid,passed,True,True,correct_accept,1.44157,0.000633,0.000564,2.3e-05,20,20
Kubernetes---kb_461_Normalized.json,Kubernetes---kb_461_Normalized.json::test_00001,invalid,passed,False,True,correct_reject,1.44157,0.000108,8.2e-05,8e-06,19,5
Kubernetes---kb_461_Normalized.json,Kubernetes---kb_461_Normalized.json::test_00002,invalid,passed,False,True,correct_reject,1.44157,0.000299,0.000259,1.3e-05,18,9
Kubernetes---kb_461_Normalized.json,Kubernetes---kb_461_Normalized.json::test_00003,valid,passed,True,True,correct_accept,1.44157,0.000727,0.000649,2.2e-05,22,22
Kubernetes---kb_461_Normalized.json,Kubernetes---kb_461_Normalized.json::test_00004,invalid,passed,False,True,correct_reject,1.44157,0.000571,0.000504,2.4e-05,25,14
Kubernetes---kb_461_Normalized.json,Kubernetes---kb_461_Normalized.json::test_00005,invalid,passed,False,True,correct_reject,1.44157,0.00059,0.000526,2.2e-05,25,14
Kubernetes---kb_462_Normalized.json,Kubernetes---kb_462_Normalized.json::test_00000,valid,passed,True,True,correct_accept,6.5e-05,0.00074,0.000663,2.6e-05,22,22
Kubernetes---kb_462_Normalized.json,Kubernetes---kb_462_Normalized.json::test_00001,invalid,passed,False,True,correct_reject,6.5e-05,0.000294,0.000255,1.3e-05,20,9
Kubernetes---kb_462_Normalized.json,Kubernetes---kb_462_Normalized.json::test_00002,valid,passed,True,True,correct_accept,6.5e-05,0.000643,0.000572,2.2e-05,20,20
Kubernetes---kb_462_Normalized.json,Kubernetes---kb_462_Normalized.json::test_00003,invalid,passed,False,True,correct_reject,6.5e-05,0.000296,0.000257,1.3e-05,18,9
Kubernetes---kb_462_Normalized.json,Kubernetes---kb_462_Normalized.json::test_00004,invalid,passed,False,True,correct_reject,6.5e-05,0.000102,7.8e-05,8e-06,19,5
Kubernetes---kb_463_Normalized.json,Kubernetes---kb_463_Normalized.json::test_00000,valid,passed,True,True,correct_accept,0.798138,0.000217,0.000179,1.8e-05,7,7
Kubernetes---kb_463_Normalized.json,Kubernetes---kb_463_Normalized.json::test_00001,invalid,passed,False,True,correct_reject,0.798138,8.9e-05,6.2e-05,1e-05,6,5
Kubernetes---kb_464_Normalized.json,Kubernetes---kb_464_Normalized.json::test_00000,valid,passed,True,True,correct_accept,4e-05,0.000322,0.000277,2e-05,8,8
Kubernetes---kb_464_Normalized.json,Kubernetes---kb_464_Normalized.json::test_00001,invalid,passed,False,True,correct_reject,4e-05,6.7e-05,4.9e-05,6e-06,6,5
Kubernetes---kb_46_Normalized.json,Kubernetes---kb_46_Normalized.json::test_00000,valid,passed,True,True,correct_accept,8.78748,0.01396,0.013441,0.00019,162,162
Kubernetes---kb_46_Normalized.json,Kubernetes---kb_46_Normalized.json::test_00001,invalid,passed,False,True,correct_reject,8.78748,0.005629,0.005282,9.8e-05,162,118
Kubernetes---kb_471_Normalized.json,Kubernetes---kb_471_Normalized.json::test_00000,valid,passed,True,True,correct_accept,0.996499,0.001588,0.00147,2.7e-05,40,40
Kubernetes---kb_471_Normalized.json,Kubernetes---kb_471_Normalized.json::test_00001,invalid,passed,False,True,correct_reject,0.996499,0.000125,8.7e-05,1.3e-05,32,6
Kubernetes---kb_471_Normalized.json,Kubernetes---kb_471_Normalized.json::test_00002,valid,passed,True,True,correct_accept,0.996499,0.00189,0.001752,3.5e-05,40,40
Kubernetes---kb_471_Normalized.json,Kubernetes---kb_471_Normalized.json::test_00003,invalid,passed,False,True,correct_reject,0.996499,9.9e-05,7.1e-05,9e-06,33,6
Kubernetes---kb_472_Normalized.json,Kubernetes---kb_472_Normalized.json::test_00000,valid,passed,True,True,correct_accept,1.10201,0.00164,0.00152,3.1e-05,40,40
Kubernetes---kb_472_Normalized.json,Kubernetes---kb_472_Normalized.json::test_00001,invalid,passed,False,True,correct_reject,1.10201,0.000111,8.1e-05,8e-06,32,6
Kubernetes---kb_472_Normalized.json,Kubernetes---kb_472_Normalized.json::test_00002,valid,passed,True,True,correct_accept,1.10201,0.002682,0.002496,6.1e-05,40,40
Kubernetes---kb_472_Normalized.json,Kubernetes---kb_472_Normalized.json::test_00003,invalid,passed,False,True,correct_reject,1.10201,0.000105,7.8e-05,9e-06,32,6
Kubernetes---kb_473_Normalized.json,Kubernetes---kb_473_Normalized.json::test_00000,valid,passed,True,True,correct_accept,7.6e-05,0.001526,0.001413,2.8e-05,40,40
Kubernetes---kb_473_Normalized.json,Kubernetes---kb_473_Normalized.json::test_00001,invalid,passed,False,True,correct_reject,7.6e-05,8.7e-05,6.2e-05,8e-06,32,6
Kubernetes---kb_473_Normalized.json,Kubernetes---kb_473_Normalized.json::test_00002,valid,passed,True,True,correct_accept,7.6e-05,0.001526,0.00141,2.6e-05,40,40
Kubernetes---kb_473_Normalized.json,Kubernetes---kb_473_Normalized.json::test_00003,invalid,passed,False,True,correct_reject,7.6e-05,9.5e-05,6.6e-05,9e-06,33,6
Kubernetes---kb_474_Normalized.json,Kubernetes---kb_474_Normalized.json::test_00000,valid,passed,True,True,correct_accept,2.43168,0.011406,0.011066,6.4e-05,150,150
Kubernetes---kb_474_Normalized.json,Kubernetes---kb_474_Normalized.json::test_00001,invalid,passed,False,True,correct_reject,2.43168,6.5e-05,4.2e-05,9e-06,151,6
Kubernetes---kb_474_Normalized.json,Kubernetes---kb_474_Normalized.json::test_00002,invalid,passed,False,True,correct_reject,2.43168,7.1e-05,4.5e-05,9e-06,151,7
Kubernetes---kb_474_Normalized.json,Kubernetes---kb_474_Normalized.json::test_00003,invalid,passed,False,True,correct_reject,2.43168,0.013133,0.012778,0.000113,144,81
Kubernetes---kb_474_Normalized.json,Kubernetes---kb_474_Normalized.json::test_00004,valid,passed,True,True,correct_accept,2.43168,0.004609,0.004388,5.6e-05,76,76
Kubernetes---kb_475_Normalized.json,Kubernetes---kb_475_Normalized.json::test_00000,valid,passed,True,True,correct_accept,8e-05,0.013683,0.01327,0.0001,150,150
Kubernetes---kb_475_Normalized.json,Kubernetes---kb_475_Normalized.json::test_00001,invalid,passed,False,True,correct_reject,8e-05,7.9e-05,4.9e-05,1.3e-05,151,6
Kubernetes---kb_475_Normalized.json,Kubernetes---kb_475_Normalized.json::test_00002,invalid,passed,False,True,correct_reject,8e-05,0.00896,0.008731,6.1e-05,144,81
Kubernetes---kb_475_Normalized.json,Kubernetes---kb_475_Normalized.json::test_00003,invalid,passed,False,True,correct_reject,8e-05,0.011081,0.010803,6.1e-05,154,113
Kubernetes---kb_475_Normalized.json,Kubernetes---kb_475_Normalized.json::test_00004,invalid,passed,False,True,correct_reject,8e-05,0.01123,0.010877,0.000132,144,81
Kubernetes---kb_475_Normalized.json,Kubernetes---kb_475_Normalized.json::test_00005,valid,passed,True,True,correct_accept,8e-05,0.013504,0.013097,0.000101,144,144
Kubernetes---kb_475_Normalized.json,Kubernetes---kb_475_Normalized.json::test_00006,invalid,passed,False,True,correct_reject,8e-05,5.7e-05,4e-05,7e-06,145,2
Kubernetes---kb_475_Normalized.json,Kubernetes---kb_475_Normalized.json::test_00007,invalid,passed,False,True,correct_reject,8e-05,7.5e-05,5.1e-05,1e-05,142,2
Kubernetes---kb_476_Normalized.json,Kubernetes---kb_476_Normalized.json::test_00000,valid,failed,False,True,over_constraint,1.73082,0.001237,0.001139,1.6e-05,70,45
Kubernetes---kb_476_Normalized.json,Kubernetes---kb_476_Normalized.json::test_00001,invalid,passed,False,True,correct_reject,1.73082,0.00125,0.001149,1.8e-05,70,45
Kubernetes---kb_476_Normalized.json,Kubernetes---kb_476_Normalized.json::test_00002,invalid,passed,False,True,correct_reject,1.73082,0.000822,0.000753,1.3e-05,70,27
Kubernetes---kb_476_Normalized.json,Kubernetes---kb_476_Normalized.json::test_00003,invalid,passed,False,True,correct_reject,1.73082,0.001262,0.001164,1.7e-05,68,45
Kubernetes---kb_476_Normalized.json,Kubernetes---kb_476_Normalized.json::test_00004,invalid,passed,False,True,correct_reject,1.73082,0.001253,0.001153,1.6e-05,67,45
Kubernetes---kb_476_Normalized.json,Kubernetes---kb_476_Normalized.json::test_00005,valid,passed,True,True,correct_accept,1.73082,0.011047,0.010741,5.2e-05,138,138
Kubernetes---kb_476_Normalized.json,Kubernetes---kb_476_Normalized.json::test_00006,invalid,passed,False,True,correct_reject,1.73082,7.2e-05,5e-05,1e-05,141,2
Kubernetes---kb_476_Normalized.json,Kubernetes---kb_476_Normalized.json::test_00007,invalid,passed,False,True,correct_reject,1.73082,5.3e-05,3.7e-05,6e-06,127,2
Kubernetes---kb_477_Normalized.json,Kubernetes---kb_477_Normalized.json::test_00000,valid,passed,True,True,correct_accept,6.8e-05,0.012684,0.012326,7.8e-05,137,137
Kubernetes---kb_477_Normalized.json,Kubernetes---kb_477_Normalized.json::test_00001,invalid,passed,False,True,correct_reject,6.8e-05,7.6e-05,4.7e-05,1.2e-05,138,6
Kubernetes---kb_477_Normalized.json,Kubernetes---kb_477_Normalized.json::test_00002,invalid,passed,False,True,correct_reject,6.8e-05,0.012181,0.011911,0.000102,137,74
Kubernetes---kb_477_Normalized.json,Kubernetes---kb_477_Normalized.json::test_00003,invalid,passed,False,True,correct_reject,6.8e-05,0.013361,0.012982,0.000119,142,108
Kubernetes---kb_477_Normalized.json,Kubernetes---kb_477_Normalized.json::test_00004,invalid,passed,False,True,correct_reject,6.8e-05,0.015396,0.015095,0.000109,137,74
Kubernetes---kb_477_Normalized.json,Kubernetes---kb_477_Normalized.json::test_00005,valid,passed,True,True,correct_accept,6.8e-05,0.005743,0.005479,5.6e-05,98,98
Kubernetes---kb_477_Normalized.json,Kubernetes---kb_477_Normalized.json::test_00006,invalid,passed,False,True,correct_reject,6.8e-05,6.4e-05,4.6e-05,9e-06,100,2
Kubernetes---kb_477_Normalized.json,Kubernetes---kb_477_Normalized.json::test_00007,invalid,passed,False,True,correct_reject,6.8e-05,6.2e-05,4.2e-05,9e-06,73,2
Kubernetes---kb_478_Normalized.json,Kubernetes---kb_478_Normalized.json::test_00000,valid,failed,False,True,over_constraint,84.318,0.000327,8e-05,0.000223,54,7
Kubernetes---kb_478_Normalized.json,Kubernetes---kb_478_Normalized.json::test_00001,valid,failed,False,True,over_constraint,84.318,0.000128,8.3e-05,1.6e-05,69,7
Kubernetes---kb_479_Normalized.json,Kubernetes---kb_479_Normalized.json::test_00000,valid,passed,True,True,correct_accept,70.8625,0.007665,0.007107,0.000401,60,60
Kubernetes---kb_479_Normalized.json,Kubernetes---kb_479_Normalized.json::test_00001,valid,passed,True,True,correct_accept,70.8625,0.004926,0.004514,0.0003,54,54
Kubernetes---kb_47_Normalized.json,Kubernetes---kb_47_Normalized.json::test_00000,valid,passed,True,True,correct_accept,2.38726,0.001829,0.001579,6.6e-05,86,86
Kubernetes---kb_47_Normalized.json,Kubernetes---kb_47_Normalized.json::test_00001,valid,failed,False,True,over_constraint,2.38726,19.9601,19.8461,0.013021,6980,6948
Kubernetes---kb_480_Normalized.json,Kubernetes---kb_480_Normalized.json::test_00000,valid,passed,True,True,correct_accept,1.36122,0.016925,0.016632,0.000121,67,67
Kubernetes---kb_480_Normalized.json,Kubernetes---kb_480_Normalized.json::test_00001,invalid,passed,False,True,correct_reject,1.36122,0.006748,0.006608,3.6e-05,65,45
Kubernetes---kb_480_Normalized.json,Kubernetes---kb_480_Normalized.json::test_00002,invalid,passed,False,True,correct_reject,1.36122,0.009029,0.008864,4.6e-05,66,53
Kubernetes---kb_481_Normalized.json,Kubernetes---kb_481_Normalized.json::test_00000,valid,passed,True,True,correct_accept,9.6e-05,0.01657,0.01629,0.000113,67,67
Kubernetes---kb_481_Normalized.json,Kubernetes---kb_481_Normalized.json::test_00001,invalid,passed,False,True,correct_reject,9.6e-05,0.007816,0.007665,4.9e-05,65,45
Kubernetes---kb_481_Normalized.json,Kubernetes---kb_481_Normalized.json::test_00002,valid,passed,True,True,correct_accept,9.6e-05,0.018807,0.018383,0.000179,68,68
Kubernetes---kb_481_Normalized.json,Kubernetes---kb_481_Normalized.json::test_00003,invalid,passed,False,True,correct_reject,9.6e-05,5.3e-05,3.8e-05,5e-06,68,2
Kubernetes---kb_484_Normalized.json,Kubernetes---kb_484_Normalized.json::test_00000,valid,passed,True,True,correct_accept,71.4798,0.027244,0.026795,0.000187,114,114
Kubernetes---kb_484_Normalized.json,Kubernetes---kb_484_Normalized.json::test_00001,valid,passed,True,True,correct_accept,71.4798,0.025562,0.025137,0.000178,114,114
Kubernetes---kb_484_Normalized.json,Kubernetes---kb_484_Normalized.json::test_00002,invalid,passed,False,True,correct_reject,71.4798,8.6e-05,5.5e-05,1.5e-05,114,6
Kubernetes---kb_484_Normalized.json,Kubernetes---kb_484_Normalized.json::test_00003,invalid,passed,False,True,correct_reject,71.4798,0.000113,6.9e-05,2.2e-05,114,6
Kubernetes---kb_484_Normalized.json,Kubernetes---kb_484_Normalized.json::test_00004,invalid,passed,False,True,correct_reject,71.4798,0.024652,0.024235,0.000168,115,112
Kubernetes---kb_485_Normalized.json,Kubernetes---kb_485_Normalized.json::test_00000,valid,passed,True,True,correct_accept,0.001094,0.024305,0.023882,0.000172,114,114
Kubernetes---kb_485_Normalized.json,Kubernetes---kb_485_Normalized.json::test_00001,valid,passed,True,True,correct_accept,0.001094,0.024335,0.02389,0.000182,114,114
Kubernetes---kb_485_Normalized.json,Kubernetes---kb_485_Normalized.json::test_00002,invalid,passed,False,True,correct_reject,0.001094,9.9e-05,6.1e-05,1.8e-05,121,6
Kubernetes---kb_485_Normalized.json,Kubernetes---kb_485_Normalized.json::test_00003,invalid,passed,False,True,correct_reject,0.001094,0.000288,0.000228,2.9e-05,116,8
Kubernetes---kb_485_Normalized.json,Kubernetes---kb_485_Normalized.json::test_00004,invalid,passed,False,True,correct_reject,0.001094,9.6e-05,6e-05,1.8e-05,114,6
Kubernetes---kb_486_Normalized.json,Kubernetes---kb_486_Normalized.json::test_00000,valid,passed,True,True,correct_accept,2.86551,0.013451,0.013101,7.4e-05,127,127
Kubernetes---kb_486_Normalized.json,Kubernetes---kb_486_Normalized.json::test_00001,invalid,passed,False,True,correct_reject,2.86551,7.1e-05,4.8e-05,7e-06,127,4
Kubernetes---kb_486_Normalized.json,Kubernetes---kb_486_Normalized.json::test_00002,invalid,passed,False,True,correct_reject,2.86551,0.012916,0.012572,7.4e-05,129,127
Kubernetes---kb_487_Normalized.json,Kubernetes---kb_487_Normalized.json::test_00000,valid,passed,True,True,correct_accept,9.1e-05,0.013738,0.013393,7.5e-05,126,126
Kubernetes---kb_487_Normalized.json,Kubernetes---kb_487_Normalized.json::test_00001,invalid,passed,False,True,correct_reject,9.1e-05,6.9e-05,4.8e-05,7e-06,126,4
Kubernetes---kb_487_Normalized.json,Kubernetes---kb_487_Normalized.json::test_00002,invalid,passed,False,True,correct_reject,9.1e-05,0.011991,0.011716,6.8e-05,126,99
Kubernetes---kb_487_Normalized.json,Kubernetes---kb_487_Normalized.json::test_00003,invalid,passed,False,True,correct_reject,9.1e-05,0.014823,0.014459,0.00012,126,99
Kubernetes---kb_487_Normalized.json,Kubernetes---kb_487_Normalized.json::test_00004,valid,passed,True,True,correct_accept,9.1e-05,0.032696,0.03224,0.000161,127,127
Kubernetes---kb_487_Normalized.json,Kubernetes---kb_487_Normalized.json::test_00005,invalid,passed,False,True,correct_reject,9.1e-05,8.8e-05,6.2e-05,1.1e-05,156,4
Kubernetes---kb_487_Normalized.json,Kubernetes---kb_487_Normalized.json::test_00006,invalid,passed,False,True,correct_reject,9.1e-05,7.6e-05,5.3e-05,1e-05,127,4
Kubernetes---kb_487_Normalized.json,Kubernetes---kb_487_Normalized.json::test_00007,invalid,passed,False,True,correct_reject,9.1e-05,0.013202,0.0129,9.7e-05,168,91
Kubernetes---kb_488_Normalized.json,Kubernetes---kb_488_Normalized.json::test_00000,valid,passed,True,True,correct_accept,70.3291,0.016818,0.016235,0.000357,101,101
Kubernetes---kb_488_Normalized.json,Kubernetes---kb_488_Normalized.json::test_00001,valid,failed,False,True,over_constraint,70.3291,0.008713,0.008274,0.00032,69,54
Kubernetes---kb_488_Normalized.json,Kubernetes---kb_488_Normalized.json::test_00002,invalid,passed,False,True,correct_reject,70.3291,5.2e-05,3.7e-05,5e-06,68,2
Kubernetes---kb_489_Normalized.json,Kubernetes---kb_489_Normalized.json::test_00000,valid,failed,False,True,over_constraint,0.001666,0.006957,0.006742,0.0001,68,53
Kubernetes---kb_489_Normalized.json,Kubernetes---kb_489_Normalized.json::test_00001,valid,failed,False,True,over_constraint,0.001666,0.004622,0.004433,8.7e-05,60,45
Kubernetes---kb_489_Normalized.json,Kubernetes---kb_489_Normalized.json::test_00002,invalid,passed,False,True,correct_reject,0.001666,5.3e-05,3.8e-05,5e-06,70,2
Kubernetes---kb_489_Normalized.json,Kubernetes---kb_489_Normalized.json::test_00003,invalid,passed,False,True,correct_reject,0.001666,6.4e-05,4.5e-05,8e-06,72,2
Kubernetes---kb_489_Normalized.json,Kubernetes---kb_489_Normalized.json::test_00004,invalid,passed,False,True,correct_reject,0.001666,5.8e-05,4.2e-05,6e-06,77,2
Kubernetes---kb_48_Normalized.json,Kubernetes---kb_48_Normalized.json::test_00000,valid,passed,True,True,correct_accept,9e-05,0.001584,0.00137,5e-05,85,85
Kubernetes---kb_48_Normalized.json,Kubernetes---kb_48_Normalized.json::test_00001,valid,failed,False,True,over_constraint,9e-05,0.120528,0.118979,0.00045,526,509
Kubernetes---kb_48_Normalized.json,Kubernetes---kb_48_Normalized.json::test_00002,invalid,passed,False,True,correct_reject,9e-05,0.000914,0.000803,3.5e-05,529,32
Kubernetes---kb_490_Normalized.json,Kubernetes---kb_490_Normalized.json::test_00000,valid,failed,False,True,over_constraint,0.001466,0.023259,0.022804,0.000223,92,77
Kubernetes---kb_490_Normalized.json,Kubernetes---kb_490_Normalized.json::test_00001,valid,failed,False,True,over_constraint,0.001466,0.012038,0.011737,0.000138,81,66
Kubernetes---kb_490_Normalized.json,Kubernetes---kb_490_Normalized.json::test_00002,invalid,passed,False,True,correct_reject,0.001466,7.7e-05,5.4e-05,8e-06,81,2
Kubernetes---kb_494_Normalized.json,Kubernetes---kb_494_Normalized.json::test_00000,valid,failed,False,True,over_constraint,25.0555,0.004167,0.004067,4.5e-05,267,24
Kubernetes---kb_494_Normalized.json,Kubernetes---kb_494_Normalized.json::test_00001,invalid,passed,False,True,correct_reject,25.0555,0.003755,0.003674,4e-05,270,20
Kubernetes---kb_494_Normalized.json,Kubernetes---kb_494_Normalized.json::test_00002,invalid,passed,False,True,correct_reject,25.0555,0.004196,0.004095,4.4e-05,269,24
Kubernetes---kb_494_Normalized.json,Kubernetes---kb_494_Normalized.json::test_00003,invalid,passed,False,True,correct_reject,25.0555,0.004179,0.004082,4.3e-05,274,24
Kubernetes---kb_494_Normalized.json,Kubernetes---kb_494_Normalized.json::test_00004,valid,passed,True,True,correct_accept,25.0555,0.007958,0.007373,0.00021,189,189
Kubernetes---kb_494_Normalized.json,Kubernetes---kb_494_Normalized.json::test_00005,invalid,passed,False,True,correct_reject,25.0555,0.000105,7.9e-05,1.5e-05,205,4
Kubernetes---kb_495_Normalized.json,Kubernetes---kb_495_Normalized.json::test_00000,valid,failed,False,True,over_constraint,23.6669,0.004667,0.004501,8e-05,142,24
Kubernetes---kb_495_Normalized.json,Kubernetes---kb_495_Normalized.json::test_00001,invalid,passed,False,True,correct_reject,23.6669,0.003494,0.003412,3.8e-05,145,20
Kubernetes---kb_495_Normalized.json,Kubernetes---kb_495_Normalized.json::test_00002,invalid,passed,False,True,correct_reject,23.6669,0.003954,0.003859,4.2e-05,145,20
Kubernetes---kb_495_Normalized.json,Kubernetes---kb_495_Normalized.json::test_00003,valid,passed,True,True,correct_accept,23.6669,0.02256,0.021446,0.000465,317,317
Kubernetes---kb_495_Normalized.json,Kubernetes---kb_495_Normalized.json::test_00004,invalid,passed,False,True,correct_reject,23.6669,0.003985,0.00389,4.3e-05,323,20
Kubernetes---kb_496_Normalized.json,Kubernetes---kb_496_Normalized.json::test_00000,valid,failed,False,True,over_constraint,0.000289,0.004423,0.004306,5.5e-05,194,24
Kubernetes---kb_496_Normalized.json,Kubernetes---kb_496_Normalized.json::test_00001,invalid,passed,False,True,correct_reject,0.000289,0.003699,0.003605,4e-05,197,20
Kubernetes---kb_496_Normalized.json,Kubernetes---kb_496_Normalized.json::test_00002,invalid,passed,False,True,correct_reject,0.000289,0.004055,0.003955,4.3e-05,197,20
Kubernetes---kb_496_Normalized.json,Kubernetes---kb_496_Normalized.json::test_00003,valid,passed,True,True,correct_accept,0.000289,0.036267,0.03482,0.000681,342,342
Kubernetes---kb_496_Normalized.json,Kubernetes---kb_496_Normalized.json::test_00004,invalid,passed,False,True,correct_reject,0.000289,0.004719,0.004589,6.2e-05,345,26
Kubernetes---kb_49_Normalized.json,Kubernetes---kb_49_Normalized.json::test_00000,valid,failed,False,True,over_constraint,1.3641,0.000381,0.000335,1.6e-05,30,11
Kubernetes---kb_49_Normalized.json,Kubernetes---kb_49_Normalized.json::test_00001,invalid,passed,False,True,correct_reject,1.3641,0.000348,0.000304,1.4e-05,30,11
Kubernetes---kb_49_Normalized.json,Kubernetes---kb_49_Normalized.json::test_00002,invalid,passed,False,True,correct_reject,1.3641,0.000372,0.000324,1.7e-05,30,11
Kubernetes---kb_49_Normalized.json,Kubernetes---kb_49_Normalized.json::test_00003,valid,passed,True,True,correct_accept,1.3641,0.013379,0.013173,9.4e-05,30,30
Kubernetes---kb_49_Normalized.json,Kubernetes---kb_49_Normalized.json::test_00004,invalid,passed,False,True,correct_reject,1.3641,0.000349,0.000304,1.5e-05,30,11
Kubernetes---kb_4_Normalized.json,Kubernetes---kb_4_Normalized.json::test_00000,valid,failed,False,True,over_constraint,7.8e-05,0.00051,0.00044,2.2e-05,104,22
Kubernetes---kb_4_Normalized.json,Kubernetes---kb_4_Normalized.json::test_00001,invalid,passed,False,True,correct_reject,7.8e-05,0.000703,0.000616,2.5e-05,111,28
Kubernetes---kb_4_Normalized.json,Kubernetes---kb_4_Normalized.json::test_00002,invalid,passed,False,True,correct_reject,7.8e-05,7.8e-05,5e-05,1.1e-05,8,6
Kubernetes---kb_4_Normalized.json,Kubernetes---kb_4_Normalized.json::test_00003,invalid,passed,False,True,correct_reject,7.8e-05,0.000588,0.000511,1.7e-05,111,28
Kubernetes---kb_4_Normalized.json,Kubernetes---kb_4_Normalized.json::test_00004,invalid,passed,False,True,correct_reject,7.8e-05,0.000441,0.000375,2e-05,111,21
Kubernetes---kb_4_Normalized.json,Kubernetes---kb_4_Normalized.json::test_00005,valid,passed,True,True,correct_accept,7.8e-05,0.001189,0.001026,3.5e-05,64,64
Kubernetes---kb_4_Normalized.json,Kubernetes---kb_4_Normalized.json::test_00006,invalid,passed,False,True,correct_reject,7.8e-05,8.5e-05,5.5e-05,1e-05,8,7
Kubernetes---kb_4_Normalized.json,Kubernetes---kb_4_Normalized.json::test_00007,invalid,passed,False,True,correct_reject,7.8e-05,0.000631,0.000532,3.6e-05,70,28
Kubernetes---kb_4_Normalized.json,Kubernetes---kb_4_Normalized.json::test_00008,invalid,passed,False,True,correct_reject,7.8e-05,0.000204,0.000156,1.6e-05,70,14
Kubernetes---kb_506_Normalized.json,Kubernetes---kb_506_Normalized.json::test_00000,valid,passed,True,True,correct_accept,0.981587,0.000804,0.000697,4e-05,20,20
Kubernetes---kb_506_Normalized.json,Kubernetes---kb_506_Normalized.json::test_00001,invalid,passed,False,True,correct_reject,0.981587,7.2e-05,5.2e-05,7e-06,19,5
Kubernetes---kb_506_Normalized.json,Kubernetes---kb_506_Normalized.json::test_00002,invalid,passed,False,True,correct_reject,0.981587,6.2e-05,4.3e-05,6e-06,18,4
Kubernetes---kb_506_Normalized.json,Kubernetes---kb_506_Normalized.json::test_00003,valid,passed,True,True,correct_accept,0.981587,0.000547,0.000483,1.9e-05,20,20
Kubernetes---kb_506_Normalized.json,Kubernetes---kb_506_Normalized.json::test_00004,invalid,passed,False,True,correct_reject,0.981587,5.7e-05,4e-05,7e-06,18,4
Kubernetes---kb_507_Normalized.json,Kubernetes---kb_507_Normalized.json::test_00000,valid,passed,True,True,correct_accept,5.8e-05,0.000587,0.000509,2.6e-05,20,20
Kubernetes---kb_507_Normalized.json,Kubernetes---kb_507_Normalized.json::test_00001,invalid,passed,False,True,correct_reject,5.8e-05,6.9e-05,4.7e-05,7e-06,18,4
Kubernetes---kb_507_Normalized.json,Kubernetes---kb_507_Normalized.json::test_00002,valid,passed,True,True,correct_accept,5.8e-05,0.000885,0.000769,5.6e-05,20,20
Kubernetes---kb_507_Normalized.json,Kubernetes---kb_507_Normalized.json::test_00003,invalid,passed,False,True,correct_reject,5.8e-05,9.5e-05,6.8e-05,1e-05,19,5
Kubernetes---kb_507_Normalized.json,Kubernetes---kb_507_Normalized.json::test_00004,invalid,passed,False,True,correct_reject,5.8e-05,0.000363,0.000315,1.5e-05,28,14
Kubernetes---kb_508_Normalized.json,Kubernetes---kb_508_Normalized.json::test_00000,valid,passed,True,True,correct_accept,1.43525,0.00124,0.001076,3.7e-05,60,60
Kubernetes---kb_508_Normalized.json,Kubernetes---kb_508_Normalized.json::test_00001,invalid,passed,False,True,correct_reject,1.43525,0.001062,0.000927,2.2e-05,67,66
Kubernetes---kb_508_Normalized.json,Kubernetes---kb_508_Normalized.json::test_00002,invalid,passed,False,True,correct_reject,1.43525,7e-05,4.7e-05,9e-06,17,5
Kubernetes---kb_508_Normalized.json,Kubernetes---kb_508_Normalized.json::test_00003,invalid,passed,False,True,correct_reject,1.43525,0.001315,0.001147,3.5e-05,67,66
Kubernetes---kb_508_Normalized.json,Kubernetes---kb_508_Normalized.json::test_00004,valid,passed,True,True,correct_accept,1.43525,0.001263,0.001099,2.3e-05,83,83
Kubernetes---kb_508_Normalized.json,Kubernetes---kb_508_Normalized.json::test_00005,invalid,passed,False,True,correct_reject,1.43525,0.001991,0.001734,8.3e-05,76,74
Kubernetes---kb_508_Normalized.json,Kubernetes---kb_508_Normalized.json::test_00006,invalid,passed,False,True,correct_reject,1.43525,0.001728,0.001498,5.2e-05,90,89
Kubernetes---kb_508_Normalized.json,Kubernetes---kb_508_Normalized.json::test_00007,invalid,passed,False,True,correct_reject,1.43525,0.001481,0.001283,3.5e-05,86,85
Kubernetes---kb_509_Normalized.json,Kubernetes---kb_509_Normalized.json::test_00000,valid,passed,True,True,correct_accept,7e-05,0.001006,0.000865,3.6e-05,49,49
Kubernetes---kb_509_Normalized.json,Kubernetes---kb_509_Normalized.json::test_00001,invalid,passed,False,True,correct_reject,7e-05,0.001248,0.001086,4.5e-05,56,55
Kubernetes---kb_509_Normalized.json,Kubernetes---kb_509_Normalized.json::test_00002,invalid,passed,False,True,correct_reject,7e-05,8.2e-05,5.7e-05,1.3e-05,19,5
Kubernetes---kb_509_Normalized.json,Kubernetes---kb_509_Normalized.json::test_00003,invalid,passed,False,True,correct_reject,7e-05,0.001148,0.000989,4.3e-05,56,55
Kubernetes---kb_509_Normalized.json,Kubernetes---kb_509_Normalized.json::test_00004,valid,passed,True,True,correct_accept,7e-05,0.00256,0.00227,0.000103,82,82
Kubernetes---kb_509_Normalized.json,Kubernetes---kb_509_Normalized.json::test_00005,invalid,passed,False,True,correct_reject,7e-05,0.000363,0.000303,1.2e-05,81,24
Kubernetes---kb_509_Normalized.json,Kubernetes---kb_509_Normalized.json::test_00006,invalid,passed,False,True,correct_reject,7e-05,0.001357,0.001176,2.7e-05,89,88
Kubernetes---kb_509_Normalized.json,Kubernetes---kb_509_Normalized.json::test_00007,invalid,passed,False,True,correct_reject,7e-05,0.000843,0.000723,5.3e-05,108,24
Kubernetes---kb_50_Normalized.json,Kubernetes---kb_50_Normalized.json::test_00000,valid,failed,False,True,over_constraint,6.4e-05,0.000257,0.000225,9e-06,30,11
Kubernetes---kb_50_Normalized.json,Kubernetes---kb_50_Normalized.json::test_00001,invalid,passed,False,True,correct_reject,6.4e-05,0.000347,0.000303,1.7e-05,30,11
Kubernetes---kb_50_Normalized.json,Kubernetes---kb_50_Normalized.json::test_00002,invalid,passed,False,True,correct_reject,6.4e-05,0.000341,0.0003,1.4e-05,29,11
Kubernetes---kb_50_Normalized.json,Kubernetes---kb_50_Normalized.json::test_00003,invalid,passed,False,True,correct_reject,6.4e-05,0.000606,0.000539,2.6e-05,30,11
Kubernetes---kb_50_Normalized.json,Kubernetes---kb_50_Normalized.json::test_00004,valid,passed,True,True,correct_accept,6.4e-05,0.007337,0.007232,3.3e-05,30,30
Kubernetes---kb_50_Normalized.json,Kubernetes---kb_50_Normalized.json::test_00005,invalid,passed,False,True,correct_reject,6.4e-05,8.3e-05,5.8e-05,7e-06,29,6
Kubernetes---kb_510_Normalized.json,Kubernetes---kb_510_Normalized.json::test_00000,valid,passed,True,True,correct_accept,0.838891,0.000381,0.000332,1e-05,21,21
Kubernetes---kb_510_Normalized.json,Kubernetes---kb_510_Normalized.json::test_00001,invalid,passed,False,True,correct_reject,0.838891,6.4e-05,4.5e-05,4e-06,21,5
Kubernetes---kb_510_Normalized.json,Kubernetes---kb_510_Normalized.json::test_00002,valid,passed,True,True,correct_accept,0.838891,0.000701,0.000612,3.2e-05,21,21
Kubernetes---kb_510_Normalized.json,Kubernetes---kb_510_Normalized.json::test_00003,invalid,passed,False,True,correct_reject,0.838891,0.000238,0.000199,6e-06,18,16
Kubernetes---kb_511_Normalized.json,Kubernetes---kb_511_Normalized.json::test_00000,valid,passed,True,True,correct_accept,4.2e-05,0.000428,0.000373,1.7e-05,22,22
Kubernetes---kb_511_Normalized.json,Kubernetes---kb_511_Normalized.json::test_00001,invalid,passed,False,True,correct_reject,4.2e-05,6.4e-05,4.5e-05,5e-06,22,5
Kubernetes---kb_511_Normalized.json,Kubernetes---kb_511_Normalized.json::test_00002,invalid,passed,False,True,correct_reject,4.2e-05,0.000334,0.000285,1.1e-05,21,20
Kubernetes---kb_511_Normalized.json,Kubernetes---kb_511_Normalized.json::test_00003,invalid,passed,False,True,correct_reject,4.2e-05,0.000276,0.000227,1.5e-05,22,16
Kubernetes---kb_512_Normalized.json,Kubernetes---kb_512_Normalized.json::test_00000,valid,failed,False,True,over_constraint,7.08559,8.3e-05,5.4e-05,9e-06,180,12
Kubernetes---kb_512_Normalized.json,Kubernetes---kb_512_Normalized.json::test_00001,invalid,passed,False,True,correct_reject,7.08559,8.6e-05,5.5e-05,7e-06,179,12
Kubernetes---kb_512_Normalized.json,Kubernetes---kb_512_Normalized.json::test_00002,invalid,passed,False,True,correct_reject,7.08559,9.3e-05,5.8e-05,9e-06,186,12
Kubernetes---kb_512_Normalized.json,Kubernetes---kb_512_Normalized.json::test_00003,valid,failed,False,True,over_constraint,7.08559,9.5e-05,5.8e-05,8e-06,127,12
Kubernetes---kb_512_Normalized.json,Kubernetes---kb_512_Normalized.json::test_00004,invalid,passed,False,True,correct_reject,7.08559,9e-05,5.6e-05,8e-06,135,12
Kubernetes---kb_513_Normalized.json,Kubernetes---kb_513_Normalized.json::test_00000,valid,failed,False,True,over_constraint,7.6315,0.000104,6.4e-05,1.2e-05,144,12
Kubernetes---kb_513_Normalized.json,Kubernetes---kb_513_Normalized.json::test_00001,invalid,passed,False,True,correct_reject,7.6315,0.000106,7.2e-05,1.1e-05,134,6
Kubernetes---kb_513_Normalized.json,Kubernetes---kb_513_Normalized.json::test_00002,valid,failed,False,True,over_constraint,7.6315,8.9e-05,5.8e-05,1e-05,189,12
Kubernetes---kb_513_Normalized.json,Kubernetes---kb_513_Normalized.json::test_00003,invalid,passed,False,True,correct_reject,7.6315,9.1e-05,5.7e-05,1e-05,187,12
Kubernetes---kb_514_Normalized.json,Kubernetes---kb_514_Normalized.json::test_00000,valid,failed,False,True,over_constraint,7.19024,0.002151,0.001962,7.1e-05,144,42
Kubernetes---kb_514_Normalized.json,Kubernetes---kb_514_Normalized.json::test_00001,invalid,passed,False,True,correct_reject,7.19024,0.001385,0.001261,3.7e-05,148,42
Kubernetes---kb_514_Normalized.json,Kubernetes---kb_514_Normalized.json::test_00002,invalid,passed,False,True,correct_reject,7.19024,0.000944,0.000854,3.3e-05,143,21
Kubernetes---kb_514_Normalized.json,Kubernetes---kb_514_Normalized.json::test_00003,valid,passed,True,True,correct_accept,7.19024,0.004843,0.004445,0.000117,129,129
Kubernetes---kb_514_Normalized.json,Kubernetes---kb_514_Normalized.json::test_00004,invalid,passed,False,True,correct_reject,7.19024,0.003109,0.002817,0.000111,141,71
Kubernetes---kb_514_Normalized.json,Kubernetes---kb_514_Normalized.json::test_00005,invalid,passed,False,True,correct_reject,7.19024,0.001333,0.00121,3.2e-05,127,42
Kubernetes---kb_515_Normalized.json,Kubernetes---kb_515_Normalized.json::test_00000,valid,failed,False,True,over_constraint,8.37074,8.3e-05,5.1e-05,8e-06,163,12
Kubernetes---kb_515_Normalized.json,Kubernetes---kb_515_Normalized.json::test_00001,invalid,passed,False,True,correct_reject,8.37074,7.1e-05,4.7e-05,9e-06,156,6
Kubernetes---kb_515_Normalized.json,Kubernetes---kb_515_Normalized.json::test_00002,invalid,passed,False,True,correct_reject,8.37074,8.7e-05,5.4e-05,9e-06,164,12
Kubernetes---kb_515_Normalized.json,Kubernetes---kb_515_Normalized.json::test_00003,invalid,passed,False,True,correct_reject,8.37074,0.00017,0.000103,2.6e-05,161,12
Kubernetes---kb_515_Normalized.json,Kubernetes---kb_515_Normalized.json::test_00004,invalid,passed,False,True,correct_reject,8.37074,8.3e-05,5.2e-05,8e-06,163,12
Kubernetes---kb_515_Normalized.json,Kubernetes---kb_515_Normalized.json::test_00005,valid,failed,False,True,over_constraint,8.37074,0.000102,6.6e-05,1.1e-05,163,12
Kubernetes---kb_515_Normalized.json,Kubernetes---kb_515_Normalized.json::test_00006,invalid,passed,False,True,correct_reject,8.37074,0.0001,6.1e-05,1.3e-05,163,12
Kubernetes---kb_515_Normalized.json,Kubernetes---kb_515_Normalized.json::test_00007,invalid,passed,False,True,correct_reject,8.37074,8.3e-05,5.3e-05,8e-06,83,12
Kubernetes---kb_516_Normalized.json,Kubernetes---kb_516_Normalized.json::test_00000,valid,failed,False,True,over_constraint,8.79722,0.000129,7.8e-05,1.7e-05,146,12
Kubernetes---kb_516_Normalized.json,Kubernetes---kb_516_Normalized.json::test_00001,invalid,passed,False,True,correct_reject,8.79722,0.000124,7.6e-05,1.8e-05,146,12
Kubernetes---kb_516_Normalized.json,Kubernetes---kb_516_Normalized.json::test_00002,invalid,passed,False,True,correct_reject,8.79722,0.00012,7.1e-05,1.6e-05,144,12
Kubernetes---kb_516_Normalized.json,Kubernetes---kb_516_Normalized.json::test_00003,invalid,passed,False,True,correct_reject,8.79722,0.000103,6.3e-05,1.3e-05,146,12
Kubernetes---kb_516_Normalized.json,Kubernetes---kb_516_Normalized.json::test_00004,invalid,passed,False,True,correct_reject,8.79722,8.6e-05,5.4e-05,7e-06,147,12
Kubernetes---kb_517_Normalized.json,Kubernetes---kb_517_Normalized.json::test_00000,valid,passed,True,True,correct_accept,8.85998,0.012724,0.011945,0.000236,256,256
Kubernetes---kb_517_Normalized.json,Kubernetes---kb_517_Normalized.json::test_00001,invalid,passed,False,True,correct_reject,8.85998,0.011303,0.010654,0.00016,260,239
Kubernetes---kb_517_Normalized.json,Kubernetes---kb_517_Normalized.json::test_00002,invalid,passed,False,True,correct_reject,8.85998,0.010673,0.010086,0.000161,257,206
Kubernetes---kb_517_Normalized.json,Kubernetes---kb_517_Normalized.json::test_00003,invalid,passed,False,True,correct_reject,8.85998,0.016557,0.015463,0.000378,256,254
Kubernetes---kb_517_Normalized.json,Kubernetes---kb_517_Normalized.json::test_00004,invalid,passed,False,True,correct_reject,8.85998,0.016543,0.015582,0.00034,253,241
Kubernetes---kb_518_Normalized.json,Kubernetes---kb_518_Normalized.json::test_00000,valid,passed,True,True,correct_accept,2.74387,0.003894,0.003648,7.1e-05,71,71
Kubernetes---kb_518_Normalized.json,Kubernetes---kb_518_Normalized.json::test_00001,invalid,passed,False,True,correct_reject,2.74387,0.001467,0.001376,2.4e-05,68,28
Kubernetes---kb_518_Normalized.json,Kubernetes---kb_518_Normalized.json::test_00002,invalid,passed,False,True,correct_reject,2.74387,0.001483,0.001386,2.9e-05,69,29
Kubernetes---kb_518_Normalized.json,Kubernetes---kb_518_Normalized.json::test_00003,valid,passed,True,True,correct_accept,2.74387,0.004965,0.004615,0.000134,70,70
Kubernetes---kb_519_Normalized.json,Kubernetes---kb_519_Normalized.json::test_00000,valid,passed,True,True,correct_accept,6.8e-05,0.004775,0.00449,0.000102,70,70
Kubernetes---kb_519_Normalized.json,Kubernetes---kb_519_Normalized.json::test_00001,invalid,passed,False,True,correct_reject,6.8e-05,0.00154,0.001439,3.2e-05,68,28
Kubernetes---kb_519_Normalized.json,Kubernetes---kb_519_Normalized.json::test_00002,invalid,passed,False,True,correct_reject,6.8e-05,0.001761,0.001645,3.8e-05,69,29
Kubernetes---kb_519_Normalized.json,Kubernetes---kb_519_Normalized.json::test_00003,valid,passed,True,True,correct_accept,6.8e-05,0.003813,0.003558,8.5e-05,71,71
Kubernetes---kb_51_Normalized.json,Kubernetes---kb_51_Normalized.json::test_00000,valid,passed,True,True,correct_accept,1.65856,0.005558,0.005341,7.6e-05,61,61
Kubernetes---kb_51_Normalized.json,Kubernetes---kb_51_Normalized.json::test_00001,invalid,passed,False,True,correct_reject,1.65856,0.000129,8.8e-05,1.3e-05,60,7
Kubernetes---kb_520_Normalized.json,Kubernetes---kb_520_Normalized.json::test_00000,valid,passed,True,True,correct_accept,0.000113,0.003366,0.003129,7.4e-05,70,70
Kubernetes---kb_520_Normalized.json,Kubernetes---kb_520_Normalized.json::test_00001,invalid,passed,False,True,correct_reject,0.000113,0.001767,0.001658,3.8e-05,68,28
Kubernetes---kb_520_Normalized.json,Kubernetes---kb_520_Normalized.json::test_00002,invalid,passed,False,True,correct_reject,0.000113,0.001654,0.001547,3.4e-05,69,29
Kubernetes---kb_520_Normalized.json,Kubernetes---kb_520_Normalized.json::test_00003,valid,passed,True,True,correct_accept,0.000113,0.004879,0.004543,0.000121,71,71
Kubernetes---kb_520_Normalized.json,Kubernetes---kb_520_Normalized.json::test_00004,invalid,passed,False,True,correct_reject,0.000113,0.001838,0.001727,4.1e-05,68,28
Kubernetes---kb_521_Normalized.json,Kubernetes---kb_521_Normalized.json::test_00000,valid,passed,True,True,correct_accept,2.86925,0.011066,0.010691,0.000147,82,82
Kubernetes---kb_521_Normalized.json,Kubernetes---kb_521_Normalized.json::test_00001,valid,passed,True,True,correct_accept,2.86925,0.010415,0.010154,8.4e-05,80,80
Kubernetes---kb_521_Normalized.json,Kubernetes---kb_521_Normalized.json::test_00002,invalid,passed,False,True,correct_reject,2.86925,0.011835,0.01158,8.9e-05,78,70
Kubernetes---kb_521_Normalized.json,Kubernetes---kb_521_Normalized.json::test_00003,invalid,passed,False,True,correct_reject,2.86925,0.000876,0.000781,3e-05,106,28
Kubernetes---kb_522_Normalized.json,Kubernetes---kb_522_Normalized.json::test_00000,valid,passed,True,True,correct_accept,0.000103,0.010666,0.010398,9e-05,81,81
Kubernetes---kb_522_Normalized.json,Kubernetes---kb_522_Normalized.json::test_00001,valid,passed,True,True,correct_accept,0.000103,0.01125,0.01095,0.000101,85,85
Kubernetes---kb_523_Normalized.json,Kubernetes---kb_523_Normalized.json::test_00000,valid,failed,False,True,over_constraint,2.71712,0.000369,0.000302,2.4e-05,45,19
Kubernetes---kb_523_Normalized.json,Kubernetes---kb_523_Normalized.json::test_00001,invalid,passed,False,True,correct_reject,2.71712,0.000129,8.5e-05,1.8e-05,45,7
Kubernetes---kb_523_Normalized.json,Kubernetes---kb_523_Normalized.json::test_00002,invalid,passed,False,True,correct_reject,2.71712,9.9e-05,6.5e-05,1.4e-05,46,7
Kubernetes---kb_523_Normalized.json,Kubernetes---kb_523_Normalized.json::test_00003,valid,passed,True,True,correct_accept,2.71712,0.003544,0.003388,5.7e-05,44,44
Kubernetes---kb_523_Normalized.json,Kubernetes---kb_523_Normalized.json::test_00004,invalid,passed,False,True,correct_reject,2.71712,0.000102,6.6e-05,1.3e-05,44,7
Kubernetes---kb_524_Normalized.json,Kubernetes---kb_524_Normalized.json::test_00000,valid,failed,False,True,over_constraint,0.000127,0.000369,0.0003,2.2e-05,45,19
Kubernetes---kb_524_Normalized.json,Kubernetes---kb_524_Normalized.json::test_00001,invalid,passed,False,True,correct_reject,0.000127,0.000109,7.3e-05,1.4e-05,46,7
Kubernetes---kb_524_Normalized.json,Kubernetes---kb_524_Normalized.json::test_00002,invalid,passed,False,True,correct_reject,0.000127,0.000114,7.3e-05,1.6e-05,45,7
Kubernetes---kb_524_Normalized.json,Kubernetes---kb_524_Normalized.json::test_00003,valid,passed,True,True,correct_accept,0.000127,0.004569,0.004387,6.6e-05,44,44
Kubernetes---kb_524_Normalized.json,Kubernetes---kb_524_Normalized.json::test_00004,invalid,passed,False,True,correct_reject,0.000127,0.000133,8.9e-05,1.8e-05,44,7
Kubernetes---kb_525_Normalized.json,Kubernetes---kb_525_Normalized.json::test_00000,valid,passed,True,True,correct_accept,9.32671,0.017333,0.01688,0.000139,153,153
Kubernetes---kb_525_Normalized.json,Kubernetes---kb_525_Normalized.json::test_00001,valid,passed,True,True,correct_accept,9.32671,0.018073,0.017623,0.000139,153,153
Kubernetes---kb_525_Normalized.json,Kubernetes---kb_525_Normalized.json::test_00002,invalid,passed,False,True,correct_reject,9.32671,8.1e-05,5.3e-05,9e-06,153,7
Kubernetes---kb_525_Normalized.json,Kubernetes---kb_525_Normalized.json::test_00003,invalid,passed,False,True,correct_reject,9.32671,0.001101,0.000938,5.7e-05,153,44
Kubernetes---kb_526_Normalized.json,Kubernetes---kb_526_Normalized.json::test_00000,valid,passed,True,True,correct_accept,7.07509,0.01498,0.01457,0.000112,153,153
Kubernetes---kb_526_Normalized.json,Kubernetes---kb_526_Normalized.json::test_00001,valid,passed,True,True,correct_accept,7.07509,0.015635,0.015251,6.9e-05,171,171
Kubernetes---kb_526_Normalized.json,Kubernetes---kb_526_Normalized.json::test_00002,invalid,passed,False,True,correct_reject,7.07509,0.000756,0.000659,2e-05,171,44
Kubernetes---kb_527_Normalized.json,Kubernetes---kb_527_Normalized.json::test_00000,valid,passed,True,True,correct_accept,1.63992,0.017234,0.016773,0.000173,93,93
Kubernetes---kb_527_Normalized.json,Kubernetes---kb_527_Normalized.json::test_00001,invalid,passed,False,True,correct_reject,1.63992,0.00019,0.000159,1.2e-05,91,6
Kubernetes---kb_527_Normalized.json,Kubernetes---kb_527_Normalized.json::test_00002,invalid,passed,False,True,correct_reject,1.63992,0.000155,0.000128,1e-05,91,6
Kubernetes---kb_527_Normalized.json,Kubernetes---kb_527_Normalized.json::test_00003,invalid,passed,False,True,correct_reject,1.63992,0.000176,0.000147,1e-05,99,6
Kubernetes---kb_527_Normalized.json,Kubernetes---kb_527_Normalized.json::test_00004,invalid,passed,False,True,correct_reject,1.63992,0.000177,0.000144,1.3e-05,91,6
Kubernetes---kb_528_Normalized.json,Kubernetes---kb_528_Normalized.json::test_00000,valid,passed,True,True,correct_accept,9.3e-05,0.011559,0.011267,7.3e-05,95,95
Kubernetes---kb_528_Normalized.json,Kubernetes---kb_528_Normalized.json::test_00001,valid,passed,True,True,correct_accept,9.3e-05,0.014937,0.014529,0.000147,93,93
Kubernetes---kb_528_Normalized.json,Kubernetes---kb_528_Normalized.json::test_00002,invalid,passed,False,True,correct_reject,9.3e-05,0.000179,0.000149,1.2e-05,83,6
Kubernetes---kb_528_Normalized.json,Kubernetes---kb_528_Normalized.json::test_00003,invalid,passed,False,True,correct_reject,9.3e-05,0.000169,0.000139,1.1e-05,91,6
Kubernetes---kb_528_Normalized.json,Kubernetes---kb_528_Normalized.json::test_00004,invalid,passed,False,True,correct_reject,9.3e-05,0.000262,0.00022,1.7e-05,98,6
Kubernetes---kb_529_Normalized.json,Kubernetes---kb_529_Normalized.json::test_00000,valid,passed,True,True,correct_accept,8.29917,0.015318,0.014851,0.000139,148,148
Kubernetes---kb_529_Normalized.json,Kubernetes---kb_529_Normalized.json::test_00001,valid,passed,True,True,correct_accept,8.29917,0.016835,0.016166,0.000244,153,153
Kubernetes---kb_529_Normalized.json,Kubernetes---kb_529_Normalized.json::test_00002,invalid,passed,False,True,correct_reject,8.29917,0.013015,0.012663,0.000123,143,94
Kubernetes---kb_529_Normalized.json,Kubernetes---kb_529_Normalized.json::test_00003,invalid,passed,False,True,correct_reject,8.29917,0.003913,0.003686,7.4e-05,153,55
Kubernetes---kb_52_Normalized.json,Kubernetes---kb_52_Normalized.json::test_00000,valid,passed,True,True,correct_accept,6.6e-05,0.005405,0.005212,6.1e-05,61,61
Kubernetes---kb_52_Normalized.json,Kubernetes---kb_52_Normalized.json::test_00001,invalid,passed,False,True,correct_reject,6.6e-05,9.4e-05,6.4e-05,1.1e-05,60,7
Kubernetes---kb_52_Normalized.json,Kubernetes---kb_52_Normalized.json::test_00002,valid,passed,True,True,correct_accept,6.6e-05,0.007573,0.007303,0.00011,62,62
Kubernetes---kb_52_Normalized.json,Kubernetes---kb_52_Normalized.json::test_00003,invalid,passed,False,True,correct_reject,6.6e-05,8.2e-05,5.3e-05,1.1e-05,60,6
Kubernetes---kb_531_Normalized.json,Kubernetes---kb_531_Normalized.json::test_00000,valid,passed,True,True,correct_accept,2.25938,0.039242,0.038495,0.000275,188,188
Kubernetes---kb_531_Normalized.json,Kubernetes---kb_531_Normalized.json::test_00001,valid,passed,True,True,correct_accept,2.25938,0.050034,0.049043,0.000406,188,188
Kubernetes---kb_532_Normalized.json,Kubernetes---kb_532_Normalized.json::test_00000,valid,passed,True,True,correct_accept,0.000116,0.035066,0.034434,0.000223,188,188
Kubernetes---kb_532_Normalized.json,Kubernetes---kb_532_Normalized.json::test_00001,valid,passed,True,True,correct_accept,0.000116,0.040066,0.039274,0.000295,188,188
Kubernetes---kb_532_Normalized.json,Kubernetes---kb_532_Normalized.json::test_00002,invalid,passed,False,True,correct_reject,0.000116,0.058455,0.056877,0.000693,221,206
Kubernetes---kb_533_Normalized.json,Kubernetes---kb_533_Normalized.json::test_00000,valid,failed,False,True,over_constraint,2.18235,0.000201,0.000165,1.2e-05,32,6
Kubernetes---kb_533_Normalized.json,Kubernetes---kb_533_Normalized.json::test_00001,invalid,passed,False,True,correct_reject,2.18235,0.000108,7.6e-05,1e-05,32,5
Kubernetes---kb_533_Normalized.json,Kubernetes---kb_533_Normalized.json::test_00002,valid,passed,True,True,correct_accept,2.18235,0.003797,0.00368,3.8e-05,31,31
Kubernetes---kb_533_Normalized.json,Kubernetes---kb_533_Normalized.json::test_00003,invalid,passed,False,True,correct_reject,2.18235,0.000105,7.5e-05,1.1e-05,31,5
Kubernetes---kb_534_Normalized.json,Kubernetes---kb_534_Normalized.json::test_00000,valid,failed,False,True,over_constraint,8.9e-05,0.000257,0.000214,1.6e-05,32,6
Kubernetes---kb_534_Normalized.json,Kubernetes---kb_534_Normalized.json::test_00001,invalid,passed,False,True,correct_reject,8.9e-05,9.9e-05,6.9e-05,9e-06,32,5
Kubernetes---kb_534_Normalized.json,Kubernetes---kb_534_Normalized.json::test_00002,valid,passed,True,True,correct_accept,8.9e-05,0.003552,0.003427,4.4e-05,31,31
Kubernetes---kb_535_Normalized.json,Kubernetes---kb_535_Normalized.json::test_00000,valid,passed,True,True,correct_accept,2.0397,0.001289,0.001158,4.5e-05,39,39
Kubernetes---kb_535_Normalized.json,Kubernetes---kb_535_Normalized.json::test_00001,invalid,passed,False,True,correct_reject,2.0397,0.000117,8.8e-05,1e-05,38,5
Kubernetes---kb_535_Normalized.json,Kubernetes---kb_535_Normalized.json::test_00002,invalid,passed,False,True,correct_reject,2.0397,0.000367,0.000317,2e-05,39,12
Kubernetes---kb_535_Normalized.json,Kubernetes---kb_535_Normalized.json::test_00003,invalid,passed,False,True,correct_reject,2.0397,9.9e-05,7.2e-05,1.1e-05,37,4
Kubernetes---kb_535_Normalized.json,Kubernetes---kb_535_Normalized.json::test_00004,invalid,passed,False,True,correct_reject,2.0397,0.000699,0.000624,3.2e-05,41,14
Kubernetes---kb_535_Normalized.json,Kubernetes---kb_535_Normalized.json::test_00005,valid,passed,True,True,correct_accept,2.0397,0.005481,0.005225,7e-05,90,90
Kubernetes---kb_535_Normalized.json,Kubernetes---kb_535_Normalized.json::test_00006,invalid,passed,False,True,correct_reject,2.0397,0.004914,0.004713,6e-05,92,65
Kubernetes---kb_536_Normalized.json,Kubernetes---kb_536_Normalized.json::test_00000,valid,passed,True,True,correct_accept,7.2e-05,0.001304,0.001181,4e-05,39,39
Kubernetes---kb_536_Normalized.json,Kubernetes---kb_536_Normalized.json::test_00001,invalid,passed,False,True,correct_reject,7.2e-05,0.000115,8.5e-05,1.2e-05,38,5
Kubernetes---kb_536_Normalized.json,Kubernetes---kb_536_Normalized.json::test_00002,invalid,passed,False,True,correct_reject,7.2e-05,0.000672,0.000585,4.1e-05,40,12
Kubernetes---kb_536_Normalized.json,Kubernetes---kb_536_Normalized.json::test_00003,invalid,passed,False,True,correct_reject,7.2e-05,0.000103,7.5e-05,1.3e-05,37,4
Kubernetes---kb_536_Normalized.json,Kubernetes---kb_536_Normalized.json::test_00004,valid,passed,True,True,correct_accept,7.2e-05,0.006014,0.005718,8.9e-05,89,89
Kubernetes---kb_536_Normalized.json,Kubernetes---kb_536_Normalized.json::test_00005,invalid,passed,False,True,correct_reject,7.2e-05,9.2e-05,6.6e-05,1.1e-05,36,4
Kubernetes---kb_536_Normalized.json,Kubernetes---kb_536_Normalized.json::test_00006,invalid,passed,False,True,correct_reject,7.2e-05,0.000125,9.1e-05,1.6e-05,36,4
Kubernetes---kb_537_Normalized.json,Kubernetes---kb_537_Normalized.json::test_00000,valid,passed,True,True,correct_accept,1.15854,0.000646,0.000571,2.3e-05,19,19
Kubernetes---kb_537_Normalized.json,Kubernetes---kb_537_Normalized.json::test_00001,invalid,passed,False,True,correct_reject,1.15854,0.000121,8.7e-05,1.3e-05,18,5
Kubernetes---kb_537_Normalized.json,Kubernetes---kb_537_Normalized.json::test_00002,invalid,passed,False,True,correct_reject,1.15854,0.000402,0.000338,2.4e-05,15,12
Kubernetes---kb_537_Normalized.json,Kubernetes---kb_537_Normalized.json::test_00003,invalid,passed,False,True,correct_reject,1.15854,0.000118,8.3e-05,1.4e-05,17,4
Kubernetes---kb_537_Normalized.json,Kubernetes---kb_537_Normalized.json::test_00004,invalid,passed,False,True,correct_reject,1.15854,0.000374,0.00031,2.2e-05,14,12
Kubernetes---kb_538_Normalized.json,Kubernetes---kb_538_Normalized.json::test_00000,valid,passed,True,True,correct_accept,6.5e-05,0.000811,0.000723,3.5e-05,19,19
Kubernetes---kb_538_Normalized.json,Kubernetes---kb_538_Normalized.json::test_00001,invalid,passed,False,True,correct_reject,6.5e-05,0.000154,0.000113,1.8e-05,18,5
Kubernetes---kb_538_Normalized.json,Kubernetes---kb_538_Normalized.json::test_00002,invalid,passed,False,True,correct_reject,6.5e-05,0.00037,0.000309,2.1e-05,15,12
Kubernetes---kb_538_Normalized.json,Kubernetes---kb_538_Normalized.json::test_00003,invalid,passed,False,True,correct_reject,6.5e-05,0.000107,7.5e-05,1.3e-05,17,4
Kubernetes---kb_538_Normalized.json,Kubernetes---kb_538_Normalized.json::test_00004,valid,passed,True,True,correct_accept,6.5e-05,0.000733,0.000653,2.5e-05,19,19
Kubernetes---kb_538_Normalized.json,Kubernetes---kb_538_Normalized.json::test_00005,invalid,passed,False,True,correct_reject,6.5e-05,0.000126,9.3e-05,1.2e-05,11,5
Kubernetes---kb_538_Normalized.json,Kubernetes---kb_538_Normalized.json::test_00006,invalid,passed,False,True,correct_reject,6.5e-05,0.000337,0.00028,1.8e-05,14,12
Kubernetes---kb_539_Normalized.json,Kubernetes---kb_539_Normalized.json::test_00000,valid,passed,True,True,correct_accept,1.43924,0.001411,0.001273,3.6e-05,46,46
Kubernetes---kb_539_Normalized.json,Kubernetes---kb_539_Normalized.json::test_00001,invalid,passed,False,True,correct_reject,1.43924,7.9e-05,5.4e-05,9e-06,11,5
Kubernetes---kb_539_Normalized.json,Kubernetes---kb_539_Normalized.json::test_00002,invalid,passed,False,True,correct_reject,1.43924,0.000126,8.7e-05,1.4e-05,45,9
Kubernetes---kb_539_Normalized.json,Kubernetes---kb_539_Normalized.json::test_00003,invalid,passed,False,True,correct_reject,1.43924,8e-05,5.4e-05,9e-06,9,5
Kubernetes---kb_539_Normalized.json,Kubernetes---kb_539_Normalized.json::test_00004,invalid,passed,False,True,correct_reject,1.43924,0.000611,0.000517,3.8e-05,42,16
Kubernetes---kb_539_Normalized.json,Kubernetes---kb_539_Normalized.json::test_00005,valid,passed,True,True,correct_accept,1.43924,0.002068,0.001862,7e-05,43,43
Kubernetes---kb_539_Normalized.json,Kubernetes---kb_539_Normalized.json::test_00006,invalid,passed,False,True,correct_reject,1.43924,0.001031,0.000902,4.7e-05,42,28
Kubernetes---kb_53_Normalized.json,Kubernetes---kb_53_Normalized.json::test_00000,valid,passed,True,True,correct_accept,1.48818,0.003367,0.003264,3.5e-05,29,29
Kubernetes---kb_53_Normalized.json,Kubernetes---kb_53_Normalized.json::test_00001,invalid,passed,False,True,correct_reject,1.48818,8.5e-05,5.6e-05,1.3e-05,30,5
Kubernetes---kb_53_Normalized.json,Kubernetes---kb_53_Normalized.json::test_00002,invalid,passed,False,True,correct_reject,1.48818,0.003333,0.003237,3.6e-05,28,27
Kubernetes---kb_53_Normalized.json,Kubernetes---kb_53_Normalized.json::test_00003,invalid,passed,False,True,correct_reject,1.48818,8.4e-05,5.6e-05,1.1e-05,30,5
Kubernetes---kb_53_Normalized.json,Kubernetes---kb_53_Normalized.json::test_00004,invalid,passed,False,True,correct_reject,1.48818,8.1e-05,5.2e-05,1.3e-05,30,4
Kubernetes---kb_53_Normalized.json,Kubernetes---kb_53_Normalized.json::test_00005,invalid,passed,False,True,correct_reject,1.48818,7.6e-05,5.1e-05,1e-05,30,4
Kubernetes---kb_540_Normalized.json,Kubernetes---kb_540_Normalized.json::test_00000,valid,passed,True,True,correct_accept,6.4e-05,0.001374,0.001229,4.6e-05,43,43
Kubernetes---kb_540_Normalized.json,Kubernetes---kb_540_Normalized.json::test_00001,invalid,passed,False,True,correct_reject,6.4e-05,5.9e-05,4e-05,5e-06,11,5
Kubernetes---kb_540_Normalized.json,Kubernetes---kb_540_Normalized.json::test_00002,invalid,passed,False,True,correct_reject,6.4e-05,0.000403,0.00034,2.4e-05,39,16
Kubernetes---kb_540_Normalized.json,Kubernetes---kb_540_Normalized.json::test_00003,invalid,passed,False,True,correct_reject,6.4e-05,6.6e-05,4.6e-05,7e-06,8,5
Kubernetes---kb_540_Normalized.json,Kubernetes---kb_540_Normalized.json::test_00004,invalid,passed,False,True,correct_reject,6.4e-05,0.000383,0.000322,2.3e-05,20,16
Kubernetes---kb_541_Normalized.json,Kubernetes---kb_541_Normalized.json::test_00000,valid,passed,True,True,correct_accept,0.804979,0.00023,0.000194,1.5e-05,7,7
Kubernetes---kb_541_Normalized.json,Kubernetes---kb_541_Normalized.json::test_00001,invalid,passed,False,True,correct_reject,0.804979,9.2e-05,6.5e-05,8e-06,6,5
Kubernetes---kb_542_Normalized.json,Kubernetes---kb_542_Normalized.json::test_00000,valid,passed,True,True,correct_accept,4.8e-05,0.000254,0.000218,1.4e-05,7,7
Kubernetes---kb_542_Normalized.json,Kubernetes---kb_542_Normalized.json::test_00001,invalid,passed,False,True,correct_reject,4.8e-05,6.7e-05,4.9e-05,5e-06,6,5
Kubernetes---kb_543_Normalized.json,Kubernetes---kb_543_Normalized.json::test_00000,valid,failed,False,True,over_constraint,8.67713,0.0001,5.9e-05,1.3e-05,178,11
Kubernetes---kb_543_Normalized.json,Kubernetes---kb_543_Normalized.json::test_00001,invalid,passed,False,True,correct_reject,8.67713,0.000109,6.8e-05,1.4e-05,187,11
Kubernetes---kb_543_Normalized.json,Kubernetes---kb_543_Normalized.json::test_00002,invalid,passed,False,True,correct_reject,8.67713,8.3e-05,5.3e-05,1.1e-05,173,6
Kubernetes---kb_543_Normalized.json,Kubernetes---kb_543_Normalized.json::test_00003,invalid,passed,False,True,correct_reject,8.67713,8.6e-05,5.5e-05,1.1e-05,172,6
Kubernetes---kb_543_Normalized.json,Kubernetes---kb_543_Normalized.json::test_00004,valid,failed,False,True,over_constraint,8.67713,0.000144,8.9e-05,2.3e-05,102,11
Kubernetes---kb_543_Normalized.json,Kubernetes---kb_543_Normalized.json::test_00005,invalid,passed,False,True,correct_reject,8.67713,0.000101,6.1e-05,1.2e-05,103,11
Kubernetes---kb_543_Normalized.json,Kubernetes---kb_543_Normalized.json::test_00006,invalid,passed,False,True,correct_reject,8.67713,8.2e-05,5e-05,1e-05,102,11
Kubernetes---kb_544_Normalized.json,Kubernetes---kb_544_Normalized.json::test_00000,valid,failed,False,True,over_constraint,7.9528,0.000125,7.3e-05,1.9e-05,176,11
Kubernetes---kb_544_Normalized.json,Kubernetes---kb_544_Normalized.json::test_00001,valid,failed,False,True,over_constraint,7.9528,0.000116,6.9e-05,1.9e-05,186,11
Kubernetes---kb_544_Normalized.json,Kubernetes---kb_544_Normalized.json::test_00002,invalid,passed,False,True,correct_reject,7.9528,0.000122,7e-05,1.8e-05,185,11
Kubernetes---kb_544_Normalized.json,Kubernetes---kb_544_Normalized.json::test_00003,invalid,passed,False,True,correct_reject,7.9528,9.2e-05,5.5e-05,1.3e-05,193,11
Kubernetes---kb_545_Normalized.json,Kubernetes---kb_545_Normalized.json::test_00000,valid,passed,True,True,correct_accept,8.78994,0.009797,0.009202,0.00021,165,165
Kubernetes---kb_545_Normalized.json,Kubernetes---kb_545_Normalized.json::test_00001,invalid,passed,False,True,correct_reject,8.78994,0.007505,0.007333,5.7e-05,172,56
Kubernetes---kb_545_Normalized.json,Kubernetes---kb_545_Normalized.json::test_00002,invalid,passed,False,True,correct_reject,8.78994,0.005849,0.005718,3.6e-05,164,50
Kubernetes---kb_545_Normalized.json,Kubernetes---kb_545_Normalized.json::test_00003,valid,passed,True,True,correct_accept,8.78994,0.014471,0.013729,0.000274,187,187
Kubernetes---kb_545_Normalized.json,Kubernetes---kb_545_Normalized.json::test_00004,invalid,passed,False,True,correct_reject,8.78994,0.006782,0.006635,4.2e-05,185,54
Kubernetes---kb_545_Normalized.json,Kubernetes---kb_545_Normalized.json::test_00005,invalid,passed,False,True,correct_reject,8.78994,0.007814,0.007593,7.1e-05,193,70
Kubernetes---kb_545_Normalized.json,Kubernetes---kb_545_Normalized.json::test_00006,invalid,passed,False,True,correct_reject,8.78994,0.007414,0.007195,4.8e-05,187,94
Kubernetes---kb_546_Normalized.json,Kubernetes---kb_546_Normalized.json::test_00000,valid,failed,False,True,over_constraint,0.768294,0.000185,0.000157,1.1e-05,15,7
Kubernetes---kb_546_Normalized.json,Kubernetes---kb_546_Normalized.json::test_00001,invalid,passed,False,True,correct_reject,0.768294,0.000178,0.000153,9e-06,14,7
Kubernetes---kb_546_Normalized.json,Kubernetes---kb_546_Normalized.json::test_00002,valid,passed,True,True,correct_accept,0.768294,0.002187,0.002145,1e-05,15,15
Kubernetes---kb_546_Normalized.json,Kubernetes---kb_546_Normalized.json::test_00003,invalid,passed,False,True,correct_reject,0.768294,0.000169,0.000143,1e-05,13,7
Kubernetes---kb_547_Normalized.json,Kubernetes---kb_547_Normalized.json::test_00000,valid,failed,False,True,over_constraint,6.1e-05,0.000163,0.000138,9e-06,15,7
Kubernetes---kb_547_Normalized.json,Kubernetes---kb_547_Normalized.json::test_00001,invalid,passed,False,True,correct_reject,6.1e-05,0.00022,0.000186,1.2e-05,14,7
Kubernetes---kb_547_Normalized.json,Kubernetes---kb_547_Normalized.json::test_00002,valid,passed,True,True,correct_accept,6.1e-05,0.003173,0.003116,2.1e-05,15,15
Kubernetes---kb_547_Normalized.json,Kubernetes---kb_547_Normalized.json::test_00003,invalid,passed,False,True,correct_reject,6.1e-05,9.9e-05,7e-05,1e-05,14,5
Kubernetes---kb_548_Normalized.json,Kubernetes---kb_548_Normalized.json::test_00000,valid,failed,False,True,over_constraint,1.63256,0.000713,0.00064,1.9e-05,80,23
Kubernetes---kb_548_Normalized.json,Kubernetes---kb_548_Normalized.json::test_00001,invalid,passed,False,True,correct_reject,1.63256,0.000104,8e-05,9e-06,79,6
Kubernetes---kb_549_Normalized.json,Kubernetes---kb_549_Normalized.json::test_00000,valid,failed,False,True,over_constraint,6e-05,0.000731,0.000653,2.5e-05,85,23
Kubernetes---kb_549_Normalized.json,Kubernetes---kb_549_Normalized.json::test_00001,invalid,passed,False,True,correct_reject,6e-05,0.000104,7.8e-05,9e-06,84,6
Kubernetes---kb_549_Normalized.json,Kubernetes---kb_549_Normalized.json::test_00002,valid,failed,False,True,over_constraint,6e-05,0.000577,0.000513,1.5e-05,104,23
Kubernetes---kb_549_Normalized.json,Kubernetes---kb_549_Normalized.json::test_00003,invalid,passed,False,True,correct_reject,6e-05,8.4e-05,6.2e-05,7e-06,103,6
Kubernetes---kb_549_Normalized.json,Kubernetes---kb_549_Normalized.json::test_00004,invalid,passed,False,True,correct_reject,6e-05,0.000117,8.7e-05,1.2e-05,1685,6
Kubernetes---kb_54_Normalized.json,Kubernetes---kb_54_Normalized.json::test_00000,valid,passed,True,True,correct_accept,4.9e-05,0.00245,0.002376,2.1e-05,29,29
Kubernetes---kb_54_Normalized.json,Kubernetes---kb_54_Normalized.json::test_00001,invalid,passed,False,True,correct_reject,4.9e-05,6e-05,4e-05,9e-06,30,5
Kubernetes---kb_54_Normalized.json,Kubernetes---kb_54_Normalized.json::test_00002,invalid,passed,False,True,correct_reject,4.9e-05,0.003177,0.003073,3.9e-05,28,27
Kubernetes---kb_54_Normalized.json,Kubernetes---kb_54_Normalized.json::test_00003,invalid,passed,False,True,correct_reject,4.9e-05,6.1e-05,4.1e-05,8e-06,30,5
Kubernetes---kb_54_Normalized.json,Kubernetes---kb_54_Normalized.json::test_00004,valid,passed,True,True,correct_accept,4.9e-05,0.00304,0.002926,4.2e-05,29,29
Kubernetes---kb_54_Normalized.json,Kubernetes---kb_54_Normalized.json::test_00005,invalid,passed,False,True,correct_reject,4.9e-05,0.000347,0.000301,1.3e-05,30,17
Kubernetes---kb_54_Normalized.json,Kubernetes---kb_54_Normalized.json::test_00006,invalid,passed,False,True,correct_reject,4.9e-05,0.000105,7.5e-05,1.1e-05,27,6
Kubernetes---kb_550_Normalized.json,Kubernetes---kb_550_Normalized.json::test_00000,valid,failed,False,True,over_constraint,1.58977,0.000739,0.000642,3.1e-05,84,28
Kubernetes---kb_550_Normalized.json,Kubernetes---kb_550_Normalized.json::test_00001,invalid,passed,False,True,correct_reject,1.58977,6.4e-05,4.6e-05,5e-06,82,5
Kubernetes---kb_550_Normalized.json,Kubernetes---kb_550_Normalized.json::test_00002,invalid,passed,False,True,correct_reject,1.58977,0.001055,0.000954,3.2e-05,91,34
Kubernetes---kb_550_Normalized.json,Kubernetes---kb_550_Normalized.json::test_00003,invalid,passed,False,True,correct_reject,1.58977,0.000475,0.000408,1.4e-05,83,27
Kubernetes---kb_550_Normalized.json,Kubernetes---kb_550_Normalized.json::test_00004,valid,passed,True,True,correct_accept,1.58977,0.001027,0.00089,2.2e-05,68,68
Kubernetes---kb_550_Normalized.json,Kubernetes---kb_550_Normalized.json::test_00005,invalid,passed,False,True,correct_reject,1.58977,6.6e-05,4.9e-05,6e-06,66,5
Kubernetes---kb_550_Normalized.json,Kubernetes---kb_550_Normalized.json::test_00006,invalid,passed,False,True,correct_reject,1.58977,0.000756,0.000666,2.4e-05,75,34
Kubernetes---kb_550_Normalized.json,Kubernetes---kb_550_Normalized.json::test_00007,invalid,passed,False,True,correct_reject,1.58977,0.00069,0.000607,2.1e-05,70,27
Kubernetes---kb_551_Normalized.json,Kubernetes---kb_551_Normalized.json::test_00000,valid,failed,False,True,over_constraint,7.1e-05,0.000714,0.000626,2.3e-05,68,28
Kubernetes---kb_551_Normalized.json,Kubernetes---kb_551_Normalized.json::test_00001,invalid,passed,False,True,correct_reject,7.1e-05,0.001007,0.000885,4.1e-05,74,27
Kubernetes---kb_551_Normalized.json,Kubernetes---kb_551_Normalized.json::test_00002,invalid,passed,False,True,correct_reject,7.1e-05,8e-05,5.9e-05,7e-06,66,5
Kubernetes---kb_551_Normalized.json,Kubernetes---kb_551_Normalized.json::test_00003,invalid,passed,False,True,correct_reject,7.1e-05,0.000668,0.000583,2.4e-05,75,27
Kubernetes---kb_551_Normalized.json,Kubernetes---kb_551_Normalized.json::test_00004,invalid,passed,False,True,correct_reject,7.1e-05,0.001424,0.001267,5.5e-05,74,33
Kubernetes---kb_551_Normalized.json,Kubernetes---kb_551_Normalized.json::test_00005,valid,passed,True,True,correct_accept,7.1e-05,0.001462,0.001276,5.2e-05,68,68
Kubernetes---kb_551_Normalized.json,Kubernetes---kb_551_Normalized.json::test_00006,invalid,passed,False,True,correct_reject,7.1e-05,0.000627,0.000547,1.3e-05,75,34
Kubernetes---kb_551_Normalized.json,Kubernetes---kb_551_Normalized.json::test_00007,invalid,passed,False,True,correct_reject,7.1e-05,0.000903,0.000791,3.8e-05,80,27
Kubernetes---kb_552_Normalized.json,Kubernetes---kb_552_Normalized.json::test_00000,valid,passed,True,True,correct_accept,3.7426,0.002456,0.002384,2e-05,24,24
Kubernetes---kb_552_Normalized.json,Kubernetes---kb_552_Normalized.json::test_00001,invalid,passed,False,True,correct_reject,3.7426,5.6e-05,3.8e-05,7e-06,24,4
Kubernetes---kb_552_Normalized.json,Kubernetes---kb_552_Normalized.json::test_00002,invalid,passed,False,True,correct_reject,3.7426,0.00016,0.000132,1.1e-05,25,6
Kubernetes---kb_553_Normalized.json,Kubernetes---kb_553_Normalized.json::test_00000,valid,passed,True,True,correct_accept,3.12083,0.004878,0.004734,5.5e-05,34,34
Kubernetes---kb_553_Normalized.json,Kubernetes---kb_553_Normalized.json::test_00001,invalid,passed,False,True,correct_reject,3.12083,6e-05,4.1e-05,8e-06,37,4
Kubernetes---kb_554_Normalized.json,Kubernetes---kb_554_Normalized.json::test_00000,valid,passed,True,True,correct_accept,0.000129,0.00656,0.00641,6e-05,34,34
Kubernetes---kb_554_Normalized.json,Kubernetes---kb_554_Normalized.json::test_00001,invalid,passed,False,True,correct_reject,0.000129,0.000212,0.000176,1.9e-05,149,6
Kubernetes---kb_554_Normalized.json,Kubernetes---kb_554_Normalized.json::test_00002,invalid,passed,False,True,correct_reject,0.000129,0.000216,0.00018,1.8e-05,32,6
Kubernetes---kb_555_Normalized.json,Kubernetes---kb_555_Normalized.json::test_00000,valid,passed,True,True,correct_accept,3.89997,0.00477,0.00468,2.6e-05,33,33
Kubernetes---kb_555_Normalized.json,Kubernetes---kb_555_Normalized.json::test_00001,valid,passed,True,True,correct_accept,3.89997,0.005438,0.005326,3.8e-05,33,33
Kubernetes---kb_555_Normalized.json,Kubernetes---kb_555_Normalized.json::test_00002,invalid,passed,False,True,correct_reject,3.89997,7.2e-05,4.9e-05,9e-06,33,4
Kubernetes---kb_556_Normalized.json,Kubernetes---kb_556_Normalized.json::test_00000,valid,passed,True,True,correct_accept,4.01411,0.002475,0.00239,2.2e-05,33,33
Kubernetes---kb_556_Normalized.json,Kubernetes---kb_556_Normalized.json::test_00001,valid,passed,True,True,correct_accept,4.01411,0.002579,0.002511,2e-05,26,26
Kubernetes---kb_556_Normalized.json,Kubernetes---kb_556_Normalized.json::test_00002,invalid,passed,False,True,correct_reject,4.01411,9e-05,6.1e-05,1e-05,26,5
Kubernetes---kb_556_Normalized.json,Kubernetes---kb_556_Normalized.json::test_00003,invalid,passed,False,True,correct_reject,4.01411,7.9e-05,5.2e-05,1e-05,27,5
Kubernetes---kb_557_Normalized.json,Kubernetes---kb_557_Normalized.json::test_00000,valid,passed,True,True,correct_accept,0.000133,0.002195,0.002124,2.3e-05,26,26
Kubernetes---kb_557_Normalized.json,Kubernetes---kb_557_Normalized.json::test_00001,valid,passed,True,True,correct_accept,0.000133,0.002604,0.002509,2.3e-05,41,41
Kubernetes---kb_557_Normalized.json,Kubernetes---kb_557_Normalized.json::test_00002,invalid,passed,False,True,correct_reject,0.000133,0.000129,0.000107,1e-05,39,6
Kubernetes---kb_558_Normalized.json,Kubernetes---kb_558_Normalized.json::test_00000,valid,passed,True,True,correct_accept,0.986515,0.004661,0.004523,5.5e-05,29,29
Kubernetes---kb_558_Normalized.json,Kubernetes---kb_558_Normalized.json::test_00001,valid,passed,True,True,correct_accept,0.986515,0.005004,0.004856,6.3e-05,29,29
Kubernetes---kb_558_Normalized.json,Kubernetes---kb_558_Normalized.json::test_00002,invalid,passed,False,True,correct_reject,0.986515,0.000314,0.000269,1.9e-05,29,9
Kubernetes---kb_558_Normalized.json,Kubernetes---kb_558_Normalized.json::test_00003,invalid,passed,False,True,correct_reject,0.986515,0.000302,0.00026,1.9e-05,34,9
Kubernetes---kb_559_Normalized.json,Kubernetes---kb_559_Normalized.json::test_00000,valid,passed,True,True,correct_accept,5.4e-05,0.006588,0.006466,4.3e-05,29,29
Kubernetes---kb_559_Normalized.json,Kubernetes---kb_559_Normalized.json::test_00001,valid,passed,True,True,correct_accept,5.4e-05,0.005225,0.005089,5.3e-05,29,29
Kubernetes---kb_559_Normalized.json,Kubernetes---kb_559_Normalized.json::test_00002,invalid,passed,False,True,correct_reject,5.4e-05,0.000307,0.000263,1.9e-05,21,9
Kubernetes---kb_559_Normalized.json,Kubernetes---kb_559_Normalized.json::test_00003,invalid,passed,False,True,correct_reject,5.4e-05,0.000277,0.000237,1.6e-05,31,9
Kubernetes---kb_559_Normalized.json,Kubernetes---kb_559_Normalized.json::test_00004,invalid,passed,False,True,correct_reject,5.4e-05,0.000298,0.000255,1.7e-05,29,9
Kubernetes---kb_55_Normalized.json,Kubernetes---kb_55_Normalized.json::test_00000,valid,passed,True,True,correct_accept,0.980477,0.00236,0.002297,1.7e-05,22,22
Kubernetes---kb_55_Normalized.json,Kubernetes---kb_55_Normalized.json::test_00001,invalid,passed,False,True,correct_reject,0.980477,8e-05,5.4e-05,1.1e-05,23,5
Kubernetes---kb_55_Normalized.json,Kubernetes---kb_55_Normalized.json::test_00002,invalid,passed,False,True,correct_reject,0.980477,0.002824,0.002742,3e-05,21,20
Kubernetes---kb_55_Normalized.json,Kubernetes---kb_55_Normalized.json::test_00003,invalid,passed,False,True,correct_reject,0.980477,9.9e-05,6.4e-05,1.4e-05,23,5
Kubernetes---kb_55_Normalized.json,Kubernetes---kb_55_Normalized.json::test_00004,valid,passed,True,True,correct_accept,0.980477,0.003904,0.003795,4.1e-05,25,25
Kubernetes---kb_55_Normalized.json,Kubernetes---kb_55_Normalized.json::test_00005,invalid,passed,False,True,correct_reject,0.980477,7.5e-05,4.9e-05,9e-06,26,5
Kubernetes---kb_560_Normalized.json,Kubernetes---kb_560_Normalized.json::test_00000,valid,passed,True,True,correct_accept,1.43209,0.000674,0.000581,3.2e-05,22,22
Kubernetes---kb_560_Normalized.json,Kubernetes---kb_560_Normalized.json::test_00001,valid,passed,True,True,correct_accept,1.43209,0.000621,0.000537,3.3e-05,22,22
Kubernetes---kb_560_Normalized.json,Kubernetes---kb_560_Normalized.json::test_00002,invalid,passed,False,True,correct_reject,1.43209,0.000114,7.4e-05,1.7e-05,21,6
Kubernetes---kb_560_Normalized.json,Kubernetes---kb_560_Normalized.json::test_00003,invalid,passed,False,True,correct_reject,1.43209,0.000423,0.00033,4e-05,20,13
Kubernetes---kb_560_Normalized.json,Kubernetes---kb_560_Normalized.json::test_00004,invalid,passed,False,True,correct_reject,1.43209,0.000196,0.000161,1.4e-05,24,8
Kubernetes---kb_561_Normalized.json,Kubernetes---kb_561_Normalized.json::test_00000,valid,passed,True,True,correct_accept,6.4e-05,0.000835,0.000712,4.8e-05,22,22
Kubernetes---kb_561_Normalized.json,Kubernetes---kb_561_Normalized.json::test_00001,valid,passed,True,True,correct_accept,6.4e-05,0.000662,0.000563,3.8e-05,23,23
Kubernetes---kb_561_Normalized.json,Kubernetes---kb_561_Normalized.json::test_00002,invalid,passed,False,True,correct_reject,6.4e-05,0.000559,0.000471,3.1e-05,21,20
Kubernetes---kb_562_Normalized.json,Kubernetes---kb_562_Normalized.json::test_00000,valid,passed,True,True,correct_accept,0.681272,0.000564,0.000519,8e-06,18,18
Kubernetes---kb_562_Normalized.json,Kubernetes---kb_562_Normalized.json::test_00001,invalid,passed,False,True,correct_reject,0.681272,3.9e-05,3.1e-05,2e-06,30,1
Kubernetes---kb_562_Normalized.json,Kubernetes---kb_562_Normalized.json::test_00002,invalid,passed,False,True,correct_reject,0.681272,3.5e-05,2.7e-05,2e-06,13,1
Kubernetes---kb_563_Normalized.json,Kubernetes---kb_563_Normalized.json::test_00000,valid,passed,True,True,correct_accept,3.4e-05,0.001107,0.001018,3.3e-05,18,18
Kubernetes---kb_563_Normalized.json,Kubernetes---kb_563_Normalized.json::test_00001,invalid,passed,False,True,correct_reject,3.4e-05,4e-05,3.2e-05,2e-06,30,1
Kubernetes---kb_564_Normalized.json,Kubernetes---kb_564_Normalized.json::test_00000,valid,passed,True,True,correct_accept,4.32939,0.006939,0.006117,0.000338,174,174
Kubernetes---kb_564_Normalized.json,Kubernetes---kb_564_Normalized.json::test_00001,invalid,passed,False,True,correct_reject,4.32939,0.000943,0.000848,4e-05,177,18
Kubernetes---kb_564_Normalized.json,Kubernetes---kb_564_Normalized.json::test_00002,invalid,passed,False,True,correct_reject,4.32939,0.000939,0.000815,3.6e-05,180,42
Kubernetes---kb_564_Normalized.json,Kubernetes---kb_564_Normalized.json::test_00003,invalid,passed,False,True,correct_reject,4.32939,0.003598,0.003209,0.000113,203,128
Kubernetes---kb_565_Normalized.json,Kubernetes---kb_565_Normalized.json::test_00000,valid,passed,True,True,correct_accept,4.36819,0.005173,0.004735,0.000119,153,153
Kubernetes---kb_565_Normalized.json,Kubernetes---kb_565_Normalized.json::test_00001,invalid,passed,False,True,correct_reject,4.36819,0.002624,0.002533,2.2e-05,159,38
Kubernetes---kb_565_Normalized.json,Kubernetes---kb_565_Normalized.json::test_00002,invalid,passed,False,True,correct_reject,4.36819,8.6e-05,6.2e-05,9e-06,156,8
Kubernetes---kb_565_Normalized.json,Kubernetes---kb_565_Normalized.json::test_00003,invalid,passed,False,True,correct_reject,4.36819,0.004252,0.003926,6.5e-05,156,154
Kubernetes---kb_565_Normalized.json,Kubernetes---kb_565_Normalized.json::test_00004,valid,passed,True,True,correct_accept,4.36819,0.002303,0.001998,4.5e-05,159,159
Kubernetes---kb_565_Normalized.json,Kubernetes---kb_565_Normalized.json::test_00005,invalid,passed,False,True,correct_reject,4.36819,4.3e-05,3.2e-05,5e-06,163,2
Kubernetes---kb_566_Normalized.json,Kubernetes---kb_566_Normalized.json::test_00000,valid,passed,True,True,correct_accept,0.000139,0.004672,0.004313,7.5e-05,168,168
Kubernetes---kb_566_Normalized.json,Kubernetes---kb_566_Normalized.json::test_00001,invalid,passed,False,True,correct_reject,0.000139,0.002674,0.002587,2.1e-05,174,37
Kubernetes---kb_566_Normalized.json,Kubernetes---kb_566_Normalized.json::test_00002,invalid,passed,False,True,correct_reject,0.000139,0.000289,0.000249,1.2e-05,171,14
Kubernetes---kb_566_Normalized.json,Kubernetes---kb_566_Normalized.json::test_00003,valid,passed,True,True,correct_accept,0.000139,0.002434,0.002124,5.5e-05,158,158
Kubernetes---kb_566_Normalized.json,Kubernetes---kb_566_Normalized.json::test_00004,invalid,passed,False,True,correct_reject,0.000139,4.3e-05,3.1e-05,4e-06,158,2
Kubernetes---kb_566_Normalized.json,Kubernetes---kb_566_Normalized.json::test_00005,invalid,passed,False,True,correct_reject,0.000139,4.4e-05,3.1e-05,5e-06,223,2
Kubernetes---kb_567_Normalized.json,Kubernetes---kb_567_Normalized.json::test_00000,valid,failed,False,True,over_constraint,10.0946,0.000118,7.2e-05,1.4e-05,223,13
Kubernetes---kb_567_Normalized.json,Kubernetes---kb_567_Normalized.json::test_00001,invalid,passed,False,True,correct_reject,10.0946,0.000123,7.8e-05,1.4e-05,230,13
Kubernetes---kb_567_Normalized.json,Kubernetes---kb_567_Normalized.json::test_00002,valid,failed,False,True,over_constraint,10.0946,0.000193,0.000117,2.8e-05,202,13
Kubernetes---kb_567_Normalized.json,Kubernetes---kb_567_Normalized.json::test_00003,invalid,passed,False,True,correct_reject,10.0946,0.000112,7e-05,1.5e-05,194,6
Kubernetes---kb_568_Normalized.json,Kubernetes---kb_568_Normalized.json::test_00000,valid,running_validation,,False,no_decision,13.4705,,,,212,
Kubernetes---kb_568_Normalized.json,Kubernetes---kb_568_Normalized.json::test_00001,invalid,passed,False,True,correct_reject,9.48988,0.000153,9.2e-05,2.3e-05,212,13
Kubernetes---kb_568_Normalized.json,Kubernetes---kb_568_Normalized.json::test_00002,invalid,passed,False,True,correct_reject,9.48988,0.000107,6.3e-05,1.2e-05,89,13
Kubernetes---kb_568_Normalized.json,Kubernetes---kb_568_Normalized.json::test_00003,valid,compiled,,False,no_decision,13.4705,,,,,
Kubernetes---kb_568_Normalized.json,Kubernetes---kb_568_Normalized.json::test_00004,invalid,compiled,,False,no_decision,13.4705,,,,,
Kubernetes---kb_569_Normalized.json,Kubernetes---kb_569_Normalized.json::test_00000,valid,running_validation,,False,no_decision,11.7301,,,,227,
Kubernetes---kb_569_Normalized.json,Kubernetes---kb_569_Normalized.json::test_00001,invalid,compiled,,False,no_decision,11.7301,,,,,
Kubernetes---kb_569_Normalized.json,Kubernetes---kb_569_Normalized.json::test_00002,invalid,passed,False,True,correct_reject,11.7301,0.004216,0.003952,7.1e-05,247,100
Kubernetes---kb_569_Normalized.json,Kubernetes---kb_569_Normalized.json::test_00003,valid,passed,True,True,correct_accept,11.7301,0.003787,0.003367,8.1e-05,208,208
Kubernetes---kb_569_Normalized.json,Kubernetes---kb_569_Normalized.json::test_00004,invalid,passed,False,True,correct_reject,11.7301,0.001565,0.001426,4.1e-05,208,49
Kubernetes---kb_56_Normalized.json,Kubernetes---kb_56_Normalized.json::test_00000,valid,passed,True,True,correct_accept,3.8e-05,0.003017,0.002938,2.8e-05,22,22
Kubernetes---kb_56_Normalized.json,Kubernetes---kb_56_Normalized.json::test_00001,invalid,passed,False,True,correct_reject,3.8e-05,8.3e-05,5.4e-05,1.2e-05,23,5
Kubernetes---kb_56_Normalized.json,Kubernetes---kb_56_Normalized.json::test_00002,invalid,passed,False,True,correct_reject,3.8e-05,0.00228,0.002218,2e-05,21,20
Kubernetes---kb_56_Normalized.json,Kubernetes---kb_56_Normalized.json::test_00003,invalid,passed,False,True,correct_reject,3.8e-05,5.6e-05,3.6e-05,7e-06,23,5
Kubernetes---kb_570_Normalized.json,Kubernetes---kb_570_Normalized.json::test_00000,valid,failed,False,True,over_constraint,11.4611,0.000118,7e-05,1.5e-05,278,13
Kubernetes---kb_570_Normalized.json,Kubernetes---kb_570_Normalized.json::test_00001,invalid,passed,False,True,correct_reject,11.4611,0.00014,8.5e-05,2.1e-05,326,13
Kubernetes---kb_571_Normalized.json,Kubernetes---kb_571_Normalized.json::test_00000,valid,failed,False,True,over_constraint,11.6344,0.00014,8.5e-05,2.2e-05,269,13
Kubernetes---kb_571_Normalized.json,Kubernetes---kb_571_Normalized.json::test_00001,invalid,passed,False,True,correct_reject,11.6344,8.5e-05,5.3e-05,9e-06,63,13
Kubernetes---kb_572_Normalized.json,Kubernetes---kb_572_Normalized.json::test_00000,valid,passed,True,True,correct_accept,11.5008,0.013115,0.012092,0.000344,297,297
Kubernetes---kb_572_Normalized.json,Kubernetes---kb_572_Normalized.json::test_00001,invalid,passed,False,True,correct_reject,11.5008,0.008005,0.00752,9e-05,298,235
Kubernetes---kb_572_Normalized.json,Kubernetes---kb_572_Normalized.json::test_00002,invalid,passed,False,True,correct_reject,11.5008,0.006518,0.006235,7.3e-05,260,112
Kubernetes---kb_573_Normalized.json,Kubernetes---kb_573_Normalized.json::test_00000,valid,failed,False,True,over_constraint,6.87955,0.000426,0.00036,1.5e-05,172,27
Kubernetes---kb_573_Normalized.json,Kubernetes---kb_573_Normalized.json::test_00001,invalid,passed,False,True,correct_reject,6.87955,0.000424,0.00036,1.6e-05,204,27
Kubernetes---kb_573_Normalized.json,Kubernetes---kb_573_Normalized.json::test_00002,invalid,passed,False,True,correct_reject,6.87955,0.000446,0.000379,1.6e-05,160,27
Kubernetes---kb_573_Normalized.json,Kubernetes---kb_573_Normalized.json::test_00003,valid,passed,True,True,correct_accept,6.87955,0.017046,0.016554,0.000142,174,174
Kubernetes---kb_573_Normalized.json,Kubernetes---kb_573_Normalized.json::test_00004,invalid,passed,False,True,correct_reject,6.87955,8.6e-05,5.5e-05,1.1e-05,123,7
Kubernetes---kb_574_Normalized.json,Kubernetes---kb_574_Normalized.json::test_00000,valid,failed,False,True,over_constraint,6.60242,0.000991,0.000875,4.5e-05,179,27
Kubernetes---kb_574_Normalized.json,Kubernetes---kb_574_Normalized.json::test_00001,invalid,passed,False,True,correct_reject,6.60242,0.001291,0.001135,3.4e-05,225,69
Kubernetes---kb_574_Normalized.json,Kubernetes---kb_574_Normalized.json::test_00002,invalid,passed,False,True,correct_reject,6.60242,0.000985,0.000871,4.3e-05,180,27
Kubernetes---kb_574_Normalized.json,Kubernetes---kb_574_Normalized.json::test_00003,valid,passed,True,True,correct_accept,6.60242,0.008467,0.008125,0.000103,115,115
Kubernetes---kb_574_Normalized.json,Kubernetes---kb_574_Normalized.json::test_00004,invalid,passed,False,True,correct_reject,6.60242,0.001896,0.001636,9.8e-05,137,62
Kubernetes---kb_574_Normalized.json,Kubernetes---kb_574_Normalized.json::test_00005,invalid,passed,False,True,correct_reject,6.60242,0.000553,0.000486,1.8e-05,119,27
Kubernetes---kb_575_Normalized.json,Kubernetes---kb_575_Normalized.json::test_00000,valid,passed,True,True,correct_accept,1.0675,0.011384,0.0111,0.000125,48,48
Kubernetes---kb_575_Normalized.json,Kubernetes---kb_575_Normalized.json::test_00001,invalid,passed,False,True,correct_reject,1.0675,0.003279,0.003174,3.6e-05,46,25
Kubernetes---kb_575_Normalized.json,Kubernetes---kb_575_Normalized.json::test_00002,invalid,passed,False,True,correct_reject,1.0675,0.006591,0.00648,2.9e-05,48,40
Kubernetes---kb_575_Normalized.json,Kubernetes---kb_575_Normalized.json::test_00003,valid,passed,True,True,correct_accept,1.0675,0.007833,0.007653,6.2e-05,54,54
Kubernetes---kb_575_Normalized.json,Kubernetes---kb_575_Normalized.json::test_00004,invalid,passed,False,True,correct_reject,1.0675,8.5e-05,6.2e-05,1.1e-05,53,2
Kubernetes---kb_576_Normalized.json,Kubernetes---kb_576_Normalized.json::test_00000,valid,passed,True,True,correct_accept,4.7e-05,0.008942,0.008778,5.2e-05,48,48
Kubernetes---kb_576_Normalized.json,Kubernetes---kb_576_Normalized.json::test_00001,invalid,passed,False,True,correct_reject,4.7e-05,0.003121,0.003033,2.6e-05,46,25
Kubernetes---kb_576_Normalized.json,Kubernetes---kb_576_Normalized.json::test_00002,valid,passed,True,True,correct_accept,4.7e-05,0.00902,0.008845,6e-05,50,50
Kubernetes---kb_576_Normalized.json,Kubernetes---kb_576_Normalized.json::test_00003,invalid,passed,False,True,correct_reject,4.7e-05,0.004919,0.00483,2.6e-05,45,30
Kubernetes---kb_576_Normalized.json,Kubernetes---kb_576_Normalized.json::test_00004,invalid,passed,False,True,correct_reject,4.7e-05,0.00709,0.006941,5.3e-05,44,38
Kubernetes---kb_577_Normalized.json,Kubernetes---kb_577_Normalized.json::test_00000,valid,passed,True,True,correct_accept,9.50312,0.027883,0.02692,0.000396,204,204
Kubernetes---kb_577_Normalized.json,Kubernetes---kb_577_Normalized.json::test_00001,invalid,passed,False,True,correct_reject,9.50312,0.004243,0.00416,3.5e-05,56,12
Kubernetes---kb_577_Normalized.json,Kubernetes---kb_577_Normalized.json::test_00002,invalid,passed,False,True,correct_reject,9.50312,0.016035,0.015549,0.000158,206,152
Kubernetes---kb_577_Normalized.json,Kubernetes---kb_577_Normalized.json::test_00003,valid,failed,False,True,over_constraint,9.50312,0.006421,0.006107,9.3e-05,366,106
Kubernetes---kb_577_Normalized.json,Kubernetes---kb_577_Normalized.json::test_00004,invalid,passed,False,True,correct_reject,9.50312,0.006172,0.005845,0.000103,364,106
Kubernetes---kb_578_Normalized.json,Kubernetes---kb_578_Normalized.json::test_00000,valid,passed,True,True,correct_accept,8.14117,0.018887,0.018156,0.000251,205,205
Kubernetes---kb_578_Normalized.json,Kubernetes---kb_578_Normalized.json::test_00001,invalid,passed,False,True,correct_reject,8.14117,7.8e-05,5.4e-05,9e-06,205,6
Kubernetes---kb_578_Normalized.json,Kubernetes---kb_578_Normalized.json::test_00002,invalid,passed,False,True,correct_reject,8.14117,0.013185,0.01281,9.3e-05,207,152
Kubernetes---kb_578_Normalized.json,Kubernetes---kb_578_Normalized.json::test_00003,invalid,passed,False,True,correct_reject,8.14117,0.014062,0.013607,0.00011,204,169
Kubernetes---kb_578_Normalized.json,Kubernetes---kb_578_Normalized.json::test_00004,invalid,passed,False,True,correct_reject,8.14117,0.011734,0.011375,7.7e-05,205,148
Kubernetes---kb_578_Normalized.json,Kubernetes---kb_578_Normalized.json::test_00005,invalid,passed,False,True,correct_reject,8.14117,0.011467,0.011085,8.1e-05,194,172
Kubernetes---kb_579_Normalized.json,Kubernetes---kb_579_Normalized.json::test_00000,valid,passed,True,True,correct_accept,0.869283,0.000568,0.000504,2.6e-05,13,13
Kubernetes---kb_579_Normalized.json,Kubernetes---kb_579_Normalized.json::test_00001,invalid,passed,False,True,correct_reject,0.869283,9.2e-05,6.3e-05,9e-06,7,6
Kubernetes---kb_579_Normalized.json,Kubernetes---kb_579_Normalized.json::test_00002,invalid,passed,False,True,correct_reject,0.869283,0.000104,7.7e-05,9e-06,12,6
Kubernetes---kb_579_Normalized.json,Kubernetes---kb_579_Normalized.json::test_00003,valid,passed,True,True,correct_accept,0.869283,0.000748,0.00068,2.5e-05,18,18
Kubernetes---kb_579_Normalized.json,Kubernetes---kb_579_Normalized.json::test_00004,invalid,passed,False,True,correct_reject,0.869283,0.000444,0.000394,1.7e-05,14,13
Kubernetes---kb_579_Normalized.json,Kubernetes---kb_579_Normalized.json::test_00005,invalid,passed,False,True,correct_reject,0.869283,0.000469,0.000415,1.7e-05,21,13
Kubernetes---kb_57_Normalized.json,Kubernetes---kb_57_Normalized.json::test_00000,valid,failed,False,True,over_constraint,8.25307,0.004893,0.004785,3.4e-05,79,32
Kubernetes---kb_57_Normalized.json,Kubernetes---kb_57_Normalized.json::test_00001,invalid,passed,False,True,correct_reject,8.25307,8.4e-05,5.3e-05,1.1e-05,78,6
Kubernetes---kb_57_Normalized.json,Kubernetes---kb_57_Normalized.json::test_00002,invalid,passed,False,True,correct_reject,8.25307,0.005279,0.005166,4.4e-05,78,32
Kubernetes---kb_57_Normalized.json,Kubernetes---kb_57_Normalized.json::test_00003,invalid,passed,False,True,correct_reject,8.25307,0.007414,0.007215,5.1e-05,85,78
Kubernetes---kb_57_Normalized.json,Kubernetes---kb_57_Normalized.json::test_00004,invalid,passed,False,True,correct_reject,8.25307,0.005245,0.005128,4.2e-05,85,32
Kubernetes---kb_57_Normalized.json,Kubernetes---kb_57_Normalized.json::test_00005,invalid,passed,False,True,correct_reject,8.25307,0.005845,0.005651,8.6e-05,84,32
Kubernetes---kb_57_Normalized.json,Kubernetes---kb_57_Normalized.json::test_00006,valid,passed,True,True,correct_accept,8.25307,0.010985,0.010616,0.000125,97,97
Kubernetes---kb_57_Normalized.json,Kubernetes---kb_57_Normalized.json::test_00007,invalid,passed,False,True,correct_reject,8.25307,7.5e-05,4.8e-05,1.2e-05,94,5
Kubernetes---kb_580_Normalized.json,Kubernetes---kb_580_Normalized.json::test_00000,valid,passed,True,True,correct_accept,4.7e-05,0.00042,0.000372,1.7e-05,13,13
Kubernetes---kb_580_Normalized.json,Kubernetes---kb_580_Normalized.json::test_00001,invalid,passed,False,True,correct_reject,4.7e-05,6.6e-05,4.2e-05,6e-06,8,5
Kubernetes---kb_580_Normalized.json,Kubernetes---kb_580_Normalized.json::test_00002,invalid,passed,False,True,correct_reject,4.7e-05,0.00024,0.000201,1.3e-05,11,10
Kubernetes---kb_580_Normalized.json,Kubernetes---kb_580_Normalized.json::test_00003,invalid,passed,False,True,correct_reject,4.7e-05,7.7e-05,5.1e-05,8e-06,7,6
Kubernetes---kb_580_Normalized.json,Kubernetes---kb_580_Normalized.json::test_00004,invalid,passed,False,True,correct_reject,4.7e-05,9.5e-05,6.7e-05,8e-06,7,6
Kubernetes---kb_580_Normalized.json,Kubernetes---kb_580_Normalized.json::test_00005,invalid,passed,False,True,correct_reject,4.7e-05,9e-05,6.4e-05,8e-06,12,6
Kubernetes---kb_581_Normalized.json,Kubernetes---kb_581_Normalized.json::test_00000,valid,passed,True,True,correct_accept,1.4564,0.020201,0.019621,0.000239,106,106
Kubernetes---kb_581_Normalized.json,Kubernetes---kb_581_Normalized.json::test_00001,invalid,passed,False,True,correct_reject,1.4564,8.3e-05,5.6e-05,1.1e-05,12,4
Kubernetes---kb_581_Normalized.json,Kubernetes---kb_581_Normalized.json::test_00002,invalid,passed,False,True,correct_reject,1.4564,0.018868,0.018449,0.000163,99,92
Kubernetes---kb_581_Normalized.json,Kubernetes---kb_581_Normalized.json::test_00003,invalid,passed,False,True,correct_reject,1.4564,0.018684,0.0183,0.000134,106,105
Kubernetes---kb_581_Normalized.json,Kubernetes---kb_581_Normalized.json::test_00004,valid,passed,True,True,correct_accept,1.4564,0.019301,0.018779,0.000196,108,108
Kubernetes---kb_581_Normalized.json,Kubernetes---kb_581_Normalized.json::test_00005,invalid,passed,False,True,correct_reject,1.4564,0.02091,0.020289,0.000257,107,106
Kubernetes---kb_582_Normalized.json,Kubernetes---kb_582_Normalized.json::test_00000,valid,passed,True,True,correct_accept,7.1e-05,0.014062,0.013734,9.9e-05,106,106
Kubernetes---kb_582_Normalized.json,Kubernetes---kb_582_Normalized.json::test_00001,invalid,passed,False,True,correct_reject,7.1e-05,6.5e-05,4.4e-05,7e-06,12,4
Kubernetes---kb_582_Normalized.json,Kubernetes---kb_582_Normalized.json::test_00002,invalid,passed,False,True,correct_reject,7.1e-05,0.014445,0.014188,7.3e-05,99,92
Kubernetes---kb_582_Normalized.json,Kubernetes---kb_582_Normalized.json::test_00003,invalid,passed,False,True,correct_reject,7.1e-05,0.020271,0.019859,0.000157,106,105
Kubernetes---kb_584_Normalized.json,Kubernetes---kb_584_Normalized.json::test_00000,valid,failed,False,True,over_constraint,8.28129,8.7e-05,5.6e-05,8e-06,152,12
Kubernetes---kb_584_Normalized.json,Kubernetes---kb_584_Normalized.json::test_00001,invalid,passed,False,True,correct_reject,8.28129,8.7e-05,5.6e-05,1e-05,145,12
Kubernetes---kb_585_Normalized.json,Kubernetes---kb_585_Normalized.json::test_00000,valid,passed,True,True,correct_accept,9.9249,0.009386,0.008927,0.000151,152,152
Kubernetes---kb_585_Normalized.json,Kubernetes---kb_585_Normalized.json::test_00001,valid,passed,True,True,correct_accept,9.9249,0.011406,0.010748,0.000241,153,153
Kubernetes---kb_587_Normalized.json,Kubernetes---kb_587_Normalized.json::test_00000,valid,passed,True,True,correct_accept,3.652,0.002818,0.002458,0.000113,96,96
Kubernetes---kb_587_Normalized.json,Kubernetes---kb_587_Normalized.json::test_00001,invalid,passed,False,True,correct_reject,3.652,0.000154,0.00011,1.8e-05,95,7
Kubernetes---kb_588_Normalized.json,Kubernetes---kb_588_Normalized.json::test_00000,valid,passed,True,True,correct_accept,0.00012,0.002352,0.00209,7.2e-05,96,96
Kubernetes---kb_588_Normalized.json,Kubernetes---kb_588_Normalized.json::test_00001,invalid,passed,False,True,correct_reject,0.00012,0.000702,0.000592,2.8e-05,87,37
Kubernetes---kb_58_Normalized.json,Kubernetes---kb_58_Normalized.json::test_00000,valid,failed,False,True,over_constraint,9.70661,0.006703,0.006565,5.6e-05,104,32
Kubernetes---kb_58_Normalized.json,Kubernetes---kb_58_Normalized.json::test_00001,invalid,passed,False,True,correct_reject,9.70661,0.006185,0.006058,5.3e-05,123,32
Kubernetes---kb_58_Normalized.json,Kubernetes---kb_58_Normalized.json::test_00002,invalid,passed,False,True,correct_reject,9.70661,9.4e-05,6.3e-05,1.2e-05,103,6
Kubernetes---kb_58_Normalized.json,Kubernetes---kb_58_Normalized.json::test_00003,invalid,passed,False,True,correct_reject,9.70661,0.006421,0.00629,5.2e-05,104,32
Kubernetes---kb_58_Normalized.json,Kubernetes---kb_58_Normalized.json::test_00004,valid,passed,True,True,correct_accept,9.70661,0.011894,0.011491,0.000145,121,121
Kubernetes---kb_58_Normalized.json,Kubernetes---kb_58_Normalized.json::test_00005,invalid,passed,False,True,correct_reject,9.70661,0.0001,6.9e-05,1.2e-05,121,6
Kubernetes---kb_58_Normalized.json,Kubernetes---kb_58_Normalized.json::test_00006,invalid,passed,False,True,correct_reject,9.70661,0.006097,0.005973,4.7e-05,136,32
Kubernetes---kb_58_Normalized.json,Kubernetes---kb_58_Normalized.json::test_00007,invalid,passed,False,True,correct_reject,9.70661,0.006152,0.006018,5.4e-05,123,32
Kubernetes---kb_590_Normalized.json,Kubernetes---kb_590_Normalized.json::test_00000,valid,passed,True,True,correct_accept,3.48899,0.002719,0.002424,8.7e-05,95,95
Kubernetes---kb_590_Normalized.json,Kubernetes---kb_590_Normalized.json::test_00001,valid,passed,True,True,correct_accept,3.48899,0.002337,0.002064,7.4e-05,96,96
Kubernetes---kb_590_Normalized.json,Kubernetes---kb_590_Normalized.json::test_00002,invalid,passed,False,True,correct_reject,3.48899,0.000798,0.000707,2.9e-05,96,24
Kubernetes---kb_591_Normalized.json,Kubernetes---kb_591_Normalized.json::test_00000,valid,passed,True,True,correct_accept,0.000161,0.002429,0.002151,7.7e-05,95,95
Kubernetes---kb_591_Normalized.json,Kubernetes---kb_591_Normalized.json::test_00001,invalid,passed,False,True,correct_reject,0.000161,0.00067,0.000591,2.3e-05,37,26
Kubernetes---kb_591_Normalized.json,Kubernetes---kb_591_Normalized.json::test_00002,invalid,passed,False,True,correct_reject,0.000161,0.003598,0.003216,0.000126,117,105
Kubernetes---kb_596_Normalized.json,Kubernetes---kb_596_Normalized.json::test_00000,valid,passed,True,True,correct_accept,3.02362,0.001712,0.001586,2.9e-05,45,45
Kubernetes---kb_596_Normalized.json,Kubernetes---kb_596_Normalized.json::test_00001,valid,passed,True,True,correct_accept,3.02362,0.001855,0.001719,3.5e-05,45,45
Kubernetes---kb_597_Normalized.json,Kubernetes---kb_597_Normalized.json::test_00000,valid,passed,True,True,correct_accept,0.000117,0.001716,0.001589,3.3e-05,45,45
Kubernetes---kb_597_Normalized.json,Kubernetes---kb_597_Normalized.json::test_00001,invalid,passed,False,True,correct_reject,0.000117,0.000842,0.00074,2.6e-05,31,30
Kubernetes---kb_598_Normalized.json,Kubernetes---kb_598_Normalized.json::test_00000,valid,passed,True,True,correct_accept,1.17957,0.000364,0.000313,1.9e-05,12,12
Kubernetes---kb_598_Normalized.json,Kubernetes---kb_598_Normalized.json::test_00001,valid,passed,True,True,correct_accept,1.17957,0.000372,0.000317,1.9e-05,13,13
Kubernetes---kb_598_Normalized.json,Kubernetes---kb_598_Normalized.json::test_00002,invalid,passed,False,True,correct_reject,1.17957,9.3e-05,6.8e-05,8e-06,11,4
Kubernetes---kb_598_Normalized.json,Kubernetes---kb_598_Normalized.json::test_00003,invalid,passed,False,True,correct_reject,1.17957,0.000243,0.00021,1.1e-05,14,6
Kubernetes---kb_599_Normalized.json,Kubernetes---kb_599_Normalized.json::test_00000,valid,passed,True,True,correct_accept,1.00721,0.000428,0.000376,2.1e-05,13,13
Kubernetes---kb_599_Normalized.json,Kubernetes---kb_599_Normalized.json::test_00001,invalid,passed,False,True,correct_reject,1.00721,0.000215,0.000181,1.1e-05,12,11
Kubernetes---kb_59_Normalized.json,Kubernetes---kb_59_Normalized.json::test_00000,valid,passed,True,True,correct_accept,1.12387,0.001218,0.001111,1.9e-05,44,44
Kubernetes---kb_59_Normalized.json,Kubernetes---kb_59_Normalized.json::test_00001,invalid,passed,False,True,correct_reject,1.12387,0.000132,9.7e-05,1.4e-05,44,6
Kubernetes---kb_59_Normalized.json,Kubernetes---kb_59_Normalized.json::test_00002,invalid,passed,False,True,correct_reject,1.12387,0.0001,7.3e-05,9e-06,43,6
Kubernetes---kb_59_Normalized.json,Kubernetes---kb_59_Normalized.json::test_00003,invalid,passed,False,True,correct_reject,1.12387,0.000101,7.4e-05,1e-05,41,5
Kubernetes---kb_59_Normalized.json,Kubernetes---kb_59_Normalized.json::test_00004,invalid,passed,False,True,correct_reject,1.12387,9.6e-05,7.2e-05,9e-06,42,5
Kubernetes---kb_5_Normalized.json,Kubernetes---kb_5_Normalized.json::test_00000,valid,failed,False,True,over_constraint,0.000103,0.000556,0.000481,2.6e-05,103,22
Kubernetes---kb_5_Normalized.json,Kubernetes---kb_5_Normalized.json::test_00001,invalid,passed,False,True,correct_reject,0.000103,0.000708,0.000617,2.9e-05,110,28
Kubernetes---kb_5_Normalized.json,Kubernetes---kb_5_Normalized.json::test_00002,invalid,passed,False,True,correct_reject,0.000103,8e-05,5.1e-05,1.2e-05,8,6
Kubernetes---kb_5_Normalized.json,Kubernetes---kb_5_Normalized.json::test_00003,invalid,passed,False,True,correct_reject,0.000103,0.000544,0.000471,1.8e-05,109,27
Kubernetes---kb_5_Normalized.json,Kubernetes---kb_5_Normalized.json::test_00004,valid,passed,True,True,correct_accept,0.000103,0.001521,0.001316,2.2e-05,104,104
Kubernetes---kb_5_Normalized.json,Kubernetes---kb_5_Normalized.json::test_00005,invalid,passed,False,True,correct_reject,0.000103,6.2e-05,4e-05,7e-06,8,6
Kubernetes---kb_5_Normalized.json,Kubernetes---kb_5_Normalized.json::test_00006,invalid,passed,False,True,correct_reject,0.000103,0.000499,0.00043,1.2e-05,110,28
Kubernetes---kb_5_Normalized.json,Kubernetes---kb_5_Normalized.json::test_00007,invalid,passed,False,True,correct_reject,0.000103,0.000343,0.00029,1.3e-05,110,21
Kubernetes---kb_600_Normalized.json,Kubernetes---kb_600_Normalized.json::test_00000,valid,passed,True,True,correct_accept,7.9e-05,0.000267,0.000227,1.3e-05,13,13
Kubernetes---kb_600_Normalized.json,Kubernetes---kb_600_Normalized.json::test_00001,invalid,passed,False,True,correct_reject,7.9e-05,0.000252,0.000208,1.5e-05,12,11
Kubernetes---kb_600_Normalized.json,Kubernetes---kb_600_Normalized.json::test_00002,invalid,passed,False,True,correct_reject,7.9e-05,6.4e-05,4.6e-05,7e-06,13,4
Kubernetes---kb_600_Normalized.json,Kubernetes---kb_600_Normalized.json::test_00003,invalid,passed,False,True,correct_reject,7.9e-05,0.000461,0.000398,2.9e-05,14,6
Kubernetes---kb_602_Normalized.json,Kubernetes---kb_602_Normalized.json::test_00000,valid,passed,True,True,correct_accept,2.92257,0.008262,0.007744,0.000192,112,112
Kubernetes---kb_602_Normalized.json,Kubernetes---kb_602_Normalized.json::test_00001,valid,passed,True,True,correct_accept,2.92257,0.007409,0.006946,0.000164,113,113
Kubernetes---kb_602_Normalized.json,Kubernetes---kb_602_Normalized.json::test_00002,invalid,passed,False,True,correct_reject,2.92257,0.000494,0.000415,3e-05,115,18
Kubernetes---kb_603_Normalized.json,Kubernetes---kb_603_Normalized.json::test_00000,valid,passed,True,True,correct_accept,0.000127,0.006061,0.005788,6.7e-05,115,115
Kubernetes---kb_603_Normalized.json,Kubernetes---kb_603_Normalized.json::test_00001,valid,passed,True,True,correct_accept,0.000127,0.005901,0.005641,4.4e-05,114,114
Kubernetes---kb_604_Normalized.json,Kubernetes---kb_604_Normalized.json::test_00000,valid,passed,True,True,correct_accept,0.862081,0.00085,0.000738,4.3e-05,22,22
Kubernetes---kb_604_Normalized.json,Kubernetes---kb_604_Normalized.json::test_00001,invalid,passed,False,True,correct_reject,0.862081,8.9e-05,6.4e-05,8e-06,21,5
Kubernetes---kb_604_Normalized.json,Kubernetes---kb_604_Normalized.json::test_00002,invalid,passed,False,True,correct_reject,0.862081,0.000329,0.000274,1.7e-05,19,17
Kubernetes---kb_604_Normalized.json,Kubernetes---kb_604_Normalized.json::test_00003,invalid,passed,False,True,correct_reject,0.862081,0.000264,0.000212,1.5e-05,18,17
Kubernetes---kb_604_Normalized.json,Kubernetes---kb_604_Normalized.json::test_00004,valid,passed,True,True,correct_accept,0.862081,0.001025,0.000907,5e-05,23,23
Kubernetes---kb_604_Normalized.json,Kubernetes---kb_604_Normalized.json::test_00005,invalid,passed,False,True,correct_reject,0.862081,4.4e-05,3.2e-05,3e-06,24,2
Kubernetes---kb_605_Normalized.json,Kubernetes---kb_605_Normalized.json::test_00000,valid,passed,True,True,correct_accept,6.1e-05,0.000752,0.000665,2.8e-05,24,24
Kubernetes---kb_605_Normalized.json,Kubernetes---kb_605_Normalized.json::test_00001,invalid,passed,False,True,correct_reject,6.1e-05,7.5e-05,5.4e-05,7e-06,23,5
Kubernetes---kb_605_Normalized.json,Kubernetes---kb_605_Normalized.json::test_00002,invalid,passed,False,True,correct_reject,6.1e-05,0.00033,0.000281,2e-05,25,11
Kubernetes---kb_605_Normalized.json,Kubernetes---kb_605_Normalized.json::test_00003,invalid,passed,False,True,correct_reject,6.1e-05,0.000273,0.00022,1.5e-05,20,17
Kubernetes---kb_605_Normalized.json,Kubernetes---kb_605_Normalized.json::test_00004,valid,passed,True,True,correct_accept,6.1e-05,0.000465,0.000402,1.6e-05,23,23
Kubernetes---kb_605_Normalized.json,Kubernetes---kb_605_Normalized.json::test_00005,invalid,passed,False,True,correct_reject,6.1e-05,5.2e-05,3.8e-05,4e-06,21,2
Kubernetes---kb_605_Normalized.json,Kubernetes---kb_605_Normalized.json::test_00006,invalid,passed,False,True,correct_reject,6.1e-05,6.3e-05,4.5e-05,6e-06,19,2
Kubernetes---kb_606_Normalized.json,Kubernetes---kb_606_Normalized.json::test_00000,valid,passed,True,True,correct_accept,23.3966,0.10385,0.100162,0.001525,869,869
Kubernetes---kb_606_Normalized.json,Kubernetes---kb_606_Normalized.json::test_00001,valid,passed,True,True,correct_accept,23.3966,0.058675,0.056178,0.000908,655,655
Kubernetes---kb_606_Normalized.json,Kubernetes---kb_606_Normalized.json::test_00002,invalid,passed,False,True,correct_reject,23.3966,0.06617,0.064041,0.000879,656,408
Kubernetes---kb_606_Normalized.json,Kubernetes---kb_606_Normalized.json::test_00003,invalid,passed,False,True,correct_reject,23.3966,0.050664,0.048958,0.000629,667,446
Kubernetes---kb_606_Normalized.json,Kubernetes---kb_606_Normalized.json::test_00004,invalid,passed,False,True,correct_reject,23.3966,0.006316,0.005833,0.000179,680,135
Kubernetes---kb_606_Normalized.json,Kubernetes---kb_606_Normalized.json::test_00005,invalid,passed,False,True,correct_reject,23.3966,0.04749,0.045984,0.000545,655,407
Kubernetes---kb_607_Normalized.json,Kubernetes---kb_607_Normalized.json::test_00000,valid,passed,True,True,correct_accept,20.6263,0.065438,0.06289,0.000812,770,770
Kubernetes---kb_607_Normalized.json,Kubernetes---kb_607_Normalized.json::test_00001,valid,passed,True,True,correct_accept,20.6263,0.104834,0.101244,0.001191,1031,1031
Kubernetes---kb_607_Normalized.json,Kubernetes---kb_607_Normalized.json::test_00002,invalid,passed,False,True,correct_reject,20.6263,0.107353,0.103954,0.001215,1031,891
Kubernetes---kb_607_Normalized.json,Kubernetes---kb_607_Normalized.json::test_00003,invalid,passed,False,True,correct_reject,20.6263,0.010764,0.009855,0.000395,1038,151
Kubernetes---kb_608_Normalized.json,Kubernetes---kb_608_Normalized.json::test_00000,valid,passed,True,True,correct_accept,1.13259,0.001108,0.001006,4e-05,19,19
Kubernetes---kb_608_Normalized.json,Kubernetes---kb_608_Normalized.json::test_00001,invalid,passed,False,True,correct_reject,1.13259,0.000112,8.4e-05,1.1e-05,13,5
Kubernetes---kb_608_Normalized.json,Kubernetes---kb_608_Normalized.json::test_00002,invalid,passed,False,True,correct_reject,1.13259,9.7e-05,6.7e-05,1.1e-05,14,5
Kubernetes---kb_608_Normalized.json,Kubernetes---kb_608_Normalized.json::test_00003,invalid,passed,False,True,correct_reject,1.13259,0.000177,0.000116,2.2e-05,11,10
Kubernetes---kb_609_Normalized.json,Kubernetes---kb_609_Normalized.json::test_00000,valid,passed,True,True,correct_accept,7.4e-05,0.00079,0.000703,3.4e-05,19,19
Kubernetes---kb_609_Normalized.json,Kubernetes---kb_609_Normalized.json::test_00001,invalid,passed,False,True,correct_reject,7.4e-05,0.000115,8e-05,1.3e-05,13,5
Kubernetes---kb_609_Normalized.json,Kubernetes---kb_609_Normalized.json::test_00002,invalid,passed,False,True,correct_reject,7.4e-05,0.000104,7.2e-05,1.3e-05,14,5
Kubernetes---kb_609_Normalized.json,Kubernetes---kb_609_Normalized.json::test_00003,valid,passed,True,True,correct_accept,7.4e-05,0.000595,0.000531,2.1e-05,19,19
Kubernetes---kb_60_Normalized.json,Kubernetes---kb_60_Normalized.json::test_00000,valid,passed,True,True,correct_accept,4.4e-05,0.002599,0.002399,7.4e-05,44,44
Kubernetes---kb_60_Normalized.json,Kubernetes---kb_60_Normalized.json::test_00001,invalid,passed,False,True,correct_reject,4.4e-05,0.000129,0.000101,9e-06,43,6
Kubernetes---kb_60_Normalized.json,Kubernetes---kb_60_Normalized.json::test_00002,valid,passed,True,True,correct_accept,4.4e-05,0.001475,0.001354,3e-05,44,44
Kubernetes---kb_60_Normalized.json,Kubernetes---kb_60_Normalized.json::test_00003,invalid,passed,False,True,correct_reject,4.4e-05,9.7e-05,7e-05,1e-05,42,5
Kubernetes---kb_610_Normalized.json,Kubernetes---kb_610_Normalized.json::test_00000,valid,failed,False,True,over_constraint,2.72221,0.000167,0.000104,2.4e-05,145,16
Kubernetes---kb_610_Normalized.json,Kubernetes---kb_610_Normalized.json::test_00001,invalid,passed,False,True,correct_reject,2.72221,0.000135,8.2e-05,1.9e-05,57,11
Kubernetes---kb_610_Normalized.json,Kubernetes---kb_610_Normalized.json::test_00002,invalid,passed,False,True,correct_reject,2.72221,0.000167,0.000103,2.6e-05,153,16
Kubernetes---kb_610_Normalized.json,Kubernetes---kb_610_Normalized.json::test_00003,valid,failed,False,True,over_constraint,2.72221,0.00013,7.9e-05,1.4e-05,142,16
Kubernetes---kb_610_Normalized.json,Kubernetes---kb_610_Normalized.json::test_00004,invalid,passed,False,True,correct_reject,2.72221,0.000133,8e-05,1.6e-05,56,16
Kubernetes---kb_611_Normalized.json,Kubernetes---kb_611_Normalized.json::test_00000,valid,passed,True,True,correct_accept,8.4e-05,0.003024,0.002543,0.000165,133,133
Kubernetes---kb_611_Normalized.json,Kubernetes---kb_611_Normalized.json::test_00001,invalid,passed,False,True,correct_reject,8.4e-05,0.00017,0.000104,2.8e-05,54,11
Kubernetes---kb_611_Normalized.json,Kubernetes---kb_611_Normalized.json::test_00002,invalid,passed,False,True,correct_reject,8.4e-05,0.000608,0.000481,3.7e-05,133,46
Kubernetes---kb_611_Normalized.json,Kubernetes---kb_611_Normalized.json::test_00003,valid,failed,False,True,over_constraint,8.4e-05,0.000102,6.3e-05,1.2e-05,139,16
Kubernetes---kb_612_Normalized.json,Kubernetes---kb_612_Normalized.json::test_00000,valid,passed,True,True,correct_accept,1.17274,0.020241,0.019987,8.2e-05,70,70
Kubernetes---kb_612_Normalized.json,Kubernetes---kb_612_Normalized.json::test_00001,invalid,passed,False,True,correct_reject,1.17274,0.005611,0.005492,2.3e-05,68,46
Kubernetes---kb_612_Normalized.json,Kubernetes---kb_612_Normalized.json::test_00002,valid,passed,True,True,correct_accept,1.17274,0.011366,0.011156,5.8e-05,71,71
Kubernetes---kb_612_Normalized.json,Kubernetes---kb_612_Normalized.json::test_00003,invalid,passed,False,True,correct_reject,1.17274,5.2e-05,3.7e-05,6e-06,72,2
Kubernetes---kb_612_Normalized.json,Kubernetes---kb_612_Normalized.json::test_00004,invalid,passed,False,True,correct_reject,1.17274,6.3e-05,4.4e-05,8e-06,64,2
Kubernetes---kb_613_Normalized.json,Kubernetes---kb_613_Normalized.json::test_00000,valid,passed,True,True,correct_accept,7e-05,0.010993,0.0107,0.000102,70,70
Kubernetes---kb_613_Normalized.json,Kubernetes---kb_613_Normalized.json::test_00001,invalid,passed,False,True,correct_reject,7e-05,0.005835,0.005681,4.6e-05,68,46
Kubernetes---kb_613_Normalized.json,Kubernetes---kb_613_Normalized.json::test_00002,invalid,passed,False,True,correct_reject,7e-05,0.008518,0.008335,4.4e-05,70,63
Kubernetes---kb_613_Normalized.json,Kubernetes---kb_613_Normalized.json::test_00003,valid,passed,True,True,correct_accept,7e-05,0.010526,0.010283,7.2e-05,70,70
Kubernetes---kb_613_Normalized.json,Kubernetes---kb_613_Normalized.json::test_00004,invalid,passed,False,True,correct_reject,7e-05,0.005873,0.005744,3e-05,68,46
Kubernetes---kb_614_Normalized.json,Kubernetes---kb_614_Normalized.json::test_00000,valid,passed,True,True,correct_accept,0.983771,0.001242,0.001096,4.6e-05,46,46
Kubernetes---kb_614_Normalized.json,Kubernetes---kb_614_Normalized.json::test_00001,invalid,passed,False,True,correct_reject,0.983771,0.00058,0.000492,2.8e-05,46,27
Kubernetes---kb_614_Normalized.json,Kubernetes---kb_614_Normalized.json::test_00002,valid,passed,True,True,correct_accept,0.983771,0.000377,0.000315,1.5e-05,27,27
Kubernetes---kb_615_Normalized.json,Kubernetes---kb_615_Normalized.json::test_00000,valid,passed,True,True,correct_accept,5.2e-05,0.001165,0.00104,1.9e-05,60,60
Kubernetes---kb_615_Normalized.json,Kubernetes---kb_615_Normalized.json::test_00001,invalid,passed,False,True,correct_reject,5.2e-05,0.000576,0.000484,2.8e-05,61,27
Kubernetes---kb_615_Normalized.json,Kubernetes---kb_615_Normalized.json::test_00002,valid,passed,True,True,correct_accept,5.2e-05,0.000721,0.00062,1.8e-05,46,46
Kubernetes---kb_616_Normalized.json,Kubernetes---kb_616_Normalized.json::test_00000,valid,passed,True,True,correct_accept,1.62039,0.002928,0.002532,7.9e-05,154,154
Kubernetes---kb_616_Normalized.json,Kubernetes---kb_616_Normalized.json::test_00001,invalid,passed,False,True,correct_reject,1.62039,0.002024,0.001759,6.4e-05,155,103
Kubernetes---kb_616_Normalized.json,Kubernetes---kb_616_Normalized.json::test_00002,invalid,passed,False,True,correct_reject,1.62039,0.000599,0.000494,2.6e-05,156,36
Kubernetes---kb_616_Normalized.json,Kubernetes---kb_616_Normalized.json::test_00003,valid,passed,True,True,correct_accept,1.62039,0.003178,0.002773,9.8e-05,157,157
Kubernetes---kb_616_Normalized.json,Kubernetes---kb_616_Normalized.json::test_00004,invalid,passed,False,True,correct_reject,1.62039,0.000871,0.000737,4.3e-05,159,37
Kubernetes---kb_616_Normalized.json,Kubernetes---kb_616_Normalized.json::test_00005,invalid,passed,False,True,correct_reject,1.62039,0.003309,0.002872,0.000116,164,151
Kubernetes---kb_617_Normalized.json,Kubernetes---kb_617_Normalized.json::test_00000,valid,passed,True,True,correct_accept,8.7e-05,0.003504,0.003057,0.000124,154,154
Kubernetes---kb_617_Normalized.json,Kubernetes---kb_617_Normalized.json::test_00001,invalid,passed,False,True,correct_reject,8.7e-05,0.002364,0.00206,7.9e-05,156,103
Kubernetes---kb_617_Normalized.json,Kubernetes---kb_617_Normalized.json::test_00002,invalid,passed,False,True,correct_reject,8.7e-05,0.002651,0.002285,0.000113,155,103
Kubernetes---kb_617_Normalized.json,Kubernetes---kb_617_Normalized.json::test_00003,valid,passed,True,True,correct_accept,8.7e-05,0.002875,0.002487,8.9e-05,151,151
Kubernetes---kb_617_Normalized.json,Kubernetes---kb_617_Normalized.json::test_00004,invalid,passed,False,True,correct_reject,8.7e-05,0.002117,0.001829,8.5e-05,153,101
Kubernetes---kb_617_Normalized.json,Kubernetes---kb_617_Normalized.json::test_00005,invalid,passed,False,True,correct_reject,8.7e-05,0.000142,9.2e-05,1.5e-05,134,15
Kubernetes---kb_618_Normalized.json,Kubernetes---kb_618_Normalized.json::test_00000,valid,passed,True,True,correct_accept,1.27899,0.000249,0.000198,1.9e-05,12,12
Kubernetes---kb_618_Normalized.json,Kubernetes---kb_618_Normalized.json::test_00001,invalid,passed,False,True,correct_reject,1.27899,0.000107,6.7e-05,1.3e-05,12,9
Kubernetes---kb_618_Normalized.json,Kubernetes---kb_618_Normalized.json::test_00002,invalid,passed,False,True,correct_reject,1.27899,0.000101,6.4e-05,1.3e-05,10,9
Kubernetes---kb_619_Normalized.json,Kubernetes---kb_619_Normalized.json::test_00000,valid,passed,True,True,correct_accept,6.9e-05,0.000255,0.000207,1.6e-05,12,12
Kubernetes---kb_619_Normalized.json,Kubernetes---kb_619_Normalized.json::test_00001,invalid,passed,False,True,correct_reject,6.9e-05,9.7e-05,6.1e-05,1.1e-05,12,9
Kubernetes---kb_61_Normalized.json,Kubernetes---kb_61_Normalized.json::test_00000,valid,passed,True,True,correct_accept,1.3258,0.001695,0.00154,6.1e-05,40,40
Kubernetes---kb_61_Normalized.json,Kubernetes---kb_61_Normalized.json::test_00001,invalid,passed,False,True,correct_reject,1.3258,0.000711,0.000629,2.6e-05,37,16
Kubernetes---kb_61_Normalized.json,Kubernetes---kb_61_Normalized.json::test_00002,invalid,passed,False,True,correct_reject,1.3258,8.5e-05,6e-05,8e-06,28,4
Kubernetes---kb_61_Normalized.json,Kubernetes---kb_61_Normalized.json::test_00003,invalid,passed,False,True,correct_reject,1.3258,0.000353,0.000309,1.4e-05,37,10
Kubernetes---kb_61_Normalized.json,Kubernetes---kb_61_Normalized.json::test_00004,valid,passed,True,True,correct_accept,1.3258,0.001888,0.001731,5.4e-05,46,46
Kubernetes---kb_61_Normalized.json,Kubernetes---kb_61_Normalized.json::test_00005,invalid,passed,False,True,correct_reject,1.3258,0.000104,7.3e-05,9e-06,27,5
Kubernetes---kb_61_Normalized.json,Kubernetes---kb_61_Normalized.json::test_00006,invalid,passed,False,True,correct_reject,1.3258,0.000504,0.00045,2.1e-05,36,11
Kubernetes---kb_620_Normalized.json,Kubernetes---kb_620_Normalized.json::test_00000,valid,passed,True,True,correct_accept,21.4644,0.095305,0.090958,0.001456,1392,1392
Kubernetes---kb_620_Normalized.json,Kubernetes---kb_620_Normalized.json::test_00001,invalid,passed,False,True,correct_reject,21.4644,0.067036,0.062971,0.001478,1104,1005
Kubernetes---kb_621_Normalized.json,Kubernetes---kb_621_Normalized.json::test_00000,valid,passed,True,True,correct_accept,18.2705,0.030418,0.028709,0.000478,542,542
Kubernetes---kb_621_Normalized.json,Kubernetes---kb_621_Normalized.json::test_00001,invalid,passed,False,True,correct_reject,18.2705,0.002529,0.002474,2e-05,551,10
Kubernetes---kb_622_Normalized.json,Kubernetes---kb_622_Normalized.json::test_00000,valid,passed,True,True,correct_accept,1.46928,0.002356,0.002049,9.9e-05,82,82
Kubernetes---kb_622_Normalized.json,Kubernetes---kb_622_Normalized.json::test_00001,invalid,passed,False,True,correct_reject,1.46928,5.9e-05,3.9e-05,7e-06,8,6
Kubernetes---kb_622_Normalized.json,Kubernetes---kb_622_Normalized.json::test_00002,valid,passed,True,True,correct_accept,1.46928,0.00165,0.001433,4.8e-05,90,90
Kubernetes---kb_622_Normalized.json,Kubernetes---kb_622_Normalized.json::test_00003,invalid,passed,False,True,correct_reject,1.46928,0.001714,0.001497,5.9e-05,90,87
Kubernetes---kb_623_Normalized.json,Kubernetes---kb_623_Normalized.json::test_00000,valid,passed,True,True,correct_accept,5.4e-05,0.001257,0.001093,2.2e-05,82,82
Kubernetes---kb_623_Normalized.json,Kubernetes---kb_623_Normalized.json::test_00001,invalid,passed,False,True,correct_reject,5.4e-05,6e-05,3.8e-05,8e-06,8,6
Kubernetes---kb_623_Normalized.json,Kubernetes---kb_623_Normalized.json::test_00002,valid,passed,True,True,correct_accept,5.4e-05,0.001043,0.000884,2.5e-05,79,79
Kubernetes---kb_623_Normalized.json,Kubernetes---kb_623_Normalized.json::test_00003,invalid,passed,False,True,correct_reject,5.4e-05,0.000814,0.000696,2.1e-05,86,55
Kubernetes---kb_624_Normalized.json,Kubernetes---kb_624_Normalized.json::test_00000,valid,passed,True,True,correct_accept,0.975091,0.000539,0.00047,2.1e-05,22,22
Kubernetes---kb_624_Normalized.json,Kubernetes---kb_624_Normalized.json::test_00001,invalid,passed,False,True,correct_reject,0.975091,6.9e-05,4.9e-05,6e-06,21,5
Kubernetes---kb_624_Normalized.json,Kubernetes---kb_624_Normalized.json::test_00002,invalid,passed,False,True,correct_reject,0.975091,0.000317,0.000266,1.3e-05,19,18
Kubernetes---kb_624_Normalized.json,Kubernetes---kb_624_Normalized.json::test_00003,valid,passed,True,True,correct_accept,0.975091,0.000782,0.00069,3.3e-05,22,22
Kubernetes---kb_625_Normalized.json,Kubernetes---kb_625_Normalized.json::test_00000,valid,passed,True,True,correct_accept,7.3e-05,0.000407,0.000352,1.3e-05,22,22
Kubernetes---kb_625_Normalized.json,Kubernetes---kb_625_Normalized.json::test_00001,invalid,passed,False,True,correct_reject,7.3e-05,7.9e-05,5.6e-05,8e-06,21,5
Kubernetes---kb_625_Normalized.json,Kubernetes---kb_625_Normalized.json::test_00002,invalid,passed,False,True,correct_reject,7.3e-05,0.00049,0.000417,2.6e-05,19,18
Kubernetes---kb_625_Normalized.json,Kubernetes---kb_625_Normalized.json::test_00003,valid,passed,True,True,correct_accept,7.3e-05,0.000752,0.000661,3.3e-05,22,22
Kubernetes---kb_626_Normalized.json,Kubernetes---kb_626_Normalized.json::test_00000,valid,passed,True,True,correct_accept,1.10194,0.001589,0.001401,4.3e-05,79,79
Kubernetes---kb_626_Normalized.json,Kubernetes---kb_626_Normalized.json::test_00001,invalid,passed,False,True,correct_reject,1.10194,6.7e-05,4.6e-05,8e-06,36,5
Kubernetes---kb_626_Normalized.json,Kubernetes---kb_626_Normalized.json::test_00002,invalid,passed,False,True,correct_reject,1.10194,0.000934,0.000816,2.1e-05,57,55
Kubernetes---kb_626_Normalized.json,Kubernetes---kb_626_Normalized.json::test_00003,invalid,passed,False,True,correct_reject,1.10194,0.001188,0.001029,2.9e-05,77,75
Kubernetes---kb_626_Normalized.json,Kubernetes---kb_626_Normalized.json::test_00004,valid,passed,True,True,correct_accept,1.10194,0.001908,0.001674,4.6e-05,103,103
Kubernetes---kb_626_Normalized.json,Kubernetes---kb_626_Normalized.json::test_00005,invalid,passed,False,True,correct_reject,1.10194,0.000702,0.000598,4.1e-05,97,25
Kubernetes---kb_627_Normalized.json,Kubernetes---kb_627_Normalized.json::test_00000,valid,passed,True,True,correct_accept,6e-05,0.002161,0.001896,8.1e-05,82,82
Kubernetes---kb_627_Normalized.json,Kubernetes---kb_627_Normalized.json::test_00001,invalid,passed,False,True,correct_reject,6e-05,0.000116,8.2e-05,1.4e-05,36,5
Kubernetes---kb_627_Normalized.json,Kubernetes---kb_627_Normalized.json::test_00002,invalid,passed,False,True,correct_reject,6e-05,0.001459,0.001278,5.6e-05,60,59
Kubernetes---kb_627_Normalized.json,Kubernetes---kb_627_Normalized.json::test_00003,invalid,passed,False,True,correct_reject,6e-05,0.001471,0.001279,6.1e-05,56,54
Kubernetes---kb_627_Normalized.json,Kubernetes---kb_627_Normalized.json::test_00004,valid,passed,True,True,correct_accept,6e-05,0.00346,0.003063,0.00012,132,132
Kubernetes---kb_627_Normalized.json,Kubernetes---kb_627_Normalized.json::test_00005,invalid,passed,False,True,correct_reject,6e-05,0.000118,8e-05,1.4e-05,7,6
Kubernetes---kb_628_Normalized.json,Kubernetes---kb_628_Normalized.json::test_00000,valid,passed,True,True,correct_accept,3.79047,0.003649,0.00326,0.0001,125,125
Kubernetes---kb_628_Normalized.json,Kubernetes---kb_628_Normalized.json::test_00001,invalid,passed,False,True,correct_reject,3.79047,0.000681,0.000571,2.8e-05,126,38
Kubernetes---kb_628_Normalized.json,Kubernetes---kb_628_Normalized.json::test_00002,invalid,passed,False,True,correct_reject,3.79047,0.000469,0.000392,2.6e-05,113,25
Kubernetes---kb_628_Normalized.json,Kubernetes---kb_628_Normalized.json::test_00003,invalid,passed,False,True,correct_reject,3.79047,0.000495,0.000402,2.5e-05,124,30
Kubernetes---kb_628_Normalized.json,Kubernetes---kb_628_Normalized.json::test_00004,invalid,passed,False,True,correct_reject,3.79047,0.000264,0.000172,3.3e-05,124,16
Kubernetes---kb_628_Normalized.json,Kubernetes---kb_628_Normalized.json::test_00005,invalid,passed,False,True,correct_reject,3.79047,0.001075,0.000909,6.4e-05,127,38
Kubernetes---kb_629_Normalized.json,Kubernetes---kb_629_Normalized.json::test_00000,valid,passed,True,True,correct_accept,0.000123,0.004386,0.004001,9.3e-05,144,144
Kubernetes---kb_629_Normalized.json,Kubernetes---kb_629_Normalized.json::test_00001,invalid,passed,False,True,correct_reject,0.000123,0.000696,0.000582,3e-05,145,38
Kubernetes---kb_629_Normalized.json,Kubernetes---kb_629_Normalized.json::test_00002,valid,passed,True,True,correct_accept,0.000123,0.003641,0.003299,8.6e-05,125,125
Kubernetes---kb_629_Normalized.json,Kubernetes---kb_629_Normalized.json::test_00003,invalid,passed,False,True,correct_reject,0.000123,0.00053,0.000439,2.6e-05,121,30
Kubernetes---kb_629_Normalized.json,Kubernetes---kb_629_Normalized.json::test_00004,invalid,passed,False,True,correct_reject,0.000123,0.003472,0.003164,7.9e-05,120,111
Kubernetes---kb_62_Normalized.json,Kubernetes---kb_62_Normalized.json::test_00000,valid,passed,True,True,correct_accept,6e-05,0.011009,0.010277,0.000249,208,208
Kubernetes---kb_62_Normalized.json,Kubernetes---kb_62_Normalized.json::test_00001,invalid,passed,False,True,correct_reject,6e-05,0.000603,0.000541,2.1e-05,211,16
Kubernetes---kb_62_Normalized.json,Kubernetes---kb_62_Normalized.json::test_00002,invalid,passed,False,True,correct_reject,6e-05,0.002144,0.001979,5.1e-05,211,43
Kubernetes---kb_62_Normalized.json,Kubernetes---kb_62_Normalized.json::test_00003,valid,passed,True,True,correct_accept,6e-05,0.013497,0.012644,0.000308,215,215
Kubernetes---kb_62_Normalized.json,Kubernetes---kb_62_Normalized.json::test_00004,invalid,passed,False,True,correct_reject,6e-05,0.000116,8.3e-05,1.1e-05,139,5
Kubernetes---kb_62_Normalized.json,Kubernetes---kb_62_Normalized.json::test_00005,invalid,passed,False,True,correct_reject,6e-05,0.004608,0.0043,0.0001,218,84
Kubernetes---kb_630_Normalized.json,Kubernetes---kb_630_Normalized.json::test_00000,valid,passed,True,True,correct_accept,9.23265,0.105084,0.10167,0.001182,950,950
Kubernetes---kb_630_Normalized.json,Kubernetes---kb_630_Normalized.json::test_00001,valid,passed,True,True,correct_accept,9.23265,0.040907,0.039001,0.00053,675,675
Kubernetes---kb_630_Normalized.json,Kubernetes---kb_630_Normalized.json::test_00002,invalid,passed,False,True,correct_reject,9.23265,0.038062,0.036547,0.000446,702,493
Kubernetes---kb_630_Normalized.json,Kubernetes---kb_630_Normalized.json::test_00003,invalid,passed,False,True,correct_reject,9.23265,0.001485,0.001298,7.3e-05,632,44
Kubernetes---kb_630_Normalized.json,Kubernetes---kb_630_Normalized.json::test_00004,invalid,passed,False,True,correct_reject,9.23265,0.000136,9.3e-05,2.1e-05,670,5
Kubernetes---kb_631_Normalized.json,Kubernetes---kb_631_Normalized.json::test_00000,valid,passed,True,True,correct_accept,0.000187,0.040522,0.038625,0.000541,654,654
Kubernetes---kb_631_Normalized.json,Kubernetes---kb_631_Normalized.json::test_00001,valid,passed,True,True,correct_accept,0.000187,0.044873,0.04279,0.000674,623,623
Kubernetes---kb_631_Normalized.json,Kubernetes---kb_631_Normalized.json::test_00002,invalid,passed,False,True,correct_reject,0.000187,0.001022,0.0009,4e-05,749,35
Kubernetes---kb_631_Normalized.json,Kubernetes---kb_631_Normalized.json::test_00003,invalid,passed,False,True,correct_reject,0.000187,0.037546,0.036127,0.000449,614,416
Kubernetes---kb_632_Normalized.json,Kubernetes---kb_632_Normalized.json::test_00000,valid,passed,True,True,correct_accept,2.62606,0.009011,0.008315,0.000256,148,148
Kubernetes---kb_632_Normalized.json,Kubernetes---kb_632_Normalized.json::test_00001,invalid,passed,False,True,correct_reject,2.62606,0.00011,7.5e-05,1.3e-05,145,5
Kubernetes---kb_632_Normalized.json,Kubernetes---kb_632_Normalized.json::test_00002,invalid,passed,False,True,correct_reject,2.62606,0.003284,0.002992,8.6e-05,147,92
Kubernetes---kb_632_Normalized.json,Kubernetes---kb_632_Normalized.json::test_00003,valid,passed,True,True,correct_accept,2.62606,0.00578,0.005318,0.000137,148,148
Kubernetes---kb_632_Normalized.json,Kubernetes---kb_632_Normalized.json::test_00004,invalid,passed,False,True,correct_reject,2.62606,9.6e-05,6.5e-05,1.1e-05,145,5
Kubernetes---kb_632_Normalized.json,Kubernetes---kb_632_Normalized.json::test_00005,invalid,passed,False,True,correct_reject,2.62606,0.000458,0.000392,2.1e-05,134,15
Kubernetes---kb_633_Normalized.json,Kubernetes---kb_633_Normalized.json::test_00000,valid,passed,True,True,correct_accept,0.000109,0.004772,0.004376,0.000101,148,148
Kubernetes---kb_633_Normalized.json,Kubernetes---kb_633_Normalized.json::test_00001,invalid,passed,False,True,correct_reject,0.000109,9.3e-05,6.5e-05,1.1e-05,145,5
Kubernetes---kb_633_Normalized.json,Kubernetes---kb_633_Normalized.json::test_00002,invalid,passed,False,True,correct_reject,0.000109,9.4e-05,6.5e-05,1.1e-05,146,5
Kubernetes---kb_633_Normalized.json,Kubernetes---kb_633_Normalized.json::test_00003,invalid,passed,False,True,correct_reject,0.000109,0.003005,0.002736,6.7e-05,147,92
Kubernetes---kb_633_Normalized.json,Kubernetes---kb_633_Normalized.json::test_00004,invalid,passed,False,True,correct_reject,0.000109,9.1e-05,6.5e-05,1.1e-05,146,5
Kubernetes---kb_634_Normalized.json,Kubernetes---kb_634_Normalized.json::test_00000,valid,passed,True,True,correct_accept,1.13624,0.000534,0.000475,1.9e-05,15,15
Kubernetes---kb_634_Normalized.json,Kubernetes---kb_634_Normalized.json::test_00001,invalid,passed,False,True,correct_reject,1.13624,0.00011,8.3e-05,1e-05,12,5
Kubernetes---kb_634_Normalized.json,Kubernetes---kb_634_Normalized.json::test_00002,invalid,passed,False,True,correct_reject,1.13624,0.000488,0.000429,1.8e-05,15,14
Kubernetes---kb_635_Normalized.json,Kubernetes---kb_635_Normalized.json::test_00000,valid,passed,True,True,correct_accept,5e-05,0.000495,0.00044,1.8e-05,15,15
Kubernetes---kb_635_Normalized.json,Kubernetes---kb_635_Normalized.json::test_00001,invalid,passed,False,True,correct_reject,5e-05,0.000102,7.7e-05,8e-06,12,5
Kubernetes---kb_635_Normalized.json,Kubernetes---kb_635_Normalized.json::test_00002,invalid,passed,False,True,correct_reject,5e-05,0.000439,0.000386,1.5e-05,15,14
Kubernetes---kb_636_Normalized.json,Kubernetes---kb_636_Normalized.json::test_00000,valid,passed,True,True,correct_accept,6e-05,0.000488,0.000433,1.7e-05,15,15
Kubernetes---kb_636_Normalized.json,Kubernetes---kb_636_Normalized.json::test_00001,invalid,passed,False,True,correct_reject,6e-05,0.000125,9.4e-05,1.3e-05,12,5
Kubernetes---kb_636_Normalized.json,Kubernetes---kb_636_Normalized.json::test_00002,invalid,passed,False,True,correct_reject,6e-05,0.000406,0.000356,1.5e-05,15,14
Kubernetes---kb_637_Normalized.json,Kubernetes---kb_637_Normalized.json::test_00000,valid,passed,True,True,correct_accept,0.953263,0.000978,0.000881,3.4e-05,25,25
Kubernetes---kb_637_Normalized.json,Kubernetes---kb_637_Normalized.json::test_00001,invalid,passed,False,True,correct_reject,0.953263,0.000441,0.00038,2.4e-05,23,13
Kubernetes---kb_638_Normalized.json,Kubernetes---kb_638_Normalized.json::test_00000,valid,passed,True,True,correct_accept,5.9e-05,0.000658,0.00058,2.4e-05,25,25
Kubernetes---kb_638_Normalized.json,Kubernetes---kb_638_Normalized.json::test_00001,invalid,passed,False,True,correct_reject,5.9e-05,0.000133,8.3e-05,2e-05,18,7
Kubernetes---kb_639_Normalized.json,Kubernetes---kb_639_Normalized.json::test_00000,valid,passed,True,True,correct_accept,1.1691,0.00298,0.002863,2.2e-05,50,50
Kubernetes---kb_639_Normalized.json,Kubernetes---kb_639_Normalized.json::test_00001,invalid,passed,False,True,correct_reject,1.1691,7.3e-05,4.7e-05,8e-06,33,8
Kubernetes---kb_639_Normalized.json,Kubernetes---kb_639_Normalized.json::test_00002,invalid,passed,False,True,correct_reject,1.1691,0.007516,0.007415,3.9e-05,32,30
Kubernetes---kb_639_Normalized.json,Kubernetes---kb_639_Normalized.json::test_00003,invalid,passed,False,True,correct_reject,1.1691,0.000688,0.000619,1.3e-05,53,28
Kubernetes---kb_639_Normalized.json,Kubernetes---kb_639_Normalized.json::test_00004,valid,passed,True,True,correct_accept,1.1691,0.003863,0.00369,3.1e-05,74,74
Kubernetes---kb_63_Normalized.json,Kubernetes---kb_63_Normalized.json::test_00000,valid,passed,True,True,correct_accept,1.22734,0.004045,0.003717,0.00011,86,86
Kubernetes---kb_63_Normalized.json,Kubernetes---kb_63_Normalized.json::test_00001,invalid,passed,False,True,correct_reject,1.22734,0.001369,0.001272,2.9e-05,90,30
Kubernetes---kb_63_Normalized.json,Kubernetes---kb_63_Normalized.json::test_00002,invalid,passed,False,True,correct_reject,1.22734,0.001545,0.001442,3.1e-05,78,30
Kubernetes---kb_63_Normalized.json,Kubernetes---kb_63_Normalized.json::test_00003,invalid,passed,False,True,correct_reject,1.22734,0.00143,0.001328,1.6e-05,90,42
Kubernetes---kb_63_Normalized.json,Kubernetes---kb_63_Normalized.json::test_00004,invalid,passed,False,True,correct_reject,1.22734,0.000944,0.000871,2.7e-05,77,18
Kubernetes---kb_63_Normalized.json,Kubernetes---kb_63_Normalized.json::test_00005,invalid,passed,False,True,correct_reject,1.22734,8.2e-05,6e-05,7e-06,59,6
Kubernetes---kb_640_Normalized.json,Kubernetes---kb_640_Normalized.json::test_00000,valid,passed,True,True,correct_accept,6.7e-05,0.004452,0.004235,7.5e-05,50,50
Kubernetes---kb_640_Normalized.json,Kubernetes---kb_640_Normalized.json::test_00001,invalid,passed,False,True,correct_reject,6.7e-05,0.0001,6.4e-05,1.3e-05,33,8
Kubernetes---kb_640_Normalized.json,Kubernetes---kb_640_Normalized.json::test_00002,invalid,passed,False,True,correct_reject,6.7e-05,0.003069,0.002944,4.1e-05,32,30
Kubernetes---kb_640_Normalized.json,Kubernetes---kb_640_Normalized.json::test_00003,valid,passed,True,True,correct_accept,6.7e-05,0.003019,0.002911,3e-05,34,34
Kubernetes---kb_640_Normalized.json,Kubernetes---kb_640_Normalized.json::test_00004,invalid,passed,False,True,correct_reject,6.7e-05,7.2e-05,4.7e-05,9e-06,22,8
Kubernetes---kb_641_Normalized.json,Kubernetes---kb_641_Normalized.json::test_00000,valid,passed,True,True,correct_accept,4.9e-05,0.012989,0.012841,5.9e-05,46,46
Kubernetes---kb_641_Normalized.json,Kubernetes---kb_641_Normalized.json::test_00001,invalid,passed,False,True,correct_reject,4.9e-05,9.1e-05,5.8e-05,1.4e-05,33,7
Kubernetes---kb_641_Normalized.json,Kubernetes---kb_641_Normalized.json::test_00002,invalid,passed,False,True,correct_reject,4.9e-05,0.011588,0.0115,3e-05,28,26
Kubernetes---kb_641_Normalized.json,Kubernetes---kb_641_Normalized.json::test_00003,invalid,passed,False,True,correct_reject,4.9e-05,0.00011,7.2e-05,1.4e-05,33,8
Kubernetes---kb_641_Normalized.json,Kubernetes---kb_641_Normalized.json::test_00004,invalid,passed,False,True,correct_reject,4.9e-05,0.000556,0.000492,1.4e-05,49,24
Kubernetes---kb_641_Normalized.json,Kubernetes---kb_641_Normalized.json::test_00005,valid,passed,True,True,correct_accept,4.9e-05,0.002832,0.002734,3.1e-05,30,30
Kubernetes---kb_641_Normalized.json,Kubernetes---kb_641_Normalized.json::test_00006,invalid,passed,False,True,correct_reject,4.9e-05,7.9e-05,5.1e-05,8e-06,18,8
Kubernetes---kb_642_Normalized.json,Kubernetes---kb_642_Normalized.json::test_00000,valid,passed,True,True,correct_accept,0.829136,0.002492,0.002432,1.6e-05,21,21
Kubernetes---kb_642_Normalized.json,Kubernetes---kb_642_Normalized.json::test_00001,invalid,passed,False,True,correct_reject,0.829136,0.000105,7.2e-05,1.2e-05,20,6
Kubernetes---kb_642_Normalized.json,Kubernetes---kb_642_Normalized.json::test_00002,invalid,passed,False,True,correct_reject,0.829136,0.000262,0.000221,1.5e-05,8,8
Kubernetes---kb_642_Normalized.json,Kubernetes---kb_642_Normalized.json::test_00003,invalid,passed,False,True,correct_reject,0.829136,0.002919,0.002858,2e-05,15,14
Kubernetes---kb_642_Normalized.json,Kubernetes---kb_642_Normalized.json::test_00004,invalid,passed,False,True,correct_reject,0.829136,9.4e-05,6.4e-05,1.1e-05,20,6
Kubernetes---kb_643_Normalized.json,Kubernetes---kb_643_Normalized.json::test_00000,valid,passed,True,True,correct_accept,6.4e-05,0.007997,0.007903,3.5e-05,21,21
Kubernetes---kb_643_Normalized.json,Kubernetes---kb_643_Normalized.json::test_00001,invalid,passed,False,True,correct_reject,6.4e-05,8.8e-05,6.1e-05,9e-06,20,6
Kubernetes---kb_643_Normalized.json,Kubernetes---kb_643_Normalized.json::test_00002,invalid,passed,False,True,correct_reject,6.4e-05,0.000376,0.000328,1.9e-05,8,8
Kubernetes---kb_643_Normalized.json,Kubernetes---kb_643_Normalized.json::test_00003,invalid,passed,False,True,correct_reject,6.4e-05,0.002775,0.002719,1.8e-05,15,14
Kubernetes---kb_643_Normalized.json,Kubernetes---kb_643_Normalized.json::test_00004,invalid,passed,False,True,correct_reject,6.4e-05,0.000101,7e-05,1.2e-05,20,6
Kubernetes---kb_644_Normalized.json,Kubernetes---kb_644_Normalized.json::test_00000,valid,failed,False,True,over_constraint,7.7949,9.1e-05,6.3e-05,1.3e-05,336,2
Kubernetes---kb_644_Normalized.json,Kubernetes---kb_644_Normalized.json::test_00001,valid,failed,False,True,over_constraint,7.7949,8.9e-05,6.1e-05,1.4e-05,1515,2
Kubernetes---kb_645_Normalized.json,Kubernetes---kb_645_Normalized.json::test_00000,valid,failed,False,True,over_constraint,0.000244,9.3e-05,6.2e-05,1.5e-05,374,2
Kubernetes---kb_645_Normalized.json,Kubernetes---kb_645_Normalized.json::test_00001,valid,failed,False,True,over_constraint,0.000244,9.2e-05,6.2e-05,1.5e-05,853,2
Kubernetes---kb_646_Normalized.json,Kubernetes---kb_646_Normalized.json::test_00000,valid,passed,True,True,correct_accept,2.94037,0.007232,0.007028,7.2e-05,53,53
Kubernetes---kb_646_Normalized.json,Kubernetes---kb_646_Normalized.json::test_00001,valid,passed,True,True,correct_accept,2.94037,0.006869,0.006652,6.6e-05,70,70
Kubernetes---kb_646_Normalized.json,Kubernetes---kb_646_Normalized.json::test_00002,invalid,passed,False,True,correct_reject,2.94037,0.00713,0.006922,6.3e-05,73,68
Kubernetes---kb_646_Normalized.json,Kubernetes---kb_646_Normalized.json::test_00003,invalid,passed,False,True,correct_reject,2.94037,0.007257,0.007041,6.7e-05,70,68
Kubernetes---kb_646_Normalized.json,Kubernetes---kb_646_Normalized.json::test_00004,invalid,passed,False,True,correct_reject,2.94037,0.003377,0.003275,3.8e-05,61,28
Kubernetes---kb_647_Normalized.json,Kubernetes---kb_647_Normalized.json::test_00000,valid,passed,True,True,correct_accept,3.38833,0.004712,0.00447,7.9e-05,74,74
Kubernetes---kb_647_Normalized.json,Kubernetes---kb_647_Normalized.json::test_00001,invalid,passed,False,True,correct_reject,3.38833,0.004556,0.004331,6.6e-05,73,72
Kubernetes---kb_647_Normalized.json,Kubernetes---kb_647_Normalized.json::test_00002,invalid,passed,False,True,correct_reject,3.38833,0.003262,0.003181,2.9e-05,66,21
Kubernetes---kb_648_Normalized.json,Kubernetes---kb_648_Normalized.json::test_00000,valid,passed,True,True,correct_accept,0.000117,0.004719,0.004477,7.5e-05,78,78
Kubernetes---kb_648_Normalized.json,Kubernetes---kb_648_Normalized.json::test_00001,valid,passed,True,True,correct_accept,0.000117,0.004576,0.004321,8.1e-05,74,74
Kubernetes---kb_648_Normalized.json,Kubernetes---kb_648_Normalized.json::test_00002,invalid,passed,False,True,correct_reject,0.000117,0.004201,0.003991,6.2e-05,73,72
Kubernetes---kb_648_Normalized.json,Kubernetes---kb_648_Normalized.json::test_00003,invalid,passed,False,True,correct_reject,0.000117,0.003544,0.003439,3.3e-05,68,31
Kubernetes---kb_649_Normalized.json,Kubernetes---kb_649_Normalized.json::test_00000,valid,passed,True,True,correct_accept,2.88267,0.008495,0.00823,9.6e-05,63,63
Kubernetes---kb_649_Normalized.json,Kubernetes---kb_649_Normalized.json::test_00001,invalid,passed,False,True,correct_reject,2.88267,0.004029,0.00392,4.3e-05,62,21
Kubernetes---kb_649_Normalized.json,Kubernetes---kb_649_Normalized.json::test_00002,invalid,passed,False,True,correct_reject,2.88267,8.8e-05,5.8e-05,1.2e-05,61,5
Kubernetes---kb_649_Normalized.json,Kubernetes---kb_649_Normalized.json::test_00003,invalid,passed,False,True,correct_reject,2.88267,0.004127,0.003968,5.5e-05,69,43
Kubernetes---kb_649_Normalized.json,Kubernetes---kb_649_Normalized.json::test_00004,invalid,passed,False,True,correct_reject,2.88267,9.4e-05,6.1e-05,1.4e-05,52,5
Kubernetes---kb_64_Normalized.json,Kubernetes---kb_64_Normalized.json::test_00000,valid,passed,True,True,correct_accept,0.00012,0.014263,0.013937,0.000111,86,86
Kubernetes---kb_64_Normalized.json,Kubernetes---kb_64_Normalized.json::test_00001,invalid,passed,False,True,correct_reject,0.00012,0.001449,0.001349,2.6e-05,78,30
Kubernetes---kb_64_Normalized.json,Kubernetes---kb_64_Normalized.json::test_00002,invalid,passed,False,True,correct_reject,0.00012,0.003212,0.002979,6.5e-05,85,72
Kubernetes---kb_64_Normalized.json,Kubernetes---kb_64_Normalized.json::test_00003,invalid,passed,False,True,correct_reject,0.00012,0.002746,0.002582,4.6e-05,90,42
Kubernetes---kb_64_Normalized.json,Kubernetes---kb_64_Normalized.json::test_00004,invalid,passed,False,True,correct_reject,0.00012,0.000776,0.000712,1.8e-05,78,18
Kubernetes---kb_64_Normalized.json,Kubernetes---kb_64_Normalized.json::test_00005,invalid,passed,False,True,correct_reject,0.00012,0.00011,8.1e-05,9e-06,77,6
Kubernetes---kb_650_Normalized.json,Kubernetes---kb_650_Normalized.json::test_00000,valid,passed,True,True,correct_accept,3.45464,0.004947,0.0047,7.8e-05,83,83
Kubernetes---kb_650_Normalized.json,Kubernetes---kb_650_Normalized.json::test_00001,valid,passed,True,True,correct_accept,3.45464,0.004798,0.004549,7.6e-05,85,85
Kubernetes---kb_650_Normalized.json,Kubernetes---kb_650_Normalized.json::test_00002,invalid,passed,False,True,correct_reject,3.45464,0.000374,0.000291,3.3e-05,85,16
Kubernetes---kb_650_Normalized.json,Kubernetes---kb_650_Normalized.json::test_00003,invalid,passed,False,True,correct_reject,3.45464,6.2e-05,4.5e-05,5e-06,10,2
Kubernetes---kb_651_Normalized.json,Kubernetes---kb_651_Normalized.json::test_00000,valid,passed,True,True,correct_accept,0.000102,0.00681,0.006473,0.000133,77,77
Kubernetes---kb_651_Normalized.json,Kubernetes---kb_651_Normalized.json::test_00001,valid,passed,True,True,correct_accept,0.000102,0.007992,0.00754,0.000186,76,76
Kubernetes---kb_652_Normalized.json,Kubernetes---kb_652_Normalized.json::test_00000,valid,passed,True,True,correct_accept,2.32673,0.003593,0.003309,0.0001,68,68
Kubernetes---kb_652_Normalized.json,Kubernetes---kb_652_Normalized.json::test_00001,invalid,passed,False,True,correct_reject,2.32673,0.000158,0.00012,1.3e-05,67,6
Kubernetes---kb_652_Normalized.json,Kubernetes---kb_652_Normalized.json::test_00002,invalid,passed,False,True,correct_reject,2.32673,0.00014,0.000101,1.5e-05,66,5
Kubernetes---kb_652_Normalized.json,Kubernetes---kb_652_Normalized.json::test_00003,invalid,passed,False,True,correct_reject,2.32673,0.00015,0.000108,1.7e-05,66,5
Kubernetes---kb_653_Normalized.json,Kubernetes---kb_653_Normalized.json::test_00000,valid,passed,True,True,correct_accept,0.000107,0.003456,0.003197,8.5e-05,68,68
Kubernetes---kb_653_Normalized.json,Kubernetes---kb_653_Normalized.json::test_00001,invalid,passed,False,True,correct_reject,0.000107,0.000139,0.000103,1.4e-05,67,6
Kubernetes---kb_653_Normalized.json,Kubernetes---kb_653_Normalized.json::test_00002,invalid,passed,False,True,correct_reject,0.000107,0.00012,8.7e-05,1.3e-05,66,5
Kubernetes---kb_653_Normalized.json,Kubernetes---kb_653_Normalized.json::test_00003,valid,passed,True,True,correct_accept,0.000107,0.002896,0.002675,7.1e-05,68,68
Kubernetes---kb_653_Normalized.json,Kubernetes---kb_653_Normalized.json::test_00004,invalid,passed,False,True,correct_reject,0.000107,0.000147,0.00011,1.4e-05,67,6
Kubernetes---kb_653_Normalized.json,Kubernetes---kb_653_Normalized.json::test_00005,invalid,passed,False,True,correct_reject,0.000107,0.000141,0.000106,1.2e-05,74,5
Kubernetes---kb_654_Normalized.json,Kubernetes---kb_654_Normalized.json::test_00000,valid,passed,True,True,correct_accept,1.10434,0.000629,0.000558,2.5e-05,18,18
Kubernetes---kb_654_Normalized.json,Kubernetes---kb_654_Normalized.json::test_00001,valid,passed,True,True,correct_accept,1.10434,0.000593,0.000528,2.4e-05,17,17
Kubernetes---kb_654_Normalized.json,Kubernetes---kb_654_Normalized.json::test_00002,invalid,passed,False,True,correct_reject,1.10434,7.8e-05,5.2e-05,9e-06,8,5
Kubernetes---kb_654_Normalized.json,Kubernetes---kb_654_Normalized.json::test_00003,invalid,passed,False,True,correct_reject,1.10434,0.000472,0.000414,2e-05,16,15
Kubernetes---kb_654_Normalized.json,Kubernetes---kb_654_Normalized.json::test_00004,invalid,passed,False,True,correct_reject,1.10434,0.000303,0.000255,1.8e-05,15,8
Kubernetes---kb_655_Normalized.json,Kubernetes---kb_655_Normalized.json::test_00000,valid,passed,True,True,correct_accept,8.4e-05,0.000637,0.000568,2.5e-05,18,18
Kubernetes---kb_655_Normalized.json,Kubernetes---kb_655_Normalized.json::test_00001,invalid,passed,False,True,correct_reject,8.4e-05,7.5e-05,5.1e-05,9e-06,7,5
Kubernetes---kb_655_Normalized.json,Kubernetes---kb_655_Normalized.json::test_00002,invalid,passed,False,True,correct_reject,8.4e-05,0.000212,0.000178,1.2e-05,20,8
Kubernetes---kb_656_Normalized.json,Kubernetes---kb_656_Normalized.json::test_00000,valid,passed,True,True,correct_accept,7.5e-05,0.000957,0.000867,3.8e-05,18,18
Kubernetes---kb_656_Normalized.json,Kubernetes---kb_656_Normalized.json::test_00001,invalid,passed,False,True,correct_reject,7.5e-05,8.2e-05,5.5e-05,9e-06,17,5
Kubernetes---kb_656_Normalized.json,Kubernetes---kb_656_Normalized.json::test_00002,invalid,passed,False,True,correct_reject,7.5e-05,0.001068,0.000956,4.4e-05,23,22
Kubernetes---kb_656_Normalized.json,Kubernetes---kb_656_Normalized.json::test_00003,invalid,passed,False,True,correct_reject,7.5e-05,0.000204,0.000169,1.2e-05,17,8
Kubernetes---kb_657_Normalized.json,Kubernetes---kb_657_Normalized.json::test_00000,valid,failed,False,True,over_constraint,1.56944,0.001395,0.001262,3.8e-05,57,44
Kubernetes---kb_657_Normalized.json,Kubernetes---kb_657_Normalized.json::test_00001,invalid,passed,False,True,correct_reject,1.56944,0.000124,9.1e-05,1.1e-05,56,6
Kubernetes---kb_657_Normalized.json,Kubernetes---kb_657_Normalized.json::test_00002,valid,passed,True,True,correct_accept,1.56944,0.001733,0.001535,6.6e-05,57,57
Kubernetes---kb_657_Normalized.json,Kubernetes---kb_657_Normalized.json::test_00003,invalid,passed,False,True,correct_reject,1.56944,0.001715,0.001562,4.5e-05,556,44
Kubernetes---kb_658_Normalized.json,Kubernetes---kb_658_Normalized.json::test_00000,valid,failed,False,True,over_constraint,8.4e-05,0.001419,0.001284,4e-05,113,44
Kubernetes---kb_658_Normalized.json,Kubernetes---kb_658_Normalized.json::test_00001,invalid,passed,False,True,correct_reject,8.4e-05,0.000115,7.9e-05,1.2e-05,51,6
Kubernetes---kb_658_Normalized.json,Kubernetes---kb_658_Normalized.json::test_00002,invalid,passed,False,True,correct_reject,8.4e-05,0.000467,0.000394,2.2e-05,50,19
Kubernetes---kb_658_Normalized.json,Kubernetes---kb_658_Normalized.json::test_00003,invalid,passed,False,True,correct_reject,8.4e-05,0.001858,0.001695,4.9e-05,59,44
Kubernetes---kb_658_Normalized.json,Kubernetes---kb_658_Normalized.json::test_00004,valid,passed,True,True,correct_accept,8.4e-05,0.00203,0.001819,6.8e-05,57,57
Kubernetes---kb_658_Normalized.json,Kubernetes---kb_658_Normalized.json::test_00005,invalid,passed,False,True,correct_reject,8.4e-05,0.000138,9.8e-05,1.7e-05,56,6
Kubernetes---kb_658_Normalized.json,Kubernetes---kb_658_Normalized.json::test_00006,invalid,passed,False,True,correct_reject,8.4e-05,0.000122,8.5e-05,1.3e-05,56,6
Kubernetes---kb_65_Normalized.json,Kubernetes---kb_65_Normalized.json::test_00000,valid,passed,True,True,correct_accept,1.82138,0.002849,0.002621,5.9e-05,80,80
Kubernetes---kb_65_Normalized.json,Kubernetes---kb_65_Normalized.json::test_00001,invalid,passed,False,True,correct_reject,1.82138,0.000723,0.000662,1.5e-05,72,18
Kubernetes---kb_65_Normalized.json,Kubernetes---kb_65_Normalized.json::test_00002,invalid,passed,False,True,correct_reject,1.82138,0.00208,0.001949,2.8e-05,84,42
Kubernetes---kb_65_Normalized.json,Kubernetes---kb_65_Normalized.json::test_00003,invalid,passed,False,True,correct_reject,1.82138,0.000816,0.000747,2.1e-05,71,18
Kubernetes---kb_65_Normalized.json,Kubernetes---kb_65_Normalized.json::test_00004,valid,passed,True,True,correct_accept,1.82138,0.00582,0.005338,0.000202,77,77
Kubernetes---kb_65_Normalized.json,Kubernetes---kb_65_Normalized.json::test_00005,invalid,passed,False,True,correct_reject,1.82138,0.000115,8.5e-05,1e-05,69,6
Kubernetes---kb_65_Normalized.json,Kubernetes---kb_65_Normalized.json::test_00006,invalid,passed,False,True,correct_reject,1.82138,0.001946,0.001823,2.6e-05,81,43
Kubernetes---kb_661_Normalized.json,Kubernetes---kb_661_Normalized.json::test_00000,valid,passed,True,True,correct_accept,33.5079,0.005021,0.004177,0.000517,142,142
Kubernetes---kb_661_Normalized.json,Kubernetes---kb_661_Normalized.json::test_00001,valid,passed,True,True,correct_accept,33.5079,0.004485,0.003907,0.000277,127,127
Kubernetes---kb_661_Normalized.json,Kubernetes---kb_661_Normalized.json::test_00002,invalid,passed,False,True,correct_reject,33.5079,0.001711,0.001467,0.000143,131,41
Kubernetes---kb_661_Normalized.json,Kubernetes---kb_661_Normalized.json::test_00003,invalid,passed,False,True,correct_reject,33.5079,0.001133,0.00101,4.6e-05,158,28
Kubernetes---kb_662_Normalized.json,Kubernetes---kb_662_Normalized.json::test_00000,valid,passed,True,True,correct_accept,30.96,0.003512,0.0031,0.000154,129,129
Kubernetes---kb_662_Normalized.json,Kubernetes---kb_662_Normalized.json::test_00001,valid,passed,True,True,correct_accept,30.96,0.003103,0.002725,0.000134,120,120
Kubernetes---kb_662_Normalized.json,Kubernetes---kb_662_Normalized.json::test_00002,invalid,passed,False,True,correct_reject,30.96,0.000464,0.000398,2.9e-05,120,13
Kubernetes---kb_662_Normalized.json,Kubernetes---kb_662_Normalized.json::test_00003,invalid,passed,False,True,correct_reject,30.96,0.002105,0.001887,8e-05,120,60
Kubernetes---kb_663_Normalized.json,Kubernetes---kb_663_Normalized.json::test_00000,valid,passed,True,True,correct_accept,13.989,0.017654,0.017085,0.000197,156,156
Kubernetes---kb_663_Normalized.json,Kubernetes---kb_663_Normalized.json::test_00001,valid,passed,True,True,correct_accept,13.989,0.011127,0.010584,0.000186,157,157
Kubernetes---kb_663_Normalized.json,Kubernetes---kb_663_Normalized.json::test_00002,invalid,passed,False,True,correct_reject,13.989,0.000958,0.000823,4.5e-05,197,35
Kubernetes---kb_664_Normalized.json,Kubernetes---kb_664_Normalized.json::test_00000,valid,passed,True,True,correct_accept,13.7191,0.011264,0.010715,0.000184,157,157
Kubernetes---kb_664_Normalized.json,Kubernetes---kb_664_Normalized.json::test_00001,valid,passed,True,True,correct_accept,13.7191,0.017847,0.017232,0.000215,172,172
Kubernetes---kb_664_Normalized.json,Kubernetes---kb_664_Normalized.json::test_00002,invalid,passed,False,True,correct_reject,13.7191,0.001508,0.001326,6.4e-05,171,51
Kubernetes---kb_664_Normalized.json,Kubernetes---kb_664_Normalized.json::test_00003,invalid,passed,False,True,correct_reject,13.7191,0.000972,0.00086,3.3e-05,161,35
Kubernetes---kb_665_Normalized.json,Kubernetes---kb_665_Normalized.json::test_00000,valid,passed,True,True,correct_accept,1.83307,0.015106,0.014816,0.000104,71,71
Kubernetes---kb_665_Normalized.json,Kubernetes---kb_665_Normalized.json::test_00001,invalid,passed,False,True,correct_reject,1.83307,0.007093,0.00695,4.1e-05,66,45
Kubernetes---kb_665_Normalized.json,Kubernetes---kb_665_Normalized.json::test_00002,invalid,passed,False,True,correct_reject,1.83307,0.013632,0.013406,7.5e-05,71,63
Kubernetes---kb_666_Normalized.json,Kubernetes---kb_666_Normalized.json::test_00000,valid,passed,True,True,correct_accept,7e-05,0.014273,0.013914,0.000142,71,71
Kubernetes---kb_666_Normalized.json,Kubernetes---kb_666_Normalized.json::test_00001,invalid,passed,False,True,correct_reject,7e-05,0.00712,0.006931,6.1e-05,66,45
Kubernetes---kb_666_Normalized.json,Kubernetes---kb_666_Normalized.json::test_00002,invalid,passed,False,True,correct_reject,7e-05,0.017168,0.016767,0.000166,71,63
Kubernetes---kb_667_Normalized.json,Kubernetes---kb_667_Normalized.json::test_00000,valid,passed,True,True,correct_accept,15.8811,0.009868,0.009126,0.000326,141,141
Kubernetes---kb_667_Normalized.json,Kubernetes---kb_667_Normalized.json::test_00001,invalid,passed,False,True,correct_reject,15.8811,0.004414,0.004156,9.7e-05,138,65
Kubernetes---kb_667_Normalized.json,Kubernetes---kb_667_Normalized.json::test_00002,invalid,passed,False,True,correct_reject,15.8811,0.004465,0.004244,8.2e-05,138,65
Kubernetes---kb_669_Normalized.json,Kubernetes---kb_669_Normalized.json::test_00000,valid,passed,True,True,correct_accept,4.33834,0.007623,0.007162,0.000162,123,123
Kubernetes---kb_669_Normalized.json,Kubernetes---kb_669_Normalized.json::test_00001,valid,passed,True,True,correct_accept,4.33834,0.007066,0.006642,0.000149,122,122
Kubernetes---kb_669_Normalized.json,Kubernetes---kb_669_Normalized.json::test_00002,invalid,passed,False,True,correct_reject,4.33834,0.000465,0.000399,2.8e-05,148,10
Kubernetes---kb_669_Normalized.json,Kubernetes---kb_669_Normalized.json::test_00003,invalid,passed,False,True,correct_reject,4.33834,0.000142,0.000107,1.3e-05,130,6
Kubernetes---kb_66_Normalized.json,Kubernetes---kb_66_Normalized.json::test_00000,valid,passed,True,True,correct_accept,0.000108,0.0037,0.00342,9.4e-05,82,82
Kubernetes---kb_66_Normalized.json,Kubernetes---kb_66_Normalized.json::test_00001,invalid,passed,False,True,correct_reject,0.000108,0.000995,0.000912,3e-05,73,18
Kubernetes---kb_66_Normalized.json,Kubernetes---kb_66_Normalized.json::test_00002,invalid,passed,False,True,correct_reject,0.000108,0.002798,0.002624,6.3e-05,86,42
Kubernetes---kb_66_Normalized.json,Kubernetes---kb_66_Normalized.json::test_00003,valid,passed,True,True,correct_accept,0.000108,0.004163,0.003854,0.000113,80,80
Kubernetes---kb_66_Normalized.json,Kubernetes---kb_66_Normalized.json::test_00004,invalid,passed,False,True,correct_reject,0.000108,0.000121,8.4e-05,1.4e-05,47,6
Kubernetes---kb_66_Normalized.json,Kubernetes---kb_66_Normalized.json::test_00005,invalid,passed,False,True,correct_reject,0.000108,0.001508,0.001403,2.7e-05,71,30
Kubernetes---kb_670_Normalized.json,Kubernetes---kb_670_Normalized.json::test_00000,valid,passed,True,True,correct_accept,0.000133,0.007021,0.006595,0.00015,122,122
Kubernetes---kb_670_Normalized.json,Kubernetes---kb_670_Normalized.json::test_00001,invalid,passed,False,True,correct_reject,0.000133,0.000112,7.9e-05,1.1e-05,118,5
Kubernetes---kb_671_Normalized.json,Kubernetes---kb_671_Normalized.json::test_00000,valid,passed,True,True,correct_accept,2.59373,0.02824,0.027499,0.000275,166,166
Kubernetes---kb_671_Normalized.json,Kubernetes---kb_671_Normalized.json::test_00001,invalid,passed,False,True,correct_reject,2.59373,0.036492,0.035495,0.000418,166,165
Kubernetes---kb_671_Normalized.json,Kubernetes---kb_671_Normalized.json::test_00002,invalid,passed,False,True,correct_reject,2.59373,0.001342,0.001191,6.9e-05,181,24
Kubernetes---kb_671_Normalized.json,Kubernetes---kb_671_Normalized.json::test_00003,invalid,passed,False,True,correct_reject,2.59373,0.000591,0.000511,3.1e-05,351,23
Kubernetes---kb_672_Normalized.json,Kubernetes---kb_672_Normalized.json::test_00000,valid,passed,True,True,correct_accept,8.2e-05,0.012758,0.012393,0.000126,100,100
Kubernetes---kb_672_Normalized.json,Kubernetes---kb_672_Normalized.json::test_00001,valid,passed,True,True,correct_accept,8.2e-05,0.021898,0.021489,9.6e-05,166,166
Kubernetes---kb_672_Normalized.json,Kubernetes---kb_672_Normalized.json::test_00002,invalid,passed,False,True,correct_reject,8.2e-05,0.000772,0.000691,3.6e-05,170,15
Kubernetes---kb_672_Normalized.json,Kubernetes---kb_672_Normalized.json::test_00003,invalid,passed,False,True,correct_reject,8.2e-05,0.00057,0.000498,2.8e-05,164,19
Kubernetes---kb_672_Normalized.json,Kubernetes---kb_672_Normalized.json::test_00004,invalid,passed,False,True,correct_reject,8.2e-05,0.000486,0.000428,2.2e-05,163,14
Kubernetes---kb_673_Normalized.json,Kubernetes---kb_673_Normalized.json::test_00000,valid,passed,True,True,correct_accept,0.794993,0.00023,0.000191,1.1e-05,14,14
Kubernetes---kb_673_Normalized.json,Kubernetes---kb_673_Normalized.json::test_00001,invalid,passed,False,True,correct_reject,0.794993,6.9e-05,4.7e-05,6e-06,12,6
Kubernetes---kb_674_Normalized.json,Kubernetes---kb_674_Normalized.json::test_00000,valid,passed,True,True,correct_accept,4.6e-05,0.000402,0.000342,2e-05,14,14
Kubernetes---kb_674_Normalized.json,Kubernetes---kb_674_Normalized.json::test_00001,invalid,passed,False,True,correct_reject,4.6e-05,9e-05,6.2e-05,1.1e-05,12,6
Kubernetes---kb_674_Normalized.json,Kubernetes---kb_674_Normalized.json::test_00002,invalid,passed,False,True,correct_reject,4.6e-05,6.6e-05,4.6e-05,6e-06,13,6
Kubernetes---kb_675_Normalized.json,Kubernetes---kb_675_Normalized.json::test_00000,valid,passed,True,True,correct_accept,39.8091,0.009737,0.008731,0.000608,165,165
Kubernetes---kb_675_Normalized.json,Kubernetes---kb_675_Normalized.json::test_00001,valid,passed,True,True,correct_accept,39.8091,0.010259,0.009501,0.00036,171,171
Kubernetes---kb_675_Normalized.json,Kubernetes---kb_675_Normalized.json::test_00002,invalid,passed,False,True,correct_reject,39.8091,0.003894,0.003836,2.1e-05,169,10
Kubernetes---kb_676_Normalized.json,Kubernetes---kb_676_Normalized.json::test_00000,valid,passed,True,True,correct_accept,38.892,0.007986,0.007419,0.000215,170,170
Kubernetes---kb_676_Normalized.json,Kubernetes---kb_676_Normalized.json::test_00001,invalid,passed,False,True,correct_reject,38.892,0.003124,0.003074,1.8e-05,308,10
Kubernetes---kb_677_Normalized.json,Kubernetes---kb_677_Normalized.json::test_00000,valid,passed,True,True,correct_accept,20.9002,0.013939,0.013079,0.000527,133,133
Kubernetes---kb_677_Normalized.json,Kubernetes---kb_677_Normalized.json::test_00001,valid,failed,False,True,over_constraint,20.9002,0.000385,8.4e-05,0.000281,121,2
Kubernetes---kb_678_Normalized.json,Kubernetes---kb_678_Normalized.json::test_00000,valid,passed,True,True,correct_accept,0.000373,0.011963,0.011539,0.000139,139,139
Kubernetes---kb_679_Normalized.json,Kubernetes---kb_679_Normalized.json::test_00000,valid,passed,True,True,correct_accept,1.02243,0.000686,0.000612,2.3e-05,24,24
Kubernetes---kb_679_Normalized.json,Kubernetes---kb_679_Normalized.json::test_00001,invalid,passed,False,True,correct_reject,1.02243,8.8e-05,6.4e-05,8e-06,19,5
Kubernetes---kb_679_Normalized.json,Kubernetes---kb_679_Normalized.json::test_00002,invalid,passed,False,True,correct_reject,1.02243,0.000497,0.000426,1.9e-05,24,16
Kubernetes---kb_679_Normalized.json,Kubernetes---kb_679_Normalized.json::test_00003,valid,passed,True,True,correct_accept,1.02243,0.000623,0.000553,2.3e-05,23,23
Kubernetes---kb_679_Normalized.json,Kubernetes---kb_679_Normalized.json::test_00004,invalid,passed,False,True,correct_reject,1.02243,8.8e-05,6.4e-05,8e-06,19,5
Kubernetes---kb_680_Normalized.json,Kubernetes---kb_680_Normalized.json::test_00000,valid,passed,True,True,correct_accept,6.2e-05,0.000649,0.000574,2.3e-05,23,23
Kubernetes---kb_680_Normalized.json,Kubernetes---kb_680_Normalized.json::test_00001,invalid,passed,False,True,correct_reject,6.2e-05,0.000115,8.5e-05,1.1e-05,19,5
Kubernetes---kb_680_Normalized.json,Kubernetes---kb_680_Normalized.json::test_00002,invalid,passed,False,True,correct_reject,6.2e-05,0.000424,0.000374,1.7e-05,23,15
Kubernetes---kb_680_Normalized.json,Kubernetes---kb_680_Normalized.json::test_00003,valid,passed,True,True,correct_accept,6.2e-05,0.000495,0.000436,1.9e-05,21,21
Kubernetes---kb_680_Normalized.json,Kubernetes---kb_680_Normalized.json::test_00004,invalid,passed,False,True,correct_reject,6.2e-05,0.000653,0.00059,2.5e-05,21,15
Kubernetes---kb_680_Normalized.json,Kubernetes---kb_680_Normalized.json::test_00005,invalid,passed,False,True,correct_reject,6.2e-05,0.000525,0.00047,2e-05,21,15
Kubernetes---kb_681_Normalized.json,Kubernetes---kb_681_Normalized.json::test_00000,valid,failed,False,True,over_constraint,0.808223,0.000408,0.000358,1.7e-05,18,10
Kubernetes---kb_681_Normalized.json,Kubernetes---kb_681_Normalized.json::test_00001,invalid,passed,False,True,correct_reject,0.808223,0.000101,6.9e-05,9e-06,16,6
Kubernetes---kb_681_Normalized.json,Kubernetes---kb_681_Normalized.json::test_00002,invalid,passed,False,True,correct_reject,0.808223,0.000252,0.000218,9e-06,18,10
Kubernetes---kb_681_Normalized.json,Kubernetes---kb_681_Normalized.json::test_00003,valid,passed,True,True,correct_accept,0.808223,0.002527,0.00247,1.3e-05,18,18
Kubernetes---kb_682_Normalized.json,Kubernetes---kb_682_Normalized.json::test_00000,valid,failed,False,True,over_constraint,6e-05,0.000411,0.000361,1.6e-05,18,10
Kubernetes---kb_682_Normalized.json,Kubernetes---kb_682_Normalized.json::test_00001,invalid,passed,False,True,correct_reject,6e-05,8.5e-05,5.9e-05,6e-06,16,6
Kubernetes---kb_682_Normalized.json,Kubernetes---kb_682_Normalized.json::test_00002,invalid,passed,False,True,correct_reject,6e-05,0.000255,0.000218,1.1e-05,18,10
Kubernetes---kb_682_Normalized.json,Kubernetes---kb_682_Normalized.json::test_00003,valid,passed,True,True,correct_accept,6e-05,0.002586,0.002527,1.7e-05,18,18
Kubernetes---kb_682_Normalized.json,Kubernetes---kb_682_Normalized.json::test_00004,invalid,passed,False,True,correct_reject,6e-05,6.4e-05,4.3e-05,5e-06,14,5
Kubernetes---kb_683_Normalized.json,Kubernetes---kb_683_Normalized.json::test_00000,valid,passed,True,True,correct_accept,92.1926,0.006078,0.00551,0.000431,48,48
Kubernetes---kb_683_Normalized.json,Kubernetes---kb_683_Normalized.json::test_00001,valid,passed,True,True,correct_accept,92.1926,0.009075,0.008691,0.000193,59,59
Kubernetes---kb_684_Normalized.json,Kubernetes---kb_684_Normalized.json::test_00000,valid,passed,True,True,correct_accept,92.7248,0.006024,0.005449,0.000421,59,59
Kubernetes---kb_684_Normalized.json,Kubernetes---kb_684_Normalized.json::test_00001,valid,passed,True,True,correct_accept,92.7248,0.005456,0.005258,8.7e-05,47,47
Kubernetes---kb_685_Normalized.json,Kubernetes---kb_685_Normalized.json::test_00000,valid,passed,True,True,correct_accept,4.73658,0.024797,0.024175,0.000213,168,168
Kubernetes---kb_685_Normalized.json,Kubernetes---kb_685_Normalized.json::test_00001,invalid,passed,False,True,correct_reject,4.73658,0.000146,9.1e-05,2.1e-05,59,11
Kubernetes---kb_685_Normalized.json,Kubernetes---kb_685_Normalized.json::test_00002,invalid,passed,False,True,correct_reject,4.73658,0.000224,0.000149,3e-05,59,12
Kubernetes---kb_685_Normalized.json,Kubernetes---kb_685_Normalized.json::test_00003,valid,passed,True,True,correct_accept,4.73658,0.016044,0.015436,0.000229,141,141
Kubernetes---kb_685_Normalized.json,Kubernetes---kb_685_Normalized.json::test_00004,invalid,passed,False,True,correct_reject,4.73658,0.00946,0.009045,0.000148,117,114
Kubernetes---kb_686_Normalized.json,Kubernetes---kb_686_Normalized.json::test_00000,valid,passed,True,True,correct_accept,0.000167,0.023223,0.022632,0.0002,166,166
Kubernetes---kb_686_Normalized.json,Kubernetes---kb_686_Normalized.json::test_00001,invalid,passed,False,True,correct_reject,0.000167,0.000135,8.4e-05,1.7e-05,59,11
Kubernetes---kb_686_Normalized.json,Kubernetes---kb_686_Normalized.json::test_00002,invalid,passed,False,True,correct_reject,0.000167,0.007726,0.007527,7.8e-05,49,46
Kubernetes---kb_686_Normalized.json,Kubernetes---kb_686_Normalized.json::test_00003,invalid,passed,False,True,correct_reject,0.000167,0.00781,0.007594,7.3e-05,174,55
Kubernetes---kb_686_Normalized.json,Kubernetes---kb_686_Normalized.json::test_00004,invalid,passed,False,True,correct_reject,0.000167,0.017045,0.016571,0.000166,175,121
Kubernetes---kb_686_Normalized.json,Kubernetes---kb_686_Normalized.json::test_00005,valid,passed,True,True,correct_accept,0.000167,0.015025,0.014609,0.000142,116,116
Kubernetes---kb_686_Normalized.json,Kubernetes---kb_686_Normalized.json::test_00006,invalid,passed,False,True,correct_reject,0.000167,0.000294,0.000187,4.8e-05,112,12
Kubernetes---kb_686_Normalized.json,Kubernetes---kb_686_Normalized.json::test_00007,invalid,passed,False,True,correct_reject,0.000167,0.000151,9.3e-05,2.3e-05,125,12
Kubernetes---kb_686_Normalized.json,Kubernetes---kb_686_Normalized.json::test_00008,invalid,passed,False,True,correct_reject,0.000167,0.000181,0.000108,2.1e-05,158,12
Kubernetes---kb_687_Normalized.json,Kubernetes---kb_687_Normalized.json::test_00000,valid,failed,False,True,over_constraint,2.71036,0.000703,0.000606,3.4e-05,70,21
Kubernetes---kb_687_Normalized.json,Kubernetes---kb_687_Normalized.json::test_00001,invalid,passed,False,True,correct_reject,2.71036,0.000596,0.000492,3e-05,78,20
Kubernetes---kb_687_Normalized.json,Kubernetes---kb_687_Normalized.json::test_00002,invalid,passed,False,True,correct_reject,2.71036,0.004708,0.004499,7.2e-05,70,54
Kubernetes---kb_687_Normalized.json,Kubernetes---kb_687_Normalized.json::test_00003,invalid,passed,False,True,correct_reject,2.71036,0.000706,0.00061,3.7e-05,70,21
Kubernetes---kb_687_Normalized.json,Kubernetes---kb_687_Normalized.json::test_00004,invalid,passed,False,True,correct_reject,2.71036,0.00086,0.000748,4.2e-05,76,26
Kubernetes---kb_687_Normalized.json,Kubernetes---kb_687_Normalized.json::test_00005,valid,passed,True,True,correct_accept,2.71036,0.009206,0.008863,0.000125,86,86
Kubernetes---kb_687_Normalized.json,Kubernetes---kb_687_Normalized.json::test_00006,invalid,passed,False,True,correct_reject,2.71036,0.004982,0.004729,7.9e-05,86,70
Kubernetes---kb_687_Normalized.json,Kubernetes---kb_687_Normalized.json::test_00007,invalid,passed,False,True,correct_reject,2.71036,0.001805,0.001564,7.4e-05,91,68
Kubernetes---kb_688_Normalized.json,Kubernetes---kb_688_Normalized.json::test_00000,valid,failed,False,True,over_constraint,0.000109,0.000671,0.000583,3.1e-05,70,21
Kubernetes---kb_688_Normalized.json,Kubernetes---kb_688_Normalized.json::test_00001,invalid,passed,False,True,correct_reject,0.000109,0.000595,0.000508,2.6e-05,77,20
Kubernetes---kb_688_Normalized.json,Kubernetes---kb_688_Normalized.json::test_00002,invalid,passed,False,True,correct_reject,0.000109,0.004237,0.004056,5e-05,67,54
Kubernetes---kb_688_Normalized.json,Kubernetes---kb_688_Normalized.json::test_00003,invalid,passed,False,True,correct_reject,0.000109,0.000968,0.000847,4.8e-05,69,21
Kubernetes---kb_688_Normalized.json,Kubernetes---kb_688_Normalized.json::test_00004,invalid,passed,False,True,correct_reject,0.000109,0.000808,0.000706,3.3e-05,77,27
Kubernetes---kb_688_Normalized.json,Kubernetes---kb_688_Normalized.json::test_00005,valid,passed,True,True,correct_accept,0.000109,0.009046,0.008715,0.00012,87,87
Kubernetes---kb_688_Normalized.json,Kubernetes---kb_688_Normalized.json::test_00006,invalid,passed,False,True,correct_reject,0.000109,0.000756,0.000635,4.2e-05,91,31
Kubernetes---kb_688_Normalized.json,Kubernetes---kb_688_Normalized.json::test_00007,invalid,passed,False,True,correct_reject,0.000109,0.001796,0.001561,7.3e-05,92,68
Kubernetes---kb_689_Normalized.json,Kubernetes---kb_689_Normalized.json::test_00000,valid,passed,True,True,correct_accept,4.76104,0.016561,0.016086,0.000168,114,114
Kubernetes---kb_689_Normalized.json,Kubernetes---kb_689_Normalized.json::test_00001,invalid,passed,False,True,correct_reject,4.76104,0.000154,9.7e-05,2.4e-05,58,11
Kubernetes---kb_689_Normalized.json,Kubernetes---kb_689_Normalized.json::test_00002,invalid,passed,False,True,correct_reject,4.76104,0.007678,0.007454,7.4e-05,61,58
Kubernetes---kb_689_Normalized.json,Kubernetes---kb_689_Normalized.json::test_00003,valid,passed,True,True,correct_accept,4.76104,0.034468,0.033521,0.000355,226,226
Kubernetes---kb_689_Normalized.json,Kubernetes---kb_689_Normalized.json::test_00004,invalid,passed,False,True,correct_reject,4.76104,0.000144,9e-05,1.9e-05,158,11
Kubernetes---kb_690_Normalized.json,Kubernetes---kb_690_Normalized.json::test_00000,valid,passed,True,True,correct_accept,0.000133,0.0316,0.030769,0.00029,223,223
Kubernetes---kb_690_Normalized.json,Kubernetes---kb_690_Normalized.json::test_00001,invalid,passed,False,True,correct_reject,0.000133,0.000156,9.9e-05,2.3e-05,112,11
Kubernetes---kb_690_Normalized.json,Kubernetes---kb_690_Normalized.json::test_00002,invalid,passed,False,True,correct_reject,0.000133,0.010019,0.009786,9.2e-05,49,46
Kubernetes---kb_690_Normalized.json,Kubernetes---kb_690_Normalized.json::test_00003,invalid,passed,False,True,correct_reject,0.000133,0.008013,0.007793,7.7e-05,231,55
Kubernetes---kb_690_Normalized.json,Kubernetes---kb_690_Normalized.json::test_00004,invalid,passed,False,True,correct_reject,0.000133,0.015766,0.015318,0.000157,225,122
Kubernetes---kb_690_Normalized.json,Kubernetes---kb_690_Normalized.json::test_00005,valid,passed,True,True,correct_accept,0.000133,0.034724,0.033802,0.000352,226,226
Kubernetes---kb_690_Normalized.json,Kubernetes---kb_690_Normalized.json::test_00006,invalid,passed,False,True,correct_reject,0.000133,0.000144,9e-05,2.1e-05,115,11
Kubernetes---kb_691_Normalized.json,Kubernetes---kb_691_Normalized.json::test_00000,valid,passed,True,True,correct_accept,1.88674,0.016445,0.016163,0.000106,67,67
Kubernetes---kb_691_Normalized.json,Kubernetes---kb_691_Normalized.json::test_00001,invalid,passed,False,True,correct_reject,1.88674,0.008411,0.008228,6.4e-05,65,45
Kubernetes---kb_691_Normalized.json,Kubernetes---kb_691_Normalized.json::test_00002,invalid,passed,False,True,correct_reject,1.88674,0.01583,0.015587,8.5e-05,67,60
Kubernetes---kb_691_Normalized.json,Kubernetes---kb_691_Normalized.json::test_00003,valid,passed,True,True,correct_accept,1.88674,0.015552,0.015283,9.5e-05,67,67
Kubernetes---kb_691_Normalized.json,Kubernetes---kb_691_Normalized.json::test_00004,invalid,passed,False,True,correct_reject,1.88674,0.008547,0.008367,6.3e-05,65,45
Kubernetes---kb_692_Normalized.json,Kubernetes---kb_692_Normalized.json::test_00000,valid,passed,True,True,correct_accept,9e-05,0.015231,0.014969,9.4e-05,67,67
Kubernetes---kb_692_Normalized.json,Kubernetes---kb_692_Normalized.json::test_00001,invalid,passed,False,True,correct_reject,9e-05,0.008323,0.008148,5.9e-05,65,45
Kubernetes---kb_692_Normalized.json,Kubernetes---kb_692_Normalized.json::test_00002,invalid,passed,False,True,correct_reject,9e-05,0.01591,0.015654,9.6e-05,67,60
Kubernetes---kb_692_Normalized.json,Kubernetes---kb_692_Normalized.json::test_00003,valid,passed,True,True,correct_accept,9e-05,0.016545,0.016248,0.000107,69,69
Kubernetes---kb_692_Normalized.json,Kubernetes---kb_692_Normalized.json::test_00004,invalid,passed,False,True,correct_reject,9e-05,8e-05,5.7e-05,1e-05,65,2
Kubernetes---kb_693_Normalized.json,Kubernetes---kb_693_Normalized.json::test_00000,valid,failed,False,True,over_constraint,13.4931,0.00012,7.9e-05,1.3e-05,111,7
Kubernetes---kb_693_Normalized.json,Kubernetes---kb_693_Normalized.json::test_00001,invalid,passed,False,True,correct_reject,13.4931,0.000112,7.4e-05,1.2e-05,112,7
Kubernetes---kb_694_Normalized.json,Kubernetes---kb_694_Normalized.json::test_00000,valid,passed,True,True,correct_accept,13.379,0.003118,0.002732,0.000124,111,111
Kubernetes---kb_694_Normalized.json,Kubernetes---kb_694_Normalized.json::test_00001,valid,passed,True,True,correct_accept,13.379,0.002845,0.002495,0.000104,111,111
Kubernetes---kb_694_Normalized.json,Kubernetes---kb_694_Normalized.json::test_00002,invalid,passed,False,True,correct_reject,13.379,0.003261,0.002896,0.000148,112,63
Kubernetes---kb_694_Normalized.json,Kubernetes---kb_694_Normalized.json::test_00003,invalid,compiled,,False,no_decision,13.379,,,,,
Kubernetes---kb_697_Normalized.json,Kubernetes---kb_697_Normalized.json::test_00000,valid,passed,True,True,correct_accept,2.6444,0.001472,0.001272,6.4e-05,56,56
Kubernetes---kb_697_Normalized.json,Kubernetes---kb_697_Normalized.json::test_00001,valid,passed,True,True,correct_accept,2.6444,0.000535,0.000457,2.7e-05,22,22
Kubernetes---kb_697_Normalized.json,Kubernetes---kb_697_Normalized.json::test_00002,invalid,passed,False,True,correct_reject,2.6444,9e-05,6.3e-05,1.2e-05,21,5
Kubernetes---kb_697_Normalized.json,Kubernetes---kb_697_Normalized.json::test_00003,invalid,passed,False,True,correct_reject,2.6444,0.000975,0.000865,4.7e-05,27,26
Kubernetes---kb_698_Normalized.json,Kubernetes---kb_698_Normalized.json::test_00000,valid,passed,True,True,correct_accept,7.9e-05,0.000741,0.000621,4.7e-05,21,21
Kubernetes---kb_698_Normalized.json,Kubernetes---kb_698_Normalized.json::test_00001,valid,passed,True,True,correct_accept,7.9e-05,0.001798,0.001538,0.000101,48,48
Kubernetes---kb_698_Normalized.json,Kubernetes---kb_698_Normalized.json::test_00002,invalid,passed,False,True,correct_reject,7.9e-05,0.000211,0.000174,1.5e-05,50,7
Kubernetes---kb_698_Normalized.json,Kubernetes---kb_698_Normalized.json::test_00003,invalid,passed,False,True,correct_reject,7.9e-05,0.00088,0.000748,5.4e-05,54,25
Kubernetes---kb_699_Normalized.json,Kubernetes---kb_699_Normalized.json::test_00000,valid,failed,False,True,over_constraint,1.62714,0.000451,0.00037,1.6e-05,84,38
Kubernetes---kb_699_Normalized.json,Kubernetes---kb_699_Normalized.json::test_00001,invalid,passed,False,True,correct_reject,1.62714,0.000719,0.000569,5.2e-05,93,38
Kubernetes---kb_699_Normalized.json,Kubernetes---kb_699_Normalized.json::test_00002,invalid,passed,False,True,correct_reject,1.62714,0.000152,0.000127,8e-06,86,7
Kubernetes---kb_699_Normalized.json,Kubernetes---kb_699_Normalized.json::test_00003,invalid,passed,False,True,correct_reject,1.62714,5.6e-05,3.5e-05,8e-06,84,5
Kubernetes---kb_699_Normalized.json,Kubernetes---kb_699_Normalized.json::test_00004,valid,passed,True,True,correct_accept,1.62714,0.001701,0.001541,2e-05,82,82
Kubernetes---kb_699_Normalized.json,Kubernetes---kb_699_Normalized.json::test_00005,invalid,passed,False,True,correct_reject,1.62714,0.000464,0.000363,3.6e-05,88,24
Kubernetes---kb_69_Normalized.json,Kubernetes---kb_69_Normalized.json::test_00000,valid,passed,True,True,correct_accept,1.02018,0.008902,0.008711,7.8e-05,42,42
Kubernetes---kb_69_Normalized.json,Kubernetes---kb_69_Normalized.json::test_00001,invalid,passed,False,True,correct_reject,1.02018,0.003231,0.003133,3.5e-05,39,24
Kubernetes---kb_69_Normalized.json,Kubernetes---kb_69_Normalized.json::test_00002,invalid,passed,False,True,correct_reject,1.02018,0.011103,0.010896,8.7e-05,42,41
Kubernetes---kb_700_Normalized.json,Kubernetes---kb_700_Normalized.json::test_00000,valid,passed,True,True,correct_accept,7e-05,0.003629,0.003302,0.000113,84,84
Kubernetes---kb_700_Normalized.json,Kubernetes---kb_700_Normalized.json::test_00001,valid,passed,True,True,correct_accept,7e-05,0.001782,0.001613,2.2e-05,84,84
Kubernetes---kb_700_Normalized.json,Kubernetes---kb_700_Normalized.json::test_00002,invalid,passed,False,True,correct_reject,7e-05,6.5e-05,4.2e-05,9e-06,84,5
Kubernetes---kb_701_Normalized.json,Kubernetes---kb_701_Normalized.json::test_00000,valid,passed,True,True,correct_accept,1.54597,0.001936,0.001751,4.6e-05,65,65
Kubernetes---kb_701_Normalized.json,Kubernetes---kb_701_Normalized.json::test_00001,invalid,passed,False,True,correct_reject,1.54597,7.6e-05,5.3e-05,7e-06,51,6
Kubernetes---kb_701_Normalized.json,Kubernetes---kb_701_Normalized.json::test_00002,invalid,passed,False,True,correct_reject,1.54597,0.000898,0.000806,1.5e-05,65,37
Kubernetes---kb_701_Normalized.json,Kubernetes---kb_701_Normalized.json::test_00003,invalid,passed,False,True,correct_reject,1.54597,0.000516,0.000464,1.3e-05,60,15
Kubernetes---kb_701_Normalized.json,Kubernetes---kb_701_Normalized.json::test_00004,invalid,passed,False,True,correct_reject,1.54597,0.000827,0.000758,1.7e-05,81,24
Kubernetes---kb_701_Normalized.json,Kubernetes---kb_701_Normalized.json::test_00005,valid,passed,True,True,correct_accept,1.54597,0.001463,0.001314,2.5e-05,63,63
Kubernetes---kb_701_Normalized.json,Kubernetes---kb_701_Normalized.json::test_00006,invalid,passed,False,True,correct_reject,1.54597,0.000429,0.000386,1e-05,57,15
Kubernetes---kb_701_Normalized.json,Kubernetes---kb_701_Normalized.json::test_00007,invalid,passed,False,True,correct_reject,1.54597,0.000387,0.000349,9e-06,59,15
Kubernetes---kb_702_Normalized.json,Kubernetes---kb_702_Normalized.json::test_00000,valid,passed,True,True,correct_accept,5.9e-05,0.001349,0.001215,2e-05,65,65
Kubernetes---kb_702_Normalized.json,Kubernetes---kb_702_Normalized.json::test_00001,invalid,passed,False,True,correct_reject,5.9e-05,0.000714,0.000654,1.8e-05,60,15
Kubernetes---kb_702_Normalized.json,Kubernetes---kb_702_Normalized.json::test_00002,invalid,passed,False,True,correct_reject,5.9e-05,0.001441,0.001282,4.8e-05,64,49
Kubernetes---kb_702_Normalized.json,Kubernetes---kb_702_Normalized.json::test_00003,invalid,passed,False,True,correct_reject,5.9e-05,0.001086,0.001004,2.3e-05,68,24
Kubernetes---kb_702_Normalized.json,Kubernetes---kb_702_Normalized.json::test_00004,invalid,passed,False,True,correct_reject,5.9e-05,0.001911,0.001763,5.7e-05,68,24
Kubernetes---kb_702_Normalized.json,Kubernetes---kb_702_Normalized.json::test_00005,valid,passed,True,True,correct_accept,5.9e-05,0.002145,0.001947,4.7e-05,71,71
Kubernetes---kb_702_Normalized.json,Kubernetes---kb_702_Normalized.json::test_00006,invalid,passed,False,True,correct_reject,5.9e-05,0.000526,0.000474,1.4e-05,64,14
Kubernetes---kb_702_Normalized.json,Kubernetes---kb_702_Normalized.json::test_00007,invalid,passed,False,True,correct_reject,5.9e-05,0.000523,0.000471,1.3e-05,60,15
Kubernetes---kb_703_Normalized.json,Kubernetes---kb_703_Normalized.json::test_00000,valid,passed,True,True,correct_accept,0.938199,0.000342,0.000296,1.5e-05,13,13
Kubernetes---kb_703_Normalized.json,Kubernetes---kb_703_Normalized.json::test_00001,invalid,passed,False,True,correct_reject,0.938199,9.5e-05,7.2e-05,8e-06,12,5
Kubernetes---kb_704_Normalized.json,Kubernetes---kb_704_Normalized.json::test_00000,valid,passed,True,True,correct_accept,4.4e-05,0.000344,0.000298,1.5e-05,13,13
Kubernetes---kb_704_Normalized.json,Kubernetes---kb_704_Normalized.json::test_00001,invalid,passed,False,True,correct_reject,4.4e-05,9.7e-05,7.4e-05,8e-06,12,5
Kubernetes---kb_705_Normalized.json,Kubernetes---kb_705_Normalized.json::test_00000,valid,passed,True,True,correct_accept,0.969317,0.00047,0.000417,1.4e-05,12,12
Kubernetes---kb_705_Normalized.json,Kubernetes---kb_705_Normalized.json::test_00001,invalid,passed,False,True,correct_reject,0.969317,0.000114,8.2e-05,1.1e-05,6,5
Kubernetes---kb_705_Normalized.json,Kubernetes---kb_705_Normalized.json::test_00002,invalid,passed,False,True,correct_reject,0.969317,0.000102,7.3e-05,8e-06,8,5
Kubernetes---kb_705_Normalized.json,Kubernetes---kb_705_Normalized.json::test_00003,invalid,passed,False,True,correct_reject,0.969317,9.3e-05,6.7e-05,9e-06,7,5
Kubernetes---kb_706_Normalized.json,Kubernetes---kb_706_Normalized.json::test_00000,valid,passed,True,True,correct_accept,6e-05,0.000735,0.000667,2.5e-05,12,12
Kubernetes---kb_706_Normalized.json,Kubernetes---kb_706_Normalized.json::test_00001,invalid,passed,False,True,correct_reject,6e-05,0.000103,7.3e-05,9e-06,6,5
Kubernetes---kb_706_Normalized.json,Kubernetes---kb_706_Normalized.json::test_00002,invalid,passed,False,True,correct_reject,6e-05,0.000103,7.3e-05,1e-05,8,5
Kubernetes---kb_706_Normalized.json,Kubernetes---kb_706_Normalized.json::test_00003,invalid,passed,False,True,correct_reject,6e-05,0.000121,8.8e-05,1e-05,7,5
Kubernetes---kb_706_Normalized.json,Kubernetes---kb_706_Normalized.json::test_00004,invalid,passed,False,True,correct_reject,6e-05,0.000103,7.1e-05,1.1e-05,15,4
Kubernetes---kb_709_Normalized.json,Kubernetes---kb_709_Normalized.json::test_00000,valid,failed,False,True,over_constraint,41.4123,0.000398,9.3e-05,0.000271,140,11
Kubernetes---kb_709_Normalized.json,Kubernetes---kb_709_Normalized.json::test_00001,valid,failed,False,True,over_constraint,41.4123,0.000109,6.7e-05,1.4e-05,141,11
Kubernetes---kb_709_Normalized.json,Kubernetes---kb_709_Normalized.json::test_00002,invalid,passed,False,True,correct_reject,41.4123,0.000167,0.000106,2.6e-05,148,11
Kubernetes---kb_709_Normalized.json,Kubernetes---kb_709_Normalized.json::test_00003,invalid,passed,False,True,correct_reject,41.4123,0.000147,9e-05,2.1e-05,141,11
Kubernetes---kb_70_Normalized.json,Kubernetes---kb_70_Normalized.json::test_00000,valid,passed,True,True,correct_accept,5.4e-05,0.013425,0.013152,0.000124,42,42
Kubernetes---kb_70_Normalized.json,Kubernetes---kb_70_Normalized.json::test_00001,invalid,passed,False,True,correct_reject,5.4e-05,0.003221,0.003135,2.3e-05,39,24
Kubernetes---kb_710_Normalized.json,Kubernetes---kb_710_Normalized.json::test_00000,valid,passed,True,True,correct_accept,44.9977,0.010586,0.009651,0.00056,142,142
Kubernetes---kb_710_Normalized.json,Kubernetes---kb_710_Normalized.json::test_00001,valid,passed,True,True,correct_accept,44.9977,0.00911,0.008606,0.000195,141,141
Kubernetes---kb_710_Normalized.json,Kubernetes---kb_710_Normalized.json::test_00002,invalid,passed,False,True,correct_reject,44.9977,0.002868,0.002631,9.2e-05,154,61
Kubernetes---kb_710_Normalized.json,Kubernetes---kb_710_Normalized.json::test_00003,invalid,passed,False,True,correct_reject,44.9977,0.003571,0.003246,0.000129,149,61
Kubernetes---kb_710_Normalized.json,Kubernetes---kb_710_Normalized.json::test_00004,invalid,passed,False,True,correct_reject,44.9977,0.003562,0.003221,0.000136,180,73
Kubernetes---kb_713_Normalized.json,Kubernetes---kb_713_Normalized.json::test_00000,valid,passed,True,True,correct_accept,36.1852,0.007973,0.007517,0.000202,96,96
Kubernetes---kb_713_Normalized.json,Kubernetes---kb_713_Normalized.json::test_00001,valid,passed,True,True,correct_accept,36.1852,0.006592,0.00623,0.000138,96,96
Kubernetes---kb_713_Normalized.json,Kubernetes---kb_713_Normalized.json::test_00002,invalid,passed,False,True,correct_reject,36.1852,0.000107,8.4e-05,9e-06,17,4
Kubernetes---kb_713_Normalized.json,Kubernetes---kb_713_Normalized.json::test_00003,invalid,passed,False,True,correct_reject,36.1852,0.001236,0.001109,6.7e-05,135,19
Kubernetes---kb_714_Normalized.json,Kubernetes---kb_714_Normalized.json::test_00000,valid,passed,True,True,correct_accept,0.000509,0.004824,0.004555,7.9e-05,95,95
Kubernetes---kb_714_Normalized.json,Kubernetes---kb_714_Normalized.json::test_00001,valid,passed,True,True,correct_accept,0.000509,0.002146,0.001885,7.5e-05,98,98
Kubernetes---kb_714_Normalized.json,Kubernetes---kb_714_Normalized.json::test_00002,invalid,passed,False,True,correct_reject,0.000509,0.000582,0.000481,2.2e-05,128,38
Kubernetes---kb_714_Normalized.json,Kubernetes---kb_714_Normalized.json::test_00003,invalid,passed,False,True,correct_reject,0.000509,0.000301,0.000257,1.2e-05,93,14
Kubernetes---kb_714_Normalized.json,Kubernetes---kb_714_Normalized.json::test_00004,invalid,passed,False,True,correct_reject,0.000509,0.000446,0.000388,1.5e-05,121,19
Kubernetes---kb_715_Normalized.json,Kubernetes---kb_715_Normalized.json::test_00000,valid,passed,True,True,correct_accept,0.787398,0.000198,0.000164,1.3e-05,8,8
Kubernetes---kb_715_Normalized.json,Kubernetes---kb_715_Normalized.json::test_00001,invalid,passed,False,True,correct_reject,0.787398,8.3e-05,5.5e-05,7e-06,7,6
Kubernetes---kb_715_Normalized.json,Kubernetes---kb_715_Normalized.json::test_00002,invalid,passed,False,True,correct_reject,0.787398,7.1e-05,4.7e-05,8e-06,6,5
Kubernetes---kb_716_Normalized.json,Kubernetes---kb_716_Normalized.json::test_00000,valid,passed,True,True,correct_accept,4.6e-05,0.000209,0.000172,1.5e-05,8,8
Kubernetes---kb_716_Normalized.json,Kubernetes---kb_716_Normalized.json::test_00001,invalid,passed,False,True,correct_reject,4.6e-05,8.1e-05,5.6e-05,7e-06,7,6
Kubernetes---kb_717_Normalized.json,Kubernetes---kb_717_Normalized.json::test_00000,valid,passed,True,True,correct_accept,3.88313,0.005723,0.004981,0.000263,171,171
Kubernetes---kb_717_Normalized.json,Kubernetes---kb_717_Normalized.json::test_00001,invalid,passed,False,True,correct_reject,3.88313,6.6e-05,4.5e-05,9e-06,168,5
Kubernetes---kb_717_Normalized.json,Kubernetes---kb_717_Normalized.json::test_00002,invalid,passed,False,True,correct_reject,3.88313,8.5e-05,5.7e-05,1e-05,171,5
Kubernetes---kb_717_Normalized.json,Kubernetes---kb_717_Normalized.json::test_00003,invalid,passed,False,True,correct_reject,3.88313,9.4e-05,6.3e-05,1.4e-05,164,5
Kubernetes---kb_717_Normalized.json,Kubernetes---kb_717_Normalized.json::test_00004,invalid,passed,False,True,correct_reject,3.88313,6.5e-05,4.4e-05,8e-06,171,5
Kubernetes---kb_717_Normalized.json,Kubernetes---kb_717_Normalized.json::test_00005,valid,passed,True,True,correct_accept,3.88313,0.005648,0.00502,0.000227,180,180
Kubernetes---kb_717_Normalized.json,Kubernetes---kb_717_Normalized.json::test_00006,invalid,passed,False,True,correct_reject,3.88313,8.8e-05,6e-05,1.1e-05,182,5
Kubernetes---kb_717_Normalized.json,Kubernetes---kb_717_Normalized.json::test_00007,invalid,passed,False,True,correct_reject,3.88313,0.000136,9.5e-05,1.7e-05,177,5
Kubernetes---kb_717_Normalized.json,Kubernetes---kb_717_Normalized.json::test_00008,invalid,passed,False,True,correct_reject,3.88313,0.000596,0.000467,2.8e-05,158,51
Kubernetes---kb_718_Normalized.json,Kubernetes---kb_718_Normalized.json::test_00000,valid,passed,True,True,correct_accept,0.000112,0.005513,0.004854,0.000219,180,180
Kubernetes---kb_718_Normalized.json,Kubernetes---kb_718_Normalized.json::test_00001,invalid,passed,False,True,correct_reject,0.000112,7.1e-05,4.8e-05,9e-06,180,5
Kubernetes---kb_718_Normalized.json,Kubernetes---kb_718_Normalized.json::test_00002,invalid,passed,False,True,correct_reject,0.000112,0.000115,7.8e-05,1.6e-05,177,5
Kubernetes---kb_718_Normalized.json,Kubernetes---kb_718_Normalized.json::test_00003,invalid,passed,False,True,correct_reject,0.000112,7.5e-05,5e-05,1.1e-05,180,5
Kubernetes---kb_718_Normalized.json,Kubernetes---kb_718_Normalized.json::test_00004,valid,passed,True,True,correct_accept,0.000112,0.004745,0.004167,0.000198,170,170
Kubernetes---kb_718_Normalized.json,Kubernetes---kb_718_Normalized.json::test_00005,invalid,passed,False,True,correct_reject,0.000112,8.3e-05,5.7e-05,1.1e-05,170,5
Kubernetes---kb_718_Normalized.json,Kubernetes---kb_718_Normalized.json::test_00006,invalid,passed,False,True,correct_reject,0.000112,8.4e-05,5.8e-05,1.2e-05,170,5
Kubernetes---kb_718_Normalized.json,Kubernetes---kb_718_Normalized.json::test_00007,invalid,passed,False,True,correct_reject,0.000112,0.001257,0.00106,7.6e-05,161,54
Kubernetes---kb_720_Normalized.json,Kubernetes---kb_720_Normalized.json::test_00000,valid,failed,False,True,over_constraint,20.9183,0.000163,0.00011,1.7e-05,414,7
Kubernetes---kb_720_Normalized.json,Kubernetes---kb_720_Normalized.json::test_00001,invalid,passed,False,True,correct_reject,20.9183,0.000115,7.4e-05,1.4e-05,417,7
Kubernetes---kb_720_Normalized.json,Kubernetes---kb_720_Normalized.json::test_00002,invalid,passed,False,True,correct_reject,20.9183,0.000157,0.000103,2.1e-05,422,7
Kubernetes---kb_720_Normalized.json,Kubernetes---kb_720_Normalized.json::test_00003,valid,running_validation,,False,no_decision,20.9183,,,,424,
Kubernetes---kb_720_Normalized.json,Kubernetes---kb_720_Normalized.json::test_00004,invalid,compiled,,False,no_decision,20.9183,,,,,
Kubernetes---kb_720_Normalized.json,Kubernetes---kb_720_Normalized.json::test_00005,invalid,compiled,,False,no_decision,20.9183,,,,,
Kubernetes---kb_721_Normalized.json,Kubernetes---kb_721_Normalized.json::test_00000,valid,passed,True,True,correct_accept,18.8217,0.050148,0.048426,0.00064,431,431
Kubernetes---kb_721_Normalized.json,Kubernetes---kb_721_Normalized.json::test_00001,invalid,passed,False,True,correct_reject,18.8217,0.050651,0.04894,0.000626,435,432
Kubernetes---kb_721_Normalized.json,Kubernetes---kb_721_Normalized.json::test_00002,invalid,passed,False,True,correct_reject,18.8217,0.050065,0.048339,0.00064,434,432
Kubernetes---kb_721_Normalized.json,Kubernetes---kb_721_Normalized.json::test_00003,invalid,passed,False,True,correct_reject,18.8217,0.047993,0.046316,0.000611,435,433
Kubernetes---kb_721_Normalized.json,Kubernetes---kb_721_Normalized.json::test_00004,valid,passed,True,True,correct_accept,18.8217,0.047887,0.046357,0.000522,428,428
Kubernetes---kb_721_Normalized.json,Kubernetes---kb_721_Normalized.json::test_00005,invalid,passed,False,True,correct_reject,18.8217,0.004538,0.004318,8.6e-05,427,54
Kubernetes---kb_723_Normalized.json,Kubernetes---kb_723_Normalized.json::test_00000,valid,failed,False,True,over_constraint,17.4779,0.000125,8.3e-05,1.3e-05,440,7
Kubernetes---kb_723_Normalized.json,Kubernetes---kb_723_Normalized.json::test_00001,invalid,passed,False,True,correct_reject,17.4779,8.5e-05,5.6e-05,1e-05,437,7
Kubernetes---kb_723_Normalized.json,Kubernetes---kb_723_Normalized.json::test_00002,valid,failed,False,True,over_constraint,17.4779,0.000108,7e-05,1.6e-05,468,7
Kubernetes---kb_723_Normalized.json,Kubernetes---kb_723_Normalized.json::test_00003,invalid,passed,False,True,correct_reject,17.4779,8.7e-05,5.6e-05,1e-05,464,7
Kubernetes---kb_724_Normalized.json,Kubernetes---kb_724_Normalized.json::test_00000,valid,passed,True,True,correct_accept,15.1471,0.033515,0.032352,0.000282,473,473
Kubernetes---kb_724_Normalized.json,Kubernetes---kb_724_Normalized.json::test_00001,invalid,passed,False,True,correct_reject,15.1471,0.029637,0.028695,0.000178,476,443
Kubernetes---kb_724_Normalized.json,Kubernetes---kb_724_Normalized.json::test_00002,invalid,passed,False,True,correct_reject,15.1471,0.024154,0.023668,0.000134,220,182
Kubernetes---kb_724_Normalized.json,Kubernetes---kb_724_Normalized.json::test_00003,valid,passed,True,True,correct_accept,15.1471,0.039487,0.038215,0.000307,471,471
Kubernetes---kb_724_Normalized.json,Kubernetes---kb_724_Normalized.json::test_00004,invalid,passed,False,True,correct_reject,15.1471,8.8e-05,5.8e-05,1.4e-05,466,5
Kubernetes---kb_724_Normalized.json,Kubernetes---kb_724_Normalized.json::test_00005,invalid,passed,False,True,correct_reject,15.1471,0.00885,0.008632,7.3e-05,468,68
Kubernetes---kb_726_Normalized.json,Kubernetes---kb_726_Normalized.json::test_00000,valid,passed,True,True,correct_accept,8.22972,0.020206,0.019393,0.000139,401,401
Kubernetes---kb_726_Normalized.json,Kubernetes---kb_726_Normalized.json::test_00001,valid,passed,True,True,correct_accept,8.22972,0.023363,0.02242,0.000148,474,474
Kubernetes---kb_726_Normalized.json,Kubernetes---kb_726_Normalized.json::test_00002,invalid,passed,False,True,correct_reject,8.22972,8.2e-05,5.2e-05,1e-05,487,9
Kubernetes---kb_726_Normalized.json,Kubernetes---kb_726_Normalized.json::test_00003,invalid,passed,False,True,correct_reject,8.22972,0.00015,9.4e-05,2.7e-05,478,9
Kubernetes---kb_727_Normalized.json,Kubernetes---kb_727_Normalized.json::test_00000,valid,passed,True,True,correct_accept,0.000207,0.030056,0.028984,0.000208,481,481
Kubernetes---kb_727_Normalized.json,Kubernetes---kb_727_Normalized.json::test_00001,valid,passed,True,True,correct_accept,0.000207,0.02704,0.02609,0.000164,475,475
Kubernetes---kb_727_Normalized.json,Kubernetes---kb_727_Normalized.json::test_00002,invalid,passed,False,True,correct_reject,0.000207,0.000118,7e-05,2.1e-05,479,9
Kubernetes---kb_727_Normalized.json,Kubernetes---kb_727_Normalized.json::test_00003,invalid,passed,False,True,correct_reject,0.000207,0.002236,0.002178,1.7e-05,463,22
Kubernetes---kb_728_Normalized.json,Kubernetes---kb_728_Normalized.json::test_00000,valid,passed,True,True,correct_accept,1.62554,0.00062,0.000537,2e-05,34,34
Kubernetes---kb_728_Normalized.json,Kubernetes---kb_728_Normalized.json::test_00001,invalid,passed,False,True,correct_reject,1.62554,5.7e-05,3.6e-05,7e-06,29,5
Kubernetes---kb_728_Normalized.json,Kubernetes---kb_728_Normalized.json::test_00002,invalid,passed,False,True,correct_reject,1.62554,0.000925,0.000804,4.4e-05,37,32
Kubernetes---kb_728_Normalized.json,Kubernetes---kb_728_Normalized.json::test_00003,invalid,passed,False,True,correct_reject,1.62554,0.000633,0.000552,2.2e-05,39,30
Kubernetes---kb_728_Normalized.json,Kubernetes---kb_728_Normalized.json::test_00004,invalid,passed,False,True,correct_reject,1.62554,0.000435,0.000372,1.5e-05,32,23
Kubernetes---kb_729_Normalized.json,Kubernetes---kb_729_Normalized.json::test_00000,valid,passed,True,True,correct_accept,2.12183,0.003398,0.003262,3.8e-05,43,43
Kubernetes---kb_729_Normalized.json,Kubernetes---kb_729_Normalized.json::test_00001,invalid,passed,False,True,correct_reject,2.12183,0.000634,0.000523,3.7e-05,42,38
Kubernetes---kb_729_Normalized.json,Kubernetes---kb_729_Normalized.json::test_00002,invalid,passed,False,True,correct_reject,2.12183,9.5e-05,6.6e-05,8e-06,40,8
Kubernetes---kb_730_Normalized.json,Kubernetes---kb_730_Normalized.json::test_00000,valid,passed,True,True,correct_accept,0.000104,0.003682,0.003536,4.3e-05,43,43
Kubernetes---kb_730_Normalized.json,Kubernetes---kb_730_Normalized.json::test_00001,invalid,passed,False,True,correct_reject,0.000104,0.000785,0.00067,3.5e-05,42,38
Kubernetes---kb_731_Normalized.json,Kubernetes---kb_731_Normalized.json::test_00000,valid,passed,True,True,correct_accept,2.09623,0.000835,0.000725,3.7e-05,34,34
Kubernetes---kb_731_Normalized.json,Kubernetes---kb_731_Normalized.json::test_00001,valid,passed,True,True,correct_accept,2.09623,0.001295,0.001121,5.3e-05,60,60
Kubernetes---kb_731_Normalized.json,Kubernetes---kb_731_Normalized.json::test_00002,invalid,passed,False,True,correct_reject,2.09623,6.7e-05,4.9e-05,6e-06,55,2
Kubernetes---kb_731_Normalized.json,Kubernetes---kb_731_Normalized.json::test_00003,invalid,passed,False,True,correct_reject,2.09623,4.2e-05,3.1e-05,4e-06,63,2
Kubernetes---kb_731_Normalized.json,Kubernetes---kb_731_Normalized.json::test_00004,invalid,passed,False,True,correct_reject,2.09623,5.7e-05,4.1e-05,5e-06,67,2
Kubernetes---kb_731_Normalized.json,Kubernetes---kb_731_Normalized.json::test_00005,invalid,passed,False,True,correct_reject,2.09623,5.3e-05,3.8e-05,5e-06,59,2
Kubernetes---kb_732_Normalized.json,Kubernetes---kb_732_Normalized.json::test_00000,valid,passed,True,True,correct_accept,1.97834,0.001039,0.000873,5.2e-05,50,50
Kubernetes---kb_732_Normalized.json,Kubernetes---kb_732_Normalized.json::test_00001,valid,passed,True,True,correct_accept,1.97834,0.000783,0.000675,2.2e-05,51,51
Kubernetes---kb_732_Normalized.json,Kubernetes---kb_732_Normalized.json::test_00002,invalid,passed,False,True,correct_reject,1.97834,4.7e-05,3.5e-05,5e-06,49,2
Kubernetes---kb_733_Normalized.json,Kubernetes---kb_733_Normalized.json::test_00000,valid,passed,True,True,correct_accept,9.6e-05,0.000729,0.000622,2e-05,49,49
Kubernetes---kb_733_Normalized.json,Kubernetes---kb_733_Normalized.json::test_00001,valid,passed,True,True,correct_accept,9.6e-05,0.001276,0.001089,6.5e-05,51,51
Kubernetes---kb_733_Normalized.json,Kubernetes---kb_733_Normalized.json::test_00002,invalid,passed,False,True,correct_reject,9.6e-05,4.9e-05,3.5e-05,5e-06,50,2
Kubernetes---kb_733_Normalized.json,Kubernetes---kb_733_Normalized.json::test_00003,invalid,passed,False,True,correct_reject,9.6e-05,5.3e-05,3.8e-05,5e-06,41,2
Kubernetes---kb_734_Normalized.json,Kubernetes---kb_734_Normalized.json::test_00000,valid,passed,True,True,correct_accept,66.5585,0.006687,0.006041,0.000494,53,53
Kubernetes---kb_734_Normalized.json,Kubernetes---kb_734_Normalized.json::test_00001,valid,passed,True,True,correct_accept,66.5585,0.348222,0.337457,0.004854,2350,2350
Kubernetes---kb_734_Normalized.json,Kubernetes---kb_734_Normalized.json::test_00002,invalid,passed,False,True,correct_reject,66.5585,0.000119,7.4e-05,2.1e-05,999,6
Kubernetes---kb_734_Normalized.json,Kubernetes---kb_734_Normalized.json::test_00003,invalid,passed,False,True,correct_reject,66.5585,0.036193,0.034639,0.000742,334,295
Kubernetes---kb_735_Normalized.json,Kubernetes---kb_735_Normalized.json::test_00000,valid,passed,True,True,correct_accept,0.000905,0.006565,0.006198,0.000193,53,53
Kubernetes---kb_735_Normalized.json,Kubernetes---kb_735_Normalized.json::test_00001,valid,passed,True,True,correct_accept,0.000905,0.003814,0.00362,7.3e-05,60,60
Kubernetes---kb_735_Normalized.json,Kubernetes---kb_735_Normalized.json::test_00002,invalid,passed,False,True,correct_reject,0.000905,0.003974,0.003761,9e-05,60,58
Kubernetes---kb_735_Normalized.json,Kubernetes---kb_735_Normalized.json::test_00003,invalid,passed,False,True,correct_reject,0.000905,0.007407,0.006999,0.000209,66,60
Kubernetes---kb_735_Normalized.json,Kubernetes---kb_735_Normalized.json::test_00004,invalid,passed,False,True,correct_reject,0.000905,0.00406,0.00385,9.5e-05,60,58
Kubernetes---kb_736_Normalized.json,Kubernetes---kb_736_Normalized.json::test_00000,valid,passed,True,True,correct_accept,6.83045,0.020598,0.019783,0.000201,306,306
Kubernetes---kb_736_Normalized.json,Kubernetes---kb_736_Normalized.json::test_00001,invalid,passed,False,True,correct_reject,6.83045,0.015142,0.014656,9.9e-05,308,201
Kubernetes---kb_736_Normalized.json,Kubernetes---kb_736_Normalized.json::test_00002,invalid,passed,False,True,correct_reject,6.83045,0.014909,0.014416,0.00011,307,202
Kubernetes---kb_736_Normalized.json,Kubernetes---kb_736_Normalized.json::test_00003,valid,passed,True,True,correct_accept,6.83045,0.02158,0.020678,0.000179,361,361
Kubernetes---kb_736_Normalized.json,Kubernetes---kb_736_Normalized.json::test_00004,invalid,passed,False,True,correct_reject,6.83045,0.013634,0.013371,8.9e-05,396,63
Kubernetes---kb_737_Normalized.json,Kubernetes---kb_737_Normalized.json::test_00000,valid,passed,True,True,correct_accept,0.000165,0.020873,0.020061,0.000223,277,277
Kubernetes---kb_737_Normalized.json,Kubernetes---kb_737_Normalized.json::test_00001,invalid,passed,False,True,correct_reject,0.000165,0.000102,7.3e-05,1.3e-05,212,4
Kubernetes---kb_737_Normalized.json,Kubernetes---kb_737_Normalized.json::test_00002,invalid,passed,False,True,correct_reject,0.000165,0.0187,0.018017,0.000198,276,241
Kubernetes---kb_737_Normalized.json,Kubernetes---kb_737_Normalized.json::test_00003,valid,passed,True,True,correct_accept,0.000165,0.022016,0.021157,0.000225,307,307
Kubernetes---kb_737_Normalized.json,Kubernetes---kb_737_Normalized.json::test_00004,invalid,passed,False,True,correct_reject,0.000165,0.0189,0.018318,0.000167,308,202
Kubernetes---kb_738_Normalized.json,Kubernetes---kb_738_Normalized.json::test_00000,valid,passed,True,True,correct_accept,79.7544,0.007001,0.00635,0.000485,63,63
Kubernetes---kb_738_Normalized.json,Kubernetes---kb_738_Normalized.json::test_00001,invalid,passed,False,True,correct_reject,79.7544,0.000118,7.5e-05,1.5e-05,62,6
Kubernetes---kb_738_Normalized.json,Kubernetes---kb_738_Normalized.json::test_00002,invalid,passed,False,True,correct_reject,79.7544,0.002617,0.002133,0.000357,74,56
Kubernetes---kb_739_Normalized.json,Kubernetes---kb_739_Normalized.json::test_00000,valid,passed,True,True,correct_accept,95.1762,0.007436,0.006756,0.00049,63,63
Kubernetes---kb_739_Normalized.json,Kubernetes---kb_739_Normalized.json::test_00001,invalid,passed,False,True,correct_reject,95.1762,0.000149,0.000112,1.4e-05,60,6
Kubernetes---kb_740_Normalized.json,Kubernetes---kb_740_Normalized.json::test_00000,valid,passed,True,True,correct_accept,80.1713,0.012761,0.012228,0.000218,127,127
Kubernetes---kb_740_Normalized.json,Kubernetes---kb_740_Normalized.json::test_00001,valid,passed,True,True,correct_accept,80.1713,0.009096,0.008728,0.000147,92,92
Kubernetes---kb_740_Normalized.json,Kubernetes---kb_740_Normalized.json::test_00002,invalid,passed,False,True,correct_reject,80.1713,0.008113,0.007839,0.000104,98,67
Kubernetes---kb_741_Normalized.json,Kubernetes---kb_741_Normalized.json::test_00000,valid,passed,True,True,correct_accept,91.5459,0.011212,0.01048,0.00045,133,133
Kubernetes---kb_741_Normalized.json,Kubernetes---kb_741_Normalized.json::test_00001,valid,passed,True,True,correct_accept,91.5459,0.007832,0.007539,0.000103,95,95
Kubernetes---kb_741_Normalized.json,Kubernetes---kb_741_Normalized.json::test_00002,invalid,passed,False,True,correct_reject,91.5459,8.6e-05,5.8e-05,1e-05,94,6
Kubernetes---kb_741_Normalized.json,Kubernetes---kb_741_Normalized.json::test_00003,invalid,passed,False,True,correct_reject,91.5459,0.004905,0.004688,8e-05,152,65
Kubernetes---kb_742_Normalized.json,Kubernetes---kb_742_Normalized.json::test_00000,valid,failed,False,True,over_constraint,79.6858,0.005143,0.004647,0.000367,58,44
Kubernetes---kb_742_Normalized.json,Kubernetes---kb_742_Normalized.json::test_00001,invalid,passed,False,True,correct_reject,79.6858,5.5e-05,3.7e-05,6e-06,66,2
Kubernetes---kb_742_Normalized.json,Kubernetes---kb_742_Normalized.json::test_00002,invalid,passed,False,True,correct_reject,79.6858,5.8e-05,4.1e-05,7e-06,59,2
Kubernetes---kb_743_Normalized.json,Kubernetes---kb_743_Normalized.json::test_00000,valid,failed,False,True,over_constraint,0.001385,0.005067,0.004859,9.6e-05,58,44
Kubernetes---kb_744_Normalized.json,Kubernetes---kb_744_Normalized.json::test_00000,valid,passed,True,True,correct_accept,1.34266,0.001031,0.000922,4.4e-05,23,23
Kubernetes---kb_744_Normalized.json,Kubernetes---kb_744_Normalized.json::test_00001,invalid,passed,False,True,correct_reject,1.34266,0.0001,7e-05,1e-05,22,5
Kubernetes---kb_745_Normalized.json,Kubernetes---kb_745_Normalized.json::test_00000,valid,passed,True,True,correct_accept,9.1e-05,0.000994,0.000885,4.7e-05,23,23
Kubernetes---kb_745_Normalized.json,Kubernetes---kb_745_Normalized.json::test_00001,invalid,passed,False,True,correct_reject,9.1e-05,0.000104,7.4e-05,8e-06,22,5
Kubernetes---kb_745_Normalized.json,Kubernetes---kb_745_Normalized.json::test_00002,invalid,passed,False,True,correct_reject,9.1e-05,0.000128,8.2e-05,9e-06,22,5
Kubernetes---kb_746_Normalized.json,Kubernetes---kb_746_Normalized.json::test_00000,valid,passed,True,True,correct_accept,2.25455,0.016449,0.016126,0.000129,71,71
Kubernetes---kb_746_Normalized.json,Kubernetes---kb_746_Normalized.json::test_00001,invalid,passed,False,True,correct_reject,2.25455,0.000326,0.000272,1.9e-05,74,9
Kubernetes---kb_746_Normalized.json,Kubernetes---kb_746_Normalized.json::test_00002,invalid,passed,False,True,correct_reject,2.25455,0.011649,0.011421,9e-05,50,50
Kubernetes---kb_746_Normalized.json,Kubernetes---kb_746_Normalized.json::test_00003,invalid,passed,False,True,correct_reject,2.25455,0.000447,0.000385,2.1e-05,74,12
Kubernetes---kb_746_Normalized.json,Kubernetes---kb_746_Normalized.json::test_00004,invalid,passed,False,True,correct_reject,2.25455,0.000468,0.000405,2.2e-05,78,12
Kubernetes---kb_746_Normalized.json,Kubernetes---kb_746_Normalized.json::test_00005,invalid,passed,False,True,correct_reject,2.25455,0.000328,0.000276,2e-05,79,9
Kubernetes---kb_746_Normalized.json,Kubernetes---kb_746_Normalized.json::test_00006,invalid,passed,False,True,correct_reject,2.25455,0.000448,0.000386,2.1e-05,29,12
Kubernetes---kb_747_Normalized.json,Kubernetes---kb_747_Normalized.json::test_00000,valid,passed,True,True,correct_accept,9.1e-05,0.016892,0.016563,0.000134,72,72
Kubernetes---kb_747_Normalized.json,Kubernetes---kb_747_Normalized.json::test_00001,invalid,passed,False,True,correct_reject,9.1e-05,0.000299,0.000252,1.9e-05,75,9
Kubernetes---kb_747_Normalized.json,Kubernetes---kb_747_Normalized.json::test_00002,invalid,passed,False,True,correct_reject,9.1e-05,0.01478,0.014522,9.9e-05,57,56
Kubernetes---kb_747_Normalized.json,Kubernetes---kb_747_Normalized.json::test_00003,invalid,passed,False,True,correct_reject,9.1e-05,0.000435,0.000376,2.2e-05,75,12
Kubernetes---kb_747_Normalized.json,Kubernetes---kb_747_Normalized.json::test_00004,valid,passed,True,True,correct_accept,9.1e-05,0.016375,0.016047,0.00013,72,72
Kubernetes---kb_747_Normalized.json,Kubernetes---kb_747_Normalized.json::test_00005,invalid,passed,False,True,correct_reject,9.1e-05,0.000324,0.000271,2.1e-05,77,9
Kubernetes---kb_747_Normalized.json,Kubernetes---kb_747_Normalized.json::test_00006,invalid,passed,False,True,correct_reject,9.1e-05,0.000324,0.000271,2e-05,75,9
Kubernetes---kb_748_Normalized.json,Kubernetes---kb_748_Normalized.json::test_00000,valid,passed,True,True,correct_accept,2.27766,0.016617,0.016295,0.000126,71,71
Kubernetes---kb_748_Normalized.json,Kubernetes---kb_748_Normalized.json::test_00001,invalid,passed,False,True,correct_reject,2.27766,0.000353,0.0003,1.9e-05,74,9
Kubernetes---kb_748_Normalized.json,Kubernetes---kb_748_Normalized.json::test_00002,invalid,passed,False,True,correct_reject,2.27766,0.015625,0.015364,0.000101,56,55
Kubernetes---kb_748_Normalized.json,Kubernetes---kb_748_Normalized.json::test_00003,invalid,passed,False,True,correct_reject,2.27766,0.000459,0.000398,2.2e-05,74,12
Kubernetes---kb_748_Normalized.json,Kubernetes---kb_748_Normalized.json::test_00004,invalid,passed,False,True,correct_reject,2.27766,0.000132,9.7e-05,1.3e-05,71,6
Kubernetes---kb_748_Normalized.json,Kubernetes---kb_748_Normalized.json::test_00005,invalid,passed,False,True,correct_reject,2.27766,0.000461,0.000396,2.4e-05,80,12
Kubernetes---kb_749_Normalized.json,Kubernetes---kb_749_Normalized.json::test_00000,valid,passed,True,True,correct_accept,0.000126,0.016554,0.016226,0.000134,72,72
Kubernetes---kb_749_Normalized.json,Kubernetes---kb_749_Normalized.json::test_00001,invalid,passed,False,True,correct_reject,0.000126,0.000133,9.3e-05,1.6e-05,69,6
Kubernetes---kb_749_Normalized.json,Kubernetes---kb_749_Normalized.json::test_00002,invalid,passed,False,True,correct_reject,0.000126,0.015883,0.015623,0.000104,57,55
Kubernetes---kb_749_Normalized.json,Kubernetes---kb_749_Normalized.json::test_00003,invalid,passed,False,True,correct_reject,0.000126,0.000461,0.000398,2.4e-05,75,12
Kubernetes---kb_749_Normalized.json,Kubernetes---kb_749_Normalized.json::test_00004,valid,passed,True,True,correct_accept,0.000126,0.015674,0.01537,0.000114,68,68
Kubernetes---kb_749_Normalized.json,Kubernetes---kb_749_Normalized.json::test_00005,invalid,passed,False,True,correct_reject,0.000126,0.000139,0.0001,1.5e-05,68,6
Kubernetes---kb_750_Normalized.json,Kubernetes---kb_750_Normalized.json::test_00000,valid,failed,False,True,over_constraint,4.07014,0.000639,0.000528,3.9e-05,137,27
Kubernetes---kb_750_Normalized.json,Kubernetes---kb_750_Normalized.json::test_00001,invalid,passed,False,True,correct_reject,4.07014,0.000122,8.5e-05,1.6e-05,81,4
Kubernetes---kb_750_Normalized.json,Kubernetes---kb_750_Normalized.json::test_00002,valid,passed,True,True,correct_accept,4.07014,0.014022,0.013397,0.000204,185,185
Kubernetes---kb_750_Normalized.json,Kubernetes---kb_750_Normalized.json::test_00003,invalid,passed,False,True,correct_reject,4.07014,0.004832,0.004605,8.3e-05,180,60
Kubernetes---kb_751_Normalized.json,Kubernetes---kb_751_Normalized.json::test_00000,valid,passed,True,True,correct_accept,0.000168,0.014375,0.013733,0.000234,170,170
Kubernetes---kb_751_Normalized.json,Kubernetes---kb_751_Normalized.json::test_00001,valid,passed,True,True,correct_accept,0.000168,0.014805,0.01411,0.00026,167,167
Kubernetes---kb_752_Normalized.json,Kubernetes---kb_752_Normalized.json::test_00000,valid,passed,True,True,correct_accept,1.07016,0.005591,0.005495,3.2e-05,26,26
Kubernetes---kb_752_Normalized.json,Kubernetes---kb_752_Normalized.json::test_00001,invalid,passed,False,True,correct_reject,1.07016,9e-05,6.2e-05,9e-06,25,6
Kubernetes---kb_752_Normalized.json,Kubernetes---kb_752_Normalized.json::test_00002,invalid,passed,False,True,correct_reject,1.07016,0.002497,0.002447,1.5e-05,13,13
Kubernetes---kb_752_Normalized.json,Kubernetes---kb_752_Normalized.json::test_00003,invalid,passed,False,True,correct_reject,1.07016,0.005174,0.005098,2.4e-05,23,19
Kubernetes---kb_752_Normalized.json,Kubernetes---kb_752_Normalized.json::test_00004,valid,passed,True,True,correct_accept,1.07016,0.005048,0.004965,2.6e-05,26,26
Kubernetes---kb_752_Normalized.json,Kubernetes---kb_752_Normalized.json::test_00005,invalid,passed,False,True,correct_reject,1.07016,0.000426,0.000376,1.6e-05,25,13
Kubernetes---kb_752_Normalized.json,Kubernetes---kb_752_Normalized.json::test_00006,invalid,passed,False,True,correct_reject,1.07016,9.7e-05,6.7e-05,1e-05,23,6
Kubernetes---kb_753_Normalized.json,Kubernetes---kb_753_Normalized.json::test_00000,valid,failed,False,True,over_constraint,7.1e-05,0.000401,0.000355,1.4e-05,26,13
Kubernetes---kb_753_Normalized.json,Kubernetes---kb_753_Normalized.json::test_00001,invalid,passed,False,True,correct_reject,7.1e-05,0.0004,0.000354,1.4e-05,25,13
Kubernetes---kb_753_Normalized.json,Kubernetes---kb_753_Normalized.json::test_00002,invalid,passed,False,True,correct_reject,7.1e-05,8.5e-05,5.8e-05,8e-06,23,6
Kubernetes---kb_753_Normalized.json,Kubernetes---kb_753_Normalized.json::test_00003,valid,passed,True,True,correct_accept,7.1e-05,0.004937,0.004844,2.6e-05,26,26
Kubernetes---kb_754_Normalized.json,Kubernetes---kb_754_Normalized.json::test_00000,valid,passed,True,True,correct_accept,0.976497,0.000555,0.000483,2.6e-05,15,15
Kubernetes---kb_754_Normalized.json,Kubernetes---kb_754_Normalized.json::test_00001,invalid,passed,False,True,correct_reject,0.976497,9.1e-05,6.5e-05,1e-05,15,6
Kubernetes---kb_754_Normalized.json,Kubernetes---kb_754_Normalized.json::test_00002,valid,passed,True,True,correct_accept,0.976497,0.000803,0.000713,3.3e-05,18,18
Kubernetes---kb_754_Normalized.json,Kubernetes---kb_754_Normalized.json::test_00003,invalid,passed,False,True,correct_reject,0.976497,0.000108,7.7e-05,1.3e-05,14,5
Kubernetes---kb_754_Normalized.json,Kubernetes---kb_754_Normalized.json::test_00004,invalid,passed,False,True,correct_reject,0.976497,0.000127,9.1e-05,1.5e-05,18,6
Kubernetes---kb_755_Normalized.json,Kubernetes---kb_755_Normalized.json::test_00000,valid,passed,True,True,correct_accept,5.5e-05,0.000533,0.000473,1.9e-05,20,20
Kubernetes---kb_755_Normalized.json,Kubernetes---kb_755_Normalized.json::test_00001,invalid,passed,False,True,correct_reject,5.5e-05,0.000148,0.000107,1.7e-05,20,6
Kubernetes---kb_755_Normalized.json,Kubernetes---kb_755_Normalized.json::test_00002,invalid,passed,False,True,correct_reject,5.5e-05,0.000111,7.7e-05,1.4e-05,16,5
Kubernetes---kb_756_Normalized.json,Kubernetes---kb_756_Normalized.json::test_00000,valid,passed,True,True,correct_accept,1.72904,0.000809,0.000695,2.2e-05,51,51
Kubernetes---kb_756_Normalized.json,Kubernetes---kb_756_Normalized.json::test_00001,invalid,passed,False,True,correct_reject,1.72904,0.000881,0.000752,3.2e-05,52,49
Kubernetes---kb_756_Normalized.json,Kubernetes---kb_756_Normalized.json::test_00002,invalid,passed,False,True,correct_reject,1.72904,0.001461,0.001251,8.7e-05,51,49
Kubernetes---kb_756_Normalized.json,Kubernetes---kb_756_Normalized.json::test_00003,valid,passed,True,True,correct_accept,1.72904,0.000931,0.000794,3e-05,51,51
Kubernetes---kb_757_Normalized.json,Kubernetes---kb_757_Normalized.json::test_00000,valid,passed,True,True,correct_accept,7.9e-05,0.00274,0.002428,0.000109,82,82
Kubernetes---kb_757_Normalized.json,Kubernetes---kb_757_Normalized.json::test_00001,invalid,passed,False,True,correct_reject,7.9e-05,0.001662,0.00144,5.9e-05,82,80
Kubernetes---kb_757_Normalized.json,Kubernetes---kb_757_Normalized.json::test_00002,invalid,passed,False,True,correct_reject,7.9e-05,0.001598,0.00138,5.4e-05,83,80
Kubernetes---kb_757_Normalized.json,Kubernetes---kb_757_Normalized.json::test_00003,invalid,passed,False,True,correct_reject,7.9e-05,0.001575,0.001359,5.5e-05,82,80
Kubernetes---kb_757_Normalized.json,Kubernetes---kb_757_Normalized.json::test_00004,valid,passed,True,True,correct_accept,7.9e-05,0.001343,0.001166,5.4e-05,60,60
Kubernetes---kb_757_Normalized.json,Kubernetes---kb_757_Normalized.json::test_00005,invalid,passed,False,True,correct_reject,7.9e-05,0.001176,0.001014,4.2e-05,60,58
Kubernetes---kb_758_Normalized.json,Kubernetes---kb_758_Normalized.json::test_00000,valid,failed,False,True,over_constraint,7.11943,8.7e-05,5.4e-05,1e-05,95,12
Kubernetes---kb_758_Normalized.json,Kubernetes---kb_758_Normalized.json::test_00001,invalid,passed,False,True,correct_reject,7.11943,8.8e-05,5.4e-05,1e-05,102,12
Kubernetes---kb_758_Normalized.json,Kubernetes---kb_758_Normalized.json::test_00002,invalid,passed,False,True,correct_reject,7.11943,6.5e-05,4.3e-05,9e-06,88,6
Kubernetes---kb_758_Normalized.json,Kubernetes---kb_758_Normalized.json::test_00003,invalid,passed,False,True,correct_reject,7.11943,8.7e-05,5.5e-05,1.1e-05,103,12
Kubernetes---kb_758_Normalized.json,Kubernetes---kb_758_Normalized.json::test_00004,invalid,passed,False,True,correct_reject,7.11943,8.4e-05,5.2e-05,1e-05,103,12
Kubernetes---kb_758_Normalized.json,Kubernetes---kb_758_Normalized.json::test_00005,invalid,passed,False,True,correct_reject,7.11943,8.9e-05,5.5e-05,1e-05,93,12
Kubernetes---kb_758_Normalized.json,Kubernetes---kb_758_Normalized.json::test_00006,invalid,passed,False,True,correct_reject,7.11943,8.8e-05,5.5e-05,1.1e-05,95,12
Kubernetes---kb_758_Normalized.json,Kubernetes---kb_758_Normalized.json::test_00007,valid,failed,False,True,over_constraint,7.11943,8.5e-05,5.4e-05,1.1e-05,96,12
Kubernetes---kb_758_Normalized.json,Kubernetes---kb_758_Normalized.json::test_00008,invalid,passed,False,True,correct_reject,7.11943,9.4e-05,5.6e-05,1e-05,97,12
Kubernetes---kb_758_Normalized.json,Kubernetes---kb_758_Normalized.json::test_00009,invalid,passed,False,True,correct_reject,7.11943,0.00012,7.2e-05,1.7e-05,124,12
Kubernetes---kb_759_Normalized.json,Kubernetes---kb_759_Normalized.json::test_00000,valid,failed,False,True,over_constraint,6.60004,9.9e-05,5.9e-05,1.2e-05,101,12
Kubernetes---kb_759_Normalized.json,Kubernetes---kb_759_Normalized.json::test_00001,invalid,passed,False,True,correct_reject,6.60004,8.6e-05,5.4e-05,9e-06,130,12
Kubernetes---kb_759_Normalized.json,Kubernetes---kb_759_Normalized.json::test_00002,invalid,passed,False,True,correct_reject,6.60004,8.7e-05,6.1e-05,1e-05,92,6
Kubernetes---kb_759_Normalized.json,Kubernetes---kb_759_Normalized.json::test_00003,invalid,passed,False,True,correct_reject,6.60004,0.000154,9.2e-05,2.2e-05,108,12
Kubernetes---kb_759_Normalized.json,Kubernetes---kb_759_Normalized.json::test_00004,invalid,passed,False,True,correct_reject,6.60004,0.00011,6.9e-05,1.3e-05,101,12
Kubernetes---kb_75_Normalized.json,Kubernetes---kb_75_Normalized.json::test_00000,valid,passed,True,True,correct_accept,1.31883,0.014024,0.013785,5.7e-05,97,97
Kubernetes---kb_75_Normalized.json,Kubernetes---kb_75_Normalized.json::test_00001,valid,passed,True,True,correct_accept,1.31883,0.007017,0.006866,3.4e-05,61,61
Kubernetes---kb_75_Normalized.json,Kubernetes---kb_75_Normalized.json::test_00002,invalid,passed,False,True,correct_reject,1.31883,8.5e-05,6.3e-05,1e-05,52,5
Kubernetes---kb_75_Normalized.json,Kubernetes---kb_75_Normalized.json::test_00003,invalid,passed,False,True,correct_reject,1.31883,0.000506,0.000435,2.4e-05,67,24
Kubernetes---kb_760_Normalized.json,Kubernetes---kb_760_Normalized.json::test_00000,valid,failed,False,True,over_constraint,6.99334,0.000106,7e-05,1.1e-05,418,12
Kubernetes---kb_760_Normalized.json,Kubernetes---kb_760_Normalized.json::test_00001,invalid,passed,False,True,correct_reject,6.99334,8.5e-05,5.3e-05,9e-06,418,12
Kubernetes---kb_760_Normalized.json,Kubernetes---kb_760_Normalized.json::test_00002,invalid,passed,False,True,correct_reject,6.99334,8.5e-05,5.2e-05,1e-05,418,12
Kubernetes---kb_760_Normalized.json,Kubernetes---kb_760_Normalized.json::test_00003,invalid,passed,False,True,correct_reject,6.99334,8.9e-05,5.5e-05,1e-05,420,12
Kubernetes---kb_760_Normalized.json,Kubernetes---kb_760_Normalized.json::test_00004,invalid,passed,False,True,correct_reject,6.99334,8.5e-05,5.3e-05,9e-06,420,12
Kubernetes---kb_760_Normalized.json,Kubernetes---kb_760_Normalized.json::test_00005,valid,failed,False,True,over_constraint,6.99334,0.000135,8.3e-05,2.1e-05,202,12
Kubernetes---kb_760_Normalized.json,Kubernetes---kb_760_Normalized.json::test_00006,invalid,passed,False,True,correct_reject,6.99334,8.5e-05,5.3e-05,1e-05,205,12
Kubernetes---kb_760_Normalized.json,Kubernetes---kb_760_Normalized.json::test_00007,invalid,passed,False,True,correct_reject,6.99334,0.000267,0.000163,4.5e-05,200,12
Kubernetes---kb_760_Normalized.json,Kubernetes---kb_760_Normalized.json::test_00008,invalid,passed,False,True,correct_reject,6.99334,8.6e-05,5.3e-05,1e-05,217,12
Kubernetes---kb_761_Normalized.json,Kubernetes---kb_761_Normalized.json::test_00000,valid,failed,False,True,over_constraint,6.06597,0.017193,0.016674,0.000164,308,178
Kubernetes---kb_761_Normalized.json,Kubernetes---kb_761_Normalized.json::test_00001,invalid,passed,False,True,correct_reject,6.06597,0.010335,0.010131,6.5e-05,315,66
Kubernetes---kb_761_Normalized.json,Kubernetes---kb_761_Normalized.json::test_00002,invalid,passed,False,True,correct_reject,6.06597,0.024111,0.023296,0.000354,308,178
Kubernetes---kb_761_Normalized.json,Kubernetes---kb_761_Normalized.json::test_00003,invalid,passed,False,True,correct_reject,6.06597,0.022321,0.021565,0.0003,358,178
Kubernetes---kb_761_Normalized.json,Kubernetes---kb_761_Normalized.json::test_00004,invalid,passed,False,True,correct_reject,6.06597,0.011061,0.010837,7.8e-05,319,65
Kubernetes---kb_761_Normalized.json,Kubernetes---kb_761_Normalized.json::test_00005,invalid,passed,False,True,correct_reject,6.06597,0.016473,0.01595,0.000161,357,178
Kubernetes---kb_761_Normalized.json,Kubernetes---kb_761_Normalized.json::test_00006,valid,passed,True,True,correct_accept,6.06597,0.018295,0.017943,0.000141,86,86
Kubernetes---kb_761_Normalized.json,Kubernetes---kb_761_Normalized.json::test_00007,invalid,passed,False,True,correct_reject,6.06597,0.00799,0.007817,5.3e-05,86,56
Kubernetes---kb_761_Normalized.json,Kubernetes---kb_761_Normalized.json::test_00008,invalid,passed,False,True,correct_reject,6.06597,0.005723,0.005591,4.9e-05,88,36
Kubernetes---kb_762_Normalized.json,Kubernetes---kb_762_Normalized.json::test_00000,valid,failed,False,True,over_constraint,9.28854,0.000117,7.3e-05,1.4e-05,333,12
Kubernetes---kb_762_Normalized.json,Kubernetes---kb_762_Normalized.json::test_00001,invalid,passed,False,True,correct_reject,9.28854,0.000148,0.000102,1.7e-05,467,12
Kubernetes---kb_762_Normalized.json,Kubernetes---kb_762_Normalized.json::test_00002,invalid,passed,False,True,correct_reject,9.28854,0.000128,7.9e-05,1.5e-05,200,12
Kubernetes---kb_762_Normalized.json,Kubernetes---kb_762_Normalized.json::test_00003,invalid,passed,False,True,correct_reject,9.28854,0.000125,7.6e-05,1.5e-05,464,12
Kubernetes---kb_762_Normalized.json,Kubernetes---kb_762_Normalized.json::test_00004,invalid,passed,False,True,correct_reject,9.28854,0.000134,8.3e-05,1.6e-05,147,12
Kubernetes---kb_762_Normalized.json,Kubernetes---kb_762_Normalized.json::test_00005,valid,failed,False,True,over_constraint,9.28854,0.000147,9e-05,1.9e-05,354,12
Kubernetes---kb_762_Normalized.json,Kubernetes---kb_762_Normalized.json::test_00006,invalid,passed,False,True,correct_reject,9.28854,0.000136,8.5e-05,1.9e-05,356,12
Kubernetes---kb_763_Normalized.json,Kubernetes---kb_763_Normalized.json::test_00000,valid,failed,False,True,over_constraint,11.0059,0.00012,7.7e-05,1.4e-05,353,12
Kubernetes---kb_763_Normalized.json,Kubernetes---kb_763_Normalized.json::test_00001,invalid,passed,False,True,correct_reject,11.0059,0.000114,7e-05,1.3e-05,354,12
Kubernetes---kb_763_Normalized.json,Kubernetes---kb_763_Normalized.json::test_00002,invalid,passed,False,True,correct_reject,11.0059,0.00015,9.2e-05,2.2e-05,212,12
Kubernetes---kb_763_Normalized.json,Kubernetes---kb_763_Normalized.json::test_00003,invalid,passed,False,True,correct_reject,11.0059,8e-05,5.3e-05,1.1e-05,343,5
Kubernetes---kb_763_Normalized.json,Kubernetes---kb_763_Normalized.json::test_00004,valid,failed,False,True,over_constraint,11.0059,0.00012,7.6e-05,1.5e-05,342,12
Kubernetes---kb_763_Normalized.json,Kubernetes---kb_763_Normalized.json::test_00005,invalid,passed,False,True,correct_reject,11.0059,0.000189,0.000119,2.8e-05,479,12
Kubernetes---kb_764_Normalized.json,Kubernetes---kb_764_Normalized.json::test_00000,valid,failed,False,True,over_constraint,9.4602,0.000128,7.7e-05,1.9e-05,333,12
Kubernetes---kb_764_Normalized.json,Kubernetes---kb_764_Normalized.json::test_00001,invalid,passed,False,True,correct_reject,9.4602,0.000129,7.6e-05,1.8e-05,332,12
Kubernetes---kb_764_Normalized.json,Kubernetes---kb_764_Normalized.json::test_00002,invalid,passed,False,True,correct_reject,9.4602,0.00013,7.9e-05,1.9e-05,202,12
Kubernetes---kb_764_Normalized.json,Kubernetes---kb_764_Normalized.json::test_00003,invalid,passed,False,True,correct_reject,9.4602,8.9e-05,5.5e-05,1e-05,331,12
Kubernetes---kb_764_Normalized.json,Kubernetes---kb_764_Normalized.json::test_00004,valid,failed,False,True,over_constraint,9.4602,8.6e-05,5.3e-05,8e-06,356,12
Kubernetes---kb_764_Normalized.json,Kubernetes---kb_764_Normalized.json::test_00005,invalid,passed,False,True,correct_reject,9.4602,0.000167,0.000101,2.4e-05,357,12
Kubernetes---kb_765_Normalized.json,Kubernetes---kb_765_Normalized.json::test_00000,valid,passed,True,True,correct_accept,6.81151,0.048387,0.047232,0.000381,365,365
Kubernetes---kb_765_Normalized.json,Kubernetes---kb_765_Normalized.json::test_00001,invalid,passed,False,True,correct_reject,6.81151,0.066014,0.064559,0.000469,513,461
Kubernetes---kb_765_Normalized.json,Kubernetes---kb_765_Normalized.json::test_00002,invalid,passed,False,True,correct_reject,6.81151,0.024635,0.024103,0.000186,218,166
Kubernetes---kb_765_Normalized.json,Kubernetes---kb_765_Normalized.json::test_00003,invalid,passed,False,True,correct_reject,6.81151,0.069627,0.067693,0.000854,363,321
Kubernetes---kb_765_Normalized.json,Kubernetes---kb_765_Normalized.json::test_00004,valid,passed,True,True,correct_accept,6.81151,0.045497,0.044263,0.000428,356,356
Kubernetes---kb_765_Normalized.json,Kubernetes---kb_765_Normalized.json::test_00005,invalid,passed,False,True,correct_reject,6.81151,0.034096,0.033333,0.000284,359,205
Kubernetes---kb_766_Normalized.json,Kubernetes---kb_766_Normalized.json::test_00000,valid,failed,False,True,over_constraint,12.3202,0.000152,9.2e-05,1.6e-05,105,15
Kubernetes---kb_766_Normalized.json,Kubernetes---kb_766_Normalized.json::test_00001,valid,failed,False,True,over_constraint,12.3202,0.000174,0.000111,2.2e-05,160,15
Kubernetes---kb_767_Normalized.json,Kubernetes---kb_767_Normalized.json::test_00000,valid,passed,True,True,correct_accept,11.8633,0.012225,0.011663,0.000203,164,164
Kubernetes---kb_767_Normalized.json,Kubernetes---kb_767_Normalized.json::test_00001,valid,passed,True,True,correct_accept,11.8633,0.011756,0.011185,0.000198,165,165
Kubernetes---kb_767_Normalized.json,Kubernetes---kb_767_Normalized.json::test_00002,invalid,passed,False,True,correct_reject,11.8633,0.003961,0.003652,0.000132,136,56
Kubernetes---kb_768_Normalized.json,Kubernetes---kb_768_Normalized.json::test_00000,valid,passed,True,True,correct_accept,1.71872,0.002639,0.002421,8e-05,49,49
Kubernetes---kb_768_Normalized.json,Kubernetes---kb_768_Normalized.json::test_00001,invalid,passed,False,True,correct_reject,1.71872,0.000802,0.000739,1.1e-05,44,25
Kubernetes---kb_768_Normalized.json,Kubernetes---kb_768_Normalized.json::test_00002,valid,passed,True,True,correct_accept,1.71872,0.00148,0.001347,3.3e-05,51,51
Kubernetes---kb_768_Normalized.json,Kubernetes---kb_768_Normalized.json::test_00003,invalid,passed,False,True,correct_reject,1.71872,0.000782,0.000721,1.1e-05,47,25
Kubernetes---kb_768_Normalized.json,Kubernetes---kb_768_Normalized.json::test_00004,invalid,passed,False,True,correct_reject,1.71872,0.002281,0.002122,5.9e-05,48,47
Kubernetes---kb_769_Normalized.json,Kubernetes---kb_769_Normalized.json::test_00000,valid,passed,True,True,correct_accept,5.5e-05,0.001555,0.001411,4.2e-05,51,51
Kubernetes---kb_769_Normalized.json,Kubernetes---kb_769_Normalized.json::test_00001,invalid,passed,False,True,correct_reject,5.5e-05,0.001508,0.001403,3.4e-05,47,25
Kubernetes---kb_76_Normalized.json,Kubernetes---kb_76_Normalized.json::test_00000,valid,passed,True,True,correct_accept,6.5e-05,0.007869,0.007708,4.6e-05,55,55
Kubernetes---kb_76_Normalized.json,Kubernetes---kb_76_Normalized.json::test_00001,valid,passed,True,True,correct_accept,6.5e-05,0.007165,0.007002,3.5e-05,69,69
Kubernetes---kb_76_Normalized.json,Kubernetes---kb_76_Normalized.json::test_00002,invalid,passed,False,True,correct_reject,6.5e-05,0.000108,7.6e-05,1.4e-05,52,5
Kubernetes---kb_770_Normalized.json,Kubernetes---kb_770_Normalized.json::test_00000,valid,failed,False,True,over_constraint,10.1743,0.000133,8.1e-05,1.4e-05,140,15
Kubernetes---kb_770_Normalized.json,Kubernetes---kb_770_Normalized.json::test_00001,invalid,passed,False,True,correct_reject,10.1743,0.000107,6.2e-05,1e-05,143,15
Kubernetes---kb_770_Normalized.json,Kubernetes---kb_770_Normalized.json::test_00002,invalid,passed,False,True,correct_reject,10.1743,0.000121,7.5e-05,1.3e-05,121,15
Kubernetes---kb_770_Normalized.json,Kubernetes---kb_770_Normalized.json::test_00003,invalid,passed,False,True,correct_reject,10.1743,0.000116,6.7e-05,1.2e-05,184,15
Kubernetes---kb_771_Normalized.json,Kubernetes---kb_771_Normalized.json::test_00000,valid,passed,True,True,correct_accept,9.63968,0.009482,0.009141,6.8e-05,159,159
Kubernetes---kb_771_Normalized.json,Kubernetes---kb_771_Normalized.json::test_00001,invalid,passed,False,True,correct_reject,9.63968,0.006971,0.006673,8.4e-05,162,111
Kubernetes---kb_771_Normalized.json,Kubernetes---kb_771_Normalized.json::test_00002,invalid,passed,False,True,correct_reject,9.63968,0.003991,0.003806,4.3e-05,140,80
Kubernetes---kb_771_Normalized.json,Kubernetes---kb_771_Normalized.json::test_00003,invalid,passed,False,True,correct_reject,9.63968,0.01012,0.009798,7.5e-05,164,118
Kubernetes---kb_771_Normalized.json,Kubernetes---kb_771_Normalized.json::test_00004,valid,passed,True,True,correct_accept,9.63968,0.009235,0.008922,6.8e-05,140,140
Kubernetes---kb_772_Normalized.json,Kubernetes---kb_772_Normalized.json::test_00000,valid,passed,True,True,correct_accept,0.840561,0.000252,0.000219,1.1e-05,8,8
Kubernetes---kb_772_Normalized.json,Kubernetes---kb_772_Normalized.json::test_00001,invalid,passed,False,True,correct_reject,0.840561,8.2e-05,5.9e-05,7e-06,6,5
Kubernetes---kb_773_Normalized.json,Kubernetes---kb_773_Normalized.json::test_00000,valid,passed,True,True,correct_accept,5.4e-05,0.00028,0.000242,1.4e-05,8,8
Kubernetes---kb_773_Normalized.json,Kubernetes---kb_773_Normalized.json::test_00001,invalid,passed,False,True,correct_reject,5.4e-05,9.5e-05,6.8e-05,7e-06,6,5
Kubernetes---kb_774_Normalized.json,Kubernetes---kb_774_Normalized.json::test_00000,valid,failed,False,True,over_constraint,2.49577,0.000216,0.000179,1.4e-05,54,6
Kubernetes---kb_774_Normalized.json,Kubernetes---kb_774_Normalized.json::test_00001,valid,passed,True,True,correct_accept,2.49577,0.005984,0.005813,4.9e-05,54,54
Kubernetes---kb_774_Normalized.json,Kubernetes---kb_774_Normalized.json::test_00002,invalid,passed,False,True,correct_reject,2.49577,7e-05,4.3e-05,1.4e-05,58,4
Kubernetes---kb_775_Normalized.json,Kubernetes---kb_775_Normalized.json::test_00000,valid,failed,False,True,over_constraint,8.8e-05,0.000178,0.000148,1.2e-05,54,6
Kubernetes---kb_775_Normalized.json,Kubernetes---kb_775_Normalized.json::test_00001,invalid,passed,False,True,correct_reject,8.8e-05,9.9e-05,7.1e-05,8e-06,54,5
Kubernetes---kb_775_Normalized.json,Kubernetes---kb_775_Normalized.json::test_00002,valid,passed,True,True,correct_accept,8.8e-05,0.006497,0.00632,5.1e-05,54,54
Kubernetes---kb_776_Normalized.json,Kubernetes---kb_776_Normalized.json::test_00000,valid,passed,True,True,correct_accept,2.05007,0.002515,0.002314,6.7e-05,52,52
Kubernetes---kb_776_Normalized.json,Kubernetes---kb_776_Normalized.json::test_00001,invalid,passed,False,True,correct_reject,2.05007,9.7e-05,6.4e-05,1.5e-05,6,4
Kubernetes---kb_776_Normalized.json,Kubernetes---kb_776_Normalized.json::test_00002,valid,passed,True,True,correct_accept,2.05007,0.008095,0.007515,0.000255,103,103
Kubernetes---kb_777_Normalized.json,Kubernetes---kb_777_Normalized.json::test_00000,valid,passed,True,True,correct_accept,7.8e-05,0.004723,0.004373,0.000118,109,109
Kubernetes---kb_777_Normalized.json,Kubernetes---kb_777_Normalized.json::test_00001,invalid,passed,False,True,correct_reject,7.8e-05,8.5e-05,5.4e-05,1.2e-05,6,4
Kubernetes---kb_777_Normalized.json,Kubernetes---kb_777_Normalized.json::test_00002,valid,passed,True,True,correct_accept,7.8e-05,0.005638,0.005202,0.000167,102,102
Kubernetes---kb_777_Normalized.json,Kubernetes---kb_777_Normalized.json::test_00003,invalid,passed,False,True,correct_reject,7.8e-05,9.8e-05,6.4e-05,1.4e-05,7,4
Kubernetes---kb_777_Normalized.json,Kubernetes---kb_777_Normalized.json::test_00004,invalid,passed,False,True,correct_reject,7.8e-05,0.000142,9.6e-05,1.6e-05,93,10
Kubernetes---kb_778_Normalized.json,Kubernetes---kb_778_Normalized.json::test_00000,valid,passed,True,True,correct_accept,5.10703,0.00126,0.001094,5.3e-05,57,57
Kubernetes---kb_778_Normalized.json,Kubernetes---kb_778_Normalized.json::test_00001,valid,passed,True,True,correct_accept,5.10703,0.001396,0.001221,5.7e-05,58,58
Kubernetes---kb_778_Normalized.json,Kubernetes---kb_778_Normalized.json::test_00002,invalid,passed,False,True,correct_reject,5.10703,8.8e-05,6.2e-05,1.1e-05,65,4
Kubernetes---kb_779_Normalized.json,Kubernetes---kb_779_Normalized.json::test_00000,valid,passed,True,True,correct_accept,0.000108,0.001379,0.001209,5.6e-05,59,59
Kubernetes---kb_779_Normalized.json,Kubernetes---kb_779_Normalized.json::test_00001,valid,passed,True,True,correct_accept,0.000108,0.001338,0.001169,5.5e-05,58,58
Kubernetes---kb_779_Normalized.json,Kubernetes---kb_779_Normalized.json::test_00002,invalid,passed,False,True,correct_reject,0.000108,0.000349,0.000295,1.9e-05,58,12
Kubernetes---kb_779_Normalized.json,Kubernetes---kb_779_Normalized.json::test_00003,invalid,passed,False,True,correct_reject,0.000108,0.000681,0.000602,2.6e-05,59,22
Kubernetes---kb_77_Normalized.json,Kubernetes---kb_77_Normalized.json::test_00000,valid,passed,True,True,correct_accept,1.68847,0.010524,0.010333,6.3e-05,53,53
Kubernetes---kb_77_Normalized.json,Kubernetes---kb_77_Normalized.json::test_00001,invalid,passed,False,True,correct_reject,1.68847,0.000129,8.8e-05,1.6e-05,52,6
Kubernetes---kb_77_Normalized.json,Kubernetes---kb_77_Normalized.json::test_00002,invalid,passed,False,True,correct_reject,1.68847,0.005419,0.005339,2.6e-05,53,22
Kubernetes---kb_77_Normalized.json,Kubernetes---kb_77_Normalized.json::test_00003,invalid,passed,False,True,correct_reject,1.68847,9.9e-05,7e-05,1e-05,48,6
Kubernetes---kb_780_Normalized.json,Kubernetes---kb_780_Normalized.json::test_00000,valid,passed,True,True,correct_accept,4.92681,0.015482,0.01498,0.000137,175,175
Kubernetes---kb_780_Normalized.json,Kubernetes---kb_780_Normalized.json::test_00001,valid,passed,True,True,correct_accept,4.92681,0.015615,0.015133,0.000125,175,175
Kubernetes---kb_780_Normalized.json,Kubernetes---kb_780_Normalized.json::test_00002,invalid,passed,False,True,correct_reject,4.92681,7.2e-05,4.4e-05,1.2e-05,175,5
Kubernetes---kb_780_Normalized.json,Kubernetes---kb_780_Normalized.json::test_00003,invalid,passed,False,True,correct_reject,4.92681,6.9e-05,4.4e-05,1.1e-05,175,5
Kubernetes---kb_780_Normalized.json,Kubernetes---kb_780_Normalized.json::test_00004,invalid,passed,False,True,correct_reject,4.92681,0.004337,0.004205,5.8e-05,235,24
Kubernetes---kb_780_Normalized.json,Kubernetes---kb_780_Normalized.json::test_00005,invalid,passed,False,True,correct_reject,4.92681,0.008508,0.008174,0.000122,207,83
Kubernetes---kb_781_Normalized.json,Kubernetes---kb_781_Normalized.json::test_00000,valid,passed,True,True,correct_accept,0.000164,0.014152,0.01373,9e-05,178,178
Kubernetes---kb_781_Normalized.json,Kubernetes---kb_781_Normalized.json::test_00001,valid,passed,True,True,correct_accept,0.000164,0.01423,0.013606,0.000204,178,178
Kubernetes---kb_781_Normalized.json,Kubernetes---kb_781_Normalized.json::test_00002,invalid,passed,False,True,correct_reject,0.000164,7.9e-05,4.9e-05,1.3e-05,177,5
Kubernetes---kb_781_Normalized.json,Kubernetes---kb_781_Normalized.json::test_00003,invalid,passed,False,True,correct_reject,0.000164,0.008401,0.008128,7.9e-05,203,104
Kubernetes---kb_784_Normalized.json,Kubernetes---kb_784_Normalized.json::test_00000,valid,passed,True,True,correct_accept,1.47836,0.000316,0.000266,1.1e-05,21,21
Kubernetes---kb_784_Normalized.json,Kubernetes---kb_784_Normalized.json::test_00001,invalid,passed,False,True,correct_reject,1.47836,7.3e-05,5.1e-05,8e-06,21,5
Kubernetes---kb_784_Normalized.json,Kubernetes---kb_784_Normalized.json::test_00002,valid,passed,True,True,correct_accept,1.47836,0.000372,0.0003,2.4e-05,21,21
Kubernetes---kb_785_Normalized.json,Kubernetes---kb_785_Normalized.json::test_00000,valid,passed,True,True,correct_accept,4.8e-05,0.000347,0.000295,1.1e-05,21,21
Kubernetes---kb_785_Normalized.json,Kubernetes---kb_785_Normalized.json::test_00001,invalid,passed,False,True,correct_reject,4.8e-05,6.9e-05,4.7e-05,7e-06,21,5
Kubernetes---kb_785_Normalized.json,Kubernetes---kb_785_Normalized.json::test_00002,invalid,passed,False,True,correct_reject,4.8e-05,6.9e-05,4.9e-05,7e-06,21,5
Kubernetes---kb_785_Normalized.json,Kubernetes---kb_785_Normalized.json::test_00003,valid,passed,True,True,correct_accept,4.8e-05,0.00037,0.000314,1.2e-05,21,21
Kubernetes---kb_786_Normalized.json,Kubernetes---kb_786_Normalized.json::test_00000,valid,failed,False,True,over_constraint,1.19476,0.000785,0.000713,2.4e-05,50,23
Kubernetes---kb_786_Normalized.json,Kubernetes---kb_786_Normalized.json::test_00001,invalid,passed,False,True,correct_reject,1.19476,0.00091,0.000828,3e-05,47,23
Kubernetes---kb_786_Normalized.json,Kubernetes---kb_786_Normalized.json::test_00002,invalid,passed,False,True,correct_reject,1.19476,0.001761,0.001617,6.3e-05,49,23
Kubernetes---kb_786_Normalized.json,Kubernetes---kb_786_Normalized.json::test_00003,invalid,passed,False,True,correct_reject,1.19476,0.00089,0.000798,4e-05,50,23
Kubernetes---kb_786_Normalized.json,Kubernetes---kb_786_Normalized.json::test_00004,invalid,passed,False,True,correct_reject,1.19476,0.00053,0.000476,1.5e-05,46,18
Kubernetes---kb_786_Normalized.json,Kubernetes---kb_786_Normalized.json::test_00005,valid,passed,True,True,correct_accept,1.19476,0.004565,0.004438,2.9e-05,50,50
Kubernetes---kb_787_Normalized.json,Kubernetes---kb_787_Normalized.json::test_00000,valid,failed,False,True,over_constraint,4.9e-05,0.000867,0.00079,2.6e-05,50,23
Kubernetes---kb_787_Normalized.json,Kubernetes---kb_787_Normalized.json::test_00001,invalid,passed,False,True,correct_reject,4.9e-05,0.000642,0.000581,1.5e-05,47,23
Kubernetes---kb_787_Normalized.json,Kubernetes---kb_787_Normalized.json::test_00002,invalid,passed,False,True,correct_reject,4.9e-05,0.000478,0.000429,1.4e-05,46,18
Kubernetes---kb_787_Normalized.json,Kubernetes---kb_787_Normalized.json::test_00003,invalid,passed,False,True,correct_reject,4.9e-05,0.001085,0.001007,3e-05,50,23
Kubernetes---kb_787_Normalized.json,Kubernetes---kb_787_Normalized.json::test_00004,valid,passed,True,True,correct_accept,4.9e-05,0.005125,0.004988,3.4e-05,50,50
Kubernetes---kb_787_Normalized.json,Kubernetes---kb_787_Normalized.json::test_00005,invalid,passed,False,True,correct_reject,4.9e-05,0.000679,0.000602,2.6e-05,49,23
Kubernetes---kb_78_Normalized.json,Kubernetes---kb_78_Normalized.json::test_00000,valid,failed,False,True,over_constraint,5.7e-05,0.000398,0.000349,2e-05,42,11
Kubernetes---kb_78_Normalized.json,Kubernetes---kb_78_Normalized.json::test_00001,invalid,passed,False,True,correct_reject,5.7e-05,0.000316,0.000276,1.5e-05,42,11
Kubernetes---kb_78_Normalized.json,Kubernetes---kb_78_Normalized.json::test_00002,invalid,passed,False,True,correct_reject,5.7e-05,6.4e-05,4.2e-05,7e-06,35,6
Kubernetes---kb_78_Normalized.json,Kubernetes---kb_78_Normalized.json::test_00003,valid,passed,True,True,correct_accept,5.7e-05,0.007533,0.007383,3.9e-05,53,53
Kubernetes---kb_78_Normalized.json,Kubernetes---kb_78_Normalized.json::test_00004,invalid,passed,False,True,correct_reject,5.7e-05,7.6e-05,5.2e-05,7e-06,52,6
Kubernetes---kb_78_Normalized.json,Kubernetes---kb_78_Normalized.json::test_00005,invalid,passed,False,True,correct_reject,5.7e-05,0.005,0.004902,3.4e-05,41,26
Kubernetes---kb_790_Normalized.json,Kubernetes---kb_790_Normalized.json::test_00000,valid,passed,True,True,correct_accept,1.43767,0.004814,0.004575,3.7e-05,111,111
Kubernetes---kb_790_Normalized.json,Kubernetes---kb_790_Normalized.json::test_00001,invalid,passed,False,True,correct_reject,1.43767,7.8e-05,5.5e-05,7e-06,101,6
Kubernetes---kb_790_Normalized.json,Kubernetes---kb_790_Normalized.json::test_00002,invalid,passed,False,True,correct_reject,1.43767,7.3e-05,5.1e-05,6e-06,110,6
Kubernetes---kb_790_Normalized.json,Kubernetes---kb_790_Normalized.json::test_00003,invalid,passed,False,True,correct_reject,1.43767,0.006182,0.005902,8.4e-05,109,92
Kubernetes---kb_790_Normalized.json,Kubernetes---kb_790_Normalized.json::test_00004,valid,passed,True,True,correct_accept,1.43767,0.004285,0.004059,4.5e-05,94,94
Kubernetes---kb_790_Normalized.json,Kubernetes---kb_790_Normalized.json::test_00005,invalid,passed,False,True,correct_reject,1.43767,7.6e-05,5.3e-05,7e-06,94,6
Kubernetes---kb_790_Normalized.json,Kubernetes---kb_790_Normalized.json::test_00006,invalid,passed,False,True,correct_reject,1.43767,0.005894,0.005626,9.2e-05,92,79
Kubernetes---kb_791_Normalized.json,Kubernetes---kb_791_Normalized.json::test_00000,valid,passed,True,True,correct_accept,7.6e-05,0.004392,0.004177,2.9e-05,103,103
Kubernetes---kb_791_Normalized.json,Kubernetes---kb_791_Normalized.json::test_00001,invalid,passed,False,True,correct_reject,7.6e-05,0.000121,8.3e-05,1.4e-05,102,6
Kubernetes---kb_791_Normalized.json,Kubernetes---kb_791_Normalized.json::test_00002,invalid,passed,False,True,correct_reject,7.6e-05,0.005486,0.005225,6.7e-05,101,88
Kubernetes---kb_791_Normalized.json,Kubernetes---kb_791_Normalized.json::test_00003,valid,passed,True,True,correct_accept,7.6e-05,0.00601,0.005711,7.3e-05,111,111
Kubernetes---kb_791_Normalized.json,Kubernetes---kb_791_Normalized.json::test_00004,invalid,passed,False,True,correct_reject,7.6e-05,0.004235,0.004008,4.6e-05,110,100
Kubernetes---kb_791_Normalized.json,Kubernetes---kb_791_Normalized.json::test_00005,invalid,passed,False,True,correct_reject,7.6e-05,7.9e-05,5.5e-05,6e-06,110,6
Kubernetes---kb_792_Normalized.json,Kubernetes---kb_792_Normalized.json::test_00000,valid,passed,True,True,correct_accept,1.19823,0.004912,0.00467,6.1e-05,88,88
Kubernetes---kb_792_Normalized.json,Kubernetes---kb_792_Normalized.json::test_00001,invalid,passed,False,True,correct_reject,1.19823,9.5e-05,6.3e-05,9e-06,87,6
Kubernetes---kb_792_Normalized.json,Kubernetes---kb_792_Normalized.json::test_00002,invalid,passed,False,True,correct_reject,1.19823,0.005092,0.004841,6.7e-05,86,79
Kubernetes---kb_792_Normalized.json,Kubernetes---kb_792_Normalized.json::test_00003,valid,passed,True,True,correct_accept,1.19823,0.00552,0.005193,9.8e-05,97,97
Kubernetes---kb_792_Normalized.json,Kubernetes---kb_792_Normalized.json::test_00004,invalid,passed,False,True,correct_reject,1.19823,6.9e-05,4.7e-05,5e-06,97,6
Kubernetes---kb_792_Normalized.json,Kubernetes---kb_792_Normalized.json::test_00005,invalid,passed,False,True,correct_reject,1.19823,0.003446,0.003292,1.8e-05,84,76
Kubernetes---kb_793_Normalized.json,Kubernetes---kb_793_Normalized.json::test_00000,valid,passed,True,True,correct_accept,6e-05,0.005759,0.005469,9.6e-05,85,85
Kubernetes---kb_793_Normalized.json,Kubernetes---kb_793_Normalized.json::test_00001,invalid,passed,False,True,correct_reject,6e-05,7e-05,4.9e-05,5e-06,84,6
Kubernetes---kb_793_Normalized.json,Kubernetes---kb_793_Normalized.json::test_00002,invalid,passed,False,True,correct_reject,6e-05,0.006257,0.005933,0.000119,83,76
Kubernetes---kb_793_Normalized.json,Kubernetes---kb_793_Normalized.json::test_00003,valid,passed,True,True,correct_accept,6e-05,0.004025,0.003827,2.1e-05,97,97
Kubernetes---kb_793_Normalized.json,Kubernetes---kb_793_Normalized.json::test_00004,invalid,passed,False,True,correct_reject,6e-05,8.5e-05,5.9e-05,8e-06,96,6
Kubernetes---kb_793_Normalized.json,Kubernetes---kb_793_Normalized.json::test_00005,invalid,passed,False,True,correct_reject,6e-05,9.1e-05,6.2e-05,1e-05,93,6
Kubernetes---kb_794_Normalized.json,Kubernetes---kb_794_Normalized.json::test_00000,valid,failed,False,True,over_constraint,93.2619,0.000422,9.8e-05,0.000291,99,7
Kubernetes---kb_794_Normalized.json,Kubernetes---kb_794_Normalized.json::test_00001,valid,failed,False,True,over_constraint,93.2619,8.7e-05,5.7e-05,1e-05,101,7
Kubernetes---kb_794_Normalized.json,Kubernetes---kb_794_Normalized.json::test_00002,invalid,passed,False,True,correct_reject,93.2619,0.0001,6.7e-05,1.2e-05,100,7
Kubernetes---kb_794_Normalized.json,Kubernetes---kb_794_Normalized.json::test_00003,invalid,passed,False,True,correct_reject,93.2619,0.000114,7.6e-05,1.7e-05,101,7
Kubernetes---kb_797_Normalized.json,Kubernetes---kb_797_Normalized.json::test_00000,valid,passed,True,True,correct_accept,90.5488,0.012823,0.011984,0.000572,102,102
Kubernetes---kb_797_Normalized.json,Kubernetes---kb_797_Normalized.json::test_00001,valid,passed,True,True,correct_accept,90.5488,0.011837,0.0114,0.000191,99,99
Kubernetes---kb_797_Normalized.json,Kubernetes---kb_797_Normalized.json::test_00002,invalid,passed,False,True,correct_reject,90.5488,0.002131,0.001951,6.8e-05,99,44
Kubernetes---kb_798_Normalized.json,Kubernetes---kb_798_Normalized.json::test_00000,valid,passed,True,True,correct_accept,1.70347,0.012196,0.011957,9.5e-05,54,54
Kubernetes---kb_798_Normalized.json,Kubernetes---kb_798_Normalized.json::test_00001,invalid,passed,False,True,correct_reject,1.70347,0.004356,0.004245,4.2e-05,50,25
Kubernetes---kb_798_Normalized.json,Kubernetes---kb_798_Normalized.json::test_00002,valid,passed,True,True,correct_accept,1.70347,0.011581,0.011322,8.8e-05,61,61
Kubernetes---kb_798_Normalized.json,Kubernetes---kb_798_Normalized.json::test_00003,invalid,passed,False,True,correct_reject,1.70347,7.3e-05,5.1e-05,8e-06,33,2
Kubernetes---kb_799_Normalized.json,Kubernetes---kb_799_Normalized.json::test_00000,valid,passed,True,True,correct_accept,0.000105,0.011432,0.011212,7.5e-05,54,54
Kubernetes---kb_799_Normalized.json,Kubernetes---kb_799_Normalized.json::test_00001,invalid,passed,False,True,correct_reject,0.000105,0.003981,0.003878,3.5e-05,50,25
Kubernetes---kb_799_Normalized.json,Kubernetes---kb_799_Normalized.json::test_00002,invalid,passed,False,True,correct_reject,0.000105,0.011406,0.011218,6.9e-05,54,44
Kubernetes---kb_799_Normalized.json,Kubernetes---kb_799_Normalized.json::test_00003,valid,passed,True,True,correct_accept,0.000105,0.012737,0.012483,9.9e-05,58,58
Kubernetes---kb_799_Normalized.json,Kubernetes---kb_799_Normalized.json::test_00004,invalid,passed,False,True,correct_reject,0.000105,8.1e-05,5.7e-05,9e-06,52,2
Kubernetes---kb_79_Normalized.json,Kubernetes---kb_79_Normalized.json::test_00000,valid,passed,True,True,correct_accept,1.64887,0.010413,0.010257,5.5e-05,35,35
Kubernetes---kb_79_Normalized.json,Kubernetes---kb_79_Normalized.json::test_00001,invalid,passed,False,True,correct_reject,1.64887,0.000124,8.7e-05,1.3e-05,34,6
Kubernetes---kb_79_Normalized.json,Kubernetes---kb_79_Normalized.json::test_00002,invalid,passed,False,True,correct_reject,1.64887,0.006802,0.006703,3.8e-05,33,22
Kubernetes---kb_79_Normalized.json,Kubernetes---kb_79_Normalized.json::test_00003,valid,passed,True,True,correct_accept,1.64887,0.011352,0.011184,6.6e-05,36,36
Kubernetes---kb_79_Normalized.json,Kubernetes---kb_79_Normalized.json::test_00004,invalid,passed,False,True,correct_reject,1.64887,0.000113,7.8e-05,1.1e-05,32,6
Kubernetes---kb_7_Normalized.json,Kubernetes---kb_7_Normalized.json::test_00000,valid,passed,True,True,correct_accept,1.12001,0.000344,0.000294,2e-05,8,8
Kubernetes---kb_7_Normalized.json,Kubernetes---kb_7_Normalized.json::test_00001,invalid,passed,False,True,correct_reject,1.12001,0.000108,7.5e-05,9e-06,6,5
Kubernetes---kb_7_Normalized.json,Kubernetes---kb_7_Normalized.json::test_00002,invalid,passed,False,True,correct_reject,1.12001,0.000114,8.1e-05,1.1e-05,7,5
Kubernetes---kb_800_Normalized.json,Kubernetes---kb_800_Normalized.json::test_00000,valid,passed,True,True,correct_accept,0.000109,0.01193,0.011708,7.8e-05,54,54
Kubernetes---kb_800_Normalized.json,Kubernetes---kb_800_Normalized.json::test_00001,invalid,passed,False,True,correct_reject,0.000109,0.004336,0.004218,4.4e-05,50,25
Kubernetes---kb_800_Normalized.json,Kubernetes---kb_800_Normalized.json::test_00002,invalid,passed,False,True,correct_reject,0.000109,0.011154,0.01096,6.9e-05,54,44
Kubernetes---kb_800_Normalized.json,Kubernetes---kb_800_Normalized.json::test_00003,valid,passed,True,True,correct_accept,0.000109,0.011742,0.011516,8e-05,54,54
Kubernetes---kb_800_Normalized.json,Kubernetes---kb_800_Normalized.json::test_00004,invalid,passed,False,True,correct_reject,0.000109,8.2e-05,5.7e-05,9e-06,50,2
Kubernetes---kb_801_Normalized.json,Kubernetes---kb_801_Normalized.json::test_00000,valid,passed,True,True,correct_accept,0.000102,0.011934,0.011681,9.8e-05,54,54
Kubernetes---kb_801_Normalized.json,Kubernetes---kb_801_Normalized.json::test_00001,invalid,passed,False,True,correct_reject,0.000102,0.004223,0.004117,3.9e-05,50,25
Kubernetes---kb_801_Normalized.json,Kubernetes---kb_801_Normalized.json::test_00002,valid,passed,True,True,correct_accept,0.000102,0.01749,0.017136,0.000156,54,54
Kubernetes---kb_801_Normalized.json,Kubernetes---kb_801_Normalized.json::test_00003,invalid,passed,False,True,correct_reject,0.000102,7.4e-05,5.1e-05,9e-06,54,2
Kubernetes---kb_806_Normalized.json,Kubernetes---kb_806_Normalized.json::test_00000,valid,passed,True,True,correct_accept,82.8549,0.011061,0.010693,0.000163,69,69
Kubernetes---kb_806_Normalized.json,Kubernetes---kb_806_Normalized.json::test_00001,valid,passed,True,True,correct_accept,82.8549,0.010823,0.010569,0.000104,69,69
Kubernetes---kb_806_Normalized.json,Kubernetes---kb_806_Normalized.json::test_00002,invalid,passed,False,True,correct_reject,82.8549,8.1e-05,5.3e-05,1.3e-05,69,6
Kubernetes---kb_806_Normalized.json,Kubernetes---kb_806_Normalized.json::test_00003,invalid,passed,False,True,correct_reject,82.8549,0.002706,0.002625,4e-05,82,13
Kubernetes---kb_807_Normalized.json,Kubernetes---kb_807_Normalized.json::test_00000,valid,passed,True,True,correct_accept,0.001394,0.012326,0.012009,0.000137,69,69
Kubernetes---kb_807_Normalized.json,Kubernetes---kb_807_Normalized.json::test_00001,valid,passed,True,True,correct_accept,0.001394,0.012978,0.01264,0.00015,69,69
Kubernetes---kb_807_Normalized.json,Kubernetes---kb_807_Normalized.json::test_00002,invalid,passed,False,True,correct_reject,0.001394,0.000116,7.3e-05,1.9e-05,69,6
Kubernetes---kb_807_Normalized.json,Kubernetes---kb_807_Normalized.json::test_00003,invalid,passed,False,True,correct_reject,0.001394,0.000107,6.6e-05,1.8e-05,68,6
Kubernetes---kb_808_Normalized.json,Kubernetes---kb_808_Normalized.json::test_00000,valid,failed,False,True,over_constraint,68.8014,6.1e-05,4.3e-05,6e-06,92,2
Kubernetes---kb_808_Normalized.json,Kubernetes---kb_808_Normalized.json::test_00001,valid,failed,False,True,over_constraint,68.8014,5.8e-05,4.1e-05,6e-06,103,2
Kubernetes---kb_809_Normalized.json,Kubernetes---kb_809_Normalized.json::test_00000,valid,passed,True,True,correct_accept,0.00074,0.006628,0.006448,6e-05,66,66
Kubernetes---kb_809_Normalized.json,Kubernetes---kb_809_Normalized.json::test_00001,valid,passed,True,True,correct_accept,0.00074,0.006618,0.006437,5.8e-05,69,69
Kubernetes---kb_809_Normalized.json,Kubernetes---kb_809_Normalized.json::test_00002,invalid,passed,False,True,correct_reject,0.00074,6.3e-05,4e-05,1e-05,51,6
Kubernetes---kb_809_Normalized.json,Kubernetes---kb_809_Normalized.json::test_00003,invalid,passed,False,True,correct_reject,0.00074,9e-05,5.6e-05,1.4e-05,69,6
Kubernetes---kb_809_Normalized.json,Kubernetes---kb_809_Normalized.json::test_00004,invalid,passed,False,True,correct_reject,0.00074,6.4e-05,4.2e-05,9e-06,69,6
Kubernetes---kb_80_Normalized.json,Kubernetes---kb_80_Normalized.json::test_00000,valid,passed,True,True,correct_accept,4.9e-05,0.00699,0.006863,3.1e-05,48,48
Kubernetes---kb_80_Normalized.json,Kubernetes---kb_80_Normalized.json::test_00001,invalid,passed,False,True,correct_reject,4.9e-05,7e-05,4.9e-05,8e-06,48,6
Kubernetes---kb_80_Normalized.json,Kubernetes---kb_80_Normalized.json::test_00002,invalid,passed,False,True,correct_reject,4.9e-05,0.004759,0.004681,2.5e-05,46,22
Kubernetes---kb_80_Normalized.json,Kubernetes---kb_80_Normalized.json::test_00003,invalid,passed,False,True,correct_reject,4.9e-05,9.5e-05,6.6e-05,1.1e-05,47,6
Kubernetes---kb_80_Normalized.json,Kubernetes---kb_80_Normalized.json::test_00004,invalid,passed,False,True,correct_reject,4.9e-05,7.3e-05,5.1e-05,7e-06,48,6
Kubernetes---kb_80_Normalized.json,Kubernetes---kb_80_Normalized.json::test_00005,valid,passed,True,True,correct_accept,4.9e-05,0.007089,0.006972,2.4e-05,47,47
Kubernetes---kb_80_Normalized.json,Kubernetes---kb_80_Normalized.json::test_00006,invalid,passed,False,True,correct_reject,4.9e-05,6.1e-05,4e-05,9e-06,45,5
Kubernetes---kb_80_Normalized.json,Kubernetes---kb_80_Normalized.json::test_00007,invalid,passed,False,True,correct_reject,4.9e-05,9.5e-05,6.4e-05,1e-05,41,6
Kubernetes---kb_810_Normalized.json,Kubernetes---kb_810_Normalized.json::test_00000,valid,passed,True,True,correct_accept,2.3958,0.030851,0.030407,0.000133,155,155
Kubernetes---kb_810_Normalized.json,Kubernetes---kb_810_Normalized.json::test_00001,invalid,passed,False,True,correct_reject,2.3958,8.5e-05,5.3e-05,1.6e-05,155,6
Kubernetes---kb_810_Normalized.json,Kubernetes---kb_810_Normalized.json::test_00002,invalid,passed,False,True,correct_reject,2.3958,7.9e-05,5e-05,1.2e-05,146,6
Kubernetes---kb_810_Normalized.json,Kubernetes---kb_810_Normalized.json::test_00003,invalid,passed,False,True,correct_reject,2.3958,0.022038,0.021645,0.000133,146,112
Kubernetes---kb_810_Normalized.json,Kubernetes---kb_810_Normalized.json::test_00004,invalid,passed,False,True,correct_reject,2.3958,0.0329,0.03233,0.000185,206,172
Kubernetes---kb_810_Normalized.json,Kubernetes---kb_810_Normalized.json::test_00005,invalid,passed,False,True,correct_reject,2.3958,0.000123,7.9e-05,2.2e-05,157,6
Kubernetes---kb_810_Normalized.json,Kubernetes---kb_810_Normalized.json::test_00006,invalid,passed,False,True,correct_reject,2.3958,0.029589,0.029082,0.000155,201,167
Kubernetes---kb_810_Normalized.json,Kubernetes---kb_810_Normalized.json::test_00007,valid,passed,True,True,correct_accept,2.3958,0.033463,0.032938,0.000179,152,152
Kubernetes---kb_813_Normalized.json,Kubernetes---kb_813_Normalized.json::test_00000,valid,passed,True,True,correct_accept,0.000109,0.034438,0.033883,0.000184,157,157
Kubernetes---kb_813_Normalized.json,Kubernetes---kb_813_Normalized.json::test_00001,invalid,passed,False,True,correct_reject,0.000109,9.5e-05,5.9e-05,1.6e-05,147,6
Kubernetes---kb_813_Normalized.json,Kubernetes---kb_813_Normalized.json::test_00002,invalid,passed,False,True,correct_reject,0.000109,0.00012,7.5e-05,2.1e-05,157,6
Kubernetes---kb_813_Normalized.json,Kubernetes---kb_813_Normalized.json::test_00003,invalid,passed,False,True,correct_reject,0.000109,0.021066,0.020681,0.000127,148,114
Kubernetes---kb_813_Normalized.json,Kubernetes---kb_813_Normalized.json::test_00004,valid,passed,True,True,correct_accept,0.000109,0.016373,0.016114,6.3e-05,104,104
Kubernetes---kb_813_Normalized.json,Kubernetes---kb_813_Normalized.json::test_00005,invalid,passed,False,True,correct_reject,0.000109,0.017974,0.017643,0.000101,106,102
Kubernetes---kb_813_Normalized.json,Kubernetes---kb_813_Normalized.json::test_00006,invalid,passed,False,True,correct_reject,0.000109,0.009942,0.009758,5.5e-05,113,64
Kubernetes---kb_814_Normalized.json,Kubernetes---kb_814_Normalized.json::test_00000,valid,passed,True,True,correct_accept,75.6858,0.005132,0.004596,0.000356,90,90
Kubernetes---kb_815_Normalized.json,Kubernetes---kb_815_Normalized.json::test_00000,valid,passed,True,True,correct_accept,75.0949,0.007301,0.006641,0.000424,104,104
Kubernetes---kb_815_Normalized.json,Kubernetes---kb_815_Normalized.json::test_00001,valid,passed,True,True,correct_accept,75.0949,0.00585,0.005562,0.000114,84,84
Kubernetes---kb_816_Normalized.json,Kubernetes---kb_816_Normalized.json::test_00000,valid,passed,True,True,correct_accept,1.22235,0.013736,0.013483,0.000104,52,52
Kubernetes---kb_816_Normalized.json,Kubernetes---kb_816_Normalized.json::test_00001,invalid,passed,False,True,correct_reject,1.22235,0.003319,0.003231,2.6e-05,48,25
Kubernetes---kb_816_Normalized.json,Kubernetes---kb_816_Normalized.json::test_00002,valid,passed,True,True,correct_accept,1.22235,0.013607,0.013342,0.000107,51,51
Kubernetes---kb_816_Normalized.json,Kubernetes---kb_816_Normalized.json::test_00003,invalid,passed,False,True,correct_reject,1.22235,0.004504,0.004399,3.6e-05,47,25
Kubernetes---kb_817_Normalized.json,Kubernetes---kb_817_Normalized.json::test_00000,valid,passed,True,True,correct_accept,9.9e-05,0.008378,0.008222,4.9e-05,51,51
Kubernetes---kb_817_Normalized.json,Kubernetes---kb_817_Normalized.json::test_00001,invalid,passed,False,True,correct_reject,9.9e-05,0.003356,0.003242,4.1e-05,47,25
Kubernetes---kb_817_Normalized.json,Kubernetes---kb_817_Normalized.json::test_00002,invalid,passed,False,True,correct_reject,9.9e-05,0.009643,0.009475,5.7e-05,51,44
Kubernetes---kb_818_Normalized.json,Kubernetes---kb_818_Normalized.json::test_00000,valid,passed,True,True,correct_accept,65.4432,0.00894,0.008517,0.000165,126,126
Kubernetes---kb_81_Normalized.json,Kubernetes---kb_81_Normalized.json::test_00000,valid,passed,True,True,correct_accept,1.15605,0.000265,0.000221,1.7e-05,8,8
Kubernetes---kb_81_Normalized.json,Kubernetes---kb_81_Normalized.json::test_00001,invalid,passed,False,True,correct_reject,1.15605,9.4e-05,5.9e-05,1.2e-05,8,5
Kubernetes---kb_820_Normalized.json,Kubernetes---kb_820_Normalized.json::test_00000,valid,failed,False,True,over_constraint,89.7337,0.000465,9.2e-05,0.000346,59,2
Kubernetes---kb_820_Normalized.json,Kubernetes---kb_820_Normalized.json::test_00001,valid,failed,False,True,over_constraint,89.7337,7e-05,5e-05,7e-06,47,2
Kubernetes---kb_821_Normalized.json,Kubernetes---kb_821_Normalized.json::test_00000,valid,failed,False,True,over_constraint,0.00154,8.5e-05,5.9e-05,1e-05,47,2
Kubernetes---kb_821_Normalized.json,Kubernetes---kb_821_Normalized.json::test_00001,valid,failed,False,True,over_constraint,0.00154,8.2e-05,5.7e-05,1e-05,59,2
Kubernetes---kb_822_Normalized.json,Kubernetes---kb_822_Normalized.json::test_00000,valid,failed,False,True,over_constraint,3.58668,0.000263,0.000218,1.8e-05,151,7
Kubernetes---kb_822_Normalized.json,Kubernetes---kb_822_Normalized.json::test_00001,invalid,passed,False,True,correct_reject,3.58668,0.000102,6.5e-05,1.5e-05,149,5
Kubernetes---kb_822_Normalized.json,Kubernetes---kb_822_Normalized.json::test_00002,valid,passed,True,True,correct_accept,3.58668,0.043776,0.043126,0.000245,151,151
Kubernetes---kb_822_Normalized.json,Kubernetes---kb_822_Normalized.json::test_00003,invalid,passed,False,True,correct_reject,3.58668,0.054755,0.053846,0.000337,204,202
Kubernetes---kb_822_Normalized.json,Kubernetes---kb_822_Normalized.json::test_00004,invalid,passed,False,True,correct_reject,3.58668,0.003225,0.003157,2.8e-05,18,13
Kubernetes---kb_823_Normalized.json,Kubernetes---kb_823_Normalized.json::test_00000,valid,failed,False,True,over_constraint,0.000111,0.000247,0.000203,1.7e-05,149,7
Kubernetes---kb_823_Normalized.json,Kubernetes---kb_823_Normalized.json::test_00001,invalid,passed,False,True,correct_reject,0.000111,0.000267,0.00022,1.7e-05,136,7
Kubernetes---kb_823_Normalized.json,Kubernetes---kb_823_Normalized.json::test_00002,invalid,passed,False,True,correct_reject,0.000111,0.000106,7e-05,1.5e-05,147,5
Kubernetes---kb_823_Normalized.json,Kubernetes---kb_823_Normalized.json::test_00003,valid,passed,True,True,correct_accept,0.000111,0.042353,0.041733,0.00022,151,151
Kubernetes---kb_823_Normalized.json,Kubernetes---kb_823_Normalized.json::test_00004,invalid,passed,False,True,correct_reject,0.000111,0.026714,0.02625,0.00017,154,118
Kubernetes---kb_823_Normalized.json,Kubernetes---kb_823_Normalized.json::test_00005,invalid,passed,False,True,correct_reject,0.000111,0.015808,0.015533,0.00011,145,51
Kubernetes---kb_824_Normalized.json,Kubernetes---kb_824_Normalized.json::test_00000,valid,passed,True,True,correct_accept,2.52289,0.001949,0.001766,6.6e-05,47,47
Kubernetes---kb_824_Normalized.json,Kubernetes---kb_824_Normalized.json::test_00001,invalid,passed,False,True,correct_reject,2.52289,0.000142,0.000106,1.4e-05,47,5
Kubernetes---kb_825_Normalized.json,Kubernetes---kb_825_Normalized.json::test_00000,valid,passed,True,True,correct_accept,0.000108,0.001793,0.001606,7e-05,45,45
Kubernetes---kb_825_Normalized.json,Kubernetes---kb_825_Normalized.json::test_00001,invalid,passed,False,True,correct_reject,0.000108,0.000138,0.000105,1.2e-05,45,5
Kubernetes---kb_826_Normalized.json,Kubernetes---kb_826_Normalized.json::test_00000,valid,passed,True,True,correct_accept,0.000116,0.001798,0.001623,6.3e-05,45,45
Kubernetes---kb_826_Normalized.json,Kubernetes---kb_826_Normalized.json::test_00001,invalid,passed,False,True,correct_reject,0.000116,0.000138,0.000105,1.3e-05,45,5
Kubernetes---kb_827_Normalized.json,Kubernetes---kb_827_Normalized.json::test_00000,valid,passed,True,True,correct_accept,1.45156,0.006814,0.006699,4.8e-05,22,22
Kubernetes---kb_827_Normalized.json,Kubernetes---kb_827_Normalized.json::test_00001,valid,passed,True,True,correct_accept,1.45156,0.007426,0.007309,4.8e-05,21,21
Kubernetes---kb_827_Normalized.json,Kubernetes---kb_827_Normalized.json::test_00002,invalid,passed,False,True,correct_reject,1.45156,0.000109,7.5e-05,1.4e-05,19,5
Kubernetes---kb_827_Normalized.json,Kubernetes---kb_827_Normalized.json::test_00003,invalid,passed,False,True,correct_reject,1.45156,0.003614,0.003539,3e-05,20,13
Kubernetes---kb_827_Normalized.json,Kubernetes---kb_827_Normalized.json::test_00004,invalid,passed,False,True,correct_reject,1.45156,0.003733,0.003653,3.2e-05,20,13
Kubernetes---kb_828_Normalized.json,Kubernetes---kb_828_Normalized.json::test_00000,valid,passed,True,True,correct_accept,6.9e-05,0.008589,0.008451,6e-05,22,22
Kubernetes---kb_828_Normalized.json,Kubernetes---kb_828_Normalized.json::test_00001,invalid,passed,False,True,correct_reject,6.9e-05,8e-05,5.1e-05,1.1e-05,20,5
Kubernetes---kb_828_Normalized.json,Kubernetes---kb_828_Normalized.json::test_00002,invalid,running_validation,,False,no_decision,6.9e-05,,,,24,
Kubernetes---kb_829_Normalized.json,Kubernetes---kb_829_Normalized.json::test_00000,valid,passed,True,True,correct_accept,1.25953,0.000427,0.000366,1.2e-05,24,24
Kubernetes---kb_829_Normalized.json,Kubernetes---kb_829_Normalized.json::test_00001,invalid,passed,False,True,correct_reject,1.25953,7.8e-05,5.1e-05,1e-05,23,4
Kubernetes---kb_829_Normalized.json,Kubernetes---kb_829_Normalized.json::test_00002,invalid,passed,False,True,correct_reject,1.25953,0.00066,0.000539,4.8e-05,26,21
Kubernetes---kb_82_Normalized.json,Kubernetes---kb_82_Normalized.json::test_00000,valid,passed,True,True,correct_accept,3.7e-05,0.000164,0.000136,1e-05,8,8
Kubernetes---kb_82_Normalized.json,Kubernetes---kb_82_Normalized.json::test_00001,invalid,passed,False,True,correct_reject,3.7e-05,5.8e-05,3.8e-05,7e-06,8,5
Kubernetes---kb_830_Normalized.json,Kubernetes---kb_830_Normalized.json::test_00000,valid,passed,True,True,correct_accept,1.05331,0.002538,0.002436,4.2e-05,24,24
Kubernetes---kb_830_Normalized.json,Kubernetes---kb_830_Normalized.json::test_00001,invalid,passed,False,True,correct_reject,1.05331,0.000306,0.000253,1.4e-05,21,20
Kubernetes---kb_831_Normalized.json,Kubernetes---kb_831_Normalized.json::test_00000,valid,passed,True,True,correct_accept,5.6e-05,0.002513,0.00242,3.3e-05,24,24
Kubernetes---kb_831_Normalized.json,Kubernetes---kb_831_Normalized.json::test_00001,invalid,passed,False,True,correct_reject,5.6e-05,0.000489,0.000412,2.8e-05,29,18
Kubernetes---kb_832_Normalized.json,Kubernetes---kb_832_Normalized.json::test_00000,valid,passed,True,True,correct_accept,1.17382,0.002384,0.002316,2e-05,24,24
Kubernetes---kb_832_Normalized.json,Kubernetes---kb_832_Normalized.json::test_00001,invalid,passed,False,True,correct_reject,1.17382,4.6e-05,3.4e-05,4e-06,22,2
Kubernetes---kb_832_Normalized.json,Kubernetes---kb_832_Normalized.json::test_00002,invalid,passed,False,True,correct_reject,1.17382,4.6e-05,3.3e-05,5e-06,26,2
Kubernetes---kb_833_Normalized.json,Kubernetes---kb_833_Normalized.json::test_00000,valid,passed,True,True,correct_accept,1.35085,0.000682,0.000579,3.1e-05,32,32
Kubernetes---kb_833_Normalized.json,Kubernetes---kb_833_Normalized.json::test_00001,valid,passed,True,True,correct_accept,1.35085,0.000674,0.000574,3.1e-05,32,32
Kubernetes---kb_833_Normalized.json,Kubernetes---kb_833_Normalized.json::test_00002,invalid,passed,False,True,correct_reject,1.35085,5.7e-05,4.1e-05,6e-06,30,2
Kubernetes---kb_833_Normalized.json,Kubernetes---kb_833_Normalized.json::test_00003,invalid,passed,False,True,correct_reject,1.35085,6e-05,4.3e-05,6e-06,30,2
Kubernetes---kb_834_Normalized.json,Kubernetes---kb_834_Normalized.json::test_00000,valid,passed,True,True,correct_accept,7.6e-05,0.000798,0.000675,4.3e-05,32,32
Kubernetes---kb_834_Normalized.json,Kubernetes---kb_834_Normalized.json::test_00001,valid,passed,True,True,correct_accept,7.6e-05,0.000513,0.000438,1.7e-05,32,32
Kubernetes---kb_834_Normalized.json,Kubernetes---kb_834_Normalized.json::test_00002,invalid,passed,False,True,correct_reject,7.6e-05,4.2e-05,3.1e-05,4e-06,31,2
Kubernetes---kb_834_Normalized.json,Kubernetes---kb_834_Normalized.json::test_00003,invalid,passed,False,True,correct_reject,7.6e-05,4.3e-05,3.1e-05,4e-06,34,2
Kubernetes---kb_835_Normalized.json,Kubernetes---kb_835_Normalized.json::test_00000,valid,failed,False,True,over_constraint,1.14639,0.001094,0.000971,4.5e-05,46,29
Kubernetes---kb_835_Normalized.json,Kubernetes---kb_835_Normalized.json::test_00001,invalid,passed,False,True,correct_reject,1.14639,0.000193,0.000161,1.3e-05,49,9
Kubernetes---kb_835_Normalized.json,Kubernetes---kb_835_Normalized.json::test_00002,valid,passed,True,True,correct_accept,1.14639,0.001818,0.001612,7.5e-05,51,51
Kubernetes---kb_835_Normalized.json,Kubernetes---kb_835_Normalized.json::test_00003,invalid,passed,False,True,correct_reject,1.14639,9e-05,5.9e-05,1.2e-05,48,6
Kubernetes---kb_836_Normalized.json,Kubernetes---kb_836_Normalized.json::test_00000,valid,passed,True,True,correct_accept,6.7e-05,0.001525,0.001362,5.8e-05,49,49
Kubernetes---kb_836_Normalized.json,Kubernetes---kb_836_Normalized.json::test_00001,invalid,passed,False,True,correct_reject,6.7e-05,7.4e-05,4.6e-05,1.1e-05,46,5
Kubernetes---kb_836_Normalized.json,Kubernetes---kb_836_Normalized.json::test_00002,invalid,passed,False,True,correct_reject,6.7e-05,7.6e-05,5.1e-05,8e-06,46,6
Kubernetes---kb_836_Normalized.json,Kubernetes---kb_836_Normalized.json::test_00003,valid,passed,True,True,correct_accept,6.7e-05,0.002035,0.00181,8.9e-05,55,55
Kubernetes---kb_836_Normalized.json,Kubernetes---kb_836_Normalized.json::test_00004,invalid,passed,False,True,correct_reject,6.7e-05,0.000264,0.000226,1.3e-05,58,12
Kubernetes---kb_837_Normalized.json,Kubernetes---kb_837_Normalized.json::test_00000,valid,passed,True,True,correct_accept,7.521,0.00311,0.002744,9.3e-05,139,139
Kubernetes---kb_837_Normalized.json,Kubernetes---kb_837_Normalized.json::test_00001,invalid,passed,False,True,correct_reject,7.521,0.001508,0.001349,2.9e-05,211,75
Kubernetes---kb_838_Normalized.json,Kubernetes---kb_838_Normalized.json::test_00000,valid,passed,True,True,correct_accept,7.7297,0.002635,0.002348,4.1e-05,142,142
Kubernetes---kb_838_Normalized.json,Kubernetes---kb_838_Normalized.json::test_00001,valid,passed,True,True,correct_accept,7.7297,0.005951,0.005314,0.000235,141,141
Kubernetes---kb_838_Normalized.json,Kubernetes---kb_838_Normalized.json::test_00002,invalid,passed,False,True,correct_reject,7.7297,0.00145,0.001297,4.3e-05,138,53
Kubernetes---kb_838_Normalized.json,Kubernetes---kb_838_Normalized.json::test_00003,invalid,passed,False,True,correct_reject,7.7297,0.002247,0.002035,6e-05,158,78
Kubernetes---kb_83_Normalized.json,Kubernetes---kb_83_Normalized.json::test_00000,valid,failed,False,True,over_constraint,8.01047,0.000107,6.2e-05,1.2e-05,96,13
Kubernetes---kb_83_Normalized.json,Kubernetes---kb_83_Normalized.json::test_00001,invalid,passed,False,True,correct_reject,8.01047,0.000207,0.000135,2.8e-05,122,13
Kubernetes---kb_83_Normalized.json,Kubernetes---kb_83_Normalized.json::test_00002,invalid,passed,False,True,correct_reject,8.01047,0.00012,7.4e-05,1.4e-05,45,13
Kubernetes---kb_83_Normalized.json,Kubernetes---kb_83_Normalized.json::test_00003,invalid,passed,False,True,correct_reject,8.01047,0.000113,6.6e-05,1.4e-05,99,13
Kubernetes---kb_83_Normalized.json,Kubernetes---kb_83_Normalized.json::test_00004,valid,failed,False,True,over_constraint,8.01047,0.000166,0.000101,2.4e-05,105,13
Kubernetes---kb_83_Normalized.json,Kubernetes---kb_83_Normalized.json::test_00005,invalid,passed,False,True,correct_reject,8.01047,0.000122,7.6e-05,1.6e-05,64,13
Kubernetes---kb_841_Normalized.json,Kubernetes---kb_841_Normalized.json::test_00000,valid,passed,True,True,correct_accept,1.93807,0.00192,0.001703,5.4e-05,76,76
Kubernetes---kb_841_Normalized.json,Kubernetes---kb_841_Normalized.json::test_00001,invalid,passed,False,True,correct_reject,1.93807,0.000209,0.000175,1.1e-05,73,7
Kubernetes---kb_841_Normalized.json,Kubernetes---kb_841_Normalized.json::test_00002,invalid,passed,False,True,correct_reject,1.93807,0.002212,0.001941,8.6e-05,81,80
Kubernetes---kb_842_Normalized.json,Kubernetes---kb_842_Normalized.json::test_00000,valid,passed,True,True,correct_accept,6e-05,0.00202,0.001785,7.1e-05,75,75
Kubernetes---kb_842_Normalized.json,Kubernetes---kb_842_Normalized.json::test_00001,valid,passed,True,True,correct_accept,6e-05,0.00152,0.001349,2.7e-05,87,87
Kubernetes---kb_842_Normalized.json,Kubernetes---kb_842_Normalized.json::test_00002,invalid,passed,False,True,correct_reject,6e-05,0.000999,0.000905,3.1e-05,92,22
Kubernetes---kb_842_Normalized.json,Kubernetes---kb_842_Normalized.json::test_00003,invalid,passed,False,True,correct_reject,6e-05,0.001004,0.00091,3.5e-05,91,21
Kubernetes---kb_843_Normalized.json,Kubernetes---kb_843_Normalized.json::test_00000,valid,passed,True,True,correct_accept,0.944809,0.001343,0.001204,4.4e-05,33,33
Kubernetes---kb_843_Normalized.json,Kubernetes---kb_843_Normalized.json::test_00001,valid,passed,True,True,correct_accept,0.944809,0.000781,0.000703,1.8e-05,33,33
Kubernetes---kb_843_Normalized.json,Kubernetes---kb_843_Normalized.json::test_00002,invalid,passed,False,True,correct_reject,0.944809,0.00123,0.001103,4.4e-05,32,31
Kubernetes---kb_843_Normalized.json,Kubernetes---kb_843_Normalized.json::test_00003,invalid,passed,False,True,correct_reject,0.944809,0.000192,0.000163,1e-05,31,7
Kubernetes---kb_844_Normalized.json,Kubernetes---kb_844_Normalized.json::test_00000,valid,passed,True,True,correct_accept,4.7e-05,0.001321,0.001199,4.4e-05,33,33
Kubernetes---kb_844_Normalized.json,Kubernetes---kb_844_Normalized.json::test_00001,invalid,passed,False,True,correct_reject,4.7e-05,7.3e-05,5.1e-05,8e-06,25,4
Kubernetes---kb_844_Normalized.json,Kubernetes---kb_844_Normalized.json::test_00002,invalid,passed,False,True,correct_reject,4.7e-05,0.000456,0.000406,1.2e-05,38,20
Kubernetes---kb_844_Normalized.json,Kubernetes---kb_844_Normalized.json::test_00003,invalid,passed,False,True,correct_reject,4.7e-05,0.000848,0.00077,3.1e-05,39,21
Kubernetes---kb_844_Normalized.json,Kubernetes---kb_844_Normalized.json::test_00004,invalid,passed,False,True,correct_reject,4.7e-05,0.000351,0.000307,1.3e-05,31,13
Kubernetes---kb_845_Normalized.json,Kubernetes---kb_845_Normalized.json::test_00000,valid,passed,True,True,correct_accept,1.12864,0.001568,0.001425,5.8e-05,32,32
Kubernetes---kb_845_Normalized.json,Kubernetes---kb_845_Normalized.json::test_00001,valid,passed,True,True,correct_accept,1.12864,0.001055,0.000949,3.5e-05,32,32
Kubernetes---kb_845_Normalized.json,Kubernetes---kb_845_Normalized.json::test_00002,invalid,passed,False,True,correct_reject,1.12864,8e-05,5.5e-05,8e-06,21,4
Kubernetes---kb_845_Normalized.json,Kubernetes---kb_845_Normalized.json::test_00003,invalid,passed,False,True,correct_reject,1.12864,0.000232,0.000196,1.4e-05,30,7
Kubernetes---kb_845_Normalized.json,Kubernetes---kb_845_Normalized.json::test_00004,invalid,passed,False,True,correct_reject,1.12864,0.000834,0.000744,2.5e-05,31,30
Kubernetes---kb_846_Normalized.json,Kubernetes---kb_846_Normalized.json::test_00000,valid,passed,True,True,correct_accept,6.1e-05,0.001024,0.000923,3.3e-05,32,32
Kubernetes---kb_846_Normalized.json,Kubernetes---kb_846_Normalized.json::test_00001,valid,passed,True,True,correct_accept,6.1e-05,0.001071,0.00097,3.3e-05,33,33
Kubernetes---kb_846_Normalized.json,Kubernetes---kb_846_Normalized.json::test_00002,invalid,passed,False,True,correct_reject,6.1e-05,6.3e-05,4.4e-05,7e-06,21,4
Kubernetes---kb_846_Normalized.json,Kubernetes---kb_846_Normalized.json::test_00003,invalid,passed,False,True,correct_reject,6.1e-05,0.000144,0.00012,7e-06,31,7
Kubernetes---kb_846_Normalized.json,Kubernetes---kb_846_Normalized.json::test_00004,invalid,passed,False,True,correct_reject,6.1e-05,0.00088,0.000793,2.7e-05,48,27
Kubernetes---kb_846_Normalized.json,Kubernetes---kb_846_Normalized.json::test_00005,invalid,passed,False,True,correct_reject,6.1e-05,0.000751,0.000666,3.2e-05,38,21
Kubernetes---kb_847_Normalized.json,Kubernetes---kb_847_Normalized.json::test_00000,valid,passed,True,True,correct_accept,1.12598,0.006691,0.006538,4e-05,58,58
Kubernetes---kb_847_Normalized.json,Kubernetes---kb_847_Normalized.json::test_00001,invalid,passed,False,True,correct_reject,1.12598,0.000259,0.000219,1.4e-05,61,12
Kubernetes---kb_847_Normalized.json,Kubernetes---kb_847_Normalized.json::test_00002,invalid,passed,False,True,correct_reject,1.12598,0.006991,0.006814,6.6e-05,43,42
Kubernetes---kb_847_Normalized.json,Kubernetes---kb_847_Normalized.json::test_00003,valid,passed,True,True,correct_accept,1.12598,0.015752,0.011613,0.003407,57,57
Kubernetes---kb_847_Normalized.json,Kubernetes---kb_847_Normalized.json::test_00004,invalid,passed,False,True,correct_reject,1.12598,0.00505,0.004913,5.2e-05,56,34
Kubernetes---kb_847_Normalized.json,Kubernetes---kb_847_Normalized.json::test_00005,invalid,passed,False,True,correct_reject,1.12598,0.006587,0.006469,3.8e-05,57,41
Kubernetes---kb_848_Normalized.json,Kubernetes---kb_848_Normalized.json::test_00000,valid,failed,False,True,over_constraint,8.9e-05,0.009104,0.00891,8.4e-05,50,38
Kubernetes---kb_848_Normalized.json,Kubernetes---kb_848_Normalized.json::test_00001,invalid,passed,False,True,correct_reject,8.9e-05,8.4e-05,6.1e-05,9e-06,50,6
Kubernetes---kb_848_Normalized.json,Kubernetes---kb_848_Normalized.json::test_00002,invalid,passed,False,True,correct_reject,8.9e-05,0.004791,0.00469,2.6e-05,49,38
Kubernetes---kb_848_Normalized.json,Kubernetes---kb_848_Normalized.json::test_00003,valid,passed,True,True,correct_accept,8.9e-05,0.008035,0.007863,5.1e-05,58,58
Kubernetes---kb_848_Normalized.json,Kubernetes---kb_848_Normalized.json::test_00004,invalid,passed,False,True,correct_reject,8.9e-05,0.000105,7.6e-05,1e-05,58,6
Kubernetes---kb_848_Normalized.json,Kubernetes---kb_848_Normalized.json::test_00005,invalid,passed,False,True,correct_reject,8.9e-05,0.010781,0.010597,8.4e-05,243,31
Kubernetes---kb_849_Normalized.json,Kubernetes---kb_849_Normalized.json::test_00000,valid,passed,True,True,correct_accept,5.2e-05,0.007157,0.007002,4.5e-05,57,57
Kubernetes---kb_849_Normalized.json,Kubernetes---kb_849_Normalized.json::test_00001,invalid,passed,False,True,correct_reject,5.2e-05,0.00018,0.000152,1.1e-05,58,9
Kubernetes---kb_849_Normalized.json,Kubernetes---kb_849_Normalized.json::test_00002,invalid,passed,False,True,correct_reject,5.2e-05,0.006765,0.00665,3.6e-05,42,40
Kubernetes---kb_849_Normalized.json,Kubernetes---kb_849_Normalized.json::test_00003,invalid,passed,False,True,correct_reject,5.2e-05,0.00022,0.000181,1.4e-05,59,10
Kubernetes---kb_849_Normalized.json,Kubernetes---kb_849_Normalized.json::test_00004,valid,passed,True,True,correct_accept,5.2e-05,0.006892,0.006742,3.9e-05,54,54
Kubernetes---kb_849_Normalized.json,Kubernetes---kb_849_Normalized.json::test_00005,invalid,passed,False,True,correct_reject,5.2e-05,8.2e-05,5.9e-05,9e-06,54,6
Kubernetes---kb_849_Normalized.json,Kubernetes---kb_849_Normalized.json::test_00006,invalid,passed,False,True,correct_reject,5.2e-05,0.00628,0.006142,3.1e-05,57,56
Kubernetes---kb_84_Normalized.json,Kubernetes---kb_84_Normalized.json::test_00000,valid,failed,False,True,over_constraint,8.68229,0.000156,9.3e-05,2.1e-05,140,13
Kubernetes---kb_84_Normalized.json,Kubernetes---kb_84_Normalized.json::test_00001,invalid,passed,False,True,correct_reject,8.68229,0.000102,6.7e-05,1.1e-05,131,6
Kubernetes---kb_84_Normalized.json,Kubernetes---kb_84_Normalized.json::test_00002,invalid,passed,False,True,correct_reject,8.68229,0.000132,8.3e-05,1.5e-05,143,13
Kubernetes---kb_84_Normalized.json,Kubernetes---kb_84_Normalized.json::test_00003,valid,failed,False,True,over_constraint,8.68229,0.001169,0.001,5.9e-05,138,44
Kubernetes---kb_84_Normalized.json,Kubernetes---kb_84_Normalized.json::test_00004,invalid,passed,False,True,correct_reject,8.68229,0.000145,8.9e-05,1.9e-05,140,13
Kubernetes---kb_84_Normalized.json,Kubernetes---kb_84_Normalized.json::test_00005,invalid,passed,False,True,correct_reject,8.68229,0.00015,9.1e-05,1.9e-05,144,13
Kubernetes---kb_850_Normalized.json,Kubernetes---kb_850_Normalized.json::test_00000,valid,failed,False,True,over_constraint,9.78982,0.000124,7.8e-05,1.6e-05,94,13
Kubernetes---kb_850_Normalized.json,Kubernetes---kb_850_Normalized.json::test_00001,invalid,passed,False,True,correct_reject,9.78982,0.000118,7.3e-05,1.4e-05,97,13
Kubernetes---kb_850_Normalized.json,Kubernetes---kb_850_Normalized.json::test_00002,invalid,passed,False,True,correct_reject,9.78982,0.000126,7.8e-05,1.4e-05,82,13
Kubernetes---kb_850_Normalized.json,Kubernetes---kb_850_Normalized.json::test_00003,invalid,passed,False,True,correct_reject,9.78982,0.000123,7.6e-05,1.5e-05,61,13
Kubernetes---kb_850_Normalized.json,Kubernetes---kb_850_Normalized.json::test_00004,invalid,passed,False,True,correct_reject,9.78982,0.000124,7.7e-05,1.4e-05,87,13
Kubernetes---kb_850_Normalized.json,Kubernetes---kb_850_Normalized.json::test_00005,valid,failed,False,True,over_constraint,9.78982,0.000121,7.5e-05,1.3e-05,106,13
Kubernetes---kb_850_Normalized.json,Kubernetes---kb_850_Normalized.json::test_00006,invalid,passed,False,True,correct_reject,9.78982,0.000126,7.7e-05,1.7e-05,79,13
Kubernetes---kb_850_Normalized.json,Kubernetes---kb_850_Normalized.json::test_00007,invalid,passed,False,True,correct_reject,9.78982,0.000136,8.6e-05,1.5e-05,128,13
Kubernetes---kb_851_Normalized.json,Kubernetes---kb_851_Normalized.json::test_00000,valid,failed,False,True,over_constraint,10.0218,0.000116,7.3e-05,1.4e-05,108,13
Kubernetes---kb_851_Normalized.json,Kubernetes---kb_851_Normalized.json::test_00001,invalid,passed,False,True,correct_reject,10.0218,0.000146,9e-05,2e-05,102,13
Kubernetes---kb_851_Normalized.json,Kubernetes---kb_851_Normalized.json::test_00002,invalid,passed,False,True,correct_reject,10.0218,0.000129,8e-05,1.8e-05,63,13
Kubernetes---kb_851_Normalized.json,Kubernetes---kb_851_Normalized.json::test_00003,invalid,passed,False,True,correct_reject,10.0218,0.000125,7.9e-05,1.7e-05,101,13
Kubernetes---kb_851_Normalized.json,Kubernetes---kb_851_Normalized.json::test_00004,valid,failed,False,True,over_constraint,10.0218,0.000133,8.1e-05,1.8e-05,115,13
Kubernetes---kb_852_Normalized.json,Kubernetes---kb_852_Normalized.json::test_00000,valid,failed,False,True,over_constraint,10.1504,0.000126,7.8e-05,1.6e-05,108,13
Kubernetes---kb_852_Normalized.json,Kubernetes---kb_852_Normalized.json::test_00001,invalid,passed,False,True,correct_reject,10.1504,0.000128,7.9e-05,1.7e-05,134,13
Kubernetes---kb_852_Normalized.json,Kubernetes---kb_852_Normalized.json::test_00002,invalid,passed,False,True,correct_reject,10.1504,0.000134,8.2e-05,1.8e-05,130,13
Kubernetes---kb_852_Normalized.json,Kubernetes---kb_852_Normalized.json::test_00003,invalid,passed,False,True,correct_reject,10.1504,0.000121,7.5e-05,1.4e-05,63,13
Kubernetes---kb_852_Normalized.json,Kubernetes---kb_852_Normalized.json::test_00004,valid,failed,False,True,over_constraint,10.1504,0.00018,0.000108,3.2e-05,114,13
Kubernetes---kb_852_Normalized.json,Kubernetes---kb_852_Normalized.json::test_00005,invalid,passed,False,True,correct_reject,10.1504,0.000158,9.8e-05,2.1e-05,72,13
Kubernetes---kb_852_Normalized.json,Kubernetes---kb_852_Normalized.json::test_00006,invalid,passed,False,True,correct_reject,10.1504,0.000123,7.5e-05,1.4e-05,122,13
Kubernetes---kb_853_Normalized.json,Kubernetes---kb_853_Normalized.json::test_00000,valid,passed,True,True,correct_accept,9.63576,0.015212,0.014807,0.000157,108,108
Kubernetes---kb_853_Normalized.json,Kubernetes---kb_853_Normalized.json::test_00001,invalid,passed,False,True,correct_reject,9.63576,0.015533,0.015161,0.00013,103,100
Kubernetes---kb_853_Normalized.json,Kubernetes---kb_853_Normalized.json::test_00002,invalid,passed,False,True,correct_reject,9.63576,0.012836,0.012444,0.000157,96,95
Kubernetes---kb_853_Normalized.json,Kubernetes---kb_853_Normalized.json::test_00003,invalid,passed,False,True,correct_reject,9.63576,0.009542,0.009226,0.000119,110,82
Kubernetes---kb_853_Normalized.json,Kubernetes---kb_853_Normalized.json::test_00004,invalid,passed,False,True,correct_reject,9.63576,0.008955,0.008647,0.000117,103,87
Kubernetes---kb_853_Normalized.json,Kubernetes---kb_853_Normalized.json::test_00005,valid,passed,True,True,correct_accept,9.63576,0.016945,0.016467,0.000184,108,108
Kubernetes---kb_853_Normalized.json,Kubernetes---kb_853_Normalized.json::test_00006,invalid,passed,False,True,correct_reject,9.63576,0.008146,0.007914,9e-05,88,60
Kubernetes---kb_854_Normalized.json,Kubernetes---kb_854_Normalized.json::test_00000,valid,failed,False,True,over_constraint,9.32244,0.000148,9.1e-05,2e-05,161,13
Kubernetes---kb_854_Normalized.json,Kubernetes---kb_854_Normalized.json::test_00001,invalid,passed,False,True,correct_reject,9.32244,0.000141,8.7e-05,1.9e-05,163,13
Kubernetes---kb_854_Normalized.json,Kubernetes---kb_854_Normalized.json::test_00002,invalid,passed,False,True,correct_reject,9.32244,0.000131,8.3e-05,1.6e-05,160,13
Kubernetes---kb_854_Normalized.json,Kubernetes---kb_854_Normalized.json::test_00003,valid,failed,False,True,over_constraint,9.32244,0.000152,9.2e-05,2.1e-05,125,13
Kubernetes---kb_854_Normalized.json,Kubernetes---kb_854_Normalized.json::test_00004,invalid,passed,False,True,correct_reject,9.32244,0.000111,7.1e-05,1.6e-05,117,6
Kubernetes---kb_854_Normalized.json,Kubernetes---kb_854_Normalized.json::test_00005,invalid,passed,False,True,correct_reject,9.32244,0.000149,9e-05,2e-05,125,13
Kubernetes---kb_855_Normalized.json,Kubernetes---kb_855_Normalized.json::test_00000,valid,failed,False,True,over_constraint,9.73333,0.000131,8.3e-05,1.6e-05,146,13
Kubernetes---kb_855_Normalized.json,Kubernetes---kb_855_Normalized.json::test_00001,invalid,passed,False,True,correct_reject,9.73333,0.000121,7.5e-05,1.5e-05,149,13
Kubernetes---kb_855_Normalized.json,Kubernetes---kb_855_Normalized.json::test_00002,invalid,passed,False,True,correct_reject,9.73333,0.000166,0.000105,2.5e-05,139,13
Kubernetes---kb_855_Normalized.json,Kubernetes---kb_855_Normalized.json::test_00003,valid,failed,False,True,over_constraint,9.73333,0.000127,7.7e-05,1.5e-05,156,13
Kubernetes---kb_855_Normalized.json,Kubernetes---kb_855_Normalized.json::test_00004,invalid,passed,False,True,correct_reject,9.73333,0.000133,8.3e-05,1.7e-05,101,13
Kubernetes---kb_855_Normalized.json,Kubernetes---kb_855_Normalized.json::test_00005,invalid,passed,False,True,correct_reject,9.73333,0.000156,9.5e-05,2.2e-05,155,13
Kubernetes---kb_856_Normalized.json,Kubernetes---kb_856_Normalized.json::test_00000,valid,failed,False,True,over_constraint,9.64035,0.000167,0.000102,2.5e-05,145,13
Kubernetes---kb_856_Normalized.json,Kubernetes---kb_856_Normalized.json::test_00001,invalid,passed,False,True,correct_reject,9.64035,0.00017,0.000102,2.9e-05,148,13
Kubernetes---kb_856_Normalized.json,Kubernetes---kb_856_Normalized.json::test_00002,invalid,passed,False,True,correct_reject,9.64035,0.000127,7.8e-05,1.8e-05,144,13
Kubernetes---kb_856_Normalized.json,Kubernetes---kb_856_Normalized.json::test_00003,invalid,passed,False,True,correct_reject,9.64035,0.00012,7.4e-05,1.5e-05,144,13
Kubernetes---kb_856_Normalized.json,Kubernetes---kb_856_Normalized.json::test_00004,valid,failed,False,True,over_constraint,9.64035,0.000125,7.9e-05,1.7e-05,147,13
Kubernetes---kb_856_Normalized.json,Kubernetes---kb_856_Normalized.json::test_00005,invalid,passed,False,True,correct_reject,9.64035,0.000147,9.8e-05,1.7e-05,146,13
Kubernetes---kb_856_Normalized.json,Kubernetes---kb_856_Normalized.json::test_00006,invalid,passed,False,True,correct_reject,9.64035,0.000129,8.1e-05,1.5e-05,133,13
Kubernetes---kb_857_Normalized.json,Kubernetes---kb_857_Normalized.json::test_00000,valid,failed,False,True,over_constraint,9.4769,0.006991,0.006831,5.4e-05,137,43
Kubernetes---kb_857_Normalized.json,Kubernetes---kb_857_Normalized.json::test_00001,invalid,passed,False,True,correct_reject,9.4769,0.007547,0.007373,6.9e-05,140,43
Kubernetes---kb_857_Normalized.json,Kubernetes---kb_857_Normalized.json::test_00002,invalid,passed,False,True,correct_reject,9.4769,0.007851,0.007647,8.4e-05,136,43
Kubernetes---kb_857_Normalized.json,Kubernetes---kb_857_Normalized.json::test_00003,invalid,passed,False,True,correct_reject,9.4769,0.000133,8.2e-05,1.4e-05,126,6
Kubernetes---kb_857_Normalized.json,Kubernetes---kb_857_Normalized.json::test_00004,invalid,passed,False,True,correct_reject,9.4769,0.007411,0.007244,6.3e-05,168,43
Kubernetes---kb_857_Normalized.json,Kubernetes---kb_857_Normalized.json::test_00005,valid,passed,True,True,correct_accept,9.4769,0.016953,0.016555,0.000125,127,127
Kubernetes---kb_857_Normalized.json,Kubernetes---kb_857_Normalized.json::test_00006,invalid,passed,False,True,correct_reject,9.4769,0.00011,7e-05,1.8e-05,131,5
Kubernetes---kb_858_Normalized.json,Kubernetes---kb_858_Normalized.json::test_00000,valid,failed,False,True,over_constraint,9.59232,8.8e-05,5.4e-05,8e-06,148,13
Kubernetes---kb_858_Normalized.json,Kubernetes---kb_858_Normalized.json::test_00001,invalid,passed,False,True,correct_reject,9.59232,8.6e-05,5.4e-05,8e-06,151,13
Kubernetes---kb_858_Normalized.json,Kubernetes---kb_858_Normalized.json::test_00002,invalid,passed,False,True,correct_reject,9.59232,8.6e-05,5.3e-05,1.1e-05,147,13
Kubernetes---kb_858_Normalized.json,Kubernetes---kb_858_Normalized.json::test_00003,invalid,passed,False,True,correct_reject,9.59232,8.7e-05,5.5e-05,7e-06,146,13
Kubernetes---kb_858_Normalized.json,Kubernetes---kb_858_Normalized.json::test_00004,invalid,passed,False,True,correct_reject,9.59232,0.000106,6.2e-05,1.2e-05,147,13
Kubernetes---kb_858_Normalized.json,Kubernetes---kb_858_Normalized.json::test_00005,invalid,passed,False,True,correct_reject,9.59232,8.9e-05,5.5e-05,1e-05,145,13
Kubernetes---kb_858_Normalized.json,Kubernetes---kb_858_Normalized.json::test_00006,invalid,passed,False,True,correct_reject,9.59232,0.000105,6.3e-05,1.5e-05,88,13
Kubernetes---kb_859_Normalized.json,Kubernetes---kb_859_Normalized.json::test_00000,valid,failed,False,True,over_constraint,8.10239,0.000122,7.3e-05,1.5e-05,163,13
Kubernetes---kb_859_Normalized.json,Kubernetes---kb_859_Normalized.json::test_00001,invalid,passed,False,True,correct_reject,8.10239,0.000115,7.1e-05,1.3e-05,55,13
Kubernetes---kb_859_Normalized.json,Kubernetes---kb_859_Normalized.json::test_00002,invalid,passed,False,True,correct_reject,8.10239,0.000131,8.1e-05,1.6e-05,161,13
Kubernetes---kb_859_Normalized.json,Kubernetes---kb_859_Normalized.json::test_00003,valid,failed,False,True,over_constraint,8.10239,0.000116,7.1e-05,1.4e-05,162,13
Kubernetes---kb_859_Normalized.json,Kubernetes---kb_859_Normalized.json::test_00004,invalid,passed,False,True,correct_reject,8.10239,9e-05,5.5e-05,9e-06,161,13
Kubernetes---kb_85_Normalized.json,Kubernetes---kb_85_Normalized.json::test_00000,valid,failed,False,True,over_constraint,7.70061,0.000109,6.4e-05,1.7e-05,98,13
Kubernetes---kb_85_Normalized.json,Kubernetes---kb_85_Normalized.json::test_00001,invalid,passed,False,True,correct_reject,7.70061,0.000147,8.8e-05,2.4e-05,101,13
Kubernetes---kb_85_Normalized.json,Kubernetes---kb_85_Normalized.json::test_00002,invalid,passed,False,True,correct_reject,7.70061,8.8e-05,5.6e-05,9e-06,100,13
Kubernetes---kb_85_Normalized.json,Kubernetes---kb_85_Normalized.json::test_00003,invalid,passed,False,True,correct_reject,7.70061,8.7e-05,5.5e-05,9e-06,91,13
Kubernetes---kb_85_Normalized.json,Kubernetes---kb_85_Normalized.json::test_00004,valid,failed,False,True,over_constraint,7.70061,0.000696,0.000593,2.7e-05,138,44
Kubernetes---kb_85_Normalized.json,Kubernetes---kb_85_Normalized.json::test_00005,invalid,passed,False,True,correct_reject,7.70061,9.9e-05,6.4e-05,1e-05,112,13
Kubernetes---kb_85_Normalized.json,Kubernetes---kb_85_Normalized.json::test_00006,invalid,passed,False,True,correct_reject,7.70061,0.000142,8.3e-05,2.2e-05,144,13
Kubernetes---kb_860_Normalized.json,Kubernetes---kb_860_Normalized.json::test_00000,valid,failed,False,True,over_constraint,10.0055,0.000116,7.1e-05,1.4e-05,154,13
Kubernetes---kb_860_Normalized.json,Kubernetes---kb_860_Normalized.json::test_00001,invalid,passed,False,True,correct_reject,10.0055,0.00011,6.6e-05,1.5e-05,152,13
Kubernetes---kb_860_Normalized.json,Kubernetes---kb_860_Normalized.json::test_00002,invalid,passed,False,True,correct_reject,10.0055,0.000167,0.000102,2.3e-05,153,13
Kubernetes---kb_860_Normalized.json,Kubernetes---kb_860_Normalized.json::test_00003,invalid,passed,False,True,correct_reject,10.0055,8.8e-05,5.3e-05,9e-06,153,13
Kubernetes---kb_860_Normalized.json,Kubernetes---kb_860_Normalized.json::test_00004,invalid,passed,False,True,correct_reject,10.0055,8.6e-05,5.3e-05,1.3e-05,144,6
Kubernetes---kb_861_Normalized.json,Kubernetes---kb_861_Normalized.json::test_00000,valid,running_validation,,False,no_decision,7.62076,,,,154,
Kubernetes---kb_861_Normalized.json,Kubernetes---kb_861_Normalized.json::test_00001,invalid,running_validation,,False,no_decision,13.4188,,,,137,
Kubernetes---kb_861_Normalized.json,Kubernetes---kb_861_Normalized.json::test_00002,invalid,compiled,,False,no_decision,13.4188,,,,,
Kubernetes---kb_861_Normalized.json,Kubernetes---kb_861_Normalized.json::test_00003,invalid,compiled,,False,no_decision,13.4188,,,,,
Kubernetes---kb_861_Normalized.json,Kubernetes---kb_861_Normalized.json::test_00004,invalid,compiled,,False,no_decision,13.4188,,,,,
Kubernetes---kb_861_Normalized.json,Kubernetes---kb_861_Normalized.json::test_00005,invalid,compiled,,False,no_decision,13.4188,,,,,
Kubernetes---kb_861_Normalized.json,Kubernetes---kb_861_Normalized.json::test_00006,invalid,compiled,,False,no_decision,13.4188,,,,,
Kubernetes---kb_862_Normalized.json,Kubernetes---kb_862_Normalized.json::test_00000,valid,failed,False,True,over_constraint,12.6711,0.000127,7.9e-05,1.6e-05,122,13
Kubernetes---kb_862_Normalized.json,Kubernetes---kb_862_Normalized.json::test_00001,invalid,passed,False,True,correct_reject,12.6711,0.000123,7.8e-05,1.4e-05,122,13
Kubernetes---kb_862_Normalized.json,Kubernetes---kb_862_Normalized.json::test_00002,invalid,passed,False,True,correct_reject,12.6711,0.000141,8.4e-05,1.8e-05,125,13
Kubernetes---kb_862_Normalized.json,Kubernetes---kb_862_Normalized.json::test_00003,valid,failed,False,True,over_constraint,12.6711,0.000146,8.5e-05,2.3e-05,114,13
Kubernetes---kb_862_Normalized.json,Kubernetes---kb_862_Normalized.json::test_00004,invalid,passed,False,True,correct_reject,12.6711,0.000167,0.000104,2.6e-05,109,13
Kubernetes---kb_862_Normalized.json,Kubernetes---kb_862_Normalized.json::test_00005,invalid,passed,False,True,correct_reject,12.6711,0.000165,0.000102,2.2e-05,114,13
Kubernetes---kb_863_Normalized.json,Kubernetes---kb_863_Normalized.json::test_00000,valid,failed,False,True,over_constraint,11.5833,0.00013,7.9e-05,1.9e-05,137,13
Kubernetes---kb_863_Normalized.json,Kubernetes---kb_863_Normalized.json::test_00001,invalid,passed,False,True,correct_reject,11.5833,0.000112,6.8e-05,1.2e-05,139,13
Kubernetes---kb_863_Normalized.json,Kubernetes---kb_863_Normalized.json::test_00002,invalid,passed,False,True,correct_reject,11.5833,0.000119,7.3e-05,1.4e-05,131,13
Kubernetes---kb_863_Normalized.json,Kubernetes---kb_863_Normalized.json::test_00003,invalid,passed,False,True,correct_reject,11.5833,0.000148,8.9e-05,2.4e-05,53,13
Kubernetes---kb_863_Normalized.json,Kubernetes---kb_863_Normalized.json::test_00004,invalid,passed,False,True,correct_reject,11.5833,0.000106,6.3e-05,1.2e-05,137,13
Kubernetes---kb_864_Normalized.json,Kubernetes---kb_864_Normalized.json::test_00000,valid,failed,False,True,over_constraint,7.7464,0.000116,6.9e-05,1.6e-05,139,13
Kubernetes---kb_864_Normalized.json,Kubernetes---kb_864_Normalized.json::test_00001,invalid,passed,False,True,correct_reject,7.7464,8.6e-05,5.3e-05,7e-06,133,13
Kubernetes---kb_864_Normalized.json,Kubernetes---kb_864_Normalized.json::test_00002,invalid,passed,False,True,correct_reject,7.7464,0.000107,6.2e-05,1.3e-05,142,13
Kubernetes---kb_864_Normalized.json,Kubernetes---kb_864_Normalized.json::test_00003,valid,failed,False,True,over_constraint,7.7464,0.000154,9.3e-05,2.1e-05,120,13
Kubernetes---kb_864_Normalized.json,Kubernetes---kb_864_Normalized.json::test_00004,invalid,passed,False,True,correct_reject,7.7464,9.4e-05,5.6e-05,1e-05,114,13
Kubernetes---kb_865_Normalized.json,Kubernetes---kb_865_Normalized.json::test_00000,valid,passed,True,True,correct_accept,8.25944,0.011273,0.010677,0.000218,151,151
Kubernetes---kb_865_Normalized.json,Kubernetes---kb_865_Normalized.json::test_00001,invalid,passed,False,True,correct_reject,8.25944,0.009993,0.009591,0.000149,154,102
Kubernetes---kb_865_Normalized.json,Kubernetes---kb_865_Normalized.json::test_00002,invalid,passed,False,True,correct_reject,8.25944,0.010403,0.009999,0.000143,155,102
Kubernetes---kb_865_Normalized.json,Kubernetes---kb_865_Normalized.json::test_00003,invalid,passed,False,True,correct_reject,8.25944,0.009731,0.009373,0.000139,134,81
Kubernetes---kb_865_Normalized.json,Kubernetes---kb_865_Normalized.json::test_00004,invalid,passed,False,True,correct_reject,8.25944,0.008972,0.008707,8.7e-05,135,82
Kubernetes---kb_866_Normalized.json,Kubernetes---kb_866_Normalized.json::test_00000,valid,passed,True,True,correct_accept,0.873022,0.00141,0.001251,7e-05,26,26
Kubernetes---kb_866_Normalized.json,Kubernetes---kb_866_Normalized.json::test_00001,invalid,passed,False,True,correct_reject,0.873022,8e-05,5.7e-05,8e-06,20,6
Kubernetes---kb_866_Normalized.json,Kubernetes---kb_866_Normalized.json::test_00002,invalid,passed,False,True,correct_reject,0.873022,0.000469,0.000409,1.1e-05,26,25
Kubernetes---kb_866_Normalized.json,Kubernetes---kb_866_Normalized.json::test_00003,invalid,passed,False,True,correct_reject,0.873022,5.7e-05,3.7e-05,6e-06,19,5
Kubernetes---kb_867_Normalized.json,Kubernetes---kb_867_Normalized.json::test_00000,valid,passed,True,True,correct_accept,4.7e-05,0.000988,0.000879,3.9e-05,26,26
Kubernetes---kb_867_Normalized.json,Kubernetes---kb_867_Normalized.json::test_00001,invalid,passed,False,True,correct_reject,4.7e-05,8.2e-05,5.6e-05,8e-06,20,6
Kubernetes---kb_867_Normalized.json,Kubernetes---kb_867_Normalized.json::test_00002,invalid,passed,False,True,correct_reject,4.7e-05,0.000649,0.000566,2.3e-05,26,25
Kubernetes---kb_867_Normalized.json,Kubernetes---kb_867_Normalized.json::test_00003,invalid,passed,False,True,correct_reject,4.7e-05,7e-05,4.7e-05,8e-06,19,5
Kubernetes---kb_867_Normalized.json,Kubernetes---kb_867_Normalized.json::test_00004,invalid,passed,False,True,correct_reject,4.7e-05,0.000428,0.000373,1.6e-05,20,18
Kubernetes---kb_868_Normalized.json,Kubernetes---kb_868_Normalized.json::test_00000,valid,passed,True,True,correct_accept,5.3e-05,0.000789,0.0007,2.9e-05,26,26
Kubernetes---kb_868_Normalized.json,Kubernetes---kb_868_Normalized.json::test_00001,invalid,passed,False,True,correct_reject,5.3e-05,9.5e-05,6.7e-05,1.1e-05,20,6
Kubernetes---kb_868_Normalized.json,Kubernetes---kb_868_Normalized.json::test_00002,invalid,passed,False,True,correct_reject,5.3e-05,0.000664,0.000582,2.4e-05,26,25
Kubernetes---kb_868_Normalized.json,Kubernetes---kb_868_Normalized.json::test_00003,invalid,passed,False,True,correct_reject,5.3e-05,9.5e-05,6.2e-05,1.3e-05,19,5
Kubernetes---kb_868_Normalized.json,Kubernetes---kb_868_Normalized.json::test_00004,invalid,passed,False,True,correct_reject,5.3e-05,0.000938,0.00084,4.6e-05,25,18
Kubernetes---kb_869_Normalized.json,Kubernetes---kb_869_Normalized.json::test_00000,valid,passed,True,True,correct_accept,4.8e-05,0.000547,0.000476,1.8e-05,26,26
Kubernetes---kb_869_Normalized.json,Kubernetes---kb_869_Normalized.json::test_00001,invalid,passed,False,True,correct_reject,4.8e-05,7.9e-05,5.4e-05,8e-06,20,6
Kubernetes---kb_869_Normalized.json,Kubernetes---kb_869_Normalized.json::test_00002,invalid,passed,False,True,correct_reject,4.8e-05,0.000475,0.000414,1.2e-05,26,25
Kubernetes---kb_869_Normalized.json,Kubernetes---kb_869_Normalized.json::test_00003,invalid,passed,False,True,correct_reject,4.8e-05,0.000534,0.00047,2.1e-05,25,18
Kubernetes---kb_86_Normalized.json,Kubernetes---kb_86_Normalized.json::test_00000,valid,passed,True,True,correct_accept,7.53875,0.010558,0.010301,7.1e-05,98,98
Kubernetes---kb_86_Normalized.json,Kubernetes---kb_86_Normalized.json::test_00001,invalid,passed,False,True,correct_reject,7.53875,0.0001,7.5e-05,9e-06,89,6
Kubernetes---kb_86_Normalized.json,Kubernetes---kb_86_Normalized.json::test_00002,invalid,passed,False,True,correct_reject,7.53875,0.011048,0.010792,6.8e-05,101,99
Kubernetes---kb_86_Normalized.json,Kubernetes---kb_86_Normalized.json::test_00003,invalid,passed,False,True,correct_reject,7.53875,0.009458,0.00919,8.4e-05,91,90
Kubernetes---kb_86_Normalized.json,Kubernetes---kb_86_Normalized.json::test_00004,valid,passed,True,True,correct_accept,7.53875,0.01277,0.012433,0.000103,107,107
Kubernetes---kb_86_Normalized.json,Kubernetes---kb_86_Normalized.json::test_00005,invalid,passed,False,True,correct_reject,7.53875,0.006066,0.005865,7e-05,64,62
Kubernetes---kb_870_Normalized.json,Kubernetes---kb_870_Normalized.json::test_00000,valid,passed,True,True,correct_accept,0.992342,0.000149,0.000126,1e-05,6,6
Kubernetes---kb_870_Normalized.json,Kubernetes---kb_870_Normalized.json::test_00001,invalid,passed,False,True,correct_reject,0.992342,6e-05,3.9e-05,9e-06,6,4
Kubernetes---kb_870_Normalized.json,Kubernetes---kb_870_Normalized.json::test_00002,invalid,passed,False,True,correct_reject,0.992342,5.3e-05,3.6e-05,7e-06,6,4
Kubernetes---kb_870_Normalized.json,Kubernetes---kb_870_Normalized.json::test_00003,invalid,passed,False,True,correct_reject,0.992342,5.3e-05,3.4e-05,7e-06,5,4
Kubernetes---kb_870_Normalized.json,Kubernetes---kb_870_Normalized.json::test_00004,invalid,passed,False,True,correct_reject,0.992342,0.000148,0.000125,8e-06,8,6
Kubernetes---kb_870_Normalized.json,Kubernetes---kb_870_Normalized.json::test_00005,valid,passed,True,True,correct_accept,0.992342,0.000198,0.000168,1.2e-05,6,6
Kubernetes---kb_871_Normalized.json,Kubernetes---kb_871_Normalized.json::test_00000,valid,passed,True,True,correct_accept,3.2e-05,0.000149,0.000126,7e-06,6,6
Kubernetes---kb_871_Normalized.json,Kubernetes---kb_871_Normalized.json::test_00001,invalid,passed,False,True,correct_reject,3.2e-05,5.3e-05,3.5e-05,7e-06,6,4
Kubernetes---kb_871_Normalized.json,Kubernetes---kb_871_Normalized.json::test_00002,invalid,passed,False,True,correct_reject,3.2e-05,5.1e-05,3.2e-05,7e-06,5,4
Kubernetes---kb_871_Normalized.json,Kubernetes---kb_871_Normalized.json::test_00003,invalid,passed,False,True,correct_reject,3.2e-05,0.000171,0.000143,9e-06,8,6
Kubernetes---kb_871_Normalized.json,Kubernetes---kb_871_Normalized.json::test_00004,valid,passed,True,True,correct_accept,3.2e-05,0.000148,0.000123,8e-06,6,6
Kubernetes---kb_872_Normalized.json,Kubernetes---kb_872_Normalized.json::test_00000,valid,passed,True,True,correct_accept,3.7e-05,0.000151,0.000129,8e-06,6,6
Kubernetes---kb_872_Normalized.json,Kubernetes---kb_872_Normalized.json::test_00001,invalid,passed,False,True,correct_reject,3.7e-05,6.1e-05,4.2e-05,8e-06,6,4
Kubernetes---kb_872_Normalized.json,Kubernetes---kb_872_Normalized.json::test_00002,invalid,passed,False,True,correct_reject,3.7e-05,6.9e-05,4.5e-05,1.1e-05,6,4
Kubernetes---kb_872_Normalized.json,Kubernetes---kb_872_Normalized.json::test_00003,invalid,passed,False,True,correct_reject,3.7e-05,7e-05,4.4e-05,1.1e-05,5,4
Kubernetes---kb_872_Normalized.json,Kubernetes---kb_872_Normalized.json::test_00004,invalid,passed,False,True,correct_reject,3.7e-05,0.000161,0.000135,9e-06,8,6
Kubernetes---kb_872_Normalized.json,Kubernetes---kb_872_Normalized.json::test_00005,valid,passed,True,True,correct_accept,3.7e-05,0.000186,0.000151,1.4e-05,6,6
Kubernetes---kb_872_Normalized.json,Kubernetes---kb_872_Normalized.json::test_00006,invalid,passed,False,True,correct_reject,3.7e-05,0.000192,0.000158,1.4e-05,8,6
Kubernetes---kb_873_Normalized.json,Kubernetes---kb_873_Normalized.json::test_00000,valid,passed,True,True,correct_accept,0.816646,0.000197,0.000164,1.4e-05,7,7
Kubernetes---kb_873_Normalized.json,Kubernetes---kb_873_Normalized.json::test_00001,invalid,passed,False,True,correct_reject,0.816646,0.000201,0.000171,1.2e-05,9,7
Kubernetes---kb_874_Normalized.json,Kubernetes---kb_874_Normalized.json::test_00000,valid,passed,True,True,correct_accept,4.3e-05,0.000181,0.000156,8e-06,7,7
Kubernetes---kb_875_Normalized.json,Kubernetes---kb_875_Normalized.json::test_00000,valid,passed,True,True,correct_accept,4.4e-05,0.00017,0.000143,8e-06,7,7
Kubernetes---kb_875_Normalized.json,Kubernetes---kb_875_Normalized.json::test_00001,valid,passed,True,True,correct_accept,4.4e-05,0.000215,0.000183,1.3e-05,7,7
Kubernetes---kb_875_Normalized.json,Kubernetes---kb_875_Normalized.json::test_00002,invalid,passed,False,True,correct_reject,4.4e-05,6e-05,4e-05,8e-06,10,5
Kubernetes---kb_876_Normalized.json,Kubernetes---kb_876_Normalized.json::test_00000,valid,passed,True,True,correct_accept,6.2e-05,0.000188,0.000156,1.3e-05,7,7
Kubernetes---kb_876_Normalized.json,Kubernetes---kb_876_Normalized.json::test_00001,invalid,passed,False,True,correct_reject,6.2e-05,0.000224,0.00019,1.3e-05,9,7
Kubernetes---kb_877_Normalized.json,Kubernetes---kb_877_Normalized.json::test_00000,valid,passed,True,True,correct_accept,1.17994,0.000347,0.000296,1.5e-05,15,15
Kubernetes---kb_877_Normalized.json,Kubernetes---kb_877_Normalized.json::test_00001,valid,passed,True,True,correct_accept,1.17994,0.000401,0.000347,1.9e-05,16,16
Kubernetes---kb_878_Normalized.json,Kubernetes---kb_878_Normalized.json::test_00000,valid,passed,True,True,correct_accept,6.2e-05,0.000283,0.000242,8e-06,15,15
Kubernetes---kb_878_Normalized.json,Kubernetes---kb_878_Normalized.json::test_00001,invalid,passed,False,True,correct_reject,6.2e-05,0.000211,0.000175,1.3e-05,17,8
Kubernetes---kb_878_Normalized.json,Kubernetes---kb_878_Normalized.json::test_00002,invalid,passed,False,True,correct_reject,6.2e-05,0.000313,0.000257,2e-05,14,13
Kubernetes---kb_879_Normalized.json,Kubernetes---kb_879_Normalized.json::test_00000,valid,passed,True,True,correct_accept,5.8e-05,0.000466,0.000407,1.9e-05,15,15
Kubernetes---kb_879_Normalized.json,Kubernetes---kb_879_Normalized.json::test_00001,valid,passed,True,True,correct_accept,5.8e-05,0.000362,0.000311,1.6e-05,16,16
Kubernetes---kb_879_Normalized.json,Kubernetes---kb_879_Normalized.json::test_00002,invalid,passed,False,True,correct_reject,5.8e-05,7.5e-05,5.2e-05,7e-06,15,6
Kubernetes---kb_87_Normalized.json,Kubernetes---kb_87_Normalized.json::test_00000,valid,failed,False,True,over_constraint,6.94447,8.8e-05,5.4e-05,1.1e-05,129,13
Kubernetes---kb_87_Normalized.json,Kubernetes---kb_87_Normalized.json::test_00001,invalid,passed,False,True,correct_reject,6.94447,0.00011,6.5e-05,1.5e-05,131,13
Kubernetes---kb_87_Normalized.json,Kubernetes---kb_87_Normalized.json::test_00002,invalid,passed,False,True,correct_reject,6.94447,0.00015,9.2e-05,2.4e-05,127,13
Kubernetes---kb_87_Normalized.json,Kubernetes---kb_87_Normalized.json::test_00003,valid,failed,False,True,over_constraint,6.94447,8.6e-05,5.4e-05,9e-06,154,13
Kubernetes---kb_87_Normalized.json,Kubernetes---kb_87_Normalized.json::test_00004,invalid,passed,False,True,correct_reject,6.94447,8.9e-05,5.5e-05,9e-06,147,13
Kubernetes---kb_880_Normalized.json,Kubernetes---kb_880_Normalized.json::test_00000,valid,passed,True,True,correct_accept,0.977496,0.000298,0.000256,1e-05,16,16
Kubernetes---kb_881_Normalized.json,Kubernetes---kb_881_Normalized.json::test_00000,valid,passed,True,True,correct_accept,5.1e-05,0.00041,0.000344,2.3e-05,16,16
Kubernetes---kb_881_Normalized.json,Kubernetes---kb_881_Normalized.json::test_00001,valid,passed,True,True,correct_accept,5.1e-05,0.000435,0.000371,2.4e-05,15,15
Kubernetes---kb_881_Normalized.json,Kubernetes---kb_881_Normalized.json::test_00002,invalid,passed,False,True,correct_reject,5.1e-05,9.4e-05,6.7e-05,1e-05,13,6
Kubernetes---kb_882_Normalized.json,Kubernetes---kb_882_Normalized.json::test_00000,valid,passed,True,True,correct_accept,0.867591,0.000195,0.000161,1.3e-05,6,6
Kubernetes---kb_882_Normalized.json,Kubernetes---kb_882_Normalized.json::test_00001,invalid,passed,False,True,correct_reject,0.867591,7.7e-05,5.1e-05,1.2e-05,6,4
Kubernetes---kb_882_Normalized.json,Kubernetes---kb_882_Normalized.json::test_00002,invalid,passed,False,True,correct_reject,0.867591,6.9e-05,4.6e-05,9e-06,5,4
Kubernetes---kb_882_Normalized.json,Kubernetes---kb_882_Normalized.json::test_00003,invalid,passed,False,True,correct_reject,0.867591,9.6e-05,6e-05,1.5e-05,6,4
Kubernetes---kb_882_Normalized.json,Kubernetes---kb_882_Normalized.json::test_00004,invalid,passed,False,True,correct_reject,0.867591,0.000205,0.000171,1.2e-05,8,6
Kubernetes---kb_883_Normalized.json,Kubernetes---kb_883_Normalized.json::test_00000,valid,passed,True,True,correct_accept,1.13221,0.000201,0.000168,1.5e-05,6,6
Kubernetes---kb_883_Normalized.json,Kubernetes---kb_883_Normalized.json::test_00001,invalid,passed,False,True,correct_reject,1.13221,8.9e-05,5.7e-05,1.4e-05,6,4
Kubernetes---kb_883_Normalized.json,Kubernetes---kb_883_Normalized.json::test_00002,invalid,passed,False,True,correct_reject,1.13221,7.2e-05,4.7e-05,1e-05,5,4
Kubernetes---kb_884_Normalized.json,Kubernetes---kb_884_Normalized.json::test_00000,valid,passed,True,True,correct_accept,5.6e-05,0.00019,0.000162,1e-05,6,6
Kubernetes---kb_884_Normalized.json,Kubernetes---kb_884_Normalized.json::test_00001,invalid,passed,False,True,correct_reject,5.6e-05,7.4e-05,4.9e-05,1e-05,6,4
Kubernetes---kb_884_Normalized.json,Kubernetes---kb_884_Normalized.json::test_00002,invalid,passed,False,True,correct_reject,5.6e-05,0.000105,6.5e-05,1.9e-05,6,4
Kubernetes---kb_884_Normalized.json,Kubernetes---kb_884_Normalized.json::test_00003,invalid,passed,False,True,correct_reject,5.6e-05,7.4e-05,5e-05,1.1e-05,5,4
Kubernetes---kb_885_Normalized.json,Kubernetes---kb_885_Normalized.json::test_00000,valid,passed,True,True,correct_accept,4.4e-05,0.000183,0.000151,1.2e-05,6,6
Kubernetes---kb_885_Normalized.json,Kubernetes---kb_885_Normalized.json::test_00001,invalid,passed,False,True,correct_reject,4.4e-05,8.4e-05,5.3e-05,1.4e-05,6,4
Kubernetes---kb_885_Normalized.json,Kubernetes---kb_885_Normalized.json::test_00002,invalid,passed,False,True,correct_reject,4.4e-05,5.5e-05,3.6e-05,8e-06,6,4
Kubernetes---kb_885_Normalized.json,Kubernetes---kb_885_Normalized.json::test_00003,invalid,passed,False,True,correct_reject,4.4e-05,5.1e-05,3.2e-05,8e-06,5,4
Kubernetes---kb_887_Normalized.json,Kubernetes---kb_887_Normalized.json::test_00000,valid,passed,True,True,correct_accept,1.61277,0.000791,0.000694,2.3e-05,41,41
Kubernetes---kb_887_Normalized.json,Kubernetes---kb_887_Normalized.json::test_00001,invalid,passed,False,True,correct_reject,1.61277,0.000118,8.4e-05,1.4e-05,41,6
Kubernetes---kb_888_Normalized.json,Kubernetes---kb_888_Normalized.json::test_00000,valid,passed,True,True,correct_accept,6.6e-05,0.000797,0.000699,2.2e-05,41,41
Kubernetes---kb_888_Normalized.json,Kubernetes---kb_888_Normalized.json::test_00001,invalid,passed,False,True,correct_reject,6.6e-05,7.9e-05,5.7e-05,7e-06,41,6
Kubernetes---kb_889_Normalized.json,Kubernetes---kb_889_Normalized.json::test_00000,valid,passed,True,True,correct_accept,8.2e-05,0.001739,0.001552,8e-05,41,41
Kubernetes---kb_889_Normalized.json,Kubernetes---kb_889_Normalized.json::test_00001,invalid,passed,False,True,correct_reject,8.2e-05,9e-05,6e-05,1.2e-05,41,5
Kubernetes---kb_88_Normalized.json,Kubernetes---kb_88_Normalized.json::test_00000,valid,failed,False,True,over_constraint,7.92478,0.000107,6.5e-05,1.3e-05,291,13
Kubernetes---kb_88_Normalized.json,Kubernetes---kb_88_Normalized.json::test_00001,invalid,passed,False,True,correct_reject,7.33104,0.000405,9e-05,0.000276,328,13
Kubernetes---kb_88_Normalized.json,Kubernetes---kb_88_Normalized.json::test_00002,invalid,passed,False,True,correct_reject,7.33104,0.00014,8.9e-05,1.6e-05,294,13
Kubernetes---kb_88_Normalized.json,Kubernetes---kb_88_Normalized.json::test_00003,invalid,passed,False,True,correct_reject,7.33104,0.000374,7.2e-05,0.000269,298,13
Kubernetes---kb_88_Normalized.json,Kubernetes---kb_88_Normalized.json::test_00004,invalid,passed,False,True,correct_reject,7.33104,0.000117,7.5e-05,1.3e-05,289,13
Kubernetes---kb_88_Normalized.json,Kubernetes---kb_88_Normalized.json::test_00005,valid,failed,False,True,over_constraint,7.33104,0.000445,9.1e-05,0.000317,208,13
Kubernetes---kb_88_Normalized.json,Kubernetes---kb_88_Normalized.json::test_00006,invalid,passed,False,True,correct_reject,7.33104,0.000121,7.7e-05,1.3e-05,210,13
Kubernetes---kb_891_Normalized.json,Kubernetes---kb_891_Normalized.json::test_00000,valid,passed,True,True,correct_accept,1.16124,0.002993,0.002878,2.7e-05,39,39
Kubernetes---kb_891_Normalized.json,Kubernetes---kb_891_Normalized.json::test_00001,invalid,passed,False,True,correct_reject,1.16124,6.4e-05,4.3e-05,6e-06,37,4
Kubernetes---kb_892_Normalized.json,Kubernetes---kb_892_Normalized.json::test_00000,valid,passed,True,True,correct_accept,5.1e-05,0.003049,0.002944,2.6e-05,39,39
Kubernetes---kb_892_Normalized.json,Kubernetes---kb_892_Normalized.json::test_00001,invalid,passed,False,True,correct_reject,5.1e-05,0.000375,0.00033,1.7e-05,14,8
Kubernetes---kb_894_Normalized.json,Kubernetes---kb_894_Normalized.json::test_00000,valid,passed,True,True,correct_accept,1.227,0.002993,0.002882,2.7e-05,39,39
Kubernetes---kb_894_Normalized.json,Kubernetes---kb_894_Normalized.json::test_00001,invalid,passed,False,True,correct_reject,1.227,0.000104,7.2e-05,1.2e-05,39,5
Kubernetes---kb_895_Normalized.json,Kubernetes---kb_895_Normalized.json::test_00000,valid,passed,True,True,correct_accept,7.2e-05,0.003257,0.003138,2.9e-05,39,39
Kubernetes---kb_895_Normalized.json,Kubernetes---kb_895_Normalized.json::test_00001,invalid,compiled,,False,no_decision,7.2e-05,,,,,
Kubernetes---kb_896_Normalized.json,Kubernetes---kb_896_Normalized.json::test_00000,valid,failed,False,True,over_constraint,8.41849,0.000104,6.1e-05,1.3e-05,129,11
Kubernetes---kb_896_Normalized.json,Kubernetes---kb_896_Normalized.json::test_00001,valid,failed,False,True,over_constraint,8.41849,0.000109,6.9e-05,1.4e-05,135,11
Kubernetes---kb_896_Normalized.json,Kubernetes---kb_896_Normalized.json::test_00002,invalid,passed,False,True,correct_reject,8.41849,0.000129,7.7e-05,1.9e-05,133,11
Kubernetes---kb_897_Normalized.json,Kubernetes---kb_897_Normalized.json::test_00000,valid,failed,False,True,over_constraint,7.50091,8.5e-05,5.2e-05,9e-06,121,11
Kubernetes---kb_897_Normalized.json,Kubernetes---kb_897_Normalized.json::test_00001,invalid,passed,False,True,correct_reject,7.50091,0.0001,6.1e-05,1.1e-05,129,11
Kubernetes---kb_897_Normalized.json,Kubernetes---kb_897_Normalized.json::test_00002,invalid,passed,False,True,correct_reject,7.50091,0.000103,6.6e-05,1.1e-05,234,11
Kubernetes---kb_898_Normalized.json,Kubernetes---kb_898_Normalized.json::test_00000,valid,passed,True,True,correct_accept,7.48296,0.006365,0.00603,0.000105,118,118
Kubernetes---kb_898_Normalized.json,Kubernetes---kb_898_Normalized.json::test_00001,valid,passed,True,True,correct_accept,7.48296,0.004357,0.004093,5.2e-05,126,126
Kubernetes---kb_898_Normalized.json,Kubernetes---kb_898_Normalized.json::test_00002,invalid,passed,False,True,correct_reject,7.48296,0.002227,0.002176,1.5e-05,125,17
Kubernetes---kb_899_Normalized.json,Kubernetes---kb_899_Normalized.json::test_00000,valid,failed,False,True,over_constraint,8.56586,0.000112,6.8e-05,1.5e-05,195,11
Kubernetes---kb_899_Normalized.json,Kubernetes---kb_899_Normalized.json::test_00001,valid,failed,False,True,over_constraint,8.56586,0.00011,6.7e-05,1.6e-05,180,11
Kubernetes---kb_899_Normalized.json,Kubernetes---kb_899_Normalized.json::test_00002,invalid,passed,False,True,correct_reject,8.56586,0.000114,7.1e-05,1.4e-05,177,11
Kubernetes---kb_89_Normalized.json,Kubernetes---kb_89_Normalized.json::test_00000,valid,failed,False,True,over_constraint,6.39226,8.7e-05,5.4e-05,9e-06,166,13
Kubernetes---kb_89_Normalized.json,Kubernetes---kb_89_Normalized.json::test_00001,invalid,passed,False,True,correct_reject,6.39226,8.7e-05,5.5e-05,9e-06,163,13
Kubernetes---kb_89_Normalized.json,Kubernetes---kb_89_Normalized.json::test_00002,invalid,passed,False,True,correct_reject,6.39226,0.000143,8.8e-05,2e-05,169,13
Kubernetes---kb_89_Normalized.json,Kubernetes---kb_89_Normalized.json::test_00003,invalid,passed,False,True,correct_reject,6.39226,0.00012,7.1e-05,1.8e-05,165,13
Kubernetes---kb_89_Normalized.json,Kubernetes---kb_89_Normalized.json::test_00004,valid,failed,False,True,over_constraint,6.39226,0.00014,8.5e-05,2.3e-05,178,13
Kubernetes---kb_89_Normalized.json,Kubernetes---kb_89_Normalized.json::test_00005,invalid,passed,False,True,correct_reject,6.39226,0.000119,7e-05,1.8e-05,216,13
Kubernetes---kb_89_Normalized.json,Kubernetes---kb_89_Normalized.json::test_00006,invalid,passed,False,True,correct_reject,6.39226,0.000151,9.1e-05,2.4e-05,212,13
Kubernetes---kb_8_Normalized.json,Kubernetes---kb_8_Normalized.json::test_00000,valid,passed,True,True,correct_accept,4e-05,0.000244,0.000209,1.5e-05,8,8
Kubernetes---kb_8_Normalized.json,Kubernetes---kb_8_Normalized.json::test_00001,invalid,passed,False,True,correct_reject,4e-05,7.9e-05,5.6e-05,8e-06,6,5
Kubernetes---kb_8_Normalized.json,Kubernetes---kb_8_Normalized.json::test_00002,invalid,passed,False,True,correct_reject,4e-05,8.4e-05,5.9e-05,9e-06,7,5
Kubernetes---kb_900_Normalized.json,Kubernetes---kb_900_Normalized.json::test_00000,valid,failed,False,True,over_constraint,9.27285,7.9e-05,4.9e-05,8e-06,152,11
Kubernetes---kb_900_Normalized.json,Kubernetes---kb_900_Normalized.json::test_00001,valid,failed,False,True,over_constraint,9.27285,7.8e-05,4.9e-05,6e-06,192,11
Kubernetes---kb_900_Normalized.json,Kubernetes---kb_900_Normalized.json::test_00002,invalid,passed,False,True,correct_reject,9.27285,0.000125,7.4e-05,1.7e-05,193,11
Kubernetes---kb_900_Normalized.json,Kubernetes---kb_900_Normalized.json::test_00003,invalid,passed,False,True,correct_reject,9.27285,9.7e-05,6.3e-05,9e-06,190,11
Kubernetes---kb_901_Normalized.json,Kubernetes---kb_901_Normalized.json::test_00000,valid,passed,True,True,correct_accept,8.67993,0.008163,0.007734,0.000113,158,158
Kubernetes---kb_901_Normalized.json,Kubernetes---kb_901_Normalized.json::test_00001,valid,passed,True,True,correct_accept,8.67993,0.00601,0.005699,4.9e-05,150,150
Kubernetes---kb_901_Normalized.json,Kubernetes---kb_901_Normalized.json::test_00002,invalid,passed,False,True,correct_reject,8.67993,0.006241,0.006036,5.4e-05,148,70
Kubernetes---kb_904_Normalized.json,Kubernetes---kb_904_Normalized.json::test_00000,valid,passed,True,True,correct_accept,0.984557,0.000644,0.000577,1.7e-05,29,29
Kubernetes---kb_904_Normalized.json,Kubernetes---kb_904_Normalized.json::test_00001,invalid,passed,False,True,correct_reject,0.984557,0.000299,0.00026,1.1e-05,26,14
Kubernetes---kb_904_Normalized.json,Kubernetes---kb_904_Normalized.json::test_00002,invalid,passed,False,True,correct_reject,0.984557,0.000488,0.000437,1.4e-05,32,20
Kubernetes---kb_905_Normalized.json,Kubernetes---kb_905_Normalized.json::test_00000,valid,passed,True,True,correct_accept,4.7e-05,0.000648,0.000576,1.7e-05,29,29
Kubernetes---kb_905_Normalized.json,Kubernetes---kb_905_Normalized.json::test_00001,invalid,passed,False,True,correct_reject,4.7e-05,0.000297,0.000257,1e-05,26,14
Kubernetes---kb_906_Normalized.json,Kubernetes---kb_906_Normalized.json::test_00000,valid,passed,True,True,correct_accept,3.9e-05,0.000649,0.000581,1.6e-05,29,29
Kubernetes---kb_906_Normalized.json,Kubernetes---kb_906_Normalized.json::test_00001,invalid,passed,False,True,correct_reject,3.9e-05,0.000396,0.000337,1.9e-05,26,14
Kubernetes---kb_909_Normalized.json,Kubernetes---kb_909_Normalized.json::test_00000,valid,failed,False,True,over_constraint,6.70909,8.3e-05,5.1e-05,1e-05,70,8
Kubernetes---kb_909_Normalized.json,Kubernetes---kb_909_Normalized.json::test_00001,invalid,passed,False,True,correct_reject,6.70909,9.4e-05,6.1e-05,1.2e-05,76,8
Kubernetes---kb_909_Normalized.json,Kubernetes---kb_909_Normalized.json::test_00002,invalid,passed,False,True,correct_reject,6.70909,0.000133,8.7e-05,1.9e-05,66,6
Kubernetes---kb_909_Normalized.json,Kubernetes---kb_909_Normalized.json::test_00003,invalid,passed,False,True,correct_reject,6.70909,0.000112,7.2e-05,1.2e-05,69,8
Kubernetes---kb_909_Normalized.json,Kubernetes---kb_909_Normalized.json::test_00004,invalid,passed,False,True,correct_reject,6.70909,0.000125,8.1e-05,1.5e-05,69,8
Kubernetes---kb_909_Normalized.json,Kubernetes---kb_909_Normalized.json::test_00005,invalid,passed,False,True,correct_reject,6.70909,0.000122,7.8e-05,1.5e-05,67,8
Kubernetes---kb_909_Normalized.json,Kubernetes---kb_909_Normalized.json::test_00006,valid,failed,False,True,over_constraint,6.70909,0.000111,7.1e-05,1.3e-05,79,8
Kubernetes---kb_909_Normalized.json,Kubernetes---kb_909_Normalized.json::test_00007,invalid,passed,False,True,correct_reject,6.70909,0.000101,6.6e-05,1.2e-05,79,8
Kubernetes---kb_909_Normalized.json,Kubernetes---kb_909_Normalized.json::test_00008,invalid,passed,False,True,correct_reject,6.70909,0.000112,7.1e-05,1.3e-05,79,8
Kubernetes---kb_90_Normalized.json,Kubernetes---kb_90_Normalized.json::test_00000,valid,failed,False,True,over_constraint,8.92209,0.005971,0.005825,5e-05,167,45
Kubernetes---kb_90_Normalized.json,Kubernetes---kb_90_Normalized.json::test_00001,invalid,passed,False,True,correct_reject,8.92209,0.004431,0.00432,3.1e-05,170,45
Kubernetes---kb_90_Normalized.json,Kubernetes---kb_90_Normalized.json::test_00002,invalid,passed,False,True,correct_reject,8.92209,0.004631,0.004515,3.2e-05,166,45
Kubernetes---kb_90_Normalized.json,Kubernetes---kb_90_Normalized.json::test_00003,invalid,passed,False,True,correct_reject,8.92209,0.01553,0.01512,8.5e-05,191,189
Kubernetes---kb_90_Normalized.json,Kubernetes---kb_90_Normalized.json::test_00004,invalid,passed,False,True,correct_reject,8.92209,0.004386,0.004272,3.3e-05,166,45
Kubernetes---kb_90_Normalized.json,Kubernetes---kb_90_Normalized.json::test_00005,valid,passed,True,True,correct_accept,8.92209,0.013962,0.01356,8.6e-05,178,178
Kubernetes---kb_90_Normalized.json,Kubernetes---kb_90_Normalized.json::test_00006,invalid,passed,False,True,correct_reject,8.92209,0.009416,0.009128,6.6e-05,125,123
Kubernetes---kb_90_Normalized.json,Kubernetes---kb_90_Normalized.json::test_00007,invalid,passed,False,True,correct_reject,8.92209,0.006977,0.006749,5.7e-05,176,93
Kubernetes---kb_911_Normalized.json,Kubernetes---kb_911_Normalized.json::test_00000,valid,failed,False,True,over_constraint,6.21924,0.001282,0.001159,4.5e-05,70,34
Kubernetes---kb_911_Normalized.json,Kubernetes---kb_911_Normalized.json::test_00001,invalid,passed,False,True,correct_reject,6.21924,0.001041,0.000947,2.7e-05,76,34
Kubernetes---kb_911_Normalized.json,Kubernetes---kb_911_Normalized.json::test_00002,invalid,passed,False,True,correct_reject,6.21924,0.000167,0.000124,1.5e-05,66,6
Kubernetes---kb_911_Normalized.json,Kubernetes---kb_911_Normalized.json::test_00003,invalid,passed,False,True,correct_reject,6.21924,0.001029,0.000926,3.1e-05,67,34
Kubernetes---kb_911_Normalized.json,Kubernetes---kb_911_Normalized.json::test_00004,invalid,passed,False,True,correct_reject,6.21924,0.001395,0.001232,5e-05,69,49
Kubernetes---kb_911_Normalized.json,Kubernetes---kb_911_Normalized.json::test_00005,invalid,passed,False,True,correct_reject,6.21924,0.001787,0.001617,6.8e-05,67,34
Kubernetes---kb_911_Normalized.json,Kubernetes---kb_911_Normalized.json::test_00006,valid,passed,True,True,correct_accept,6.21924,0.002151,0.001913,6.9e-05,79,79
Kubernetes---kb_911_Normalized.json,Kubernetes---kb_911_Normalized.json::test_00007,invalid,passed,False,True,correct_reject,6.21924,0.000506,0.000453,1.7e-05,82,14
Kubernetes---kb_911_Normalized.json,Kubernetes---kb_911_Normalized.json::test_00008,invalid,passed,False,True,correct_reject,6.21924,0.001812,0.00162,6.2e-05,81,61
Kubernetes---kb_912_Normalized.json,Kubernetes---kb_912_Normalized.json::test_00000,valid,failed,False,True,over_constraint,2.55802,0.001411,0.001259,5.4e-05,99,40
Kubernetes---kb_912_Normalized.json,Kubernetes---kb_912_Normalized.json::test_00001,invalid,passed,False,True,correct_reject,2.55802,0.001374,0.001226,5.4e-05,85,40
Kubernetes---kb_912_Normalized.json,Kubernetes---kb_912_Normalized.json::test_00002,invalid,passed,False,True,correct_reject,2.55802,0.000637,0.000559,2.6e-05,97,21
Kubernetes---kb_912_Normalized.json,Kubernetes---kb_912_Normalized.json::test_00003,invalid,passed,False,True,correct_reject,2.55802,0.001257,0.001119,4.3e-05,84,40
Kubernetes---kb_912_Normalized.json,Kubernetes---kb_912_Normalized.json::test_00004,valid,passed,True,True,correct_accept,2.55802,0.006461,0.006098,0.000128,99,99
Kubernetes---kb_912_Normalized.json,Kubernetes---kb_912_Normalized.json::test_00005,invalid,passed,False,True,correct_reject,2.55802,0.000707,0.000638,2.8e-05,98,14
Kubernetes---kb_912_Normalized.json,Kubernetes---kb_912_Normalized.json::test_00006,invalid,passed,False,True,correct_reject,2.55802,0.000743,0.000672,2.8e-05,97,14
Kubernetes---kb_913_Normalized.json,Kubernetes---kb_913_Normalized.json::test_00000,valid,failed,False,True,over_constraint,0.000117,0.001306,0.001166,4.6e-05,99,40
Kubernetes---kb_913_Normalized.json,Kubernetes---kb_913_Normalized.json::test_00001,invalid,passed,False,True,correct_reject,0.000117,0.001081,0.000962,3.3e-05,85,40
Kubernetes---kb_913_Normalized.json,Kubernetes---kb_913_Normalized.json::test_00002,invalid,passed,False,True,correct_reject,0.000117,0.000595,0.000525,2.2e-05,97,21
Kubernetes---kb_913_Normalized.json,Kubernetes---kb_913_Normalized.json::test_00003,invalid,passed,False,True,correct_reject,0.000117,0.001114,0.000991,3.8e-05,84,40
Kubernetes---kb_913_Normalized.json,Kubernetes---kb_913_Normalized.json::test_00004,invalid,passed,False,True,correct_reject,0.000117,0.001302,0.001169,4.6e-05,84,40
Kubernetes---kb_913_Normalized.json,Kubernetes---kb_913_Normalized.json::test_00005,valid,passed,True,True,correct_accept,0.000117,0.006217,0.005875,0.000117,99,99
Kubernetes---kb_913_Normalized.json,Kubernetes---kb_913_Normalized.json::test_00006,invalid,passed,False,True,correct_reject,0.000117,0.000695,0.000629,2.5e-05,97,14
Kubernetes---kb_914_Normalized.json,Kubernetes---kb_914_Normalized.json::test_00000,valid,failed,False,True,over_constraint,1.49736,0.000713,0.000634,1.8e-05,94,34
Kubernetes---kb_914_Normalized.json,Kubernetes---kb_914_Normalized.json::test_00001,invalid,passed,False,True,correct_reject,1.49736,0.000701,0.000626,1.8e-05,81,34
Kubernetes---kb_914_Normalized.json,Kubernetes---kb_914_Normalized.json::test_00002,invalid,passed,False,True,correct_reject,1.49736,0.00043,0.000379,1.2e-05,92,21
Kubernetes---kb_914_Normalized.json,Kubernetes---kb_914_Normalized.json::test_00003,invalid,passed,False,True,correct_reject,1.49736,0.000699,0.000619,1.8e-05,83,34
Kubernetes---kb_914_Normalized.json,Kubernetes---kb_914_Normalized.json::test_00004,valid,passed,True,True,correct_accept,1.49736,0.003515,0.003317,3.3e-05,94,94
Kubernetes---kb_914_Normalized.json,Kubernetes---kb_914_Normalized.json::test_00005,invalid,passed,False,True,correct_reject,1.49736,0.000402,0.000361,1.1e-05,92,14
Kubernetes---kb_914_Normalized.json,Kubernetes---kb_914_Normalized.json::test_00006,invalid,passed,False,True,correct_reject,1.49736,0.000755,0.000685,2.9e-05,92,14
Kubernetes---kb_915_Normalized.json,Kubernetes---kb_915_Normalized.json::test_00000,valid,failed,False,True,over_constraint,5.5e-05,0.000705,0.000628,2e-05,94,34
Kubernetes---kb_915_Normalized.json,Kubernetes---kb_915_Normalized.json::test_00001,invalid,passed,False,True,correct_reject,5.5e-05,0.001104,0.000979,4.4e-05,80,34
Kubernetes---kb_915_Normalized.json,Kubernetes---kb_915_Normalized.json::test_00002,invalid,passed,False,True,correct_reject,5.5e-05,0.000829,0.000738,3.4e-05,92,21
Kubernetes---kb_915_Normalized.json,Kubernetes---kb_915_Normalized.json::test_00003,invalid,passed,False,True,correct_reject,5.5e-05,0.001438,0.001293,5.9e-05,78,34
Kubernetes---kb_915_Normalized.json,Kubernetes---kb_915_Normalized.json::test_00004,invalid,passed,False,True,correct_reject,5.5e-05,0.000878,0.000775,4.1e-05,92,21
Kubernetes---kb_915_Normalized.json,Kubernetes---kb_915_Normalized.json::test_00005,valid,passed,True,True,correct_accept,5.5e-05,0.00417,0.003938,5.7e-05,93,93
Kubernetes---kb_915_Normalized.json,Kubernetes---kb_915_Normalized.json::test_00006,invalid,passed,False,True,correct_reject,5.5e-05,7.6e-05,5.3e-05,8e-06,87,5
Kubernetes---kb_916_Normalized.json,Kubernetes---kb_916_Normalized.json::test_00000,valid,passed,True,True,correct_accept,0.878655,0.000165,0.00014,8e-06,7,7
Kubernetes---kb_916_Normalized.json,Kubernetes---kb_916_Normalized.json::test_00001,invalid,passed,False,True,correct_reject,0.878655,6.1e-05,4e-05,7e-06,7,5
Kubernetes---kb_916_Normalized.json,Kubernetes---kb_916_Normalized.json::test_00002,invalid,passed,False,True,correct_reject,0.878655,0.00016,0.000136,5e-06,9,7
Kubernetes---kb_916_Normalized.json,Kubernetes---kb_916_Normalized.json::test_00003,invalid,passed,False,True,correct_reject,0.878655,7.6e-05,4.9e-05,1e-05,6,5
Kubernetes---kb_916_Normalized.json,Kubernetes---kb_916_Normalized.json::test_00004,invalid,passed,False,True,correct_reject,0.878655,0.000164,0.000138,7e-06,9,7
Kubernetes---kb_917_Normalized.json,Kubernetes---kb_917_Normalized.json::test_00000,valid,passed,True,True,correct_accept,5.6e-05,0.000244,0.000198,1.6e-05,7,7
Kubernetes---kb_917_Normalized.json,Kubernetes---kb_917_Normalized.json::test_00001,invalid,passed,False,True,correct_reject,5.6e-05,7.7e-05,5.1e-05,9e-06,7,5
Kubernetes---kb_917_Normalized.json,Kubernetes---kb_917_Normalized.json::test_00002,invalid,passed,False,True,correct_reject,5.6e-05,0.000201,0.000169,1.2e-05,9,7
Kubernetes---kb_917_Normalized.json,Kubernetes---kb_917_Normalized.json::test_00003,invalid,passed,False,True,correct_reject,5.6e-05,7.4e-05,5.1e-05,8e-06,7,5
Kubernetes---kb_917_Normalized.json,Kubernetes---kb_917_Normalized.json::test_00004,invalid,passed,False,True,correct_reject,5.6e-05,0.000257,0.000218,1.4e-05,9,7
Kubernetes---kb_918_Normalized.json,Kubernetes---kb_918_Normalized.json::test_00000,valid,passed,True,True,correct_accept,1.19587,0.000234,0.000197,1.3e-05,7,7
Kubernetes---kb_918_Normalized.json,Kubernetes---kb_918_Normalized.json::test_00001,invalid,passed,False,True,correct_reject,1.19587,7.5e-05,5e-05,8e-06,7,5
Kubernetes---kb_918_Normalized.json,Kubernetes---kb_918_Normalized.json::test_00002,invalid,passed,False,True,correct_reject,1.19587,0.000227,0.000179,1.4e-05,9,7
Kubernetes---kb_918_Normalized.json,Kubernetes---kb_918_Normalized.json::test_00003,invalid,passed,False,True,correct_reject,1.19587,0.000229,0.000195,1.2e-05,9,7
Kubernetes---kb_919_Normalized.json,Kubernetes---kb_919_Normalized.json::test_00000,valid,passed,True,True,correct_accept,1.16254,0.000208,0.000175,1.2e-05,7,7
Kubernetes---kb_919_Normalized.json,Kubernetes---kb_919_Normalized.json::test_00001,invalid,passed,False,True,correct_reject,1.16254,8.7e-05,5.8e-05,9e-06,7,5
Kubernetes---kb_919_Normalized.json,Kubernetes---kb_919_Normalized.json::test_00002,invalid,passed,False,True,correct_reject,1.16254,0.000225,0.000191,1.2e-05,9,7
Kubernetes---kb_919_Normalized.json,Kubernetes---kb_919_Normalized.json::test_00003,valid,passed,True,True,correct_accept,1.16254,0.00023,0.000193,1.3e-05,7,7
Kubernetes---kb_919_Normalized.json,Kubernetes---kb_919_Normalized.json::test_00004,invalid,passed,False,True,correct_reject,1.16254,0.000207,0.000173,1.2e-05,9,7
Kubernetes---kb_91_Normalized.json,Kubernetes---kb_91_Normalized.json::test_00000,valid,failed,False,True,over_constraint,7.96303,8.7e-05,5.4e-05,9e-06,147,13
Kubernetes---kb_91_Normalized.json,Kubernetes---kb_91_Normalized.json::test_00001,invalid,passed,False,True,correct_reject,7.96303,0.000115,7.1e-05,1.6e-05,144,13
Kubernetes---kb_920_Normalized.json,Kubernetes---kb_920_Normalized.json::test_00000,valid,passed,True,True,correct_accept,3.4e-05,0.000192,0.000162,1.1e-05,7,7
Kubernetes---kb_920_Normalized.json,Kubernetes---kb_920_Normalized.json::test_00001,invalid,passed,False,True,correct_reject,3.4e-05,7.9e-05,5.3e-05,1e-05,7,5
Kubernetes---kb_920_Normalized.json,Kubernetes---kb_920_Normalized.json::test_00002,invalid,passed,False,True,correct_reject,3.4e-05,8.9e-05,5.8e-05,1.1e-05,7,5
Kubernetes---kb_920_Normalized.json,Kubernetes---kb_920_Normalized.json::test_00003,invalid,passed,False,True,correct_reject,3.4e-05,0.000181,0.000151,1e-05,9,7
Kubernetes---kb_921_Normalized.json,Kubernetes---kb_921_Normalized.json::test_00000,valid,passed,True,True,correct_accept,1.12513,0.000753,0.000664,1.7e-05,36,36
Kubernetes---kb_921_Normalized.json,Kubernetes---kb_921_Normalized.json::test_00001,invalid,passed,False,True,correct_reject,1.12513,0.001231,0.001091,5e-05,43,29
Kubernetes---kb_921_Normalized.json,Kubernetes---kb_921_Normalized.json::test_00002,invalid,passed,False,True,correct_reject,1.12513,0.000205,0.000171,1.3e-05,38,7
Kubernetes---kb_921_Normalized.json,Kubernetes---kb_921_Normalized.json::test_00003,invalid,passed,False,True,correct_reject,1.12513,6.2e-05,4e-05,8e-06,36,5
Kubernetes---kb_921_Normalized.json,Kubernetes---kb_921_Normalized.json::test_00004,invalid,passed,False,True,correct_reject,1.12513,0.000568,0.000504,1.5e-05,36,22
Kubernetes---kb_921_Normalized.json,Kubernetes---kb_921_Normalized.json::test_00005,invalid,passed,False,True,correct_reject,1.12513,7.8e-05,5.1e-05,1.1e-05,35,5
Kubernetes---kb_921_Normalized.json,Kubernetes---kb_921_Normalized.json::test_00006,valid,passed,True,True,correct_accept,1.12513,0.001332,0.001208,4.4e-05,36,36
Kubernetes---kb_921_Normalized.json,Kubernetes---kb_921_Normalized.json::test_00007,invalid,passed,False,True,correct_reject,1.12513,5.6e-05,3.9e-05,6e-06,36,5
Kubernetes---kb_921_Normalized.json,Kubernetes---kb_921_Normalized.json::test_00008,invalid,passed,False,True,correct_reject,1.12513,0.000589,0.000518,1.4e-05,43,29
Kubernetes---kb_922_Normalized.json,Kubernetes---kb_922_Normalized.json::test_00000,valid,passed,True,True,correct_accept,0.000103,0.001406,0.001255,5.6e-05,36,36
Kubernetes---kb_922_Normalized.json,Kubernetes---kb_922_Normalized.json::test_00001,invalid,passed,False,True,correct_reject,0.000103,0.000988,0.000887,3.8e-05,43,29
Kubernetes---kb_922_Normalized.json,Kubernetes---kb_922_Normalized.json::test_00002,invalid,passed,False,True,correct_reject,0.000103,5.7e-05,3.9e-05,6e-06,36,5
Kubernetes---kb_922_Normalized.json,Kubernetes---kb_922_Normalized.json::test_00003,invalid,passed,False,True,correct_reject,0.000103,0.001008,0.000901,3.8e-05,43,29
Kubernetes---kb_922_Normalized.json,Kubernetes---kb_922_Normalized.json::test_00004,valid,passed,True,True,correct_accept,0.000103,0.001387,0.001248,5.1e-05,36,36
Kubernetes---kb_922_Normalized.json,Kubernetes---kb_922_Normalized.json::test_00005,invalid,passed,False,True,correct_reject,0.000103,8.8e-05,5.6e-05,1.2e-05,35,5
Kubernetes---kb_922_Normalized.json,Kubernetes---kb_922_Normalized.json::test_00006,invalid,passed,False,True,correct_reject,0.000103,0.001127,0.000998,4.7e-05,45,31
Kubernetes---kb_922_Normalized.json,Kubernetes---kb_922_Normalized.json::test_00007,invalid,passed,False,True,correct_reject,0.000103,6.8e-05,4.5e-05,8e-06,40,5
Kubernetes---kb_923_Normalized.json,Kubernetes---kb_923_Normalized.json::test_00000,valid,passed,True,True,correct_accept,0.884345,0.001018,0.000907,4.6e-05,19,19
Kubernetes---kb_923_Normalized.json,Kubernetes---kb_923_Normalized.json::test_00001,invalid,passed,False,True,correct_reject,0.884345,7.2e-05,4.5e-05,8e-06,19,5
Kubernetes---kb_923_Normalized.json,Kubernetes---kb_923_Normalized.json::test_00002,invalid,passed,False,True,correct_reject,0.884345,0.000187,0.000155,9e-06,21,7
Kubernetes---kb_923_Normalized.json,Kubernetes---kb_923_Normalized.json::test_00003,valid,passed,True,True,correct_accept,0.884345,0.000799,0.000711,3.5e-05,19,19
Kubernetes---kb_923_Normalized.json,Kubernetes---kb_923_Normalized.json::test_00004,invalid,passed,False,True,correct_reject,0.884345,0.000232,0.000187,1.7e-05,21,7
Kubernetes---kb_923_Normalized.json,Kubernetes---kb_923_Normalized.json::test_00005,invalid,passed,False,True,correct_reject,0.884345,0.0002,0.000165,1.1e-05,21,7
Kubernetes---kb_924_Normalized.json,Kubernetes---kb_924_Normalized.json::test_00000,valid,passed,True,True,correct_accept,1.21323,0.000772,0.000683,2.1e-05,36,36
Kubernetes---kb_924_Normalized.json,Kubernetes---kb_924_Normalized.json::test_00001,invalid,passed,False,True,correct_reject,1.21323,0.000617,0.000543,1.6e-05,43,29
Kubernetes---kb_924_Normalized.json,Kubernetes---kb_924_Normalized.json::test_00002,invalid,passed,False,True,correct_reject,1.21323,5.4e-05,3.5e-05,8e-06,36,5
Kubernetes---kb_924_Normalized.json,Kubernetes---kb_924_Normalized.json::test_00003,invalid,passed,False,True,correct_reject,1.21323,0.000433,0.000379,1.2e-05,35,21
Kubernetes---kb_924_Normalized.json,Kubernetes---kb_924_Normalized.json::test_00004,invalid,passed,False,True,correct_reject,1.21323,5.3e-05,3.6e-05,6e-06,35,5
Kubernetes---kb_924_Normalized.json,Kubernetes---kb_924_Normalized.json::test_00005,invalid,passed,False,True,correct_reject,1.21323,0.000542,0.000473,1.7e-05,41,27
Kubernetes---kb_925_Normalized.json,Kubernetes---kb_925_Normalized.json::test_00000,valid,passed,True,True,correct_accept,4e-05,0.000532,0.000471,1.7e-05,19,19
Kubernetes---kb_925_Normalized.json,Kubernetes---kb_925_Normalized.json::test_00001,invalid,passed,False,True,correct_reject,4e-05,5.4e-05,3.6e-05,6e-06,19,5
Kubernetes---kb_925_Normalized.json,Kubernetes---kb_925_Normalized.json::test_00002,invalid,passed,False,True,correct_reject,4e-05,0.000151,0.000128,6e-06,21,7
Kubernetes---kb_925_Normalized.json,Kubernetes---kb_925_Normalized.json::test_00003,valid,passed,True,True,correct_accept,4e-05,0.000787,0.000706,3.2e-05,19,19
Kubernetes---kb_925_Normalized.json,Kubernetes---kb_925_Normalized.json::test_00004,invalid,passed,False,True,correct_reject,4e-05,0.000184,0.000155,1e-05,21,7
Kubernetes---kb_925_Normalized.json,Kubernetes---kb_925_Normalized.json::test_00005,invalid,passed,False,True,correct_reject,4e-05,0.000173,0.000145,9e-06,21,7
Kubernetes---kb_926_Normalized.json,Kubernetes---kb_926_Normalized.json::test_00000,valid,failed,False,True,over_constraint,1.92817,0.001744,0.001567,5.8e-05,93,48
Kubernetes---kb_926_Normalized.json,Kubernetes---kb_926_Normalized.json::test_00001,invalid,passed,False,True,correct_reject,1.92817,0.000891,0.000788,3.3e-05,100,29
Kubernetes---kb_926_Normalized.json,Kubernetes---kb_926_Normalized.json::test_00002,invalid,passed,False,True,correct_reject,1.92817,8.9e-05,6e-05,1.2e-05,77,5
Kubernetes---kb_926_Normalized.json,Kubernetes---kb_926_Normalized.json::test_00003,invalid,passed,False,True,correct_reject,1.92817,0.00342,0.003108,8.6e-05,134,116
Kubernetes---kb_926_Normalized.json,Kubernetes---kb_926_Normalized.json::test_00004,valid,passed,True,True,correct_accept,1.92817,0.002202,0.00199,4.3e-05,93,93
Kubernetes---kb_926_Normalized.json,Kubernetes---kb_926_Normalized.json::test_00005,invalid,passed,False,True,correct_reject,1.92817,0.000282,0.000238,1.9e-05,83,12
Kubernetes---kb_927_Normalized.json,Kubernetes---kb_927_Normalized.json::test_00000,valid,passed,True,True,correct_accept,8.3e-05,0.003908,0.003617,9.7e-05,93,93
Kubernetes---kb_927_Normalized.json,Kubernetes---kb_927_Normalized.json::test_00001,invalid,passed,False,True,correct_reject,8.3e-05,0.001459,0.001317,6e-05,100,29
Kubernetes---kb_927_Normalized.json,Kubernetes---kb_927_Normalized.json::test_00002,invalid,passed,False,True,correct_reject,8.3e-05,9.5e-05,6.4e-05,1.1e-05,77,5
Kubernetes---kb_927_Normalized.json,Kubernetes---kb_927_Normalized.json::test_00003,invalid,passed,False,True,correct_reject,8.3e-05,0.003786,0.003444,0.0001,124,122
Kubernetes---kb_927_Normalized.json,Kubernetes---kb_927_Normalized.json::test_00004,valid,passed,True,True,correct_accept,8.3e-05,0.00615,0.005615,0.000229,93,93
Kubernetes---kb_927_Normalized.json,Kubernetes---kb_927_Normalized.json::test_00005,invalid,passed,False,True,correct_reject,8.3e-05,0.002407,0.002183,7e-05,83,74
Kubernetes---kb_927_Normalized.json,Kubernetes---kb_927_Normalized.json::test_00006,invalid,passed,False,True,correct_reject,8.3e-05,0.000968,0.000867,3.7e-05,100,29
Kubernetes---kb_927_Normalized.json,Kubernetes---kb_927_Normalized.json::test_00007,invalid,passed,False,True,correct_reject,8.3e-05,0.002349,0.002131,6.4e-05,92,74
Kubernetes---kb_928_Normalized.json,Kubernetes---kb_928_Normalized.json::test_00000,valid,failed,False,True,over_constraint,8e-05,0.001102,0.000986,2.5e-05,93,48
Kubernetes---kb_928_Normalized.json,Kubernetes---kb_928_Normalized.json::test_00001,invalid,passed,False,True,correct_reject,8e-05,0.00068,0.000606,1.6e-05,100,29
Kubernetes---kb_928_Normalized.json,Kubernetes---kb_928_Normalized.json::test_00002,invalid,passed,False,True,correct_reject,8e-05,6.3e-05,4.4e-05,7e-06,77,5
Kubernetes---kb_928_Normalized.json,Kubernetes---kb_928_Normalized.json::test_00003,invalid,passed,False,True,correct_reject,8e-05,0.001118,0.000999,2.7e-05,112,48
Kubernetes---kb_928_Normalized.json,Kubernetes---kb_928_Normalized.json::test_00004,valid,passed,True,True,correct_accept,8e-05,0.002294,0.002065,3.8e-05,108,108
Kubernetes---kb_928_Normalized.json,Kubernetes---kb_928_Normalized.json::test_00005,invalid,passed,False,True,correct_reject,8e-05,7e-05,4.9e-05,7e-06,93,6
Kubernetes---kb_928_Normalized.json,Kubernetes---kb_928_Normalized.json::test_00006,invalid,passed,False,True,correct_reject,8e-05,0.000661,0.000587,1.8e-05,114,28
Kubernetes---kb_929_Normalized.json,Kubernetes---kb_929_Normalized.json::test_00000,valid,passed,True,True,correct_accept,0.779396,0.000577,0.000506,1.5e-05,29,29
Kubernetes---kb_929_Normalized.json,Kubernetes---kb_929_Normalized.json::test_00001,invalid,passed,False,True,correct_reject,0.779396,0.000276,0.000224,1.7e-05,22,18
Kubernetes---kb_929_Normalized.json,Kubernetes---kb_929_Normalized.json::test_00002,invalid,passed,False,True,correct_reject,0.779396,0.000482,0.000407,2.6e-05,21,18
Kubernetes---kb_929_Normalized.json,Kubernetes---kb_929_Normalized.json::test_00003,valid,passed,True,True,correct_accept,0.779396,0.000719,0.00064,1.7e-05,30,30
Kubernetes---kb_929_Normalized.json,Kubernetes---kb_929_Normalized.json::test_00004,invalid,passed,False,True,correct_reject,0.779396,0.000491,0.00042,2.4e-05,23,19
Kubernetes---kb_92_Normalized.json,Kubernetes---kb_92_Normalized.json::test_00000,valid,failed,False,True,over_constraint,8.7598,0.000113,6.8e-05,1.2e-05,158,13
Kubernetes---kb_92_Normalized.json,Kubernetes---kb_92_Normalized.json::test_00001,invalid,passed,False,True,correct_reject,8.7598,0.000114,7.1e-05,1.2e-05,159,13
Kubernetes---kb_92_Normalized.json,Kubernetes---kb_92_Normalized.json::test_00002,invalid,passed,False,True,correct_reject,8.7598,0.000115,6.9e-05,1.2e-05,155,13
Kubernetes---kb_92_Normalized.json,Kubernetes---kb_92_Normalized.json::test_00003,invalid,passed,False,True,correct_reject,8.7598,9.2e-05,5.5e-05,1e-05,101,13
Kubernetes---kb_92_Normalized.json,Kubernetes---kb_92_Normalized.json::test_00004,invalid,passed,False,True,correct_reject,8.7598,6.5e-05,4.1e-05,8e-06,148,6
Kubernetes---kb_92_Normalized.json,Kubernetes---kb_92_Normalized.json::test_00005,invalid,passed,False,True,correct_reject,8.7598,0.000142,8.6e-05,2.4e-05,89,13
Kubernetes---kb_930_Normalized.json,Kubernetes---kb_930_Normalized.json::test_00000,valid,passed,True,True,correct_accept,4e-05,0.000766,0.000673,3.1e-05,30,30
Kubernetes---kb_930_Normalized.json,Kubernetes---kb_930_Normalized.json::test_00001,invalid,passed,False,True,correct_reject,4e-05,6.3e-05,4.3e-05,7e-06,30,5
Kubernetes---kb_930_Normalized.json,Kubernetes---kb_930_Normalized.json::test_00002,invalid,passed,False,True,correct_reject,4e-05,0.0003,0.000252,1.1e-05,24,19
Kubernetes---kb_930_Normalized.json,Kubernetes---kb_930_Normalized.json::test_00003,valid,passed,True,True,correct_accept,4e-05,0.000771,0.000689,2.1e-05,29,29
Kubernetes---kb_930_Normalized.json,Kubernetes---kb_930_Normalized.json::test_00004,invalid,passed,False,True,correct_reject,4e-05,0.000522,0.00044,3e-05,20,18
Kubernetes---kb_931_Normalized.json,Kubernetes---kb_931_Normalized.json::test_00000,valid,passed,True,True,correct_accept,1.13648,0.0012,0.001041,5.5e-05,48,48
Kubernetes---kb_931_Normalized.json,Kubernetes---kb_931_Normalized.json::test_00001,invalid,passed,False,True,correct_reject,1.13648,5.8e-05,3.8e-05,7e-06,7,5
Kubernetes---kb_931_Normalized.json,Kubernetes---kb_931_Normalized.json::test_00002,valid,passed,True,True,correct_accept,1.13648,0.001377,0.001197,3.7e-05,73,73
Kubernetes---kb_931_Normalized.json,Kubernetes---kb_931_Normalized.json::test_00003,invalid,passed,False,True,correct_reject,1.13648,9e-05,6.1e-05,1.3e-05,7,6
Kubernetes---kb_932_Normalized.json,Kubernetes---kb_932_Normalized.json::test_00000,valid,passed,True,True,correct_accept,4.9e-05,0.000757,0.000645,2.2e-05,48,48
Kubernetes---kb_932_Normalized.json,Kubernetes---kb_932_Normalized.json::test_00001,invalid,passed,False,True,correct_reject,4.9e-05,7.3e-05,4.7e-05,1e-05,7,5
Kubernetes---kb_932_Normalized.json,Kubernetes---kb_932_Normalized.json::test_00002,valid,passed,True,True,correct_accept,4.9e-05,0.00152,0.001326,4.4e-05,74,74
Kubernetes---kb_932_Normalized.json,Kubernetes---kb_932_Normalized.json::test_00003,invalid,passed,False,True,correct_reject,4.9e-05,8.6e-05,4.8e-05,1e-05,8,5
Kubernetes---kb_935_Normalized.json,Kubernetes---kb_935_Normalized.json::test_00000,valid,passed,True,True,correct_accept,0.977156,0.000404,0.000347,2.3e-05,12,12
Kubernetes---kb_935_Normalized.json,Kubernetes---kb_935_Normalized.json::test_00001,invalid,passed,False,True,correct_reject,0.977156,0.00013,9.9e-05,1.2e-05,11,5
Kubernetes---kb_935_Normalized.json,Kubernetes---kb_935_Normalized.json::test_00002,invalid,passed,False,True,correct_reject,0.977156,0.000221,0.000186,1e-05,13,12
Kubernetes---kb_936_Normalized.json,Kubernetes---kb_936_Normalized.json::test_00000,valid,passed,True,True,correct_accept,4.9e-05,0.000353,0.000298,2.1e-05,12,12
Kubernetes---kb_936_Normalized.json,Kubernetes---kb_936_Normalized.json::test_00001,invalid,passed,False,True,correct_reject,4.9e-05,9e-05,6.8e-05,8e-06,11,5
Kubernetes---kb_937_Normalized.json,Kubernetes---kb_937_Normalized.json::test_00000,valid,passed,True,True,correct_accept,0.878798,0.000363,0.000315,1.2e-05,20,20
Kubernetes---kb_937_Normalized.json,Kubernetes---kb_937_Normalized.json::test_00001,invalid,passed,False,True,correct_reject,0.878798,8.3e-05,6e-05,7e-06,18,5
Kubernetes---kb_938_Normalized.json,Kubernetes---kb_938_Normalized.json::test_00000,valid,passed,True,True,correct_accept,3.8e-05,0.000478,0.000416,1.8e-05,20,20
Kubernetes---kb_938_Normalized.json,Kubernetes---kb_938_Normalized.json::test_00001,invalid,passed,False,True,correct_reject,3.8e-05,6.2e-05,4.5e-05,5e-06,18,5
Kubernetes---kb_938_Normalized.json,Kubernetes---kb_938_Normalized.json::test_00002,invalid,passed,False,True,correct_reject,3.8e-05,4.1e-05,3e-05,3e-06,12,2
Kubernetes---kb_939_Normalized.json,Kubernetes---kb_939_Normalized.json::test_00000,valid,passed,True,True,correct_accept,8.1474,0.006752,0.006388,5.3e-05,179,179
Kubernetes---kb_939_Normalized.json,Kubernetes---kb_939_Normalized.json::test_00001,invalid,passed,False,True,correct_reject,8.1474,6.1e-05,4e-05,7e-06,178,6
Kubernetes---kb_939_Normalized.json,Kubernetes---kb_939_Normalized.json::test_00002,invalid,passed,False,True,correct_reject,8.1474,0.006168,0.005877,5.2e-05,178,138
Kubernetes---kb_939_Normalized.json,Kubernetes---kb_939_Normalized.json::test_00003,invalid,passed,False,True,correct_reject,8.1474,0.002533,0.002486,1.6e-05,54,12
Kubernetes---kb_939_Normalized.json,Kubernetes---kb_939_Normalized.json::test_00004,invalid,passed,False,True,correct_reject,8.1474,0.00314,0.003023,2.2e-05,184,50
Kubernetes---kb_939_Normalized.json,Kubernetes---kb_939_Normalized.json::test_00005,valid,passed,True,True,correct_accept,8.1474,0.004046,0.003843,3.4e-05,93,93
Kubernetes---kb_939_Normalized.json,Kubernetes---kb_939_Normalized.json::test_00006,invalid,passed,False,True,correct_reject,8.1474,0.002406,0.002335,1.7e-05,87,27
Kubernetes---kb_939_Normalized.json,Kubernetes---kb_939_Normalized.json::test_00007,invalid,passed,False,True,correct_reject,8.1474,6.2e-05,4e-05,8e-06,101,6
Kubernetes---kb_93_Normalized.json,Kubernetes---kb_93_Normalized.json::test_00000,valid,failed,False,True,over_constraint,8.1173,0.000113,5.9e-05,2.5e-05,154,13
Kubernetes---kb_93_Normalized.json,Kubernetes---kb_93_Normalized.json::test_00001,invalid,passed,False,True,correct_reject,8.1173,9.9e-05,5.9e-05,1e-05,152,13
Kubernetes---kb_93_Normalized.json,Kubernetes---kb_93_Normalized.json::test_00002,invalid,passed,False,True,correct_reject,9.98613,0.000451,0.000108,0.000306,155,13
Kubernetes---kb_93_Normalized.json,Kubernetes---kb_93_Normalized.json::test_00003,invalid,passed,False,True,correct_reject,9.98613,0.000112,6.9e-05,1.2e-05,151,13
Kubernetes---kb_93_Normalized.json,Kubernetes---kb_93_Normalized.json::test_00004,invalid,passed,False,True,correct_reject,9.98613,0.000111,7.3e-05,1.1e-05,101,13
Kubernetes---kb_93_Normalized.json,Kubernetes---kb_93_Normalized.json::test_00005,invalid,passed,False,True,correct_reject,9.98613,9.4e-05,5.8e-05,1.1e-05,153,13
Kubernetes---kb_940_Normalized.json,Kubernetes---kb_940_Normalized.json::test_00000,valid,passed,True,True,correct_accept,8.70227,0.012674,0.01189,0.0002,296,296
Kubernetes---kb_940_Normalized.json,Kubernetes---kb_940_Normalized.json::test_00001,invalid,passed,False,True,correct_reject,8.70227,0.004935,0.004698,8.1e-05,303,51
Kubernetes---kb_940_Normalized.json,Kubernetes---kb_940_Normalized.json::test_00002,invalid,passed,False,True,correct_reject,8.70227,0.011939,0.011242,0.000199,295,250
Kubernetes---kb_940_Normalized.json,Kubernetes---kb_940_Normalized.json::test_00003,valid,passed,True,True,correct_accept,8.70227,0.006762,0.006397,6.1e-05,167,167
Kubernetes---kb_940_Normalized.json,Kubernetes---kb_940_Normalized.json::test_00004,invalid,passed,False,True,correct_reject,8.70227,0.002155,0.002115,1.2e-05,42,12
Kubernetes---kb_940_Normalized.json,Kubernetes---kb_940_Normalized.json::test_00005,invalid,passed,False,True,correct_reject,8.70227,0.004287,0.004109,5.6e-05,182,59
Kubernetes---kb_940_Normalized.json,Kubernetes---kb_940_Normalized.json::test_00006,invalid,passed,False,True,correct_reject,8.70227,0.009154,0.008747,0.00013,166,137
Kubernetes---kb_941_Normalized.json,Kubernetes---kb_941_Normalized.json::test_00000,valid,failed,False,True,over_constraint,1.21283,0.000358,0.000308,1.2e-05,54,19
Kubernetes---kb_941_Normalized.json,Kubernetes---kb_941_Normalized.json::test_00001,invalid,passed,False,True,correct_reject,1.21283,5.9e-05,4.4e-05,5e-06,22,4
Kubernetes---kb_941_Normalized.json,Kubernetes---kb_941_Normalized.json::test_00002,invalid,passed,False,True,correct_reject,1.21283,0.000792,0.000694,1.5e-05,53,47
Kubernetes---kb_941_Normalized.json,Kubernetes---kb_941_Normalized.json::test_00003,valid,passed,True,True,correct_accept,1.21283,0.000877,0.000765,1.4e-05,56,56
Kubernetes---kb_941_Normalized.json,Kubernetes---kb_941_Normalized.json::test_00004,invalid,passed,False,True,correct_reject,1.21283,6.7e-05,4.8e-05,7e-06,18,5
Kubernetes---kb_942_Normalized.json,Kubernetes---kb_942_Normalized.json::test_00000,valid,failed,False,True,over_constraint,6.1e-05,0.000465,0.000411,1.5e-05,50,17
Kubernetes---kb_942_Normalized.json,Kubernetes---kb_942_Normalized.json::test_00001,invalid,passed,False,True,correct_reject,6.1e-05,7.4e-05,5.3e-05,8e-06,22,4
Kubernetes---kb_942_Normalized.json,Kubernetes---kb_942_Normalized.json::test_00002,invalid,passed,False,True,correct_reject,6.1e-05,6.9e-05,5e-05,7e-06,18,5
Kubernetes---kb_942_Normalized.json,Kubernetes---kb_942_Normalized.json::test_00003,valid,passed,True,True,correct_accept,6.1e-05,0.000911,0.000802,1.7e-05,54,54
Kubernetes---kb_943_Normalized.json,Kubernetes---kb_943_Normalized.json::test_00000,valid,passed,True,True,correct_accept,0.904457,0.000342,0.000297,1.5e-05,13,13
Kubernetes---kb_943_Normalized.json,Kubernetes---kb_943_Normalized.json::test_00001,invalid,passed,False,True,correct_reject,0.904457,9.9e-05,7.3e-05,1.1e-05,12,5
Kubernetes---kb_943_Normalized.json,Kubernetes---kb_943_Normalized.json::test_00002,invalid,passed,False,True,correct_reject,0.904457,7.9e-05,5.9e-05,7e-06,6,5
Kubernetes---kb_944_Normalized.json,Kubernetes---kb_944_Normalized.json::test_00000,valid,passed,True,True,correct_accept,6.2e-05,0.000516,0.000454,2.3e-05,15,15
Kubernetes---kb_944_Normalized.json,Kubernetes---kb_944_Normalized.json::test_00001,invalid,passed,False,True,correct_reject,6.2e-05,9.7e-05,7.3e-05,8e-06,14,5
Kubernetes---kb_944_Normalized.json,Kubernetes---kb_944_Normalized.json::test_00002,valid,passed,True,True,correct_accept,6.2e-05,0.00035,0.000304,1.6e-05,13,13
Kubernetes---kb_944_Normalized.json,Kubernetes---kb_944_Normalized.json::test_00003,invalid,passed,False,True,correct_reject,6.2e-05,8.4e-05,6.1e-05,7e-06,12,5
Kubernetes---kb_944_Normalized.json,Kubernetes---kb_944_Normalized.json::test_00004,invalid,passed,False,True,correct_reject,6.2e-05,9.2e-05,6.9e-05,7e-06,13,5
Kubernetes---kb_945_Normalized.json,Kubernetes---kb_945_Normalized.json::test_00000,valid,passed,True,True,correct_accept,1.51002,0.000914,0.00079,1.7e-05,58,58
Kubernetes---kb_945_Normalized.json,Kubernetes---kb_945_Normalized.json::test_00001,invalid,passed,False,True,correct_reject,1.51002,6.8e-05,4.6e-05,7e-06,58,5
Kubernetes---kb_945_Normalized.json,Kubernetes---kb_945_Normalized.json::test_00002,valid,passed,True,True,correct_accept,1.51002,0.000991,0.000867,1.9e-05,62,62
Kubernetes---kb_945_Normalized.json,Kubernetes---kb_945_Normalized.json::test_00003,invalid,passed,False,True,correct_reject,1.51002,6.1e-05,4.2e-05,6e-06,62,5
Kubernetes---kb_946_Normalized.json,Kubernetes---kb_946_Normalized.json::test_00000,valid,passed,True,True,correct_accept,6.3e-05,0.00086,0.000747,1.7e-05,58,58
Kubernetes---kb_946_Normalized.json,Kubernetes---kb_946_Normalized.json::test_00001,invalid,passed,False,True,correct_reject,6.3e-05,6.2e-05,4.2e-05,7e-06,58,5
Kubernetes---kb_946_Normalized.json,Kubernetes---kb_946_Normalized.json::test_00002,invalid,passed,False,True,correct_reject,6.3e-05,6.2e-05,4.3e-05,6e-06,58,5
Kubernetes---kb_947_Normalized.json,Kubernetes---kb_947_Normalized.json::test_00000,valid,passed,True,True,correct_accept,3.48943,0.003292,0.002891,9.4e-05,161,161
Kubernetes---kb_947_Normalized.json,Kubernetes---kb_947_Normalized.json::test_00001,invalid,passed,False,True,correct_reject,3.48943,0.000108,7.2e-05,1.5e-05,162,9
Kubernetes---kb_947_Normalized.json,Kubernetes---kb_947_Normalized.json::test_00002,invalid,passed,False,True,correct_reject,3.48943,0.000923,0.000783,2.7e-05,160,62
Kubernetes---kb_947_Normalized.json,Kubernetes---kb_947_Normalized.json::test_00003,invalid,passed,False,True,correct_reject,3.48943,0.000577,0.000494,1.7e-05,176,35
Kubernetes---kb_947_Normalized.json,Kubernetes---kb_947_Normalized.json::test_00004,invalid,passed,False,True,correct_reject,3.48943,8.2e-05,5.4e-05,7e-06,162,9
Kubernetes---kb_947_Normalized.json,Kubernetes---kb_947_Normalized.json::test_00005,invalid,passed,False,True,correct_reject,3.48943,0.000433,0.000359,2.1e-05,158,30
Kubernetes---kb_947_Normalized.json,Kubernetes---kb_947_Normalized.json::test_00006,valid,passed,True,True,correct_accept,3.48943,0.002939,0.002601,5.3e-05,172,172
Kubernetes---kb_947_Normalized.json,Kubernetes---kb_947_Normalized.json::test_00007,invalid,passed,False,True,correct_reject,3.48943,0.000107,7e-05,1.4e-05,174,9
Kubernetes---kb_947_Normalized.json,Kubernetes---kb_947_Normalized.json::test_00008,invalid,passed,False,True,correct_reject,3.48943,0.00103,0.000884,2.9e-05,172,66
Kubernetes---kb_947_Normalized.json,Kubernetes---kb_947_Normalized.json::test_00009,invalid,passed,False,True,correct_reject,3.48943,0.000327,0.000267,1.8e-05,175,23
Kubernetes---kb_948_Normalized.json,Kubernetes---kb_948_Normalized.json::test_00000,valid,passed,True,True,correct_accept,0.000122,0.002079,0.001791,4.3e-05,148,148
Kubernetes---kb_948_Normalized.json,Kubernetes---kb_948_Normalized.json::test_00001,invalid,passed,False,True,correct_reject,0.000122,0.000826,0.000696,2.8e-05,147,58
Kubernetes---kb_948_Normalized.json,Kubernetes---kb_948_Normalized.json::test_00002,invalid,passed,False,True,correct_reject,0.000122,8e-05,5.5e-05,6e-06,149,9
Kubernetes---kb_948_Normalized.json,Kubernetes---kb_948_Normalized.json::test_00003,invalid,passed,False,True,correct_reject,0.000122,0.000811,0.000683,2.6e-05,155,58
Kubernetes---kb_948_Normalized.json,Kubernetes---kb_948_Normalized.json::test_00004,invalid,passed,False,True,correct_reject,0.000122,8.2e-05,5.5e-05,7e-06,151,9
Kubernetes---kb_948_Normalized.json,Kubernetes---kb_948_Normalized.json::test_00005,invalid,passed,False,True,correct_reject,0.000122,0.000317,0.000259,1.8e-05,150,23
Kubernetes---kb_948_Normalized.json,Kubernetes---kb_948_Normalized.json::test_00006,valid,passed,True,True,correct_accept,0.000122,0.003981,0.003523,0.000149,155,155
Kubernetes---kb_948_Normalized.json,Kubernetes---kb_948_Normalized.json::test_00007,invalid,passed,False,True,correct_reject,0.000122,7.9e-05,5.3e-05,7e-06,156,9
Kubernetes---kb_948_Normalized.json,Kubernetes---kb_948_Normalized.json::test_00008,invalid,passed,False,True,correct_reject,0.000122,0.000389,0.000322,1.8e-05,31,28
Kubernetes---kb_949_Normalized.json,Kubernetes---kb_949_Normalized.json::test_00000,valid,failed,False,True,over_constraint,10.3233,0.000131,8e-05,1.9e-05,110,11
Kubernetes---kb_949_Normalized.json,Kubernetes---kb_949_Normalized.json::test_00001,invalid,passed,False,True,correct_reject,10.3233,0.00014,8.7e-05,2.2e-05,111,11
Kubernetes---kb_949_Normalized.json,Kubernetes---kb_949_Normalized.json::test_00002,valid,failed,False,True,over_constraint,10.3233,0.000134,8.2e-05,2.2e-05,105,11
Kubernetes---kb_949_Normalized.json,Kubernetes---kb_949_Normalized.json::test_00003,invalid,passed,False,True,correct_reject,10.3233,0.00013,8e-05,1.7e-05,103,11
Kubernetes---kb_949_Normalized.json,Kubernetes---kb_949_Normalized.json::test_00004,invalid,passed,False,True,correct_reject,10.3233,0.000127,7.8e-05,1.8e-05,105,11
Kubernetes---kb_94_Normalized.json,Kubernetes---kb_94_Normalized.json::test_00000,valid,passed,True,True,correct_accept,10.8357,0.019375,0.018872,0.000171,140,140
Kubernetes---kb_94_Normalized.json,Kubernetes---kb_94_Normalized.json::test_00001,invalid,passed,False,True,correct_reject,10.8357,0.016666,0.016279,0.000129,143,120
Kubernetes---kb_94_Normalized.json,Kubernetes---kb_94_Normalized.json::test_00002,invalid,compiled,,False,no_decision,13.757,,,,,
Kubernetes---kb_94_Normalized.json,Kubernetes---kb_94_Normalized.json::test_00003,invalid,compiled,,False,no_decision,13.757,,,,,
Kubernetes---kb_94_Normalized.json,Kubernetes---kb_94_Normalized.json::test_00004,invalid,compiled,,False,no_decision,13.757,,,,,
Kubernetes---kb_94_Normalized.json,Kubernetes---kb_94_Normalized.json::test_00005,invalid,passed,False,True,correct_reject,10.8357,0.033586,0.032711,0.000405,138,137
Kubernetes---kb_950_Normalized.json,Kubernetes---kb_950_Normalized.json::test_00000,valid,failed,False,True,over_constraint,12.6942,0.000175,0.00011,2.8e-05,107,11
Kubernetes---kb_950_Normalized.json,Kubernetes---kb_950_Normalized.json::test_00001,invalid,passed,False,True,correct_reject,12.6942,0.00015,9.4e-05,2.2e-05,108,11
Kubernetes---kb_950_Normalized.json,Kubernetes---kb_950_Normalized.json::test_00002,valid,failed,False,True,over_constraint,12.6942,0.000146,9.1e-05,2e-05,107,11
Kubernetes---kb_950_Normalized.json,Kubernetes---kb_950_Normalized.json::test_00003,invalid,passed,False,True,correct_reject,12.6942,0.000153,9.5e-05,2.4e-05,107,11
Kubernetes---kb_950_Normalized.json,Kubernetes---kb_950_Normalized.json::test_00004,invalid,passed,False,True,correct_reject,12.6942,0.00012,7.5e-05,1.5e-05,136,11
Kubernetes---kb_951_Normalized.json,Kubernetes---kb_951_Normalized.json::test_00000,valid,passed,True,True,correct_accept,11.0434,0.011546,0.011199,0.000111,107,107
Kubernetes---kb_951_Normalized.json,Kubernetes---kb_951_Normalized.json::test_00001,invalid,passed,False,True,correct_reject,11.0434,0.000126,8.6e-05,1.7e-05,100,6
Kubernetes---kb_951_Normalized.json,Kubernetes---kb_951_Normalized.json::test_00002,invalid,passed,False,True,correct_reject,11.0434,0.013695,0.01331,0.000149,108,97
Kubernetes---kb_951_Normalized.json,Kubernetes---kb_951_Normalized.json::test_00003,invalid,passed,False,True,correct_reject,11.0434,0.012159,0.011795,0.000137,108,97
Kubernetes---kb_952_Normalized.json,Kubernetes---kb_952_Normalized.json::test_00000,valid,passed,True,True,correct_accept,3.22037,0.000866,0.000772,3.1e-05,25,25
Kubernetes---kb_952_Normalized.json,Kubernetes---kb_952_Normalized.json::test_00001,invalid,passed,False,True,correct_reject,3.22037,0.000175,0.00012,2.2e-05,66,10
Kubernetes---kb_952_Normalized.json,Kubernetes---kb_952_Normalized.json::test_00002,invalid,passed,False,True,correct_reject,3.22037,0.000126,8.6e-05,1.4e-05,16,9
Kubernetes---kb_952_Normalized.json,Kubernetes---kb_952_Normalized.json::test_00003,valid,passed,True,True,correct_accept,3.22037,0.00071,0.000626,2.8e-05,23,23
Kubernetes---kb_952_Normalized.json,Kubernetes---kb_952_Normalized.json::test_00004,invalid,passed,False,True,correct_reject,3.22037,0.000131,9e-05,1.4e-05,17,10
Kubernetes---kb_953_Normalized.json,Kubernetes---kb_953_Normalized.json::test_00000,valid,passed,True,True,correct_accept,3.05069,0.000751,0.000662,3e-05,23,23
Kubernetes---kb_953_Normalized.json,Kubernetes---kb_953_Normalized.json::test_00001,invalid,passed,False,True,correct_reject,3.05069,0.000151,0.000105,1.6e-05,17,10
Kubernetes---kb_953_Normalized.json,Kubernetes---kb_953_Normalized.json::test_00002,invalid,passed,False,True,correct_reject,3.05069,0.000146,9.7e-05,2e-05,6994,10
Kubernetes---kb_954_Normalized.json,Kubernetes---kb_954_Normalized.json::test_00000,valid,passed,True,True,correct_accept,0.000127,0.000712,0.000628,2.8e-05,23,23
Kubernetes---kb_954_Normalized.json,Kubernetes---kb_954_Normalized.json::test_00001,invalid,passed,False,True,correct_reject,0.000127,0.000154,0.000106,1.6e-05,17,10
Kubernetes---kb_954_Normalized.json,Kubernetes---kb_954_Normalized.json::test_00002,invalid,passed,False,True,correct_reject,0.000127,0.000162,0.00011,2.2e-05,16,9
Kubernetes---kb_955_Normalized.json,Kubernetes---kb_955_Normalized.json::test_00000,valid,failed,False,True,over_constraint,7.56397,9e-05,5.7e-05,1.1e-05,131,11
Kubernetes---kb_955_Normalized.json,Kubernetes---kb_955_Normalized.json::test_00001,invalid,passed,False,True,correct_reject,7.56397,8.1e-05,5e-05,1e-05,138,11
Kubernetes---kb_955_Normalized.json,Kubernetes---kb_955_Normalized.json::test_00002,valid,failed,False,True,over_constraint,7.56397,7.9e-05,4.9e-05,8e-06,538,11
Kubernetes---kb_955_Normalized.json,Kubernetes---kb_955_Normalized.json::test_00003,invalid,passed,False,True,correct_reject,7.56397,8e-05,4.9e-05,8e-06,539,11
Kubernetes---kb_956_Normalized.json,Kubernetes---kb_956_Normalized.json::test_00000,valid,failed,False,True,over_constraint,6.0347,8e-05,5e-05,8e-06,148,11
Kubernetes---kb_956_Normalized.json,Kubernetes---kb_956_Normalized.json::test_00001,invalid,passed,False,True,correct_reject,6.0347,8e-05,5.1e-05,9e-06,151,11
Kubernetes---kb_956_Normalized.json,Kubernetes---kb_956_Normalized.json::test_00002,invalid,passed,False,True,correct_reject,6.0347,8e-05,5.1e-05,8e-06,151,11
Kubernetes---kb_956_Normalized.json,Kubernetes---kb_956_Normalized.json::test_00003,invalid,passed,False,True,correct_reject,6.0347,0.000107,6.4e-05,1.4e-05,164,11
Kubernetes---kb_956_Normalized.json,Kubernetes---kb_956_Normalized.json::test_00004,valid,failed,False,True,over_constraint,6.0347,7.9e-05,4.8e-05,1e-05,136,11
Kubernetes---kb_956_Normalized.json,Kubernetes---kb_956_Normalized.json::test_00005,invalid,passed,False,True,correct_reject,6.0347,7.9e-05,4.9e-05,9e-06,124,11
Kubernetes---kb_957_Normalized.json,Kubernetes---kb_957_Normalized.json::test_00000,valid,failed,False,True,over_constraint,6.34704,0.00612,0.005955,4.3e-05,141,73
Kubernetes---kb_957_Normalized.json,Kubernetes---kb_957_Normalized.json::test_00001,invalid,passed,False,True,correct_reject,6.34704,7.2e-05,4.8e-05,1e-05,133,6
Kubernetes---kb_957_Normalized.json,Kubernetes---kb_957_Normalized.json::test_00002,invalid,passed,False,True,correct_reject,6.34704,0.008824,0.008543,6.1e-05,148,126
Kubernetes---kb_957_Normalized.json,Kubernetes---kb_957_Normalized.json::test_00003,invalid,passed,False,True,correct_reject,6.34704,0.008527,0.008365,5.6e-05,141,46
Kubernetes---kb_957_Normalized.json,Kubernetes---kb_957_Normalized.json::test_00004,valid,passed,True,True,correct_accept,6.34704,0.022281,0.021746,0.000215,132,132
Kubernetes---kb_957_Normalized.json,Kubernetes---kb_957_Normalized.json::test_00005,invalid,passed,False,True,correct_reject,6.34704,0.008621,0.008381,0.000104,140,65
Kubernetes---kb_958_Normalized.json,Kubernetes---kb_958_Normalized.json::test_00000,valid,passed,True,True,correct_accept,0.817277,0.000257,0.000215,1.7e-05,8,8
Kubernetes---kb_958_Normalized.json,Kubernetes---kb_958_Normalized.json::test_00001,invalid,passed,False,True,correct_reject,0.817277,9.5e-05,6.5e-05,1e-05,6,5
Kubernetes---kb_958_Normalized.json,Kubernetes---kb_958_Normalized.json::test_00002,invalid,passed,False,True,correct_reject,0.817277,0.000104,6.6e-05,1.6e-05,5,4
Kubernetes---kb_958_Normalized.json,Kubernetes---kb_958_Normalized.json::test_00003,invalid,passed,False,True,correct_reject,0.817277,7.2e-05,4.8e-05,1e-05,5,4
Kubernetes---kb_959_Normalized.json,Kubernetes---kb_959_Normalized.json::test_00000,valid,passed,True,True,correct_accept,4.7e-05,0.000267,0.000228,1.8e-05,8,8
Kubernetes---kb_959_Normalized.json,Kubernetes---kb_959_Normalized.json::test_00001,invalid,passed,False,True,correct_reject,4.7e-05,9.5e-05,6.6e-05,1.1e-05,6,5
Kubernetes---kb_95_Normalized.json,Kubernetes---kb_95_Normalized.json::test_00000,valid,failed,False,True,over_constraint,13.4668,0.000127,7.7e-05,1.5e-05,94,13
Kubernetes---kb_95_Normalized.json,Kubernetes---kb_95_Normalized.json::test_00001,invalid,passed,False,True,correct_reject,13.4668,0.000145,8.3e-05,2.9e-05,88,13
Kubernetes---kb_95_Normalized.json,Kubernetes---kb_95_Normalized.json::test_00002,invalid,passed,False,True,correct_reject,13.4668,0.00013,8.1e-05,1.7e-05,93,13
Kubernetes---kb_95_Normalized.json,Kubernetes---kb_95_Normalized.json::test_00003,invalid,passed,False,True,correct_reject,13.4668,0.00012,7.5e-05,1.5e-05,92,13
Kubernetes---kb_95_Normalized.json,Kubernetes---kb_95_Normalized.json::test_00004,valid,failed,False,True,over_constraint,13.4668,0.00012,7.4e-05,1.6e-05,105,13
Kubernetes---kb_95_Normalized.json,Kubernetes---kb_95_Normalized.json::test_00005,invalid,passed,False,True,correct_reject,13.4668,0.000124,7.6e-05,1.5e-05,112,13
Kubernetes---kb_960_Normalized.json,Kubernetes---kb_960_Normalized.json::test_00000,valid,passed,True,True,correct_accept,5.3e-05,0.00046,0.000394,3e-05,8,8
Kubernetes---kb_960_Normalized.json,Kubernetes---kb_960_Normalized.json::test_00001,invalid,passed,False,True,correct_reject,5.3e-05,0.000101,7e-05,1.2e-05,6,5
Kubernetes---kb_961_Normalized.json,Kubernetes---kb_961_Normalized.json::test_00000,valid,passed,True,True,correct_accept,1.49377,0.001106,0.001005,2.9e-05,32,32
Kubernetes---kb_961_Normalized.json,Kubernetes---kb_961_Normalized.json::test_00001,invalid,passed,False,True,correct_reject,1.49377,0.000146,0.000112,1.4e-05,27,5
Kubernetes---kb_961_Normalized.json,Kubernetes---kb_961_Normalized.json::test_00002,invalid,passed,False,True,correct_reject,1.49377,0.000127,9.3e-05,1.4e-05,32,4
Kubernetes---kb_962_Normalized.json,Kubernetes---kb_962_Normalized.json::test_00000,valid,passed,True,True,correct_accept,8.9e-05,0.001134,0.001029,3.3e-05,32,32
Kubernetes---kb_962_Normalized.json,Kubernetes---kb_962_Normalized.json::test_00001,invalid,passed,False,True,correct_reject,8.9e-05,0.000136,0.000102,1.1e-05,27,5
Kubernetes---kb_962_Normalized.json,Kubernetes---kb_962_Normalized.json::test_00002,invalid,passed,False,True,correct_reject,8.9e-05,0.001343,0.001219,4.2e-05,32,30
Kubernetes---kb_963_Normalized.json,Kubernetes---kb_963_Normalized.json::test_00000,valid,passed,True,True,correct_accept,1.86553,0.001701,0.00154,5.3e-05,45,45
Kubernetes---kb_963_Normalized.json,Kubernetes---kb_963_Normalized.json::test_00001,invalid,passed,False,True,correct_reject,1.86553,0.000109,7.8e-05,1e-05,43,5
Kubernetes---kb_963_Normalized.json,Kubernetes---kb_963_Normalized.json::test_00002,invalid,passed,False,True,correct_reject,1.86553,0.000452,0.000382,2.1e-05,40,18
Kubernetes---kb_963_Normalized.json,Kubernetes---kb_963_Normalized.json::test_00003,invalid,passed,False,True,correct_reject,1.86553,0.000397,0.000336,1.9e-05,39,17
Kubernetes---kb_963_Normalized.json,Kubernetes---kb_963_Normalized.json::test_00004,invalid,passed,False,True,correct_reject,1.86553,0.00018,0.000121,2e-05,37,15
Kubernetes---kb_964_Normalized.json,Kubernetes---kb_964_Normalized.json::test_00000,valid,passed,True,True,correct_accept,1.78095,0.001356,0.001221,3.6e-05,45,45
Kubernetes---kb_964_Normalized.json,Kubernetes---kb_964_Normalized.json::test_00001,invalid,passed,False,True,correct_reject,1.78095,0.000112,8.1e-05,1.2e-05,43,5
Kubernetes---kb_964_Normalized.json,Kubernetes---kb_964_Normalized.json::test_00002,invalid,passed,False,True,correct_reject,1.78095,0.000755,0.000652,4.2e-05,40,18
Kubernetes---kb_964_Normalized.json,Kubernetes---kb_964_Normalized.json::test_00003,invalid,passed,False,True,correct_reject,1.78095,0.000402,0.000345,1.9e-05,39,17
Kubernetes---kb_965_Normalized.json,Kubernetes---kb_965_Normalized.json::test_00000,valid,passed,True,True,correct_accept,8.6e-05,0.001399,0.00127,3.4e-05,45,45
Kubernetes---kb_965_Normalized.json,Kubernetes---kb_965_Normalized.json::test_00001,invalid,passed,False,True,correct_reject,8.6e-05,9.2e-05,6.7e-05,7e-06,43,5
Kubernetes---kb_965_Normalized.json,Kubernetes---kb_965_Normalized.json::test_00002,invalid,passed,False,True,correct_reject,8.6e-05,0.000396,0.000335,1.9e-05,40,18
Kubernetes---kb_965_Normalized.json,Kubernetes---kb_965_Normalized.json::test_00003,invalid,passed,False,True,correct_reject,8.6e-05,0.000552,0.000478,2.9e-05,39,17
Kubernetes---kb_965_Normalized.json,Kubernetes---kb_965_Normalized.json::test_00004,valid,passed,True,True,correct_accept,8.6e-05,0.001464,0.001329,4.7e-05,45,45
Kubernetes---kb_965_Normalized.json,Kubernetes---kb_965_Normalized.json::test_00005,invalid,passed,False,True,correct_reject,8.6e-05,0.002254,0.002053,7.7e-05,43,42
Kubernetes---kb_966_Normalized.json,Kubernetes---kb_966_Normalized.json::test_00000,valid,passed,True,True,correct_accept,1.2111,0.000935,0.00083,2.8e-05,27,27
Kubernetes---kb_966_Normalized.json,Kubernetes---kb_966_Normalized.json::test_00001,invalid,passed,False,True,correct_reject,1.2111,0.000117,8.1e-05,1.1e-05,19,7
Kubernetes---kb_966_Normalized.json,Kubernetes---kb_966_Normalized.json::test_00002,invalid,passed,False,True,correct_reject,1.2111,0.000123,8.5e-05,1.4e-05,20,7
Kubernetes---kb_966_Normalized.json,Kubernetes---kb_966_Normalized.json::test_00003,invalid,passed,False,True,correct_reject,1.2111,0.000108,7.3e-05,1.2e-05,19,7
Kubernetes---kb_967_Normalized.json,Kubernetes---kb_967_Normalized.json::test_00000,valid,passed,True,True,correct_accept,7.1e-05,0.001168,0.001049,4.1e-05,27,27
Kubernetes---kb_967_Normalized.json,Kubernetes---kb_967_Normalized.json::test_00001,invalid,passed,False,True,correct_reject,7.1e-05,0.000128,8.8e-05,1.6e-05,19,7
Kubernetes---kb_967_Normalized.json,Kubernetes---kb_967_Normalized.json::test_00002,invalid,passed,False,True,correct_reject,7.1e-05,0.000189,0.000131,2.3e-05,21,7
Kubernetes---kb_968_Normalized.json,Kubernetes---kb_968_Normalized.json::test_00000,valid,passed,True,True,correct_accept,14.832,0.005802,0.005165,0.0004,104,104
Kubernetes---kb_968_Normalized.json,Kubernetes---kb_968_Normalized.json::test_00001,valid,passed,True,True,correct_accept,14.832,0.005931,0.005443,0.000191,115,115
Kubernetes---kb_968_Normalized.json,Kubernetes---kb_968_Normalized.json::test_00002,invalid,passed,False,True,correct_reject,14.832,0.001493,0.001331,5.4e-05,108,53
Kubernetes---kb_968_Normalized.json,Kubernetes---kb_968_Normalized.json::test_00003,invalid,passed,False,True,correct_reject,14.832,0.001877,0.001682,7.2e-05,125,53
Kubernetes---kb_969_Normalized.json,Kubernetes---kb_969_Normalized.json::test_00000,valid,compiled,,False,no_decision,12.8184,,,,,
Kubernetes---kb_969_Normalized.json,Kubernetes---kb_969_Normalized.json::test_00001,valid,compiled,,False,no_decision,12.8184,,,,,
Kubernetes---kb_96_Normalized.json,Kubernetes---kb_96_Normalized.json::test_00000,valid,failed,False,True,over_constraint,9.06409,8.9e-05,5.4e-05,9e-06,105,13
Kubernetes---kb_96_Normalized.json,Kubernetes---kb_96_Normalized.json::test_00001,invalid,passed,False,True,correct_reject,9.06409,8.6e-05,5.4e-05,1.2e-05,96,6
Kubernetes---kb_96_Normalized.json,Kubernetes---kb_96_Normalized.json::test_00002,valid,failed,False,True,over_constraint,9.06409,0.000169,0.000105,2.4e-05,97,13
Kubernetes---kb_970_Normalized.json,Kubernetes---kb_970_Normalized.json::test_00000,valid,failed,False,True,over_constraint,9.4183,0.001022,0.000871,5.8e-05,79,34
Kubernetes---kb_970_Normalized.json,Kubernetes---kb_970_Normalized.json::test_00001,invalid,passed,False,True,correct_reject,9.4183,0.000621,0.000533,2.3e-05,78,34
Kubernetes---kb_970_Normalized.json,Kubernetes---kb_970_Normalized.json::test_00002,valid,passed,True,True,correct_accept,9.4183,0.001636,0.001376,6.8e-05,95,95
Kubernetes---kb_970_Normalized.json,Kubernetes---kb_970_Normalized.json::test_00003,invalid,passed,False,True,correct_reject,9.4183,0.001842,0.001607,9.1e-05,96,54
Kubernetes---kb_970_Normalized.json,Kubernetes---kb_970_Normalized.json::test_00004,invalid,passed,False,True,correct_reject,9.4183,0.000533,0.000453,1.6e-05,106,34
Kubernetes---kb_971_Normalized.json,Kubernetes---kb_971_Normalized.json::test_00000,valid,failed,False,True,over_constraint,7.8681,0.000786,0.000696,2.6e-05,79,34
Kubernetes---kb_971_Normalized.json,Kubernetes---kb_971_Normalized.json::test_00001,invalid,passed,False,True,correct_reject,7.8681,0.001006,0.000889,3.3e-05,79,43
Kubernetes---kb_971_Normalized.json,Kubernetes---kb_971_Normalized.json::test_00002,invalid,passed,False,True,correct_reject,7.8681,0.000697,0.000616,2.2e-05,74,34
Kubernetes---kb_971_Normalized.json,Kubernetes---kb_971_Normalized.json::test_00003,valid,passed,True,True,correct_accept,7.8681,0.001546,0.001356,4.2e-05,89,89
Kubernetes---kb_971_Normalized.json,Kubernetes---kb_971_Normalized.json::test_00004,invalid,passed,False,True,correct_reject,7.8681,0.001406,0.001248,4.7e-05,86,54
Kubernetes---kb_971_Normalized.json,Kubernetes---kb_971_Normalized.json::test_00005,invalid,passed,False,True,correct_reject,7.8681,0.000788,0.000695,2.6e-05,85,34
Kubernetes---kb_972_Normalized.json,Kubernetes---kb_972_Normalized.json::test_00000,valid,failed,False,True,over_constraint,9.0482,0.010853,0.010174,0.000235,399,192
Kubernetes---kb_972_Normalized.json,Kubernetes---kb_972_Normalized.json::test_00001,invalid,compiled,,False,no_decision,11.975,,,,,
Kubernetes---kb_972_Normalized.json,Kubernetes---kb_972_Normalized.json::test_00002,invalid,passed,False,True,correct_reject,9.0482,8.8e-05,5.6e-05,1.3e-05,399,6
Kubernetes---kb_972_Normalized.json,Kubernetes---kb_972_Normalized.json::test_00003,invalid,passed,False,True,correct_reject,9.0482,0.007579,0.007458,4.2e-05,394,39
Kubernetes---kb_972_Normalized.json,Kubernetes---kb_972_Normalized.json::test_00004,valid,passed,True,True,correct_accept,9.0482,0.010598,0.009812,0.000288,205,205
Kubernetes---kb_972_Normalized.json,Kubernetes---kb_972_Normalized.json::test_00005,invalid,passed,False,True,correct_reject,9.0482,7.5e-05,5e-05,1e-05,203,5
Kubernetes---kb_972_Normalized.json,Kubernetes---kb_972_Normalized.json::test_00006,invalid,passed,False,True,correct_reject,9.0482,0.002772,0.002664,2.7e-05,200,39
Kubernetes---kb_973_Normalized.json,Kubernetes---kb_973_Normalized.json::test_00000,valid,failed,False,True,over_constraint,10.5396,0.007209,0.006814,7.8e-05,436,182
Kubernetes---kb_973_Normalized.json,Kubernetes---kb_973_Normalized.json::test_00001,invalid,passed,False,True,correct_reject,10.5396,0.0001,6.7e-05,1.3e-05,436,6
Kubernetes---kb_973_Normalized.json,Kubernetes---kb_973_Normalized.json::test_00002,invalid,passed,False,True,correct_reject,10.5396,9e-05,6.1e-05,1.1e-05,435,6
Kubernetes---kb_973_Normalized.json,Kubernetes---kb_973_Normalized.json::test_00003,invalid,passed,False,True,correct_reject,10.5396,0.002644,0.002549,1.8e-05,431,39
Kubernetes---kb_973_Normalized.json,Kubernetes---kb_973_Normalized.json::test_00004,valid,failed,False,True,over_constraint,10.5396,0.009636,0.009031,0.000197,526,186
Kubernetes---kb_974_Normalized.json,Kubernetes---kb_974_Normalized.json::test_00000,valid,passed,True,True,correct_accept,0.889671,0.000283,0.000241,1.4e-05,14,14
Kubernetes---kb_974_Normalized.json,Kubernetes---kb_974_Normalized.json::test_00001,invalid,passed,False,True,correct_reject,0.889671,6.4e-05,4.7e-05,5e-06,12,5
Kubernetes---kb_974_Normalized.json,Kubernetes---kb_974_Normalized.json::test_00002,invalid,passed,False,True,correct_reject,0.889671,6e-05,4.2e-05,6e-06,11,4
Kubernetes---kb_974_Normalized.json,Kubernetes---kb_974_Normalized.json::test_00003,invalid,passed,False,True,correct_reject,0.889671,5.4e-05,3.7e-05,6e-06,11,4
Kubernetes---kb_975_Normalized.json,Kubernetes---kb_975_Normalized.json::test_00000,valid,passed,True,True,correct_accept,4.4e-05,0.000276,0.000234,1.4e-05,14,14
Kubernetes---kb_975_Normalized.json,Kubernetes---kb_975_Normalized.json::test_00001,invalid,passed,False,True,correct_reject,4.4e-05,8.5e-05,6e-05,7e-06,12,5
Kubernetes---kb_975_Normalized.json,Kubernetes---kb_975_Normalized.json::test_00002,invalid,passed,False,True,correct_reject,4.4e-05,7.4e-05,4.9e-05,8e-06,11,4
Kubernetes---kb_975_Normalized.json,Kubernetes---kb_975_Normalized.json::test_00003,invalid,passed,False,True,correct_reject,4.4e-05,0.00011,7.2e-05,1.1e-05,11,10
Kubernetes---kb_976_Normalized.json,Kubernetes---kb_976_Normalized.json::test_00000,valid,passed,True,True,correct_accept,1.15635,0.005048,0.004938,3.7e-05,35,35
Kubernetes---kb_976_Normalized.json,Kubernetes---kb_976_Normalized.json::test_00001,invalid,passed,False,True,correct_reject,1.15635,9.8e-05,6.9e-05,1e-05,29,6
Kubernetes---kb_976_Normalized.json,Kubernetes---kb_976_Normalized.json::test_00002,invalid,passed,False,True,correct_reject,1.15635,7.3e-05,4.7e-05,1e-05,28,5
Kubernetes---kb_977_Normalized.json,Kubernetes---kb_977_Normalized.json::test_00000,valid,passed,True,True,correct_accept,5.3e-05,0.005578,0.005451,4.9e-05,35,35
Kubernetes---kb_977_Normalized.json,Kubernetes---kb_977_Normalized.json::test_00001,invalid,passed,False,True,correct_reject,5.3e-05,7.9e-05,5.2e-05,1e-05,28,5
Kubernetes---kb_978_Normalized.json,Kubernetes---kb_978_Normalized.json::test_00000,valid,passed,True,True,correct_accept,11.8968,0.006696,0.006254,0.000157,118,118
Kubernetes---kb_979_Normalized.json,Kubernetes---kb_979_Normalized.json::test_00000,valid,passed,True,True,correct_accept,15.6688,0.008101,0.007737,0.00011,122,122
Kubernetes---kb_97_Normalized.json,Kubernetes---kb_97_Normalized.json::test_00000,valid,failed,False,True,over_constraint,13.5094,0.00012,7.2e-05,1.4e-05,97,13
Kubernetes---kb_97_Normalized.json,Kubernetes---kb_97_Normalized.json::test_00001,invalid,passed,False,True,correct_reject,13.5094,0.000118,7.3e-05,1.4e-05,95,13
Kubernetes---kb_97_Normalized.json,Kubernetes---kb_97_Normalized.json::test_00002,valid,failed,False,True,over_constraint,13.5094,0.000162,9.1e-05,3.4e-05,216,13
Kubernetes---kb_97_Normalized.json,Kubernetes---kb_97_Normalized.json::test_00003,invalid,passed,False,True,correct_reject,13.5094,0.000126,7.8e-05,1.7e-05,258,13
Kubernetes---kb_97_Normalized.json,Kubernetes---kb_97_Normalized.json::test_00004,invalid,passed,False,True,correct_reject,13.5094,0.000156,9.4e-05,2.3e-05,242,13
Kubernetes---kb_980_Normalized.json,Kubernetes---kb_980_Normalized.json::test_00000,valid,passed,True,True,correct_accept,1.79971,0.011245,0.011076,6.7e-05,42,42
Kubernetes---kb_980_Normalized.json,Kubernetes---kb_980_Normalized.json::test_00001,valid,passed,True,True,correct_accept,1.79971,0.009068,0.008897,7.1e-05,35,35
Kubernetes---kb_980_Normalized.json,Kubernetes---kb_980_Normalized.json::test_00002,invalid,passed,False,True,correct_reject,1.79971,7.8e-05,5.3e-05,9e-06,35,4
Kubernetes---kb_981_Normalized.json,Kubernetes---kb_981_Normalized.json::test_00000,valid,passed,True,True,correct_accept,8.5e-05,0.011292,0.011102,7.4e-05,41,41
Kubernetes---kb_981_Normalized.json,Kubernetes---kb_981_Normalized.json::test_00001,valid,passed,True,True,correct_accept,8.5e-05,0.006372,0.006246,4.1e-05,35,35
Kubernetes---kb_981_Normalized.json,Kubernetes---kb_981_Normalized.json::test_00002,invalid,passed,False,True,correct_reject,8.5e-05,8.6e-05,5.8e-05,1.1e-05,33,4
Kubernetes---kb_981_Normalized.json,Kubernetes---kb_981_Normalized.json::test_00003,invalid,passed,False,True,correct_reject,8.5e-05,0.000499,0.000416,3.1e-05,43,18
Kubernetes---kb_982_Normalized.json,Kubernetes---kb_982_Normalized.json::test_00000,valid,passed,True,True,correct_accept,1.52841,0.000953,0.000844,3.9e-05,29,29
Kubernetes---kb_982_Normalized.json,Kubernetes---kb_982_Normalized.json::test_00001,invalid,passed,False,True,correct_reject,1.52841,0.000107,7.6e-05,1e-05,28,5
Kubernetes---kb_982_Normalized.json,Kubernetes---kb_982_Normalized.json::test_00002,invalid,passed,False,True,correct_reject,1.52841,8.3e-05,5.7e-05,8e-06,27,4
Kubernetes---kb_982_Normalized.json,Kubernetes---kb_982_Normalized.json::test_00003,valid,passed,True,True,correct_accept,1.52841,0.001003,0.000886,4e-05,29,29
Kubernetes---kb_982_Normalized.json,Kubernetes---kb_982_Normalized.json::test_00004,invalid,passed,False,True,correct_reject,1.52841,8.9e-05,6.1e-05,1e-05,27,4
Kubernetes---kb_983_Normalized.json,Kubernetes---kb_983_Normalized.json::test_00000,valid,passed,True,True,correct_accept,7e-05,0.001283,0.001116,6.9e-05,27,27
Kubernetes---kb_983_Normalized.json,Kubernetes---kb_983_Normalized.json::test_00001,invalid,passed,False,True,correct_reject,7e-05,6.7e-05,4.6e-05,7e-06,25,4
Kubernetes---kb_983_Normalized.json,Kubernetes---kb_983_Normalized.json::test_00002,valid,passed,True,True,correct_accept,7e-05,0.000731,0.000641,3e-05,27,27
Kubernetes---kb_983_Normalized.json,Kubernetes---kb_983_Normalized.json::test_00003,invalid,passed,False,True,correct_reject,7e-05,9e-05,6.6e-05,8e-06,25,4
Kubernetes---kb_984_Normalized.json,Kubernetes---kb_984_Normalized.json::test_00000,valid,passed,True,True,correct_accept,1.41138,0.000791,0.000695,3.2e-05,27,27
Kubernetes---kb_984_Normalized.json,Kubernetes---kb_984_Normalized.json::test_00001,invalid,passed,False,True,correct_reject,1.41138,9.1e-05,6.5e-05,8e-06,27,5
Kubernetes---kb_984_Normalized.json,Kubernetes---kb_984_Normalized.json::test_00002,invalid,passed,False,True,correct_reject,1.41138,8.1e-05,5.5e-05,8e-06,25,4
Kubernetes---kb_984_Normalized.json,Kubernetes---kb_984_Normalized.json::test_00003,valid,passed,True,True,correct_accept,1.41138,0.000903,0.000802,3.3e-05,29,29
Kubernetes---kb_984_Normalized.json,Kubernetes---kb_984_Normalized.json::test_00004,invalid,passed,False,True,correct_reject,1.41138,9.2e-05,6.3e-05,1.1e-05,27,4
Kubernetes---kb_985_Normalized.json,Kubernetes---kb_985_Normalized.json::test_00000,valid,passed,True,True,correct_accept,5.7e-05,0.000917,0.000811,3.8e-05,29,29
Kubernetes---kb_985_Normalized.json,Kubernetes---kb_985_Normalized.json::test_00001,invalid,passed,False,True,correct_reject,5.7e-05,7e-05,4.9e-05,8e-06,27,4
Kubernetes---kb_986_Normalized.json,Kubernetes---kb_986_Normalized.json::test_00000,valid,passed,True,True,correct_accept,1.5342,0.000716,0.000627,3.3e-05,20,20
Kubernetes---kb_986_Normalized.json,Kubernetes---kb_986_Normalized.json::test_00001,invalid,passed,False,True,correct_reject,1.5342,0.000131,9.8e-05,1.1e-05,19,5
Kubernetes---kb_986_Normalized.json,Kubernetes---kb_986_Normalized.json::test_00002,invalid,passed,False,True,correct_reject,1.5342,9.7e-05,7.1e-05,1e-05,18,4
Kubernetes---kb_987_Normalized.json,Kubernetes---kb_987_Normalized.json::test_00000,valid,passed,True,True,correct_accept,7.1e-05,0.000822,0.000725,3.8e-05,20,20
Kubernetes---kb_987_Normalized.json,Kubernetes---kb_987_Normalized.json::test_00001,invalid,passed,False,True,correct_reject,7.1e-05,0.000104,7.7e-05,1.1e-05,18,4
Kubernetes---kb_987_Normalized.json,Kubernetes---kb_987_Normalized.json::test_00002,invalid,passed,False,True,correct_reject,7.1e-05,0.000124,9.3e-05,1.2e-05,19,5
Kubernetes---kb_988_Normalized.json,Kubernetes---kb_988_Normalized.json::test_00000,valid,passed,True,True,correct_accept,6.8e-05,0.000689,0.000598,2.8e-05,27,27
Kubernetes---kb_988_Normalized.json,Kubernetes---kb_988_Normalized.json::test_00001,invalid,passed,False,True,correct_reject,6.8e-05,8.8e-05,6.4e-05,8e-06,26,5
Kubernetes---kb_988_Normalized.json,Kubernetes---kb_988_Normalized.json::test_00002,invalid,passed,False,True,correct_reject,6.8e-05,7.4e-05,5.2e-05,8e-06,25,4
Kubernetes---kb_988_Normalized.json,Kubernetes---kb_988_Normalized.json::test_00003,valid,passed,True,True,correct_accept,6.8e-05,0.000734,0.000639,3.2e-05,27,27
Kubernetes---kb_988_Normalized.json,Kubernetes---kb_988_Normalized.json::test_00004,invalid,passed,False,True,correct_reject,6.8e-05,7.3e-05,4.9e-05,7e-06,25,4
Kubernetes---kb_989_Normalized.json,Kubernetes---kb_989_Normalized.json::test_00000,valid,passed,True,True,correct_accept,5.1e-05,0.000682,0.000602,2.9e-05,20,20
Kubernetes---kb_989_Normalized.json,Kubernetes---kb_989_Normalized.json::test_00001,invalid,passed,False,True,correct_reject,5.1e-05,9.4e-05,7e-05,9e-06,18,4
Kubernetes---kb_98_Normalized.json,Kubernetes---kb_98_Normalized.json::test_00000,valid,passed,True,True,correct_accept,12.9961,0.012783,0.012356,0.000161,111,111
Kubernetes---kb_98_Normalized.json,Kubernetes---kb_98_Normalized.json::test_00001,invalid,passed,False,True,correct_reject,12.9961,0.000103,7.1e-05,1.2e-05,102,6
Kubernetes---kb_98_Normalized.json,Kubernetes---kb_98_Normalized.json::test_00002,invalid,passed,False,True,correct_reject,12.9961,0.008676,0.008415,9.8e-05,105,71
Kubernetes---kb_98_Normalized.json,Kubernetes---kb_98_Normalized.json::test_00003,invalid,passed,False,True,correct_reject,12.9961,0.000107,7.3e-05,1.3e-05,101,6
Kubernetes---kb_98_Normalized.json,Kubernetes---kb_98_Normalized.json::test_00004,invalid,passed,False,True,correct_reject,12.9961,0.00362,0.003522,3.8e-05,111,25
Kubernetes---kb_98_Normalized.json,Kubernetes---kb_98_Normalized.json::test_00005,invalid,passed,False,True,correct_reject,12.9961,0.004966,0.004783,6.6e-05,89,52
Kubernetes---kb_990_Normalized.json,Kubernetes---kb_990_Normalized.json::test_00000,valid,passed,True,True,correct_accept,7.45404,0.027712,0.026843,0.000314,240,240
Kubernetes---kb_990_Normalized.json,Kubernetes---kb_990_Normalized.json::test_00001,valid,passed,True,True,correct_accept,7.45404,0.028235,0.027315,0.000348,246,246
Kubernetes---kb_990_Normalized.json,Kubernetes---kb_990_Normalized.json::test_00002,invalid,passed,False,True,correct_reject,7.45404,0.037731,0.036772,0.000358,288,258
Kubernetes---kb_991_Normalized.json,Kubernetes---kb_991_Normalized.json::test_00000,valid,passed,True,True,correct_accept,0.000187,0.024609,0.023846,0.000232,266,266
Kubernetes---kb_991_Normalized.json,Kubernetes---kb_991_Normalized.json::test_00001,valid,passed,True,True,correct_accept,0.000187,0.027132,0.026269,0.000294,268,268
Kubernetes---kb_991_Normalized.json,Kubernetes---kb_991_Normalized.json::test_00002,invalid,passed,False,True,correct_reject,0.000187,0.014611,0.014153,0.000142,271,151
Kubernetes---kb_991_Normalized.json,Kubernetes---kb_991_Normalized.json::test_00003,invalid,passed,False,True,correct_reject,0.000187,0.014467,0.014047,0.000142,255,136
Kubernetes---kb_992_Normalized.json,Kubernetes---kb_992_Normalized.json::test_00000,valid,passed,True,True,correct_accept,1.69768,0.00126,0.001117,3.8e-05,48,48
Kubernetes---kb_992_Normalized.json,Kubernetes---kb_992_Normalized.json::test_00001,invalid,passed,False,True,correct_reject,1.69768,0.000348,0.000279,2.1e-05,44,20
Kubernetes---kb_992_Normalized.json,Kubernetes---kb_992_Normalized.json::test_00002,invalid,passed,False,True,correct_reject,1.69768,0.000139,9.3e-05,1.6e-05,46,12
Kubernetes---kb_993_Normalized.json,Kubernetes---kb_993_Normalized.json::test_00000,valid,passed,True,True,correct_accept,6.3e-05,0.000673,0.000582,2.9e-05,29,29
Kubernetes---kb_993_Normalized.json,Kubernetes---kb_993_Normalized.json::test_00001,invalid,passed,False,True,correct_reject,6.3e-05,0.00014,9.2e-05,1.6e-05,28,13
Kubernetes---kb_993_Normalized.json,Kubernetes---kb_993_Normalized.json::test_00002,valid,passed,True,True,correct_accept,6.3e-05,0.001608,0.001436,5.6e-05,48,48
Kubernetes---kb_994_Normalized.json,Kubernetes---kb_994_Normalized.json::test_00000,valid,passed,True,True,correct_accept,1.36342,0.000322,0.000262,2.3e-05,12,12
Kubernetes---kb_995_Normalized.json,Kubernetes---kb_995_Normalized.json::test_00000,valid,passed,True,True,correct_accept,6.9e-05,0.000279,0.000229,1.7e-05,12,12
Kubernetes---kb_995_Normalized.json,Kubernetes---kb_995_Normalized.json::test_00001,valid,passed,True,True,correct_accept,6.9e-05,0.000279,0.000224,1.8e-05,12,12
Kubernetes---kb_996_Normalized.json,Kubernetes---kb_996_Normalized.json::test_00000,valid,failed,False,True,over_constraint,94.2511,0.000178,0.000122,2.2e-05,164,7
Kubernetes---kb_996_Normalized.json,Kubernetes---kb_996_Normalized.json::test_00001,valid,failed,False,True,over_constraint,94.2511,0.000121,7.8e-05,1.3e-05,127,7
Kubernetes---kb_999_Normalized.json,Kubernetes---kb_999_Normalized.json::test_00000,valid,passed,True,True,correct_accept,107.804,0.012508,0.011912,0.00026,139,139
Kubernetes---kb_999_Normalized.json,Kubernetes---kb_999_Normalized.json::test_00001,valid,passed,True,True,correct_accept,107.804,0.011645,0.011157,0.000205,122,122
Kubernetes---kb_99_Normalized.json,Kubernetes---kb_99_Normalized.json::test_00000,valid,passed,True,True,correct_accept,1.52417,0.0077,0.007547,6.2e-05,31,31
Kubernetes---kb_99_Normalized.json,Kubernetes---kb_99_Normalized.json::test_00001,invalid,passed,False,True,correct_reject,1.52417,0.000116,8.3e-05,1.3e-05,30,5
Kubernetes---kb_99_Normalized.json,Kubernetes---kb_99_Normalized.json::test_00002,valid,passed,True,True,correct_accept,1.52417,0.007726,0.007586,6e-05,27,27
Kubernetes---kb_99_Normalized.json,Kubernetes---kb_99_Normalized.json::test_00003,invalid,passed,False,True,correct_reject,1.52417,8e-05,5.6e-05,9e-06,28,2
Kubernetes---kb_9_Normalized.json,Kubernetes---kb_9_Normalized.json::test_00000,valid,passed,True,True,correct_accept,8e-05,0.000333,0.000285,1.9e-05,8,8
Kubernetes---kb_9_Normalized.json,Kubernetes---kb_9_Normalized.json::test_00001,invalid,passed,False,True,correct_reject,8e-05,0.000104,7.4e-05,1e-05,6,5
