dataset_id,schema_id,framework_id,framework,schema_path,outlines_core_version,schema_file_bytes,schema_json_chars,schema_load_s,schema_serialize_s,regex_build_s,regex_built,regex_chars,regex_bytes,regex_hash,regex_expansion_ratio,regex_num_alternations_proxy,regex_num_groups_proxy,regex_num_repetitions_proxy,regex_max_group_depth_proxy,index_build_s,index_built,guide_init_s,guide_built,total_compile_s,final_status,last_stage,exception_type,exception_message,timeout_seconds
Kubernetes,Kubernetes---kb_0_Normalized.json,outlines,Outlines,maskbench/data/Kubernetes---kb_0_Normalized.json,0.2.14,24836,13176,0.000417,0.000178,0.0006,True,55334,55334,26de663ef870b1b67541a2d0dc4ed70c46eca2ff5d96df9fef963cb191d3b99d,4.199605343,710,1918,4700,17,23.199822,True,4e-06,True,23.246037,completed,completed,,,
Kubernetes,Kubernetes---kb_1000_Normalized.json,outlines,Outlines,maskbench/data/Kubernetes---kb_1000_Normalized.json,0.2.14,3929,1174,0.000174,4.2e-05,7e-05,True,428,428,874943ec45cbbb6000380a19dbb498b86a748f5e7c2c0a0083fec3e291d21f46,0.364565588,9,20,36,4,0.795645,True,5e-06,True,0.831766,completed,completed,,,
Kubernetes,Kubernetes---kb_1001_Normalized.json,outlines,Outlines,maskbench/data/Kubernetes---kb_1001_Normalized.json,0.2.14,6220,1174,0.000145,4.3e-05,8.1e-05,True,428,428,874943ec45cbbb6000380a19dbb498b86a748f5e7c2c0a0083fec3e291d21f46,0.364565588,9,20,36,4,0.75278,True,5e-06,True,0.787703,completed,completed,,,
Kubernetes,Kubernetes---kb_1002_Normalized.json,outlines,Outlines,maskbench/data/Kubernetes---kb_1002_Normalized.json,0.2.14,5482,1174,0.000201,2.6e-05,5e-05,True,428,428,874943ec45cbbb6000380a19dbb498b86a748f5e7c2c0a0083fec3e291d21f46,0.364565588,9,20,36,4,0.754059,True,7e-06,True,0.786441,completed,completed,,,
Kubernetes,Kubernetes---kb_1003_Normalized.json,outlines,Outlines,maskbench/data/Kubernetes---kb_1003_Normalized.json,0.2.14,3924,1174,0.000179,3e-05,6.5e-05,True,428,428,874943ec45cbbb6000380a19dbb498b86a748f5e7c2c0a0083fec3e291d21f46,0.364565588,9,20,36,4,0.877269,True,3e-06,True,0.911537,completed,completed,,,
Kubernetes,Kubernetes---kb_1008_Normalized.json,outlines,Outlines,maskbench/data/Kubernetes---kb_1008_Normalized.json,0.2.14,191635,157044,0.001067,0.001795,0.010181,True,3540599,3540599,17a2e9b510c8c0b47d3bb0600797f79158c4d6a8ee836ef8fa3015dee0d8b8f5,22.545267568,156822,211122,269473,26,215.272156,True,5e-06,True,215.62628,completed,completed,,,
Kubernetes,Kubernetes---kb_100_Normalized.json,outlines,Outlines,maskbench/data/Kubernetes---kb_100_Normalized.json,0.2.14,3831,700,0.000177,3e-05,5.5e-05,True,343,343,1332a138dea560879c8c40bc4ca86d3ccf107634e5d1d0d7a3fef85972336311,0.49,8,18,30,4,0.676758,True,4e-06,True,0.712579,completed,completed,,,
Kubernetes,Kubernetes---kb_1011_Normalized.json,outlines,Outlines,maskbench/data/Kubernetes---kb_1011_Normalized.json,0.2.14,191614,157044,0.001068,0.001012,0.00764,True,3540599,3540599,17a2e9b510c8c0b47d3bb0600797f79158c4d6a8ee836ef8fa3015dee0d8b8f5,22.545267568,156822,211122,269473,26,209.919582,True,5e-06,True,210.287812,completed,completed,,,
Kubernetes,Kubernetes---kb_1012_Normalized.json,outlines,Outlines,maskbench/data/Kubernetes---kb_1012_Normalized.json,0.2.14,16169,3486,0.00024,5.2e-05,0.000124,True,1430,1430,666cd66287eb54f5a294bf85d323cf2112fea19efa1a6611f1496da1b4805c26,0.410212278,27,69,137,8,2.429257,True,3e-06,True,2.466062,completed,completed,,,
Kubernetes,Kubernetes---kb_1015_Normalized.json,outlines,Outlines,maskbench/data/Kubernetes---kb_1015_Normalized.json,0.2.14,17406,3486,0.000277,6.2e-05,0.000134,True,1430,1430,666cd66287eb54f5a294bf85d323cf2112fea19efa1a6611f1496da1b4805c26,0.410212278,27,69,137,8,2.501214,True,5e-06,True,2.538876,completed,completed,,,
Kubernetes,Kubernetes---kb_1016_Normalized.json,outlines,Outlines,maskbench/data/Kubernetes---kb_1016_Normalized.json,0.2.14,4100,1131,0.000689,4.4e-05,6.8e-05,True,261,261,9af3ebeb9d42d66690c698c73b56fa2a1b2d30a7e40a0e29076cb8bff884896e,0.230769231,5,12,30,4,0.336297,True,5e-06,True,0.375782,completed,completed,,,
Kubernetes,Kubernetes---kb_1019_Normalized.json,outlines,Outlines,maskbench/data/Kubernetes---kb_1019_Normalized.json,0.2.14,3478,1131,0.00018,2.5e-05,4.5e-05,True,261,261,9af3ebeb9d42d66690c698c73b56fa2a1b2d30a7e40a0e29076cb8bff884896e,0.230769231,5,12,30,4,0.346392,True,4e-06,True,0.386652,completed,completed,,,
Kubernetes,Kubernetes---kb_101_Normalized.json,outlines,Outlines,maskbench/data/Kubernetes---kb_101_Normalized.json,0.2.14,26369,15705,0.000311,0.000229,0.001104,True,425750,425750,fb2cc6b64ad6865188cc5282aa05b92f9dbc4e9ecca4d71d0363d500f14e5046,27.109200891,19313,25723,32131,19,28.00283,True,5e-06,True,28.094545,completed,completed,,,
Kubernetes,Kubernetes---kb_1020_Normalized.json,outlines,Outlines,maskbench/data/Kubernetes---kb_1020_Normalized.json,0.2.14,23393,7836,0.000316,0.000107,0.000251,True,42210,42210,0570876702f6d4f515ff46615c429ad8ee260697ccc365ea74acbb29ebe6cb7a,5.386676876,770,1227,3542,10,3.096059,True,4e-06,True,3.139504,completed,completed,,,
Kubernetes,Kubernetes---kb_1021_Normalized.json,outlines,Outlines,maskbench/data/Kubernetes---kb_1021_Normalized.json,0.2.14,20851,7820,0.000233,6.2e-05,0.000186,True,42626,42626,0a14995e103a5809943d72c6de781599397e8fc47c284fc36d1420aec4345f57,5.450895141,786,1251,3566,10,2.814274,True,5e-06,True,2.855344,completed,completed,,,
Kubernetes,Kubernetes---kb_1022_Normalized.json,outlines,Outlines,maskbench/data/Kubernetes---kb_1022_Normalized.json,0.2.14,5645,996,0.000156,1.9e-05,3.8e-05,True,510,510,2a608650cb1f3d3cd38cd3150c714e5b8f4061ed519e2cb7297ad75d2270da16,0.512048193,14,28,44,5,0.414195,True,4e-06,True,0.450556,completed,completed,,,
Kubernetes,Kubernetes---kb_1023_Normalized.json,outlines,Outlines,maskbench/data/Kubernetes---kb_1023_Normalized.json,0.2.14,5728,996,0.000255,3.9e-05,4.8e-05,True,510,510,2a608650cb1f3d3cd38cd3150c714e5b8f4061ed519e2cb7297ad75d2270da16,0.512048193,14,28,44,5,0.438493,True,5e-06,True,0.477524,completed,completed,,,
Kubernetes,Kubernetes---kb_1024_Normalized.json,outlines,Outlines,maskbench/data/Kubernetes---kb_1024_Normalized.json,0.2.14,10572,2983,0.000185,5.1e-05,0.000148,True,6709,6709,d8636312840f679e9d5b209e78da7c8481f3c252ad783cc70581523387d9899e,2.249078109,137,240,568,10,1.578106,True,5e-06,True,1.616977,completed,completed,,,
Kubernetes,Kubernetes---kb_1025_Normalized.json,outlines,Outlines,maskbench/data/Kubernetes---kb_1025_Normalized.json,0.2.14,10777,2983,0.000181,4.5e-05,0.000122,True,6709,6709,d8636312840f679e9d5b209e78da7c8481f3c252ad783cc70581523387d9899e,2.249078109,137,240,568,10,1.565696,True,4e-06,True,1.610135,completed,completed,,,
Kubernetes,Kubernetes---kb_1026_Normalized.json,outlines,Outlines,maskbench/data/Kubernetes---kb_1026_Normalized.json,0.2.14,31690,17862,0.000332,0.000116,0.000722,True,425618,425618,ac827d0c3ac35ad3f7c3762993a43567a38328802d21c30106677aa0533d3c87,23.82812675,19316,25755,32118,19,30.776474,True,4e-06,True,30.850454,completed,completed,,,
Kubernetes,Kubernetes---kb_1027_Normalized.json,outlines,Outlines,maskbench/data/Kubernetes---kb_1027_Normalized.json,0.2.14,34743,17872,0.00028,0.000127,0.000782,True,425623,425623,6aaa7d97697bf2171979143ede0e3ca4a7ca56a19daf03a41a8d325d33de1c70,23.815073859,19316,25755,32118,19,31.463934,True,3e-06,True,31.535684,completed,completed,,,
Kubernetes,Kubernetes---kb_1028_Normalized.json,outlines,Outlines,maskbench/data/Kubernetes---kb_1028_Normalized.json,0.2.14,31709,17836,0.000239,0.000142,0.000733,True,425653,425653,716f41592254dadfe4ea30267c0d4d2acd18065c5a38475d33d5ee3049f6f42f,23.864823952,19318,25758,32121,19,29.85216,True,4e-06,True,29.926688,completed,completed,,,
Kubernetes,Kubernetes---kb_1029_Normalized.json,outlines,Outlines,maskbench/data/Kubernetes---kb_1029_Normalized.json,0.2.14,37592,21757,0.000303,0.000148,0.001287,True,851847,851847,120f808c446bfa14dbc597afc901f02386e2c094c01341cf7705bf9692107501,39.152778416,38626,51476,64277,24,56.399116,True,5e-06,True,56.504941,completed,completed,,,
Kubernetes,Kubernetes---kb_102_Normalized.json,outlines,Outlines,maskbench/data/Kubernetes---kb_102_Normalized.json,0.2.14,22729,15689,0.000256,0.000103,0.000692,True,425958,425958,9a516801a2836b96c6cbd9e09a1d232ffda7f14cfe657dce18cddc2ed957e8c7,27.150105169,19321,25735,32143,19,28.220788,True,4e-06,True,28.302004,completed,completed,,,
Kubernetes,Kubernetes---kb_1030_Normalized.json,outlines,Outlines,maskbench/data/Kubernetes---kb_1030_Normalized.json,0.2.14,37744,21782,0.000347,0.000166,0.001246,True,851852,851852,c84cc1af42ef8e5f03e4b1455b25285b6f1f498abbc6faf448460804b7005968,39.108070884,38626,51476,64277,24,58.376946,True,5e-06,True,58.517261,completed,completed,,,
Kubernetes,Kubernetes---kb_1031_Normalized.json,outlines,Outlines,maskbench/data/Kubernetes---kb_1031_Normalized.json,0.2.14,32087,21746,0.000335,0.000195,0.001519,True,851882,851882,758dd2fec20295f2f96924f03eda401d72aebc473083308f857cc645e8793e39,39.174192955,38628,51479,64280,24,56.846223,True,5e-06,True,56.968112,completed,completed,,,
Kubernetes,Kubernetes---kb_1032_Normalized.json,outlines,Outlines,maskbench/data/Kubernetes---kb_1032_Normalized.json,0.2.14,7842,3328,0.000134,4.3e-05,0.000124,True,7103,7103,e551cc4209bf13375353f4172df4a89079a860b67b2b7abbf9dc5648c27de705,2.134314904,130,209,567,5,1.583169,True,4e-06,True,1.630535,completed,completed,,,
Kubernetes,Kubernetes---kb_1033_Normalized.json,outlines,Outlines,maskbench/data/Kubernetes---kb_1033_Normalized.json,0.2.14,10262,3328,0.000242,7.3e-05,0.00017,True,7103,7103,e551cc4209bf13375353f4172df4a89079a860b67b2b7abbf9dc5648c27de705,2.134314904,130,209,567,5,1.726502,True,4e-06,True,1.777839,completed,completed,,,
Kubernetes,Kubernetes---kb_1034_Normalized.json,outlines,Outlines,maskbench/data/Kubernetes---kb_1034_Normalized.json,0.2.14,5427,1902,0.000207,3.2e-05,8.1e-05,True,1235,1235,be211e6ef2a677c8b0e10db7879b4ed2066b30ee09f808ba6acbe6738ec2ace5,0.649316509,31,65,117,5,0.778319,True,5e-06,True,0.818604,completed,completed,,,
Kubernetes,Kubernetes---kb_1035_Normalized.json,outlines,Outlines,maskbench/data/Kubernetes---kb_1035_Normalized.json,0.2.14,5811,1902,0.000149,2.8e-05,9.9e-05,True,1235,1235,be211e6ef2a677c8b0e10db7879b4ed2066b30ee09f808ba6acbe6738ec2ace5,0.649316509,31,65,117,5,0.747142,True,4e-06,True,0.799132,completed,completed,,,
Kubernetes,Kubernetes---kb_1036_Normalized.json,outlines,Outlines,maskbench/data/Kubernetes---kb_1036_Normalized.json,0.2.14,5349,2336,0.000238,5.9e-05,0.000117,True,459,459,9e3b61900be7ff2b5d4996fa4b0cad10c01cf925bd40faeb8edbaf184a0ecf29,0.196489726,6,11,42,3,0.941065,True,5e-06,True,0.991196,completed,completed,,,
Kubernetes,Kubernetes---kb_1037_Normalized.json,outlines,Outlines,maskbench/data/Kubernetes---kb_1037_Normalized.json,0.2.14,4653,1104,0.000146,2.9e-05,5.7e-05,True,346,346,e422f0225fa125e6352d146a125b0d41e7af81ded392cbe0a0627b3fed198b58,0.313405797,8,18,30,4,0.552878,True,5e-06,True,0.605291,completed,completed,,,
Kubernetes,Kubernetes---kb_1038_Normalized.json,outlines,Outlines,maskbench/data/Kubernetes---kb_1038_Normalized.json,0.2.14,3748,1131,0.000621,2.2e-05,6.6e-05,True,348,348,14a627e8aa42bad86962885af65e6f1060a3b1709648d5dc6a9a9e3a06b29348,0.307692308,8,18,30,4,0.574351,True,5e-06,True,0.620478,completed,completed,,,
Kubernetes,Kubernetes---kb_1039_Normalized.json,outlines,Outlines,maskbench/data/Kubernetes---kb_1039_Normalized.json,0.2.14,3298,1104,0.000188,2.1e-05,3.8e-05,True,346,346,e422f0225fa125e6352d146a125b0d41e7af81ded392cbe0a0627b3fed198b58,0.313405797,8,18,30,4,0.573346,True,5e-06,True,0.611821,completed,completed,,,
Kubernetes,Kubernetes---kb_103_Normalized.json,outlines,Outlines,maskbench/data/Kubernetes---kb_103_Normalized.json,0.2.14,29166,19705,0.000289,0.000118,0.001268,True,852593,852593,ed2c9933ab3647f0d246b6adc5ef7c8e75f59edd3fdebdba402d838ea02445fc,43.267850799,38642,51460,64341,24,49.824517,True,5e-06,True,49.940093,completed,completed,,,
Kubernetes,Kubernetes---kb_1040_Normalized.json,outlines,Outlines,maskbench/data/Kubernetes---kb_1040_Normalized.json,0.2.14,4113,1104,0.000171,2.4e-05,5.4e-05,True,346,346,e422f0225fa125e6352d146a125b0d41e7af81ded392cbe0a0627b3fed198b58,0.313405797,8,18,30,4,0.551548,True,5e-06,True,0.594541,completed,completed,,,
Kubernetes,Kubernetes---kb_1041_Normalized.json,outlines,Outlines,maskbench/data/Kubernetes---kb_1041_Normalized.json,0.2.14,33807,19555,0.000303,0.000127,0.000742,True,434359,434359,08b30e8bffd4ada9a89ba837d062a898b02e40152b7165211ea5e7f2093f3470,22.2121708,19459,25981,32800,19,29.057013,True,5e-06,True,29.136266,completed,completed,,,
Kubernetes,Kubernetes---kb_1042_Normalized.json,outlines,Outlines,maskbench/data/Kubernetes---kb_1042_Normalized.json,0.2.14,29235,19603,0.000858,0.000141,0.000793,True,434359,434359,353cf02871fea782f66d2a2f1f77b58470140aa354bb3c0fea2a46dc786481b3,22.157781972,19459,25981,32800,19,28.225538,True,5e-06,True,28.309156,completed,completed,,,
Kubernetes,Kubernetes---kb_1043_Normalized.json,outlines,Outlines,maskbench/data/Kubernetes---kb_1043_Normalized.json,0.2.14,27580,19561,0.000205,0.000156,0.000889,True,434383,434383,e0e7124ccb700c38fdf8a74c06bf705859b29cdd99a48ab22df9613a9bfb0c26,22.20658453,19461,25984,32803,19,29.081541,True,4e-06,True,29.165612,completed,completed,,,
Kubernetes,Kubernetes---kb_1044_Normalized.json,outlines,Outlines,maskbench/data/Kubernetes---kb_1044_Normalized.json,0.2.14,14831,3380,0.000273,6.4e-05,0.00022,True,11267,11267,e094320fa38d6cd79dde2c9a7d4c292b543562ed97b4727dc4aeae52c3ccd653,3.333431953,232,495,941,14,2.595768,True,4e-06,True,2.649411,completed,completed,,,
Kubernetes,Kubernetes---kb_1045_Normalized.json,outlines,Outlines,maskbench/data/Kubernetes---kb_1045_Normalized.json,0.2.14,16687,3398,0.000188,5.1e-05,0.000141,True,11262,11262,6ed2384efc2a63ca6b3be9da5a12b0f2de9dda66ae920448102f974f7b4244e5,3.314302531,232,495,941,14,2.527079,True,6e-06,True,2.579122,completed,completed,,,
Kubernetes,Kubernetes---kb_1046_Normalized.json,outlines,Outlines,maskbench/data/Kubernetes---kb_1046_Normalized.json,0.2.14,14725,3398,0.000214,4.1e-05,0.00015,True,11262,11262,6ed2384efc2a63ca6b3be9da5a12b0f2de9dda66ae920448102f974f7b4244e5,3.314302531,232,495,941,14,2.419049,True,4e-06,True,2.460103,completed,completed,,,
Kubernetes,Kubernetes---kb_1047_Normalized.json,outlines,Outlines,maskbench/data/Kubernetes---kb_1047_Normalized.json,0.2.14,4073,1043,0.000157,2.3e-05,4.4e-05,True,296,296,055ca8dc2b59fc4363fa5af6f94b8be95d96beb31a4f4628354a8e3e7c2daebe,0.28379674,8,19,29,4,0.57888,True,5e-06,True,0.629913,completed,completed,,,
Kubernetes,Kubernetes---kb_1048_Normalized.json,outlines,Outlines,maskbench/data/Kubernetes---kb_1048_Normalized.json,0.2.14,2940,,,,,,,,,,,,,,,,,,,running,loading_schema,,,
Kubernetes,Kubernetes---kb_1049_Normalized.json,outlines,Outlines,maskbench/data/Kubernetes---kb_1049_Normalized.json,0.2.14,4314,,,,,,,,,,,,,,,,,,,running,loading_schema,,,
Kubernetes,Kubernetes---kb_104_Normalized.json,outlines,Outlines,maskbench/data/Kubernetes---kb_104_Normalized.json,0.2.14,34913,19689,0.000322,0.0002,0.001576,True,852645,852645,d3bdaaaff9d9edec1aa688422467d7c53a97a6904fa8edc8e65cf4e48873b6b7,43.305652903,38644,51463,64344,24,72.874698,True,5e-06,True,73.044899,completed,completed,,,
Kubernetes,Kubernetes---kb_1050_Normalized.json,outlines,Outlines,maskbench/data/Kubernetes---kb_1050_Normalized.json,0.2.14,16913,,,,,,,,,,,,,,,,,,,running,loading_schema,,,
Kubernetes,Kubernetes---kb_1051_Normalized.json,outlines,Outlines,maskbench/data/Kubernetes---kb_1051_Normalized.json,0.2.14,14078,3862,0.00032,8.8e-05,0.000247,True,2095,2095,7c58a371d9f2f146458b6fc2cf4ba12c37878fab8fe97153be9a73e93b6ac868,0.542465044,30,103,176,10,4.933614,True,4e-06,True,4.993122,completed,completed,,,
Kubernetes,Kubernetes---kb_1052_Normalized.json,outlines,Outlines,maskbench/data/Kubernetes---kb_1052_Normalized.json,0.2.14,10760,3862,0.00024,8.5e-05,0.000218,True,2095,2095,7c58a371d9f2f146458b6fc2cf4ba12c37878fab8fe97153be9a73e93b6ac868,0.542465044,30,103,176,10,5.034752,True,6e-06,True,5.092657,completed,completed,,,
Kubernetes,Kubernetes---kb_1054_Normalized.json,outlines,Outlines,maskbench/data/Kubernetes---kb_1054_Normalized.json,0.2.14,5282,1139,0.00019,2.9e-05,7.1e-05,True,577,577,c713bf0b4a0f915f69f0c739fc39188c9db6732b0c101bf2db1830aa8b9f234d,0.506584723,13,36,78,8,0.757109,True,6e-06,True,0.822229,completed,completed,,,
Kubernetes,Kubernetes---kb_1055_Normalized.json,outlines,Outlines,maskbench/data/Kubernetes---kb_1055_Normalized.json,0.2.14,3474,,,,,,,,,,,,,,,,,,,running,loading_schema,,,
Kubernetes,Kubernetes---kb_1056_Normalized.json,outlines,Outlines,maskbench/data/Kubernetes---kb_1056_Normalized.json,0.2.14,2903,,,,,,,,,,,,,,,,,,,running,loading_schema,,,
Kubernetes,Kubernetes---kb_1057_Normalized.json,outlines,Outlines,maskbench/data/Kubernetes---kb_1057_Normalized.json,0.2.14,3541,293,0.000126,1.7e-05,3.3e-05,True,168,168,990159a9993fb18d8332894601b727429ff019b0a37b8661081da24b134764b6,0.57337884,4,8,14,3,0.279204,True,4e-06,True,0.32589,completed,completed,,,
Kubernetes,Kubernetes---kb_1058_Normalized.json,outlines,Outlines,maskbench/data/Kubernetes---kb_1058_Normalized.json,0.2.14,3900,1194,0.000189,2.2e-05,4.2e-05,True,329,329,b903d78c0b498f737926b6a3f785eb3c714e3334c4def7ea474494f78c8316c5,0.275544389,7,15,28,4,0.569453,True,5e-06,True,0.616788,completed,completed,,,
Kubernetes,Kubernetes---kb_1059_Normalized.json,outlines,Outlines,maskbench/data/Kubernetes---kb_1059_Normalized.json,0.2.14,3904,1194,0.000184,4.3e-05,5.5e-05,True,329,329,b903d78c0b498f737926b6a3f785eb3c714e3334c4def7ea474494f78c8316c5,0.275544389,7,15,28,4,0.633264,True,5e-06,True,0.699681,completed,completed,,,
Kubernetes,Kubernetes---kb_105_Normalized.json,outlines,Outlines,maskbench/data/Kubernetes---kb_105_Normalized.json,0.2.14,27022,,,,,,,,,,,,,,,,,,,running,loading_schema,,,
Kubernetes,Kubernetes---kb_1060_Normalized.json,outlines,Outlines,maskbench/data/Kubernetes---kb_1060_Normalized.json,0.2.14,2830,,,,,,,,,,,,,,,,,,,running,loading_schema,,,
Kubernetes,Kubernetes---kb_1061_Normalized.json,outlines,Outlines,maskbench/data/Kubernetes---kb_1061_Normalized.json,0.2.14,2747,,,,,,,,,,,,,,,,,,,running,loading_schema,,,
Kubernetes,Kubernetes---kb_1062_Normalized.json,outlines,Outlines,maskbench/data/Kubernetes---kb_1062_Normalized.json,0.2.14,2247,,,,,,,,,,,,,,,,,,,running,loading_schema,,,
Kubernetes,Kubernetes---kb_1063_Normalized.json,outlines,Outlines,maskbench/data/Kubernetes---kb_1063_Normalized.json,0.2.14,2247,,,,,,,,,,,,,,,,,,,running,loading_schema,,,
Kubernetes,Kubernetes---kb_1064_Normalized.json,outlines,Outlines,maskbench/data/Kubernetes---kb_1064_Normalized.json,0.2.14,27058,17409,0.000388,0.000194,0.001096,True,424852,424852,3df7e3ecab3924241abf66a47d45b804c095c59b953568f76b2d2d551ab6ad7b,24.404158768,19301,25688,32045,19,42.212216,True,5e-06,True,42.418235,completed,completed,,,
Kubernetes,Kubernetes---kb_1065_Normalized.json,outlines,Outlines,maskbench/data/Kubernetes---kb_1065_Normalized.json,0.2.14,27136,17371,0.000322,0.000208,0.001107,True,424880,424880,0fdb0e351c00ba482ea08e167d7738947b4b12d7d66220b507a5e825d34593e0,24.459156065,19303,25691,32048,19,40.694181,True,7e-06,True,40.830106,completed,completed,,,
Kubernetes,Kubernetes---kb_1066_Normalized.json,outlines,Outlines,maskbench/data/Kubernetes---kb_1066_Normalized.json,0.2.14,6153,,,,,,,,,,,,,,,,,,,running,loading_schema,,,
Kubernetes,Kubernetes---kb_1067_Normalized.json,outlines,Outlines,maskbench/data/Kubernetes---kb_1067_Normalized.json,0.2.14,9092,1966,0.000372,5e-05,0.000106,True,1009,1009,78c696ea7b6dcd00440e602a9abeafd10465aa969264f9d982d052ec0e5d9b70,0.513224822,20,39,85,8,1.480877,True,6e-06,True,1.535883,completed,completed,,,
Kubernetes,Kubernetes---kb_1068_Normalized.json,outlines,Outlines,maskbench/data/Kubernetes---kb_1068_Normalized.json,0.2.14,3156,829,0.000196,5e-05,4.8e-05,True,168,168,d91d613fa03989da2311e2948a1b8daa8044bfb88b1488bbbb10777876f12c39,0.2026538,3,5,12,3,0.56468,True,6e-06,True,0.62445,completed,completed,,,
Kubernetes,Kubernetes---kb_1069_Normalized.json,outlines,Outlines,maskbench/data/Kubernetes---kb_1069_Normalized.json,0.2.14,3128,829,0.000211,4.3e-05,4.1e-05,True,168,168,d91d613fa03989da2311e2948a1b8daa8044bfb88b1488bbbb10777876f12c39,0.2026538,3,5,12,3,0.552271,True,7e-06,True,0.623467,completed,completed,,,
Kubernetes,Kubernetes---kb_106_Normalized.json,outlines,Outlines,maskbench/data/Kubernetes---kb_106_Normalized.json,0.2.14,22553,,,,,,,,,,,,,,,,,,,running,loading_schema,,,
Kubernetes,Kubernetes---kb_1070_Normalized.json,outlines,Outlines,maskbench/data/Kubernetes---kb_1070_Normalized.json,0.2.14,30235,18023,0.000348,0.000172,0.000847,True,427204,427204,4dd24f43f5d6a10ec31f15b53ba871aa1da1c970b71eb17c3143fb023e2d7239,23.703268046,19341,25802,32232,19,46.394761,True,6e-06,True,46.509608,completed,completed,,,
Kubernetes,Kubernetes---kb_1071_Normalized.json,outlines,Outlines,maskbench/data/Kubernetes---kb_1071_Normalized.json,0.2.14,33884,18063,0.000455,0.000256,0.001146,True,427209,427209,3a52f7a1d3581f530ac7d80a05b8dc87ca7ad7a5bfba353ed9711abc682546c5,23.651054642,19341,25802,32232,19,41.003204,True,5e-06,True,41.184492,completed,completed,,,
Kubernetes,Kubernetes---kb_1072_Normalized.json,outlines,Outlines,maskbench/data/Kubernetes---kb_1072_Normalized.json,0.2.14,33599,18020,0.000396,0.000296,0.001496,True,427232,427232,db0b0cfd1fe44a608b93847e0896085cc2a8b6253ca31278dd0c6e9dcf250f98,23.708768036,19343,25805,32235,19,39.27708,True,6e-06,True,39.419109,completed,completed,,,
Kubernetes,Kubernetes---kb_1073_Normalized.json,outlines,Outlines,maskbench/data/Kubernetes---kb_1073_Normalized.json,0.2.14,5427,,,,,,,,,,,,,,,,,,,running,loading_schema,,,
Kubernetes,Kubernetes---kb_1074_Normalized.json,outlines,Outlines,maskbench/data/Kubernetes---kb_1074_Normalized.json,0.2.14,5800,641,0.000161,1.9e-05,5.1e-05,True,468,468,dd43a545e0110abda8080dc43140f85d8b51dd7df88a60ecc32cdd9360c0e1e8,0.730109204,13,36,42,10,0.53927,True,4e-06,True,0.605708,completed,completed,,,
Kubernetes,Kubernetes---kb_1075_Normalized.json,outlines,Outlines,maskbench/data/Kubernetes---kb_1075_Normalized.json,0.2.14,6462,,,,,,,,,,,,,,,,,,,running,loading_schema,,,
Kubernetes,Kubernetes---kb_1076_Normalized.json,outlines,Outlines,maskbench/data/Kubernetes---kb_1076_Normalized.json,0.2.14,12503,,,,,,,,,,,,,,,,,,,running,loading_schema,,,
Kubernetes,Kubernetes---kb_1077_Normalized.json,outlines,Outlines,maskbench/data/Kubernetes---kb_1077_Normalized.json,0.2.14,12571,2171,0.000216,6.2e-05,0.00013,True,3347,3347,d7dbdbb60737446b1cfad19209705b5396e666a1764e2daed0d1f556f35e5c06,1.541685859,69,179,280,10,2.540378,True,6e-06,True,2.602076,completed,completed,,,
Kubernetes,Kubernetes---kb_1078_Normalized.json,outlines,Outlines,maskbench/data/Kubernetes---kb_1078_Normalized.json,0.2.14,11859,2171,0.000265,6.3e-05,0.00023,True,3347,3347,d7dbdbb60737446b1cfad19209705b5396e666a1764e2daed0d1f556f35e5c06,1.541685859,69,179,280,10,2.578198,True,5e-06,True,2.645481,completed,completed,,,
Kubernetes,Kubernetes---kb_1079_Normalized.json,outlines,Outlines,maskbench/data/Kubernetes---kb_1079_Normalized.json,0.2.14,6029,1538,0.000209,4.7e-05,8.4e-05,True,1247,1247,e994f20eab50ef4a8381574b9a491959170f841db5b06e00aa62137c6bc4ee77,0.810793238,34,73,114,5,1.172299,True,7e-06,True,1.229011,completed,completed,,,
Kubernetes,Kubernetes---kb_107_Normalized.json,outlines,Outlines,maskbench/data/Kubernetes---kb_107_Normalized.json,0.2.14,1791,524,0.000157,3.7e-05,7e-05,True,224,224,750fbc2bfe8fd61a7cc89d2f97fce00c24b9f9e603c358fe09e9f28b8e9ba5d3,0.427480916,7,14,21,5,0.522401,True,8e-06,True,0.598604,completed,completed,,,
Kubernetes,Kubernetes---kb_1080_Normalized.json,outlines,Outlines,maskbench/data/Kubernetes---kb_1080_Normalized.json,0.2.14,7721,1538,0.000237,5.4e-05,0.000125,True,1247,1247,e994f20eab50ef4a8381574b9a491959170f841db5b06e00aa62137c6bc4ee77,0.810793238,34,73,114,5,1.262661,True,9e-06,True,1.333927,completed,completed,,,
Kubernetes,Kubernetes---kb_1081_Normalized.json,outlines,Outlines,maskbench/data/Kubernetes---kb_1081_Normalized.json,0.2.14,3445,509,0.000195,3.8e-05,5.7e-05,True,271,271,ad1e2b5f8356ad5dd3cadaed3c101339246875736b42e8f7ac5e997b4f91b9aa,0.532416503,7,19,24,8,0.658312,True,6e-06,True,0.721891,completed,completed,,,
Kubernetes,Kubernetes---kb_1082_Normalized.json,outlines,Outlines,maskbench/data/Kubernetes---kb_1082_Normalized.json,0.2.14,3495,,,,,,,,,,,,,,,,,,,running,loading_schema,,,
Kubernetes,Kubernetes---kb_1083_Normalized.json,outlines,Outlines,maskbench/data/Kubernetes---kb_1083_Normalized.json,0.2.14,5933,1203,0.000177,4.7e-05,8.7e-05,True,514,514,d8ee4bbcac7dbf45f2d1a93b57b4368f814f0d1d588cfcaf1554888d39d57057,0.42726517,7,22,44,10,0.957888,True,5e-06,True,1.014324,completed,completed,,,
Kubernetes,Kubernetes---kb_1084_Normalized.json,outlines,Outlines,maskbench/data/Kubernetes---kb_1084_Normalized.json,0.2.14,5953,,,,,,,,,,,,,,,,,,,running,loading_schema,,,
Kubernetes,Kubernetes---kb_1085_Normalized.json,outlines,Outlines,maskbench/data/Kubernetes---kb_1085_Normalized.json,0.2.14,13038,4498,0.000224,8.1e-05,0.000143,True,1812,1812,02587e44364556e6ba122d86e4fea9604974b6ba1d9cedaeeac1d0e8a373f5c4,0.402845709,27,66,152,11,2.58469,True,7e-06,True,2.649077,completed,completed,,,
Kubernetes,Kubernetes---kb_1086_Normalized.json,outlines,Outlines,maskbench/data/Kubernetes---kb_1086_Normalized.json,0.2.14,15773,4498,0.000253,7.4e-05,0.000138,True,1812,1812,02587e44364556e6ba122d86e4fea9604974b6ba1d9cedaeeac1d0e8a373f5c4,0.402845709,27,66,152,11,2.587173,True,6e-06,True,2.645177,completed,completed,,,
Kubernetes,Kubernetes---kb_1087_Normalized.json,outlines,Outlines,maskbench/data/Kubernetes---kb_1087_Normalized.json,0.2.14,3529,665,0.000188,3.3e-05,4.8e-05,True,256,256,115137f9cf06ca25060cf6ad4a8be91473137d4788857946a93ef62a45599124,0.384962406,6,13,22,4,0.604057,True,6e-06,True,0.672405,completed,completed,,,
Kubernetes,Kubernetes---kb_1088_Normalized.json,outlines,Outlines,maskbench/data/Kubernetes---kb_1088_Normalized.json,0.2.14,3308,,,,,,,,,,,,,,,,,,,running,loading_schema,,,
Kubernetes,Kubernetes---kb_1089_Normalized.json,outlines,Outlines,maskbench/data/Kubernetes---kb_1089_Normalized.json,0.2.14,9275,,,,,,,,,,,,,,,,,,,running,loading_schema,,,
Kubernetes,Kubernetes---kb_108_Normalized.json,outlines,Outlines,maskbench/data/Kubernetes---kb_108_Normalized.json,0.2.14,1795,,,,,,,,,,,,,,,,,,,running,loading_schema,,,
Kubernetes,Kubernetes---kb_1090_Normalized.json,outlines,Outlines,maskbench/data/Kubernetes---kb_1090_Normalized.json,0.2.14,8581,826,0.000236,4.8e-05,0.000136,True,2805,2805,303cbad47751e02a477f8a85eec8e0dc5acfdd6e3db5722a6c9397189bae5818,3.395883777,76,212,252,14,1.458383,True,6e-06,True,1.527855,completed,completed,,,
Kubernetes,Kubernetes---kb_1091_Normalized.json,outlines,Outlines,maskbench/data/Kubernetes---kb_1091_Normalized.json,0.2.14,9033,826,0.000259,5.8e-05,0.000161,True,2805,2805,303cbad47751e02a477f8a85eec8e0dc5acfdd6e3db5722a6c9397189bae5818,3.395883777,76,212,252,14,1.446487,True,6e-06,True,1.517933,completed,completed,,,
Kubernetes,Kubernetes---kb_1092_Normalized.json,outlines,Outlines,maskbench/data/Kubernetes---kb_1092_Normalized.json,0.2.14,1537,,,,,,,,,,,,,,,,,,,running,loading_schema,,,
Kubernetes,Kubernetes---kb_1093_Normalized.json,outlines,Outlines,maskbench/data/Kubernetes---kb_1093_Normalized.json,0.2.14,1962,,,,,,,,,,,,,,,,,,,running,loading_schema,,,
Kubernetes,Kubernetes---kb_1094_Normalized.json,outlines,Outlines,maskbench/data/Kubernetes---kb_1094_Normalized.json,0.2.14,23038,13223,0.000386,0.000197,0.000442,True,8987,8987,b933874bfd96b2bf18399c54299a983d002a64eea800199d8dab11d1440b6fc2,0.679649096,138,367,740,12,10.241832,True,8e-06,True,10.311249,completed,completed,,,
Kubernetes,Kubernetes---kb_1095_Normalized.json,outlines,Outlines,maskbench/data/Kubernetes---kb_1095_Normalized.json,0.2.14,20409,13205,0.00038,0.000159,0.000402,True,8993,8993,83d3815eaf29a24a134c8f839d7c5728882e09ece7f31ad29051eeed67535ee9,0.681029913,138,369,742,12,10.182756,True,6e-06,True,10.255527,completed,completed,,,
Kubernetes,Kubernetes---kb_1096_Normalized.json,outlines,Outlines,maskbench/data/Kubernetes---kb_1096_Normalized.json,0.2.14,28081,13205,0.000419,0.000213,0.000464,True,8993,8993,83d3815eaf29a24a134c8f839d7c5728882e09ece7f31ad29051eeed67535ee9,0.681029913,138,369,742,12,10.379434,True,6e-06,True,10.45445,completed,completed,,,
Kubernetes,Kubernetes---kb_1097_Normalized.json,outlines,Outlines,maskbench/data/Kubernetes---kb_1097_Normalized.json,0.2.14,42385,28385,0.000413,0.00029,0.001602,True,865401,865401,f2bfc56d5e6f624b62119edd04eb64b82d51c3f02bbb0e9182fac99c158a6e04,30.487968998,38828,52007,65363,20,62.145517,True,9e-06,True,62.307493,completed,completed,,,
Kubernetes,Kubernetes---kb_1098_Normalized.json,outlines,Outlines,maskbench/data/Kubernetes---kb_1098_Normalized.json,0.2.14,38547,28514,0.000459,0.000232,0.00195,True,865433,865433,bb8cb4d0365d5b116cb4f37b135b453ab253e3bcc2d7aedd6a93c2596f22b2cb,30.351160833,38828,52011,65367,20,59.523494,True,5e-06,True,59.710479,completed,completed,,,
Kubernetes,Kubernetes---kb_1099_Normalized.json,outlines,Outlines,maskbench/data/Kubernetes---kb_1099_Normalized.json,0.2.14,38825,28464,0.000357,0.000226,0.001404,True,865497,865497,2672f0ca537fc2ae9781f561898d98d342cdf24cf72fcf6a1841ac1abc5acc3a,30.406724283,38836,52023,65379,20,57.727346,True,6e-06,True,57.857588,completed,completed,,,
Kubernetes,Kubernetes---kb_109_Normalized.json,outlines,Outlines,maskbench/data/Kubernetes---kb_109_Normalized.json,0.2.14,1758,,,,,,,,,,,,,,,,,,,running,loading_schema,,,
Kubernetes,Kubernetes---kb_10_Normalized.json,outlines,Outlines,maskbench/data/Kubernetes---kb_10_Normalized.json,0.2.14,1413,,,,,,,,,,,,,,,,,,,running,loading_schema,,,
Kubernetes,Kubernetes---kb_1100_Normalized.json,outlines,Outlines,maskbench/data/Kubernetes---kb_1100_Normalized.json,0.2.14,52260,32509,0.000332,0.000295,0.002763,True,1731753,1731753,e2c099bb71670814cad4c8e50f0fa72109ef0f681b3a24a3202c26fae9c0ceb9,53.269956012,77676,104040,130813,25,112.304227,True,5e-06,True,112.59497,completed,completed,,,
Kubernetes,Kubernetes---kb_1101_Normalized.json,outlines,Outlines,maskbench/data/Kubernetes---kb_1101_Normalized.json,0.2.14,46375,32653,0.000455,0.000265,0.003003,True,1731782,1731782,8e71619ab331b73ca4bb70bed4f92a19f3c0f6a7036ab78a40a97cdbdbc17d1a,53.035923192,77676,104048,130821,25,107.633487,True,4e-06,True,107.873326,completed,completed,,,
Kubernetes,Kubernetes---kb_1102_Normalized.json,outlines,Outlines,maskbench/data/Kubernetes---kb_1102_Normalized.json,0.2.14,49425,32603,0.000459,0.000336,0.003906,True,1731798,1731798,3544aeb773eee2263728bcd9e94f9e6d43277c0db3505e3873b8143d2a2b4854,53.1177499,77678,104051,130824,25,110.928725,True,5e-06,True,111.173703,completed,completed,,,
Kubernetes,Kubernetes---kb_1103_Normalized.json,outlines,Outlines,maskbench/data/Kubernetes---kb_1103_Normalized.json,0.2.14,67432,53126,0.000898,0.000765,0.002096,True,35511,35511,339554eab4bffc6323afeb13d05d60bfc441bf75a630d9b3335a6dec27ef673a,0.668429771,546,1190,3541,13,39.618411,True,5e-06,True,39.71016,completed,completed,,,
Kubernetes,Kubernetes---kb_1104_Normalized.json,outlines,Outlines,maskbench/data/Kubernetes---kb_1104_Normalized.json,0.2.14,67424,53126,0.000637,0.000522,0.001619,True,35511,35511,339554eab4bffc6323afeb13d05d60bfc441bf75a630d9b3335a6dec27ef673a,0.668429771,546,1190,3541,13,39.161243,True,6e-06,True,39.238244,completed,completed,,,
Kubernetes,Kubernetes---kb_1105_Normalized.json,outlines,Outlines,maskbench/data/Kubernetes---kb_1105_Normalized.json,0.2.14,78988,62358,0.001332,0.000602,0.003512,True,832638,832638,38e5678d548fe62d1ae329cf79541f646a4469a2c7b4207bf1b0a1cac3283de4,13.352544982,25720,38202,67493,19,63.394284,True,6e-06,True,63.564803,completed,completed,,,
Kubernetes,Kubernetes---kb_1106_Normalized.json,outlines,Outlines,maskbench/data/Kubernetes---kb_1106_Normalized.json,0.2.14,78799,62423,0.001278,0.000825,0.004216,True,832644,832644,7f0da970850bafba0c3fe001498c920e3039f2606090001fb0c2c0d535ea7426,13.338737324,25720,38202,67493,19,64.791179,True,5e-06,True,64.977869,completed,completed,,,
Kubernetes,Kubernetes---kb_1107_Normalized.json,outlines,Outlines,maskbench/data/Kubernetes---kb_1107_Normalized.json,0.2.14,78026,62413,0.000905,0.000747,0.002819,True,832643,832643,0a26ed71c847048a0896702c614e3ce3bb72f70e0d18c82bc3979cdf398ff9c5,13.340858475,25720,38202,67493,19,66.23749,True,7e-06,True,66.400792,completed,completed,,,
Kubernetes,Kubernetes---kb_1108_Normalized.json,outlines,Outlines,maskbench/data/Kubernetes---kb_1108_Normalized.json,0.2.14,79111,62377,0.001371,0.00083,0.003901,True,832673,832673,6e9de203c44542df9a008513a32663a30b078c6c3fef53633f67649fa6a33f24,13.349038909,25722,38205,67496,19,63.52169,True,5e-06,True,63.702494,completed,completed,,,
Kubernetes,Kubernetes---kb_1109_Normalized.json,outlines,Outlines,maskbench/data/Kubernetes---kb_1109_Normalized.json,0.2.14,83779,66375,0.001009,0.000652,0.002933,True,858109,858109,14abefdb27c575a4f55737e979f0964b101590a3c4cecc67b8d5ea3b52403df7,12.928195857,38728,51684,64731,24,76.433881,True,5e-06,True,76.623227,completed,completed,,,
Kubernetes,Kubernetes---kb_110_Normalized.json,outlines,Outlines,maskbench/data/Kubernetes---kb_110_Normalized.json,0.2.14,1758,,,,,,,,,,,,,,,,,,,running,loading_schema,,,
Kubernetes,Kubernetes---kb_1111_Normalized.json,outlines,Outlines,maskbench/data/Kubernetes---kb_1111_Normalized.json,0.2.14,81900,66445,0.001077,0.000703,0.002703,True,858114,858114,04f81cece6e82a59eee37be574384cf5a0b1a151a0e28d54f22b871b67839711,12.914651215,38728,51684,64731,24,70.018586,True,4e-06,True,70.201992,completed,completed,,,
Kubernetes,Kubernetes---kb_1113_Normalized.json,outlines,Outlines,maskbench/data/Kubernetes---kb_1113_Normalized.json,0.2.14,58033,44163,0.000707,0.000473,0.002474,True,539455,539455,79699d470dee25c2028ee15128b1e988431c40d3c71bd9bb6f0876d9d9f5df53,12.215089555,8517,15778,46438,10,29.905069,True,5e-06,True,30.03554,completed,completed,,,
Kubernetes,Kubernetes---kb_1114_Normalized.json,outlines,Outlines,maskbench/data/Kubernetes---kb_1114_Normalized.json,0.2.14,56705,44163,0.000554,0.00046,0.00213,True,539455,539455,79699d470dee25c2028ee15128b1e988431c40d3c71bd9bb6f0876d9d9f5df53,12.215089555,8517,15778,46438,10,29.669553,True,4e-06,True,29.789322,completed,completed,,,
Kubernetes,Kubernetes---kb_1115_Normalized.json,outlines,Outlines,maskbench/data/Kubernetes---kb_1115_Normalized.json,0.2.14,57516,44163,0.000772,0.000352,0.002368,True,539455,539455,79699d470dee25c2028ee15128b1e988431c40d3c71bd9bb6f0876d9d9f5df53,12.215089555,8517,15778,46438,10,29.438741,True,5e-06,True,29.590319,completed,completed,,,
Kubernetes,Kubernetes---kb_1116_Normalized.json,outlines,Outlines,maskbench/data/Kubernetes---kb_1116_Normalized.json,0.2.14,56182,44163,0.000505,0.000349,0.001834,True,539455,539455,79699d470dee25c2028ee15128b1e988431c40d3c71bd9bb6f0876d9d9f5df53,12.215089555,8517,15778,46438,10,30.002341,True,5e-06,True,30.138094,completed,completed,,,
Kubernetes,Kubernetes---kb_1117_Normalized.json,outlines,Outlines,maskbench/data/Kubernetes---kb_1117_Normalized.json,0.2.14,58204,44936,0.000864,0.000497,0.002047,True,537793,537793,e047f3e0edf29a4e9f57da3b3216f4ac7266a62f050c7eb6b125722fe85ab2b2,11.967976678,8520,15651,46190,10,29.70685,True,5e-06,True,29.838244,completed,completed,,,
Kubernetes,Kubernetes---kb_1118_Normalized.json,outlines,Outlines,maskbench/data/Kubernetes---kb_1118_Normalized.json,0.2.14,59382,44948,0.000557,0.000354,0.001801,True,537793,537793,e047f3e0edf29a4e9f57da3b3216f4ac7266a62f050c7eb6b125722fe85ab2b2,11.964781525,8520,15651,46190,10,29.044742,True,6e-06,True,29.174223,completed,completed,,,
Kubernetes,Kubernetes---kb_1119_Normalized.json,outlines,Outlines,maskbench/data/Kubernetes---kb_1119_Normalized.json,0.2.14,57124,44946,0.000751,0.000556,0.002695,True,537793,537793,e047f3e0edf29a4e9f57da3b3216f4ac7266a62f050c7eb6b125722fe85ab2b2,11.965313932,8520,15651,46190,10,28.509418,True,6e-06,True,28.690156,completed,completed,,,
Kubernetes,Kubernetes---kb_111_Normalized.json,outlines,Outlines,maskbench/data/Kubernetes---kb_111_Normalized.json,0.2.14,36362,19736,0.000516,0.000254,0.002273,True,853835,853835,1da35215d5ef1be034d9604a912dde643b04259d4194af66fd79ce941d59eb61,43.262819214,38680,51500,64405,24,66.15319,True,5e-06,True,66.345757,completed,completed,,,
Kubernetes,Kubernetes---kb_1120_Normalized.json,outlines,Outlines,maskbench/data/Kubernetes---kb_1120_Normalized.json,0.2.14,59061,44946,0.000614,0.000537,0.002391,True,537793,537793,e047f3e0edf29a4e9f57da3b3216f4ac7266a62f050c7eb6b125722fe85ab2b2,11.965313932,8520,15651,46190,10,28.988801,True,6e-06,True,29.130783,completed,completed,,,
Kubernetes,Kubernetes---kb_1123_Normalized.json,outlines,Outlines,maskbench/data/Kubernetes---kb_1123_Normalized.json,0.2.14,6699,,,,,,,,,,,,,,,,,,,running,loading_schema,,,
Kubernetes,Kubernetes---kb_1125_Normalized.json,outlines,Outlines,maskbench/data/Kubernetes---kb_1125_Normalized.json,0.2.14,3592,,,,,,,,,,,,,,,,,,,running,loading_schema,,,
Kubernetes,Kubernetes---kb_1126_Normalized.json,outlines,Outlines,maskbench/data/Kubernetes---kb_1126_Normalized.json,0.2.14,3585,,,,,,,,,,,,,,,,,,,running,loading_schema,,,
Kubernetes,Kubernetes---kb_1127_Normalized.json,outlines,Outlines,maskbench/data/Kubernetes---kb_1127_Normalized.json,0.2.14,3892,,,,,,,,,,,,,,,,,,,running,loading_schema,,,
Kubernetes,Kubernetes---kb_1128_Normalized.json,outlines,Outlines,maskbench/data/Kubernetes---kb_1128_Normalized.json,0.2.14,3770,,,,,,,,,,,,,,,,,,,running,loading_schema,,,
Kubernetes,Kubernetes---kb_1129_Normalized.json,outlines,Outlines,maskbench/data/Kubernetes---kb_1129_Normalized.json,0.2.14,2294,,,,,,,,,,,,,,,,,,,running,loading_schema,,,
Kubernetes,Kubernetes---kb_112_Normalized.json,outlines,Outlines,maskbench/data/Kubernetes---kb_112_Normalized.json,0.2.14,34244,19720,0.000329,0.000159,0.001952,True,853887,853887,4a72cb43c149b0a6b890607cea7b2f709d6b49b55894b8633845f907b8d3f027,43.300557809,38682,51503,64408,24,62.012001,True,5e-06,True,62.186848,completed,completed,,,
Kubernetes,Kubernetes---kb_1130_Normalized.json,outlines,Outlines,maskbench/data/Kubernetes---kb_1130_Normalized.json,0.2.14,2308,,,,,,,,,,,,,,,,,,,running,loading_schema,,,
Kubernetes,Kubernetes---kb_1131_Normalized.json,outlines,Outlines,maskbench/data/Kubernetes---kb_1131_Normalized.json,0.2.14,4839,,,,,,,,,,,,,,,,,,,running,loading_schema,,,
Kubernetes,Kubernetes---kb_1132_Normalized.json,outlines,Outlines,maskbench/data/Kubernetes---kb_1132_Normalized.json,0.2.14,3921,,,,,,,,,,,,,,,,,,,running,loading_schema,,,
Kubernetes,Kubernetes---kb_1133_Normalized.json,outlines,Outlines,maskbench/data/Kubernetes---kb_1133_Normalized.json,0.2.14,5711,2769,0.000222,5.8e-05,0.00015,True,3920,3920,c6cb63bd2b55f6dd8073f6a3ac23eba43b8218d943c0baf7ed7503c0243b1d39,1.415673528,50,141,334,14,5.829064,True,6e-06,True,5.90914,completed,completed,,,
Kubernetes,Kubernetes---kb_1134_Normalized.json,outlines,Outlines,maskbench/data/Kubernetes---kb_1134_Normalized.json,0.2.14,5683,2769,0.000211,6.5e-05,0.000141,True,3920,3920,c6cb63bd2b55f6dd8073f6a3ac23eba43b8218d943c0baf7ed7503c0243b1d39,1.415673528,50,141,334,14,5.40466,True,5e-06,True,5.484275,completed,completed,,,
Kubernetes,Kubernetes---kb_1135_Normalized.json,outlines,Outlines,maskbench/data/Kubernetes---kb_1135_Normalized.json,0.2.14,3220,,,,,,,,,,,,,,,,,,,running,loading_schema,,,
Kubernetes,Kubernetes---kb_1136_Normalized.json,outlines,Outlines,maskbench/data/Kubernetes---kb_1136_Normalized.json,0.2.14,4171,,,,,,,,,,,,,,,,,,,running,loading_schema,,,
Kubernetes,Kubernetes---kb_1137_Normalized.json,outlines,Outlines,maskbench/data/Kubernetes---kb_1137_Normalized.json,0.2.14,3148,,,,,,,,,,,,,,,,,,,running,loading_schema,,,
Kubernetes,Kubernetes---kb_1138_Normalized.json,outlines,Outlines,maskbench/data/Kubernetes---kb_1138_Normalized.json,0.2.14,14112,9445,0.000274,0.000158,0.00036,True,13064,13064,8ffe8e531776f30a90fdf6d78326e3fc4f0f32a6fa7a7c9623dc6b0f00479fe0,1.383165696,198,454,1310,12,5.51901,True,4e-06,True,5.604791,completed,completed,,,
Kubernetes,Kubernetes---kb_1139_Normalized.json,outlines,Outlines,maskbench/data/Kubernetes---kb_1139_Normalized.json,0.2.14,16408,9445,0.000244,0.000128,0.000253,True,13064,13064,8ffe8e531776f30a90fdf6d78326e3fc4f0f32a6fa7a7c9623dc6b0f00479fe0,1.383165696,198,454,1310,12,5.527045,True,5e-06,True,5.616714,completed,completed,,,
Kubernetes,Kubernetes---kb_113_Normalized.json,outlines,Outlines,maskbench/data/Kubernetes---kb_113_Normalized.json,0.2.14,4100,,,,,,,,,,,,,,,,,,,running,loading_schema,,,
Kubernetes,Kubernetes---kb_1140_Normalized.json,outlines,Outlines,maskbench/data/Kubernetes---kb_1140_Normalized.json,0.2.14,5876,733,0.000213,3.5e-05,7.4e-05,True,372,372,5ff5f50e7618686fcc163a65fdc15fc7f00d52de7c8df013060ac9d07ba4270b,0.507503411,8,19,31,4,0.765337,True,5e-06,True,0.839825,completed,completed,,,
Kubernetes,Kubernetes---kb_1141_Normalized.json,outlines,Outlines,maskbench/data/Kubernetes---kb_1141_Normalized.json,0.2.14,5080,733,0.000203,4.5e-05,6.9e-05,True,372,372,5ff5f50e7618686fcc163a65fdc15fc7f00d52de7c8df013060ac9d07ba4270b,0.507503411,8,19,31,4,0.895644,True,7e-06,True,0.979426,completed,completed,,,
Kubernetes,Kubernetes---kb_1142_Normalized.json,outlines,Outlines,maskbench/data/Kubernetes---kb_1142_Normalized.json,0.2.14,11413,5637,0.00031,0.000144,0.000435,True,7011,7011,775d51b5e412490ab2c6689a33e75bc1107dfbd8d0312d240d91b467db91f4bd,1.243746674,336,444,527,11,11.948311,True,6e-06,True,12.040866,completed,completed,,,
Kubernetes,Kubernetes---kb_1143_Normalized.json,outlines,Outlines,maskbench/data/Kubernetes---kb_1143_Normalized.json,0.2.14,11415,5637,0.000344,0.000124,0.000367,True,7011,7011,775d51b5e412490ab2c6689a33e75bc1107dfbd8d0312d240d91b467db91f4bd,1.243746674,336,444,527,11,12.093668,True,8e-06,True,12.180667,completed,completed,,,
Kubernetes,Kubernetes---kb_1144_Normalized.json,outlines,Outlines,maskbench/data/Kubernetes---kb_1144_Normalized.json,0.2.14,21161,11377,0.000339,0.000129,0.000323,True,7321,7321,b270a3fc418a444652bb6782517dff9e9669d0f3d69daea7df711c64cd56dfc2,0.643491254,114,308,602,12,8.051771,True,5e-06,True,8.136274,completed,completed,,,
Kubernetes,Kubernetes---kb_1145_Normalized.json,outlines,Outlines,maskbench/data/Kubernetes---kb_1145_Normalized.json,0.2.14,5635,3979,0.000203,7.3e-05,0.000141,True,1057,1057,0a282dc83410abd1e818d972b56406e733bd09f7c796d357f045f56ff0825a82,0.265644634,18,31,104,4,1.45564,True,5e-06,True,1.538227,completed,completed,,,
Kubernetes,Kubernetes---kb_1146_Normalized.json,outlines,Outlines,maskbench/data/Kubernetes---kb_1146_Normalized.json,0.2.14,5633,3979,0.000196,6.8e-05,0.000135,True,1057,1057,0a282dc83410abd1e818d972b56406e733bd09f7c796d357f045f56ff0825a82,0.265644634,18,31,104,4,1.231446,True,5e-06,True,1.307317,completed,completed,,,
Kubernetes,Kubernetes---kb_1147_Normalized.json,outlines,Outlines,maskbench/data/Kubernetes---kb_1147_Normalized.json,0.2.14,5876,,,,,,,,,,,,,,,,,,,running,loading_schema,,,
Kubernetes,Kubernetes---kb_1149_Normalized.json,outlines,Outlines,maskbench/data/Kubernetes---kb_1149_Normalized.json,0.2.14,4914,,,,,,,,,,,,,,,,,,,running,loading_schema,,,
Kubernetes,Kubernetes---kb_114_Normalized.json,outlines,Outlines,maskbench/data/Kubernetes---kb_114_Normalized.json,0.2.14,5651,1132,0.000283,4.4e-05,6e-05,True,446,446,5082c5c3f6b7a29f2001444954f0d9fd9907cea4c433da529571c6ea112d16c9,0.393992933,10,22,37,4,1.029035,True,9e-06,True,1.118936,completed,completed,,,
Kubernetes,Kubernetes---kb_1150_Normalized.json,outlines,Outlines,maskbench/data/Kubernetes---kb_1150_Normalized.json,0.2.14,5845,,,,,,,,,,,,,,,,,,,running,loading_schema,,,
Kubernetes,Kubernetes---kb_1151_Normalized.json,outlines,Outlines,maskbench/data/Kubernetes---kb_1151_Normalized.json,0.2.14,5671,,,,,,,,,,,,,,,,,,,running,loading_schema,,,
Kubernetes,Kubernetes---kb_1152_Normalized.json,outlines,Outlines,maskbench/data/Kubernetes---kb_1152_Normalized.json,0.2.14,5431,2794,0.000257,6.5e-05,,False,,,,,,,,,,False,,False,0.044112,compile_error,building_regex,ValueError,Format byte is not supported by Outlines,
Kubernetes,Kubernetes---kb_1153_Normalized.json,outlines,Outlines,maskbench/data/Kubernetes---kb_1153_Normalized.json,0.2.14,7695,3909,0.000194,7.1e-05,0.000123,True,1099,1099,547dacd817aefe1ca62b0fec3e1b733930cf134923d3b6105b5d9d8c873a3cd4,0.281146073,19,38,98,8,1.621782,True,7e-06,True,1.696272,completed,completed,,,
Kubernetes,Kubernetes---kb_1154_Normalized.json,outlines,Outlines,maskbench/data/Kubernetes---kb_1154_Normalized.json,0.2.14,8099,3909,0.000388,6.4e-05,0.000153,True,1099,1099,547dacd817aefe1ca62b0fec3e1b733930cf134923d3b6105b5d9d8c873a3cd4,0.281146073,19,38,98,8,1.542665,True,7e-06,True,1.632743,completed,completed,,,
Kubernetes,Kubernetes---kb_1155_Normalized.json,outlines,Outlines,maskbench/data/Kubernetes---kb_1155_Normalized.json,0.2.14,3422,,,,,,,,,,,,,,,,,,,running,loading_schema,,,
Kubernetes,Kubernetes---kb_1156_Normalized.json,outlines,Outlines,maskbench/data/Kubernetes---kb_1156_Normalized.json,0.2.14,3511,421,0.000178,4.2e-05,7.3e-05,True,180,180,32fdf5e4b02193ad84e4e51f9f7057ef7eb633f728c51d2472aea740eb062366,0.427553444,7,17,25,5,0.220452,True,5e-06,True,0.306103,completed,completed,,,
Kubernetes,Kubernetes---kb_1157_Normalized.json,outlines,Outlines,maskbench/data/Kubernetes---kb_1157_Normalized.json,0.2.14,10401,4001,0.000354,8.4e-05,0.000182,True,1888,1888,9ef71f81cd14cf7b16bfbce8a38ed93778c40f6d9cc49ae0004e848c1e0608ad,0.471882029,26,66,159,11,2.709351,True,5e-06,True,2.796396,completed,completed,,,
Kubernetes,Kubernetes---kb_1158_Normalized.json,outlines,Outlines,maskbench/data/Kubernetes---kb_1158_Normalized.json,0.2.14,10567,4001,0.0003,8.3e-05,0.000187,True,1888,1888,9ef71f81cd14cf7b16bfbce8a38ed93778c40f6d9cc49ae0004e848c1e0608ad,0.471882029,26,66,159,11,2.750055,True,6e-06,True,2.839635,completed,completed,,,
Kubernetes,Kubernetes---kb_1159_Normalized.json,outlines,Outlines,maskbench/data/Kubernetes---kb_1159_Normalized.json,0.2.14,5466,897,0.000223,4.2e-05,6.6e-05,True,586,586,977eab9e743080c9ec2de486bfce9a20b39ccdf1c3b59c2a8822d29b80ddc978,0.65328874,14,28,44,5,0.842228,True,6e-06,True,0.93711,completed,completed,,,
Kubernetes,Kubernetes---kb_115_Normalized.json,outlines,Outlines,maskbench/data/Kubernetes---kb_115_Normalized.json,0.2.14,9521,2336,0.000361,5e-05,9.8e-05,True,1528,1528,da2e28e4664a4f9b1cdb4d04154bf5f1b560870c3cd9cf9fb5a1df4bfaa26f89,0.654109589,29,67,157,9,1.187291,True,6e-06,True,1.278196,completed,completed,,,
Kubernetes,Kubernetes---kb_1160_Normalized.json,outlines,Outlines,maskbench/data/Kubernetes---kb_1160_Normalized.json,0.2.14,4612,897,0.00015,2e-05,3.6e-05,True,586,586,977eab9e743080c9ec2de486bfce9a20b39ccdf1c3b59c2a8822d29b80ddc978,0.65328874,14,28,44,5,0.592113,True,5e-06,True,0.675353,completed,completed,,,
Kubernetes,Kubernetes---kb_116_Normalized.json,outlines,Outlines,maskbench/data/Kubernetes---kb_116_Normalized.json,0.2.14,9367,2336,0.000219,4.9e-05,0.000103,True,1528,1528,da2e28e4664a4f9b1cdb4d04154bf5f1b560870c3cd9cf9fb5a1df4bfaa26f89,0.654109589,29,67,157,9,1.240479,True,7e-06,True,1.336701,completed,completed,,,
Kubernetes,Kubernetes---kb_117_Normalized.json,outlines,Outlines,maskbench/data/Kubernetes---kb_117_Normalized.json,0.2.14,7632,2840,0.00017,3.2e-05,7.5e-05,True,1793,1793,76eec55f7f6952189055fcfa261778fb98b8a40f23e0c8d8250b5d9aa84d9665,0.631338028,38,90,191,9,1.082947,True,4e-06,True,1.155198,completed,completed,,,
Kubernetes,Kubernetes---kb_118_Normalized.json,outlines,Outlines,maskbench/data/Kubernetes---kb_118_Normalized.json,0.2.14,7551,2840,0.0002,5.5e-05,0.000114,True,1793,1793,76eec55f7f6952189055fcfa261778fb98b8a40f23e0c8d8250b5d9aa84d9665,0.631338028,38,90,191,9,1.333832,True,6e-06,True,1.414953,completed,completed,,,
Kubernetes,Kubernetes---kb_119_Normalized.json,outlines,Outlines,maskbench/data/Kubernetes---kb_119_Normalized.json,0.2.14,45386,33279,0.000411,0.000305,0.001236,True,47292,47292,bfcc0e851301bf6e1436a475b08167b7b87075bb80022f6a1058ca940806eecd,1.421076354,775,1779,4401,14,32.980857,True,6e-06,True,33.073705,completed,completed,,,
Kubernetes,Kubernetes---kb_11_Normalized.json,outlines,Outlines,maskbench/data/Kubernetes---kb_11_Normalized.json,0.2.14,1348,,,,,,,,,,,,,,,,,,,running,loading_schema,,,
Kubernetes,Kubernetes---kb_120_Normalized.json,outlines,Outlines,maskbench/data/Kubernetes---kb_120_Normalized.json,0.2.14,49791,33279,0.000502,0.00045,0.001455,True,47292,47292,bfcc0e851301bf6e1436a475b08167b7b87075bb80022f6a1058ca940806eecd,1.421076354,775,1779,4401,14,31.908431,True,4e-06,True,32.003328,completed,completed,,,
Kubernetes,Kubernetes---kb_121_Normalized.json,outlines,Outlines,maskbench/data/Kubernetes---kb_121_Normalized.json,0.2.14,3730,,,,,,,,,,,,,,,,,,,running,loading_schema,,,
Kubernetes,Kubernetes---kb_122_Normalized.json,outlines,Outlines,maskbench/data/Kubernetes---kb_122_Normalized.json,0.2.14,3444,,,,,,,,,,,,,,,,,,,running,loading_schema,,,
Kubernetes,Kubernetes---kb_123_Normalized.json,outlines,Outlines,maskbench/data/Kubernetes---kb_123_Normalized.json,0.2.14,4256,,,,,,,,,,,,,,,,,,,running,loading_schema,,,
Kubernetes,Kubernetes---kb_124_Normalized.json,outlines,Outlines,maskbench/data/Kubernetes---kb_124_Normalized.json,0.2.14,3582,1065,0.000111,2.8e-05,5.1e-05,True,396,396,4bf36274698ce98fd258a4d776dd1b022704ca53142455adf0ab244814b74467,0.371830986,10,26,41,4,0.736973,True,5e-06,True,0.814012,completed,completed,,,
Kubernetes,Kubernetes---kb_125_Normalized.json,outlines,Outlines,maskbench/data/Kubernetes---kb_125_Normalized.json,0.2.14,5733,3195,0.000597,5.6e-05,0.000115,True,1565,1565,00c1e4aeee71dbb669f03052e064e8157c343bcb532705df534281f11fdf9971,0.489827856,23,45,146,4,1.734118,True,4e-06,True,1.815272,completed,completed,,,
Kubernetes,Kubernetes---kb_126_Normalized.json,outlines,Outlines,maskbench/data/Kubernetes---kb_126_Normalized.json,0.2.14,5727,3195,0.000203,6.3e-05,0.000155,True,1565,1565,00c1e4aeee71dbb669f03052e064e8157c343bcb532705df534281f11fdf9971,0.489827856,23,45,146,4,1.719227,True,4e-06,True,1.798235,completed,completed,,,
Kubernetes,Kubernetes---kb_127_Normalized.json,outlines,Outlines,maskbench/data/Kubernetes---kb_127_Normalized.json,0.2.14,1240,,,,,,,,,,,,,,,,,,,running,loading_schema,,,
Kubernetes,Kubernetes---kb_128_Normalized.json,outlines,Outlines,maskbench/data/Kubernetes---kb_128_Normalized.json,0.2.14,1240,,,,,,,,,,,,,,,,,,,running,loading_schema,,,
Kubernetes,Kubernetes---kb_129_Normalized.json,outlines,Outlines,maskbench/data/Kubernetes---kb_129_Normalized.json,0.2.14,4791,1520,0.000208,5e-05,0.000119,True,546,546,aee8b801517688a0bbc688dc16b6bb6ad7d95b86e0fe7973898c90212c21cff2,0.359210526,12,30,53,4,1.178101,True,8e-06,True,1.261576,completed,completed,,,
Kubernetes,Kubernetes---kb_12_Normalized.json,outlines,Outlines,maskbench/data/Kubernetes---kb_12_Normalized.json,0.2.14,1804,256,0.000178,2.4e-05,2.8e-05,True,87,87,28fd994f2bde3cb58fabc68a6f1198bb552b5cd35e444c6a8694dec9eb7c6b9a,0.33984375,2,4,7,3,0.169738,True,5e-06,True,0.25098,completed,completed,,,
Kubernetes,Kubernetes---kb_130_Normalized.json,outlines,Outlines,maskbench/data/Kubernetes---kb_130_Normalized.json,0.2.14,6346,1520,0.000561,5.8e-05,0.000107,True,546,546,aee8b801517688a0bbc688dc16b6bb6ad7d95b86e0fe7973898c90212c21cff2,0.359210526,12,30,53,4,1.416485,True,7e-06,True,1.500571,completed,completed,,,
Kubernetes,Kubernetes---kb_131_Normalized.json,outlines,Outlines,maskbench/data/Kubernetes---kb_131_Normalized.json,0.2.14,3490,331,0.000759,2.7e-05,3.6e-05,True,259,259,e88bf0b072b84e4d66898bbb9ab4a1f66c480f7ac27fadfa783afc9a0c607398,0.782477341,7,14,22,5,0.308956,True,6e-06,True,0.38324,completed,completed,,,
Kubernetes,Kubernetes---kb_132_Normalized.json,outlines,Outlines,maskbench/data/Kubernetes---kb_132_Normalized.json,0.2.14,3459,,,,,,,,,,,,,,,,,,,running,loading_schema,,,
Kubernetes,Kubernetes---kb_133_Normalized.json,outlines,Outlines,maskbench/data/Kubernetes---kb_133_Normalized.json,0.2.14,13264,5228,0.000275,9e-05,0.000299,True,3710,3710,34c1f2bd7264406c0d6c71d96f3cba8e0234459b2be6b65968d35801a9951734,0.709640398,60,123,352,5,4.653782,True,6e-06,True,4.732195,completed,completed,,,
Kubernetes,Kubernetes---kb_134_Normalized.json,outlines,Outlines,maskbench/data/Kubernetes---kb_134_Normalized.json,0.2.14,13963,5228,0.000291,0.000106,0.00028,True,3710,3710,34c1f2bd7264406c0d6c71d96f3cba8e0234459b2be6b65968d35801a9951734,0.709640398,60,123,352,5,4.899312,True,5e-06,True,4.982919,completed,completed,,,
Kubernetes,Kubernetes---kb_135_Normalized.json,outlines,Outlines,maskbench/data/Kubernetes---kb_135_Normalized.json,0.2.14,39119,17194,0.000543,0.000231,0.00114,True,430673,430673,51890d0958f721ca85f6591cbfbf63b7ea7ef07492ab259e762af4fd1ffa1fcb,25.047865534,19619,26104,32478,19,45.677928,True,4e-06,True,45.829475,completed,completed,,,
Kubernetes,Kubernetes---kb_136_Normalized.json,outlines,Outlines,maskbench/data/Kubernetes---kb_136_Normalized.json,0.2.14,24705,17352,0.000182,0.000131,0.000727,True,430678,430678,29e6b1c3edef69621878417fcfd635ee3bd72185022f7df658cfcdb96a1f6544,24.820078377,19619,26104,32478,19,47.812182,True,4e-06,True,47.909066,completed,completed,,,
Kubernetes,Kubernetes---kb_137_Normalized.json,outlines,Outlines,maskbench/data/Kubernetes---kb_137_Normalized.json,0.2.14,33975,17347,0.000234,0.000114,0.001011,True,430678,430678,f184f55253c9e4b53ee4be2b621e3a02e12de0139ae2ba40b49e8b2c98ba970f,24.827232374,19619,26104,32478,19,47.379677,True,8e-06,True,47.511262,completed,completed,,,
Kubernetes,Kubernetes---kb_138_Normalized.json,outlines,Outlines,maskbench/data/Kubernetes---kb_138_Normalized.json,0.2.14,33651,17173,0.000236,0.000121,0.000878,True,430720,430720,39d122029f5580a6f5607d2923f56fa28631775243999da5fbb561324160bea4,25.081232167,19621,26107,32481,19,44.40379,True,4e-06,True,44.519624,completed,completed,,,
Kubernetes,Kubernetes---kb_139_Normalized.json,outlines,Outlines,maskbench/data/Kubernetes---kb_139_Normalized.json,0.2.14,35670,21193,0.000376,0.000117,0.001198,True,862275,862275,7729acbf9bb7ccb7888db18c0093ea62133c7bcf491cab16e658a983eb1d23df,40.686783372,39252,52234,65037,24,80.901224,True,7e-06,True,81.04009,completed,completed,,,
Kubernetes,Kubernetes---kb_13_Normalized.json,outlines,Outlines,maskbench/data/Kubernetes---kb_13_Normalized.json,0.2.14,2355,,,,,,,,,,,,,,,,,,,running,loading_schema,,,
Kubernetes,Kubernetes---kb_142_Normalized.json,outlines,Outlines,maskbench/data/Kubernetes---kb_142_Normalized.json,0.2.14,40520,21172,0.000451,0.000215,0.001829,True,862322,862322,cf6ebe85efb12de85fb287f0189300c92e9a6d1f49749268eb1f17ba3f6df9bb,40.729359531,39254,52237,65040,24,85.873333,True,6e-06,True,86.041104,completed,completed,,,
Kubernetes,Kubernetes---kb_143_Normalized.json,outlines,Outlines,maskbench/data/Kubernetes---kb_143_Normalized.json,0.2.14,188439,155408,0.000985,0.000921,0.003009,True,1395130,1395130,984bec6f8969433425221b5a3535493102775b9af7fac40f1757502370ced190,8.977208381,59837,80430,105669,20,62.621548,True,5e-06,True,62.813056,completed,completed,,,
Kubernetes,Kubernetes---kb_144_Normalized.json,outlines,Outlines,maskbench/data/Kubernetes---kb_144_Normalized.json,0.2.14,187575,155386,0.001197,0.001,0.003699,True,1395135,1395135,5a9daff377cae718351628892ca7c08b3ade120ed1715507e55ce278a3b78c21,8.978511578,59837,80430,105669,20,63.017158,True,7e-06,True,63.285045,completed,completed,,,
Kubernetes,Kubernetes---kb_145_Normalized.json,outlines,Outlines,maskbench/data/Kubernetes---kb_145_Normalized.json,0.2.14,187521,155358,0.00117,0.001074,0.003603,True,1395335,1395335,6b22c4d756701bf651ef1c39551a339c4c15bb54e9b414d5014d4f65716f20c2,8.981417114,59847,80445,105684,20,65.188031,True,4e-06,True,65.412331,completed,completed,,,
Kubernetes,Kubernetes---kb_146_Normalized.json,outlines,Outlines,maskbench/data/Kubernetes---kb_146_Normalized.json,0.2.14,192527,159360,0.001077,0.001159,0.007976,True,2639122,2639122,a3f79dfc51adfd5759e422447248a17b182f18c036c5af12ad75458cceddbb11,16.560755522,117274,156920,199515,25,90.788288,True,4e-06,True,91.157135,completed,completed,,,
Kubernetes,Kubernetes---kb_149_Normalized.json,outlines,Outlines,maskbench/data/Kubernetes---kb_149_Normalized.json,0.2.14,185853,150971,0.000724,0.000691,0.002152,True,870212,870212,8baabbd5de84498c31b0e2a3ffd16ca49de631e5ceaa1db7bdbebac5abec0e77,5.76410039,38935,52056,65760,20,47.649714,True,6e-06,True,47.786902,completed,completed,,,
Kubernetes,Kubernetes---kb_14_Normalized.json,outlines,Outlines,maskbench/data/Kubernetes---kb_14_Normalized.json,0.2.14,2458,700,0.000185,5e-05,4.4e-05,True,236,236,951959e9259e68833a68bd58b11b6c4910b80ff094e21cc2a873daa696b59300,0.337142857,7,14,21,5,0.412917,True,7e-06,True,0.497264,completed,completed,,,
Kubernetes,Kubernetes---kb_150_Normalized.json,outlines,Outlines,maskbench/data/Kubernetes---kb_150_Normalized.json,0.2.14,186151,150943,0.00099,0.000911,0.002895,True,870212,870212,8baabbd5de84498c31b0e2a3ffd16ca49de631e5ceaa1db7bdbebac5abec0e77,5.765169634,38935,52056,65760,20,49.279752,True,5e-06,True,49.454079,completed,completed,,,
Kubernetes,Kubernetes---kb_151_Normalized.json,outlines,Outlines,maskbench/data/Kubernetes---kb_151_Normalized.json,0.2.14,182925,150943,0.001257,0.000705,0.002529,True,870212,870212,8baabbd5de84498c31b0e2a3ffd16ca49de631e5ceaa1db7bdbebac5abec0e77,5.765169634,38935,52056,65760,20,46.74493,True,5e-06,True,46.903137,completed,completed,,,
Kubernetes,Kubernetes---kb_152_Normalized.json,outlines,Outlines,maskbench/data/Kubernetes---kb_152_Normalized.json,0.2.14,9371,2784,0.000237,7.2e-05,0.000134,True,8342,8342,61889d36ab83bb04485905518c9f4547e60d0031f50d508be5330f6b93d095a4,2.996408046,140,217,652,10,2.770347,True,8e-06,True,2.861336,completed,completed,,,
Kubernetes,Kubernetes---kb_153_Normalized.json,outlines,Outlines,maskbench/data/Kubernetes---kb_153_Normalized.json,0.2.14,10320,2784,0.000201,8.5e-05,0.000173,True,8342,8342,61889d36ab83bb04485905518c9f4547e60d0031f50d508be5330f6b93d095a4,2.996408046,140,217,652,10,2.75993,True,7e-06,True,2.859308,completed,completed,,,
Kubernetes,Kubernetes---kb_154_Normalized.json,outlines,Outlines,maskbench/data/Kubernetes---kb_154_Normalized.json,0.2.14,10621,2784,0.000277,7.2e-05,0.00017,True,8342,8342,61889d36ab83bb04485905518c9f4547e60d0031f50d508be5330f6b93d095a4,2.996408046,140,217,652,10,2.533402,True,4e-06,True,2.628654,completed,completed,,,
Kubernetes,Kubernetes---kb_155_Normalized.json,outlines,Outlines,maskbench/data/Kubernetes---kb_155_Normalized.json,0.2.14,2478,,,,,,,,,,,,,,,,,,,running,loading_schema,,,
Kubernetes,Kubernetes---kb_156_Normalized.json,outlines,Outlines,maskbench/data/Kubernetes---kb_156_Normalized.json,0.2.14,3648,,,,,,,,,,,,,,,,,,,running,loading_schema,,,
Kubernetes,Kubernetes---kb_157_Normalized.json,outlines,Outlines,maskbench/data/Kubernetes---kb_157_Normalized.json,0.2.14,3694,,,,,,,,,,,,,,,,,,,running,loading_schema,,,
Kubernetes,Kubernetes---kb_158_Normalized.json,outlines,Outlines,maskbench/data/Kubernetes---kb_158_Normalized.json,0.2.14,3037,,,,,,,,,,,,,,,,,,,running,loading_schema,,,
Kubernetes,Kubernetes---kb_159_Normalized.json,outlines,Outlines,maskbench/data/Kubernetes---kb_159_Normalized.json,0.2.14,26911,18706,0.000242,0.000133,0.000736,True,424104,424104,0e1869fdcf7b616f2e6361356932434962851c0658cb9ca608fb024c84ce7aea,22.672083823,19292,25673,31986,19,35.743223,True,5e-06,True,35.863407,completed,completed,,,
Kubernetes,Kubernetes---kb_15_Normalized.json,outlines,Outlines,maskbench/data/Kubernetes---kb_15_Normalized.json,0.2.14,3108,,,,,,,,,,,,,,,,,,,running,loading_schema,,,
Kubernetes,Kubernetes---kb_160_Normalized.json,outlines,Outlines,maskbench/data/Kubernetes---kb_160_Normalized.json,0.2.14,28489,18908,0.000305,0.000174,0.000901,True,424109,424109,2a27ea0bb0adeda4999b2c69f9c8cb66fc0e40d21c8e36ec22b96840330f96d5,22.430135392,19292,25673,31986,19,36.980863,True,6e-06,True,37.107134,completed,completed,,,
Kubernetes,Kubernetes---kb_161_Normalized.json,outlines,Outlines,maskbench/data/Kubernetes---kb_161_Normalized.json,0.2.14,31344,18872,0.000346,0.00016,0.000903,True,424139,424139,5cb8b74734b4368b888dbb36733fadd5af93dc503b98448377d83f6b2e5ca17e,22.474512505,19294,25676,31989,19,35.322446,True,6e-06,True,35.44815,completed,completed,,,
Kubernetes,Kubernetes---kb_162_Normalized.json,outlines,Outlines,maskbench/data/Kubernetes---kb_162_Normalized.json,0.2.14,33796,22673,0.000489,0.000264,0.001987,True,849146,849146,d1430c69203efbb3ea4b3d3d16647562aa1871368ef2b4a3f864e1a55be1e95a,37.451859039,38600,51378,64057,24,72.148123,True,5e-06,True,72.350388,completed,completed,,,
Kubernetes,Kubernetes---kb_163_Normalized.json,outlines,Outlines,maskbench/data/Kubernetes---kb_163_Normalized.json,0.2.14,31627,22890,0.00033,0.000202,0.001661,True,849151,849151,75d163e6571656f97420bba19efe98636dbcd1f1dfeb876564a1aa3e2c593a3f,37.09702927,38600,51378,64057,24,72.506141,True,6e-06,True,72.674253,completed,completed,,,
Kubernetes,Kubernetes---kb_164_Normalized.json,outlines,Outlines,maskbench/data/Kubernetes---kb_164_Normalized.json,0.2.14,32112,22854,0.000341,0.000202,0.001568,True,849181,849181,2133d7bde4aeba42b3ba905c08eee7d5726602d9a4d632aadf664af7cc69d60c,37.156777807,38602,51381,64060,24,68.57206,True,6e-06,True,68.722241,completed,completed,,,
Kubernetes,Kubernetes---kb_165_Normalized.json,outlines,Outlines,maskbench/data/Kubernetes---kb_165_Normalized.json,0.2.14,8458,3210,0.000164,5.9e-05,9.1e-05,True,513,513,6f1e718fc8290f4ad57127dfbf32a0078d5dbde419f97d2d3df12d3a09260076,0.159813084,17,39,49,9,0.831513,True,7e-06,True,0.930275,completed,completed,,,
Kubernetes,Kubernetes---kb_166_Normalized.json,outlines,Outlines,maskbench/data/Kubernetes---kb_166_Normalized.json,0.2.14,11010,3157,0.00018,6.8e-05,9e-05,True,513,513,6f1e718fc8290f4ad57127dfbf32a0078d5dbde419f97d2d3df12d3a09260076,0.162496041,17,39,49,9,0.670348,True,5e-06,True,0.772321,completed,completed,,,
Kubernetes,Kubernetes---kb_167_Normalized.json,outlines,Outlines,maskbench/data/Kubernetes---kb_167_Normalized.json,0.2.14,11041,3157,0.000253,5.4e-05,8.3e-05,True,513,513,6f1e718fc8290f4ad57127dfbf32a0078d5dbde419f97d2d3df12d3a09260076,0.162496041,17,39,49,9,0.764845,True,8e-06,True,0.852687,completed,completed,,,
Kubernetes,Kubernetes---kb_168_Normalized.json,outlines,Outlines,maskbench/data/Kubernetes---kb_168_Normalized.json,0.2.14,29816,18696,0.0003,0.00013,0.000827,True,424517,424517,d3c08611f6af055cbf7b5169c8aebdd9755c0b00d16e43441b3644e318fdd87e,22.706300813,19293,25688,32030,19,33.591535,True,5e-06,True,33.707655,completed,completed,,,
Kubernetes,Kubernetes---kb_169_Normalized.json,outlines,Outlines,maskbench/data/Kubernetes---kb_169_Normalized.json,0.2.14,30456,18830,0.000365,0.000178,0.000864,True,424522,424522,2703fc149899552613e4948a8b897dc3cc494527e14d062ff718e81f3955cb57,22.544981413,19293,25688,32030,19,34.60225,True,4e-06,True,34.723803,completed,completed,,,
Kubernetes,Kubernetes---kb_16_Normalized.json,outlines,Outlines,maskbench/data/Kubernetes---kb_16_Normalized.json,0.2.14,13550,,,,,,,,,,,,,,,,,,,running,loading_schema,,,
Kubernetes,Kubernetes---kb_170_Normalized.json,outlines,Outlines,maskbench/data/Kubernetes---kb_170_Normalized.json,0.2.14,32445,18794,0.000376,0.000229,0.001137,True,424552,424552,8ab37a747d35f82bb7512d99022a2d73a9aba9ad06f6584138b06a3b1c8c5c3f,22.58976269,19295,25691,32033,19,31.981196,True,4e-06,True,32.122899,completed,completed,,,
Kubernetes,Kubernetes---kb_171_Normalized.json,outlines,Outlines,maskbench/data/Kubernetes---kb_171_Normalized.json,0.2.14,7106,,,,,,,,,,,,,,,,,,,running,loading_schema,,,
Kubernetes,Kubernetes---kb_172_Normalized.json,outlines,Outlines,maskbench/data/Kubernetes---kb_172_Normalized.json,0.2.14,7467,,,,,,,,,,,,,,,,,,,running,loading_schema,,,
Kubernetes,Kubernetes---kb_173_Normalized.json,outlines,Outlines,maskbench/data/Kubernetes---kb_173_Normalized.json,0.2.14,7070,2694,0.000187,5e-05,8e-05,True,449,449,116ba27e24a3841e7d457db564c2bd7c4406fd6410fb5b290736a8d36fad903b,0.166666667,10,28,44,9,0.853342,True,5e-06,True,0.940968,completed,completed,,,
Kubernetes,Kubernetes---kb_174_Normalized.json,outlines,Outlines,maskbench/data/Kubernetes---kb_174_Normalized.json,0.2.14,42829,22649,0.000396,0.000297,0.002041,True,849970,849970,8bbe8fc0f7e168b534ef172845adee95eb658f2985955eb9d075b21002f62d86,37.527926178,38602,51408,64145,24,74.574107,True,6e-06,True,74.772723,completed,completed,,,
Kubernetes,Kubernetes---kb_175_Normalized.json,outlines,Outlines,maskbench/data/Kubernetes---kb_175_Normalized.json,0.2.14,39543,22798,0.000421,0.000205,0.001577,True,849975,849975,8d020942f11dbdb57748b845d7f465bd073d1195a1e95b272dcfe1f86a50c7b8,37.282875691,38602,51408,64145,24,71.133346,True,6e-06,True,71.296571,completed,completed,,,
Kubernetes,Kubernetes---kb_176_Normalized.json,outlines,Outlines,maskbench/data/Kubernetes---kb_176_Normalized.json,0.2.14,44636,22762,0.000595,0.000235,0.001672,True,850005,850005,4af3d328492f281804bb462a25910f6a12d6171c40b6d3b9f0589caaf3f3529e,37.343159652,38604,51411,64148,24,72.437875,True,6e-06,True,72.784628,completed,completed,,,
Kubernetes,Kubernetes---kb_177_Normalized.json,outlines,Outlines,maskbench/data/Kubernetes---kb_177_Normalized.json,0.2.14,11553,3346,0.000342,8.4e-05,0.00014,True,823,823,b85f63c87a0e11208f040636f1c788868c439edf632f70eb8819dc46686ddff8,0.245965332,11,33,79,10,2.104027,True,6e-06,True,2.21919,completed,completed,,,
Kubernetes,Kubernetes---kb_178_Normalized.json,outlines,Outlines,maskbench/data/Kubernetes---kb_178_Normalized.json,0.2.14,15126,3336,0.000272,8e-05,0.000121,True,823,823,b85f63c87a0e11208f040636f1c788868c439edf632f70eb8819dc46686ddff8,0.246702638,11,33,79,10,1.994005,True,7e-06,True,2.099147,completed,completed,,,
Kubernetes,Kubernetes---kb_179_Normalized.json,outlines,Outlines,maskbench/data/Kubernetes---kb_179_Normalized.json,0.2.14,13598,3336,0.000142,4.5e-05,7.1e-05,True,823,823,b85f63c87a0e11208f040636f1c788868c439edf632f70eb8819dc46686ddff8,0.246702638,11,33,79,10,1.440665,True,4e-06,True,1.525711,completed,completed,,,
Kubernetes,Kubernetes---kb_17_Normalized.json,outlines,Outlines,maskbench/data/Kubernetes---kb_17_Normalized.json,0.2.14,17668,3839,0.000298,6.3e-05,0.000127,True,1169,1169,177ff1073cfcca3595c872cce9af6908662fe9a5a4d79a8ffa7b68972f5e9c39,0.304506382,16,37,98,7,2.602433,True,4e-06,True,2.701053,completed,completed,,,
Kubernetes,Kubernetes---kb_180_Normalized.json,outlines,Outlines,maskbench/data/Kubernetes---kb_180_Normalized.json,0.2.14,12729,3577,0.00033,7.4e-05,0.0002,True,1651,1651,85bea24801f7d03964dc6489200510d5a8084b9ffd3b3d6b84faa0f936d34049,0.461559966,31,58,138,8,3.425007,True,6e-06,True,3.525711,completed,completed,,,
Kubernetes,Kubernetes---kb_181_Normalized.json,outlines,Outlines,maskbench/data/Kubernetes---kb_181_Normalized.json,0.2.14,12477,3577,0.000356,0.0001,0.000249,True,1651,1651,85bea24801f7d03964dc6489200510d5a8084b9ffd3b3d6b84faa0f936d34049,0.461559966,31,58,138,8,3.418114,True,6e-06,True,3.521879,completed,completed,,,
Kubernetes,Kubernetes---kb_182_Normalized.json,outlines,Outlines,maskbench/data/Kubernetes---kb_182_Normalized.json,0.2.14,7819,1959,0.00023,5.6e-05,9e-05,True,652,652,a65483bda38d035260ad33892e94d592b387d294ed626641eb3f5c48ee007d53,0.332822869,14,33,58,8,1.489935,True,8e-06,True,1.584168,completed,completed,,,
Kubernetes,Kubernetes---kb_183_Normalized.json,outlines,Outlines,maskbench/data/Kubernetes---kb_183_Normalized.json,0.2.14,4948,,,,,,,,,,,,,,,,,,,running,loading_schema,,,
Kubernetes,Kubernetes---kb_184_Normalized.json,outlines,Outlines,maskbench/data/Kubernetes---kb_184_Normalized.json,0.2.14,6874,,,,,,,,,,,,,,,,,,,running,loading_schema,,,
Kubernetes,Kubernetes---kb_185_Normalized.json,outlines,Outlines,maskbench/data/Kubernetes---kb_185_Normalized.json,0.2.14,9162,1469,0.000216,4.3e-05,9.3e-05,True,497,497,e650f5febd08a49fb4bf63480d4e7549cb2a14124af7fd1251c10b518f7f4b47,0.338325391,12,28,46,4,1.01621,True,7e-06,True,1.115832,completed,completed,,,
Kubernetes,Kubernetes---kb_186_Normalized.json,outlines,Outlines,maskbench/data/Kubernetes---kb_186_Normalized.json,0.2.14,9821,1469,0.000234,4.4e-05,6.3e-05,True,497,497,e650f5febd08a49fb4bf63480d4e7549cb2a14124af7fd1251c10b518f7f4b47,0.338325391,12,28,46,4,0.878628,True,8e-06,True,0.964075,completed,completed,,,
Kubernetes,Kubernetes---kb_187_Normalized.json,outlines,Outlines,maskbench/data/Kubernetes---kb_187_Normalized.json,0.2.14,8118,4956,0.000264,9.4e-05,0.000189,True,1173,1173,bce8213d0c02a06310391313f17a364597b9b8b65510c427086f10efc261def4,0.236682809,18,34,104,6,1.973916,True,9e-06,True,2.077289,completed,completed,,,
Kubernetes,Kubernetes---kb_188_Normalized.json,outlines,Outlines,maskbench/data/Kubernetes---kb_188_Normalized.json,0.2.14,9515,4519,0.000273,9.2e-05,0.000154,True,1195,1195,b844effd5a29dc10460ba38c343651c06cf6fa8312254baed293f7377c4028e4,0.264439035,21,43,106,9,1.662123,True,7e-06,True,1.759301,completed,completed,,,
Kubernetes,Kubernetes---kb_189_Normalized.json,outlines,Outlines,maskbench/data/Kubernetes---kb_189_Normalized.json,0.2.14,10439,4519,0.000318,0.000124,0.000198,True,1195,1195,b844effd5a29dc10460ba38c343651c06cf6fa8312254baed293f7377c4028e4,0.264439035,21,43,106,9,1.679332,True,4e-06,True,1.788679,completed,completed,,,
Kubernetes,Kubernetes---kb_18_Normalized.json,outlines,Outlines,maskbench/data/Kubernetes---kb_18_Normalized.json,0.2.14,15416,5114,0.000302,8.6e-05,0.000188,True,2374,2374,1610889e2bdece0da99f457dde0967948fe9a166bdc9260a274bf625f1098f2c,0.464215878,25,61,201,10,5.349895,True,7e-06,True,5.446465,completed,completed,,,
Kubernetes,Kubernetes---kb_190_Normalized.json,outlines,Outlines,maskbench/data/Kubernetes---kb_190_Normalized.json,0.2.14,61514,46391,0.000564,0.000343,0.00177,True,499807,499807,a766ab1936c70e26972660d262e7b77094fc248212f587e5dfa6d68e865784d2,10.77379233,20955,29060,39144,19,86.231951,True,6e-06,True,86.377457,completed,completed,,,
Kubernetes,Kubernetes---kb_191_Normalized.json,outlines,Outlines,maskbench/data/Kubernetes---kb_191_Normalized.json,0.2.14,60514,,,,,,,,,,,,,,,,,,,running,loading_schema,,,
Kubernetes,Kubernetes---kb_192_Normalized.json,outlines,Outlines,maskbench/data/Kubernetes---kb_192_Normalized.json,0.2.14,67622,,,,,,,,,,,,,,,,,,,running,loading_schema,,,
Kubernetes,Kubernetes---kb_193_Normalized.json,outlines,Outlines,maskbench/data/Kubernetes---kb_193_Normalized.json,0.2.14,4104,,,,,,,,,,,,,,,,,,,running,loading_schema,,,
Kubernetes,Kubernetes---kb_194_Normalized.json,outlines,Outlines,maskbench/data/Kubernetes---kb_194_Normalized.json,0.2.14,5697,1329,0.000112,2.8e-05,5.9e-05,True,428,428,874943ec45cbbb6000380a19dbb498b86a748f5e7c2c0a0083fec3e291d21f46,0.322046652,9,20,36,4,0.896447,True,7e-06,True,1.004224,completed,completed,,,
Kubernetes,Kubernetes---kb_195_Normalized.json,outlines,Outlines,maskbench/data/Kubernetes---kb_195_Normalized.json,0.2.14,3783,1329,0.00018,3.1e-05,6.5e-05,True,428,428,874943ec45cbbb6000380a19dbb498b86a748f5e7c2c0a0083fec3e291d21f46,0.322046652,9,20,36,4,0.74654,True,5e-06,True,0.826267,completed,completed,,,
Kubernetes,Kubernetes---kb_197_Normalized.json,outlines,Outlines,maskbench/data/Kubernetes---kb_197_Normalized.json,0.2.14,69126,53081,0.000623,0.000454,0.002684,True,933850,933850,0fb0021d086181cfc8a9c6626e9f5300a020cfb17e8196ffe024a53306c90087,17.592924022,40376,55032,72001,24,124.563405,True,6e-06,True,124.804174,completed,completed,,,
Kubernetes,Kubernetes---kb_199_Normalized.json,outlines,Outlines,maskbench/data/Kubernetes---kb_199_Normalized.json,0.2.14,5558,1598,0.000239,3.9e-05,9.2e-05,True,735,735,b918ac0252224397c603b87b807822d70185a50d5ffddf36affb6c0537a75b26,0.459949937,18,50,66,9,1.164254,True,6e-06,True,1.26643,completed,completed,,,
Kubernetes,Kubernetes---kb_19_Normalized.json,outlines,Outlines,maskbench/data/Kubernetes---kb_19_Normalized.json,0.2.14,17259,5098,0.000255,9.3e-05,0.000198,True,2426,2426,2f6a4088288bb5c88aae44095031827f3c693ff227e9e39e5c7b1b3d25d883ad,0.475872891,27,64,204,10,6.102798,True,9e-06,True,6.195329,completed,completed,,,
Kubernetes,Kubernetes---kb_1_Normalized.json,outlines,Outlines,maskbench/data/Kubernetes---kb_1_Normalized.json,0.2.14,21621,13176,0.000371,0.000198,0.000626,True,55334,55334,26de663ef870b1b67541a2d0dc4ed70c46eca2ff5d96df9fef963cb191d3b99d,4.199605343,710,1918,4700,17,30.355177,True,4e-06,True,30.481643,completed,completed,,,
Kubernetes,Kubernetes---kb_200_Normalized.json,outlines,Outlines,maskbench/data/Kubernetes---kb_200_Normalized.json,0.2.14,4156,1598,0.000184,4.3e-05,7.8e-05,True,735,735,b918ac0252224397c603b87b807822d70185a50d5ffddf36affb6c0537a75b26,0.459949937,18,50,66,9,1.322284,True,5e-06,True,1.409644,completed,completed,,,
Kubernetes,Kubernetes---kb_201_Normalized.json,outlines,Outlines,maskbench/data/Kubernetes---kb_201_Normalized.json,0.2.14,5947,1598,0.000188,3.9e-05,5.8e-05,True,735,735,b918ac0252224397c603b87b807822d70185a50d5ffddf36affb6c0537a75b26,0.459949937,18,50,66,9,1.141772,True,4e-06,True,1.22408,completed,completed,,,
Kubernetes,Kubernetes---kb_202_Normalized.json,outlines,Outlines,maskbench/data/Kubernetes---kb_202_Normalized.json,0.2.14,53542,,,,,,,,,,,,,,,,,,,running,loading_schema,,,
Kubernetes,Kubernetes---kb_203_Normalized.json,outlines,Outlines,maskbench/data/Kubernetes---kb_203_Normalized.json,0.2.14,45652,,,,,,,,,,,,,,,,,,,running,loading_schema,,,
Kubernetes,Kubernetes---kb_204_Normalized.json,outlines,Outlines,maskbench/data/Kubernetes---kb_204_Normalized.json,0.2.14,44911,,,,,,,,,,,,,,,,,,,running,loading_schema,,,
Kubernetes,Kubernetes---kb_205_Normalized.json,outlines,Outlines,maskbench/data/Kubernetes---kb_205_Normalized.json,0.2.14,11807,4426,0.000333,0.000118,0.000225,True,3678,3678,57d771c76d4a7b5076b80963c86140bffd1488a98e82e86f7028a3292a08f298,0.830998644,53,125,303,9,2.985204,True,4e-06,True,3.091924,completed,completed,,,
Kubernetes,Kubernetes---kb_206_Normalized.json,outlines,Outlines,maskbench/data/Kubernetes---kb_206_Normalized.json,0.2.14,13364,4446,0.000248,8.3e-05,0.000169,True,3678,3678,57d771c76d4a7b5076b80963c86140bffd1488a98e82e86f7028a3292a08f298,0.827260459,53,125,303,9,3.447379,True,5e-06,True,3.547258,completed,completed,,,
Kubernetes,Kubernetes---kb_207_Normalized.json,outlines,Outlines,maskbench/data/Kubernetes---kb_207_Normalized.json,0.2.14,15278,4446,0.000284,8.2e-05,0.000193,True,3678,3678,57d771c76d4a7b5076b80963c86140bffd1488a98e82e86f7028a3292a08f298,0.827260459,53,125,303,9,3.260771,True,4e-06,True,3.357554,completed,completed,,,
Kubernetes,Kubernetes---kb_208_Normalized.json,outlines,Outlines,maskbench/data/Kubernetes---kb_208_Normalized.json,0.2.14,37386,,,,,,,,,,,,,,,,,,,running,loading_schema,,,
Kubernetes,Kubernetes---kb_209_Normalized.json,outlines,Outlines,maskbench/data/Kubernetes---kb_209_Normalized.json,0.2.14,30385,,,,,,,,,,,,,,,,,,,running,loading_schema,,,
Kubernetes,Kubernetes---kb_20_Normalized.json,outlines,Outlines,maskbench/data/Kubernetes---kb_20_Normalized.json,0.2.14,10060,2472,0.000223,5.9e-05,0.000106,True,1161,1161,6df60ea2523a6ef5822830f05dfd21e6f03f41ac7bb26f0dff07b285f2b92213,0.469660194,29,78,104,9,2.177874,True,9e-06,True,2.278731,completed,completed,,,
Kubernetes,Kubernetes---kb_210_Normalized.json,outlines,Outlines,maskbench/data/Kubernetes---kb_210_Normalized.json,0.2.14,35675,,,,,,,,,,,,,,,,,,,running,loading_schema,,,
Kubernetes,Kubernetes---kb_211_Normalized.json,outlines,Outlines,maskbench/data/Kubernetes---kb_211_Normalized.json,0.2.14,4535,3540,0.000194,6e-05,0.000229,True,7473,7473,7ffbe495865d13fbc61bce037ffa940b1dd0bde1e6f8f79a914259410d0ffb05,2.111016949,341,450,561,12,11.412268,True,7e-06,True,11.527382,completed,completed,,,
Kubernetes,Kubernetes---kb_212_Normalized.json,outlines,Outlines,maskbench/data/Kubernetes---kb_212_Normalized.json,0.2.14,5793,3560,0.000177,7.5e-05,0.000195,True,7473,7473,7ffbe495865d13fbc61bce037ffa940b1dd0bde1e6f8f79a914259410d0ffb05,2.099157303,341,450,561,12,10.325008,True,5e-06,True,10.440817,completed,completed,,,
Kubernetes,Kubernetes---kb_213_Normalized.json,outlines,Outlines,maskbench/data/Kubernetes---kb_213_Normalized.json,0.2.14,4555,3560,0.000154,6.2e-05,0.000218,True,7473,7473,7ffbe495865d13fbc61bce037ffa940b1dd0bde1e6f8f79a914259410d0ffb05,2.099157303,341,450,561,12,10.270014,True,6e-06,True,10.378107,completed,completed,,,
Kubernetes,Kubernetes---kb_214_Normalized.json,outlines,Outlines,maskbench/data/Kubernetes---kb_214_Normalized.json,0.2.14,5332,,,,,,,,,,,,,,,,,,,running,loading_schema,,,
Kubernetes,Kubernetes---kb_215_Normalized.json,outlines,Outlines,maskbench/data/Kubernetes---kb_215_Normalized.json,0.2.14,5332,1781,0.000104,3e-05,3.3e-05,True,291,291,3c11ce54e4ff32aef1f671598591d91749389da81672ebece55ab5615e6b0084,0.163391353,6,13,22,4,0.632211,True,4e-06,True,0.735678,completed,completed,,,
Kubernetes,Kubernetes---kb_216_Normalized.json,outlines,Outlines,maskbench/data/Kubernetes---kb_216_Normalized.json,0.2.14,5333,1781,0.000152,3.2e-05,4.1e-05,True,291,291,3c11ce54e4ff32aef1f671598591d91749389da81672ebece55ab5615e6b0084,0.163391353,6,13,22,4,0.662793,True,5e-06,True,0.759006,completed,completed,,,
Kubernetes,Kubernetes---kb_21_Normalized.json,outlines,Outlines,maskbench/data/Kubernetes---kb_21_Normalized.json,0.2.14,8758,2472,0.000247,6.8e-05,0.00013,True,1161,1161,6df60ea2523a6ef5822830f05dfd21e6f03f41ac7bb26f0dff07b285f2b92213,0.469660194,29,78,104,9,2.081454,True,6e-06,True,2.198577,completed,completed,,,
Kubernetes,Kubernetes---kb_220_Normalized.json,outlines,Outlines,maskbench/data/Kubernetes---kb_220_Normalized.json,0.2.14,18045,,,,,,,,,,,,,,,,,,,running,loading_schema,,,
Kubernetes,Kubernetes---kb_221_Normalized.json,outlines,Outlines,maskbench/data/Kubernetes---kb_221_Normalized.json,0.2.14,16791,,,,,,,,,,,,,,,,,,,running,loading_schema,,,
Kubernetes,Kubernetes---kb_222_Normalized.json,outlines,Outlines,maskbench/data/Kubernetes---kb_222_Normalized.json,0.2.14,17221,,,,,,,,,,,,,,,,,,,running,loading_schema,,,
Kubernetes,Kubernetes---kb_223_Normalized.json,outlines,Outlines,maskbench/data/Kubernetes---kb_223_Normalized.json,0.2.14,1399,,,,,,,,,,,,,,,,,,,running,loading_schema,,,
Kubernetes,Kubernetes---kb_224_Normalized.json,outlines,Outlines,maskbench/data/Kubernetes---kb_224_Normalized.json,0.2.14,1921,,,,,,,,,,,,,,,,,,,running,loading_schema,,,
Kubernetes,Kubernetes---kb_225_Normalized.json,outlines,Outlines,maskbench/data/Kubernetes---kb_225_Normalized.json,0.2.14,186931,153848,0.001147,0.001353,0.004323,True,1417131,1417131,81e328bb420aaa7e8272827b23262e3419faa2f1ffcc512b059be264a5121bc0,9.211240965,60164,81313,107672,20,88.790411,True,4e-06,True,89.04629,completed,completed,,,
Kubernetes,Kubernetes---kb_228_Normalized.json,outlines,Outlines,maskbench/data/Kubernetes---kb_228_Normalized.json,0.2.14,186814,153827,0.001259,0.001666,0.005208,True,1417366,1417366,dfab31a1fc06b2c2cee4c79fb68a284ab0a4c91060b4965a109bef11514fa839,9.214026146,60174,81328,107687,20,83.338555,True,7e-06,True,83.635967,completed,completed,,,
Kubernetes,Kubernetes---kb_229_Normalized.json,outlines,Outlines,maskbench/data/Kubernetes---kb_229_Normalized.json,0.2.14,4619,1168,0.000228,4e-05,8.9e-05,True,428,428,874943ec45cbbb6000380a19dbb498b86a748f5e7c2c0a0083fec3e291d21f46,0.366438356,9,20,36,4,0.786331,True,4e-06,True,0.886483,completed,completed,,,
Kubernetes,Kubernetes---kb_22_Normalized.json,outlines,Outlines,maskbench/data/Kubernetes---kb_22_Normalized.json,0.2.14,18049,3976,0.000365,8.3e-05,0.000255,True,2094,2094,47bedb0d7750210efec56ec86060ec1f032480ed6809377a0140d80edb2b2636,0.52665996,29,75,172,10,4.633957,True,4e-06,True,4.750682,completed,completed,,,
Kubernetes,Kubernetes---kb_230_Normalized.json,outlines,Outlines,maskbench/data/Kubernetes---kb_230_Normalized.json,0.2.14,5114,1168,0.000171,4.5e-05,8.2e-05,True,428,428,874943ec45cbbb6000380a19dbb498b86a748f5e7c2c0a0083fec3e291d21f46,0.366438356,9,20,36,4,0.852687,True,7e-06,True,0.968468,completed,completed,,,
Kubernetes,Kubernetes---kb_231_Normalized.json,outlines,Outlines,maskbench/data/Kubernetes---kb_231_Normalized.json,0.2.14,3913,1168,0.000211,5.8e-05,8.2e-05,True,428,428,874943ec45cbbb6000380a19dbb498b86a748f5e7c2c0a0083fec3e291d21f46,0.366438356,9,20,36,4,1.000009,True,8e-06,True,1.125756,completed,completed,,,
Kubernetes,Kubernetes---kb_232_Normalized.json,outlines,Outlines,maskbench/data/Kubernetes---kb_232_Normalized.json,0.2.14,4288,1168,0.000119,4.3e-05,8.3e-05,True,428,428,874943ec45cbbb6000380a19dbb498b86a748f5e7c2c0a0083fec3e291d21f46,0.366438356,9,20,36,4,0.897839,True,5e-06,True,1.011412,completed,completed,,,
Kubernetes,Kubernetes---kb_237_Normalized.json,outlines,Outlines,maskbench/data/Kubernetes---kb_237_Normalized.json,0.2.14,184285,148303,0.000795,0.000699,0.003301,True,930787,930787,3676adfd1d6fedfbed442223c0d2a8f7c75c8d1a767f9a1617d2894ab8f79253,6.276251998,39973,54295,71910,20,173.219797,True,6e-06,True,173.390261,completed,completed,,,
Kubernetes,Kubernetes---kb_23_Normalized.json,outlines,Outlines,maskbench/data/Kubernetes---kb_23_Normalized.json,0.2.14,13893,3960,0.000221,7.4e-05,0.000189,True,2146,2146,463c2ac5142dae5f55d6e7649dc5b4ad7f01c744f04597ff11c505d59c78e0ec,0.541919192,31,78,175,10,4.714847,True,6e-06,True,4.846074,completed,completed,,,
Kubernetes,Kubernetes---kb_240_Normalized.json,outlines,Outlines,maskbench/data/Kubernetes---kb_240_Normalized.json,0.2.14,182792,148303,0.001188,0.000992,0.004097,True,930787,930787,3676adfd1d6fedfbed442223c0d2a8f7c75c8d1a767f9a1617d2894ab8f79253,6.276251998,39973,54295,71910,20,176.785481,True,3e-06,True,176.982652,completed,completed,,,
Kubernetes,Kubernetes---kb_241_Normalized.json,outlines,Outlines,maskbench/data/Kubernetes---kb_241_Normalized.json,0.2.14,15521,3899,0.000231,5.6e-05,0.00012,True,1477,1477,11273f9488c4df5c5e010537f9834756886c22f31bac2c761c69359fb24240b8,0.378815081,29,74,145,8,3.558969,True,4e-06,True,3.655924,completed,completed,,,
Kubernetes,Kubernetes---kb_244_Normalized.json,outlines,Outlines,maskbench/data/Kubernetes---kb_244_Normalized.json,0.2.14,13386,3899,0.000321,8e-05,0.000148,True,1477,1477,11273f9488c4df5c5e010537f9834756886c22f31bac2c761c69359fb24240b8,0.378815081,29,74,145,8,2.741457,True,4e-06,True,2.853358,completed,completed,,,
Kubernetes,Kubernetes---kb_245_Normalized.json,outlines,Outlines,maskbench/data/Kubernetes---kb_245_Normalized.json,0.2.14,4113,,,,,,,,,,,,,,,,,,,running,loading_schema,,,
Kubernetes,Kubernetes---kb_248_Normalized.json,outlines,Outlines,maskbench/data/Kubernetes---kb_248_Normalized.json,0.2.14,4113,,,,,,,,,,,,,,,,,,,running,loading_schema,,,
Kubernetes,Kubernetes---kb_249_Normalized.json,outlines,Outlines,maskbench/data/Kubernetes---kb_249_Normalized.json,0.2.14,22758,8070,0.000313,0.000133,0.000294,True,11574,11574,09b4553a02a3a1fd1b9703441ed1c38ef19ba1b7f342b2613dc855ece92847b4,1.434200743,384,174,267,10,4.171157,True,5e-06,True,4.280039,completed,completed,,,
Kubernetes,Kubernetes---kb_24_Normalized.json,outlines,Outlines,maskbench/data/Kubernetes---kb_24_Normalized.json,0.2.14,37239,20494,0.000276,0.000159,0.001285,True,1273738,1273738,5c52d0aa7d37b1f8f688918450a537305aba25f80907427b24e47e76ff54c884,62.151751732,57891,77048,96081,20,43.876234,True,4e-06,True,44.082345,completed,completed,,,
Kubernetes,Kubernetes---kb_250_Normalized.json,outlines,Outlines,maskbench/data/Kubernetes---kb_250_Normalized.json,0.2.14,16545,,,,,,,,,,,,,,,,,,,running,loading_schema,,,
Kubernetes,Kubernetes---kb_251_Normalized.json,outlines,Outlines,maskbench/data/Kubernetes---kb_251_Normalized.json,0.2.14,187292,154007,0.000817,0.000747,0.002951,True,1424333,1424333,cbe64d539e7ded5005e1dd408fd7ae1f4e5125a9e6884535390e3ae9caedb0d6,9.248495198,60288,81570,108321,20,82.649088,True,6e-06,True,82.865552,completed,completed,,,
Kubernetes,Kubernetes---kb_255_Normalized.json,outlines,Outlines,maskbench/data/Kubernetes---kb_255_Normalized.json,0.2.14,186473,153986,0.000783,0.000737,0.003252,True,1424568,1424568,f3933718396772fb0a002f843d15e69386e88b6ebe23ff1f46d7dca203ed20bb,9.251282584,60298,81585,108336,20,84.33292,True,6e-06,True,84.531725,completed,completed,,,
Kubernetes,Kubernetes---kb_256_Normalized.json,outlines,Outlines,maskbench/data/Kubernetes---kb_256_Normalized.json,0.2.14,4356,1374,0.000158,3.5e-05,6.3e-05,True,508,508,f53a45164c45111e8ec4e9da18e7fc4f494f82a5c994a1953ef9676504b0dc64,0.369723435,10,22,42,4,0.888801,True,6e-06,True,0.991425,completed,completed,,,
Kubernetes,Kubernetes---kb_257_Normalized.json,outlines,Outlines,maskbench/data/Kubernetes---kb_257_Normalized.json,0.2.14,4349,,,,,,,,,,,,,,,,,,,running,loading_schema,,,
Kubernetes,Kubernetes---kb_258_Normalized.json,outlines,Outlines,maskbench/data/Kubernetes---kb_258_Normalized.json,0.2.14,5080,1374,0.000136,3.7e-05,7.5e-05,True,508,508,f53a45164c45111e8ec4e9da18e7fc4f494f82a5c994a1953ef9676504b0dc64,0.369723435,10,22,42,4,0.861974,True,6e-06,True,0.961593,completed,completed,,,
Kubernetes,Kubernetes---kb_259_Normalized.json,outlines,Outlines,maskbench/data/Kubernetes---kb_259_Normalized.json,0.2.14,6006,1374,0.000158,3e-05,5.3e-05,True,508,508,f53a45164c45111e8ec4e9da18e7fc4f494f82a5c994a1953ef9676504b0dc64,0.369723435,10,22,42,4,0.849877,True,4e-06,True,0.939501,completed,completed,,,
Kubernetes,Kubernetes---kb_25_Normalized.json,outlines,Outlines,maskbench/data/Kubernetes---kb_25_Normalized.json,0.2.14,44990,20544,0.000379,0.000121,0.00125,True,1273763,1273763,2ed734bcf799ee976356dbfb186e890dda3a446dadac266c58a76626f87f1f90,62.00170366,57891,77048,96081,20,44.399759,True,4e-06,True,44.581388,completed,completed,,,
Kubernetes,Kubernetes---kb_260_Normalized.json,outlines,Outlines,maskbench/data/Kubernetes---kb_260_Normalized.json,0.2.14,5718,1374,0.000257,2.3e-05,7.8e-05,True,508,508,f53a45164c45111e8ec4e9da18e7fc4f494f82a5c994a1953ef9676504b0dc64,0.369723435,10,22,42,4,1.120623,True,4e-06,True,1.233666,completed,completed,,,
Kubernetes,Kubernetes---kb_269_Normalized.json,outlines,Outlines,maskbench/data/Kubernetes---kb_269_Normalized.json,0.2.14,183329,149365,0.000852,0.000833,0.003308,True,931384,931384,c281c14d57f03050a585a4017f8f898919d0109877f1e7e4a7b8adaa6f9b55bb,6.235624142,39993,54338,71971,20,167.484738,True,5e-06,True,167.669526,completed,completed,,,
Kubernetes,Kubernetes---kb_26_Normalized.json,outlines,Outlines,maskbench/data/Kubernetes---kb_26_Normalized.json,0.2.14,53042,20500,0.000351,0.000119,0.001176,True,1273873,1273873,71b842a0aaa4d799b4bb7d808322beba7ad825a098d51dd058c0b9f838ed74e8,62.140146341,57901,77063,96096,20,45.22396,True,4e-06,True,45.411506,completed,completed,,,
Kubernetes,Kubernetes---kb_273_Normalized.json,outlines,Outlines,maskbench/data/Kubernetes---kb_273_Normalized.json,0.2.14,181673,149365,0.000776,0.00093,0.003571,True,931384,931384,c281c14d57f03050a585a4017f8f898919d0109877f1e7e4a7b8adaa6f9b55bb,6.235624142,39993,54338,71971,20,168.373613,True,4e-06,True,168.560086,completed,completed,,,
Kubernetes,Kubernetes---kb_274_Normalized.json,outlines,Outlines,maskbench/data/Kubernetes---kb_274_Normalized.json,0.2.14,18249,3382,0.000191,4.2e-05,0.00013,True,7961,7961,471ebcbaf1410a29f45fffdf11e295647eaf2dd65caee4ed1ae6af80091262d6,2.353932584,145,341,736,9,3.424481,True,4e-06,True,3.53088,completed,completed,,,
Kubernetes,Kubernetes---kb_278_Normalized.json,outlines,Outlines,maskbench/data/Kubernetes---kb_278_Normalized.json,0.2.14,14745,3382,0.000203,5.3e-05,0.00013,True,7961,7961,471ebcbaf1410a29f45fffdf11e295647eaf2dd65caee4ed1ae6af80091262d6,2.353932584,145,341,736,9,2.775074,True,4e-06,True,2.880756,completed,completed,,,
Kubernetes,Kubernetes---kb_279_Normalized.json,outlines,Outlines,maskbench/data/Kubernetes---kb_279_Normalized.json,0.2.14,4831,,,,,,,,,,,,,,,,,,,running,loading_schema,,,
Kubernetes,Kubernetes---kb_27_Normalized.json,outlines,Outlines,maskbench/data/Kubernetes---kb_27_Normalized.json,0.2.14,3980,,,,,,,,,,,,,,,,,,,running,loading_schema,,,
Kubernetes,Kubernetes---kb_283_Normalized.json,outlines,Outlines,maskbench/data/Kubernetes---kb_283_Normalized.json,0.2.14,4968,,,,,,,,,,,,,,,,,,,running,loading_schema,,,
Kubernetes,Kubernetes---kb_284_Normalized.json,outlines,Outlines,maskbench/data/Kubernetes---kb_284_Normalized.json,0.2.14,6865,3353,0.000114,4.9e-05,0.000133,True,1322,1322,64f9d7786e18713d3c5459b6ff4aed83c6baa2e950eca3addb28a386748b46a2,0.394273785,19,52,128,12,2.537333,True,4e-06,True,2.644457,completed,completed,,,
Kubernetes,Kubernetes---kb_285_Normalized.json,outlines,Outlines,maskbench/data/Kubernetes---kb_285_Normalized.json,0.2.14,7559,,,,,,,,,,,,,,,,,,,running,loading_schema,,,
Kubernetes,Kubernetes---kb_286_Normalized.json,outlines,Outlines,maskbench/data/Kubernetes---kb_286_Normalized.json,0.2.14,7498,2833,0.000158,4.9e-05,8.3e-05,True,653,653,fed955e17b98d5c130c85b6138065ce689efbc7b2dcf0154ab90607aca7d0878,0.230497706,11,28,62,6,1.324213,True,4e-06,True,1.438601,completed,completed,,,
Kubernetes,Kubernetes---kb_287_Normalized.json,outlines,Outlines,maskbench/data/Kubernetes---kb_287_Normalized.json,0.2.14,6200,2833,0.00019,3.8e-05,8.3e-05,True,653,653,fed955e17b98d5c130c85b6138065ce689efbc7b2dcf0154ab90607aca7d0878,0.230497706,11,28,62,6,1.262497,True,4e-06,True,1.371939,completed,completed,,,
Kubernetes,Kubernetes---kb_288_Normalized.json,outlines,Outlines,maskbench/data/Kubernetes---kb_288_Normalized.json,0.2.14,10035,3951,0.000247,7.4e-05,0.000155,True,1451,1451,32dc89fca7a6889142396e153dcc45a7eabaae1834b1fcfa21f1d569a7bd85ed,0.367248798,24,63,144,12,2.532399,True,6e-06,True,2.642674,completed,completed,,,
Kubernetes,Kubernetes---kb_289_Normalized.json,outlines,Outlines,maskbench/data/Kubernetes---kb_289_Normalized.json,0.2.14,11926,3951,0.000185,9.5e-05,0.000161,True,1451,1451,32dc89fca7a6889142396e153dcc45a7eabaae1834b1fcfa21f1d569a7bd85ed,0.367248798,24,63,144,12,2.998163,True,4e-06,True,3.115371,completed,completed,,,
Kubernetes,Kubernetes---kb_28_Normalized.json,outlines,Outlines,maskbench/data/Kubernetes---kb_28_Normalized.json,0.2.14,3882,1216,0.000138,3.4e-05,4.9e-05,True,428,428,874943ec45cbbb6000380a19dbb498b86a748f5e7c2c0a0083fec3e291d21f46,0.351973684,9,20,36,4,0.833874,True,6e-06,True,0.951914,completed,completed,,,
Kubernetes,Kubernetes---kb_290_Normalized.json,outlines,Outlines,maskbench/data/Kubernetes---kb_290_Normalized.json,0.2.14,3606,,,,,,,,,,,,,,,,,,,running,loading_schema,,,
Kubernetes,Kubernetes---kb_291_Normalized.json,outlines,Outlines,maskbench/data/Kubernetes---kb_291_Normalized.json,0.2.14,2822,,,,,,,,,,,,,,,,,,,running,loading_schema,,,
Kubernetes,Kubernetes---kb_293_Normalized.json,outlines,Outlines,maskbench/data/Kubernetes---kb_293_Normalized.json,0.2.14,11589,4665,0.000271,4.7e-05,0.000114,True,2715,2715,7fd68d1ee51e505a165044a9fd2d4048578eb3ba4dcae04489c8833a22d26384,0.581993569,49,90,221,8,1.910861,True,5e-06,True,2.004208,completed,completed,,,
Kubernetes,Kubernetes---kb_294_Normalized.json,outlines,Outlines,maskbench/data/Kubernetes---kb_294_Normalized.json,0.2.14,11629,4665,0.000248,4.7e-05,0.000263,True,2715,2715,7fd68d1ee51e505a165044a9fd2d4048578eb3ba4dcae04489c8833a22d26384,0.581993569,49,90,221,8,1.942461,True,4e-06,True,2.057381,completed,completed,,,
Kubernetes,Kubernetes---kb_295_Normalized.json,outlines,Outlines,maskbench/data/Kubernetes---kb_295_Normalized.json,0.2.14,8058,2768,0.000286,3e-05,9.7e-05,True,2322,2322,5ddd643c6dadb8264a2d67d9975085ee1b99aedc901c1d2fcb8145b2609a951b,0.838872832,40,65,184,4,1.339341,True,4e-06,True,1.434088,completed,completed,,,
Kubernetes,Kubernetes---kb_296_Normalized.json,outlines,Outlines,maskbench/data/Kubernetes---kb_296_Normalized.json,0.2.14,8901,2768,0.000274,2.9e-05,9e-05,True,2322,2322,5ddd643c6dadb8264a2d67d9975085ee1b99aedc901c1d2fcb8145b2609a951b,0.838872832,40,65,184,4,1.35304,True,5e-06,True,1.457886,completed,completed,,,
Kubernetes,Kubernetes---kb_297_Normalized.json,outlines,Outlines,maskbench/data/Kubernetes---kb_297_Normalized.json,0.2.14,2524,,,,,,,,,,,,,,,,,,,running,loading_schema,,,
Kubernetes,Kubernetes---kb_298_Normalized.json,outlines,Outlines,maskbench/data/Kubernetes---kb_298_Normalized.json,0.2.14,2524,,,,,,,,,,,,,,,,,,,running,loading_schema,,,
Kubernetes,Kubernetes---kb_299_Normalized.json,outlines,Outlines,maskbench/data/Kubernetes---kb_299_Normalized.json,0.2.14,3263,410,0.000129,1.3e-05,2.7e-05,True,58,58,019074617f65ff2f971fe30658fd3eed08b6efaa601488cb9ee37afd72eac467,0.141463415,2,5,7,4,0.138169,True,5e-06,True,0.25173,completed,completed,,,
Kubernetes,Kubernetes---kb_29_Normalized.json,outlines,Outlines,maskbench/data/Kubernetes---kb_29_Normalized.json,0.2.14,4652,1216,0.000121,2.9e-05,4.9e-05,True,428,428,874943ec45cbbb6000380a19dbb498b86a748f5e7c2c0a0083fec3e291d21f46,0.351973684,9,20,36,4,0.692063,True,4e-06,True,0.788327,completed,completed,,,
Kubernetes,Kubernetes---kb_2_Normalized.json,outlines,Outlines,maskbench/data/Kubernetes---kb_2_Normalized.json,0.2.14,12469,2566,0.000241,6.7e-05,0.000131,True,3147,3147,1864e8bb8b236bbc2a7faa313660704d1eb58538fda6301d901fcd2fa65b598d,1.226422447,43,112,262,16,3.076718,True,4e-06,True,3.197266,completed,completed,,,
Kubernetes,Kubernetes---kb_300_Normalized.json,outlines,Outlines,maskbench/data/Kubernetes---kb_300_Normalized.json,0.2.14,4068,984,0.000607,1.9e-05,4.3e-05,True,455,455,1651446fb9e4cfaa25402bc2738716386b370b43349d2441ab3e1eda2727aed5,0.462398374,14,30,46,5,0.477492,True,4e-06,True,0.577497,completed,completed,,,
Kubernetes,Kubernetes---kb_301_Normalized.json,outlines,Outlines,maskbench/data/Kubernetes---kb_301_Normalized.json,0.2.14,4086,1333,0.000199,2.4e-05,4.7e-05,True,816,816,6450c8eb0ab00a4ede6888403fad71c5762b24f2c1b108bf3a4a2c6c1a983bbd,0.612153038,23,49,76,5,0.485929,True,4e-06,True,0.594483,completed,completed,,,
Kubernetes,Kubernetes---kb_302_Normalized.json,outlines,Outlines,maskbench/data/Kubernetes---kb_302_Normalized.json,0.2.14,4688,,,,,,,,,,,,,,,,,,,running,loading_schema,,,
Kubernetes,Kubernetes---kb_303_Normalized.json,outlines,Outlines,maskbench/data/Kubernetes---kb_303_Normalized.json,0.2.14,3865,1333,0.000111,4.3e-05,6.7e-05,True,816,816,6450c8eb0ab00a4ede6888403fad71c5762b24f2c1b108bf3a4a2c6c1a983bbd,0.612153038,23,49,76,5,0.634108,True,5e-06,True,0.763601,completed,completed,,,
Kubernetes,Kubernetes---kb_304_Normalized.json,outlines,Outlines,maskbench/data/Kubernetes---kb_304_Normalized.json,0.2.14,34736,21085,0.000225,0.000119,0.00114,True,894863,894863,2c396ae5f4fe180328a251283bba8b271476c0bb1417c5bae8bfa967a92d1d6b,42.440739862,39330,52535,67687,20,52.553603,True,5e-06,True,52.708642,completed,completed,,,
Kubernetes,Kubernetes---kb_305_Normalized.json,outlines,Outlines,maskbench/data/Kubernetes---kb_305_Normalized.json,0.2.14,31748,21069,0.000287,0.000125,0.001073,True,895071,895071,5df60323e3618318e984fcad2e8e1529ee5483c1edce90249d438015849e1a03,42.48284209,39338,52547,67699,20,53.410083,True,4e-06,True,53.573469,completed,completed,,,
Kubernetes,Kubernetes---kb_307_Normalized.json,outlines,Outlines,maskbench/data/Kubernetes---kb_307_Normalized.json,0.2.14,42333,22118,0.000243,0.000129,0.000729,True,430486,430486,47f544d538143d2a729c7afff089a0227dbc47201fb0e9b33bd50f27b20cb129,19.463152184,19397,25853,32505,19,35.812289,True,4e-06,True,35.938229,completed,completed,,,
Kubernetes,Kubernetes---kb_308_Normalized.json,outlines,Outlines,maskbench/data/Kubernetes---kb_308_Normalized.json,0.2.14,40634,22080,0.000247,0.000163,0.000833,True,430514,430514,9ee35864c101a76e15b13ce308273bc6f10685548aea04030d173efd62400282,19.497916667,19399,25856,32508,19,37.237408,True,5e-06,True,37.377878,completed,completed,,,
Kubernetes,Kubernetes---kb_30_Normalized.json,outlines,Outlines,maskbench/data/Kubernetes---kb_30_Normalized.json,0.2.14,38902,24333,0.00032,0.00024,0.003809,True,2548503,2548503,40cb6d673f62805e4435f01cfc2e571b2644fe7ee889c877f025d31883afe88f,104.734434718,115806,154128,192255,25,73.092757,True,5e-06,True,73.417152,completed,completed,,,
Kubernetes,Kubernetes---kb_310_Normalized.json,outlines,Outlines,maskbench/data/Kubernetes---kb_310_Normalized.json,0.2.14,50006,25985,0.000287,0.000142,0.001235,True,861817,861817,8a0b8befc016995d2630446e6296fe3df819d38e97c5fd78febbbed552ed2955,33.16594189,38804,51720,65083,24,74.164319,True,4e-06,True,74.337019,completed,completed,,,
Kubernetes,Kubernetes---kb_311_Normalized.json,outlines,Outlines,maskbench/data/Kubernetes---kb_311_Normalized.json,0.2.14,48945,25947,0.000304,0.000146,0.001212,True,861845,861845,688a913173511e6982ef3c16d24b801352a48ee2d31dac86e05912167664fef0,33.215593325,38806,51723,65086,24,65.023409,True,5e-06,True,65.185112,completed,completed,,,
Kubernetes,Kubernetes---kb_312_Normalized.json,outlines,Outlines,maskbench/data/Kubernetes---kb_312_Normalized.json,0.2.14,39808,25000,0.000311,0.00014,0.002086,True,1790873,1790873,68cb5dceddf6a05c98bb7697eb780752751274aa2f47ca1e7854cae7eb2aa719,71.63492,78680,105096,135461,25,82.891329,True,5e-06,True,83.134586,completed,completed,,,
Kubernetes,Kubernetes---kb_313_Normalized.json,outlines,Outlines,maskbench/data/Kubernetes---kb_313_Normalized.json,0.2.14,40471,24984,0.000291,0.000143,0.002076,True,1790925,1790925,7e479374e23a57e62e4a33f7576dd700a4759860f39feed897eb1f2ad53e0e68,71.682877041,78682,105099,135464,25,82.530191,True,4e-06,True,82.780846,completed,completed,,,
Kubernetes,Kubernetes---kb_314_Normalized.json,outlines,Outlines,maskbench/data/Kubernetes---kb_314_Normalized.json,0.2.14,20425,5394,0.000279,5e-05,0.000191,True,23767,23767,6aec1b1d6dc0b44263e40a8939952cbd8faac334837718b236632d5e484cf399,4.406192065,386,622,1896,11,7.629086,True,5e-06,True,7.75262,completed,completed,,,
Kubernetes,Kubernetes---kb_315_Normalized.json,outlines,Outlines,maskbench/data/Kubernetes---kb_315_Normalized.json,0.2.14,19658,5394,0.000263,5.1e-05,0.000184,True,23767,23767,6aec1b1d6dc0b44263e40a8939952cbd8faac334837718b236632d5e484cf399,4.406192065,386,622,1896,11,7.450851,True,9e-06,True,7.565859,completed,completed,,,
Kubernetes,Kubernetes---kb_316_Normalized.json,outlines,Outlines,maskbench/data/Kubernetes---kb_316_Normalized.json,0.2.14,4485,1824,0.00028,2.6e-05,0.000109,True,1016,1016,32b710788f4ffe57001ee05b688e2a9364faeabc27e9c42578b1f8be05621526,0.557017544,22,32,92,5,0.857713,True,4e-06,True,0.993429,completed,completed,,,
Kubernetes,Kubernetes---kb_317_Normalized.json,outlines,Outlines,maskbench/data/Kubernetes---kb_317_Normalized.json,0.2.14,5572,1824,0.000247,2.4e-05,0.000156,True,1016,1016,32b710788f4ffe57001ee05b688e2a9364faeabc27e9c42578b1f8be05621526,0.557017544,22,32,92,5,0.853343,True,4e-06,True,0.990723,completed,completed,,,
Kubernetes,Kubernetes---kb_318_Normalized.json,outlines,Outlines,maskbench/data/Kubernetes---kb_318_Normalized.json,0.2.14,7593,4764,0.000212,4.8e-05,0.000127,True,2478,2478,c6b0bd2b6ae24426403518103405d37e389b788e249eeb09e30e86e2210e9064,0.520151134,38,77,227,8,2.375361,True,5e-06,True,2.505725,completed,completed,,,
Kubernetes,Kubernetes---kb_319_Normalized.json,outlines,Outlines,maskbench/data/Kubernetes---kb_319_Normalized.json,0.2.14,9043,4764,0.000114,6e-05,0.000153,True,2478,2478,c6b0bd2b6ae24426403518103405d37e389b788e249eeb09e30e86e2210e9064,0.520151134,38,77,227,8,2.340187,True,4e-06,True,2.476373,completed,completed,,,
Kubernetes,Kubernetes---kb_31_Normalized.json,outlines,Outlines,maskbench/data/Kubernetes---kb_31_Normalized.json,0.2.14,36773,24398,0.000741,0.000148,0.005377,True,2548508,2548508,5a9781aab4d77814dacb4236cf83f92774646dcce9a4887260adac4cdf4fa2c8,104.455611116,115806,154128,192255,25,61.623492,True,4e-06,True,61.955664,completed,completed,,,
Kubernetes,Kubernetes---kb_320_Normalized.json,outlines,Outlines,maskbench/data/Kubernetes---kb_320_Normalized.json,0.2.14,7607,3709,0.000235,4e-05,0.00011,True,2275,2275,55ca0ef52a60539d98ac94b9fc4097500bd9f39e3f472419fc04ee72a46a41e9,0.613372877,34,67,207,7,1.997295,True,3e-06,True,2.106276,completed,completed,,,
Kubernetes,Kubernetes---kb_321_Normalized.json,outlines,Outlines,maskbench/data/Kubernetes---kb_321_Normalized.json,0.2.14,7465,3709,0.000151,4.1e-05,0.000105,True,2275,2275,55ca0ef52a60539d98ac94b9fc4097500bd9f39e3f472419fc04ee72a46a41e9,0.613372877,34,67,207,7,2.10528,True,4e-06,True,2.220969,completed,completed,,,
Kubernetes,Kubernetes---kb_322_Normalized.json,outlines,Outlines,maskbench/data/Kubernetes---kb_322_Normalized.json,0.2.14,45597,32460,0.00035,0.000315,0.000938,True,47392,47392,288a8472d9d027b7a0fb3ab467ce0f79ff80453a446ceeefc777da2e6ceb5f44,1.460012323,777,1784,4409,14,28.693335,True,4e-06,True,28.819248,completed,completed,,,
Kubernetes,Kubernetes---kb_323_Normalized.json,outlines,Outlines,maskbench/data/Kubernetes---kb_323_Normalized.json,0.2.14,46819,32460,0.000353,0.000188,0.000721,True,47392,47392,288a8472d9d027b7a0fb3ab467ce0f79ff80453a446ceeefc777da2e6ceb5f44,1.460012323,777,1784,4409,14,28.942939,True,4e-06,True,29.063894,completed,completed,,,
Kubernetes,Kubernetes---kb_324_Normalized.json,outlines,Outlines,maskbench/data/Kubernetes---kb_324_Normalized.json,0.2.14,32554,20661,0.000289,0.000118,0.002241,True,429150,429150,336787bc0120005c11409ed1b4748f77aa5393111f7c689cd47be306e9e230e6,20.77101786,19375,25812,32387,19,32.713635,True,6e-06,True,32.892127,completed,completed,,,
Kubernetes,Kubernetes---kb_325_Normalized.json,outlines,Outlines,maskbench/data/Kubernetes---kb_325_Normalized.json,0.2.14,38969,20311,0.00028,0.000392,0.001507,True,429264,429264,469bb6dbfb79588278cf57870cf21873d83e4c7abb7316172f515382159cfde9,21.134557629,19380,25820,32405,18,31.48205,True,4e-06,True,31.661834,completed,completed,,,
Kubernetes,Kubernetes---kb_326_Normalized.json,outlines,Outlines,maskbench/data/Kubernetes---kb_326_Normalized.json,0.2.14,38731,20626,0.000349,0.00012,0.000735,True,429181,429181,838bade03586f52fb4c4dc2b0345b5b96f76ed860f082a90ba7bd724b96e99a2,20.807766896,19377,25815,32390,19,32.880869,True,5e-06,True,33.024245,completed,completed,,,
Kubernetes,Kubernetes---kb_327_Normalized.json,outlines,Outlines,maskbench/data/Kubernetes---kb_327_Normalized.json,0.2.14,40402,24546,0.000337,0.00014,0.001233,True,859020,859020,15b1d174241bb419729523d9e6fddd3d25206bb1277941cfa1e769d77b51e409,34.996333415,38752,51614,64831,24,57.010554,True,7e-06,True,57.189253,completed,completed,,,
Kubernetes,Kubernetes---kb_328_Normalized.json,outlines,Outlines,maskbench/data/Kubernetes---kb_328_Normalized.json,0.2.14,47328,24140,0.000258,0.000143,0.001204,True,859269,859269,df482735363223f7ef1874278e73347228e2ff5afcbfe0c5681522113350cacc,35.595236123,38762,51630,64867,23,59.78734,True,4e-06,True,59.969946,completed,completed,,,
Kubernetes,Kubernetes---kb_329_Normalized.json,outlines,Outlines,maskbench/data/Kubernetes---kb_329_Normalized.json,0.2.14,40828,24511,0.000338,0.000137,0.001191,True,859051,859051,62ef8fc02378a7e4fd3c4074b1819cc1dd707099bd5e416e6c19dc20920eb218,35.047570479,38754,51617,64834,24,62.673761,True,9e-06,True,62.855926,completed,completed,,,
Kubernetes,Kubernetes---kb_32_Normalized.json,outlines,Outlines,maskbench/data/Kubernetes---kb_32_Normalized.json,0.2.14,37443,24354,0.000287,0.000134,0.002898,True,2548530,2548530,5da9e9bc1a804e768d672fbb0af7dbcfbfab44a0bc47f5f581915b4d4025c85e,104.645232816,115808,154131,192258,25,63.432567,True,4e-06,True,63.74223,completed,completed,,,
Kubernetes,Kubernetes---kb_330_Normalized.json,outlines,Outlines,maskbench/data/Kubernetes---kb_330_Normalized.json,0.2.14,4746,997,0.000264,3.6e-05,3.6e-05,True,224,224,29614b5fd5f9a13d951e4f6fd7c5ad8ac7243044ea0db719623f3e9271a830a2,0.224674022,5,10,20,3,0.43969,True,4e-06,True,0.55893,completed,completed,,,
Kubernetes,Kubernetes---kb_331_Normalized.json,outlines,Outlines,maskbench/data/Kubernetes---kb_331_Normalized.json,0.2.14,3849,899,0.000153,6.4e-05,5.1e-05,True,425,425,6bc53300aeb8b6d78b6e826b1d31606e39970d2fc7b90cbcc4e85e16ab126005,0.472747497,12,25,43,5,0.460921,True,4e-06,True,0.598537,completed,completed,,,
Kubernetes,Kubernetes---kb_332_Normalized.json,outlines,Outlines,maskbench/data/Kubernetes---kb_332_Normalized.json,0.2.14,3848,997,0.000403,2.2e-05,5.7e-05,True,224,224,29614b5fd5f9a13d951e4f6fd7c5ad8ac7243044ea0db719623f3e9271a830a2,0.224674022,5,10,20,3,0.428401,True,3e-06,True,0.559341,completed,completed,,,
Kubernetes,Kubernetes---kb_333_Normalized.json,outlines,Outlines,maskbench/data/Kubernetes---kb_333_Normalized.json,0.2.14,2686,304,0.000203,2.8e-05,2.9e-05,True,261,261,2d4b13429a26cde3b4b1cb2452e256477da57a518035b4cdd0a3be41f08c7e86,0.858552632,7,14,22,5,0.298815,True,4e-06,True,0.421524,completed,completed,,,
Kubernetes,Kubernetes---kb_334_Normalized.json,outlines,Outlines,maskbench/data/Kubernetes---kb_334_Normalized.json,0.2.14,2689,304,8.6e-05,3.6e-05,2.8e-05,True,261,261,2d4b13429a26cde3b4b1cb2452e256477da57a518035b4cdd0a3be41f08c7e86,0.858552632,7,14,22,5,0.302361,True,4e-06,True,0.444755,completed,completed,,,
Kubernetes,Kubernetes---kb_335_Normalized.json,outlines,Outlines,maskbench/data/Kubernetes---kb_335_Normalized.json,0.2.14,31448,21746,0.000277,0.00014,0.000808,True,431763,431763,a77af4a81917dd6ca7f3823563e2b81815ec8f6ca1c55ec9de3cc4c868d239b4,19.854823876,19412,25945,32638,19,29.080974,True,4e-06,True,29.233258,completed,completed,,,
Kubernetes,Kubernetes---kb_336_Normalized.json,outlines,Outlines,maskbench/data/Kubernetes---kb_336_Normalized.json,0.2.14,33358,21718,0.000324,0.000128,0.000779,True,431923,431923,60588cec85e875f24b448c91f695be8082d25022ecc702c3bb070d45efea2a73,19.887788931,19420,25957,32650,19,30.221452,True,4e-06,True,30.386451,completed,completed,,,
Kubernetes,Kubernetes---kb_337_Normalized.json,outlines,Outlines,maskbench/data/Kubernetes---kb_337_Normalized.json,0.2.14,3510,597,0.000156,1.5e-05,3.1e-05,True,194,194,200ed2c3e724c28f5841c552b47410cb48e17e053ad54bd6b4635e5118b6c116,0.324958124,5,16,18,9,0.273039,True,5e-06,True,0.399835,completed,completed,,,
Kubernetes,Kubernetes---kb_338_Normalized.json,outlines,Outlines,maskbench/data/Kubernetes---kb_338_Normalized.json,0.2.14,2773,597,0.000192,3.7e-05,3.1e-05,True,194,194,200ed2c3e724c28f5841c552b47410cb48e17e053ad54bd6b4635e5118b6c116,0.324958124,5,16,18,9,0.284746,True,4e-06,True,0.440421,completed,completed,,,
Kubernetes,Kubernetes---kb_339_Normalized.json,outlines,Outlines,maskbench/data/Kubernetes---kb_339_Normalized.json,0.2.14,2052,224,0.000323,1.4e-05,2.3e-05,True,264,264,464cd46b890c775df48bad485c6460458f1a7ca02fd46f809bdde3499bbe29cb,1.178571429,7,14,22,5,0.332336,True,4e-06,True,0.453533,completed,completed,,,
Kubernetes,Kubernetes---kb_33_Normalized.json,outlines,Outlines,maskbench/data/Kubernetes---kb_33_Normalized.json,0.2.14,6905,3887,0.000108,9.9e-05,,False,,,,,,,,,,False,,False,0.073929,compile_error,building_regex,ValueError,Format byte is not supported by Outlines,
Kubernetes,Kubernetes---kb_340_Normalized.json,outlines,Outlines,maskbench/data/Kubernetes---kb_340_Normalized.json,0.2.14,2996,224,0.000144,4.2e-05,3.5e-05,True,264,264,464cd46b890c775df48bad485c6460458f1a7ca02fd46f809bdde3499bbe29cb,1.178571429,7,14,22,5,0.321264,True,6e-06,True,0.46827,completed,completed,,,
Kubernetes,Kubernetes---kb_341_Normalized.json,outlines,Outlines,maskbench/data/Kubernetes---kb_341_Normalized.json,0.2.14,2492,224,0.000166,1.2e-05,2.6e-05,True,264,264,464cd46b890c775df48bad485c6460458f1a7ca02fd46f809bdde3499bbe29cb,1.178571429,7,14,22,5,0.33714,True,4e-06,True,0.46418,completed,completed,,,
Kubernetes,Kubernetes---kb_342_Normalized.json,outlines,Outlines,maskbench/data/Kubernetes---kb_342_Normalized.json,0.2.14,6382,3433,0.000133,0.000136,0.000122,True,1937,1937,315404cfc8c1a691ccf967009e6da9009f5e1a94a660c4f266c57a72da3c11b5,0.564229537,29,77,165,11,2.33748,True,4e-06,True,2.465945,completed,completed,,,
Kubernetes,Kubernetes---kb_343_Normalized.json,outlines,Outlines,maskbench/data/Kubernetes---kb_343_Normalized.json,0.2.14,8010,4871,0.000204,5e-05,0.00013,True,2083,2083,4a31a7fd28d683737c453534ab837bde265b2c7a8fe885e26f8a6d12c6cf5c5d,0.42763293,30,78,183,11,2.574236,True,4e-06,True,2.696609,completed,completed,,,
Kubernetes,Kubernetes---kb_344_Normalized.json,outlines,Outlines,maskbench/data/Kubernetes---kb_344_Normalized.json,0.2.14,8818,4871,0.000207,5.2e-05,0.000232,True,2083,2083,4a31a7fd28d683737c453534ab837bde265b2c7a8fe885e26f8a6d12c6cf5c5d,0.42763293,30,78,183,11,2.584114,True,4e-06,True,2.735786,completed,completed,,,
Kubernetes,Kubernetes---kb_345_Normalized.json,outlines,Outlines,maskbench/data/Kubernetes---kb_345_Normalized.json,0.2.14,7625,3255,0.000208,3.5e-05,0.000105,True,1936,1936,fc0854257859a0d47281de816203f5de63688359a10679283400eb8a4188999a,0.594777266,29,76,164,11,2.388053,True,4e-06,True,2.518621,completed,completed,,,
Kubernetes,Kubernetes---kb_346_Normalized.json,outlines,Outlines,maskbench/data/Kubernetes---kb_346_Normalized.json,0.2.14,7916,4553,0.000368,4.5e-05,0.00013,True,2261,2261,491df39239761e39090bcaa43c5d7b3dbc674cf5d6b28a5e1343921f890e58a3,0.496595651,36,91,202,11,2.516266,True,3e-06,True,2.637189,completed,completed,,,
Kubernetes,Kubernetes---kb_347_Normalized.json,outlines,Outlines,maskbench/data/Kubernetes---kb_347_Normalized.json,0.2.14,9284,4553,0.000111,4.3e-05,0.000334,True,2261,2261,491df39239761e39090bcaa43c5d7b3dbc674cf5d6b28a5e1343921f890e58a3,0.496595651,36,91,202,11,2.416181,True,1e-05,True,2.564232,completed,completed,,,
Kubernetes,Kubernetes---kb_348_Normalized.json,outlines,Outlines,maskbench/data/Kubernetes---kb_348_Normalized.json,0.2.14,4166,1111,0.000305,2.5e-05,0.000181,True,1401,1401,63d31d468e6c1ea47af95305c52499d887d6bb3a033214954696de770a8eb7b4,1.261026103,43,108,143,10,0.945943,True,4e-06,True,1.09609,completed,completed,,,
Kubernetes,Kubernetes---kb_349_Normalized.json,outlines,Outlines,maskbench/data/Kubernetes---kb_349_Normalized.json,0.2.14,4127,1111,0.000212,2.9e-05,7.2e-05,True,1401,1401,63d31d468e6c1ea47af95305c52499d887d6bb3a033214954696de770a8eb7b4,1.261026103,43,108,143,10,0.942928,True,6e-06,True,1.068236,completed,completed,,,
Kubernetes,Kubernetes---kb_34_Normalized.json,outlines,Outlines,maskbench/data/Kubernetes---kb_34_Normalized.json,0.2.14,6728,3897,0.000254,0.000108,,False,,,,,,,,,,False,,False,0.075832,compile_error,building_regex,ValueError,Format byte is not supported by Outlines,
Kubernetes,Kubernetes---kb_354_Normalized.json,outlines,Outlines,maskbench/data/Kubernetes---kb_354_Normalized.json,0.2.14,7020,1805,0.00021,2.8e-05,0.000192,True,770,770,f719470b7d13ac230853d76303954f0d87453b1a5312b480fae20eace8a00f01,0.426592798,17,36,68,8,1.306703,True,4e-06,True,1.439054,completed,completed,,,
Kubernetes,Kubernetes---kb_355_Normalized.json,outlines,Outlines,maskbench/data/Kubernetes---kb_355_Normalized.json,0.2.14,7717,1805,0.000198,2.7e-05,7.8e-05,True,770,770,f719470b7d13ac230853d76303954f0d87453b1a5312b480fae20eace8a00f01,0.426592798,17,36,68,8,1.260547,True,4e-06,True,1.39754,completed,completed,,,
Kubernetes,Kubernetes---kb_356_Normalized.json,outlines,Outlines,maskbench/data/Kubernetes---kb_356_Normalized.json,0.2.14,7031,1717,0.000206,2.7e-05,7.2e-05,True,632,632,4acd76393c92b5d485124f83fc0307fe42589fd5585bc669e81b9e5c7c484e2a,0.368083867,14,33,58,8,1.124815,True,4e-06,True,1.25161,completed,completed,,,
Kubernetes,Kubernetes---kb_357_Normalized.json,outlines,Outlines,maskbench/data/Kubernetes---kb_357_Normalized.json,0.2.14,7738,1717,0.000264,2.6e-05,6.5e-05,True,632,632,4acd76393c92b5d485124f83fc0307fe42589fd5585bc669e81b9e5c7c484e2a,0.368083867,14,33,58,8,1.114734,True,4e-06,True,1.249936,completed,completed,,,
Kubernetes,Kubernetes---kb_358_Normalized.json,outlines,Outlines,maskbench/data/Kubernetes---kb_358_Normalized.json,0.2.14,2353,551,0.000185,1.4e-05,6e-05,True,272,272,7bb642904c297b0c47cbae07f9824b69a498ed3ac0d47d4201db41ee9c961919,0.493647913,7,14,22,5,0.37351,True,8e-06,True,0.520756,completed,completed,,,
Kubernetes,Kubernetes---kb_359_Normalized.json,outlines,Outlines,maskbench/data/Kubernetes---kb_359_Normalized.json,0.2.14,2275,551,0.000136,2.4e-05,3.8e-05,True,272,272,7bb642904c297b0c47cbae07f9824b69a498ed3ac0d47d4201db41ee9c961919,0.493647913,7,14,22,5,0.364251,True,3e-06,True,0.507101,completed,completed,,,
Kubernetes,Kubernetes---kb_35_Normalized.json,outlines,Outlines,maskbench/data/Kubernetes---kb_35_Normalized.json,0.2.14,6898,3897,0.000244,3.9e-05,,False,,,,,,,,,,False,,False,0.073625,compile_error,building_regex,ValueError,Format byte is not supported by Outlines,
Kubernetes,Kubernetes---kb_360_Normalized.json,outlines,Outlines,maskbench/data/Kubernetes---kb_360_Normalized.json,0.2.14,2060,314,0.000374,1.2e-05,3.1e-05,True,85,85,f0e1f41c2e9437fd72e704bf185c6de38ce86ee65e53081825c107c6b72a7d64,0.270700637,2,4,7,3,0.14814,True,4e-06,True,0.286116,completed,completed,,,
Kubernetes,Kubernetes---kb_361_Normalized.json,outlines,Outlines,maskbench/data/Kubernetes---kb_361_Normalized.json,0.2.14,1497,314,0.00019,1.1e-05,2.8e-05,True,85,85,f0e1f41c2e9437fd72e704bf185c6de38ce86ee65e53081825c107c6b72a7d64,0.270700637,2,4,7,3,0.145489,True,3e-06,True,0.270302,completed,completed,,,
Kubernetes,Kubernetes---kb_362_Normalized.json,outlines,Outlines,maskbench/data/Kubernetes---kb_362_Normalized.json,0.2.14,39028,27792,0.000296,0.000286,0.002076,True,1286105,1286105,a72f95049d284db4db4861eab2ba635cec42ce46fd39a3306d13ff5215d3fe07,46.276086644,58041,77490,97127,20,49.132698,True,4e-06,True,49.395035,completed,completed,,,
Kubernetes,Kubernetes---kb_363_Normalized.json,outlines,Outlines,maskbench/data/Kubernetes---kb_363_Normalized.json,0.2.14,41806,27741,0.000239,0.000157,0.001335,True,1286175,1286175,b715c1d570ba54204db0c76c27d462782206103ca42e871c0fffcc5b6ffee46f,46.36368552,58051,77505,97142,20,48.922922,True,1e-05,True,49.149219,completed,completed,,,
Kubernetes,Kubernetes---kb_364_Normalized.json,outlines,Outlines,maskbench/data/Kubernetes---kb_364_Normalized.json,0.2.14,4038,1245,0.000256,3.8e-05,5.8e-05,True,1267,1267,ef4b19571549316299fb499adb719d1adabfbf7d87a469e2286f9d279f37f402,1.017670683,29,56,102,5,0.810333,True,6e-06,True,0.936385,completed,completed,,,
Kubernetes,Kubernetes---kb_365_Normalized.json,outlines,Outlines,maskbench/data/Kubernetes---kb_365_Normalized.json,0.2.14,5498,1245,0.00018,2.6e-05,5.6e-05,True,1267,1267,ef4b19571549316299fb499adb719d1adabfbf7d87a469e2286f9d279f37f402,1.017670683,29,56,102,5,0.793778,True,6e-06,True,0.923779,completed,completed,,,
Kubernetes,Kubernetes---kb_366_Normalized.json,outlines,Outlines,maskbench/data/Kubernetes---kb_366_Normalized.json,0.2.14,49410,31804,0.000328,0.000177,0.003183,True,2567136,2567136,a06a2f90f882a13b19801a95663922e72c8e21ac53a0ed0089a10261a5024828,80.717394038,116042,154900,193787,25,77.134824,True,5e-06,True,77.443648,completed,completed,,,
Kubernetes,Kubernetes---kb_367_Normalized.json,outlines,Outlines,maskbench/data/Kubernetes---kb_367_Normalized.json,0.2.14,47673,31753,0.000623,0.000573,0.004209,True,2567150,2567150,e2d46830e4b2d828377b072cc379106a65a1503f54450b2714c5b6c94a1f5aa6,80.847478978,116044,154903,193790,25,74.11022,True,4e-06,True,74.445424,completed,completed,,,
Kubernetes,Kubernetes---kb_368_Normalized.json,outlines,Outlines,maskbench/data/Kubernetes---kb_368_Normalized.json,0.2.14,19116,10727,0.000292,8e-05,0.000186,True,6247,6247,70979c0cd1a34974146fc69ec4dada73ebc5f973ec473165c872000dac183d4b,0.582362263,77,233,546,15,11.358323,True,3e-06,True,11.4944,completed,completed,,,
Kubernetes,Kubernetes---kb_369_Normalized.json,outlines,Outlines,maskbench/data/Kubernetes---kb_369_Normalized.json,0.2.14,21125,10727,0.000285,0.000154,0.000223,True,6247,6247,70979c0cd1a34974146fc69ec4dada73ebc5f973ec473165c872000dac183d4b,0.582362263,77,233,546,15,11.464853,True,8e-06,True,11.599723,completed,completed,,,
Kubernetes,Kubernetes---kb_36_Normalized.json,outlines,Outlines,maskbench/data/Kubernetes---kb_36_Normalized.json,0.2.14,7208,1767,0.000193,2.7e-05,0.000163,True,817,817,9a0aa708126babbd24be5505edc0eb02e72b627c8216f9c5370aa52120310646,0.462365591,11,24,68,8,1.638402,True,5e-06,True,1.781977,completed,completed,,,
Kubernetes,Kubernetes---kb_370_Normalized.json,outlines,Outlines,maskbench/data/Kubernetes---kb_370_Normalized.json,0.2.14,6742,1771,9.6e-05,2.5e-05,6.8e-05,True,2315,2315,248234de11c24e300e7f36b75ffbb0f614ffbbc084c063473e78fb1834e9bcd1,1.30717109,39,60,176,9,1.619561,True,4e-06,True,1.740722,completed,completed,,,
Kubernetes,Kubernetes---kb_371_Normalized.json,outlines,Outlines,maskbench/data/Kubernetes---kb_371_Normalized.json,0.2.14,6752,1771,0.000201,4.1e-05,6.6e-05,True,2315,2315,248234de11c24e300e7f36b75ffbb0f614ffbbc084c063473e78fb1834e9bcd1,1.30717109,39,60,176,9,1.640382,True,4e-06,True,1.763727,completed,completed,,,
Kubernetes,Kubernetes---kb_373_Normalized.json,outlines,Outlines,maskbench/data/Kubernetes---kb_373_Normalized.json,0.2.14,5539,1096,0.000105,2.5e-05,5.5e-05,True,577,577,c713bf0b4a0f915f69f0c739fc39188c9db6732b0c101bf2db1830aa8b9f234d,0.526459854,13,36,78,8,0.571461,True,3e-06,True,0.700541,completed,completed,,,
Kubernetes,Kubernetes---kb_374_Normalized.json,outlines,Outlines,maskbench/data/Kubernetes---kb_374_Normalized.json,0.2.14,5173,1096,0.0002,2.4e-05,5.1e-05,True,577,577,c713bf0b4a0f915f69f0c739fc39188c9db6732b0c101bf2db1830aa8b9f234d,0.526459854,13,36,78,8,0.570265,True,5e-06,True,0.698224,completed,completed,,,
Kubernetes,Kubernetes---kb_375_Normalized.json,outlines,Outlines,maskbench/data/Kubernetes---kb_375_Normalized.json,0.2.14,6354,1626,0.000107,2.3e-05,5.5e-05,True,298,298,aebfefcc288ce1ecbae28a5d77209dd4bc755dc8f411a98a213d493e64b1ca8c,0.183271833,8,20,31,4,0.570205,True,4e-06,True,0.69274,completed,completed,,,
Kubernetes,Kubernetes---kb_376_Normalized.json,outlines,Outlines,maskbench/data/Kubernetes---kb_376_Normalized.json,0.2.14,5171,1626,0.000181,0.00011,6.7e-05,True,298,298,aebfefcc288ce1ecbae28a5d77209dd4bc755dc8f411a98a213d493e64b1ca8c,0.183271833,8,20,31,4,0.548847,True,4e-06,True,0.697585,completed,completed,,,
Kubernetes,Kubernetes---kb_377_Normalized.json,outlines,Outlines,maskbench/data/Kubernetes---kb_377_Normalized.json,0.2.14,3088,936,0.00019,2e-05,3.5e-05,True,270,270,211be664646d6fa14e67e1a581ed587bbf847aeba4855d7f3d2d7aa484326804,0.288461538,6,14,23,4,0.535866,True,4e-06,True,0.651583,completed,completed,,,
Kubernetes,Kubernetes---kb_378_Normalized.json,outlines,Outlines,maskbench/data/Kubernetes---kb_378_Normalized.json,0.2.14,3036,936,0.000182,1.9e-05,3.1e-05,True,270,270,211be664646d6fa14e67e1a581ed587bbf847aeba4855d7f3d2d7aa484326804,0.288461538,6,14,23,4,0.489591,True,4e-06,True,0.614678,completed,completed,,,
Kubernetes,Kubernetes---kb_379_Normalized.json,outlines,Outlines,maskbench/data/Kubernetes---kb_379_Normalized.json,0.2.14,3582,1154,0.000136,2.1e-05,8.2e-05,True,329,329,44ba3e247a170ec5a7a907df11a6c00e77cbe8ab0a73212f84d37e2b20e8d072,0.285095321,8,18,29,4,0.656773,True,4e-06,True,0.775312,completed,completed,,,
Kubernetes,Kubernetes---kb_37_Normalized.json,outlines,Outlines,maskbench/data/Kubernetes---kb_37_Normalized.json,0.2.14,6113,1777,0.000318,2.7e-05,0.000145,True,817,817,9a0aa708126babbd24be5505edc0eb02e72b627c8216f9c5370aa52120310646,0.459763647,11,24,68,8,1.585847,True,3e-06,True,1.727381,completed,completed,,,
Kubernetes,Kubernetes---kb_380_Normalized.json,outlines,Outlines,maskbench/data/Kubernetes---kb_380_Normalized.json,0.2.14,4558,1154,0.000106,2.2e-05,9.2e-05,True,329,329,44ba3e247a170ec5a7a907df11a6c00e77cbe8ab0a73212f84d37e2b20e8d072,0.285095321,8,18,29,4,0.679797,True,6e-06,True,0.826493,completed,completed,,,
Kubernetes,Kubernetes---kb_381_Normalized.json,outlines,Outlines,maskbench/data/Kubernetes---kb_381_Normalized.json,0.2.14,3131,843,0.000157,1.7e-05,4e-05,True,230,230,5080f539d47e1ca3f9f81d0af0e101fd932cad6edf3b1dde43e6122fa77dc1c8,0.272835113,6,13,21,4,0.450746,True,4e-06,True,0.58206,completed,completed,,,
Kubernetes,Kubernetes---kb_382_Normalized.json,outlines,Outlines,maskbench/data/Kubernetes---kb_382_Normalized.json,0.2.14,3033,843,0.00016,4.9e-05,5.6e-05,True,230,230,5080f539d47e1ca3f9f81d0af0e101fd932cad6edf3b1dde43e6122fa77dc1c8,0.272835113,6,13,21,4,0.437418,True,8e-06,True,0.588632,completed,completed,,,
Kubernetes,Kubernetes---kb_383_Normalized.json,outlines,Outlines,maskbench/data/Kubernetes---kb_383_Normalized.json,0.2.14,3115,397,0.000188,4e-05,2.8e-05,True,85,85,7b8f6f6faf5e2a5a2c95251d921707e46bf8e02930c7127c917fbf29c0ba4842,0.214105793,2,4,7,3,0.145596,True,4e-06,True,0.289042,completed,completed,,,
Kubernetes,Kubernetes---kb_384_Normalized.json,outlines,Outlines,maskbench/data/Kubernetes---kb_384_Normalized.json,0.2.14,1701,397,0.000226,1.3e-05,2.4e-05,True,85,85,7b8f6f6faf5e2a5a2c95251d921707e46bf8e02930c7127c917fbf29c0ba4842,0.214105793,2,4,7,3,0.147861,True,4e-06,True,0.267873,completed,completed,,,
Kubernetes,Kubernetes---kb_385_Normalized.json,outlines,Outlines,maskbench/data/Kubernetes---kb_385_Normalized.json,0.2.14,2444,548,0.000144,1.4e-05,4.1e-05,True,178,178,8c26415cd3bc9a98b5c6a51af3b08bf2f2d77d779f2e0ee6be1187102bc9292b,0.324817518,4,8,14,3,0.335368,True,4e-06,True,0.45253,completed,completed,,,
Kubernetes,Kubernetes---kb_386_Normalized.json,outlines,Outlines,maskbench/data/Kubernetes---kb_386_Normalized.json,0.2.14,3047,548,0.000177,1.4e-05,2.6e-05,True,178,178,8c26415cd3bc9a98b5c6a51af3b08bf2f2d77d779f2e0ee6be1187102bc9292b,0.324817518,4,8,14,3,0.333967,True,5e-06,True,0.45979,completed,completed,,,
Kubernetes,Kubernetes---kb_387_Normalized.json,outlines,Outlines,maskbench/data/Kubernetes---kb_387_Normalized.json,0.2.14,6738,3695,0.000196,4e-05,0.000209,True,2083,2083,50355f8707600dd886bd2aa4318d5035cb32230e488ae6a678e2c39615ff9e73,0.563734777,32,75,191,7,1.934386,True,3e-06,True,2.06846,completed,completed,,,
Kubernetes,Kubernetes---kb_388_Normalized.json,outlines,Outlines,maskbench/data/Kubernetes---kb_388_Normalized.json,0.2.14,6520,3695,0.0001,0.00012,0.000144,True,2083,2083,50355f8707600dd886bd2aa4318d5035cb32230e488ae6a678e2c39615ff9e73,0.563734777,32,75,191,7,1.982786,True,4e-06,True,2.135395,completed,completed,,,
Kubernetes,Kubernetes---kb_389_Normalized.json,outlines,Outlines,maskbench/data/Kubernetes---kb_389_Normalized.json,0.2.14,29316,18525,0.000228,0.000107,0.003544,True,1272466,1272466,e720dc43aef4da2a6f8c1d17258d0e635435f7b72237a7bb1aadfc999ad90660,68.689122807,57870,77015,95981,20,38.008629,True,4e-06,True,38.257815,completed,completed,,,
Kubernetes,Kubernetes---kb_38_Normalized.json,outlines,Outlines,maskbench/data/Kubernetes---kb_38_Normalized.json,0.2.14,8902,1777,0.000372,3.1e-05,5.7e-05,True,817,817,9a0aa708126babbd24be5505edc0eb02e72b627c8216f9c5370aa52120310646,0.459763647,11,24,68,8,1.620363,True,4e-06,True,1.750513,completed,completed,,,
Kubernetes,Kubernetes---kb_390_Normalized.json,outlines,Outlines,maskbench/data/Kubernetes---kb_390_Normalized.json,0.2.14,48928,38194,0.000317,0.000365,0.003049,True,1288251,1288251,6e55a49c1b8dfacab126733d2a6e51409ee1cce21cacfa512c1c908c760c14e9,33.729145939,58111,77625,97407,20,57.16076,True,4e-06,True,57.393319,completed,completed,,,
Kubernetes,Kubernetes---kb_393_Normalized.json,outlines,Outlines,maskbench/data/Kubernetes---kb_393_Normalized.json,0.2.14,8309,3375,0.000158,4.4e-05,8.5e-05,True,4266,4266,e0e1e09c0e4d2e5a3204e07515742e0671a1eac65bc3faf67e9b3880be700280,1.264,70,152,454,8,2.456189,True,4e-06,True,2.576535,completed,completed,,,
Kubernetes,Kubernetes---kb_394_Normalized.json,outlines,Outlines,maskbench/data/Kubernetes---kb_394_Normalized.json,0.2.14,5243,3375,0.000153,3.4e-05,9.3e-05,True,4266,4266,e0e1e09c0e4d2e5a3204e07515742e0671a1eac65bc3faf67e9b3880be700280,1.264,70,152,454,8,2.378278,True,4e-06,True,2.501092,completed,completed,,,
Kubernetes,Kubernetes---kb_395_Normalized.json,outlines,Outlines,maskbench/data/Kubernetes---kb_395_Normalized.json,0.2.14,4056,1260,0.000273,3.2e-05,5.9e-05,True,428,428,874943ec45cbbb6000380a19dbb498b86a748f5e7c2c0a0083fec3e291d21f46,0.33968254,9,20,36,4,0.856295,True,4e-06,True,0.99854,completed,completed,,,
Kubernetes,Kubernetes---kb_396_Normalized.json,outlines,Outlines,maskbench/data/Kubernetes---kb_396_Normalized.json,0.2.14,4083,1260,0.000255,2.4e-05,0.000109,True,428,428,874943ec45cbbb6000380a19dbb498b86a748f5e7c2c0a0083fec3e291d21f46,0.33968254,9,20,36,4,0.805012,True,3e-06,True,0.937619,completed,completed,,,
Kubernetes,Kubernetes---kb_397_Normalized.json,outlines,Outlines,maskbench/data/Kubernetes---kb_397_Normalized.json,0.2.14,4083,1260,0.000209,3.2e-05,6e-05,True,428,428,874943ec45cbbb6000380a19dbb498b86a748f5e7c2c0a0083fec3e291d21f46,0.33968254,9,20,36,4,0.79238,True,4e-06,True,0.920753,completed,completed,,,
Kubernetes,Kubernetes---kb_398_Normalized.json,outlines,Outlines,maskbench/data/Kubernetes---kb_398_Normalized.json,0.2.14,38985,22453,0.000715,0.000128,0.002797,True,2546089,2546089,2270d0a833334c15cc83e1c98e6084a63ff1c855fc416d82afac1137659db196,113.396383557,115764,154062,192055,25,61.178937,True,4e-06,True,61.4773,completed,completed,,,
Kubernetes,Kubernetes---kb_39_Normalized.json,outlines,Outlines,maskbench/data/Kubernetes---kb_39_Normalized.json,0.2.14,10830,2798,0.000128,3.6e-05,6.7e-05,True,668,668,452613f9d67bab22cfe796ff792de230a4b3d76a88a16aa96591615f77964fcb,0.238741959,10,30,58,8,1.423435,True,6e-06,True,1.556989,completed,completed,,,
Kubernetes,Kubernetes---kb_3_Normalized.json,outlines,Outlines,maskbench/data/Kubernetes---kb_3_Normalized.json,0.2.14,13791,2566,0.000234,3.2e-05,8.9e-05,True,3147,3147,1864e8bb8b236bbc2a7faa313660704d1eb58538fda6301d901fcd2fa65b598d,1.226422447,43,112,262,16,3.320375,True,4e-06,True,3.455927,completed,completed,,,
Kubernetes,Kubernetes---kb_402_Normalized.json,outlines,Outlines,maskbench/data/Kubernetes---kb_402_Normalized.json,0.2.14,10205,2060,0.000184,2.7e-05,0.00016,True,470,470,b43c64a6ff6c11ff2c6d11fe8728fa31c440c50cd248c22d03cab50d7dfec5d1,0.22815534,9,21,46,4,0.986958,True,4e-06,True,1.137774,completed,completed,,,
Kubernetes,Kubernetes---kb_403_Normalized.json,outlines,Outlines,maskbench/data/Kubernetes---kb_403_Normalized.json,0.2.14,24547,12385,0.000231,8.6e-05,0.000254,True,13082,13082,68b15c5b1644eedcd6561d8f65fc899dbf7a19cfd94590f232cc89979f8b2f69,1.056277755,188,489,1137,18,16.519088,True,4e-06,True,16.656888,completed,completed,,,
Kubernetes,Kubernetes---kb_404_Normalized.json,outlines,Outlines,maskbench/data/Kubernetes---kb_404_Normalized.json,0.2.14,24626,16292,0.000274,0.000125,0.000324,True,11489,11489,ad556cfdbfded35a10ccfe74f38e9548c5830cf84d4abff65de67f34b7935a48,0.705192733,182,442,1158,12,15.718768,True,4e-06,True,15.867426,completed,completed,,,
Kubernetes,Kubernetes---kb_405_Normalized.json,outlines,Outlines,maskbench/data/Kubernetes---kb_405_Normalized.json,0.2.14,22560,16292,0.000209,0.000102,0.000324,True,11489,11489,ad556cfdbfded35a10ccfe74f38e9548c5830cf84d4abff65de67f34b7935a48,0.705192733,182,442,1158,12,15.259417,True,4e-06,True,15.393207,completed,completed,,,
Kubernetes,Kubernetes---kb_406_Normalized.json,outlines,Outlines,maskbench/data/Kubernetes---kb_406_Normalized.json,0.2.14,6757,1513,0.000205,2.5e-05,5.1e-05,True,383,383,619645f1cd2d1228e2950184919a1c067677b7c123bd82e6b8784d70233bb243,0.253139458,9,24,40,4,0.834168,True,4e-06,True,0.972484,completed,completed,,,
Kubernetes,Kubernetes---kb_407_Normalized.json,outlines,Outlines,maskbench/data/Kubernetes---kb_407_Normalized.json,0.2.14,20659,13467,0.000255,0.000131,0.000301,True,13812,13812,aa63cfe2263b4ddeb653a7832c03a36717fbda58e6146f6a17a2e334221391df,1.025618178,199,511,1194,18,18.278146,True,5e-06,True,18.413972,completed,completed,,,
Kubernetes,Kubernetes---kb_408_Normalized.json,outlines,Outlines,maskbench/data/Kubernetes---kb_408_Normalized.json,0.2.14,24293,13049,0.000266,9e-05,0.000747,True,9346,9346,56dc7c4679c35ecc0d0b284307e89bd3b9e5bcf7f5d40ac1b973b9c3d386d8c4,0.716223465,171,419,912,13,13.691476,True,5e-06,True,13.830033,completed,completed,,,
Kubernetes,Kubernetes---kb_409_Normalized.json,outlines,Outlines,maskbench/data/Kubernetes---kb_409_Normalized.json,0.2.14,20824,13049,0.000255,9.2e-05,0.000824,True,9346,9346,56dc7c4679c35ecc0d0b284307e89bd3b9e5bcf7f5d40ac1b973b9c3d386d8c4,0.716223465,171,419,912,13,13.294079,True,4e-06,True,13.456564,completed,completed,,,
Kubernetes,Kubernetes---kb_40_Normalized.json,outlines,Outlines,maskbench/data/Kubernetes---kb_40_Normalized.json,0.2.14,10569,2782,0.000227,3.8e-05,7.5e-05,True,720,720,1ae9ad064d6ad201b5e21e81978241fab20d18c2b61aecd5ce49d264674ac121,0.258806614,12,33,61,8,1.462294,True,4e-06,True,1.60785,completed,completed,,,
Kubernetes,Kubernetes---kb_410_Normalized.json,outlines,Outlines,maskbench/data/Kubernetes---kb_410_Normalized.json,0.2.14,2511,388,0.000143,2.5e-05,4.6e-05,True,465,465,f06fb6190dac4ce443ca156f3d01af1ffb547ab3399243028229d2c815e73ebe,1.198453608,13,36,42,10,0.433322,True,7e-06,True,0.581779,completed,completed,,,
Kubernetes,Kubernetes---kb_411_Normalized.json,outlines,Outlines,maskbench/data/Kubernetes---kb_411_Normalized.json,0.2.14,2291,388,0.000144,1.8e-05,4.1e-05,True,465,465,f06fb6190dac4ce443ca156f3d01af1ffb547ab3399243028229d2c815e73ebe,1.198453608,13,36,42,10,0.427286,True,5e-06,True,0.591367,completed,completed,,,
Kubernetes,Kubernetes---kb_412_Normalized.json,outlines,Outlines,maskbench/data/Kubernetes---kb_412_Normalized.json,0.2.14,3259,594,0.000166,4.8e-05,3.5e-05,True,170,170,d27e6d93cedbce51b44da097f59d6b60893fa356f4d2d54ff3cf903dcef6a18d,0.286195286,4,9,15,4,0.284462,True,6e-06,True,0.437451,completed,completed,,,
Kubernetes,Kubernetes---kb_413_Normalized.json,outlines,Outlines,maskbench/data/Kubernetes---kb_413_Normalized.json,0.2.14,2719,594,0.000143,1.6e-05,2.8e-05,True,170,170,d27e6d93cedbce51b44da097f59d6b60893fa356f4d2d54ff3cf903dcef6a18d,0.286195286,4,9,15,4,0.287573,True,4e-06,True,0.422959,completed,completed,,,
Kubernetes,Kubernetes---kb_414_Normalized.json,outlines,Outlines,maskbench/data/Kubernetes---kb_414_Normalized.json,0.2.14,2490,518,0.000134,1.4e-05,2.7e-05,True,117,117,408873840852d7d54d5b7ad22c67e232c5df45ac45cd94c5d00e2a9d604e874e,0.225868726,4,10,16,3,0.172661,True,5e-06,True,0.310343,completed,completed,,,
Kubernetes,Kubernetes---kb_415_Normalized.json,outlines,Outlines,maskbench/data/Kubernetes---kb_415_Normalized.json,0.2.14,2383,457,0.000312,1.5e-05,2.5e-05,True,117,117,408873840852d7d54d5b7ad22c67e232c5df45ac45cd94c5d00e2a9d604e874e,0.256017505,4,10,16,3,0.180759,True,5e-06,True,0.318935,completed,completed,,,
Kubernetes,Kubernetes---kb_416_Normalized.json,outlines,Outlines,maskbench/data/Kubernetes---kb_416_Normalized.json,0.2.14,2928,457,0.000149,1.5e-05,5.8e-05,True,117,117,408873840852d7d54d5b7ad22c67e232c5df45ac45cd94c5d00e2a9d604e874e,0.256017505,4,10,16,3,0.176738,True,4e-06,True,0.327696,completed,completed,,,
Kubernetes,Kubernetes---kb_417_Normalized.json,outlines,Outlines,maskbench/data/Kubernetes---kb_417_Normalized.json,0.2.14,3428,712,0.000202,1.6e-05,4.6e-05,True,211,211,04a5dcf59920596c9dcc5d82413626f22f7cce094fc422523de19188b6ab789a,0.296348315,6,14,23,3,0.371272,True,4e-06,True,0.499451,completed,completed,,,
Kubernetes,Kubernetes---kb_418_Normalized.json,outlines,Outlines,maskbench/data/Kubernetes---kb_418_Normalized.json,0.2.14,2765,712,0.000243,1.6e-05,3.2e-05,True,211,211,04a5dcf59920596c9dcc5d82413626f22f7cce094fc422523de19188b6ab789a,0.296348315,6,14,23,3,0.382226,True,5e-06,True,0.525103,completed,completed,,,
Kubernetes,Kubernetes---kb_419_Normalized.json,outlines,Outlines,maskbench/data/Kubernetes---kb_419_Normalized.json,0.2.14,7064,2332,0.00014,4.8e-05,7.2e-05,True,1482,1482,a92790106619241577bf739d9acfc6b9721b153ba5bd172a2f224addb06ef3ab,0.635506003,29,68,159,8,1.177894,True,5e-06,True,1.337879,completed,completed,,,
Kubernetes,Kubernetes---kb_41_Normalized.json,outlines,Outlines,maskbench/data/Kubernetes---kb_41_Normalized.json,0.2.14,2816,362,0.000202,1.3e-05,7.1e-05,True,173,173,1c2deac2c098e23b82a9949e7455f409f3e3cf537aa915069646bcd6d1be994a,0.477900552,4,8,14,3,0.325246,True,5e-06,True,0.485432,completed,completed,,,
Kubernetes,Kubernetes---kb_420_Normalized.json,outlines,Outlines,maskbench/data/Kubernetes---kb_420_Normalized.json,0.2.14,7128,2332,0.00026,2.8e-05,7e-05,True,1482,1482,a92790106619241577bf739d9acfc6b9721b153ba5bd172a2f224addb06ef3ab,0.635506003,29,68,159,8,1.167663,True,4e-06,True,1.310091,completed,completed,,,
Kubernetes,Kubernetes---kb_421_Normalized.json,outlines,Outlines,maskbench/data/Kubernetes---kb_421_Normalized.json,0.2.14,5172,1596,0.00042,4.5e-05,9.2e-05,True,712,712,eb14c4201b403906358b9759b0930c64a11d563587688e552c0020d2eef286c2,0.446115288,14,33,65,7,1.280172,True,4e-06,True,1.448509,completed,completed,,,
Kubernetes,Kubernetes---kb_422_Normalized.json,outlines,Outlines,maskbench/data/Kubernetes---kb_422_Normalized.json,0.2.14,6167,1596,0.000199,5.9e-05,8.5e-05,True,712,712,eb14c4201b403906358b9759b0930c64a11d563587688e552c0020d2eef286c2,0.446115288,14,33,65,7,1.255632,True,4e-06,True,1.407734,completed,completed,,,
Kubernetes,Kubernetes---kb_423_Normalized.json,outlines,Outlines,maskbench/data/Kubernetes---kb_423_Normalized.json,0.2.14,2620,304,0.000145,1.5e-05,3.4e-05,True,168,168,990159a9993fb18d8332894601b727429ff019b0a37b8661081da24b134764b6,0.552631579,4,8,14,3,0.295001,True,4e-06,True,0.436761,completed,completed,,,
Kubernetes,Kubernetes---kb_424_Normalized.json,outlines,Outlines,maskbench/data/Kubernetes---kb_424_Normalized.json,0.2.14,2634,304,0.000324,1.4e-05,2.4e-05,True,168,168,990159a9993fb18d8332894601b727429ff019b0a37b8661081da24b134764b6,0.552631579,4,8,14,3,0.289037,True,4e-06,True,0.423851,completed,completed,,,
Kubernetes,Kubernetes---kb_425_Normalized.json,outlines,Outlines,maskbench/data/Kubernetes---kb_425_Normalized.json,0.2.14,7440,3539,0.000368,4.1e-05,0.00011,True,1180,1180,e665b9548ad45bcc45d0696da5cd4bac26319ac43c5ad5518f985acbae156663,0.333427522,20,34,101,4,1.205952,True,3e-06,True,1.3479,completed,completed,,,
Kubernetes,Kubernetes---kb_426_Normalized.json,outlines,Outlines,maskbench/data/Kubernetes---kb_426_Normalized.json,0.2.14,7094,3539,0.000105,5.3e-05,0.000265,True,1180,1180,e665b9548ad45bcc45d0696da5cd4bac26319ac43c5ad5518f985acbae156663,0.333427522,20,34,101,4,1.247356,True,4e-06,True,1.417176,completed,completed,,,
Kubernetes,Kubernetes---kb_427_Normalized.json,outlines,Outlines,maskbench/data/Kubernetes---kb_427_Normalized.json,0.2.14,8279,3539,0.000212,3.6e-05,0.000233,True,1180,1180,e665b9548ad45bcc45d0696da5cd4bac26319ac43c5ad5518f985acbae156663,0.333427522,20,34,101,4,1.238438,True,4e-06,True,1.387318,completed,completed,,,
Kubernetes,Kubernetes---kb_428_Normalized.json,outlines,Outlines,maskbench/data/Kubernetes---kb_428_Normalized.json,0.2.14,8507,4240,0.00012,4.2e-05,0.0001,True,2373,2373,13bbc09c0d4cd25f89b83d0a3997d7ad7d317bb82fe2975685471bbba4ce669f,0.559669811,37,63,205,9,2.519529,True,4e-06,True,2.668632,completed,completed,,,
Kubernetes,Kubernetes---kb_429_Normalized.json,outlines,Outlines,maskbench/data/Kubernetes---kb_429_Normalized.json,0.2.14,10127,4240,0.000197,4e-05,0.000101,True,2373,2373,13bbc09c0d4cd25f89b83d0a3997d7ad7d317bb82fe2975685471bbba4ce669f,0.559669811,37,63,205,9,2.452917,True,4e-06,True,2.588388,completed,completed,,,
Kubernetes,Kubernetes---kb_42_Normalized.json,outlines,Outlines,maskbench/data/Kubernetes---kb_42_Normalized.json,0.2.14,3368,362,0.000264,4.4e-05,2.9e-05,True,173,173,1c2deac2c098e23b82a9949e7455f409f3e3cf537aa915069646bcd6d1be994a,0.477900552,4,8,14,3,0.326582,True,4e-06,True,0.475686,completed,completed,,,
Kubernetes,Kubernetes---kb_430_Normalized.json,outlines,Outlines,maskbench/data/Kubernetes---kb_430_Normalized.json,0.2.14,7500,4240,0.000197,4.4e-05,0.000174,True,2373,2373,13bbc09c0d4cd25f89b83d0a3997d7ad7d317bb82fe2975685471bbba4ce669f,0.559669811,37,63,205,9,2.432513,True,4e-06,True,2.58597,completed,completed,,,
Kubernetes,Kubernetes---kb_431_Normalized.json,outlines,Outlines,maskbench/data/Kubernetes---kb_431_Normalized.json,0.2.14,2864,422,0.00019,3.8e-05,2.8e-05,True,117,117,408873840852d7d54d5b7ad22c67e232c5df45ac45cd94c5d00e2a9d604e874e,0.277251185,4,10,16,3,0.181835,True,4e-06,True,0.3212,completed,completed,,,
Kubernetes,Kubernetes---kb_432_Normalized.json,outlines,Outlines,maskbench/data/Kubernetes---kb_432_Normalized.json,0.2.14,3351,367,0.000317,3.7e-05,3.1e-05,True,117,117,408873840852d7d54d5b7ad22c67e232c5df45ac45cd94c5d00e2a9d604e874e,0.31880109,4,10,16,3,0.177133,True,4e-06,True,0.329348,completed,completed,,,
Kubernetes,Kubernetes---kb_433_Normalized.json,outlines,Outlines,maskbench/data/Kubernetes---kb_433_Normalized.json,0.2.14,2807,367,0.000192,1.4e-05,2.5e-05,True,117,117,408873840852d7d54d5b7ad22c67e232c5df45ac45cd94c5d00e2a9d604e874e,0.31880109,4,10,16,3,0.1746,True,4e-06,True,0.30268,completed,completed,,,
Kubernetes,Kubernetes---kb_434_Normalized.json,outlines,Outlines,maskbench/data/Kubernetes---kb_434_Normalized.json,0.2.14,3244,643,0.000203,2e-05,5.5e-05,True,780,780,9542d9392b6607c5aff1795187f8b43d65cfd972fa1c68f010bfff5d004d6afb,1.213063764,18,36,63,3,1.442641,True,4e-06,True,1.577566,completed,completed,,,
Kubernetes,Kubernetes---kb_435_Normalized.json,outlines,Outlines,maskbench/data/Kubernetes---kb_435_Normalized.json,0.2.14,5354,643,0.000239,2e-05,5.7e-05,True,780,780,9542d9392b6607c5aff1795187f8b43d65cfd972fa1c68f010bfff5d004d6afb,1.213063764,18,36,63,3,1.462114,True,4e-06,True,1.600091,completed,completed,,,
Kubernetes,Kubernetes---kb_436_Normalized.json,outlines,Outlines,maskbench/data/Kubernetes---kb_436_Normalized.json,0.2.14,34463,26484,0.000308,0.000142,0.003229,True,1286262,1286262,10837b618636a9f9d48273bef367ca2c7821c127c4eb045f750d9f422327085f,48.56751246,58081,77419,97200,20,39.632956,True,4e-06,True,39.888893,completed,completed,,,
Kubernetes,Kubernetes---kb_437_Normalized.json,outlines,Outlines,maskbench/data/Kubernetes---kb_437_Normalized.json,0.2.14,35303,26364,0.000268,0.000142,0.001376,True,1286307,1286307,8d27b31d5c84a217839ef690d717df97264914a2b7682b205ad70e60e3299bd1,48.790282203,58081,77419,97200,20,39.522574,True,5e-06,True,39.747802,completed,completed,,,
Kubernetes,Kubernetes---kb_438_Normalized.json,outlines,Outlines,maskbench/data/Kubernetes---kb_438_Normalized.json,0.2.14,35234,26325,0.00032,0.000143,0.001339,True,1286442,1286442,2a10800a22a453696da65ee488941237062aede64c9471a6459541ff14ce60bf,48.867692308,58091,77434,97215,20,40.736245,True,5e-06,True,40.975778,completed,completed,,,
Kubernetes,Kubernetes---kb_439_Normalized.json,outlines,Outlines,maskbench/data/Kubernetes---kb_439_Normalized.json,0.2.14,4785,1690,0.000167,2.7e-05,6.8e-05,True,1006,1006,942d2cd3df3706ec35b0d2db9d9715dc9519660030418f2aa2765982eff9f2d8,0.595266272,18,30,85,5,0.862689,True,4e-06,True,1.006632,completed,completed,,,
Kubernetes,Kubernetes---kb_43_Normalized.json,outlines,Outlines,maskbench/data/Kubernetes---kb_43_Normalized.json,0.2.14,30252,20004,0.000258,0.000119,0.002858,True,848922,848922,e65187043a06e375a663c9752d77249b5b339d3b06269afb41ab971da5f0c96b,42.437612478,38590,51359,64041,20,32.898474,True,5e-06,True,33.127595,completed,completed,,,
Kubernetes,Kubernetes---kb_440_Normalized.json,outlines,Outlines,maskbench/data/Kubernetes---kb_440_Normalized.json,0.2.14,4866,1690,0.000157,2.5e-05,0.000212,True,1006,1006,942d2cd3df3706ec35b0d2db9d9715dc9519660030418f2aa2765982eff9f2d8,0.595266272,18,30,85,5,0.852678,True,4e-06,True,1.018042,completed,completed,,,
Kubernetes,Kubernetes---kb_441_Normalized.json,outlines,Outlines,maskbench/data/Kubernetes---kb_441_Normalized.json,0.2.14,4279,1690,0.000195,3.4e-05,7.3e-05,True,1006,1006,942d2cd3df3706ec35b0d2db9d9715dc9519660030418f2aa2765982eff9f2d8,0.595266272,18,30,85,5,0.901243,True,4e-06,True,1.068482,completed,completed,,,
Kubernetes,Kubernetes---kb_442_Normalized.json,outlines,Outlines,maskbench/data/Kubernetes---kb_442_Normalized.json,0.2.14,25650,17033,0.000187,0.000323,0.001313,True,847962,847962,9602f5191557017b57f66fc44fefc9d4720b4374cbf9b6ba3ed69fdf3f88fd26,49.783479129,38575,51328,63943,20,31.658601,True,4e-06,True,31.891652,completed,completed,,,
Kubernetes,Kubernetes---kb_443_Normalized.json,outlines,Outlines,maskbench/data/Kubernetes---kb_443_Normalized.json,0.2.14,27628,16994,0.000254,0.00013,0.001102,True,848070,848070,e71e777259f956def8dc28a95d26613fb9e07bcb139e4f59edfb2740845ecfa9,49.904083794,38583,51340,63955,20,32.348853,True,4e-06,True,32.573258,completed,completed,,,
Kubernetes,Kubernetes---kb_444_Normalized.json,outlines,Outlines,maskbench/data/Kubernetes---kb_444_Normalized.json,0.2.14,37546,20939,0.000303,0.000119,0.001972,True,1696929,1696929,22f9ee37ae0fe87b030bf288a0e15b43cc8a0e6622542feac15bfc773d52b106,81.041549262,77172,102688,127977,25,55.909423,True,5e-06,True,56.17045,completed,completed,,,
Kubernetes,Kubernetes---kb_445_Normalized.json,outlines,Outlines,maskbench/data/Kubernetes---kb_445_Normalized.json,0.2.14,35647,20900,0.000234,0.000116,0.001931,True,1696956,1696956,cc19582b5cd34b5681473fe0c29ae43ca20ca3376b7bb1eb0d6982206ed04720,81.194066986,77174,102691,127980,25,55.820026,True,8e-06,True,56.083558,completed,completed,,,
Kubernetes,Kubernetes---kb_446_Normalized.json,outlines,Outlines,maskbench/data/Kubernetes---kb_446_Normalized.json,0.2.14,8889,1667,0.000212,2.4e-05,0.00013,True,422,422,7fab189b800f9597709dd29f3393c39e83f9a440b669281b7e426e6351c5f79a,0.25314937,8,14,35,5,0.680044,True,5e-06,True,0.844095,completed,completed,,,
Kubernetes,Kubernetes---kb_447_Normalized.json,outlines,Outlines,maskbench/data/Kubernetes---kb_447_Normalized.json,0.2.14,5347,1667,0.000154,2.3e-05,5.3e-05,True,422,422,7fab189b800f9597709dd29f3393c39e83f9a440b669281b7e426e6351c5f79a,0.25314937,8,14,35,5,0.658995,True,8e-06,True,0.818226,completed,completed,,,
Kubernetes,Kubernetes---kb_448_Normalized.json,outlines,Outlines,maskbench/data/Kubernetes---kb_448_Normalized.json,0.2.14,37078,30452,0.000332,0.000162,0.007818,True,2567965,2567965,f9597c63dda260555baef5d89c90a8e42d13e866b0881a9f5995ee49dbed73fb,84.32828714,116122,154678,193949,25,62.047042,True,4e-06,True,62.410825,completed,completed,,,
Kubernetes,Kubernetes---kb_449_Normalized.json,outlines,Outlines,maskbench/data/Kubernetes---kb_449_Normalized.json,0.2.14,39691,30339,0.00028,0.000183,0.008339,True,2567974,2567974,2d0faeda6a42e0e4f6699d4fdb22106d511c72f34afad413eb1e078431c43337,84.642671149,116122,154678,193949,25,63.950932,True,4e-06,True,64.300232,completed,completed,,,
Kubernetes,Kubernetes---kb_44_Normalized.json,outlines,Outlines,maskbench/data/Kubernetes---kb_44_Normalized.json,0.2.14,31755,19957,0.000252,0.00017,0.003138,True,848998,848998,e5b26ea77fca991dc5e6132180bf92172c21d99c1a23e6180324f2ae7ce9491e,42.541363932,38598,51371,64053,20,32.710131,True,4e-06,True,32.947322,completed,completed,,,
Kubernetes,Kubernetes---kb_451_Normalized.json,outlines,Outlines,maskbench/data/Kubernetes---kb_451_Normalized.json,0.2.14,12162,6206,0.000223,4.8e-05,0.000315,True,2551,2551,0a397aeb1ce3511826feff65a01ed7a4f1dd9f93f77ff9ec5de21df60bcaec03,0.411053819,41,70,222,8,2.633882,True,4e-06,True,2.807158,completed,completed,,,
Kubernetes,Kubernetes---kb_452_Normalized.json,outlines,Outlines,maskbench/data/Kubernetes---kb_452_Normalized.json,0.2.14,12754,6206,0.000145,4.7e-05,0.000107,True,2551,2551,0a397aeb1ce3511826feff65a01ed7a4f1dd9f93f77ff9ec5de21df60bcaec03,0.411053819,41,70,222,8,2.661973,True,5e-06,True,2.801079,completed,completed,,,
Kubernetes,Kubernetes---kb_453_Normalized.json,outlines,Outlines,maskbench/data/Kubernetes---kb_453_Normalized.json,0.2.14,12179,6206,0.000156,5e-05,0.000115,True,2551,2551,0a397aeb1ce3511826feff65a01ed7a4f1dd9f93f77ff9ec5de21df60bcaec03,0.411053819,41,70,222,8,2.680937,True,4e-06,True,2.834705,completed,completed,,,
Kubernetes,Kubernetes---kb_454_Normalized.json,outlines,Outlines,maskbench/data/Kubernetes---kb_454_Normalized.json,0.2.14,17496,9285,0.000345,8.1e-05,0.00018,True,8150,8150,8e56b0611677b44163c67ef76ebc36c6c0ddf871a97341598fe2d118e38728fa,0.877759828,124,246,726,13,4.720234,True,4e-06,True,4.869506,completed,completed,,,
Kubernetes,Kubernetes---kb_455_Normalized.json,outlines,Outlines,maskbench/data/Kubernetes---kb_455_Normalized.json,0.2.14,16597,9290,0.000237,8e-05,0.000279,True,8150,8150,8e56b0611677b44163c67ef76ebc36c6c0ddf871a97341598fe2d118e38728fa,0.877287406,124,246,726,13,4.749869,True,4e-06,True,4.920469,completed,completed,,,
Kubernetes,Kubernetes---kb_456_Normalized.json,outlines,Outlines,maskbench/data/Kubernetes---kb_456_Normalized.json,0.2.14,12893,9290,0.000402,0.000235,0.000173,True,8150,8150,8e56b0611677b44163c67ef76ebc36c6c0ddf871a97341598fe2d118e38728fa,0.877287406,124,246,726,13,4.76526,True,4e-06,True,4.929488,completed,completed,,,
Kubernetes,Kubernetes---kb_457_Normalized.json,outlines,Outlines,maskbench/data/Kubernetes---kb_457_Normalized.json,0.2.14,5130,1470,0.000203,2.4e-05,4.9e-05,True,525,525,15e1317b4698a56f9c2205c0e1ffb7fbff6b515c985243f7fb3df5c9b1a8086a,0.357142857,8,16,47,8,0.765318,True,4e-06,True,0.917783,completed,completed,,,
Kubernetes,Kubernetes---kb_458_Normalized.json,outlines,Outlines,maskbench/data/Kubernetes---kb_458_Normalized.json,0.2.14,4508,1470,0.000205,2.4e-05,5.5e-05,True,525,525,15e1317b4698a56f9c2205c0e1ffb7fbff6b515c985243f7fb3df5c9b1a8086a,0.357142857,8,16,47,8,0.75851,True,9e-06,True,0.925549,completed,completed,,,
Kubernetes,Kubernetes---kb_459_Normalized.json,outlines,Outlines,maskbench/data/Kubernetes---kb_459_Normalized.json,0.2.14,4577,1470,0.000197,4.9e-05,6.6e-05,True,525,525,15e1317b4698a56f9c2205c0e1ffb7fbff6b515c985243f7fb3df5c9b1a8086a,0.357142857,8,16,47,8,0.743878,True,4e-06,True,0.921607,completed,completed,,,
Kubernetes,Kubernetes---kb_45_Normalized.json,outlines,Outlines,maskbench/data/Kubernetes---kb_45_Normalized.json,0.2.14,36506,23865,0.000311,0.000135,0.001868,True,1697504,1697504,196f293033e4307c272078e87475c1735fdde0015e1d31b48e36bc98c6d0d95f,71.129436413,77182,102716,128053,25,56.474289,True,4e-06,True,56.74369,completed,completed,,,
Kubernetes,Kubernetes---kb_460_Normalized.json,outlines,Outlines,maskbench/data/Kubernetes---kb_460_Normalized.json,0.2.14,4353,861,0.000154,1.9e-05,5.1e-05,True,465,465,cea49ed2a0bc81d89364214da999ace9daf8117327d020fb10392f1a4034329f,0.540069686,13,36,42,10,0.457205,True,4e-06,True,0.627932,completed,completed,,,
Kubernetes,Kubernetes---kb_461_Normalized.json,outlines,Outlines,maskbench/data/Kubernetes---kb_461_Normalized.json,0.2.14,3994,866,0.00026,2.4e-05,0.000104,True,465,465,cea49ed2a0bc81d89364214da999ace9daf8117327d020fb10392f1a4034329f,0.536951501,13,36,42,10,0.448474,True,4e-06,True,0.622637,completed,completed,,,
Kubernetes,Kubernetes---kb_462_Normalized.json,outlines,Outlines,maskbench/data/Kubernetes---kb_462_Normalized.json,0.2.14,3445,866,0.000184,6.4e-05,4.8e-05,True,465,465,cea49ed2a0bc81d89364214da999ace9daf8117327d020fb10392f1a4034329f,0.536951501,13,36,42,10,0.454661,True,4e-06,True,0.641962,completed,completed,,,
Kubernetes,Kubernetes---kb_463_Normalized.json,outlines,Outlines,maskbench/data/Kubernetes---kb_463_Normalized.json,0.2.14,1407,276,0.000185,2e-05,2.7e-05,True,85,85,7b8f6f6faf5e2a5a2c95251d921707e46bf8e02930c7127c917fbf29c0ba4842,0.307971014,2,4,7,3,0.155039,True,4e-06,True,0.320014,completed,completed,,,
Kubernetes,Kubernetes---kb_464_Normalized.json,outlines,Outlines,maskbench/data/Kubernetes---kb_464_Normalized.json,0.2.14,1407,276,0.000183,2.1e-05,2.7e-05,True,85,85,7b8f6f6faf5e2a5a2c95251d921707e46bf8e02930c7127c917fbf29c0ba4842,0.307971014,2,4,7,3,0.148284,True,4e-06,True,0.321175,completed,completed,,,
Kubernetes,Kubernetes---kb_46_Normalized.json,outlines,Outlines,maskbench/data/Kubernetes---kb_46_Normalized.json,0.2.14,31232,23818,0.000239,0.000145,0.005651,True,1697523,1697523,36eee9fe642744f0c3b779cea0d48c9423e99a3cb2c650301693df9b9578297d,71.270593669,77184,102719,128056,25,54.53759,True,4e-06,True,54.832249,completed,completed,,,
Kubernetes,Kubernetes---kb_471_Normalized.json,outlines,Outlines,maskbench/data/Kubernetes---kb_471_Normalized.json,0.2.14,3140,786,9.3e-05,2.2e-05,3.9e-05,True,275,275,f8f73a75e934a0ce3f614151ecf3dd06b784b9a64068ef63d0997e602a576556,0.349872774,7,20,25,9,0.343892,True,3e-06,True,0.473682,completed,completed,,,
Kubernetes,Kubernetes---kb_472_Normalized.json,outlines,Outlines,maskbench/data/Kubernetes---kb_472_Normalized.json,0.2.14,3153,759,0.000358,1.7e-05,4.3e-05,True,275,275,f8f73a75e934a0ce3f614151ecf3dd06b784b9a64068ef63d0997e602a576556,0.362318841,7,20,25,9,0.424812,True,4e-06,True,0.573949,completed,completed,,,
Kubernetes,Kubernetes---kb_473_Normalized.json,outlines,Outlines,maskbench/data/Kubernetes---kb_473_Normalized.json,0.2.14,3163,759,0.000151,1.7e-05,4.6e-05,True,275,275,f8f73a75e934a0ce3f614151ecf3dd06b784b9a64068ef63d0997e602a576556,0.362318841,7,20,25,9,0.42096,True,5e-06,True,0.579583,completed,completed,,,
Kubernetes,Kubernetes---kb_474_Normalized.json,outlines,Outlines,maskbench/data/Kubernetes---kb_474_Normalized.json,0.2.14,8250,2732,0.00026,9.1e-05,0.000197,True,1131,1131,f6e61ddd08d9c2c6f8a1c5039d25c9377655d27d6c31d87171aaca9f6892587d,0.41398243,27,65,106,9,2.074534,True,5e-06,True,2.260197,completed,completed,,,
Kubernetes,Kubernetes---kb_475_Normalized.json,outlines,Outlines,maskbench/data/Kubernetes---kb_475_Normalized.json,0.2.14,11469,2732,0.000247,4.4e-05,9.6e-05,True,1131,1131,f6e61ddd08d9c2c6f8a1c5039d25c9377655d27d6c31d87171aaca9f6892587d,0.41398243,27,65,106,9,2.136177,True,4e-06,True,2.302644,completed,completed,,,
Kubernetes,Kubernetes---kb_476_Normalized.json,outlines,Outlines,maskbench/data/Kubernetes---kb_476_Normalized.json,0.2.14,10086,2643,0.000229,9e-05,0.000106,True,993,993,e666d50ed4a81ee353c70113e78672c99405b40ec4985292e0dd8b13087c4252,0.375709421,24,62,96,9,1.931277,True,4e-06,True,2.102287,completed,completed,,,
Kubernetes,Kubernetes---kb_477_Normalized.json,outlines,Outlines,maskbench/data/Kubernetes---kb_477_Normalized.json,0.2.14,10722,2643,0.000507,3.5e-05,9.1e-05,True,993,993,e666d50ed4a81ee353c70113e78672c99405b40ec4985292e0dd8b13087c4252,0.375709421,24,62,96,9,1.938108,True,4e-06,True,2.083555,completed,completed,,,
Kubernetes,Kubernetes---kb_478_Normalized.json,outlines,Outlines,maskbench/data/Kubernetes---kb_478_Normalized.json,0.2.14,185039,152784,0.000953,0.002494,0.003729,True,1420254,1420254,3204cf1814dee5e7611f1196ac22e5e38a9831f8f01f8be945eec6efc5f6b925,9.295829406,60207,81396,107937,20,69.477969,True,4e-06,True,69.757334,completed,completed,,,
Kubernetes,Kubernetes---kb_479_Normalized.json,outlines,Outlines,maskbench/data/Kubernetes---kb_479_Normalized.json,0.2.14,184956,152762,0.000828,0.000709,0.00272,True,1420484,1420484,38e7e7f84b49c0cc0fd6d63db5ebd71e9e4eba0f0644bfce364c8d7cefb11fd2,9.298673754,60217,81411,107952,20,71.327167,True,5e-06,True,71.585249,completed,completed,,,
Kubernetes,Kubernetes---kb_47_Normalized.json,outlines,Outlines,maskbench/data/Kubernetes---kb_47_Normalized.json,0.2.14,15271,5198,0.000222,4.7e-05,0.000108,True,1329,1329,30a1a7e5c938c774c76aad9149353938368deb9d51bf97989ac6677dbf8b134a,0.25567526,21,39,129,5,1.700532,True,4e-06,True,1.863986,completed,completed,,,
Kubernetes,Kubernetes---kb_480_Normalized.json,outlines,Outlines,maskbench/data/Kubernetes---kb_480_Normalized.json,0.2.14,3932,1350,0.000203,5.8e-05,7.4e-05,True,507,507,d925eeafce63210257f732d3f8fac292078b68c722b693ad5373ac62d85e6e72,0.375555556,10,22,42,4,0.975105,True,4e-06,True,1.146516,completed,completed,,,
Kubernetes,Kubernetes---kb_481_Normalized.json,outlines,Outlines,maskbench/data/Kubernetes---kb_481_Normalized.json,0.2.14,4290,1350,0.000436,5.1e-05,4.9e-05,True,507,507,d925eeafce63210257f732d3f8fac292078b68c722b693ad5373ac62d85e6e72,0.375555556,10,22,42,4,0.96798,True,7e-06,True,1.13448,completed,completed,,,
Kubernetes,Kubernetes---kb_484_Normalized.json,outlines,Outlines,maskbench/data/Kubernetes---kb_484_Normalized.json,0.2.14,185157,148260,0.000765,0.001532,0.006821,True,930667,930667,20d8eed50c78fa382a0c010c9fc63ab1e4b03036e171edf55df6776a1edc0ebf,6.277262916,39973,54301,71906,20,144.011147,True,4e-06,True,144.262694,completed,completed,,,
Kubernetes,Kubernetes---kb_485_Normalized.json,outlines,Outlines,maskbench/data/Kubernetes---kb_485_Normalized.json,0.2.14,184564,148260,0.002365,0.000751,0.008086,True,930667,930667,20d8eed50c78fa382a0c010c9fc63ab1e4b03036e171edf55df6776a1edc0ebf,6.277262916,39973,54301,71906,20,143.715336,True,4e-06,True,143.984498,completed,completed,,,
Kubernetes,Kubernetes---kb_486_Normalized.json,outlines,Outlines,maskbench/data/Kubernetes---kb_486_Normalized.json,0.2.14,6839,2993,0.000383,5.2e-05,0.000133,True,5039,5039,c95e6b8fd6f8a88efc9ec9a50f5536710f152d835163b96101099eb6ea180f1c,1.683595055,84,181,442,9,2.657251,True,4e-06,True,2.820894,completed,completed,,,
Kubernetes,Kubernetes---kb_487_Normalized.json,outlines,Outlines,maskbench/data/Kubernetes---kb_487_Normalized.json,0.2.14,12446,2993,0.000476,3e-05,0.000186,True,5039,5039,c95e6b8fd6f8a88efc9ec9a50f5536710f152d835163b96101099eb6ea180f1c,1.683595055,84,181,442,9,2.605123,True,4e-06,True,2.784827,completed,completed,,,
Kubernetes,Kubernetes---kb_488_Normalized.json,outlines,Outlines,maskbench/data/Kubernetes---kb_488_Normalized.json,0.2.14,181607,149058,0.000726,0.00074,0.002258,True,919320,919320,d890f7c54a5e3cf57fd5a378fec12986eeac5c3e98f109ab67fc1069b4fd1e67,6.167532102,39709,53447,69708,20,60.290231,True,4e-06,True,60.518204,completed,completed,,,
Kubernetes,Kubernetes---kb_489_Normalized.json,outlines,Outlines,maskbench/data/Kubernetes---kb_489_Normalized.json,0.2.14,184578,149058,0.001018,0.000684,0.002189,True,919320,919320,d890f7c54a5e3cf57fd5a378fec12986eeac5c3e98f109ab67fc1069b4fd1e67,6.167532102,39709,53447,69708,20,58.182296,True,4e-06,True,58.408256,completed,completed,,,
Kubernetes,Kubernetes---kb_48_Normalized.json,outlines,Outlines,maskbench/data/Kubernetes---kb_48_Normalized.json,0.2.14,10329,5198,0.000847,4.9e-05,0.000193,True,1329,1329,30a1a7e5c938c774c76aad9149353938368deb9d51bf97989ac6677dbf8b134a,0.25567526,21,39,129,5,1.715152,True,4e-06,True,1.887742,completed,completed,,,
Kubernetes,Kubernetes---kb_490_Normalized.json,outlines,Outlines,maskbench/data/Kubernetes---kb_490_Normalized.json,0.2.14,181643,149058,0.001715,0.000703,0.002194,True,919320,919320,d890f7c54a5e3cf57fd5a378fec12986eeac5c3e98f109ab67fc1069b4fd1e67,6.167532102,39709,53447,69708,20,59.095991,True,4e-06,True,59.32827,completed,completed,,,
Kubernetes,Kubernetes---kb_494_Normalized.json,outlines,Outlines,maskbench/data/Kubernetes---kb_494_Normalized.json,0.2.14,39227,21536,0.00057,0.0005,,False,,,,,,,,,,False,,False,0.099353,compile_error,building_regex,ValueError,"Unsupported JSON Schema structure {""description"":""JSONSchemaPropsOrBool represents JSONSchemaProps or a boolean value. Defaults to true for the boolean property.""} 
Make sure it is valid to the JSON Schema specification and check if it's supported by Outlines.
If it should be supported, please open an issue.",
Kubernetes,Kubernetes---kb_495_Normalized.json,outlines,Outlines,maskbench/data/Kubernetes---kb_495_Normalized.json,0.2.14,36190,21816,0.000856,0.00044,,False,,,,,,,,,,False,,False,0.078519,compile_error,building_regex,ValueError,"Unsupported JSON Schema structure {""description"":""JSONSchemaPropsOrBool represents JSONSchemaProps or a boolean value. Defaults to true for the boolean property.""} 
Make sure it is valid to the JSON Schema specification and check if it's supported by Outlines.
If it should be supported, please open an issue.",
Kubernetes,Kubernetes---kb_496_Normalized.json,outlines,Outlines,maskbench/data/Kubernetes---kb_496_Normalized.json,0.2.14,37546,21816,0.000259,0.0002,,False,,,,,,,,,,False,,False,0.092346,compile_error,building_regex,ValueError,"Unsupported JSON Schema structure {""description"":""JSONSchemaPropsOrBool represents JSONSchemaProps or a boolean value. Defaults to true for the boolean property.""} 
Make sure it is valid to the JSON Schema specification and check if it's supported by Outlines.
If it should be supported, please open an issue.",
Kubernetes,Kubernetes---kb_49_Normalized.json,outlines,Outlines,maskbench/data/Kubernetes---kb_49_Normalized.json,0.2.14,5342,1564,0.000184,5.5e-05,4.1e-05,True,300,300,f2273436df1e672f1d0ae0c0b3eeeac8eb59be75dbe34a9d500797d07865cbdf,0.191815857,8,20,31,4,0.572108,True,4e-06,True,0.748009,completed,completed,,,
Kubernetes,Kubernetes---kb_4_Normalized.json,outlines,Outlines,maskbench/data/Kubernetes---kb_4_Normalized.json,0.2.14,13531,2566,0.000163,3.2e-05,9.8e-05,True,3147,3147,1864e8bb8b236bbc2a7faa313660704d1eb58538fda6301d901fcd2fa65b598d,1.226422447,43,112,262,16,2.838586,True,4e-06,True,2.972925,completed,completed,,,
Kubernetes,Kubernetes---kb_506_Normalized.json,outlines,Outlines,maskbench/data/Kubernetes---kb_506_Normalized.json,0.2.14,3479,899,0.000169,3e-05,3.3e-05,True,227,227,cd036cbfef22a3d295eb0395492326d68dca5ae4cce944d62976e9946046e0d8,0.252502781,6,14,23,4,0.321855,True,4e-06,True,0.45937,completed,completed,,,
Kubernetes,Kubernetes---kb_507_Normalized.json,outlines,Outlines,maskbench/data/Kubernetes---kb_507_Normalized.json,0.2.14,4082,899,0.000177,2e-05,3.2e-05,True,227,227,cd036cbfef22a3d295eb0395492326d68dca5ae4cce944d62976e9946046e0d8,0.252502781,6,14,23,4,0.38906,True,5e-06,True,0.544879,completed,completed,,,
Kubernetes,Kubernetes---kb_508_Normalized.json,outlines,Outlines,maskbench/data/Kubernetes---kb_508_Normalized.json,0.2.14,10395,1942,0.000302,4.4e-05,0.000125,True,1603,1603,188bf28538f01a32203f04d8c0cf19c74bc84cfc696e505d5be88e2a70f11679,0.825437693,26,67,135,12,1.642885,True,5e-06,True,1.822506,completed,completed,,,
Kubernetes,Kubernetes---kb_509_Normalized.json,outlines,Outlines,maskbench/data/Kubernetes---kb_509_Normalized.json,0.2.14,9985,1942,0.000154,2.9e-05,8.5e-05,True,1603,1603,188bf28538f01a32203f04d8c0cf19c74bc84cfc696e505d5be88e2a70f11679,0.825437693,26,67,135,12,1.656178,True,4e-06,True,1.817757,completed,completed,,,
Kubernetes,Kubernetes---kb_50_Normalized.json,outlines,Outlines,maskbench/data/Kubernetes---kb_50_Normalized.json,0.2.14,6304,1564,0.00021,2.8e-05,5.8e-05,True,300,300,f2273436df1e672f1d0ae0c0b3eeeac8eb59be75dbe34a9d500797d07865cbdf,0.191815857,8,20,31,4,0.560909,True,4e-06,True,0.723852,completed,completed,,,
Kubernetes,Kubernetes---kb_510_Normalized.json,outlines,Outlines,maskbench/data/Kubernetes---kb_510_Normalized.json,0.2.14,3608,899,0.000204,8.9e-05,4.6e-05,True,360,360,52a1326a0a2c548ed9c246bb71c318f72fb0ac72507f88fbf558bb2248a854a6,0.400444939,9,24,32,9,0.574771,True,5e-06,True,0.751518,completed,completed,,,
Kubernetes,Kubernetes---kb_511_Normalized.json,outlines,Outlines,maskbench/data/Kubernetes---kb_511_Normalized.json,0.2.14,3944,899,0.000193,6.5e-05,4.6e-05,True,360,360,52a1326a0a2c548ed9c246bb71c318f72fb0ac72507f88fbf558bb2248a854a6,0.400444939,9,24,32,9,0.615621,True,4e-06,True,0.796655,completed,completed,,,
Kubernetes,Kubernetes---kb_512_Normalized.json,outlines,Outlines,maskbench/data/Kubernetes---kb_512_Normalized.json,0.2.14,25320,16272,0.000234,0.000137,0.001098,True,848594,848594,a5f89f96cd6a708a85cadd298c607bd5bf09d32ab9fcae33982a6f0ca1cc8e3d,52.150565388,38588,51351,63999,20,32.202672,True,4e-06,True,32.447543,completed,completed,,,
Kubernetes,Kubernetes---kb_513_Normalized.json,outlines,Outlines,maskbench/data/Kubernetes---kb_513_Normalized.json,0.2.14,23561,16292,0.00033,0.000106,0.001213,True,848614,848614,6ae1820193ae88181d7b0f3ca19d55b483629910a3bf2a7876ff4e3ac0f68ac1,52.08777314,38588,51351,63999,20,32.167215,True,4e-06,True,32.396508,completed,completed,,,
Kubernetes,Kubernetes---kb_514_Normalized.json,outlines,Outlines,maskbench/data/Kubernetes---kb_514_Normalized.json,0.2.14,25766,16251,0.001174,0.000102,0.000886,True,848714,848714,5969b332518bb3e671931d955887fd7d27b4e53713a8b9e1ec99c9c7d5926de5,52.225339979,38596,51363,64011,20,32.644289,True,4e-06,True,32.862454,completed,completed,,,
Kubernetes,Kubernetes---kb_515_Normalized.json,outlines,Outlines,maskbench/data/Kubernetes---kb_515_Normalized.json,0.2.14,35157,20229,0.000201,0.000116,0.001916,True,1698207,1698207,d2355408559404cfb31b5f4d870a3f70bc2799de68778fc70912937f1cb2eb5c,83.949132434,77198,102734,128089,25,56.732281,True,4e-06,True,57.008354,completed,completed,,,
Kubernetes,Kubernetes---kb_516_Normalized.json,outlines,Outlines,maskbench/data/Kubernetes---kb_516_Normalized.json,0.2.14,31032,20264,0.000247,0.0004,0.005622,True,1698212,1698212,f4ef919c6c7775419bcb301c4778215176e603087bd99033d0aaa7a333beff3a,83.804382156,77198,102734,128089,25,55.868294,True,7e-06,True,56.172896,completed,completed,,,
Kubernetes,Kubernetes---kb_517_Normalized.json,outlines,Outlines,maskbench/data/Kubernetes---kb_517_Normalized.json,0.2.14,33589,20223,0.000288,0.000369,0.001908,True,1698237,1698237,12810d3da5cb1efae5d0d811135134f654c2360d043e0ab9e0add14558ec66d8,83.975522919,77200,102737,128092,25,52.558404,True,4e-06,True,52.856061,completed,completed,,,
Kubernetes,Kubernetes---kb_518_Normalized.json,outlines,Outlines,maskbench/data/Kubernetes---kb_518_Normalized.json,0.2.14,4240,1352,0.000175,3.8e-05,7.2e-05,True,1192,1192,5ce83a02f42512eff1cf680dc26019f7e2277aadba55894949a0f237b49f3dbc,0.881656805,28,58,105,5,0.835954,True,4e-06,True,1.015432,completed,completed,,,
Kubernetes,Kubernetes---kb_519_Normalized.json,outlines,Outlines,maskbench/data/Kubernetes---kb_519_Normalized.json,0.2.14,4240,1352,0.000362,8.6e-05,8.9e-05,True,1192,1192,5ce83a02f42512eff1cf680dc26019f7e2277aadba55894949a0f237b49f3dbc,0.881656805,28,58,105,5,0.829762,True,4e-06,True,1.023259,completed,completed,,,
Kubernetes,Kubernetes---kb_51_Normalized.json,outlines,Outlines,maskbench/data/Kubernetes---kb_51_Normalized.json,0.2.14,3002,1140,9.2e-05,2.2e-05,0.000146,True,496,496,86caeb253d37fb8953fa92ba91477c0f351b810c1dc4bff5238718d0c334b556,0.435087719,12,28,45,4,0.922999,True,5e-06,True,1.113397,completed,completed,,,
Kubernetes,Kubernetes---kb_520_Normalized.json,outlines,Outlines,maskbench/data/Kubernetes---kb_520_Normalized.json,0.2.14,4997,1352,0.000202,2.3e-05,6.2e-05,True,1192,1192,5ce83a02f42512eff1cf680dc26019f7e2277aadba55894949a0f237b49f3dbc,0.881656805,28,58,105,5,0.838904,True,4e-06,True,0.991944,completed,completed,,,
Kubernetes,Kubernetes---kb_521_Normalized.json,outlines,Outlines,maskbench/data/Kubernetes---kb_521_Normalized.json,0.2.14,10542,5471,0.000226,5.8e-05,0.000167,True,6339,6339,8839bf39573c9d38b71575218d3f7c7eefe051e4482de105ec19c283d53839d8,1.158654725,97,227,586,9,4.030143,True,5e-06,True,4.192405,completed,completed,,,
Kubernetes,Kubernetes---kb_522_Normalized.json,outlines,Outlines,maskbench/data/Kubernetes---kb_522_Normalized.json,0.2.14,8397,5471,0.00019,5.1e-05,0.000158,True,6339,6339,8839bf39573c9d38b71575218d3f7c7eefe051e4482de105ec19c283d53839d8,1.158654725,97,227,586,9,3.966708,True,6e-06,True,4.147624,completed,completed,,,
Kubernetes,Kubernetes---kb_523_Normalized.json,outlines,Outlines,maskbench/data/Kubernetes---kb_523_Normalized.json,0.2.14,10339,3965,0.00013,3.6e-05,0.000177,True,597,597,130757290f2d724605ec988e89295056d34b6365d474031a057753647b094837,0.150567465,14,30,69,5,0.833853,True,4e-06,True,1.008996,completed,completed,,,
Kubernetes,Kubernetes---kb_524_Normalized.json,outlines,Outlines,maskbench/data/Kubernetes---kb_524_Normalized.json,0.2.14,10333,3965,0.000164,4.4e-05,7.8e-05,True,597,597,130757290f2d724605ec988e89295056d34b6365d474031a057753647b094837,0.150567465,14,30,69,5,0.828626,True,5e-06,True,1.011042,completed,completed,,,
Kubernetes,Kubernetes---kb_525_Normalized.json,outlines,Outlines,maskbench/data/Kubernetes---kb_525_Normalized.json,0.2.14,26532,17476,0.000172,0.000101,0.000937,True,851387,851387,2e2040cd31e11b8aa3357b96cf750651454fc36434d73157d4e3c49e358f4a51,48.717498283,38651,51556,64281,20,35.102849,True,4e-06,True,35.338767,completed,completed,,,
Kubernetes,Kubernetes---kb_526_Normalized.json,outlines,Outlines,maskbench/data/Kubernetes---kb_526_Normalized.json,0.2.14,24909,17460,0.000163,0.000112,0.002764,True,851595,851595,adebcdbad23e0651dc27a8ff3c8c9ab6ce5cdfac5896e03cf7d1d505b9ed32b9,48.774054983,38659,51568,64293,20,36.093345,True,8e-06,True,36.347375,completed,completed,,,
Kubernetes,Kubernetes---kb_527_Normalized.json,outlines,Outlines,maskbench/data/Kubernetes---kb_527_Normalized.json,0.2.14,7566,2053,0.000202,9.6e-05,0.000121,True,2022,2022,6657a72c72f6b391a17f8ecc965398eab52e9fe4a0713b07e58c219114a5ae6a,0.984900146,47,134,192,9,2.637136,True,4e-06,True,2.827815,completed,completed,,,
Kubernetes,Kubernetes---kb_528_Normalized.json,outlines,Outlines,maskbench/data/Kubernetes---kb_528_Normalized.json,0.2.14,7284,2053,0.000235,3.1e-05,0.000105,True,2022,2022,6657a72c72f6b391a17f8ecc965398eab52e9fe4a0713b07e58c219114a5ae6a,0.984900146,47,134,192,9,2.736788,True,5e-06,True,2.899632,completed,completed,,,
Kubernetes,Kubernetes---kb_529_Normalized.json,outlines,Outlines,maskbench/data/Kubernetes---kb_529_Normalized.json,0.2.14,31438,21530,0.000361,0.000171,0.002137,True,1703952,1703952,68efc841fe3d45a06370dd777b3df8409a5144f9bd5b85164980f8a718fddc4f,79.143149094,77324,103144,128653,25,64.762507,True,4e-06,True,65.060429,completed,completed,,,
Kubernetes,Kubernetes---kb_52_Normalized.json,outlines,Outlines,maskbench/data/Kubernetes---kb_52_Normalized.json,0.2.14,4105,1140,0.000202,4e-05,5.1e-05,True,496,496,86caeb253d37fb8953fa92ba91477c0f351b810c1dc4bff5238718d0c334b556,0.435087719,12,28,45,4,0.932052,True,4e-06,True,1.102106,completed,completed,,,
Kubernetes,Kubernetes---kb_531_Normalized.json,outlines,Outlines,maskbench/data/Kubernetes---kb_531_Normalized.json,0.2.14,6300,2490,0.000223,3.2e-05,9.2e-05,True,3938,3938,2b9c35c31629f3028725cff192a75a50cfd7053f3ae9231c122602e9249e518a,1.581526104,83,239,371,12,5.331303,True,4e-06,True,5.495587,completed,completed,,,
Kubernetes,Kubernetes---kb_532_Normalized.json,outlines,Outlines,maskbench/data/Kubernetes---kb_532_Normalized.json,0.2.14,8892,2490,0.000465,3.3e-05,0.000186,True,3938,3938,2b9c35c31629f3028725cff192a75a50cfd7053f3ae9231c122602e9249e518a,1.581526104,83,239,371,12,5.493281,True,5e-06,True,5.666745,completed,completed,,,
Kubernetes,Kubernetes---kb_533_Normalized.json,outlines,Outlines,maskbench/data/Kubernetes---kb_533_Normalized.json,0.2.14,5788,2523,0.00016,2.8e-05,6.2e-05,True,418,418,77366463d3091d70241ab9c4b12d37898177ab0519c0690da8071532f12ecf90,0.165675783,10,21,50,4,0.542166,True,4e-06,True,0.707959,completed,completed,,,
Kubernetes,Kubernetes---kb_534_Normalized.json,outlines,Outlines,maskbench/data/Kubernetes---kb_534_Normalized.json,0.2.14,4825,2523,0.000158,9.4e-05,5.1e-05,True,418,418,77366463d3091d70241ab9c4b12d37898177ab0519c0690da8071532f12ecf90,0.165675783,10,21,50,4,0.545882,True,1.8e-05,True,0.713215,completed,completed,,,
Kubernetes,Kubernetes---kb_535_Normalized.json,outlines,Outlines,maskbench/data/Kubernetes---kb_535_Normalized.json,0.2.14,10880,2368,0.000223,2.3e-05,4.8e-05,True,844,844,59628bd5bfde7ed0e19982acc9229da636932189ff8cb4f300824084580f43f6,0.356418919,23,50,77,5,0.690398,True,4e-06,True,0.851704,completed,completed,,,
Kubernetes,Kubernetes---kb_536_Normalized.json,outlines,Outlines,maskbench/data/Kubernetes---kb_536_Normalized.json,0.2.14,10805,2368,0.000214,2.6e-05,0.000122,True,844,844,59628bd5bfde7ed0e19982acc9229da636932189ff8cb4f300824084580f43f6,0.356418919,23,50,77,5,0.687596,True,6e-06,True,0.878174,completed,completed,,,
Kubernetes,Kubernetes---kb_537_Normalized.json,outlines,Outlines,maskbench/data/Kubernetes---kb_537_Normalized.json,0.2.14,3550,515,0.000221,4.2e-05,6.7e-05,True,257,257,d9621082e9e7b93026c00cbd7f17e960ace2d7fa9f6bfd5ca8d60e29e531bb6e,0.499029126,7,14,22,5,0.302453,True,4e-06,True,0.502919,completed,completed,,,
Kubernetes,Kubernetes---kb_538_Normalized.json,outlines,Outlines,maskbench/data/Kubernetes---kb_538_Normalized.json,0.2.14,4332,515,0.000144,2.6e-05,3.1e-05,True,257,257,d9621082e9e7b93026c00cbd7f17e960ace2d7fa9f6bfd5ca8d60e29e531bb6e,0.499029126,7,14,22,5,0.299398,True,6e-06,True,0.478353,completed,completed,,,
Kubernetes,Kubernetes---kb_539_Normalized.json,outlines,Outlines,maskbench/data/Kubernetes---kb_539_Normalized.json,0.2.14,6395,1054,0.000211,3.4e-05,5.2e-05,True,502,502,f3c2913f2469e3aca7a15737d521da7a05c71fa4acf9afde6850ada76aa7ea9e,0.476280835,9,18,44,9,0.681766,True,5e-06,True,0.854075,completed,completed,,,
Kubernetes,Kubernetes---kb_53_Normalized.json,outlines,Outlines,maskbench/data/Kubernetes---kb_53_Normalized.json,0.2.14,4914,714,0.000132,3.3e-05,4e-05,True,332,332,311ecefc743bd112f721944ac1936c95fa8f52b33c995b9f36ae833ab1c6fd69,0.464985994,8,18,29,4,0.677765,True,4e-06,True,0.876564,completed,completed,,,
Kubernetes,Kubernetes---kb_540_Normalized.json,outlines,Outlines,maskbench/data/Kubernetes---kb_540_Normalized.json,0.2.14,5165,1054,0.000119,1.8e-05,5.4e-05,True,502,502,f3c2913f2469e3aca7a15737d521da7a05c71fa4acf9afde6850ada76aa7ea9e,0.476280835,9,18,44,9,0.66179,True,4e-06,True,0.809865,completed,completed,,,
Kubernetes,Kubernetes---kb_541_Normalized.json,outlines,Outlines,maskbench/data/Kubernetes---kb_541_Normalized.json,0.2.14,1467,336,0.000316,1.2e-05,2.1e-05,True,88,88,a557c66da24f130a258b9ecc48754591f1e0a63bf511cc4f92afd9460e0b8efc,0.261904762,2,5,8,4,0.145632,True,6e-06,True,0.316953,completed,completed,,,
Kubernetes,Kubernetes---kb_542_Normalized.json,outlines,Outlines,maskbench/data/Kubernetes---kb_542_Normalized.json,0.2.14,1467,336,0.000276,1.2e-05,2e-05,True,88,88,a557c66da24f130a258b9ecc48754591f1e0a63bf511cc4f92afd9460e0b8efc,0.261904762,2,5,8,4,0.143784,True,4e-06,True,0.30451,completed,completed,,,
Kubernetes,Kubernetes---kb_543_Normalized.json,outlines,Outlines,maskbench/data/Kubernetes---kb_543_Normalized.json,0.2.14,33744,19822,0.000284,0.00014,0.002179,True,434364,434364,210f3cdf3b85684fe246282bf7fd34452667b5e8fd679c17d919bb063856fb54,21.913227727,19459,25981,32800,19,30.628182,True,4e-06,True,30.853645,completed,completed,,,
Kubernetes,Kubernetes---kb_544_Normalized.json,outlines,Outlines,maskbench/data/Kubernetes---kb_544_Normalized.json,0.2.14,29227,19870,0.000275,0.00012,0.00136,True,434364,434364,e4f5ea0c85d3d5b89be6d1be3bbc1a0f6ca5efe39dbff67786184e77aff10e9f,21.860291897,19459,25981,32800,19,30.437416,True,4e-06,True,30.647919,completed,completed,,,
Kubernetes,Kubernetes---kb_545_Normalized.json,outlines,Outlines,maskbench/data/Kubernetes---kb_545_Normalized.json,0.2.14,33608,19828,0.000229,0.000116,0.000829,True,434388,434388,c6afddd21a632dc78f7215f2a9a19a443664f21c5c40b530333d7d52dfae04c0,21.907807141,19461,25984,32803,19,30.417635,True,4e-06,True,30.619445,completed,completed,,,
Kubernetes,Kubernetes---kb_546_Normalized.json,outlines,Outlines,maskbench/data/Kubernetes---kb_546_Normalized.json,0.2.14,3087,613,0.000189,1.5e-05,2.8e-05,True,172,172,977a6eba07d12d787f0109c9e0db6d8f52d7d5c0ad2137e7f68e9babb4e7846e,0.280587276,4,9,15,4,0.296453,True,5e-06,True,0.456083,completed,completed,,,
Kubernetes,Kubernetes---kb_547_Normalized.json,outlines,Outlines,maskbench/data/Kubernetes---kb_547_Normalized.json,0.2.14,2852,613,0.000188,1.5e-05,2.6e-05,True,172,172,977a6eba07d12d787f0109c9e0db6d8f52d7d5c0ad2137e7f68e9babb4e7846e,0.280587276,4,9,15,4,0.294155,True,5e-06,True,0.475051,completed,completed,,,
Kubernetes,Kubernetes---kb_548_Normalized.json,outlines,Outlines,maskbench/data/Kubernetes---kb_548_Normalized.json,0.2.14,5134,2730,0.000318,3e-05,0.00019,True,29207,29207,e34d1ed6a423ef8ab7ae67361ae893fe0c928dbc1272334e2ca95a7fc7ee9288,10.698534799,1374,1841,2208,13,10.095673,True,4e-06,True,10.260435,completed,completed,,,
Kubernetes,Kubernetes---kb_549_Normalized.json,outlines,Outlines,maskbench/data/Kubernetes---kb_549_Normalized.json,0.2.14,16322,2730,0.000177,5.6e-05,0.000172,True,29207,29207,e34d1ed6a423ef8ab7ae67361ae893fe0c928dbc1272334e2ca95a7fc7ee9288,10.698534799,1374,1841,2208,13,10.176676,True,4e-06,True,10.37096,completed,completed,,,
Kubernetes,Kubernetes---kb_54_Normalized.json,outlines,Outlines,maskbench/data/Kubernetes---kb_54_Normalized.json,0.2.14,5073,714,0.000428,1.8e-05,0.000113,True,332,332,311ecefc743bd112f721944ac1936c95fa8f52b33c995b9f36ae833ab1c6fd69,0.464985994,8,18,29,4,0.660738,True,6e-06,True,0.863146,completed,completed,,,
Kubernetes,Kubernetes---kb_550_Normalized.json,outlines,Outlines,maskbench/data/Kubernetes---kb_550_Normalized.json,0.2.14,11074,2694,0.000234,3.3e-05,9e-05,True,1644,1644,cf076f261cc77adb5e60b3edcc2212a16c23b56be40239a7f67788f5ad871aa7,0.610244989,23,57,137,11,1.883065,True,5e-06,True,2.059772,completed,completed,,,
Kubernetes,Kubernetes---kb_551_Normalized.json,outlines,Outlines,maskbench/data/Kubernetes---kb_551_Normalized.json,0.2.14,10847,2694,0.000121,3.4e-05,8.6e-05,True,1644,1644,cf076f261cc77adb5e60b3edcc2212a16c23b56be40239a7f67788f5ad871aa7,0.610244989,23,57,137,11,1.761194,True,4e-06,True,1.931814,completed,completed,,,
Kubernetes,Kubernetes---kb_552_Normalized.json,outlines,Outlines,maskbench/data/Kubernetes---kb_552_Normalized.json,0.2.14,14996,10449,0.000153,9.7e-05,0.00027,True,6327,6327,75f8e8a8d1a809f2486d0f1282517b5cceda8676ca61be6fc2d4fa4f32dd1811,0.605512489,91,236,546,12,8.01845,True,4e-06,True,8.203794,completed,completed,,,
Kubernetes,Kubernetes---kb_553_Normalized.json,outlines,Outlines,maskbench/data/Kubernetes---kb_553_Normalized.json,0.2.14,14428,10414,0.00043,0.000212,0.000298,True,7195,7195,890083b5316c72d2935ea9dd5dd530d4b807cd0d75c05244ac9474ca521c7e5e,0.69089687,104,271,645,12,9.331242,True,5e-06,True,9.509529,completed,completed,,,
Kubernetes,Kubernetes---kb_554_Normalized.json,outlines,Outlines,maskbench/data/Kubernetes---kb_554_Normalized.json,0.2.14,16342,10414,0.000238,7.3e-05,0.000278,True,7195,7195,890083b5316c72d2935ea9dd5dd530d4b807cd0d75c05244ac9474ca521c7e5e,0.69089687,104,271,645,12,9.534022,True,4e-06,True,9.686475,completed,completed,,,
Kubernetes,Kubernetes---kb_555_Normalized.json,outlines,Outlines,maskbench/data/Kubernetes---kb_555_Normalized.json,0.2.14,14355,10297,0.000343,7.3e-05,0.000221,True,6327,6327,b8a2944130f1c0b27c4628a14ad928e8b32707b78305d23bd0c32469068e5483,0.614450811,91,234,544,12,7.944097,True,4e-06,True,8.120983,completed,completed,,,
Kubernetes,Kubernetes---kb_556_Normalized.json,outlines,Outlines,maskbench/data/Kubernetes---kb_556_Normalized.json,0.2.14,14538,9879,0.000232,7.6e-05,0.000746,True,7907,7907,957079d2b4100cf0db36e2e8ed38aaf336e1d71dc384b6864156446f5504c4a7,0.800384654,128,323,721,12,8.947166,True,4e-06,True,9.1399,completed,completed,,,
Kubernetes,Kubernetes---kb_557_Normalized.json,outlines,Outlines,maskbench/data/Kubernetes---kb_557_Normalized.json,0.2.14,13954,9879,0.000212,7.6e-05,0.000264,True,7907,7907,957079d2b4100cf0db36e2e8ed38aaf336e1d71dc384b6864156446f5504c4a7,0.800384654,128,323,721,12,8.729089,True,5e-06,True,8.911568,completed,completed,,,
Kubernetes,Kubernetes---kb_558_Normalized.json,outlines,Outlines,maskbench/data/Kubernetes---kb_558_Normalized.json,0.2.14,4156,1288,0.000104,6.3e-05,5.6e-05,True,429,429,03c414f3d4031a0ff47434b085932441480d23f0cb28d17b8d8cbecf69492cf0,0.333074534,10,30,44,5,0.704946,True,4e-06,True,0.898053,completed,completed,,,
Kubernetes,Kubernetes---kb_559_Normalized.json,outlines,Outlines,maskbench/data/Kubernetes---kb_559_Normalized.json,0.2.14,5048,1288,0.000267,6.1e-05,5.1e-05,True,429,429,03c414f3d4031a0ff47434b085932441480d23f0cb28d17b8d8cbecf69492cf0,0.333074534,10,30,44,5,0.713106,True,4e-06,True,0.906723,completed,completed,,,
Kubernetes,Kubernetes---kb_55_Normalized.json,outlines,Outlines,maskbench/data/Kubernetes---kb_55_Normalized.json,0.2.14,4023,539,0.000199,1.7e-05,7.5e-05,True,236,236,9970a753a29f56b58139d4b28941fd176cd10f1e5c3c2102457a54ca880aff3b,0.437847866,6,13,21,4,0.469011,True,5e-06,True,0.65856,completed,completed,,,
Kubernetes,Kubernetes---kb_560_Normalized.json,outlines,Outlines,maskbench/data/Kubernetes---kb_560_Normalized.json,0.2.14,4363,1045,0.000199,2.1e-05,4.9e-05,True,621,621,ac6835ec80cfc318de1ff626783963ece869e57dc8d383686a0f6e07e66213a6,0.594258373,17,46,65,6,0.547124,True,4e-06,True,0.709078,completed,completed,,,
Kubernetes,Kubernetes---kb_561_Normalized.json,outlines,Outlines,maskbench/data/Kubernetes---kb_561_Normalized.json,0.2.14,2705,1045,0.000161,2.2e-05,4.5e-05,True,621,621,ac6835ec80cfc318de1ff626783963ece869e57dc8d383686a0f6e07e66213a6,0.594258373,17,46,65,6,0.558301,True,6e-06,True,0.737131,completed,completed,,,
Kubernetes,Kubernetes---kb_562_Normalized.json,outlines,Outlines,maskbench/data/Kubernetes---kb_562_Normalized.json,0.2.14,2125,123,0.00019,1e-05,2.1e-05,True,43,43,92b09498c5c9c1f1f358c0e20f3ba65738e4acce3a85cc52052bd2f37c07c141,0.349593496,1,1,1,1,0.07277,True,6e-06,True,0.262837,completed,completed,,,
Kubernetes,Kubernetes---kb_563_Normalized.json,outlines,Outlines,maskbench/data/Kubernetes---kb_563_Normalized.json,0.2.14,1503,123,0.000168,2.5e-05,2.1e-05,True,43,43,92b09498c5c9c1f1f358c0e20f3ba65738e4acce3a85cc52052bd2f37c07c141,0.349593496,1,1,1,1,0.065828,True,5e-06,True,0.25776,completed,completed,,,
Kubernetes,Kubernetes---kb_564_Normalized.json,outlines,Outlines,maskbench/data/Kubernetes---kb_564_Normalized.json,0.2.14,23777,14308,0.000167,9.3e-05,0.000231,True,9086,9086,10497d06a29820c20c096577ad37ce0fb7864066a6b5284e6b09f16479a50d4a,0.635029354,140,372,748,12,8.124098,True,6e-06,True,8.308848,completed,completed,,,
Kubernetes,Kubernetes---kb_565_Normalized.json,outlines,Outlines,maskbench/data/Kubernetes---kb_565_Normalized.json,0.2.14,26495,14290,0.000283,0.00014,0.000254,True,9092,9092,be11ca3ac5d9067ba035b68bbdb2668dc70325fa11de3615f0b8438e11360d1f,0.636249125,140,374,750,12,8.069882,True,4e-06,True,8.266948,completed,completed,,,
Kubernetes,Kubernetes---kb_566_Normalized.json,outlines,Outlines,maskbench/data/Kubernetes---kb_566_Normalized.json,0.2.14,27752,14290,0.00029,0.000172,0.000253,True,9092,9092,be11ca3ac5d9067ba035b68bbdb2668dc70325fa11de3615f0b8438e11360d1f,0.636249125,140,374,750,12,7.987376,True,6e-06,True,8.185353,completed,completed,,,
Kubernetes,Kubernetes---kb_567_Normalized.json,outlines,Outlines,maskbench/data/Kubernetes---kb_567_Normalized.json,0.2.14,42826,29445,0.000337,0.000163,0.001947,True,865563,865563,f3cf5124560c0c6a3ee72f0ebde6dd51bfc984a50b26415c7349dc73c3670974,29.395924605,38830,52011,65375,20,46.472507,True,5e-06,True,46.724882,completed,completed,,,
Kubernetes,Kubernetes---kb_568_Normalized.json,outlines,Outlines,maskbench/data/Kubernetes---kb_568_Normalized.json,0.2.14,43604,29572,0.000227,0.000151,0.001084,True,865595,865595,c306d2b0e5cf1b424f96d22ba3de707c42e0a6c4d9f4350d9e41303d313f3873,29.270762884,38830,52015,65379,20,46.502579,True,4e-06,True,46.748877,completed,completed,,,
Kubernetes,Kubernetes---kb_569_Normalized.json,outlines,Outlines,maskbench/data/Kubernetes---kb_569_Normalized.json,0.2.14,45593,29522,0.000356,0.000151,0.000993,True,865659,865659,2a2cc138d92e5bde63a177b726607d4e009aab0a02296d6dc0b7306c463336a9,29.32250525,38838,52027,65391,20,47.132641,True,5e-06,True,47.37071,completed,completed,,,
Kubernetes,Kubernetes---kb_56_Normalized.json,outlines,Outlines,maskbench/data/Kubernetes---kb_56_Normalized.json,0.2.14,3163,539,0.000439,2.9e-05,3.1e-05,True,236,236,9970a753a29f56b58139d4b28941fd176cd10f1e5c3c2102457a54ca880aff3b,0.437847866,6,13,21,4,0.49091,True,4e-06,True,0.659462,completed,completed,,,
Kubernetes,Kubernetes---kb_570_Normalized.json,outlines,Outlines,maskbench/data/Kubernetes---kb_570_Normalized.json,0.2.14,45179,33555,0.000422,0.000166,0.00206,True,1732075,1732075,88ec75cf3d2bd6e1180907da20761be892dc406693cc6f190a3ed5937bf62ef2,51.618983758,77680,104048,130837,25,85.755614,True,4e-06,True,86.053613,completed,completed,,,
Kubernetes,Kubernetes---kb_571_Normalized.json,outlines,Outlines,maskbench/data/Kubernetes---kb_571_Normalized.json,0.2.14,42396,33697,0.000326,0.00066,0.002248,True,1732104,1732104,e31a2f563f22f5162b09eb734f7da5e6ecedec59b4c8a042fc862d7afeb6f8a6,51.402320681,77680,104056,130845,25,86.483687,True,4e-06,True,86.791679,completed,completed,,,
Kubernetes,Kubernetes---kb_572_Normalized.json,outlines,Outlines,maskbench/data/Kubernetes---kb_572_Normalized.json,0.2.14,47798,33647,0.000306,0.000189,0.006938,True,1732120,1732120,3ef6e7843495d8f3b2de5c390c3693642d51006cededbf6dd56fd6ee451d3a8c,51.479180908,77682,104059,130848,25,83.953125,True,9e-06,True,84.297169,completed,completed,,,
Kubernetes,Kubernetes---kb_573_Normalized.json,outlines,Outlines,maskbench/data/Kubernetes---kb_573_Normalized.json,0.2.14,27167,17065,0.000179,0.000106,0.001116,True,1273146,1273146,c61a5c6d6e9864fc140c9348674c36040843a4dc161e76e4159c849213de0448,74.605684149,57879,77036,96029,20,34.93717,True,6e-06,True,35.213408,completed,completed,,,
Kubernetes,Kubernetes---kb_574_Normalized.json,outlines,Outlines,maskbench/data/Kubernetes---kb_574_Normalized.json,0.2.14,28127,17049,0.000278,0.000101,0.001122,True,1273406,1273406,9e6cb2820250327f8aaf93edbb70b223a9dd197fff18bb93227b9aca2c19e1d4,74.690949616,57889,77051,96044,20,36.374749,True,4e-06,True,36.640183,completed,completed,,,
Kubernetes,Kubernetes---kb_575_Normalized.json,outlines,Outlines,maskbench/data/Kubernetes---kb_575_Normalized.json,0.2.14,4229,934,0.000196,2.8e-05,5.6e-05,True,428,428,874943ec45cbbb6000380a19dbb498b86a748f5e7c2c0a0083fec3e291d21f46,0.458244111,9,20,36,4,0.809116,True,4e-06,True,0.993091,completed,completed,,,
Kubernetes,Kubernetes---kb_576_Normalized.json,outlines,Outlines,maskbench/data/Kubernetes---kb_576_Normalized.json,0.2.14,4852,934,0.000412,1.9e-05,4.4e-05,True,428,428,874943ec45cbbb6000380a19dbb498b86a748f5e7c2c0a0083fec3e291d21f46,0.458244111,9,20,36,4,0.83161,True,5e-06,True,1.008623,completed,completed,,,
Kubernetes,Kubernetes---kb_577_Normalized.json,outlines,Outlines,maskbench/data/Kubernetes---kb_577_Normalized.json,0.2.14,35289,21113,0.000282,0.000124,0.002762,True,2547543,2547543,67a8429684320731f3440fb232cda149e22b58afc8fdbe6a0651cb707fe6a97b,120.662293374,115782,154104,192151,25,60.455992,True,4e-06,True,60.823951,completed,completed,,,
Kubernetes,Kubernetes---kb_578_Normalized.json,outlines,Outlines,maskbench/data/Kubernetes---kb_578_Normalized.json,0.2.14,36840,21097,0.000425,0.000123,0.002662,True,2547595,2547595,5d400815302211696dfc529aa77ee210566dcebaeec0aaa20af29d5f20d783bb,120.756268664,115784,154107,192154,25,59.861125,True,5e-06,True,60.212891,completed,completed,,,
Kubernetes,Kubernetes---kb_579_Normalized.json,outlines,Outlines,maskbench/data/Kubernetes---kb_579_Normalized.json,0.2.14,3542,383,0.000452,1.2e-05,0.000108,True,197,197,3a14060dbfbebb359a7455b50a1fcb07c84e03b80f84191d1c27f12a45cd778d,0.514360313,5,16,18,9,0.317435,True,4e-06,True,0.502443,completed,completed,,,
Kubernetes,Kubernetes---kb_57_Normalized.json,outlines,Outlines,maskbench/data/Kubernetes---kb_57_Normalized.json,0.2.14,28122,16798,0.000273,0.000105,0.001049,True,425723,425723,9734cdacc3984262d9aa7b8151ec1cf0618c5f2fda3f3c7f60caab6bf94794d6,25.343671866,19317,25708,32109,19,28.31788,True,4e-06,True,28.53502,completed,completed,,,
Kubernetes,Kubernetes---kb_580_Normalized.json,outlines,Outlines,maskbench/data/Kubernetes---kb_580_Normalized.json,0.2.14,4058,383,0.000176,2.2e-05,3.1e-05,True,197,197,3a14060dbfbebb359a7455b50a1fcb07c84e03b80f84191d1c27f12a45cd778d,0.514360313,5,16,18,9,0.334951,True,4e-06,True,0.53012,completed,completed,,,
Kubernetes,Kubernetes---kb_581_Normalized.json,outlines,Outlines,maskbench/data/Kubernetes---kb_581_Normalized.json,0.2.14,8841,1652,0.000352,2.8e-05,8.1e-05,True,1710,1710,e42306242a91e60b207fb2eb8be74eab33a8bb1a9ec042041f86a868c84afc06,1.035108959,25,52,142,9,1.809946,True,5e-06,True,1.992919,completed,completed,,,
Kubernetes,Kubernetes---kb_582_Normalized.json,outlines,Outlines,maskbench/data/Kubernetes---kb_582_Normalized.json,0.2.14,7006,1652,0.000425,2.3e-05,7.3e-05,True,1710,1710,e42306242a91e60b207fb2eb8be74eab33a8bb1a9ec042041f86a868c84afc06,1.035108959,25,52,142,9,1.77519,True,4e-06,True,1.946163,completed,completed,,,
Kubernetes,Kubernetes---kb_584_Normalized.json,outlines,Outlines,maskbench/data/Kubernetes---kb_584_Normalized.json,0.2.14,34067,26179,0.000571,0.000137,0.001102,True,872602,872602,d8bea043efffcd8ec0485d2b031774ead0c650af0c868d1a4cbd907dc07ce7d7,33.332136445,38968,52213,66081,20,48.270557,True,1e-05,True,48.516371,completed,completed,,,
Kubernetes,Kubernetes---kb_585_Normalized.json,outlines,Outlines,maskbench/data/Kubernetes---kb_585_Normalized.json,0.2.14,33443,26145,0.000287,0.000255,0.001267,True,872730,872730,649ae8d6fe879ed4394abd45b19a9d49152ed453d38c02a968ef92f26f0f08c6,33.380378657,38976,52225,66093,20,48.693623,True,4e-06,True,48.946121,completed,completed,,,
Kubernetes,Kubernetes---kb_587_Normalized.json,outlines,Outlines,maskbench/data/Kubernetes---kb_587_Normalized.json,0.2.14,10532,6699,0.000177,5.6e-05,0.000167,True,12136,12136,a931b87a78efba88f6a1723d2332c9322068d497a31678b8254f5c13db7892c5,1.811613674,184,451,1034,18,7.0018,True,3e-06,True,7.146005,completed,completed,,,
Kubernetes,Kubernetes---kb_588_Normalized.json,outlines,Outlines,maskbench/data/Kubernetes---kb_588_Normalized.json,0.2.14,11298,6699,0.000219,5.2e-05,0.000158,True,12136,12136,a931b87a78efba88f6a1723d2332c9322068d497a31678b8254f5c13db7892c5,1.811613674,184,451,1034,18,8.312738,True,5e-06,True,8.500641,completed,completed,,,
Kubernetes,Kubernetes---kb_58_Normalized.json,outlines,Outlines,maskbench/data/Kubernetes---kb_58_Normalized.json,0.2.14,29183,16782,0.000191,0.000134,0.000683,True,425775,425775,8987ff2a17e3ea52f31e6030c891d5d0c62f5b7465447c78897593bf7de5e9fd,25.370933143,19319,25711,32112,19,28.240897,True,4e-06,True,28.459435,completed,completed,,,
Kubernetes,Kubernetes---kb_590_Normalized.json,outlines,Outlines,maskbench/data/Kubernetes---kb_590_Normalized.json,0.2.14,11975,6705,0.000233,5.2e-05,0.000176,True,22441,22441,4fbaec9d6774ca06afa594f5802b69c15f78e570b5c606990dc3662997e5de05,3.346905295,316,789,1890,19,8.264765,True,4e-06,True,8.446948,completed,completed,,,
Kubernetes,Kubernetes---kb_591_Normalized.json,outlines,Outlines,maskbench/data/Kubernetes---kb_591_Normalized.json,0.2.14,11685,6705,0.000234,7.2e-05,0.00017,True,22441,22441,4fbaec9d6774ca06afa594f5802b69c15f78e570b5c606990dc3662997e5de05,3.346905295,316,789,1890,19,8.337279,True,4e-06,True,8.523743,completed,completed,,,
Kubernetes,Kubernetes---kb_596_Normalized.json,outlines,Outlines,maskbench/data/Kubernetes---kb_596_Normalized.json,0.2.14,6195,4375,0.000295,4.1e-05,0.000124,True,5422,5422,c09d09a972722425178217f0959bd0fb3523cb4e3c1bc31fa59716090c1af3c9,1.239314286,74,184,452,12,3.82211,True,6e-06,True,4.014192,completed,completed,,,
Kubernetes,Kubernetes---kb_597_Normalized.json,outlines,Outlines,maskbench/data/Kubernetes---kb_597_Normalized.json,0.2.14,6589,4375,0.000219,4e-05,0.000119,True,5422,5422,c09d09a972722425178217f0959bd0fb3523cb4e3c1bc31fa59716090c1af3c9,1.239314286,74,184,452,12,3.804103,True,4e-06,True,3.990977,completed,completed,,,
Kubernetes,Kubernetes---kb_598_Normalized.json,outlines,Outlines,maskbench/data/Kubernetes---kb_598_Normalized.json,0.2.14,2868,922,0.00019,2.5e-05,4.2e-05,True,285,285,1d2aaac623e8ed3a30fedfe9c1019ee5a609723cef20969daf4b0542ff8541bb,0.309110629,9,18,26,5,0.303519,True,4e-06,True,0.506367,completed,completed,,,
Kubernetes,Kubernetes---kb_599_Normalized.json,outlines,Outlines,maskbench/data/Kubernetes---kb_599_Normalized.json,0.2.14,2163,766,0.000196,1.7e-05,3.4e-05,True,285,285,1d2aaac623e8ed3a30fedfe9c1019ee5a609723cef20969daf4b0542ff8541bb,0.372062663,9,18,26,5,0.322308,True,4e-06,True,0.49629,completed,completed,,,
Kubernetes,Kubernetes---kb_59_Normalized.json,outlines,Outlines,maskbench/data/Kubernetes---kb_59_Normalized.json,0.2.14,3715,486,0.000134,2.7e-05,4.2e-05,True,855,855,def1eb61ac809c0c81fdba1bbfb5fcd30ff7edf2c81048e0ae500fceb1196b46,1.759259259,23,47,74,5,0.607133,True,4e-06,True,0.795438,completed,completed,,,
Kubernetes,Kubernetes---kb_5_Normalized.json,outlines,Outlines,maskbench/data/Kubernetes---kb_5_Normalized.json,0.2.14,13125,2566,0.000302,3e-05,0.000136,True,3147,3147,1864e8bb8b236bbc2a7faa313660704d1eb58538fda6301d901fcd2fa65b598d,1.226422447,43,112,262,16,3.382968,True,4e-06,True,3.58518,completed,completed,,,
Kubernetes,Kubernetes---kb_600_Normalized.json,outlines,Outlines,maskbench/data/Kubernetes---kb_600_Normalized.json,0.2.14,3179,766,0.000196,1.7e-05,3.8e-05,True,285,285,1d2aaac623e8ed3a30fedfe9c1019ee5a609723cef20969daf4b0542ff8541bb,0.372062663,9,18,26,5,0.347946,True,4e-06,True,0.537267,completed,completed,,,
Kubernetes,Kubernetes---kb_602_Normalized.json,outlines,Outlines,maskbench/data/Kubernetes---kb_602_Normalized.json,0.2.14,17272,11253,0.000559,0.000162,0.000403,True,70880,70880,a5d0b0b84cb66a5fe11e6c7ec6737ccac11cd3c67dc57d6008f363f81ddd5607,6.298764774,1016,2528,5995,23,35.035383,True,9e-06,True,35.245932,completed,completed,,,
Kubernetes,Kubernetes---kb_603_Normalized.json,outlines,Outlines,maskbench/data/Kubernetes---kb_603_Normalized.json,0.2.14,15732,11253,0.000356,0.000307,0.000743,True,70880,70880,a5d0b0b84cb66a5fe11e6c7ec6737ccac11cd3c67dc57d6008f363f81ddd5607,6.298764774,1016,2528,5995,23,35.656989,True,4e-06,True,35.876935,completed,completed,,,
Kubernetes,Kubernetes---kb_604_Normalized.json,outlines,Outlines,maskbench/data/Kubernetes---kb_604_Normalized.json,0.2.14,4529,787,0.000207,3.3e-05,4.1e-05,True,227,227,b4eb5d8eb9aa93ce43e6715fa6bdaf328b374f8df0d82324543aec59d6718367,0.288437103,6,13,21,4,0.425773,True,5e-06,True,0.634864,completed,completed,,,
Kubernetes,Kubernetes---kb_605_Normalized.json,outlines,Outlines,maskbench/data/Kubernetes---kb_605_Normalized.json,0.2.14,5142,787,0.000375,1.8e-05,5.2e-05,True,227,227,b4eb5d8eb9aa93ce43e6715fa6bdaf328b374f8df0d82324543aec59d6718367,0.288437103,6,13,21,4,0.438925,True,4e-06,True,0.634967,completed,completed,,,
Kubernetes,Kubernetes---kb_606_Normalized.json,outlines,Outlines,maskbench/data/Kubernetes---kb_606_Normalized.json,0.2.14,61027,31412,0.000419,0.000173,0.001479,True,1334370,1334370,a06623f0949a8911d9118d3af95dae62918e3ef8be6eab91cfbb66e78d0b3d21,42.479625621,58719,78735,101237,20,53.626735,True,4e-06,True,53.906763,completed,completed,,,
Kubernetes,Kubernetes---kb_607_Normalized.json,outlines,Outlines,maskbench/data/Kubernetes---kb_607_Normalized.json,0.2.14,57176,31396,0.000398,0.000176,0.001515,True,1334630,1334630,ac3656af364a7dff6628a0bff43843930604b4c8c66cc1b506e123d1c00f4d1f,42.509555357,58729,78750,101252,20,55.603772,True,5e-06,True,55.889251,completed,completed,,,
Kubernetes,Kubernetes---kb_608_Normalized.json,outlines,Outlines,maskbench/data/Kubernetes---kb_608_Normalized.json,0.2.14,2502,337,0.00033,1.4e-05,3.4e-05,True,170,170,9f60a592093de3e83d089f363a689c75d56b77c697735f35d7f3327f171d0645,0.504451039,4,8,14,3,0.302002,True,4e-06,True,0.505891,completed,completed,,,
Kubernetes,Kubernetes---kb_609_Normalized.json,outlines,Outlines,maskbench/data/Kubernetes---kb_609_Normalized.json,0.2.14,2158,337,0.00019,1.4e-05,3.6e-05,True,170,170,9f60a592093de3e83d089f363a689c75d56b77c697735f35d7f3327f171d0645,0.504451039,4,8,14,3,0.334953,True,4e-06,True,0.503114,completed,completed,,,
Kubernetes,Kubernetes---kb_60_Normalized.json,outlines,Outlines,maskbench/data/Kubernetes---kb_60_Normalized.json,0.2.14,2772,486,0.000159,1.7e-05,4.1e-05,True,855,855,def1eb61ac809c0c81fdba1bbfb5fcd30ff7edf2c81048e0ae500fceb1196b46,1.759259259,23,47,74,5,0.631332,True,4e-06,True,0.815093,completed,completed,,,
Kubernetes,Kubernetes---kb_610_Normalized.json,outlines,Outlines,maskbench/data/Kubernetes---kb_610_Normalized.json,0.2.14,14947,4628,0.000246,5.1e-05,0.000164,True,12125,12125,d6c3dca45b3760e46aa7d559645ff006f4aaa85d3c82742e74f4c446becaaa46,2.619922213,157,436,1036,17,9.767845,True,4e-06,True,9.960293,completed,completed,,,
Kubernetes,Kubernetes---kb_611_Normalized.json,outlines,Outlines,maskbench/data/Kubernetes---kb_611_Normalized.json,0.2.14,12447,4628,0.000487,4.1e-05,0.000235,True,12125,12125,d6c3dca45b3760e46aa7d559645ff006f4aaa85d3c82742e74f4c446becaaa46,2.619922213,157,436,1036,17,10.023212,True,5e-06,True,10.230503,completed,completed,,,
Kubernetes,Kubernetes---kb_612_Normalized.json,outlines,Outlines,maskbench/data/Kubernetes---kb_612_Normalized.json,0.2.14,4919,1357,0.000103,3.7e-05,5.1e-05,True,511,511,90f38e81a9998c276e8fa19da57f09383b3f640b94e18cd30c96f6837b382372,0.376565954,10,22,42,4,1.009306,True,4e-06,True,1.202966,completed,completed,,,
Kubernetes,Kubernetes---kb_613_Normalized.json,outlines,Outlines,maskbench/data/Kubernetes---kb_613_Normalized.json,0.2.14,4957,1357,0.000174,3.4e-05,7.2e-05,True,511,511,90f38e81a9998c276e8fa19da57f09383b3f640b94e18cd30c96f6837b382372,0.376565954,10,22,42,4,1.037209,True,6e-06,True,1.237092,completed,completed,,,
Kubernetes,Kubernetes---kb_614_Normalized.json,outlines,Outlines,maskbench/data/Kubernetes---kb_614_Normalized.json,0.2.14,3642,1581,0.0003,3.7e-05,0.000155,True,406,406,78927e532a2d2cbe04b7ee7c88cd71e47c9c74d211d4eeaa2df445aef9ba03f0,0.256799494,5,8,32,3,0.868396,True,6e-06,True,1.082414,completed,completed,,,
Kubernetes,Kubernetes---kb_615_Normalized.json,outlines,Outlines,maskbench/data/Kubernetes---kb_615_Normalized.json,0.2.14,3782,1581,0.000131,3.4e-05,5.1e-05,True,406,406,78927e532a2d2cbe04b7ee7c88cd71e47c9c74d211d4eeaa2df445aef9ba03f0,0.256799494,5,8,32,3,0.876673,True,4e-06,True,1.083798,completed,completed,,,
Kubernetes,Kubernetes---kb_616_Normalized.json,outlines,Outlines,maskbench/data/Kubernetes---kb_616_Normalized.json,0.2.14,15668,4997,0.000133,5.1e-05,0.000119,True,3647,3647,8ca1217dfdc39bf72a845e115b4fb796c1b938d3eeeb5289654840d1d9b5c35c,0.729837903,47,79,306,5,3.00812,True,4e-06,True,3.196257,completed,completed,,,
Kubernetes,Kubernetes---kb_617_Normalized.json,outlines,Outlines,maskbench/data/Kubernetes---kb_617_Normalized.json,0.2.14,15492,4997,0.000235,4.1e-05,0.000329,True,3647,3647,8ca1217dfdc39bf72a845e115b4fb796c1b938d3eeeb5289654840d1d9b5c35c,0.729837903,47,79,306,5,3.002814,True,4e-06,True,3.201865,completed,completed,,,
Kubernetes,Kubernetes---kb_618_Normalized.json,outlines,Outlines,maskbench/data/Kubernetes---kb_618_Normalized.json,0.2.14,2476,673,0.000166,1.9e-05,3.3e-05,True,87,87,069d5b2439f1e1ed413816c078a561bf3c150746058847ed683b8c73271c194b,0.129271917,1,3,11,2,0.194374,True,4e-06,True,0.37045,completed,completed,,,
Kubernetes,Kubernetes---kb_619_Normalized.json,outlines,Outlines,maskbench/data/Kubernetes---kb_619_Normalized.json,0.2.14,1935,673,0.000145,1.7e-05,2.7e-05,True,87,87,069d5b2439f1e1ed413816c078a561bf3c150746058847ed683b8c73271c194b,0.129271917,1,3,11,2,0.19437,True,4e-06,True,0.374281,completed,completed,,,
Kubernetes,Kubernetes---kb_61_Normalized.json,outlines,Outlines,maskbench/data/Kubernetes---kb_61_Normalized.json,0.2.14,4751,340,0.00017,1.6e-05,4.2e-05,True,558,558,572ed846e984e20521b2b611c0fb5f2ccbc7ce534ed73ec26e8d6f191e29ad4c,1.641176471,16,47,52,10,0.555314,True,4e-06,True,0.733404,completed,completed,,,
Kubernetes,Kubernetes---kb_620_Normalized.json,outlines,Outlines,maskbench/data/Kubernetes---kb_620_Normalized.json,0.2.14,56652,35354,0.000352,0.000193,0.003163,True,2625746,2625746,6a73f17c37d19d4df318673ed536be0d8e69391500aae7da180bfdbea9979ab4,74.270125021,116902,156718,199207,25,79.03674,True,4e-06,True,79.415788,completed,completed,,,
Kubernetes,Kubernetes---kb_621_Normalized.json,outlines,Outlines,maskbench/data/Kubernetes---kb_621_Normalized.json,0.2.14,49641,35338,0.000416,0.000668,0.003933,True,2625798,2625798,0b9946bb2869356490e3b062dc6c4b29d9bc9742d080004f5bcc65f094b4eb65,74.305223838,116904,156721,199210,25,74.973301,True,4e-06,True,75.387429,completed,completed,,,
Kubernetes,Kubernetes---kb_622_Normalized.json,outlines,Outlines,maskbench/data/Kubernetes---kb_622_Normalized.json,0.2.14,7050,2335,0.000185,2.9e-05,8.4e-05,True,3901,3901,01b9047391ae65f6b029e407bf9c2e1e485cf278b1342f486a1529b2db70b1fd,1.670663812,51,143,331,15,4.71981,True,4e-06,True,4.90056,completed,completed,,,
Kubernetes,Kubernetes---kb_623_Normalized.json,outlines,Outlines,maskbench/data/Kubernetes---kb_623_Normalized.json,0.2.14,7792,2335,0.000395,0.000105,0.000114,True,3901,3901,01b9047391ae65f6b029e407bf9c2e1e485cf278b1342f486a1529b2db70b1fd,1.670663812,51,143,331,15,4.801188,True,5e-06,True,5.016445,completed,completed,,,
Kubernetes,Kubernetes---kb_624_Normalized.json,outlines,Outlines,maskbench/data/Kubernetes---kb_624_Normalized.json,0.2.14,3668,917,0.000193,2.3e-05,4.5e-05,True,360,360,52a1326a0a2c548ed9c246bb71c318f72fb0ac72507f88fbf558bb2248a854a6,0.392584515,9,24,32,9,0.585198,True,9e-06,True,0.812895,completed,completed,,,
Kubernetes,Kubernetes---kb_625_Normalized.json,outlines,Outlines,maskbench/data/Kubernetes---kb_625_Normalized.json,0.2.14,3668,917,0.000195,1.9e-05,3.9e-05,True,360,360,52a1326a0a2c548ed9c246bb71c318f72fb0ac72507f88fbf558bb2248a854a6,0.392584515,9,24,32,9,0.579036,True,5e-06,True,0.776235,completed,completed,,,
Kubernetes,Kubernetes---kb_626_Normalized.json,outlines,Outlines,maskbench/data/Kubernetes---kb_626_Normalized.json,0.2.14,8647,1725,0.000207,4e-05,0.0001,True,1953,1953,592050ddcef3f917c4125cfa41a1801e19b4465b8b8ba3dc7b2d9985a409e687,1.132173913,28,77,166,12,2.313812,True,4e-06,True,2.526848,completed,completed,,,
Kubernetes,Kubernetes---kb_627_Normalized.json,outlines,Outlines,maskbench/data/Kubernetes---kb_627_Normalized.json,0.2.14,7745,1725,0.000353,8.3e-05,8.8e-05,True,1953,1953,592050ddcef3f917c4125cfa41a1801e19b4465b8b8ba3dc7b2d9985a409e687,1.132173913,28,77,166,12,2.31363,True,5e-06,True,2.527118,completed,completed,,,
Kubernetes,Kubernetes---kb_628_Normalized.json,outlines,Outlines,maskbench/data/Kubernetes---kb_628_Normalized.json,0.2.14,13431,4578,0.000235,5.5e-05,0.000366,True,6422,6422,0c1fc6f128fc63e016062bf14c0d4bd27261298714cf6270a406c9c366ffe35e,1.402795981,109,236,550,10,3.097991,True,6e-06,True,3.325172,completed,completed,,,
Kubernetes,Kubernetes---kb_629_Normalized.json,outlines,Outlines,maskbench/data/Kubernetes---kb_629_Normalized.json,0.2.14,11046,4578,0.000243,8e-05,0.000139,True,6422,6422,0c1fc6f128fc63e016062bf14c0d4bd27261298714cf6270a406c9c366ffe35e,1.402795981,109,236,550,10,3.172756,True,4e-06,True,3.390825,completed,completed,,,
Kubernetes,Kubernetes---kb_62_Normalized.json,outlines,Outlines,maskbench/data/Kubernetes---kb_62_Normalized.json,0.2.14,8822,340,0.000219,1.5e-05,0.000125,True,558,558,572ed846e984e20521b2b611c0fb5f2ccbc7ce534ed73ec26e8d6f191e29ad4c,1.641176471,16,47,52,10,0.540338,True,5e-06,True,0.750411,completed,completed,,,
Kubernetes,Kubernetes---kb_630_Normalized.json,outlines,Outlines,maskbench/data/Kubernetes---kb_630_Normalized.json,0.2.14,38479,13930,0.000336,0.000102,0.001035,True,52004,52004,856950d1f50fe7b95c19bc37a35e3bbc916cd8f59bb016284b128821c5a9931d,3.733237617,757,1611,4486,11,10.585857,True,4e-06,True,10.779879,completed,completed,,,
Kubernetes,Kubernetes---kb_631_Normalized.json,outlines,Outlines,maskbench/data/Kubernetes---kb_631_Normalized.json,0.2.14,33166,13930,0.000312,0.000113,0.000381,True,52004,52004,856950d1f50fe7b95c19bc37a35e3bbc916cd8f59bb016284b128821c5a9931d,3.733237617,757,1611,4486,11,10.748629,True,4e-06,True,10.938157,completed,completed,,,
Kubernetes,Kubernetes---kb_632_Normalized.json,outlines,Outlines,maskbench/data/Kubernetes---kb_632_Normalized.json,0.2.14,7932,1818,0.000213,6.5e-05,0.0001,True,908,908,9a09799cef837fd84b932e937ede820fc65def8bf99eacfbae97973135b957da,0.499449945,20,40,70,3,1.827385,True,1.2e-05,True,2.051875,completed,completed,,,
Kubernetes,Kubernetes---kb_633_Normalized.json,outlines,Outlines,maskbench/data/Kubernetes---kb_633_Normalized.json,0.2.14,7407,1818,0.000225,9.6e-05,7e-05,True,908,908,9a09799cef837fd84b932e937ede820fc65def8bf99eacfbae97973135b957da,0.499449945,20,40,70,3,1.793913,True,4e-06,True,1.979968,completed,completed,,,
Kubernetes,Kubernetes---kb_634_Normalized.json,outlines,Outlines,maskbench/data/Kubernetes---kb_634_Normalized.json,0.2.14,1965,355,0.000159,1.4e-05,3.5e-05,True,251,251,d8825a00b542db9e6d3dac1986c558a228fb714e22adef57b399cec732397ec2,0.707042254,7,14,22,5,0.300911,True,4e-06,True,0.493577,completed,completed,,,
Kubernetes,Kubernetes---kb_635_Normalized.json,outlines,Outlines,maskbench/data/Kubernetes---kb_635_Normalized.json,0.2.14,1965,355,0.000146,1.4e-05,3.7e-05,True,251,251,d8825a00b542db9e6d3dac1986c558a228fb714e22adef57b399cec732397ec2,0.707042254,7,14,22,5,0.279813,True,4e-06,True,0.457587,completed,completed,,,
Kubernetes,Kubernetes---kb_636_Normalized.json,outlines,Outlines,maskbench/data/Kubernetes---kb_636_Normalized.json,0.2.14,1965,355,0.00032,1.5e-05,2.8e-05,True,251,251,d8825a00b542db9e6d3dac1986c558a228fb714e22adef57b399cec732397ec2,0.707042254,7,14,22,5,0.297463,True,6e-06,True,0.506261,completed,completed,,,
Kubernetes,Kubernetes---kb_637_Normalized.json,outlines,Outlines,maskbench/data/Kubernetes---kb_637_Normalized.json,0.2.14,2733,1209,0.000195,2.1e-05,4e-05,True,385,385,04f4ff8eddfc07c8dfcfb05ede9b8c65632253999a03b09d2cf85033581479d8,0.318444996,10,30,34,8,0.57885,True,6e-06,True,0.78738,completed,completed,,,
Kubernetes,Kubernetes---kb_638_Normalized.json,outlines,Outlines,maskbench/data/Kubernetes---kb_638_Normalized.json,0.2.14,3449,1209,0.000193,2.1e-05,9.4e-05,True,385,385,04f4ff8eddfc07c8dfcfb05ede9b8c65632253999a03b09d2cf85033581479d8,0.318444996,10,30,34,8,0.58181,True,4e-06,True,0.793664,completed,completed,,,
Kubernetes,Kubernetes---kb_639_Normalized.json,outlines,Outlines,maskbench/data/Kubernetes---kb_639_Normalized.json,0.2.14,4610,632,0.000365,2.8e-05,4.3e-05,True,388,388,45a6726d2830cf12eee2dc00a38752109dd940b4ba048fd9b0bcc84629bdcdfa,0.613924051,10,31,35,9,0.604047,True,6e-06,True,0.820102,completed,completed,,,
Kubernetes,Kubernetes---kb_63_Normalized.json,outlines,Outlines,maskbench/data/Kubernetes---kb_63_Normalized.json,0.2.14,7257,2054,0.000182,3.9e-05,7.2e-05,True,754,754,0c1eababa38c67031dea5be613fc454e854b09741896d5d48b7ae1ca3943860e,0.367088608,17,41,69,8,1.250632,True,5e-06,True,1.463947,completed,completed,,,
Kubernetes,Kubernetes---kb_640_Normalized.json,outlines,Outlines,maskbench/data/Kubernetes---kb_640_Normalized.json,0.2.14,4474,632,0.000256,2.9e-05,4.7e-05,True,388,388,45a6726d2830cf12eee2dc00a38752109dd940b4ba048fd9b0bcc84629bdcdfa,0.613924051,10,31,35,9,0.60479,True,5e-06,True,0.81541,completed,completed,,,
Kubernetes,Kubernetes---kb_641_Normalized.json,outlines,Outlines,maskbench/data/Kubernetes---kb_641_Normalized.json,0.2.14,5981,632,0.000246,1.9e-05,4.3e-05,True,388,388,45a6726d2830cf12eee2dc00a38752109dd940b4ba048fd9b0bcc84629bdcdfa,0.613924051,10,31,35,9,0.631711,True,4e-06,True,0.824231,completed,completed,,,
Kubernetes,Kubernetes---kb_642_Normalized.json,outlines,Outlines,maskbench/data/Kubernetes---kb_642_Normalized.json,0.2.14,4013,404,0.000209,1.5e-05,3.6e-05,True,181,181,c8039943b666d914eb6b2faeaf0edab022765f0ec09bbc041c91624e657dd76e,0.448019802,4,9,15,4,0.345213,True,4e-06,True,0.545036,completed,completed,,,
Kubernetes,Kubernetes---kb_643_Normalized.json,outlines,Outlines,maskbench/data/Kubernetes---kb_643_Normalized.json,0.2.14,3967,404,0.000178,1.5e-05,5.4e-05,True,181,181,c8039943b666d914eb6b2faeaf0edab022765f0ec09bbc041c91624e657dd76e,0.448019802,4,9,15,4,0.340535,True,4e-06,True,0.54866,completed,completed,,,
Kubernetes,Kubernetes---kb_644_Normalized.json,outlines,Outlines,maskbench/data/Kubernetes---kb_644_Normalized.json,0.2.14,26632,13434,0.000196,0.000103,0.000542,True,426257,426257,0de142a4c9ab9d746ca4acf85668e9081af61398f5d580bd6ba5c3a22f0bb911,31.729715647,19463,26193,32294,20,32.093681,True,4e-06,True,32.332676,completed,completed,,,
Kubernetes,Kubernetes---kb_645_Normalized.json,outlines,Outlines,maskbench/data/Kubernetes---kb_645_Normalized.json,0.2.14,22757,13434,0.00027,8.6e-05,0.001547,True,426257,426257,0de142a4c9ab9d746ca4acf85668e9081af61398f5d580bd6ba5c3a22f0bb911,31.729715647,19463,26193,32294,20,32.734689,True,8e-06,True,32.971191,completed,completed,,,
Kubernetes,Kubernetes---kb_646_Normalized.json,outlines,Outlines,maskbench/data/Kubernetes---kb_646_Normalized.json,0.2.14,10052,4364,0.00022,5.8e-05,0.000142,True,2161,2161,6b4de4676166a5e8f6fcaf0227d7dcd48489a6f6ad6ea34b258694e5525ba3e6,0.495187901,32,80,184,11,2.716999,True,4e-06,True,2.935754,completed,completed,,,
Kubernetes,Kubernetes---kb_647_Normalized.json,outlines,Outlines,maskbench/data/Kubernetes---kb_647_Normalized.json,0.2.14,10643,5672,0.00053,5.7e-05,0.000194,True,2331,2331,adfccefee2918ff4c5ea39b58a18f949aaf0356a1644808b9f2222d8b5eff7c5,0.41096615,33,82,203,11,3.125234,True,5e-06,True,3.333637,completed,completed,,,
Kubernetes,Kubernetes---kb_648_Normalized.json,outlines,Outlines,maskbench/data/Kubernetes---kb_648_Normalized.json,0.2.14,10369,5672,0.000141,0.000188,0.000137,True,2331,2331,adfccefee2918ff4c5ea39b58a18f949aaf0356a1644808b9f2222d8b5eff7c5,0.41096615,33,82,203,11,3.128964,True,4e-06,True,3.346569,completed,completed,,,
Kubernetes,Kubernetes---kb_649_Normalized.json,outlines,Outlines,maskbench/data/Kubernetes---kb_649_Normalized.json,0.2.14,10472,4401,0.00038,7.8e-05,0.000141,True,2162,2162,e9e3b02fd20f458b5d4358a187b64975442b3bd7b38937685409f0ed7611f5c0,0.491251988,32,80,184,11,2.758917,True,4e-06,True,2.954663,completed,completed,,,
Kubernetes,Kubernetes---kb_64_Normalized.json,outlines,Outlines,maskbench/data/Kubernetes---kb_64_Normalized.json,0.2.14,7449,2054,0.000199,2.9e-05,8.6e-05,True,754,754,0c1eababa38c67031dea5be613fc454e854b09741896d5d48b7ae1ca3943860e,0.367088608,17,41,69,8,1.253122,True,3e-06,True,1.464937,completed,completed,,,
Kubernetes,Kubernetes---kb_650_Normalized.json,outlines,Outlines,maskbench/data/Kubernetes---kb_650_Normalized.json,0.2.14,10823,5457,0.000136,0.000168,0.000142,True,2509,2509,8c2009779342c48a09f0fd53f93af879312197147221ae2ee575e2c846ad2a3a,0.459776434,39,95,222,11,3.04514,True,5e-06,True,3.254004,completed,completed,,,
Kubernetes,Kubernetes---kb_651_Normalized.json,outlines,Outlines,maskbench/data/Kubernetes---kb_651_Normalized.json,0.2.14,8374,5457,0.000215,9.7e-05,0.000158,True,2509,2509,8c2009779342c48a09f0fd53f93af879312197147221ae2ee575e2c846ad2a3a,0.459776434,39,95,222,11,3.012142,True,4e-06,True,3.226216,completed,completed,,,
Kubernetes,Kubernetes---kb_652_Normalized.json,outlines,Outlines,maskbench/data/Kubernetes---kb_652_Normalized.json,0.2.14,5092,1832,0.000258,2.8e-05,0.0001,True,2449,2449,fae4bc2290db479efb84408f8c9143b4ccf1f4e917ea17607a6740dbfaec369c,1.336790393,62,134,212,5,1.127987,True,4e-06,True,1.309154,completed,completed,,,
Kubernetes,Kubernetes---kb_653_Normalized.json,outlines,Outlines,maskbench/data/Kubernetes---kb_653_Normalized.json,0.2.14,6212,1832,0.000275,2.6e-05,0.000192,True,2449,2449,fae4bc2290db479efb84408f8c9143b4ccf1f4e917ea17607a6740dbfaec369c,1.336790393,62,134,212,5,1.148083,True,4e-06,True,1.362123,completed,completed,,,
Kubernetes,Kubernetes---kb_654_Normalized.json,outlines,Outlines,maskbench/data/Kubernetes---kb_654_Normalized.json,0.2.14,3546,602,0.000213,1.6e-05,3.7e-05,True,389,389,e9b2542828b7846ad65d97d58237ebbcd2de18c5ff76053b181f46d9c61582d0,0.646179402,9,26,37,9,0.516085,True,4e-06,True,0.705443,completed,completed,,,
Kubernetes,Kubernetes---kb_655_Normalized.json,outlines,Outlines,maskbench/data/Kubernetes---kb_655_Normalized.json,0.2.14,2853,602,0.000191,1.6e-05,3.7e-05,True,389,389,e9b2542828b7846ad65d97d58237ebbcd2de18c5ff76053b181f46d9c61582d0,0.646179402,9,26,37,9,0.53411,True,5e-06,True,0.719349,completed,completed,,,
Kubernetes,Kubernetes---kb_656_Normalized.json,outlines,Outlines,maskbench/data/Kubernetes---kb_656_Normalized.json,0.2.14,3524,602,0.0001,1.7e-05,4.6e-05,True,389,389,e9b2542828b7846ad65d97d58237ebbcd2de18c5ff76053b181f46d9c61582d0,0.646179402,9,26,37,9,0.531892,True,4e-06,True,0.738197,completed,completed,,,
Kubernetes,Kubernetes---kb_657_Normalized.json,outlines,Outlines,maskbench/data/Kubernetes---kb_657_Normalized.json,0.2.14,6674,1358,0.000233,2.4e-05,4.8e-05,True,464,464,80863caa43c35005bf1e347bb3c9efd9dc3881beb9196ccc10b2b8a241f58f63,0.34167894,12,26,42,4,0.917837,True,4e-06,True,1.08761,completed,completed,,,
Kubernetes,Kubernetes---kb_658_Normalized.json,outlines,Outlines,maskbench/data/Kubernetes---kb_658_Normalized.json,0.2.14,6330,1358,0.00022,2.4e-05,5.3e-05,True,464,464,80863caa43c35005bf1e347bb3c9efd9dc3881beb9196ccc10b2b8a241f58f63,0.34167894,12,26,42,4,0.925713,True,4e-06,True,1.115459,completed,completed,,,
Kubernetes,Kubernetes---kb_65_Normalized.json,outlines,Outlines,maskbench/data/Kubernetes---kb_65_Normalized.json,0.2.14,7391,1993,0.000217,0.000101,8.4e-05,True,616,616,90b5a40d86c08d4614b4f3f9762de70cf4ad6d73452fb0836f326453ef991e91,0.309081786,14,38,59,8,1.123188,True,4e-06,True,1.345541,completed,completed,,,
Kubernetes,Kubernetes---kb_661_Normalized.json,outlines,Outlines,maskbench/data/Kubernetes---kb_661_Normalized.json,0.2.14,78208,59413,0.000576,0.000343,0.002385,True,1810907,1810907,b85f0bb3bd2c38716a919c6356a5798233f7280b1c24b2c57b7f61d494732a97,30.479979129,66375,92761,142323,20,87.134226,True,5e-06,True,87.469827,completed,completed,,,
Kubernetes,Kubernetes---kb_662_Normalized.json,outlines,Outlines,maskbench/data/Kubernetes---kb_662_Normalized.json,0.2.14,77676,59397,0.000536,0.000317,0.006847,True,1811167,1811167,d31b1974163ede120d6df4210d8d0bb2aafe83693daef9b68d4079acecfdbe79,30.492566965,66385,92776,142338,20,87.748071,True,4e-06,True,88.095775,completed,completed,,,
Kubernetes,Kubernetes---kb_663_Normalized.json,outlines,Outlines,maskbench/data/Kubernetes---kb_663_Normalized.json,0.2.14,32729,24207,0.000307,0.000142,0.001353,True,1304645,1304645,1e3d7f89d1bee9b0b8dfb8f115177fb932c24e56bffd9a5b3191794c6b88e8b8,53.895360846,58419,78409,98766,20,43.570442,True,4e-06,True,43.863978,completed,completed,,,
Kubernetes,Kubernetes---kb_664_Normalized.json,outlines,Outlines,maskbench/data/Kubernetes---kb_664_Normalized.json,0.2.14,34067,24191,0.000326,0.000171,0.001324,True,1304905,1304905,6593ea6bc01134f7bdd1e3d8a6141362d94e0d207dc4a5f3bf9e68ffbb18cb6f,53.941755198,58429,78424,98781,20,45.275911,True,3e-06,True,45.575282,completed,completed,,,
Kubernetes,Kubernetes---kb_665_Normalized.json,outlines,Outlines,maskbench/data/Kubernetes---kb_665_Normalized.json,0.2.14,3880,1399,0.000132,8.8e-05,5.7e-05,True,507,507,d925eeafce63210257f732d3f8fac292078b68c722b693ad5373ac62d85e6e72,0.362401716,10,22,42,4,0.956236,True,4e-06,True,1.188345,completed,completed,,,
Kubernetes,Kubernetes---kb_666_Normalized.json,outlines,Outlines,maskbench/data/Kubernetes---kb_666_Normalized.json,0.2.14,3926,1399,0.000195,2.3e-05,4.7e-05,True,507,507,d925eeafce63210257f732d3f8fac292078b68c722b693ad5373ac62d85e6e72,0.362401716,10,22,42,4,1.005052,True,5e-06,True,1.217439,completed,completed,,,
Kubernetes,Kubernetes---kb_667_Normalized.json,outlines,Outlines,maskbench/data/Kubernetes---kb_667_Normalized.json,0.2.14,38226,28324,0.000689,0.000204,0.006184,True,2610553,2610553,2c38e27afc8e553981465d5f1d75240480e284d605e506c53175c890dcac9f10,92.167525773,116862,156850,197625,25,70.935242,True,4e-06,True,71.344857,completed,completed,,,
Kubernetes,Kubernetes---kb_669_Normalized.json,outlines,Outlines,maskbench/data/Kubernetes---kb_669_Normalized.json,0.2.14,12495,6448,0.000526,0.000184,0.000195,True,15275,15275,d428820646b682c9e51389a23cfaa37fb318be72378077fed2991ba1386d4902,2.368951613,280,723,1348,12,4.086221,True,4e-06,True,4.300569,completed,completed,,,
Kubernetes,Kubernetes---kb_66_Normalized.json,outlines,Outlines,maskbench/data/Kubernetes---kb_66_Normalized.json,0.2.14,6787,1993,0.000189,3.2e-05,7e-05,True,616,616,90b5a40d86c08d4614b4f3f9762de70cf4ad6d73452fb0836f326453ef991e91,0.309081786,14,38,59,8,1.095775,True,4e-06,True,1.301452,completed,completed,,,
Kubernetes,Kubernetes---kb_670_Normalized.json,outlines,Outlines,maskbench/data/Kubernetes---kb_670_Normalized.json,0.2.14,10612,6448,0.000227,5.6e-05,0.000169,True,15275,15275,d428820646b682c9e51389a23cfaa37fb318be72378077fed2991ba1386d4902,2.368951613,280,723,1348,12,4.170045,True,4e-06,True,4.367342,completed,completed,,,
Kubernetes,Kubernetes---kb_671_Normalized.json,outlines,Outlines,maskbench/data/Kubernetes---kb_671_Normalized.json,0.2.14,10691,2845,0.000149,5.2e-05,0.000114,True,3950,3950,a5eb39ec08395a96af816f38d7bd910a1236cf866ebef46c7b50e838c8dc75f2,1.388400703,78,200,345,10,2.966289,True,4e-06,True,3.160762,completed,completed,,,
Kubernetes,Kubernetes---kb_672_Normalized.json,outlines,Outlines,maskbench/data/Kubernetes---kb_672_Normalized.json,0.2.14,10269,2845,0.000124,3.7e-05,0.000103,True,3950,3950,a5eb39ec08395a96af816f38d7bd910a1236cf866ebef46c7b50e838c8dc75f2,1.388400703,78,200,345,10,2.943209,True,5e-06,True,3.141877,completed,completed,,,
Kubernetes,Kubernetes---kb_673_Normalized.json,outlines,Outlines,maskbench/data/Kubernetes---kb_673_Normalized.json,0.2.14,2198,750,0.000147,1.6e-05,4.3e-05,True,148,148,df258e2dcc99fd070292175fc7489ac322f664e8abdd53a3a5a0104ddd2bb2bc,0.197333333,4,9,14,4,0.313252,True,4e-06,True,0.518225,completed,completed,,,
Kubernetes,Kubernetes---kb_674_Normalized.json,outlines,Outlines,maskbench/data/Kubernetes---kb_674_Normalized.json,0.2.14,2927,750,0.000139,2.4e-05,4.6e-05,True,148,148,df258e2dcc99fd070292175fc7489ac322f664e8abdd53a3a5a0104ddd2bb2bc,0.197333333,4,9,14,4,0.302485,True,3e-06,True,0.53114,completed,completed,,,
Kubernetes,Kubernetes---kb_675_Normalized.json,outlines,Outlines,maskbench/data/Kubernetes---kb_675_Normalized.json,0.2.14,82532,63469,0.000558,0.000325,0.007399,True,3619376,3619376,4ebfb1205961c9b9555a612160ecfc933dc044c69c0070af2ea10f7111c22d5b,57.025886653,132774,185290,284211,25,106.374496,True,4e-06,True,106.844776,completed,completed,,,
Kubernetes,Kubernetes---kb_676_Normalized.json,outlines,Outlines,maskbench/data/Kubernetes---kb_676_Normalized.json,0.2.14,81957,63453,0.000567,0.00148,0.005029,True,3619428,3619428,d9bc687d0f15f358cba6c8905c17c35843022b7249a8e00d8b6263ba2ca81c73,57.041085528,132776,185293,284214,25,107.113451,True,4e-06,True,107.588535,completed,completed,,,
Kubernetes,Kubernetes---kb_677_Normalized.json,outlines,Outlines,maskbench/data/Kubernetes---kb_677_Normalized.json,0.2.14,55205,43223,0.000485,0.00024,0.001032,True,313939,313939,49196535f038d9fafda8002da78c18c436c98999eeb1786e72a7b598e768eaa8,7.263239479,4978,9873,27029,16,29.621556,True,4e-06,True,29.827993,completed,completed,,,
Kubernetes,Kubernetes---kb_678_Normalized.json,outlines,Outlines,maskbench/data/Kubernetes---kb_678_Normalized.json,0.2.14,54198,43223,0.00034,0.000233,0.00103,True,313939,313939,49196535f038d9fafda8002da78c18c436c98999eeb1786e72a7b598e768eaa8,7.263239479,4978,9873,27029,16,29.746553,True,3e-06,True,29.959744,completed,completed,,,
Kubernetes,Kubernetes---kb_679_Normalized.json,outlines,Outlines,maskbench/data/Kubernetes---kb_679_Normalized.json,0.2.14,3620,666,0.000202,2.5e-05,3.2e-05,True,512,512,c1724cb535ed4e1dbe855c186c6867c90b0c8d78e6ef0887f67d051c544f9168,0.768768769,14,28,44,5,0.455888,True,4e-06,True,0.673888,completed,completed,,,
Kubernetes,Kubernetes---kb_680_Normalized.json,outlines,Outlines,maskbench/data/Kubernetes---kb_680_Normalized.json,0.2.14,4427,666,0.000196,1.9e-05,8.5e-05,True,512,512,c1724cb535ed4e1dbe855c186c6867c90b0c8d78e6ef0887f67d051c544f9168,0.768768769,14,28,44,5,0.475027,True,4e-06,True,0.692132,completed,completed,,,
Kubernetes,Kubernetes---kb_681_Normalized.json,outlines,Outlines,maskbench/data/Kubernetes---kb_681_Normalized.json,0.2.14,2587,474,0.000156,1.5e-05,3.2e-05,True,172,172,a8cf9d7f54b3204ed494d3b08aed4a207c0ff3d4c6e2f57e4fd00ff0867bc5b7,0.362869198,4,9,15,4,0.301246,True,4e-06,True,0.518164,completed,completed,,,
Kubernetes,Kubernetes---kb_682_Normalized.json,outlines,Outlines,maskbench/data/Kubernetes---kb_682_Normalized.json,0.2.14,3125,474,0.000171,1.7e-05,0.000106,True,172,172,a8cf9d7f54b3204ed494d3b08aed4a207c0ff3d4c6e2f57e4fd00ff0867bc5b7,0.362869198,4,9,15,4,0.320957,True,5e-06,True,0.547364,completed,completed,,,
Kubernetes,Kubernetes---kb_683_Normalized.json,outlines,Outlines,maskbench/data/Kubernetes---kb_683_Normalized.json,0.2.14,191185,157789,0.000739,0.000763,0.004001,True,1892605,1892605,cbf523f613ba6f78cc0d9cff0cd1d04979406af8e9a32f5e0f4b84c6fa5f70d2,11.994530671,67465,98782,155829,20,238.289261,True,6e-06,True,238.646668,completed,completed,,,
Kubernetes,Kubernetes---kb_684_Normalized.json,outlines,Outlines,maskbench/data/Kubernetes---kb_684_Normalized.json,0.2.14,191142,157773,0.000941,0.000733,0.00398,True,1892865,1892865,8f5f0b9d1e34c220b896f4074b2bad6b3cea6c9bb5db6288563e869d87fd7f66,11.997394992,67475,98797,155844,20,235.003557,True,4e-06,True,235.335212,completed,completed,,,
Kubernetes,Kubernetes---kb_685_Normalized.json,outlines,Outlines,maskbench/data/Kubernetes---kb_685_Normalized.json,0.2.14,15697,5775,0.00027,5.4e-05,0.000184,True,11412,11412,b6f6e8b52893f4ebeec5c5c3dc3d96a28ad029df6ea1ca635a3e59db618b0b50,1.976103896,152,397,956,18,9.391701,True,4e-06,True,9.610509,completed,completed,,,
Kubernetes,Kubernetes---kb_686_Normalized.json,outlines,Outlines,maskbench/data/Kubernetes---kb_686_Normalized.json,0.2.14,24590,5775,0.000289,5e-05,0.00016,True,11412,11412,b6f6e8b52893f4ebeec5c5c3dc3d96a28ad029df6ea1ca635a3e59db618b0b50,1.976103896,152,397,956,18,9.25571,True,7e-06,True,9.462676,completed,completed,,,
Kubernetes,Kubernetes---kb_687_Normalized.json,outlines,Outlines,maskbench/data/Kubernetes---kb_687_Normalized.json,0.2.14,12553,3328,0.000219,3.6e-05,9.3e-05,True,1850,1850,19827b059169806ceb586f15e86e2711427222b0f0116887f4eee7a9c6a47b4a,0.555889423,28,73,155,11,2.191684,True,4e-06,True,2.380435,completed,completed,,,
Kubernetes,Kubernetes---kb_688_Normalized.json,outlines,Outlines,maskbench/data/Kubernetes---kb_688_Normalized.json,0.2.14,12283,3328,0.00056,3.5e-05,0.000107,True,1850,1850,19827b059169806ceb586f15e86e2711427222b0f0116887f4eee7a9c6a47b4a,0.555889423,28,73,155,11,2.192805,True,4e-06,True,2.400576,completed,completed,,,
Kubernetes,Kubernetes---kb_689_Normalized.json,outlines,Outlines,maskbench/data/Kubernetes---kb_689_Normalized.json,0.2.14,16600,5805,0.000241,5.1e-05,0.000214,True,11412,11412,b6f6e8b52893f4ebeec5c5c3dc3d96a28ad029df6ea1ca635a3e59db618b0b50,1.965891473,152,397,956,18,9.219927,True,4e-06,True,9.448931,completed,completed,,,
Kubernetes,Kubernetes---kb_690_Normalized.json,outlines,Outlines,maskbench/data/Kubernetes---kb_690_Normalized.json,0.2.14,22410,5805,0.00024,5.1e-05,0.000161,True,11412,11412,b6f6e8b52893f4ebeec5c5c3dc3d96a28ad029df6ea1ca635a3e59db618b0b50,1.965891473,152,397,956,18,9.369377,True,4e-06,True,9.577761,completed,completed,,,
Kubernetes,Kubernetes---kb_691_Normalized.json,outlines,Outlines,maskbench/data/Kubernetes---kb_691_Normalized.json,0.2.14,5311,1583,0.000242,0.000101,0.000138,True,507,507,d925eeafce63210257f732d3f8fac292078b68c722b693ad5373ac62d85e6e72,0.320277953,10,22,42,4,0.966404,True,4e-06,True,1.193392,completed,completed,,,
Kubernetes,Kubernetes---kb_692_Normalized.json,outlines,Outlines,maskbench/data/Kubernetes---kb_692_Normalized.json,0.2.14,5309,1583,0.000202,3.5e-05,5.6e-05,True,507,507,d925eeafce63210257f732d3f8fac292078b68c722b693ad5373ac62d85e6e72,0.320277953,10,22,42,4,0.967808,True,1e-05,True,1.190673,completed,completed,,,
Kubernetes,Kubernetes---kb_693_Normalized.json,outlines,Outlines,maskbench/data/Kubernetes---kb_693_Normalized.json,0.2.14,26526,20667,0.000268,0.000423,0.001198,True,1275998,1275998,67ec5d3ab41c37497e83f585ff89afd9af94e80bbe041b181a9f06ef0ad1a526,61.74084289,57938,77169,96271,20,39.164096,True,4e-06,True,39.477337,completed,completed,,,
Kubernetes,Kubernetes---kb_694_Normalized.json,outlines,Outlines,maskbench/data/Kubernetes---kb_694_Normalized.json,0.2.14,28292,20639,0.000251,0.00015,0.001312,True,1276198,1276198,0272417c0dd16cc610f2429d7379dec72ef009537895dfb46c00f38f7cdfcc21,61.834294297,57948,77184,96286,20,40.561466,True,6e-06,True,40.871245,completed,completed,,,
Kubernetes,Kubernetes---kb_697_Normalized.json,outlines,Outlines,maskbench/data/Kubernetes---kb_697_Normalized.json,0.2.14,6635,3417,0.000191,3.7e-05,0.000102,True,2094,2094,7af5f7f3582f9ab813534a7e50bccbc1b41ee7b95710389a98355030b27d108d,0.612818262,38,86,176,11,2.052864,True,4e-06,True,2.269749,completed,completed,,,
Kubernetes,Kubernetes---kb_698_Normalized.json,outlines,Outlines,maskbench/data/Kubernetes---kb_698_Normalized.json,0.2.14,7034,3417,0.000229,3.9e-05,0.000102,True,2094,2094,7af5f7f3582f9ab813534a7e50bccbc1b41ee7b95710389a98355030b27d108d,0.612818262,38,86,176,11,2.035994,True,9e-06,True,2.259133,completed,completed,,,
Kubernetes,Kubernetes---kb_699_Normalized.json,outlines,Outlines,maskbench/data/Kubernetes---kb_699_Normalized.json,0.2.14,7899,2458,0.000376,2.9e-05,0.000184,True,623,623,43855166f0249a44f9c0c51b0a82f90d4f891285b49e9a7fe53d4a351b715afb,0.253458096,15,36,62,6,1.17883,True,4e-06,True,1.395247,completed,completed,,,
Kubernetes,Kubernetes---kb_69_Normalized.json,outlines,Outlines,maskbench/data/Kubernetes---kb_69_Normalized.json,0.2.14,3212,939,0.000257,2.2e-05,4.1e-05,True,340,340,5cde567878151c9d608c0ff721ceb43404ccdebf116eafd036e96901d270c248,0.362087327,7,16,29,4,0.639297,True,4e-06,True,0.858297,completed,completed,,,
Kubernetes,Kubernetes---kb_700_Normalized.json,outlines,Outlines,maskbench/data/Kubernetes---kb_700_Normalized.json,0.2.14,5084,2458,0.000372,3e-05,6.3e-05,True,623,623,43855166f0249a44f9c0c51b0a82f90d4f891285b49e9a7fe53d4a351b715afb,0.253458096,15,36,62,6,1.207358,True,4e-06,True,1.422738,completed,completed,,,
Kubernetes,Kubernetes---kb_701_Normalized.json,outlines,Outlines,maskbench/data/Kubernetes---kb_701_Normalized.json,0.2.14,8122,1390,0.000196,3.2e-05,7.9e-05,True,1744,1744,102d98cd2576420f9f199fe353b7179b81f289abdf2c840daa9b2dd9532729f4,1.254676259,40,98,156,10,1.253643,True,4e-06,True,1.461954,completed,completed,,,
Kubernetes,Kubernetes---kb_702_Normalized.json,outlines,Outlines,maskbench/data/Kubernetes---kb_702_Normalized.json,0.2.14,7943,1390,0.000139,2.5e-05,8e-05,True,1744,1744,102d98cd2576420f9f199fe353b7179b81f289abdf2c840daa9b2dd9532729f4,1.254676259,40,98,156,10,1.144096,True,5e-06,True,1.342374,completed,completed,,,
Kubernetes,Kubernetes---kb_703_Normalized.json,outlines,Outlines,maskbench/data/Kubernetes---kb_703_Normalized.json,0.2.14,1302,215,0.000197,1.4e-05,3.7e-05,True,252,252,3d36643fd6e5358968f27952a6e87df395dc61806ecb0898edaa4ab06b732bd2,1.172093023,7,14,22,5,0.314317,True,4e-06,True,0.519596,completed,completed,,,
Kubernetes,Kubernetes---kb_704_Normalized.json,outlines,Outlines,maskbench/data/Kubernetes---kb_704_Normalized.json,0.2.14,1302,215,0.000221,1.3e-05,3.6e-05,True,252,252,3d36643fd6e5358968f27952a6e87df395dc61806ecb0898edaa4ab06b732bd2,1.172093023,7,14,22,5,0.295486,True,4e-06,True,0.518048,completed,completed,,,
Kubernetes,Kubernetes---kb_705_Normalized.json,outlines,Outlines,maskbench/data/Kubernetes---kb_705_Normalized.json,0.2.14,2428,329,0.000189,1.2e-05,2.2e-05,True,86,86,cfe9d0b0027fd6efc4d423933e01ff642de4918c6df6b072a3997095a9db049d,0.261398176,2,5,8,4,0.134147,True,4e-06,True,0.338211,completed,completed,,,
Kubernetes,Kubernetes---kb_706_Normalized.json,outlines,Outlines,maskbench/data/Kubernetes---kb_706_Normalized.json,0.2.14,3017,329,0.000178,1.3e-05,7.5e-05,True,86,86,cfe9d0b0027fd6efc4d423933e01ff642de4918c6df6b072a3997095a9db049d,0.261398176,2,5,8,4,0.135303,True,1.1e-05,True,0.359712,completed,completed,,,
Kubernetes,Kubernetes---kb_709_Normalized.json,outlines,Outlines,maskbench/data/Kubernetes---kb_709_Normalized.json,0.2.14,100790,77980,0.000467,0.000428,0.00446,True,913215,913215,b79238e6146bcba09b79bc588a6ffc6c5514a96580ac819db513f9c6214944f6,11.710887407,39558,53215,69966,20,83.945923,True,4e-06,True,84.235066,completed,completed,,,
Kubernetes,Kubernetes---kb_70_Normalized.json,outlines,Outlines,maskbench/data/Kubernetes---kb_70_Normalized.json,0.2.14,2558,939,0.00016,6.2e-05,5.4e-05,True,340,340,5cde567878151c9d608c0ff721ceb43404ccdebf116eafd036e96901d270c248,0.362087327,7,16,29,4,0.633563,True,7e-06,True,0.854446,completed,completed,,,
Kubernetes,Kubernetes---kb_710_Normalized.json,outlines,Outlines,maskbench/data/Kubernetes---kb_710_Normalized.json,0.2.14,102868,77942,0.000473,0.000395,0.001718,True,913327,913327,78951439840c7f4c1df1968f26f524c0bd50a4620a941371c18b6dfb7bac0a5d,11.718033923,39566,53227,69978,20,86.107407,True,4e-06,True,86.392996,completed,completed,,,
Kubernetes,Kubernetes---kb_713_Normalized.json,outlines,Outlines,maskbench/data/Kubernetes---kb_713_Normalized.json,0.2.14,81948,63271,0.000552,0.000392,0.001055,True,76438,76438,f5858f2a40ab60602df3a281cccb4b3b75808a389c22ff82f962ebe787df4ad1,1.208104819,1197,2343,7110,15,62.483763,True,9e-06,True,62.703386,completed,completed,,,
Kubernetes,Kubernetes---kb_714_Normalized.json,outlines,Outlines,maskbench/data/Kubernetes---kb_714_Normalized.json,0.2.14,84320,63271,0.000462,0.000339,0.001021,True,76438,76438,f5858f2a40ab60602df3a281cccb4b3b75808a389c22ff82f962ebe787df4ad1,1.208104819,1197,2343,7110,15,61.80405,True,6e-06,True,62.031481,completed,completed,,,
Kubernetes,Kubernetes---kb_715_Normalized.json,outlines,Outlines,maskbench/data/Kubernetes---kb_715_Normalized.json,0.2.14,2053,291,0.000274,5.3e-05,3.3e-05,True,94,94,081b8ed3d6aa8e6600804ea96facff223a098d02a66d02ed7bc5a5fef449eaf2,0.323024055,2,4,7,3,0.187436,True,9e-06,True,0.421007,completed,completed,,,
Kubernetes,Kubernetes---kb_716_Normalized.json,outlines,Outlines,maskbench/data/Kubernetes---kb_716_Normalized.json,0.2.14,1465,291,0.000189,1.7e-05,6e-05,True,94,94,081b8ed3d6aa8e6600804ea96facff223a098d02a66d02ed7bc5a5fef449eaf2,0.323024055,2,4,7,3,0.184453,True,4e-06,True,0.423823,completed,completed,,,
Kubernetes,Kubernetes---kb_717_Normalized.json,outlines,Outlines,maskbench/data/Kubernetes---kb_717_Normalized.json,0.2.14,21531,5947,0.000264,5.5e-05,0.00014,True,7083,7083,2c92beb7da3e242c62523629fbbf7b8e6e13667ddb98a503e050e6c479fe53de,1.191020683,163,349,676,10,2.931512,True,6e-06,True,3.134904,completed,completed,,,
Kubernetes,Kubernetes---kb_718_Normalized.json,outlines,Outlines,maskbench/data/Kubernetes---kb_718_Normalized.json,0.2.14,19475,5947,0.000257,5.3e-05,0.000149,True,7083,7083,2c92beb7da3e242c62523629fbbf7b8e6e13667ddb98a503e050e6c479fe53de,1.191020683,163,349,676,10,2.979196,True,5e-06,True,3.185912,completed,completed,,,
Kubernetes,Kubernetes---kb_720_Normalized.json,outlines,Outlines,maskbench/data/Kubernetes---kb_720_Normalized.json,0.2.14,53177,30075,0.000624,0.0003,0.001245,True,853011,853011,4b69ede0e0be27709a2332808da05eef1145d1726b77bd410fdba4eb490acfce,28.362793017,38653,51536,64474,20,42.85093,True,4e-06,True,43.145994,completed,completed,,,
Kubernetes,Kubernetes---kb_721_Normalized.json,outlines,Outlines,maskbench/data/Kubernetes---kb_721_Normalized.json,0.2.14,55142,30047,0.000397,0.000288,0.00114,True,853171,853171,adb819b6d838ce7563e2227f0183e41c27ebc635a12259bf7644afaea72a1092,28.394548541,38661,51548,64486,20,44.018324,True,5e-06,True,44.285707,completed,completed,,,
Kubernetes,Kubernetes---kb_723_Normalized.json,outlines,Outlines,maskbench/data/Kubernetes---kb_723_Normalized.json,0.2.14,56138,34094,0.000276,0.000194,0.002162,True,1707123,1707123,6202a00e7b21bacea7fdb25c98d70179b11cd7c739ea4f8725f023bcaad67e5d,50.071068223,77328,103104,129039,25,71.182835,True,4e-06,True,71.527285,completed,completed,,,
Kubernetes,Kubernetes---kb_724_Normalized.json,outlines,Outlines,maskbench/data/Kubernetes---kb_724_Normalized.json,0.2.14,63724,34066,0.00063,0.000191,0.00221,True,1707163,1707163,215c7a50be78b34184ce854611ed0372091d55f3c46f55bf36c66ee644654c1e,50.113397522,77330,103107,129042,25,73.463412,True,4e-06,True,73.793296,completed,completed,,,
Kubernetes,Kubernetes---kb_726_Normalized.json,outlines,Outlines,maskbench/data/Kubernetes---kb_726_Normalized.json,0.2.14,32308,15322,0.00077,0.000142,0.000347,True,5958,5958,3147ca61fa4c991e9c4fdc7694f33bc187eb38e9b965e4c6fdcc99492fde23ec,0.38885263,116,312,626,9,9.23092,True,6e-06,True,9.445593,completed,completed,,,
Kubernetes,Kubernetes---kb_727_Normalized.json,outlines,Outlines,maskbench/data/Kubernetes---kb_727_Normalized.json,0.2.14,32382,15322,0.000294,0.000359,0.000411,True,5958,5958,3147ca61fa4c991e9c4fdc7694f33bc187eb38e9b965e4c6fdcc99492fde23ec,0.38885263,116,312,626,9,9.340499,True,5e-06,True,9.58019,completed,completed,,,
Kubernetes,Kubernetes---kb_728_Normalized.json,outlines,Outlines,maskbench/data/Kubernetes---kb_728_Normalized.json,0.2.14,7652,3334,0.000213,6.2e-05,0.000104,True,1791,1791,9ad028b73a8234286f5c330b9ba784481ef85f37363020ff11cc309e401bfb74,0.537192561,26,66,150,11,2.09458,True,9e-06,True,2.337471,completed,completed,,,
Kubernetes,Kubernetes---kb_729_Normalized.json,outlines,Outlines,maskbench/data/Kubernetes---kb_729_Normalized.json,0.2.14,8414,4892,0.000164,7.6e-05,0.000126,True,2083,2083,4a31a7fd28d683737c453534ab837bde265b2c7a8fe885e26f8a6d12c6cf5c5d,0.42579722,30,78,183,11,2.613612,True,5e-06,True,2.829666,completed,completed,,,
Kubernetes,Kubernetes---kb_730_Normalized.json,outlines,Outlines,maskbench/data/Kubernetes---kb_730_Normalized.json,0.2.14,7727,4892,0.000337,6.4e-05,0.000342,True,2083,2083,4a31a7fd28d683737c453534ab837bde265b2c7a8fe885e26f8a6d12c6cf5c5d,0.42579722,30,78,183,11,2.515893,True,6e-06,True,2.75464,completed,completed,,,
Kubernetes,Kubernetes---kb_731_Normalized.json,outlines,Outlines,maskbench/data/Kubernetes---kb_731_Normalized.json,0.2.14,9148,3288,0.000185,4.2e-05,9.7e-05,True,1792,1792,830b843a87f154715d02d58c40da35efbbd38803dd20fed2689880c4218d8c63,0.545012165,26,66,150,11,2.132885,True,4e-06,True,2.338524,completed,completed,,,
Kubernetes,Kubernetes---kb_732_Normalized.json,outlines,Outlines,maskbench/data/Kubernetes---kb_732_Normalized.json,0.2.14,7839,4597,0.000105,0.000137,0.00018,True,2261,2261,491df39239761e39090bcaa43c5d7b3dbc674cf5d6b28a5e1343921f890e58a3,0.491842506,36,91,202,11,2.506846,True,6e-06,True,2.750403,completed,completed,,,
Kubernetes,Kubernetes---kb_733_Normalized.json,outlines,Outlines,maskbench/data/Kubernetes---kb_733_Normalized.json,0.2.14,8574,4597,0.000353,4.1e-05,0.000123,True,2261,2261,491df39239761e39090bcaa43c5d7b3dbc674cf5d6b28a5e1343921f890e58a3,0.491842506,36,91,202,11,2.538381,True,8e-06,True,2.740279,completed,completed,,,
Kubernetes,Kubernetes---kb_734_Normalized.json,outlines,Outlines,maskbench/data/Kubernetes---kb_734_Normalized.json,0.2.14,185342,130711,0.000795,0.001032,0.002656,True,326336,326336,965d15edf81c4f7eca2aa1621abcd454a08fcfa3c55584fae167776e53d4038c,2.496622319,5148,11602,30371,17,232.948231,True,3e-06,True,233.201308,completed,completed,,,
Kubernetes,Kubernetes---kb_735_Normalized.json,outlines,Outlines,maskbench/data/Kubernetes---kb_735_Normalized.json,0.2.14,163440,130711,0.002341,0.002402,0.003142,True,326336,326336,965d15edf81c4f7eca2aa1621abcd454a08fcfa3c55584fae167776e53d4038c,2.496622319,5148,11602,30371,17,235.435925,True,5e-06,True,235.698132,completed,completed,,,
Kubernetes,Kubernetes---kb_736_Normalized.json,outlines,Outlines,maskbench/data/Kubernetes---kb_736_Normalized.json,0.2.14,25708,12391,0.000326,8.9e-05,0.001604,True,250716,250716,6967a7296beff2bea42426e4a861f97d28bd663161582d47b980e665740ecf01,20.233718021,3700,7391,23462,12,30.256174,True,4e-06,True,30.502306,completed,completed,,,
Kubernetes,Kubernetes---kb_737_Normalized.json,outlines,Outlines,maskbench/data/Kubernetes---kb_737_Normalized.json,0.2.14,24443,12391,0.000265,8.8e-05,0.000524,True,250716,250716,6967a7296beff2bea42426e4a861f97d28bd663161582d47b980e665740ecf01,20.233718021,3700,7391,23462,12,29.416454,True,5e-06,True,29.607056,completed,completed,,,
Kubernetes,Kubernetes---kb_738_Normalized.json,outlines,Outlines,maskbench/data/Kubernetes---kb_738_Normalized.json,0.2.14,179161,146230,0.000695,0.000706,0.003951,True,1776121,1776121,3ffd0b21643cdedbdb952331a5cfbd25269f8070983e47e7fe3b2a1b44c23659,12.146078096,78509,105533,135632,21,186.698862,True,4e-06,True,187.01196,completed,completed,,,
Kubernetes,Kubernetes---kb_739_Normalized.json,outlines,Outlines,maskbench/data/Kubernetes---kb_739_Normalized.json,0.2.14,177817,146214,0.000717,0.000671,0.003589,True,1776329,1776329,960a2e0bcbd1f1d37f47ddde90156b005810dcc1aa0e7f1d281036e42147b845,12.148829797,78517,105545,135644,21,190.432066,True,4e-06,True,190.741814,completed,completed,,,
Kubernetes,Kubernetes---kb_740_Normalized.json,outlines,Outlines,maskbench/data/Kubernetes---kb_740_Normalized.json,0.2.14,184626,150171,0.002247,0.000707,0.003308,True,1836509,1836509,597f5c418d54ba40346cca24edd50605a0168c6c2eb29edb6d5a53586b89764c,12.229451758,79390,106810,139221,25,110.645731,True,4e-06,True,110.957379,completed,completed,,,
Kubernetes,Kubernetes---kb_741_Normalized.json,outlines,Outlines,maskbench/data/Kubernetes---kb_741_Normalized.json,0.2.14,185991,150155,0.000836,0.000708,0.00326,True,1836561,1836561,fadaa05dee398d14c116ade3cf46015b3e2f9091d680add47f040e84068b6060,12.231101195,79392,106813,139224,25,109.519629,True,4e-06,True,109.833877,completed,completed,,,
Kubernetes,Kubernetes---kb_742_Normalized.json,outlines,Outlines,maskbench/data/Kubernetes---kb_742_Normalized.json,0.2.14,176864,144564,0.000741,0.000691,0.00317,True,1065434,1065434,94c22babae35c305ee677082079d55fbc45d7948d559a849beb29380dd9b76d8,7.369981461,42016,59353,84524,20,199.750765,True,5e-06,True,200.003657,completed,completed,,,
Kubernetes,Kubernetes---kb_743_Normalized.json,outlines,Outlines,maskbench/data/Kubernetes---kb_743_Normalized.json,0.2.14,174520,144564,0.000744,0.000727,0.003126,True,1065434,1065434,94c22babae35c305ee677082079d55fbc45d7948d559a849beb29380dd9b76d8,7.369981461,42016,59353,84524,20,201.547236,True,4e-06,True,201.789126,completed,completed,,,
Kubernetes,Kubernetes---kb_744_Normalized.json,outlines,Outlines,maskbench/data/Kubernetes---kb_744_Normalized.json,0.2.14,2059,463,0.000184,1.6e-05,4.5e-05,True,276,276,ec93f8cbc38daee8e64fd4096aa672ae03ddc7f67288aba8541ad8b380059ea0,0.596112311,7,20,25,9,0.426342,True,4e-06,True,0.603426,completed,completed,,,
Kubernetes,Kubernetes---kb_745_Normalized.json,outlines,Outlines,maskbench/data/Kubernetes---kb_745_Normalized.json,0.2.14,2789,463,0.000217,2.6e-05,4e-05,True,276,276,ec93f8cbc38daee8e64fd4096aa672ae03ddc7f67288aba8541ad8b380059ea0,0.596112311,7,20,25,9,0.42144,True,4e-06,True,0.60161,completed,completed,,,
Kubernetes,Kubernetes---kb_746_Normalized.json,outlines,Outlines,maskbench/data/Kubernetes---kb_746_Normalized.json,0.2.14,9976,1700,0.000219,2.7e-05,6.5e-05,True,971,971,cc5e0664350c85c81a491de0617519f7ef7367962bdc844d9d4ef5af7b0f1b2f,0.571176471,25,79,89,9,1.477278,True,4e-06,True,1.646922,completed,completed,,,
Kubernetes,Kubernetes---kb_747_Normalized.json,outlines,Outlines,maskbench/data/Kubernetes---kb_747_Normalized.json,0.2.14,8512,1700,0.000193,5.3e-05,8.5e-05,True,971,971,cc5e0664350c85c81a491de0617519f7ef7367962bdc844d9d4ef5af7b0f1b2f,0.571176471,25,79,89,9,1.451363,True,4e-06,True,1.65753,completed,completed,,,
Kubernetes,Kubernetes---kb_748_Normalized.json,outlines,Outlines,maskbench/data/Kubernetes---kb_748_Normalized.json,0.2.14,8012,1806,0.000168,2.7e-05,6.5e-05,True,971,971,cc5e0664350c85c81a491de0617519f7ef7367962bdc844d9d4ef5af7b0f1b2f,0.53765227,25,79,89,9,1.498896,True,4e-06,True,1.681114,completed,completed,,,
Kubernetes,Kubernetes---kb_749_Normalized.json,outlines,Outlines,maskbench/data/Kubernetes---kb_749_Normalized.json,0.2.14,7907,1806,0.000252,2.7e-05,7e-05,True,971,971,cc5e0664350c85c81a491de0617519f7ef7367962bdc844d9d4ef5af7b0f1b2f,0.53765227,25,79,89,9,1.492521,True,4e-06,True,1.670793,completed,completed,,,
Kubernetes,Kubernetes---kb_750_Normalized.json,outlines,Outlines,maskbench/data/Kubernetes---kb_750_Normalized.json,0.2.14,17521,7906,0.000322,8.8e-05,0.000207,True,2979,2979,80545a98593ad89176353dbd720737e2805576d32aa2c272175f06b03d8d89cd,0.376802429,39,117,259,11,5.336423,True,5e-06,True,5.521373,completed,completed,,,
Kubernetes,Kubernetes---kb_751_Normalized.json,outlines,Outlines,maskbench/data/Kubernetes---kb_751_Normalized.json,0.2.14,13334,7906,0.000228,8.4e-05,0.000166,True,2979,2979,80545a98593ad89176353dbd720737e2805576d32aa2c272175f06b03d8d89cd,0.376802429,39,117,259,11,5.40724,True,4e-06,True,5.581331,completed,completed,,,
Kubernetes,Kubernetes---kb_752_Normalized.json,outlines,Outlines,maskbench/data/Kubernetes---kb_752_Normalized.json,0.2.14,5597,646,0.000357,2e-05,3.2e-05,True,234,234,3edf78919f23f14774905ae8cf8ef5024ab0d1eadf3ad21e907bc8110b742612,0.362229102,6,14,22,4,0.477117,True,4e-06,True,0.65179,completed,completed,,,
Kubernetes,Kubernetes---kb_753_Normalized.json,outlines,Outlines,maskbench/data/Kubernetes---kb_753_Normalized.json,0.2.14,2957,646,0.000255,1.9e-05,3.3e-05,True,234,234,3edf78919f23f14774905ae8cf8ef5024ab0d1eadf3ad21e907bc8110b742612,0.362229102,6,14,22,4,0.439437,True,8e-06,True,0.620623,completed,completed,,,
Kubernetes,Kubernetes---kb_754_Normalized.json,outlines,Outlines,maskbench/data/Kubernetes---kb_754_Normalized.json,0.2.14,2793,328,0.000166,1.4e-05,2.8e-05,True,272,272,3509faa99ca92ccaf52295853f8df1909a97df649d05480239e942874d426bbf,0.829268293,7,14,22,5,0.355993,True,4e-06,True,0.537571,completed,completed,,,
Kubernetes,Kubernetes---kb_755_Normalized.json,outlines,Outlines,maskbench/data/Kubernetes---kb_755_Normalized.json,0.2.14,2120,328,0.000178,1.5e-05,2.7e-05,True,272,272,3509faa99ca92ccaf52295853f8df1909a97df649d05480239e942874d426bbf,0.829268293,7,14,22,5,0.326355,True,4e-06,True,0.503365,completed,completed,,,
Kubernetes,Kubernetes---kb_756_Normalized.json,outlines,Outlines,maskbench/data/Kubernetes---kb_756_Normalized.json,0.2.14,6518,2448,0.000203,3.1e-05,0.000199,True,2001,2001,2d87a23aa8f6361fc2c9f1b85d7241b7a452ded2f03f54ae6c7e8c583e8b35d9,0.817401961,27,73,172,10,2.454766,True,4e-06,True,2.649311,completed,completed,,,
Kubernetes,Kubernetes---kb_757_Normalized.json,outlines,Outlines,maskbench/data/Kubernetes---kb_757_Normalized.json,0.2.14,9467,2448,0.000213,3.4e-05,8.7e-05,True,2001,2001,2d87a23aa8f6361fc2c9f1b85d7241b7a452ded2f03f54ae6c7e8c583e8b35d9,0.817401961,27,73,172,10,2.526122,True,5e-06,True,2.705845,completed,completed,,,
Kubernetes,Kubernetes---kb_758_Normalized.json,outlines,Outlines,maskbench/data/Kubernetes---kb_758_Normalized.json,0.2.14,29032,15906,0.00028,9.8e-05,0.001944,True,424005,424005,8e17feca998e81e11ff4de70a5d449c7d63390df806b41dce5ecb3f511630d81,26.656921916,19291,25678,31980,19,27.783026,True,4e-06,True,28.009624,completed,completed,,,
Kubernetes,Kubernetes---kb_759_Normalized.json,outlines,Outlines,maskbench/data/Kubernetes---kb_759_Normalized.json,0.2.14,24623,16020,0.000263,0.000105,0.000635,True,424011,424011,832d638f291e7d8b315c599c5dc464fd995cf3e888a984d59c93eb76a8216318,26.467602996,19291,25678,31980,19,28.174442,True,5e-06,True,28.382484,completed,completed,,,
Kubernetes,Kubernetes---kb_75_Normalized.json,outlines,Outlines,maskbench/data/Kubernetes---kb_75_Normalized.json,0.2.14,5024,1515,0.0002,3.7e-05,,False,,,,,,,,,,False,,False,0.088032,compile_error,building_regex,ValueError,Format byte is not supported by Outlines,
Kubernetes,Kubernetes---kb_760_Normalized.json,outlines,Outlines,maskbench/data/Kubernetes---kb_760_Normalized.json,0.2.14,39568,16018,0.000306,0.000118,0.000639,True,424010,424010,a459abec5c27b73ac53f5153352c2e62a6f52fc64b160bf2aed1cb5279ed92de,26.470845299,19291,25678,31980,19,27.411732,True,4e-06,True,27.631688,completed,completed,,,
Kubernetes,Kubernetes---kb_761_Normalized.json,outlines,Outlines,maskbench/data/Kubernetes---kb_761_Normalized.json,0.2.14,35334,15979,0.000308,9.2e-05,0.000649,True,424037,424037,a0788059121e7e474323dfa90b6d399e2a4cb764d5fe663c1f073c447cca35a5,26.5371425,19293,25681,31983,19,28.247016,True,4e-06,True,28.45042,completed,completed,,,
Kubernetes,Kubernetes---kb_762_Normalized.json,outlines,Outlines,maskbench/data/Kubernetes---kb_762_Normalized.json,0.2.14,38795,19868,0.000316,0.000113,0.001085,True,848829,848829,81d535ab44c3704abf281b3466aa3c9a007c98eba92238a5d532a9176b3675ef,42.723424602,38590,51364,64029,24,52.023059,True,4e-06,True,52.262341,completed,completed,,,
Kubernetes,Kubernetes---kb_763_Normalized.json,outlines,Outlines,maskbench/data/Kubernetes---kb_763_Normalized.json,0.2.14,36581,20000,0.000336,0.000128,0.001098,True,848835,848835,4dc5be27ae00a14760ca08c9d0a9813476380e3699afd19bf59a5df090ef4b93,42.44175,38590,51364,64029,24,53.965321,True,5e-06,True,54.204022,completed,completed,,,
Kubernetes,Kubernetes---kb_764_Normalized.json,outlines,Outlines,maskbench/data/Kubernetes---kb_764_Normalized.json,0.2.14,36587,19995,0.000318,0.000115,0.001075,True,848834,848834,a15ab705398bf6608a4537a7cddd126c8304b92bdb2097569a67330d5b1e2e2f,42.452313078,38590,51364,64029,24,52.857344,True,4e-06,True,53.092945,completed,completed,,,
Kubernetes,Kubernetes---kb_765_Normalized.json,outlines,Outlines,maskbench/data/Kubernetes---kb_765_Normalized.json,0.2.14,36825,19956,0.000324,0.000117,0.001208,True,848861,848861,0b2b7b2f77a4ca03b60644845990f897f18c00dd066fe14a0bab6f817c759a23,42.536630587,38592,51367,64032,24,53.485442,True,4e-06,True,53.721494,completed,completed,,,
Kubernetes,Kubernetes---kb_766_Normalized.json,outlines,Outlines,maskbench/data/Kubernetes---kb_766_Normalized.json,0.2.14,28070,22328,0.000305,0.00014,0.001247,True,1275069,1275069,3c1577bcec43ab1b216f24794fbcb5ddd028b0fe5cd78f0bea93976f12294aea,57.106279111,57917,77088,96193,20,37.915162,True,5e-06,True,38.177672,completed,completed,,,
Kubernetes,Kubernetes---kb_767_Normalized.json,outlines,Outlines,maskbench/data/Kubernetes---kb_767_Normalized.json,0.2.14,30478,22277,0.000272,0.000145,0.001277,True,1275139,1275139,b55b6925412071767468232d93fb873b91cbf23558ffc808dfc7bb622e36b55a,57.240158011,57927,77103,96208,20,38.458134,True,4e-06,True,38.746009,completed,completed,,,
Kubernetes,Kubernetes---kb_768_Normalized.json,outlines,Outlines,maskbench/data/Kubernetes---kb_768_Normalized.json,0.2.14,4685,1263,0.000166,2.2e-05,5.5e-05,True,1267,1267,ef4b19571549316299fb499adb719d1adabfbf7d87a469e2286f9d279f37f402,1.003167063,29,56,102,5,0.64388,True,3e-06,True,0.801674,completed,completed,,,
Kubernetes,Kubernetes---kb_769_Normalized.json,outlines,Outlines,maskbench/data/Kubernetes---kb_769_Normalized.json,0.2.14,3032,1263,0.000193,3e-05,6.9e-05,True,1267,1267,ef4b19571549316299fb499adb719d1adabfbf7d87a469e2286f9d279f37f402,1.003167063,29,56,102,5,0.77735,True,4e-06,True,0.963977,completed,completed,,,
Kubernetes,Kubernetes---kb_76_Normalized.json,outlines,Outlines,maskbench/data/Kubernetes---kb_76_Normalized.json,0.2.14,4106,1515,0.000209,2.6e-05,,False,,,,,,,,,,False,,False,0.07574,compile_error,building_regex,ValueError,Format byte is not supported by Outlines,
Kubernetes,Kubernetes---kb_770_Normalized.json,outlines,Outlines,maskbench/data/Kubernetes---kb_770_Normalized.json,0.2.14,38532,26447,0.000316,0.000173,0.002874,True,2549732,2549732,dab1e0e3854268f3463931d06c07026d1d995aa2ab4a79a512df59743055b2d9,96.409120127,115826,154140,192307,25,62.878764,True,4e-06,True,63.263609,completed,completed,,,
Kubernetes,Kubernetes---kb_771_Normalized.json,outlines,Outlines,maskbench/data/Kubernetes---kb_771_Normalized.json,0.2.14,39374,26396,0.000314,0.000143,0.002784,True,2549746,2549746,be213b72f7a05860fa17e6d483294769ca6eda6797b08d9bd797867e38ab5e25,96.595923625,115828,154143,192310,25,60.414989,True,4e-06,True,60.777535,completed,completed,,,
Kubernetes,Kubernetes---kb_772_Normalized.json,outlines,Outlines,maskbench/data/Kubernetes---kb_772_Normalized.json,0.2.14,1455,321,0.000107,1.3e-05,7.9e-05,True,85,85,7b8f6f6faf5e2a5a2c95251d921707e46bf8e02930c7127c917fbf29c0ba4842,0.264797508,2,4,7,3,0.156809,True,5e-06,True,0.353093,completed,completed,,,
Kubernetes,Kubernetes---kb_773_Normalized.json,outlines,Outlines,maskbench/data/Kubernetes---kb_773_Normalized.json,0.2.14,1455,321,0.00014,1.3e-05,2.3e-05,True,85,85,7b8f6f6faf5e2a5a2c95251d921707e46bf8e02930c7127c917fbf29c0ba4842,0.264797508,2,4,7,3,0.154456,True,5e-06,True,0.347096,completed,completed,,,
Kubernetes,Kubernetes---kb_774_Normalized.json,outlines,Outlines,maskbench/data/Kubernetes---kb_774_Normalized.json,0.2.14,8837,5219,0.000215,5.1e-05,8.7e-05,True,682,682,d2628f1c8df921f9bdd58ac3f901890bec269d784b9865290f1ad54ada6c90de,0.130676375,14,29,77,6,1.034792,True,4e-06,True,1.218759,completed,completed,,,
Kubernetes,Kubernetes---kb_775_Normalized.json,outlines,Outlines,maskbench/data/Kubernetes---kb_775_Normalized.json,0.2.14,8726,5219,0.000214,4.6e-05,8.9e-05,True,682,682,d2628f1c8df921f9bdd58ac3f901890bec269d784b9865290f1ad54ada6c90de,0.130676375,14,29,77,6,1.046101,True,1.2e-05,True,1.240571,completed,completed,,,
Kubernetes,Kubernetes---kb_776_Normalized.json,outlines,Outlines,maskbench/data/Kubernetes---kb_776_Normalized.json,0.2.14,4559,1846,0.000179,2.6e-05,6.9e-05,True,2315,2315,248234de11c24e300e7f36b75ffbb0f614ffbbc084c063473e78fb1834e9bcd1,1.254062839,39,60,176,9,1.690512,True,4e-06,True,1.86606,completed,completed,,,
Kubernetes,Kubernetes---kb_777_Normalized.json,outlines,Outlines,maskbench/data/Kubernetes---kb_777_Normalized.json,0.2.14,6972,1846,0.0002,2.7e-05,7.1e-05,True,2315,2315,248234de11c24e300e7f36b75ffbb0f614ffbbc084c063473e78fb1834e9bcd1,1.254062839,39,60,176,9,1.641753,True,4e-06,True,1.844043,completed,completed,,,
Kubernetes,Kubernetes---kb_778_Normalized.json,outlines,Outlines,maskbench/data/Kubernetes---kb_778_Normalized.json,0.2.14,9246,4952,0.000215,6.1e-05,0.00014,True,7319,7319,99122f8a1f4fb8f971e8998386af35495635823e21b60d57dc3c21d526afdc88,1.477988691,131,327,714,7,2.64705,True,4e-06,True,2.82783,completed,completed,,,
Kubernetes,Kubernetes---kb_779_Normalized.json,outlines,Outlines,maskbench/data/Kubernetes---kb_779_Normalized.json,0.2.14,9262,4952,0.000189,4.9e-05,0.000143,True,7319,7319,99122f8a1f4fb8f971e8998386af35495635823e21b60d57dc3c21d526afdc88,1.477988691,131,327,714,7,2.65662,True,4e-06,True,2.835143,completed,completed,,,
Kubernetes,Kubernetes---kb_77_Normalized.json,outlines,Outlines,maskbench/data/Kubernetes---kb_77_Normalized.json,0.2.14,5393,1759,0.000201,2.6e-05,6.1e-05,True,477,477,7b0daaa979b629db69d95ae0fb48ed48a36aca7068432a92e38d7cc98cebf617,0.271176805,10,20,43,4,0.879499,True,6e-06,True,1.056695,completed,completed,,,
Kubernetes,Kubernetes---kb_780_Normalized.json,outlines,Outlines,maskbench/data/Kubernetes---kb_780_Normalized.json,0.2.14,27197,10377,0.000252,8.1e-05,0.000209,True,24675,24675,1595c8e3486fe79547994649815d87fcc8c63def95effcde3704d87cbfa543f6,2.377854871,363,801,2472,14,10.209395,True,4e-06,True,10.394527,completed,completed,,,
Kubernetes,Kubernetes---kb_781_Normalized.json,outlines,Outlines,maskbench/data/Kubernetes---kb_781_Normalized.json,0.2.14,21102,10377,0.000241,7.9e-05,0.000209,True,24675,24675,1595c8e3486fe79547994649815d87fcc8c63def95effcde3704d87cbfa543f6,2.377854871,363,801,2472,14,9.977862,True,4e-06,True,10.15879,completed,completed,,,
Kubernetes,Kubernetes---kb_784_Normalized.json,outlines,Outlines,maskbench/data/Kubernetes---kb_784_Normalized.json,0.2.14,3892,1548,0.000199,2e-05,3.3e-05,True,393,393,160b663724a9b880c9646fee2c5f22d1950880ee6685daaae18e62766cff5801,0.253875969,14,34,50,5,0.36296,True,5e-06,True,0.545466,completed,completed,,,
Kubernetes,Kubernetes---kb_785_Normalized.json,outlines,Outlines,maskbench/data/Kubernetes---kb_785_Normalized.json,0.2.14,5292,1548,0.000262,2e-05,3.1e-05,True,393,393,160b663724a9b880c9646fee2c5f22d1950880ee6685daaae18e62766cff5801,0.253875969,14,34,50,5,0.368618,True,5e-06,True,0.547738,completed,completed,,,
Kubernetes,Kubernetes---kb_786_Normalized.json,outlines,Outlines,maskbench/data/Kubernetes---kb_786_Normalized.json,0.2.14,5381,1199,0.000203,2.6e-05,5.9e-05,True,489,489,ddfbd3e9cecd9d6da96e2cc67bf9e304d2eb344d96714fd9a8f3994f3f6ba4ca,0.407839867,12,28,45,4,0.880181,True,5e-06,True,1.06379,completed,completed,,,
Kubernetes,Kubernetes---kb_787_Normalized.json,outlines,Outlines,maskbench/data/Kubernetes---kb_787_Normalized.json,0.2.14,5422,1199,0.00016,2.3e-05,4.5e-05,True,489,489,ddfbd3e9cecd9d6da96e2cc67bf9e304d2eb344d96714fd9a8f3994f3f6ba4ca,0.407839867,12,28,45,4,0.904711,True,6e-06,True,1.079758,completed,completed,,,
Kubernetes,Kubernetes---kb_78_Normalized.json,outlines,Outlines,maskbench/data/Kubernetes---kb_78_Normalized.json,0.2.14,6418,1759,0.000216,2.8e-05,5.4e-05,True,477,477,7b0daaa979b629db69d95ae0fb48ed48a36aca7068432a92e38d7cc98cebf617,0.271176805,10,20,43,4,0.819368,True,4e-06,True,0.997292,completed,completed,,,
Kubernetes,Kubernetes---kb_790_Normalized.json,outlines,Outlines,maskbench/data/Kubernetes---kb_790_Normalized.json,0.2.14,10177,2509,0.000226,3.4e-05,8.3e-05,True,921,921,770484476a27d2c3e202a7ccf7d696b4d3910f60073e97a43a472186ed1550df,0.367078517,21,50,84,8,1.524295,True,4e-06,True,1.709903,completed,completed,,,
Kubernetes,Kubernetes---kb_791_Normalized.json,outlines,Outlines,maskbench/data/Kubernetes---kb_791_Normalized.json,0.2.14,8901,2509,0.000178,3.1e-05,8.9e-05,True,921,921,770484476a27d2c3e202a7ccf7d696b4d3910f60073e97a43a472186ed1550df,0.367078517,21,50,84,8,1.530621,True,5e-06,True,1.712302,completed,completed,,,
Kubernetes,Kubernetes---kb_792_Normalized.json,outlines,Outlines,maskbench/data/Kubernetes---kb_792_Normalized.json,0.2.14,8641,2448,0.000202,3e-05,7.3e-05,True,783,783,7189ccaa5d0789a1e2b1f3184a870c89b3e62e6e500e24c217117e4ad2337c82,0.319852941,18,47,74,8,1.361662,True,4e-06,True,1.56236,completed,completed,,,
Kubernetes,Kubernetes---kb_793_Normalized.json,outlines,Outlines,maskbench/data/Kubernetes---kb_793_Normalized.json,0.2.14,8873,2448,0.000217,2.7e-05,9.8e-05,True,783,783,7189ccaa5d0789a1e2b1f3184a870c89b3e62e6e500e24c217117e4ad2337c82,0.319852941,18,47,74,8,1.342216,True,9e-06,True,1.536234,completed,completed,,,
Kubernetes,Kubernetes---kb_794_Normalized.json,outlines,Outlines,maskbench/data/Kubernetes---kb_794_Normalized.json,0.2.14,186851,150821,0.000776,0.000747,0.00263,True,1416073,1416073,b5c49e331451d2d67e7f030522bc7369b9ee7b79143d218a5ce5facc5c2e7f9c,9.389097009,60144,81270,107571,20,68.354734,True,5e-06,True,68.643064,completed,completed,,,
Kubernetes,Kubernetes---kb_797_Normalized.json,outlines,Outlines,maskbench/data/Kubernetes---kb_797_Normalized.json,0.2.14,184859,150800,0.000743,0.000688,0.002635,True,1416308,1416308,2c315b6d5fe6d8796ee7d391b915a82010460d955276c1d702d95042ee625878,9.391962865,60154,81285,107586,20,69.488204,True,5e-06,True,69.780367,completed,completed,,,
Kubernetes,Kubernetes---kb_798_Normalized.json,outlines,Outlines,maskbench/data/Kubernetes---kb_798_Normalized.json,0.2.14,3847,1177,0.00019,2.3e-05,4.8e-05,True,428,428,874943ec45cbbb6000380a19dbb498b86a748f5e7c2c0a0083fec3e291d21f46,0.363636364,9,20,36,4,0.80342,True,5e-06,True,0.985087,completed,completed,,,
Kubernetes,Kubernetes---kb_799_Normalized.json,outlines,Outlines,maskbench/data/Kubernetes---kb_799_Normalized.json,0.2.14,4616,1177,0.000197,2.4e-05,4.6e-05,True,428,428,874943ec45cbbb6000380a19dbb498b86a748f5e7c2c0a0083fec3e291d21f46,0.363636364,9,20,36,4,0.861457,True,6e-06,True,1.044751,completed,completed,,,
Kubernetes,Kubernetes---kb_79_Normalized.json,outlines,Outlines,maskbench/data/Kubernetes---kb_79_Normalized.json,0.2.14,5343,1698,0.000263,2.5e-05,6.1e-05,True,339,339,934d243ad240d5452cd8f62de82dd84af9df5de085c3696b43d9d36671407611,0.199646643,7,17,33,4,0.662305,True,4e-06,True,0.842396,completed,completed,,,
Kubernetes,Kubernetes---kb_7_Normalized.json,outlines,Outlines,maskbench/data/Kubernetes---kb_7_Normalized.json,0.2.14,1792,259,0.000188,1.3e-05,2.8e-05,True,85,85,7b8f6f6faf5e2a5a2c95251d921707e46bf8e02930c7127c917fbf29c0ba4842,0.328185328,2,4,7,3,0.140761,True,4e-06,True,0.317383,completed,completed,,,
Kubernetes,Kubernetes---kb_800_Normalized.json,outlines,Outlines,maskbench/data/Kubernetes---kb_800_Normalized.json,0.2.14,4649,1177,0.000201,3.6e-05,4.6e-05,True,428,428,874943ec45cbbb6000380a19dbb498b86a748f5e7c2c0a0083fec3e291d21f46,0.363636364,9,20,36,4,0.803622,True,5e-06,True,0.988349,completed,completed,,,
Kubernetes,Kubernetes---kb_801_Normalized.json,outlines,Outlines,maskbench/data/Kubernetes---kb_801_Normalized.json,0.2.14,3944,1177,0.000199,2.4e-05,4.4e-05,True,428,428,874943ec45cbbb6000380a19dbb498b86a748f5e7c2c0a0083fec3e291d21f46,0.363636364,9,20,36,4,0.795106,True,4e-06,True,0.969033,completed,completed,,,
Kubernetes,Kubernetes---kb_806_Normalized.json,outlines,Outlines,maskbench/data/Kubernetes---kb_806_Normalized.json,0.2.14,179885,146253,0.000732,0.000696,0.00279,True,930377,930377,e4adff3ad4b4f3a849f250d8797236e645007ea9766972cc2b3235a37c2d2823,6.361421646,39965,54278,71872,21,138.697751,True,5e-06,True,138.948282,completed,completed,,,
Kubernetes,Kubernetes---kb_807_Normalized.json,outlines,Outlines,maskbench/data/Kubernetes---kb_807_Normalized.json,0.2.14,179763,146253,0.000635,0.000695,0.002773,True,930377,930377,e4adff3ad4b4f3a849f250d8797236e645007ea9766972cc2b3235a37c2d2823,6.361421646,39965,54278,71872,21,136.570251,True,3e-06,True,136.819354,completed,completed,,,
Kubernetes,Kubernetes---kb_808_Normalized.json,outlines,Outlines,maskbench/data/Kubernetes---kb_808_Normalized.json,0.2.14,177653,146271,0.000719,0.000693,0.002891,True,932264,932264,3d528d5aeeecb411eebfb291448c0f9c74fb2ea51797d8cb7c6d3c23dd791d20,6.373539526,39999,54359,72042,21,143.729748,True,3e-06,True,143.980217,completed,completed,,,
Kubernetes,Kubernetes---kb_809_Normalized.json,outlines,Outlines,maskbench/data/Kubernetes---kb_809_Normalized.json,0.2.14,180885,146253,0.000741,0.000716,0.002924,True,930377,930377,e4adff3ad4b4f3a849f250d8797236e645007ea9766972cc2b3235a37c2d2823,6.361421646,39965,54278,71872,21,140.699658,True,4e-06,True,140.961615,completed,completed,,,
Kubernetes,Kubernetes---kb_80_Normalized.json,outlines,Outlines,maskbench/data/Kubernetes---kb_80_Normalized.json,0.2.14,8099,1698,0.000264,2.5e-05,5.6e-05,True,339,339,934d243ad240d5452cd8f62de82dd84af9df5de085c3696b43d9d36671407611,0.199646643,7,17,33,4,0.682125,True,4e-06,True,0.873829,completed,completed,,,
Kubernetes,Kubernetes---kb_810_Normalized.json,outlines,Outlines,maskbench/data/Kubernetes---kb_810_Normalized.json,0.2.14,15141,2671,0.000161,3.6e-05,9.4e-05,True,1175,1175,404940e90a10be5b67cdcadca2aac0060bd8444129b5ab43b2bdd32a711a0143,0.439910146,21,53,112,8,2.304092,True,4e-06,True,2.49383,completed,completed,,,
Kubernetes,Kubernetes---kb_813_Normalized.json,outlines,Outlines,maskbench/data/Kubernetes---kb_813_Normalized.json,0.2.14,12842,2671,0.00029,3.5e-05,8.9e-05,True,1175,1175,404940e90a10be5b67cdcadca2aac0060bd8444129b5ab43b2bdd32a711a0143,0.439910146,21,53,112,8,2.317705,True,4e-06,True,2.501912,completed,completed,,,
Kubernetes,Kubernetes---kb_814_Normalized.json,outlines,Outlines,maskbench/data/Kubernetes---kb_814_Normalized.json,0.2.14,182832,151115,0.000788,0.000715,0.002546,True,1414484,1414484,66bd245111d929c5d5834ce241c58e5d20176082237bb863a9331a8fb3f6b0c5,9.360314992,60134,81218,107447,20,69.134826,True,5e-06,True,69.428917,completed,completed,,,
Kubernetes,Kubernetes---kb_815_Normalized.json,outlines,Outlines,maskbench/data/Kubernetes---kb_815_Normalized.json,0.2.14,183685,151099,0.000637,0.000722,0.002508,True,1414744,1414744,6bc75b30733bf31f01dc62460907e4eadd5ae42bf6a4818bcdea10c7efd0471c,9.36302689,60144,81233,107462,20,70.886139,True,8e-06,True,71.173171,completed,completed,,,
Kubernetes,Kubernetes---kb_816_Normalized.json,outlines,Outlines,maskbench/data/Kubernetes---kb_816_Normalized.json,0.2.14,4035,1210,0.000132,2.4e-05,5e-05,True,428,428,874943ec45cbbb6000380a19dbb498b86a748f5e7c2c0a0083fec3e291d21f46,0.353719008,9,20,36,4,0.833876,True,4e-06,True,1.005672,completed,completed,,,
Kubernetes,Kubernetes---kb_817_Normalized.json,outlines,Outlines,maskbench/data/Kubernetes---kb_817_Normalized.json,0.2.14,3693,1210,0.000197,2.3e-05,5.4e-05,True,428,428,874943ec45cbbb6000380a19dbb498b86a748f5e7c2c0a0083fec3e291d21f46,0.353719008,9,20,36,4,0.798024,True,5e-06,True,0.99853,completed,completed,,,
Kubernetes,Kubernetes---kb_818_Normalized.json,outlines,Outlines,maskbench/data/Kubernetes---kb_818_Normalized.json,0.2.14,187937,155225,0.000751,0.00073,0.003998,True,2631731,2631731,4a3bad1cfc6ffd647a5d0d5234f9d9dee85c2ec969d9b2152d59a1d9888f1233,16.954298599,117148,156776,198983,25,74.690503,True,4e-06,True,75.055537,completed,completed,,,
Kubernetes,Kubernetes---kb_81_Normalized.json,outlines,Outlines,maskbench/data/Kubernetes---kb_81_Normalized.json,0.2.14,1789,411,0.000167,1.9e-05,2.2e-05,True,74,74,42b7553520b544d22f8775f8891c3b8bb9a999d69073e4559f7c4ed6ec472542,0.180048662,2,6,9,4,0.14888,True,4e-06,True,0.343303,completed,completed,,,
Kubernetes,Kubernetes---kb_820_Normalized.json,outlines,Outlines,maskbench/data/Kubernetes---kb_820_Normalized.json,0.2.14,177142,146339,0.000709,0.000696,0.002886,True,929738,929738,9e8c7040f8ddb73b592315b653f620ff48231c2d9989b618e000579d0151ad23,6.353316614,39971,54285,71832,21,141.352335,True,8e-06,True,141.598937,completed,completed,,,
Kubernetes,Kubernetes---kb_821_Normalized.json,outlines,Outlines,maskbench/data/Kubernetes---kb_821_Normalized.json,0.2.14,177142,146339,0.000719,0.000726,0.00309,True,929738,929738,9e8c7040f8ddb73b592315b653f620ff48231c2d9989b618e000579d0151ad23,6.353316614,39971,54285,71832,21,138.871493,True,4e-06,True,139.130562,completed,completed,,,
Kubernetes,Kubernetes---kb_822_Normalized.json,outlines,Outlines,maskbench/data/Kubernetes---kb_822_Normalized.json,0.2.14,10111,2805,0.000219,3.9e-05,0.000241,True,1175,1175,404940e90a10be5b67cdcadca2aac0060bd8444129b5ab43b2bdd32a711a0143,0.418894831,21,53,112,8,2.3465,True,3e-06,True,2.551001,completed,completed,,,
Kubernetes,Kubernetes---kb_823_Normalized.json,outlines,Outlines,maskbench/data/Kubernetes---kb_823_Normalized.json,0.2.14,12283,2805,0.000236,5.4e-05,8.9e-05,True,1175,1175,404940e90a10be5b67cdcadca2aac0060bd8444129b5ab43b2bdd32a711a0143,0.418894831,21,53,112,8,2.322302,True,4e-06,True,2.511621,completed,completed,,,
Kubernetes,Kubernetes---kb_824_Normalized.json,outlines,Outlines,maskbench/data/Kubernetes---kb_824_Normalized.json,0.2.14,3217,1418,0.000259,2.6e-05,7.1e-05,True,2413,2413,ac9763dcf267db4a7e59b026c8ff2f58f0223213dbe16ec7e0f37a6ce3810d94,1.701692525,62,134,212,5,1.077282,True,4e-06,True,1.271202,completed,completed,,,
Kubernetes,Kubernetes---kb_825_Normalized.json,outlines,Outlines,maskbench/data/Kubernetes---kb_825_Normalized.json,0.2.14,3201,1418,0.000103,2.3e-05,6.7e-05,True,2413,2413,ac9763dcf267db4a7e59b026c8ff2f58f0223213dbe16ec7e0f37a6ce3810d94,1.701692525,62,134,212,5,1.101968,True,5e-06,True,1.292456,completed,completed,,,
Kubernetes,Kubernetes---kb_826_Normalized.json,outlines,Outlines,maskbench/data/Kubernetes---kb_826_Normalized.json,0.2.14,3201,1418,0.000232,2.5e-05,6.4e-05,True,2413,2413,ac9763dcf267db4a7e59b026c8ff2f58f0223213dbe16ec7e0f37a6ce3810d94,1.701692525,62,134,212,5,1.180281,True,5e-06,True,1.365708,completed,completed,,,
Kubernetes,Kubernetes---kb_827_Normalized.json,outlines,Outlines,maskbench/data/Kubernetes---kb_827_Normalized.json,0.2.14,3613,788,0.000199,1.9e-05,5e-05,True,316,316,617fb31729bd7a10e9181d4377bf2a1a04256f61cf599b5a19a1949c30b341e2,0.401015228,7,19,29,5,0.555885,True,4e-06,True,0.741104,completed,completed,,,
Kubernetes,Kubernetes---kb_828_Normalized.json,outlines,Outlines,maskbench/data/Kubernetes---kb_828_Normalized.json,0.2.14,2950,788,0.000231,3e-05,4.3e-05,True,316,316,617fb31729bd7a10e9181d4377bf2a1a04256f61cf599b5a19a1949c30b341e2,0.401015228,7,19,29,5,0.566093,True,4e-06,True,0.754784,completed,completed,,,
Kubernetes,Kubernetes---kb_829_Normalized.json,outlines,Outlines,maskbench/data/Kubernetes---kb_829_Normalized.json,0.2.14,3696,1476,0.000202,2.4e-05,4.4e-05,True,310,310,d6507c698b16e7590ac3607ed0df2201ad3a960debb8e76ac81091403091f5ce,0.2100271,7,20,30,5,0.570023,True,5e-06,True,0.754293,completed,completed,,,
Kubernetes,Kubernetes---kb_82_Normalized.json,outlines,Outlines,maskbench/data/Kubernetes---kb_82_Normalized.json,0.2.14,1789,411,0.000248,1.3e-05,2.8e-05,True,74,74,42b7553520b544d22f8775f8891c3b8bb9a999d69073e4559f7c4ed6ec472542,0.180048662,2,6,9,4,0.138063,True,4e-06,True,0.326209,completed,completed,,,
Kubernetes,Kubernetes---kb_830_Normalized.json,outlines,Outlines,maskbench/data/Kubernetes---kb_830_Normalized.json,0.2.14,4020,2233,0.000196,2.9e-05,5.9e-05,True,510,510,730e58fc9366bc4d63c2337e6a3a4066f5c67e7006b1df18fbf4aa8f55418e55,0.228392297,10,28,51,5,0.891198,True,5e-06,True,1.087055,completed,completed,,,
Kubernetes,Kubernetes---kb_831_Normalized.json,outlines,Outlines,maskbench/data/Kubernetes---kb_831_Normalized.json,0.2.14,4056,2233,0.000216,2.9e-05,5.9e-05,True,510,510,730e58fc9366bc4d63c2337e6a3a4066f5c67e7006b1df18fbf4aa8f55418e55,0.228392297,10,28,51,5,0.884384,True,5e-06,True,1.071461,completed,completed,,,
Kubernetes,Kubernetes---kb_832_Normalized.json,outlines,Outlines,maskbench/data/Kubernetes---kb_832_Normalized.json,0.2.14,3803,1571,0.000198,3.3e-05,4.4e-05,True,309,309,b9406ae13a0527adeb577ef40865b477639cc0f0ea252d50a8e45630b0d8e958,0.196690006,7,19,29,4,0.578984,True,4e-06,True,0.766297,completed,completed,,,
Kubernetes,Kubernetes---kb_833_Normalized.json,outlines,Outlines,maskbench/data/Kubernetes---kb_833_Normalized.json,0.2.14,4640,1902,0.00019,3.1e-05,7.5e-05,True,688,688,628eed2473774dd15abc26e93ce2c06dee37407954b874bc7f52592cd600bbcf,0.361724501,16,41,70,6,0.760549,True,4e-06,True,0.96397,completed,completed,,,
Kubernetes,Kubernetes---kb_834_Normalized.json,outlines,Outlines,maskbench/data/Kubernetes---kb_834_Normalized.json,0.2.14,4938,1902,0.000185,3e-05,6.1e-05,True,688,688,628eed2473774dd15abc26e93ce2c06dee37407954b874bc7f52592cd600bbcf,0.361724501,16,41,70,6,0.75592,True,4e-06,True,0.936042,completed,completed,,,
Kubernetes,Kubernetes---kb_835_Normalized.json,outlines,Outlines,maskbench/data/Kubernetes---kb_835_Normalized.json,0.2.14,6068,2356,0.000205,2.8e-05,7.6e-05,True,825,825,6739af2ed19f1a1b062136c12730e982c9a360f15d6b1cbd90b9c75b12f0376a,0.350169779,22,66,76,9,1.320636,True,4e-06,True,1.509887,completed,completed,,,
Kubernetes,Kubernetes---kb_836_Normalized.json,outlines,Outlines,maskbench/data/Kubernetes---kb_836_Normalized.json,0.2.14,7172,2356,0.000231,3.5e-05,7.1e-05,True,825,825,6739af2ed19f1a1b062136c12730e982c9a360f15d6b1cbd90b9c75b12f0376a,0.350169779,22,66,76,9,1.294741,True,4e-06,True,1.488637,completed,completed,,,
Kubernetes,Kubernetes---kb_837_Normalized.json,outlines,Outlines,maskbench/data/Kubernetes---kb_837_Normalized.json,0.2.14,25472,18828,0.000244,0.000118,0.001226,True,1277520,1277520,6ca292fa4f017d72cd5e20c94e72747decb72d07eeb48dd4012efb6cdb83d0b5,67.852135118,57966,77291,96434,20,38.333288,True,3e-06,True,38.611148,completed,completed,,,
Kubernetes,Kubernetes---kb_838_Normalized.json,outlines,Outlines,maskbench/data/Kubernetes---kb_838_Normalized.json,0.2.14,27169,18812,0.000276,0.000114,0.001188,True,1277780,1277780,b088f719b3ee6cb1579b2ac41bd13a3b013c9bdc8d920ac57c7f7aabb6a18565,67.923665745,57976,77306,96449,20,39.314427,True,5e-06,True,39.600438,completed,completed,,,
Kubernetes,Kubernetes---kb_83_Normalized.json,outlines,Outlines,maskbench/data/Kubernetes---kb_83_Normalized.json,0.2.14,29689,19573,0.000281,0.000118,0.000993,True,864964,864964,c0faa88252fa5c4f33dcdc4e323b54d6212b383d4dfe801a1ae8dba36834937b,44.191692638,38801,51944,65360,20,37.778405,True,5e-06,True,38.029077,completed,completed,,,
Kubernetes,Kubernetes---kb_841_Normalized.json,outlines,Outlines,maskbench/data/Kubernetes---kb_841_Normalized.json,0.2.14,6701,2726,0.000116,3.2e-05,9.4e-05,True,2705,2705,62643de8ab257ad2489c37cb483c6ae646b2ec0844d70da536923bc066dda65e,0.992296405,50,140,243,11,2.106801,True,4e-06,True,2.291331,completed,completed,,,
Kubernetes,Kubernetes---kb_842_Normalized.json,outlines,Outlines,maskbench/data/Kubernetes---kb_842_Normalized.json,0.2.14,7627,2726,0.00022,3.4e-05,9.5e-05,True,2705,2705,62643de8ab257ad2489c37cb483c6ae646b2ec0844d70da536923bc066dda65e,0.992296405,50,140,243,11,2.080347,True,4e-06,True,2.277229,completed,completed,,,
Kubernetes,Kubernetes---kb_843_Normalized.json,outlines,Outlines,maskbench/data/Kubernetes---kb_843_Normalized.json,0.2.14,3545,927,0.000231,1.9e-05,6e-05,True,1142,1142,55fda05397b861430693e8da9bf577b88fdd5251c56631a2f1c5e430c2689264,1.23193096,28,77,109,10,1.008746,True,4e-06,True,1.20255,completed,completed,,,
Kubernetes,Kubernetes---kb_844_Normalized.json,outlines,Outlines,maskbench/data/Kubernetes---kb_844_Normalized.json,0.2.14,4915,927,0.000106,2.8e-05,5.2e-05,True,1142,1142,55fda05397b861430693e8da9bf577b88fdd5251c56631a2f1c5e430c2689264,1.23193096,28,77,109,10,1.020563,True,4e-06,True,1.213096,completed,completed,,,
Kubernetes,Kubernetes---kb_845_Normalized.json,outlines,Outlines,maskbench/data/Kubernetes---kb_845_Normalized.json,0.2.14,4705,1187,0.000127,3.2e-05,5.3e-05,True,1150,1150,e110e4a750af197f4d921c523c277d7620c28e75d6c27ac88f07d1d6c93ffe05,0.968828981,28,77,109,10,1.023009,True,5e-06,True,1.223228,completed,completed,,,
Kubernetes,Kubernetes---kb_846_Normalized.json,outlines,Outlines,maskbench/data/Kubernetes---kb_846_Normalized.json,0.2.14,5559,1187,0.000104,2.4e-05,7.2e-05,True,1150,1150,e110e4a750af197f4d921c523c277d7620c28e75d6c27ac88f07d1d6c93ffe05,0.968828981,28,77,109,10,1.029824,True,4e-06,True,1.236057,completed,completed,,,
Kubernetes,Kubernetes---kb_847_Normalized.json,outlines,Outlines,maskbench/data/Kubernetes---kb_847_Normalized.json,0.2.14,6574,1317,0.000209,2.5e-05,5.7e-05,True,772,772,8428e2dca05a59b04ce10c3043fab2201bca528c1aa0e884e6f0f148b509d88b,0.586180714,20,63,71,9,1.209701,True,6e-06,True,1.400869,completed,completed,,,
Kubernetes,Kubernetes---kb_848_Normalized.json,outlines,Outlines,maskbench/data/Kubernetes---kb_848_Normalized.json,0.2.14,7239,1317,0.0002,2.7e-05,6.3e-05,True,772,772,8428e2dca05a59b04ce10c3043fab2201bca528c1aa0e884e6f0f148b509d88b,0.586180714,20,63,71,9,1.160724,True,5e-06,True,1.348258,completed,completed,,,
Kubernetes,Kubernetes---kb_849_Normalized.json,outlines,Outlines,maskbench/data/Kubernetes---kb_849_Normalized.json,0.2.14,7284,1317,0.000265,2.6e-05,6.1e-05,True,772,772,8428e2dca05a59b04ce10c3043fab2201bca528c1aa0e884e6f0f148b509d88b,0.586180714,20,63,71,9,1.189486,True,4e-06,True,1.378428,completed,completed,,,
Kubernetes,Kubernetes---kb_84_Normalized.json,outlines,Outlines,maskbench/data/Kubernetes---kb_84_Normalized.json,0.2.14,32298,19722,0.000265,0.000117,0.000982,True,864988,864988,e4125685f5b55efe53e60b2b8d85d9941d962e6625de64ab3c0ef752922018e7,43.859040665,38801,51944,65360,20,37.869863,True,8e-06,True,38.114791,completed,completed,,,
Kubernetes,Kubernetes---kb_850_Normalized.json,outlines,Outlines,maskbench/data/Kubernetes---kb_850_Normalized.json,0.2.14,30639,16505,0.000361,0.000102,0.001163,True,849100,849100,8d716326ffc96b2c88386f76c5cf4c9859ef0f16e837593c8772706073cda246,51.445016662,38590,51395,64037,20,32.510077,True,4e-06,True,32.771692,completed,completed,,,
Kubernetes,Kubernetes---kb_851_Normalized.json,outlines,Outlines,maskbench/data/Kubernetes---kb_851_Normalized.json,0.2.14,26273,16635,0.000339,0.000101,0.000908,True,849124,849124,b5194b2a6ee24ce2a4df1a79d73b8d58ffdbfe58eda9eb936b8e136e91846a31,51.044424406,38590,51395,64037,20,32.851872,True,5e-06,True,33.098462,completed,completed,,,
Kubernetes,Kubernetes---kb_852_Normalized.json,outlines,Outlines,maskbench/data/Kubernetes---kb_852_Normalized.json,0.2.14,28950,16737,0.000276,0.000105,0.001003,True,849120,849120,7216abfe48a63bbc33bacb8646df9a56c39a184217892819ef62c426cfcab452,50.733106291,38590,51395,64037,20,33.478293,True,3e-06,True,33.735809,completed,completed,,,
Kubernetes,Kubernetes---kb_853_Normalized.json,outlines,Outlines,maskbench/data/Kubernetes---kb_853_Normalized.json,0.2.14,29734,16690,0.000246,0.00011,0.00092,True,849192,849192,71e2fdb693ae1e5b74f1c9f041574bf61f9f76c36d733cda717512044b686a50,50.880287597,38598,51407,64049,20,33.725929,True,4e-06,True,33.970281,completed,completed,,,
Kubernetes,Kubernetes---kb_854_Normalized.json,outlines,Outlines,maskbench/data/Kubernetes---kb_854_Normalized.json,0.2.14,28761,17071,0.00028,0.000103,0.000673,True,424584,424584,3d28d558873af6b035e5af21e81dbeaaef83c33acfd387afe0308fbd74626360,24.871653682,19295,25681,32024,19,28.013627,True,4e-06,True,28.22599,completed,completed,,,
Kubernetes,Kubernetes---kb_855_Normalized.json,outlines,Outlines,maskbench/data/Kubernetes---kb_855_Normalized.json,0.2.14,29541,17247,0.000318,0.000115,0.000678,True,424594,424594,7976a1badb45d2527333be10a77e28e0077158e57891e0cf5f91c238965b2a07,24.618426393,19295,25681,32024,19,28.270648,True,4e-06,True,28.482903,completed,completed,,,
Kubernetes,Kubernetes---kb_856_Normalized.json,outlines,Outlines,maskbench/data/Kubernetes---kb_856_Normalized.json,0.2.14,29539,17214,0.000343,0.000148,0.00224,True,424589,424589,f55a97a00395b4f1d8908456d8a8dd64691e78e02d2246ab5e84b73ab9849196,24.665330545,19295,25681,32024,19,28.693692,True,4e-06,True,28.949451,completed,completed,,,
Kubernetes,Kubernetes---kb_857_Normalized.json,outlines,Outlines,maskbench/data/Kubernetes---kb_857_Normalized.json,0.2.14,29879,17167,0.000251,0.0001,0.002061,True,424607,424607,8ee18e5acee425bfcc7700edfd13b372326c47b0be09ed4a2d0aa6cfbf771335,24.733908079,19297,25684,32027,19,28.355918,True,4e-06,True,28.584251,completed,completed,,,
Kubernetes,Kubernetes---kb_858_Normalized.json,outlines,Outlines,maskbench/data/Kubernetes---kb_858_Normalized.json,0.2.14,36403,20939,0.00037,0.000123,0.001107,True,850066,850066,8a41e7a6f6bb08e75ccdf567a85708e3c5b1aa4dc2be5aee811b5ba947440c5a,40.597258704,38604,51388,64129,24,55.746424,True,4e-06,True,56.004069,completed,completed,,,
Kubernetes,Kubernetes---kb_859_Normalized.json,outlines,Outlines,maskbench/data/Kubernetes---kb_859_Normalized.json,0.2.14,31165,21250,0.000279,0.000122,0.001209,True,850080,850080,5cf6f9161ce28880d77ff5b6e2fad3fea706e4b57351ef9826e132246422161f,40.003764706,38604,51388,64129,24,54.661251,True,4e-06,True,54.921366,completed,completed,,,
Kubernetes,Kubernetes---kb_85_Normalized.json,outlines,Outlines,maskbench/data/Kubernetes---kb_85_Normalized.json,0.2.14,33975,19822,0.000297,0.000377,0.000995,True,864984,864984,7e23d39d7ae082da9496f9f6a9ad95ada6d366eb58654041604d1c4cf8f3664c,43.637574412,38801,51944,65360,20,37.198427,True,4e-06,True,37.466518,completed,completed,,,
Kubernetes,Kubernetes---kb_860_Normalized.json,outlines,Outlines,maskbench/data/Kubernetes---kb_860_Normalized.json,0.2.14,32938,21214,0.000293,0.000158,0.001123,True,850071,850071,3605d7468c24c45e454770302779e1c01db3ad775643f3936dc3c41e44708d25,40.071226549,38604,51388,64129,24,55.416293,True,5e-06,True,55.668506,completed,completed,,,
Kubernetes,Kubernetes---kb_861_Normalized.json,outlines,Outlines,maskbench/data/Kubernetes---kb_861_Normalized.json,0.2.14,36970,21167,0.000307,0.000126,0.001152,True,850089,850089,b9ffcb027412d4ea45be9dbd5736a41b7a0f26e9a9b429f725f86e58d8adc90d,40.161052582,38606,51391,64132,24,55.968268,True,4e-06,True,56.226389,completed,completed,,,
Kubernetes,Kubernetes---kb_862_Normalized.json,outlines,Outlines,maskbench/data/Kubernetes---kb_862_Normalized.json,0.2.14,31535,20324,0.000217,0.000141,0.001863,True,1699139,1699139,49639da7ad9c13261636426553f39b02f7fe41f2f2f463cdaaed0841ffc6f2b3,83.602588073,77200,102816,128161,25,59.191118,True,4e-06,True,59.514934,completed,completed,,,
Kubernetes,Kubernetes---kb_863_Normalized.json,outlines,Outlines,maskbench/data/Kubernetes---kb_863_Normalized.json,0.2.14,31845,20583,0.000325,0.000117,0.001863,True,1699145,1699145,6a136da157d1d8f5c86bad8c4dc898d36acb0ef3a514eae3105d49f56bad95db,82.550891512,77200,102816,128161,25,58.775948,True,4e-06,True,59.078611,completed,completed,,,
Kubernetes,Kubernetes---kb_864_Normalized.json,outlines,Outlines,maskbench/data/Kubernetes---kb_864_Normalized.json,0.2.14,30816,20681,0.000695,0.000123,0.001913,True,1699144,1699144,7100d0a3072fa8a4c823dff7f30ee03be21e82c2d50409f549783cc6d6f50af0,82.159663459,77200,102816,128161,25,58.750423,True,4e-06,True,59.064818,completed,completed,,,
Kubernetes,Kubernetes---kb_865_Normalized.json,outlines,Outlines,maskbench/data/Kubernetes---kb_865_Normalized.json,0.2.14,32339,20634,0.000294,0.000122,0.001881,True,1699162,1699162,f033e924d563496098a3abd46ca030ac7101194addb47937c2e01d01bab38470,82.347678589,77202,102819,128164,25,60.186445,True,5e-06,True,60.500448,completed,completed,,,
Kubernetes,Kubernetes---kb_866_Normalized.json,outlines,Outlines,maskbench/data/Kubernetes---kb_866_Normalized.json,0.2.14,3001,478,0.000186,1.5e-05,2.9e-05,True,253,253,e296c505b395d137ba3925f65759322f4cf2832ebd16247ff04c5321b805bd9e,0.529288703,6,12,21,3,0.452571,True,4e-06,True,0.637004,completed,completed,,,
Kubernetes,Kubernetes---kb_867_Normalized.json,outlines,Outlines,maskbench/data/Kubernetes---kb_867_Normalized.json,0.2.14,4285,478,0.000308,1.6e-05,4.1e-05,True,253,253,e296c505b395d137ba3925f65759322f4cf2832ebd16247ff04c5321b805bd9e,0.529288703,6,12,21,3,0.453951,True,5e-06,True,0.634457,completed,completed,,,
Kubernetes,Kubernetes---kb_868_Normalized.json,outlines,Outlines,maskbench/data/Kubernetes---kb_868_Normalized.json,0.2.14,3530,478,0.000199,1.7e-05,3.9e-05,True,253,253,e296c505b395d137ba3925f65759322f4cf2832ebd16247ff04c5321b805bd9e,0.529288703,6,12,21,3,0.446662,True,4e-06,True,0.627121,completed,completed,,,
Kubernetes,Kubernetes---kb_869_Normalized.json,outlines,Outlines,maskbench/data/Kubernetes---kb_869_Normalized.json,0.2.14,2923,478,0.000194,1.6e-05,4e-05,True,253,253,e296c505b395d137ba3925f65759322f4cf2832ebd16247ff04c5321b805bd9e,0.529288703,6,12,21,3,0.440034,True,4e-06,True,0.618559,completed,completed,,,
Kubernetes,Kubernetes---kb_86_Normalized.json,outlines,Outlines,maskbench/data/Kubernetes---kb_86_Normalized.json,0.2.14,31159,19775,0.000286,0.000117,0.002681,True,865056,865056,f936e3d56036c265d89255b3a03a6d4ee63eaa6b0f8aa54b135f360976e923d6,43.744930468,38809,51956,65372,20,36.745847,True,5e-06,True,37.01627,completed,completed,,,
Kubernetes,Kubernetes---kb_870_Normalized.json,outlines,Outlines,maskbench/data/Kubernetes---kb_870_Normalized.json,0.2.14,3234,217,0.000199,1.2e-05,2e-05,True,68,68,26b60d0f1acf58eccbddbe86ba5636dbc74a219c4616767817c32453c2289176,0.313364055,2,6,9,4,0.113648,True,4e-06,True,0.28966,completed,completed,,,
Kubernetes,Kubernetes---kb_871_Normalized.json,outlines,Outlines,maskbench/data/Kubernetes---kb_871_Normalized.json,0.2.14,2680,217,0.000163,1.5e-05,2.1e-05,True,68,68,26b60d0f1acf58eccbddbe86ba5636dbc74a219c4616767817c32453c2289176,0.313364055,2,6,9,4,0.126305,True,4e-06,True,0.320849,completed,completed,,,
Kubernetes,Kubernetes---kb_872_Normalized.json,outlines,Outlines,maskbench/data/Kubernetes---kb_872_Normalized.json,0.2.14,3786,217,0.000201,1.2e-05,2.1e-05,True,68,68,26b60d0f1acf58eccbddbe86ba5636dbc74a219c4616767817c32453c2289176,0.313364055,2,6,9,4,0.11496,True,5e-06,True,0.317049,completed,completed,,,
Kubernetes,Kubernetes---kb_873_Normalized.json,outlines,Outlines,maskbench/data/Kubernetes---kb_873_Normalized.json,0.2.14,2462,1295,0.000916,9.2e-05,4.2e-05,True,113,113,6bfb3aede3fdc9dd526f3c56085b25b0b11c72cbea6cc7bbd5543a10c597d1d5,0.087258687,3,7,10,4,0.197832,True,4e-06,True,1.50887,completed,completed,,,
Kubernetes,Kubernetes---kb_874_Normalized.json,outlines,Outlines,maskbench/data/Kubernetes---kb_874_Normalized.json,0.2.14,1955,1295,8.3e-05,2.2e-05,6.4e-05,True,113,113,6bfb3aede3fdc9dd526f3c56085b25b0b11c72cbea6cc7bbd5543a10c597d1d5,0.087258687,3,7,10,4,0.193153,True,4e-06,True,0.407265,completed,completed,,,
Kubernetes,Kubernetes---kb_875_Normalized.json,outlines,Outlines,maskbench/data/Kubernetes---kb_875_Normalized.json,0.2.14,2643,1295,0.000189,2.6e-05,2.9e-05,True,113,113,6bfb3aede3fdc9dd526f3c56085b25b0b11c72cbea6cc7bbd5543a10c597d1d5,0.087258687,3,7,10,4,0.186669,True,4e-06,True,0.376914,completed,completed,,,
Kubernetes,Kubernetes---kb_876_Normalized.json,outlines,Outlines,maskbench/data/Kubernetes---kb_876_Normalized.json,0.2.14,2462,1295,0.000538,2.7e-05,3.5e-05,True,113,113,6bfb3aede3fdc9dd526f3c56085b25b0b11c72cbea6cc7bbd5543a10c597d1d5,0.087258687,3,7,10,4,0.198156,True,4e-06,True,11.794405,completed,completed,,,
Kubernetes,Kubernetes---kb_877_Normalized.json,outlines,Outlines,maskbench/data/Kubernetes---kb_877_Normalized.json,0.2.14,2794,1910,0.000551,2.1e-05,3.4e-05,True,314,314,2d440e14d373fc2686d80aeaea9b47c31813e84b660c049cc4d0daf2d08b0925,0.164397906,10,20,28,5,0.378184,True,4e-06,True,0.564209,completed,completed,,,
Kubernetes,Kubernetes---kb_878_Normalized.json,outlines,Outlines,maskbench/data/Kubernetes---kb_878_Normalized.json,0.2.14,3657,1910,0.000287,2.1e-05,3.4e-05,True,314,314,2d440e14d373fc2686d80aeaea9b47c31813e84b660c049cc4d0daf2d08b0925,0.164397906,10,20,28,5,0.341141,True,4e-06,True,0.52732,completed,completed,,,
Kubernetes,Kubernetes---kb_879_Normalized.json,outlines,Outlines,maskbench/data/Kubernetes---kb_879_Normalized.json,0.2.14,3320,1910,0.00019,1.9e-05,3.5e-05,True,314,314,2d440e14d373fc2686d80aeaea9b47c31813e84b660c049cc4d0daf2d08b0925,0.164397906,10,20,28,5,0.344229,True,6e-06,True,0.546547,completed,completed,,,
Kubernetes,Kubernetes---kb_87_Normalized.json,outlines,Outlines,maskbench/data/Kubernetes---kb_87_Normalized.json,0.2.14,26381,16903,0.000336,0.000436,0.00086,True,424591,424591,84c01497aa6f77dd1fa1c185415c440418d7be2cbdfdf7d4078b9bf1ad2e2c0d,25.119268769,19295,25681,32024,19,29.056752,True,1.2e-05,True,65.301638,completed,completed,,,
Kubernetes,Kubernetes---kb_880_Normalized.json,outlines,Outlines,maskbench/data/Kubernetes---kb_880_Normalized.json,0.2.14,2628,1910,0.000119,6.9e-05,8.2e-05,True,314,314,2d440e14d373fc2686d80aeaea9b47c31813e84b660c049cc4d0daf2d08b0925,0.164397906,10,20,28,5,0.347155,True,4e-06,True,0.866518,completed,completed,,,
Kubernetes,Kubernetes---kb_881_Normalized.json,outlines,Outlines,maskbench/data/Kubernetes---kb_881_Normalized.json,0.2.14,3308,1910,0.00017,2.8e-05,3.8e-05,True,314,314,2d440e14d373fc2686d80aeaea9b47c31813e84b660c049cc4d0daf2d08b0925,0.164397906,10,20,28,5,0.3498,True,5e-06,True,0.53707,completed,completed,,,
Kubernetes,Kubernetes---kb_882_Normalized.json,outlines,Outlines,maskbench/data/Kubernetes---kb_882_Normalized.json,0.2.14,3481,341,0.000215,1.6e-05,2e-05,True,69,69,59764fae829f4e4c1c261464b9e98fd7ed77a2cfd700f3350a04873fb784e343,0.202346041,2,6,9,4,0.127035,True,5e-06,True,0.327985,completed,completed,,,
Kubernetes,Kubernetes---kb_883_Normalized.json,outlines,Outlines,maskbench/data/Kubernetes---kb_883_Normalized.json,0.2.14,2121,321,0.000408,1.3e-05,2.1e-05,True,69,69,59764fae829f4e4c1c261464b9e98fd7ed77a2cfd700f3350a04873fb784e343,0.214953271,2,6,9,4,0.116551,True,4e-06,True,2.310731,completed,completed,,,
Kubernetes,Kubernetes---kb_884_Normalized.json,outlines,Outlines,maskbench/data/Kubernetes---kb_884_Normalized.json,0.2.14,2835,341,8.8e-05,1.3e-05,2.7e-05,True,69,69,59764fae829f4e4c1c261464b9e98fd7ed77a2cfd700f3350a04873fb784e343,0.202346041,2,6,9,4,0.117428,True,6e-06,True,0.309156,completed,completed,,,
Kubernetes,Kubernetes---kb_885_Normalized.json,outlines,Outlines,maskbench/data/Kubernetes---kb_885_Normalized.json,0.2.14,2835,341,0.000156,2.1e-05,2e-05,True,69,69,59764fae829f4e4c1c261464b9e98fd7ed77a2cfd700f3350a04873fb784e343,0.202346041,2,6,9,4,0.115048,True,5e-06,True,0.310475,completed,completed,,,
Kubernetes,Kubernetes---kb_887_Normalized.json,outlines,Outlines,maskbench/data/Kubernetes---kb_887_Normalized.json,0.2.14,4243,1998,0.000198,3e-05,8.6e-05,True,2774,2774,0282ca819c367074da95b4ca9d9e410fa192e2b0001a89dfe80a3ccb7df3a68b,1.388388388,76,225,252,10,1.367758,True,4e-06,True,3.554788,completed,completed,,,
Kubernetes,Kubernetes---kb_888_Normalized.json,outlines,Outlines,maskbench/data/Kubernetes---kb_888_Normalized.json,0.2.14,4239,1998,0.000218,6.1e-05,8.4e-05,True,2774,2774,0282ca819c367074da95b4ca9d9e410fa192e2b0001a89dfe80a3ccb7df3a68b,1.388388388,76,225,252,10,1.330295,True,5e-06,True,1.895531,completed,completed,,,
Kubernetes,Kubernetes---kb_889_Normalized.json,outlines,Outlines,maskbench/data/Kubernetes---kb_889_Normalized.json,0.2.14,4269,1998,0.000103,3.1e-05,0.00011,True,2774,2774,0282ca819c367074da95b4ca9d9e410fa192e2b0001a89dfe80a3ccb7df3a68b,1.388388388,76,225,252,10,1.337784,True,4e-06,True,2.652772,completed,completed,,,
Kubernetes,Kubernetes---kb_88_Normalized.json,outlines,Outlines,maskbench/data/Kubernetes---kb_88_Normalized.json,0.2.14,35086,17086,0.000333,0.000118,0.000692,True,424601,424601,7a4b3bbc65d4ebda5c42580c57d8e1980d20af381c0e96d2b68decd5529aad56,24.850813532,19295,25681,32024,19,28.597932,True,4e-06,True,28.819456,completed,completed,,,
Kubernetes,Kubernetes---kb_891_Normalized.json,outlines,Outlines,maskbench/data/Kubernetes---kb_891_Normalized.json,0.2.14,3032,1135,0.000185,3.1e-05,0.000108,True,333,333,f96dac60dbaad32fd53e4b96af6d2ac0a112ffc8dff7ecc152cd26a2ef654ff1,0.29339207,7,20,43,7,0.586588,True,4e-06,True,4.261971,completed,completed,,,
Kubernetes,Kubernetes---kb_892_Normalized.json,outlines,Outlines,maskbench/data/Kubernetes---kb_892_Normalized.json,0.2.14,3172,1135,0.000121,2.2e-05,5.1e-05,True,333,333,f96dac60dbaad32fd53e4b96af6d2ac0a112ffc8dff7ecc152cd26a2ef654ff1,0.29339207,7,20,43,7,0.558451,True,5e-06,True,1.862258,completed,completed,,,
Kubernetes,Kubernetes---kb_894_Normalized.json,outlines,Outlines,maskbench/data/Kubernetes---kb_894_Normalized.json,0.2.14,3033,1133,0.000424,9.9e-05,5.1e-05,True,333,333,f96dac60dbaad32fd53e4b96af6d2ac0a112ffc8dff7ecc152cd26a2ef654ff1,0.293909974,7,20,43,7,0.592933,True,4e-06,True,2.01477,completed,completed,,,
Kubernetes,Kubernetes---kb_895_Normalized.json,outlines,Outlines,maskbench/data/Kubernetes---kb_895_Normalized.json,0.2.14,3025,1133,0.000389,2.4e-05,4.9e-05,True,333,333,f96dac60dbaad32fd53e4b96af6d2ac0a112ffc8dff7ecc152cd26a2ef654ff1,0.293909974,7,20,43,7,0.554059,True,4e-06,True,0.753761,completed,completed,,,
Kubernetes,Kubernetes---kb_896_Normalized.json,outlines,Outlines,maskbench/data/Kubernetes---kb_896_Normalized.json,0.2.14,27417,20575,0.000242,0.000122,0.000742,True,426849,426849,ca99ec81e7c5f64653662db15108017f06e09c633369e4f9f5bce6fb2e0cbeae,20.74600243,19339,25758,32217,19,30.000494,True,4e-06,True,30.226866,completed,completed,,,
Kubernetes,Kubernetes---kb_897_Normalized.json,outlines,Outlines,maskbench/data/Kubernetes---kb_897_Normalized.json,0.2.14,28301,19781,0.000263,0.000342,0.000672,True,426829,426829,41eadd0f9fdfdc42011f158444f885163daeee50da18fa177174ab3f62ef0a06,21.577726101,19340,25761,32215,19,29.15984,True,4e-06,True,29.38441,completed,completed,,,
Kubernetes,Kubernetes---kb_898_Normalized.json,outlines,Outlines,maskbench/data/Kubernetes---kb_898_Normalized.json,0.2.14,26872,19748,0.000188,0.000137,0.000892,True,426862,426862,b18cf645460da56a3f2cb445e3c24e8425f0da6e3ccc65be518bb3bd95c8dab7,21.61545473,19342,25764,32218,19,28.548113,True,4e-06,True,28.784404,completed,completed,,,
Kubernetes,Kubernetes---kb_899_Normalized.json,outlines,Outlines,maskbench/data/Kubernetes---kb_899_Normalized.json,0.2.14,33244,24568,0.000262,0.000141,0.001251,True,854636,854636,2607c8f9547d4284dc2e98184bf5bd02acbbb8df2290e9dc2a32af1008b3c298,34.786551612,38694,51548,64519,24,56.607531,True,4e-06,True,56.859935,completed,completed,,,
Kubernetes,Kubernetes---kb_89_Normalized.json,outlines,Outlines,maskbench/data/Kubernetes---kb_89_Normalized.json,0.2.14,31320,17053,0.000298,9.9e-05,0.000659,True,424596,424596,81542ac02445de8962049272e76cdd80a87864960a4ad6a7d16e48c6b5f4e30c,24.898610215,19295,25681,32024,19,28.345917,True,8e-06,True,28.56315,completed,completed,,,
Kubernetes,Kubernetes---kb_8_Normalized.json,outlines,Outlines,maskbench/data/Kubernetes---kb_8_Normalized.json,0.2.14,1842,259,0.00017,1.3e-05,2.1e-05,True,85,85,7b8f6f6faf5e2a5a2c95251d921707e46bf8e02930c7127c917fbf29c0ba4842,0.328185328,2,4,7,3,0.143113,True,4e-06,True,0.32761,completed,completed,,,
Kubernetes,Kubernetes---kb_900_Normalized.json,outlines,Outlines,maskbench/data/Kubernetes---kb_900_Normalized.json,0.2.14,34207,23761,0.000264,0.000144,0.003267,True,854567,854567,23a27fe127637d863aaa0b7e5b4a0f162fa3ba409ad9da2a10c8c24159a511c3,35.965110896,38694,51548,64511,24,58.662248,True,4e-06,True,58.926062,completed,completed,,,
Kubernetes,Kubernetes---kb_901_Normalized.json,outlines,Outlines,maskbench/data/Kubernetes---kb_901_Normalized.json,0.2.14,31535,23728,0.000208,0.000143,0.001174,True,854600,854600,9959cf1d71a4250d423d646859c694bbbcf8a22320fad4ac96a968699d9935b2,36.016520566,38696,51551,64514,24,55.345775,True,4e-06,True,55.608577,completed,completed,,,
Kubernetes,Kubernetes---kb_904_Normalized.json,outlines,Outlines,maskbench/data/Kubernetes---kb_904_Normalized.json,0.2.14,2937,828,0.000193,1.9e-05,4.7e-05,True,312,312,8f4bc26ef0399444beefd95fc89be0056b9744199a2dc944513ed97e3fe0cec4,0.376811594,7,20,25,8,0.606585,True,5e-06,True,0.807624,completed,completed,,,
Kubernetes,Kubernetes---kb_905_Normalized.json,outlines,Outlines,maskbench/data/Kubernetes---kb_905_Normalized.json,0.2.14,2300,828,0.000249,1.8e-05,3.6e-05,True,312,312,8f4bc26ef0399444beefd95fc89be0056b9744199a2dc944513ed97e3fe0cec4,0.376811594,7,20,25,8,0.602994,True,4e-06,True,0.805228,completed,completed,,,
Kubernetes,Kubernetes---kb_906_Normalized.json,outlines,Outlines,maskbench/data/Kubernetes---kb_906_Normalized.json,0.2.14,2300,828,0.000191,1.9e-05,3.7e-05,True,312,312,8f4bc26ef0399444beefd95fc89be0056b9744199a2dc944513ed97e3fe0cec4,0.376811594,7,20,25,8,0.582711,True,4e-06,True,0.773784,completed,completed,,,
Kubernetes,Kubernetes---kb_909_Normalized.json,outlines,Outlines,maskbench/data/Kubernetes---kb_909_Normalized.json,0.2.14,27335,16271,0.000179,9.8e-05,0.001103,True,1271451,1271451,2e0e9c77a678afc281f6aff3e7904eacf3924eb28b0aa6a4cf53ac92a15e5341,78.142154754,57857,76989,95895,20,34.503363,True,4e-06,True,34.798611,completed,completed,,,
Kubernetes,Kubernetes---kb_90_Normalized.json,outlines,Outlines,maskbench/data/Kubernetes---kb_90_Normalized.json,0.2.14,31692,17006,0.000304,0.000124,0.000685,True,424614,424614,7b95584e90c2e3add36446bb48f38b856f2cef03a8514e061c5781ce310147e1,24.968481712,19297,25684,32027,19,28.529103,True,6e-06,True,28.756028,completed,completed,,,
Kubernetes,Kubernetes---kb_911_Normalized.json,outlines,Outlines,maskbench/data/Kubernetes---kb_911_Normalized.json,0.2.14,27961,16243,0.000672,0.000119,0.001158,True,1271651,1271651,eaa31fc111b271a29e2d392c121a24cd2e8508b0af09f6f5e070c85bf3b8f538,78.28917072,57867,77004,95910,20,34.907134,True,4e-06,True,35.21681,completed,completed,,,
Kubernetes,Kubernetes---kb_912_Normalized.json,outlines,Outlines,maskbench/data/Kubernetes---kb_912_Normalized.json,0.2.14,9510,2285,0.000227,3.4e-05,0.000103,True,989,989,94dc6b8d2b0ef41671cf64f0a7550c51950e0392de8bf6ee8ba03790e434d31d,0.432822757,22,48,88,4,1.837174,True,4e-06,True,2.045693,completed,completed,,,
Kubernetes,Kubernetes---kb_913_Normalized.json,outlines,Outlines,maskbench/data/Kubernetes---kb_913_Normalized.json,0.2.14,9421,2285,0.000219,4.6e-05,8.4e-05,True,989,989,94dc6b8d2b0ef41671cf64f0a7550c51950e0392de8bf6ee8ba03790e434d31d,0.432822757,22,48,88,4,1.836941,True,5e-06,True,2.037658,completed,completed,,,
Kubernetes,Kubernetes---kb_914_Normalized.json,outlines,Outlines,maskbench/data/Kubernetes---kb_914_Normalized.json,0.2.14,9164,2215,0.000223,3.3e-05,8.6e-05,True,851,851,3336f799549353a07b172a77a688307d4c8b7d63fb2f192cdd7ff814a9692824,0.384198646,19,45,78,4,1.662318,True,5e-06,True,1.866068,completed,completed,,,
Kubernetes,Kubernetes---kb_915_Normalized.json,outlines,Outlines,maskbench/data/Kubernetes---kb_915_Normalized.json,0.2.14,9139,2215,0.000282,3.4e-05,8.7e-05,True,851,851,3336f799549353a07b172a77a688307d4c8b7d63fb2f192cdd7ff814a9692824,0.384198646,19,45,78,4,1.685209,True,4e-06,True,1.895549,completed,completed,,,
Kubernetes,Kubernetes---kb_916_Normalized.json,outlines,Outlines,maskbench/data/Kubernetes---kb_916_Normalized.json,0.2.14,2977,241,0.000207,1.2e-05,1.9e-05,True,68,68,3d7c0f944bfba0e1e77cbfc886af6e444084911d2c7d0ba979bae0120b0153e3,0.282157676,2,6,9,4,0.11468,True,4e-06,True,0.311098,completed,completed,,,
Kubernetes,Kubernetes---kb_917_Normalized.json,outlines,Outlines,maskbench/data/Kubernetes---kb_917_Normalized.json,0.2.14,2975,241,0.000267,1.3e-05,2.2e-05,True,68,68,3d7c0f944bfba0e1e77cbfc886af6e444084911d2c7d0ba979bae0120b0153e3,0.282157676,2,6,9,4,0.112355,True,4e-06,True,0.315316,completed,completed,,,
Kubernetes,Kubernetes---kb_918_Normalized.json,outlines,Outlines,maskbench/data/Kubernetes---kb_918_Normalized.json,0.2.14,2432,242,0.000118,1.3e-05,2.2e-05,True,68,68,3d7c0f944bfba0e1e77cbfc886af6e444084911d2c7d0ba979bae0120b0153e3,0.280991736,2,6,9,4,0.113727,True,4e-06,True,0.314065,completed,completed,,,
Kubernetes,Kubernetes---kb_919_Normalized.json,outlines,Outlines,maskbench/data/Kubernetes---kb_919_Normalized.json,0.2.14,2596,231,0.00017,1.3e-05,2.7e-05,True,68,68,3d7c0f944bfba0e1e77cbfc886af6e444084911d2c7d0ba979bae0120b0153e3,0.294372294,2,6,9,4,0.11596,True,4e-06,True,0.316945,completed,completed,,,
Kubernetes,Kubernetes---kb_91_Normalized.json,outlines,Outlines,maskbench/data/Kubernetes---kb_91_Normalized.json,0.2.14,27387,20820,0.000273,0.000127,0.001136,True,850087,850087,4e1be60d4e44a9b7fca8d31fcc86767d4b6d70898cf983a1c1068bcb2041ba69,40.830307397,38604,51388,64129,24,55.879439,True,4e-06,True,56.145589,completed,completed,,,
Kubernetes,Kubernetes---kb_920_Normalized.json,outlines,Outlines,maskbench/data/Kubernetes---kb_920_Normalized.json,0.2.14,2430,242,0.000195,1.2e-05,2.1e-05,True,68,68,3d7c0f944bfba0e1e77cbfc886af6e444084911d2c7d0ba979bae0120b0153e3,0.280991736,2,6,9,4,0.122314,True,8e-06,True,0.322236,completed,completed,,,
Kubernetes,Kubernetes---kb_921_Normalized.json,outlines,Outlines,maskbench/data/Kubernetes---kb_921_Normalized.json,0.2.14,7140,1077,0.000479,2.1e-05,0.000109,True,456,456,046b2125dcc55e2aaece6a55c8763c361ce078d1a708212607729cd589abf411,0.423398329,11,26,41,8,0.763752,True,5e-06,True,0.975406,completed,completed,,,
Kubernetes,Kubernetes---kb_922_Normalized.json,outlines,Outlines,maskbench/data/Kubernetes---kb_922_Normalized.json,0.2.14,7207,1077,0.000168,2e-05,4e-05,True,456,456,046b2125dcc55e2aaece6a55c8763c361ce078d1a708212607729cd589abf411,0.423398329,11,26,41,8,0.772677,True,6e-06,True,0.969023,completed,completed,,,
Kubernetes,Kubernetes---kb_923_Normalized.json,outlines,Outlines,maskbench/data/Kubernetes---kb_923_Normalized.json,0.2.14,3963,655,9.9e-05,1.6e-05,2.7e-05,True,154,154,73ac1f1fd89d0042246d6aef45aa92d7dbbbf5f71beca7b2a3639b8e1a306b36,0.235114504,4,10,16,4,0.298824,True,5e-06,True,0.506515,completed,completed,,,
Kubernetes,Kubernetes---kb_924_Normalized.json,outlines,Outlines,maskbench/data/Kubernetes---kb_924_Normalized.json,0.2.14,5530,1065,0.000265,1.9e-05,5.3e-05,True,456,456,046b2125dcc55e2aaece6a55c8763c361ce078d1a708212607729cd589abf411,0.428169014,11,26,41,8,0.783681,True,4e-06,True,0.991984,completed,completed,,,
Kubernetes,Kubernetes---kb_925_Normalized.json,outlines,Outlines,maskbench/data/Kubernetes---kb_925_Normalized.json,0.2.14,4012,655,0.000321,1.6e-05,4.2e-05,True,154,154,73ac1f1fd89d0042246d6aef45aa92d7dbbbf5f71beca7b2a3639b8e1a306b36,0.235114504,4,10,16,4,0.291381,True,4e-06,True,0.489768,completed,completed,,,
Kubernetes,Kubernetes---kb_926_Normalized.json,outlines,Outlines,maskbench/data/Kubernetes---kb_926_Normalized.json,0.2.14,9980,2571,0.000226,4.2e-05,8.3e-05,True,2719,2719,11166d15a796718d2e081c9a8699aee11e313b6617d843064005892060e34f4e,1.05756515,54,95,228,9,1.967565,True,4e-06,True,2.189971,completed,completed,,,
Kubernetes,Kubernetes---kb_927_Normalized.json,outlines,Outlines,maskbench/data/Kubernetes---kb_927_Normalized.json,0.2.14,11910,2571,0.000132,3.2e-05,0.000208,True,2719,2719,11166d15a796718d2e081c9a8699aee11e313b6617d843064005892060e34f4e,1.05756515,54,95,228,9,2.012673,True,5e-06,True,2.237914,completed,completed,,,
Kubernetes,Kubernetes---kb_928_Normalized.json,outlines,Outlines,maskbench/data/Kubernetes---kb_928_Normalized.json,0.2.14,11124,2571,0.000276,4.2e-05,9e-05,True,2719,2719,11166d15a796718d2e081c9a8699aee11e313b6617d843064005892060e34f4e,1.05756515,54,95,228,9,1.952226,True,5e-06,True,2.186498,completed,completed,,,
Kubernetes,Kubernetes---kb_929_Normalized.json,outlines,Outlines,maskbench/data/Kubernetes---kb_929_Normalized.json,0.2.14,4809,837,0.000211,3.3e-05,4.2e-05,True,366,366,252f0e38f3d560b1b8ccf982f117df6626f2479e17dfd9ad7952cc0e35edec60,0.437275986,9,24,32,9,0.609943,True,4e-06,True,0.818577,completed,completed,,,
Kubernetes,Kubernetes---kb_92_Normalized.json,outlines,Outlines,maskbench/data/Kubernetes---kb_92_Normalized.json,0.2.14,35257,21143,0.00032,0.000128,0.001184,True,850101,850101,d1f1c1eb184b341ea0ead318178679b2aee7eb158993faa9edf7745498c508b0,40.207208059,38604,51388,64129,24,55.660899,True,5e-06,True,55.931896,completed,completed,,,
Kubernetes,Kubernetes---kb_930_Normalized.json,outlines,Outlines,maskbench/data/Kubernetes---kb_930_Normalized.json,0.2.14,4614,837,0.000207,2.3e-05,3.8e-05,True,366,366,252f0e38f3d560b1b8ccf982f117df6626f2479e17dfd9ad7952cc0e35edec60,0.437275986,9,24,32,9,0.612585,True,4e-06,True,0.821532,completed,completed,,,
Kubernetes,Kubernetes---kb_931_Normalized.json,outlines,Outlines,maskbench/data/Kubernetes---kb_931_Normalized.json,0.2.14,4708,1368,0.000181,2.4e-05,5.5e-05,True,669,669,8b2091aed33db70ee6778fc82005785f5a376ca1086372ab8d38be518afac1bd,0.489035088,9,26,56,11,1.256801,True,5e-06,True,1.45761,completed,completed,,,
Kubernetes,Kubernetes---kb_932_Normalized.json,outlines,Outlines,maskbench/data/Kubernetes---kb_932_Normalized.json,0.2.14,4758,1368,0.000182,2.1e-05,6.3e-05,True,669,669,8b2091aed33db70ee6778fc82005785f5a376ca1086372ab8d38be518afac1bd,0.489035088,9,26,56,11,1.282164,True,4e-06,True,1.482777,completed,completed,,,
Kubernetes,Kubernetes---kb_935_Normalized.json,outlines,Outlines,maskbench/data/Kubernetes---kb_935_Normalized.json,0.2.14,2263,512,0.000191,1.6e-05,2.8e-05,True,224,224,750fbc2bfe8fd61a7cc89d2f97fce00c24b9f9e603c358fe09e9f28b8e9ba5d3,0.4375,7,14,21,5,0.300038,True,4e-06,True,0.507391,completed,completed,,,
Kubernetes,Kubernetes---kb_936_Normalized.json,outlines,Outlines,maskbench/data/Kubernetes---kb_936_Normalized.json,0.2.14,1775,512,0.000189,1.5e-05,2.8e-05,True,224,224,750fbc2bfe8fd61a7cc89d2f97fce00c24b9f9e603c358fe09e9f28b8e9ba5d3,0.4375,7,14,21,5,0.281812,True,4e-06,True,0.48618,completed,completed,,,
Kubernetes,Kubernetes---kb_937_Normalized.json,outlines,Outlines,maskbench/data/Kubernetes---kb_937_Normalized.json,0.2.14,1893,523,0.000265,5.1e-05,3e-05,True,227,227,4f3a8ff2765dbfefad8804bd7990b11f2fefbf77f62602b2cc71390c193d9ed1,0.434034417,6,14,22,4,0.42023,True,4e-06,True,0.642159,completed,completed,,,
Kubernetes,Kubernetes---kb_938_Normalized.json,outlines,Outlines,maskbench/data/Kubernetes---kb_938_Normalized.json,0.2.14,3249,523,0.000195,1.6e-05,3.1e-05,True,227,227,4f3a8ff2765dbfefad8804bd7990b11f2fefbf77f62602b2cc71390c193d9ed1,0.434034417,6,14,22,4,0.444189,True,4e-06,True,0.647578,completed,completed,,,
Kubernetes,Kubernetes---kb_939_Normalized.json,outlines,Outlines,maskbench/data/Kubernetes---kb_939_Normalized.json,0.2.14,32607,19848,0.000304,0.000117,0.002681,True,2548244,2548244,a5686092600094806bcdd0e030882c3809e9de0ab8ac8c88c4c800f11e70284d,128.387948408,115814,154124,192183,25,58.25608,True,5e-06,True,58.644462,completed,completed,,,
Kubernetes,Kubernetes---kb_93_Normalized.json,outlines,Outlines,maskbench/data/Kubernetes---kb_93_Normalized.json,0.2.14,34768,21110,0.000303,0.000118,0.001191,True,850092,850092,9bedf129a1c96567bc9f8a566bd3e5a7accf9cb3f0d368131bc57a71565fe5e3,40.269635244,38604,51388,64129,24,55.934407,True,4e-06,True,56.223672,completed,completed,,,
Kubernetes,Kubernetes---kb_940_Normalized.json,outlines,Outlines,maskbench/data/Kubernetes---kb_940_Normalized.json,0.2.14,33457,19832,0.000388,0.000116,0.002648,True,2548296,2548296,ca9a7cc5185f3d856ae07c3ee6d01cc710a2efa0565ba930e91a24a1056d3043,128.494150867,115816,154127,192186,25,58.824393,True,5e-06,True,59.211538,completed,completed,,,
Kubernetes,Kubernetes---kb_941_Normalized.json,outlines,Outlines,maskbench/data/Kubernetes---kb_941_Normalized.json,0.2.14,7552,2238,0.000119,2.9e-05,7.8e-05,True,1528,1528,da2e28e4664a4f9b1cdb4d04154bf5f1b560870c3cd9cf9fb5a1df4bfaa26f89,0.682752458,29,67,157,9,1.095287,True,4e-06,True,1.301975,completed,completed,,,
Kubernetes,Kubernetes---kb_942_Normalized.json,outlines,Outlines,maskbench/data/Kubernetes---kb_942_Normalized.json,0.2.14,5901,2238,0.000203,2.8e-05,6.5e-05,True,1528,1528,da2e28e4664a4f9b1cdb4d04154bf5f1b560870c3cd9cf9fb5a1df4bfaa26f89,0.682752458,29,67,157,9,1.051577,True,5e-06,True,1.25698,completed,completed,,,
Kubernetes,Kubernetes---kb_943_Normalized.json,outlines,Outlines,maskbench/data/Kubernetes---kb_943_Normalized.json,0.2.14,2167,417,0.000188,2.3e-05,2.8e-05,True,256,256,d89cc0ae073225665de7cffa5cbc586d48e89ea39a9a7ec963a1c349dc1100e1,0.613908873,7,14,22,5,0.309795,True,4e-06,True,0.514093,completed,completed,,,
Kubernetes,Kubernetes---kb_944_Normalized.json,outlines,Outlines,maskbench/data/Kubernetes---kb_944_Normalized.json,0.2.14,2919,417,0.000193,1.5e-05,6.2e-05,True,256,256,d89cc0ae073225665de7cffa5cbc586d48e89ea39a9a7ec963a1c349dc1100e1,0.613908873,7,14,22,5,0.310759,True,4e-06,True,0.543639,completed,completed,,,
Kubernetes,Kubernetes---kb_945_Normalized.json,outlines,Outlines,maskbench/data/Kubernetes---kb_945_Normalized.json,0.2.14,7517,2757,0.000115,4.6e-05,7.5e-05,True,1772,1772,0a5a93cc8a152aca4b37e6c7460034fab56a46c11854001df30fd83efcc5098a,0.642727602,38,90,190,9,1.233012,True,4e-06,True,1.441395,completed,completed,,,
Kubernetes,Kubernetes---kb_946_Normalized.json,outlines,Outlines,maskbench/data/Kubernetes---kb_946_Normalized.json,0.2.14,7075,2757,0.000211,3.2e-05,7.9e-05,True,1772,1772,0a5a93cc8a152aca4b37e6c7460034fab56a46c11854001df30fd83efcc5098a,0.642727602,38,90,190,9,1.261354,True,4e-06,True,1.461462,completed,completed,,,
Kubernetes,Kubernetes---kb_947_Normalized.json,outlines,Outlines,maskbench/data/Kubernetes---kb_947_Normalized.json,0.2.14,21377,5609,0.000261,5.3e-05,0.000155,True,9104,9104,5c56f3e95de58444e033a015707f5d56fabfabffa07b37366516958c6ccb51ee,1.623105723,192,450,812,8,2.954787,True,4e-06,True,3.167573,completed,completed,,,
Kubernetes,Kubernetes---kb_948_Normalized.json,outlines,Outlines,maskbench/data/Kubernetes---kb_948_Normalized.json,0.2.14,19236,5609,0.00026,5.3e-05,0.000155,True,9104,9104,5c56f3e95de58444e033a015707f5d56fabfabffa07b37366516958c6ccb51ee,1.623105723,192,450,812,8,2.976518,True,4e-06,True,3.177078,completed,completed,,,
Kubernetes,Kubernetes---kb_949_Normalized.json,outlines,Outlines,maskbench/data/Kubernetes---kb_949_Normalized.json,0.2.14,27544,19107,0.000341,0.000124,0.000705,True,426526,426526,76aebe9698a5c5925e6d75cd61ee3054581cf3081e8972c5f663e9f277abee3a,22.323022976,19330,25728,32180,19,29.73523,True,6e-06,True,29.977943,completed,completed,,,
Kubernetes,Kubernetes---kb_94_Normalized.json,outlines,Outlines,maskbench/data/Kubernetes---kb_94_Normalized.json,0.2.14,34745,21063,0.000212,0.000124,0.001166,True,850110,850110,436dd64b611097dc6a68f9b961b00e9ea3820ea806f8d74d694cfd1fd719e155,40.360347529,38606,51391,64132,24,56.349167,True,4e-06,True,56.613008,completed,completed,,,
Kubernetes,Kubernetes---kb_950_Normalized.json,outlines,Outlines,maskbench/data/Kubernetes---kb_950_Normalized.json,0.2.14,27871,19157,0.000269,0.000126,0.00075,True,426531,426531,fd9b61320fb6b19dde44d3a5874d19fb67f197e8aa42262c17b96099d7baf8bb,22.265020619,19330,25728,32180,19,29.190004,True,4e-06,True,29.426741,completed,completed,,,
Kubernetes,Kubernetes---kb_951_Normalized.json,outlines,Outlines,maskbench/data/Kubernetes---kb_951_Normalized.json,0.2.14,27083,19115,0.000267,0.000111,0.000702,True,426555,426555,75c607a297cd0df037be2c61bcea1049510f90f8a5309bb1da0b9512590a8fe0,22.315197489,19332,25731,32183,19,29.03187,True,4e-06,True,29.262435,completed,completed,,,
Kubernetes,Kubernetes---kb_952_Normalized.json,outlines,Outlines,maskbench/data/Kubernetes---kb_952_Normalized.json,0.2.14,5911,2646,0.000207,4.5e-05,9.1e-05,True,2530,2530,579f0f11e4541e27efdc701972abad4d97173c8b88f33f7d5ddf4b375190f538,0.956160242,43,62,201,5,1.559689,True,4e-06,True,1.764332,completed,completed,,,
Kubernetes,Kubernetes---kb_953_Normalized.json,outlines,Outlines,maskbench/data/Kubernetes---kb_953_Normalized.json,0.2.14,64849,2666,0.000416,3.4e-05,9.2e-05,True,2530,2530,579f0f11e4541e27efdc701972abad4d97173c8b88f33f7d5ddf4b375190f538,0.948987247,43,62,201,5,1.585895,True,9e-06,True,1.795025,completed,completed,,,
Kubernetes,Kubernetes---kb_954_Normalized.json,outlines,Outlines,maskbench/data/Kubernetes---kb_954_Normalized.json,0.2.14,4910,2666,0.00027,3.1e-05,8.3e-05,True,2530,2530,579f0f11e4541e27efdc701972abad4d97173c8b88f33f7d5ddf4b375190f538,0.948987247,43,62,201,5,1.544706,True,8e-06,True,1.772822,completed,completed,,,
Kubernetes,Kubernetes---kb_955_Normalized.json,outlines,Outlines,maskbench/data/Kubernetes---kb_955_Normalized.json,0.2.14,34786,19752,0.00034,0.000123,0.000716,True,425872,425872,fec70512d05dbc9a27bb17f446a0f2d1cce07106ac258cfb483750748b3346c4,21.560955853,19310,25752,32132,19,29.819148,True,4e-06,True,30.056141,completed,completed,,,
Kubernetes,Kubernetes---kb_956_Normalized.json,outlines,Outlines,maskbench/data/Kubernetes---kb_956_Normalized.json,0.2.14,32417,19802,0.000285,0.000115,0.000717,True,425877,425877,71ba1b2b6793d328c7f09f95ee1569a8aba101ca0b49efced485810dcb941ad8,21.506766993,19310,25752,32132,19,30.301572,True,4e-06,True,30.527878,completed,completed,,,
Kubernetes,Kubernetes---kb_957_Normalized.json,outlines,Outlines,maskbench/data/Kubernetes---kb_957_Normalized.json,0.2.14,32654,19760,0.000309,0.000111,0.000712,True,425901,425901,912fb14530a1cff40e2b41586a225e1881576115dcd501778edcc7f747251901,21.553694332,19312,25755,32135,19,30.194532,True,4e-06,True,30.421277,completed,completed,,,
Kubernetes,Kubernetes---kb_958_Normalized.json,outlines,Outlines,maskbench/data/Kubernetes---kb_958_Normalized.json,0.2.14,2183,138,0.000228,1.2e-05,3e-05,True,93,93,ba834429b1bfb098cdc417293b61aa80a753fee48fc9131b2eec13aa21c8f394,0.673913043,2,5,8,4,0.167831,True,5e-06,True,0.372535,completed,completed,,,
Kubernetes,Kubernetes---kb_959_Normalized.json,outlines,Outlines,maskbench/data/Kubernetes---kb_959_Normalized.json,0.2.14,1195,138,0.000188,1.2e-05,2.3e-05,True,93,93,ba834429b1bfb098cdc417293b61aa80a753fee48fc9131b2eec13aa21c8f394,0.673913043,2,5,8,4,0.165933,True,4e-06,True,0.380769,completed,completed,,,
Kubernetes,Kubernetes---kb_95_Normalized.json,outlines,Outlines,maskbench/data/Kubernetes---kb_95_Normalized.json,0.2.14,36305,23441,0.000381,0.000161,0.001975,True,1730874,1730874,430669f0e83322844b461b0cecd4d668c40407f61c24f5dabf22dec30f8ac216,73.839597287,77622,103914,130807,25,66.655866,True,4e-06,True,67.003594,completed,completed,,,
Kubernetes,Kubernetes---kb_960_Normalized.json,outlines,Outlines,maskbench/data/Kubernetes---kb_960_Normalized.json,0.2.14,1195,138,0.000187,1.1e-05,2.3e-05,True,93,93,ba834429b1bfb098cdc417293b61aa80a753fee48fc9131b2eec13aa21c8f394,0.673913043,2,5,8,4,0.169331,True,4e-06,True,0.381129,completed,completed,,,
Kubernetes,Kubernetes---kb_961_Normalized.json,outlines,Outlines,maskbench/data/Kubernetes---kb_961_Normalized.json,0.2.14,2671,578,0.000194,1.9e-05,4e-05,True,836,836,8807002be2317601700dc14d0b044c6ea34c30428008923a8c9a39e9cb69feef,1.446366782,23,47,74,5,0.624166,True,4e-06,True,0.838441,completed,completed,,,
Kubernetes,Kubernetes---kb_962_Normalized.json,outlines,Outlines,maskbench/data/Kubernetes---kb_962_Normalized.json,0.2.14,2607,578,0.000127,1.7e-05,9.5e-05,True,836,836,8807002be2317601700dc14d0b044c6ea34c30428008923a8c9a39e9cb69feef,1.446366782,23,47,74,5,0.609814,True,4e-06,True,0.829694,completed,completed,,,
Kubernetes,Kubernetes---kb_963_Normalized.json,outlines,Outlines,maskbench/data/Kubernetes---kb_963_Normalized.json,0.2.14,5119,1318,0.000204,2.3e-05,6.1e-05,True,808,808,525d88a4c2ddd03a8d924eb06d7dec495ec25ca37f9b9ab04cbb2f0cc5658afe,0.613050076,15,22,66,4,0.852109,True,5e-06,True,1.050004,completed,completed,,,
Kubernetes,Kubernetes---kb_964_Normalized.json,outlines,Outlines,maskbench/data/Kubernetes---kb_964_Normalized.json,0.2.14,4380,1248,0.000194,2.3e-05,6.4e-05,True,808,808,525d88a4c2ddd03a8d924eb06d7dec495ec25ca37f9b9ab04cbb2f0cc5658afe,0.647435897,15,22,66,4,0.840662,True,4e-06,True,1.045961,completed,completed,,,
Kubernetes,Kubernetes---kb_965_Normalized.json,outlines,Outlines,maskbench/data/Kubernetes---kb_965_Normalized.json,0.2.14,5368,1248,0.000191,2.5e-05,5.3e-05,True,808,808,525d88a4c2ddd03a8d924eb06d7dec495ec25ca37f9b9ab04cbb2f0cc5658afe,0.647435897,15,22,66,4,0.785912,True,5e-06,True,0.998549,completed,completed,,,
Kubernetes,Kubernetes---kb_966_Normalized.json,outlines,Outlines,maskbench/data/Kubernetes---kb_966_Normalized.json,0.2.14,3183,597,0.000153,1.6e-05,2.6e-05,True,182,182,16cce178a1df41784aba8560cd38b356c2096b1bfb5e4e597157617ec9b4c69b,0.304857621,4,8,14,3,0.363514,True,4e-06,True,0.575336,completed,completed,,,
Kubernetes,Kubernetes---kb_967_Normalized.json,outlines,Outlines,maskbench/data/Kubernetes---kb_967_Normalized.json,0.2.14,2593,597,0.00017,1.6e-05,2.5e-05,True,182,182,16cce178a1df41784aba8560cd38b356c2096b1bfb5e4e597157617ec9b4c69b,0.304857621,4,8,14,3,0.359871,True,4e-06,True,0.569722,completed,completed,,,
Kubernetes,Kubernetes---kb_968_Normalized.json,outlines,Outlines,maskbench/data/Kubernetes---kb_968_Normalized.json,0.2.14,37508,28329,0.000316,0.000167,0.001284,True,1307028,1307028,9279bdd03c44d3ec5746c87952b6930c041b1e853abd5a5e32e4136babb19245,46.137456317,58417,78323,98998,20,45.324997,True,5e-06,True,45.637618,completed,completed,,,
Kubernetes,Kubernetes---kb_969_Normalized.json,outlines,Outlines,maskbench/data/Kubernetes---kb_969_Normalized.json,0.2.14,34977,28313,0.000299,0.000159,0.001324,True,1307288,1307288,a5d92a946368b06474bf10d6bb0b3f0e985cfaefe7be6d5d5f4526c2b760dde9,46.172712182,58427,78338,99013,20,46.89492,True,4e-06,True,47.19154,completed,completed,,,
Kubernetes,Kubernetes---kb_96_Normalized.json,outlines,Outlines,maskbench/data/Kubernetes---kb_96_Normalized.json,0.2.14,31570,23723,0.000288,0.000148,0.001976,True,1730880,1730880,ea9e4528703322601a66bce2654d8cf5e3db72f4031797111b818d8ef9ab1247,72.962104287,77622,103914,130807,25,67.728047,True,6e-06,True,68.057175,completed,completed,,,
Kubernetes,Kubernetes---kb_970_Normalized.json,outlines,Outlines,maskbench/data/Kubernetes---kb_970_Normalized.json,0.2.14,26265,18296,0.000271,0.000131,0.000945,True,852956,852956,abc6a077f92398312afbb58637a486e1685728c8cfe5d2142fd56c01a4d92fdc,46.619807608,38662,51502,64368,20,35.076127,True,6e-06,True,35.359884,completed,completed,,,
Kubernetes,Kubernetes---kb_971_Normalized.json,outlines,Outlines,maskbench/data/Kubernetes---kb_971_Normalized.json,0.2.14,27619,18280,0.000238,0.000127,0.000947,True,853268,853268,49a7b4ed92d4af5f2c5b1ec8adc3afdc822aa2043124e1c51c3226b3822606a8,46.677680525,38674,51520,64386,20,36.590133,True,5e-06,True,36.854203,completed,completed,,,
Kubernetes,Kubernetes---kb_972_Normalized.json,outlines,Outlines,maskbench/data/Kubernetes---kb_972_Normalized.json,0.2.14,42972,22329,0.000371,0.000127,0.001911,True,1706942,1706942,e659d1ffc067e2ec479d4b7b8462b7aa21f007e490d1429c981602379a86ace4,76.445071432,77330,102976,128791,25,58.523122,True,4e-06,True,58.852346,completed,completed,,,
Kubernetes,Kubernetes---kb_973_Normalized.json,outlines,Outlines,maskbench/data/Kubernetes---kb_973_Normalized.json,0.2.14,42287,22313,0.000256,0.000129,0.001902,True,1706994,1706994,74e0236c382c191b118e9b4ae0a6046ecb1070412718fb6420f6093724743b75,76.502218438,77332,102979,128794,25,60.822753,True,8e-06,True,61.132692,completed,completed,,,
Kubernetes,Kubernetes---kb_974_Normalized.json,outlines,Outlines,maskbench/data/Kubernetes---kb_974_Normalized.json,0.2.14,3018,465,0.000204,1.6e-05,3.9e-05,True,172,172,c05f8cbba16e50f5fa0dc151ebeac00be530047b627ed661ee10e6e4ef215cf9,0.369892473,4,8,14,3,0.329765,True,4e-06,True,0.531707,completed,completed,,,
Kubernetes,Kubernetes---kb_975_Normalized.json,outlines,Outlines,maskbench/data/Kubernetes---kb_975_Normalized.json,0.2.14,2967,465,0.000195,1.5e-05,2.9e-05,True,172,172,c05f8cbba16e50f5fa0dc151ebeac00be530047b627ed661ee10e6e4ef215cf9,0.369892473,4,8,14,3,0.329758,True,5e-06,True,0.541446,completed,completed,,,
Kubernetes,Kubernetes---kb_976_Normalized.json,outlines,Outlines,maskbench/data/Kubernetes---kb_976_Normalized.json,0.2.14,3978,1246,0.000407,2.2e-05,3.9e-05,True,248,248,44c6056e7da2c1dd9615a23d8d8800926cc645cd07fddfc8cd4f73db7d5dbf89,0.199036918,6,15,24,4,0.448997,True,4e-06,True,0.656314,completed,completed,,,
Kubernetes,Kubernetes---kb_977_Normalized.json,outlines,Outlines,maskbench/data/Kubernetes---kb_977_Normalized.json,0.2.14,3061,1246,0.000191,1.9e-05,4.4e-05,True,248,248,44c6056e7da2c1dd9615a23d8d8800926cc645cd07fddfc8cd4f73db7d5dbf89,0.199036918,6,15,24,4,0.459169,True,4e-06,True,0.677446,completed,completed,,,
Kubernetes,Kubernetes---kb_978_Normalized.json,outlines,Outlines,maskbench/data/Kubernetes---kb_978_Normalized.json,0.2.14,38608,32244,0.000252,0.000516,0.006315,True,2615305,2615305,e4094fd73473b3346e1ff0e270ad3128c82f8762f2ae3171f2b49e37809b7802,81.109818881,116858,156678,198089,25,63.538436,True,5e-06,True,63.959532,completed,completed,,,
Kubernetes,Kubernetes---kb_979_Normalized.json,outlines,Outlines,maskbench/data/Kubernetes---kb_979_Normalized.json,0.2.14,38583,32228,0.000321,0.000178,0.002965,True,2615357,2615357,2f13cb81bc582b32279b227f1121c1144dd689ce99617a234c0e6d54f046272a,81.151700385,116860,156681,198092,25,67.264462,True,4e-06,True,67.671247,completed,completed,,,
Kubernetes,Kubernetes---kb_97_Normalized.json,outlines,Outlines,maskbench/data/Kubernetes---kb_97_Normalized.json,0.2.14,37217,23820,0.000312,0.000232,0.001989,True,1730879,1730879,35515fe12ac8c262d0c1cdb1db172a619ad2ccd1b6cb0e20c1f03c4aea192d38,72.664945424,77622,103914,130807,25,66.480446,True,4e-06,True,66.844361,completed,completed,,,
Kubernetes,Kubernetes---kb_980_Normalized.json,outlines,Outlines,maskbench/data/Kubernetes---kb_980_Normalized.json,0.2.14,4649,2526,0.000201,3.1e-05,5.6e-05,True,498,498,84b53ed44765477615e815f1b463073aef741983e1b42e06a60a866c5798a81c,0.197149644,13,33,51,4,0.862125,True,4e-06,True,1.080417,completed,completed,,,
Kubernetes,Kubernetes---kb_981_Normalized.json,outlines,Outlines,maskbench/data/Kubernetes---kb_981_Normalized.json,0.2.14,5378,2526,0.000192,3.1e-05,6.9e-05,True,498,498,84b53ed44765477615e815f1b463073aef741983e1b42e06a60a866c5798a81c,0.197149644,13,33,51,4,0.865532,True,4e-06,True,1.076968,completed,completed,,,
Kubernetes,Kubernetes---kb_982_Normalized.json,outlines,Outlines,maskbench/data/Kubernetes---kb_982_Normalized.json,0.2.14,3707,738,0.000201,1.7e-05,4.3e-05,True,318,318,1d778c45f654ac26c31d19dc45c574a79ba47c7999e9cdfedf56b8dc321b37e3,0.430894309,8,19,31,4,0.539561,True,4e-06,True,0.748242,completed,completed,,,
Kubernetes,Kubernetes---kb_983_Normalized.json,outlines,Outlines,maskbench/data/Kubernetes---kb_983_Normalized.json,0.2.14,3056,738,0.000201,1.8e-05,3.8e-05,True,318,318,1d778c45f654ac26c31d19dc45c574a79ba47c7999e9cdfedf56b8dc321b37e3,0.430894309,8,19,31,4,0.547832,True,5e-06,True,0.754137,completed,completed,,,
Kubernetes,Kubernetes---kb_984_Normalized.json,outlines,Outlines,maskbench/data/Kubernetes---kb_984_Normalized.json,0.2.14,3661,735,0.000202,3.3e-05,4.2e-05,True,318,318,1d778c45f654ac26c31d19dc45c574a79ba47c7999e9cdfedf56b8dc321b37e3,0.432653061,8,19,31,4,0.557559,True,4e-06,True,0.796297,completed,completed,,,
Kubernetes,Kubernetes---kb_985_Normalized.json,outlines,Outlines,maskbench/data/Kubernetes---kb_985_Normalized.json,0.2.14,2264,735,0.000174,1.9e-05,4.2e-05,True,318,318,1d778c45f654ac26c31d19dc45c574a79ba47c7999e9cdfedf56b8dc321b37e3,0.432653061,8,19,31,4,0.545171,True,4e-06,True,0.763884,completed,completed,,,
Kubernetes,Kubernetes---kb_986_Normalized.json,outlines,Outlines,maskbench/data/Kubernetes---kb_986_Normalized.json,0.2.14,2415,541,8.9e-05,1.6e-05,4.2e-05,True,485,485,21f6b5533eeeb0678b0d9130fd1d3e491d6ba28ab9f3c59442772f83921b3edc,0.896487985,14,29,45,5,0.400058,True,5e-06,True,0.612782,completed,completed,,,
Kubernetes,Kubernetes---kb_987_Normalized.json,outlines,Outlines,maskbench/data/Kubernetes---kb_987_Normalized.json,0.2.14,2415,541,0.000172,2.8e-05,4.5e-05,True,485,485,21f6b5533eeeb0678b0d9130fd1d3e491d6ba28ab9f3c59442772f83921b3edc,0.896487985,14,29,45,5,0.407265,True,5e-06,True,0.62555,completed,completed,,,
Kubernetes,Kubernetes---kb_988_Normalized.json,outlines,Outlines,maskbench/data/Kubernetes---kb_988_Normalized.json,0.2.14,3642,738,0.000198,2e-05,3.6e-05,True,318,318,1d778c45f654ac26c31d19dc45c574a79ba47c7999e9cdfedf56b8dc321b37e3,0.430894309,8,19,31,4,0.5584,True,4e-06,True,0.786387,completed,completed,,,
Kubernetes,Kubernetes---kb_989_Normalized.json,outlines,Outlines,maskbench/data/Kubernetes---kb_989_Normalized.json,0.2.14,1874,541,0.000188,1.7e-05,3.7e-05,True,485,485,21f6b5533eeeb0678b0d9130fd1d3e491d6ba28ab9f3c59442772f83921b3edc,0.896487985,14,29,45,5,0.407838,True,6e-06,True,0.629762,completed,completed,,,
Kubernetes,Kubernetes---kb_98_Normalized.json,outlines,Outlines,maskbench/data/Kubernetes---kb_98_Normalized.json,0.2.14,37627,23773,0.000316,0.000133,0.001942,True,1730897,1730897,0915bcd7b4cc64ef42a6822a0228c1fc9d32c03b50785d2339c150aedac8cb06,72.809363564,77624,103917,130810,25,65.134276,True,4e-06,True,65.47277,completed,completed,,,
Kubernetes,Kubernetes---kb_990_Normalized.json,outlines,Outlines,maskbench/data/Kubernetes---kb_990_Normalized.json,0.2.14,18776,11473,0.000313,8.7e-05,0.000247,True,20292,20292,22e6cbbc15da8ee9e20f6343bc55cc45cf2905c712baf1c5e45a0b1b0141b6dc,1.768674279,453,1189,1891,11,5.171953,True,4e-06,True,5.395672,completed,completed,,,
Kubernetes,Kubernetes---kb_991_Normalized.json,outlines,Outlines,maskbench/data/Kubernetes---kb_991_Normalized.json,0.2.14,20943,11473,0.000243,9.6e-05,0.000232,True,20292,20292,22e6cbbc15da8ee9e20f6343bc55cc45cf2905c712baf1c5e45a0b1b0141b6dc,1.768674279,453,1189,1891,11,5.042803,True,4e-06,True,5.264899,completed,completed,,,
Kubernetes,Kubernetes---kb_992_Normalized.json,outlines,Outlines,maskbench/data/Kubernetes---kb_992_Normalized.json,0.2.14,4299,1490,0.000101,2.3e-05,5.8e-05,True,525,525,15e1317b4698a56f9c2205c0e1ffb7fbff6b515c985243f7fb3df5c9b1a8086a,0.352348993,8,16,47,8,0.754209,True,4e-06,True,0.980762,completed,completed,,,
Kubernetes,Kubernetes---kb_993_Normalized.json,outlines,Outlines,maskbench/data/Kubernetes---kb_993_Normalized.json,0.2.14,3667,1490,0.000196,7.4e-05,4.8e-05,True,525,525,15e1317b4698a56f9c2205c0e1ffb7fbff6b515c985243f7fb3df5c9b1a8086a,0.352348993,8,16,47,8,0.756444,True,4e-06,True,0.979311,completed,completed,,,
Kubernetes,Kubernetes---kb_994_Normalized.json,outlines,Outlines,maskbench/data/Kubernetes---kb_994_Normalized.json,0.2.14,1523,860,0.000187,1.8e-05,6.6e-05,True,93,93,24a53826624d44172dbae4834a7de8253fb352ea92c9f818d180b83e61c09ccc,0.108139535,1,4,12,3,0.212124,True,8e-06,True,0.441634,completed,completed,,,
Kubernetes,Kubernetes---kb_995_Normalized.json,outlines,Outlines,maskbench/data/Kubernetes---kb_995_Normalized.json,0.2.14,1700,860,0.000196,1.9e-05,3.1e-05,True,93,93,24a53826624d44172dbae4834a7de8253fb352ea92c9f818d180b83e61c09ccc,0.108139535,1,4,12,3,0.210546,True,5e-06,True,0.424704,completed,completed,,,
Kubernetes,Kubernetes---kb_996_Normalized.json,outlines,Outlines,maskbench/data/Kubernetes---kb_996_Normalized.json,0.2.14,197603,162027,0.000813,0.000782,0.003245,True,1806625,1806625,869c1a4007a1738b7f93b5c19900c5b09faccdf67bd195b32377576acfea4897,11.150147815,66319,92395,138660,20,93.28196,True,4e-06,True,93.63029,completed,completed,,,
Kubernetes,Kubernetes---kb_999_Normalized.json,outlines,Outlines,maskbench/data/Kubernetes---kb_999_Normalized.json,0.2.14,197390,162006,0.002117,0.000778,0.003231,True,1806860,1806860,d0bbbfda99bf784f6d70101b6d7de80a0500368de927999dab8e15221a306049,11.153043714,66329,92410,138675,20,96.111612,True,4e-06,True,96.454441,completed,completed,,,
Kubernetes,Kubernetes---kb_99_Normalized.json,outlines,Outlines,maskbench/data/Kubernetes---kb_99_Normalized.json,0.2.14,3143,700,0.000224,2.9e-05,3.6e-05,True,343,343,1332a138dea560879c8c40bc4ca86d3ccf107634e5d1d0d7a3fef85972336311,0.49,8,18,30,4,0.616021,True,4e-06,True,0.835686,completed,completed,,,
Kubernetes,Kubernetes---kb_9_Normalized.json,outlines,Outlines,maskbench/data/Kubernetes---kb_9_Normalized.json,0.2.14,1333,259,0.000148,2.2e-05,3.4e-05,True,85,85,7b8f6f6faf5e2a5a2c95251d921707e46bf8e02930c7127c917fbf29c0ba4842,0.328185328,2,4,7,3,0.150246,True,5e-06,True,0.36745,completed,completed,,,
